days_ahead,rmse_quarterly,rmse_linear,rmse_loess,rmse_daily,adjustment_ratio,rmse_daily_adjusted,rmse_combined
1,NA,0.36759818966643104,NA,0.06690878652528084,0.5601626298018769,0.0955562302311323,0.0955562302311323
2,NA,0.36759818966643104,NA,NA,0.5601626298018769,NA,0.36759818966643104
3,NA,0.36759818966643104,NA,NA,0.5601626298018769,NA,0.36759818966643104
4,NA,0.36759818966643104,NA,0.068526150726077,0.5601626298018769,0.097866079713763,0.097866079713763
5,NA,0.36759818966643104,NA,0.08020806277010693,0.5601626298018769,0.11454968040045886,0.11454968040045886
6,NA,0.36759818966643104,NA,0.08035338615557344,0.5601626298018769,0.11475722496374814,0.11475722496374814
7,NA,0.36759818966643104,NA,0.08275393818855006,0.5601626298018769,0.11818558937831206,0.11818558937831206
8,NA,0.36759818966643104,NA,0.08247221754425366,0.5601626298018769,0.11778324815908998,0.11778324815908998
9,NA,0.36759818966643104,NA,NA,0.5601626298018769,NA,0.36759818966643104
10,NA,0.36759818966643104,NA,NA,0.5601626298018769,NA,0.36759818966643104
11,NA,0.36759818966643104,NA,0.07244456008365517,0.5601626298018769,0.10346218220130532,0.10346218220130532
12,NA,0.36759818966643104,NA,0.08653515663205077,0.5601626298018769,0.1235857617458805,0.1235857617458805
13,NA,0.36759818966643104,NA,0.08645808232895394,0.5601626298018769,0.12347568756528178,0.12347568756528178
14,NA,0.36759818966643104,NA,0.08751190395216749,0.5601626298018769,0.12498070995292127,0.12498070995292127
15,NA,0.36759818966643104,NA,0.08491723912139379,0.5601626298018769,0.12127512205007757,0.12127512205007757
16,NA,0.36759818966643104,NA,NA,0.5601626298018769,NA,0.36759818966643104
17,NA,0.36759818966643104,NA,NA,0.5601626298018769,NA,0.36759818966643104
18,NA,0.36759818966643104,NA,0.07855669192470986,0.5601626298018769,0.1121912641012764,0.1121912641012764
19,NA,0.36759818966643104,NA,0.08657547285461326,0.5601626298018769,0.12364333962832759,0.12364333962832759
20,NA,0.36759818966643104,NA,0.08438194415868702,0.5601626298018769,0.12051063697488273,0.12051063697488273
21,NA,0.36759818966643104,NA,0.07817248556877415,0.5601626298018769,0.11164255722867178,0.11164255722867178
22,NA,0.36759818966643104,NA,0.08308630051538811,0.5601626298018769,0.11866025485459433,0.11866025485459433
23,NA,0.36759818966643104,NA,NA,0.5601626298018769,NA,0.36759818966643104
24,NA,0.36759818966643104,NA,NA,0.5601626298018769,NA,0.36759818966643104
25,NA,0.36759818966643104,NA,0.07006864765796195,0.5601626298018769,0.10006900700640374,0.10006900700640374
26,NA,0.36759818966643104,NA,0.07763237542601577,0.5601626298018769,0.1108711953219349,0.1108711953219349
27,NA,0.36759818966643104,NA,0.0798827265433528,0.5601626298018769,0.11408504929592522,0.11408504929592522
28,NA,0.36759818966643104,NA,0.08225341938181155,0.5601626298018769,0.11747077010246634,0.11747077010246634
29,NA,0.36759818966643104,NA,0.08147085368400167,0.5601626298018769,0.11635314367588852,0.11635314367588852
30,NA,0.36759818966643104,NA,NA,0.5601626298018769,NA,0.36759818966643104
31,NA,0.36759818966643104,NA,NA,0.5601626298018769,NA,0.36759818966643104
32,NA,0.36759818966643104,NA,0.06612488185244551,0.5601626298018769,0.09443669153843144,0.09443669153843144
33,NA,0.36759818966643104,NA,0.08770893422484012,0.5601626298018769,0.1252621000524248,0.1252621000524248
34,NA,0.36759818966643104,NA,0.08460693430998092,0.5601626298018769,0.12083195816172948,0.12083195816172948
35,NA,0.36759818966643104,NA,0.0823768019529785,0.5601626298018769,0.11764697974531323,0.11764697974531323
36,NA,0.36759818966643104,NA,0.08891439270876922,0.5601626298018769,0.12698368363518606,0.12698368363518606
37,NA,0.36759818966643104,NA,NA,0.5601626298018769,NA,0.36759818966643104
38,NA,0.36759818966643104,NA,NA,0.5601626298018769,NA,0.36759818966643104
39,NA,0.36759818966643104,NA,0.06941312425025843,0.5601626298018769,0.09913281687471234,0.09913281687471234
40,NA,0.36759818966643104,NA,0.08377798040058104,0.5601626298018769,0.11964808210103178,0.11964808210103178
41,NA,0.36759818966643104,NA,0.08273451516749106,0.5601626298018769,0.11815785026109765,0.11815785026109765
42,NA,0.36759818966643104,NA,0.08794275735629711,0.5601626298018769,0.1255960361188699,0.1255960361188699
43,NA,0.36759818966643104,NA,0.10710347261482099,0.5601626298018769,0.15296053955288272,0.15296053955288272
44,NA,0.36759818966643104,NA,NA,0.5601626298018769,NA,0.36759818966643104
45,NA,0.36759818966643104,NA,NA,0.5601626298018769,NA,0.36759818966643104
46,NA,0.36759818966643104,NA,0.10051948401512512,0.5601626298018769,0.14355757227243482,0.14355757227243482
47,NA,0.36759818966643104,NA,0.11488399946612904,0.5601626298018769,0.1640723509267474,0.1640723509267474
48,NA,0.36759818966643104,NA,0.11333420868009465,0.5601626298018769,0.16185900686760152,0.16185900686760152
49,NA,0.36759818966643104,NA,0.1229692179833185,0.5601626298018769,0.17561930973769002,0.17561930973769002
50,NA,0.36759818966643104,NA,0.11568635759385672,0.5601626298018769,0.16521824404426788,0.16521824404426788
51,NA,0.36759818966643104,NA,NA,0.5601626298018769,NA,0.36759818966643104
52,NA,0.36759818966643104,NA,NA,0.5601626298018769,NA,0.36759818966643104
53,NA,0.36759818966643104,NA,0.11162756955929205,0.5601626298018769,0.1594216588118682,0.1594216588118682
54,NA,0.36759818966643104,NA,0.11177145048203214,0.5601626298018769,0.1596271433123833,0.1596271433123833
55,NA,0.36759818966643104,NA,0.11235307866593705,0.5601626298018769,0.1604577994868027,0.1604577994868027
56,NA,0.36759818966643104,NA,0.11039323650779932,0.5601626298018769,0.15765883782264326,0.15765883782264326
57,NA,0.36759818966643104,NA,0.11390785749894597,0.5601626298018769,0.1626782672585408,0.1626782672585408
58,NA,0.36759818966643104,NA,NA,0.5601626298018769,NA,0.36759818966643104
59,NA,0.36759818966643104,NA,NA,0.5601626298018769,NA,0.36759818966643104
60,NA,0.36759818966643104,NA,0.0982435021479049,0.5601626298018769,0.14030711357186038,0.14030711357186038
61,NA,0.36759818966643104,NA,0.1122497216032177,0.5601626298018769,0.16031018940755706,0.16031018940755706
62,NA,0.36759818966643104,NA,0.10970842036963148,0.5601626298018769,0.15668081308234946,0.15668081308234946
63,NA,0.36759818966643104,NA,0.10896530411098801,0.5601626298018769,0.15561952663572404,0.15561952663572404
64,NA,0.36759818966643104,NA,0.10955877418080397,0.5601626298018769,0.15646709487857646,0.15646709487857646
65,NA,0.36759818966643104,NA,NA,0.5601626298018769,NA,0.36759818966643104
66,NA,0.36759818966643104,NA,NA,0.5601626298018769,NA,0.36759818966643104
67,NA,0.36759818966643104,NA,0.095286648878767935,0.5601626298018769,0.13608426383240843,0.13608426383240843
68,NA,0.36759818966643104,NA,0.12064410470470763,0.5601626298018769,0.17229868368388382,0.17229868368388382
69,NA,0.36759818966643104,NA,0.11847643928928263,0.5601626298018769,0.1692029178471779,0.1692029178471779
70,NA,0.36759818966643104,NA,0.12523103648856534,0.5601626298018769,0.17884954093829233,0.17884954093829233
71,NA,0.36759818966643104,NA,0.13048587088263816,0.5601626298018769,0.18635426776511602,0.18635426776511602
72,NA,0.36759818966643104,NA,NA,0.5601626298018769,NA,0.36759818966643104
73,NA,0.36759818966643104,NA,NA,0.5601626298018769,NA,0.36759818966643104
74,NA,0.36759818966643104,NA,0.11289744608862243,0.5601626298018769,0.16123524145629345,0.16123524145629345
75,NA,0.36759818966643104,NA,0.12063719713808517,0.5601626298018769,0.17228881859648962,0.17228881859648962
76,NA,0.36759818966643104,NA,0.13378465283183094,0.5601626298018769,0.19106544523207347,0.19106544523207347
77,NA,0.36759818966643104,NA,0.13453624047073695,0.5601626298018769,0.19213883013698485,0.19213883013698485
78,NA,0.36759818966643104,NA,0.1350712062922034,0.5601626298018769,0.1929028451469196,0.1929028451469196
79,NA,0.36759818966643104,NA,NA,0.5601626298018769,NA,0.36759818966643104
80,NA,0.36759818966643104,NA,NA,0.5601626298018769,NA,0.36759818966643104
81,NA,0.36759818966643104,NA,0.10766108438479388,0.5601626298018769,0.15375689652538568,0.15375689652538568
82,NA,0.36759818966643104,NA,0.1465207607587869,0.5601626298018769,0.20925460280791613,0.20925460280791613
83,NA,0.36759818966643104,NA,0.15475282711472718,0.5601626298018769,0.22101128334028491,0.22101128334028491
84,NA,0.36759818966643104,NA,0.1643826835973538,0.5601626298018769,0.2347642271752317,0.2347642271752317
85,NA,0.36759818966643104,NA,0.17743207956044257,0.5601626298018769,0.25340080915172547,0.25340080915172547
86,NA,0.36759818966643104,NA,NA,0.5601626298018769,NA,0.36759818966643104
87,NA,0.36759818966643104,NA,NA,0.5601626298018769,NA,0.36759818966643104
88,NA,0.36759818966643104,NA,0.15081190526357963,0.5601626298018769,0.21538302948473384,0.21538302948473384
89,NA,0.36759818966643104,NA,0.17187386363260773,0.5601626298018769,0.24546280596175798,0.24546280596175798
90,NA,0.36759818966643104,NA,0.20609463845525272,0.5601626298018769,0.2943354340194326,0.2943354340194326
91,0.36759818966643104,0.36759818966643104,0.408719491934019,0.17480465287476468,0.5601626298018769,0.24964843218704696,0.24964843218704696
92,NA,0.3696764643232087,0.4100378205063257,0.20316722933810732,0.5601626298018769,0.29015463514224826,0.29015463514224826
93,NA,0.3717547389799864,0.41135462900052294,NA,0.5601626298018769,NA,0.3717547389799864
94,NA,0.373833013636764,0.41266990850133367,NA,0.5601626298018769,NA,0.373833013636764
95,NA,0.3759112882935417,0.41398365009348104,0.14165233713350867,0.5601626298018769,0.2023017311006405,0.2023017311006405
96,NA,0.3779895629503194,0.4152958448616878,0.16899387140198124,0.5601626298018769,0.2413497258276618,0.2413497258276618
97,NA,0.38006783760709706,0.4166064838906773,0.16827379899607783,0.5601626298018769,0.24032134961319263,0.24032134961319263
98,NA,0.38214611226387474,0.4179155582651722,0.16117315444665828,0.5601626298018769,0.23018051668839581,0.23018051668839581
99,NA,0.3842243869206524,0.41922305906989554,0.13982131454109736,0.5601626298018769,0.1996867439594113,0.1996867439594113
100,NA,0.38630266157743004,0.42052897738957057,NA,0.5601626298018769,NA,0.38630266157743004
101,NA,0.3883809362342077,0.4218333043089201,NA,0.5601626298018769,NA,0.3883809362342077
102,NA,0.3904592108909854,0.423136030912667,0.09140989678787201,0.5601626298018769,0.13054765444842706,0.13054765444842706
103,NA,0.3925374855477631,0.4244371482855345,0.14778926438231815,0.5601626298018769,0.2110662247277574,0.2110662247277574
104,NA,0.39461576020454076,0.4257366475122455,0.16033818426480367,0.5601626298018769,0.22898804844802081,0.22898804844802081
105,NA,0.3966940348613184,0.42703451967752304,0.16953981833186169,0.5601626298018769,0.2421294235808997,0.2421294235808997
106,NA,0.39877230951809606,0.4283307558660901,0.17135945407242645,0.5601626298018769,0.24472814851363336,0.24472814851363336
107,NA,0.40085058417487374,0.4296253471626696,NA,0.5601626298018769,NA,0.40085058417487374
108,NA,0.4029288588316514,0.43091828465198456,NA,0.5601626298018769,NA,0.4029288588316514
109,NA,0.4050071334884291,0.4322095594187581,0.11067103018892077,0.5601626298018769,0.15805557072318638,0.15805557072318638
110,NA,0.4070854081452067,0.4334991625477132,0.16500000000000165,0.5601626298018769,0.23564585171754177,0.23564585171754177
111,NA,0.4091636828019844,0.43478708512357256,0.17011760637864823,0.5601626298018769,0.24295459543785258,0.24295459543785258
112,NA,0.4112419574587621,0.4360733182310596,0.16425019025864113,0.5601626298018769,0.23457500592888111,0.23457500592888111
113,NA,0.41332023211553975,0.43735785295489704,0.15959323293924516,0.5601626298018769,0.22792414123832783,0.22792414123832783
114,NA,0.41539850677231743,0.4386406803798079,NA,0.5601626298018769,NA,0.41539850677231743
115,NA,0.4174767814290951,0.43992179159051525,NA,0.5601626298018769,NA,0.4174767814290951
116,NA,0.41955505608587274,0.44120117767174216,0.1136606792166916,0.5601626298018769,0.16232525794431105,0.16232525794431105
117,NA,0.4216333307426504,0.4424788297082115,0.1846406983847302,0.5601626298018769,0.2636958462581276,0.2636958462581276
118,NA,0.4237116053994281,0.4437547387846463,0.1914908614007495,0.5601626298018769,0.27347895230851454,0.27347895230851454
119,NA,0.42578988005620577,0.4450288959857695,0.19435791725576881,0.5601626298018769,0.27757355727141025,0.27757355727141025
120,NA,0.42786815471298345,0.4463012923963043,0.18545552027373333,0.5601626298018769,0.26485953957953506,0.26485953957953506
121,NA,0.4299464293697611,0.4475719191009735,NA,0.5601626298018769,NA,0.4299464293697611
122,NA,0.43202470402653875,0.4488407671845,NA,0.5601626298018769,NA,0.43202470402653875
123,NA,0.43410297868331643,0.45010782773160707,0.15051194688079292,0.5601626298018769,0.2149546419175121,0.2149546419175121
124,NA,0.4361812533400941,0.45137309182701757,0.19795438237129534,0.5601626298018769,0.2827098729400203,0.2827098729400203
125,NA,0.4382595279968718,0.45263655055545454,0.226851640211541,0.5601626298018769,0.3239796846737539,0.3239796846737539
126,NA,0.44033780265364947,0.4538981950016409,0.21363666586052021,0.5601626298018769,0.3051066308169555,0.3051066308169555
127,NA,0.4424160773104271,0.4551580162502996,0.24310491562286515,0.5601626298018769,0.3471919084767916,0.3471919084767916
128,NA,0.44449435196720477,0.456416005386154,NA,0.5601626298018769,NA,0.44449435196720477
129,NA,0.44657262662398245,0.4576721534939266,NA,0.5601626298018769,NA,0.44657262662398245
130,NA,0.44865090128076013,0.4589264516583407,0.15940996976832586,0.5601626298018769,0.2276624127171173,0.2276624127171173
131,NA,0.4507291759375378,0.46017889096411924,0.20272254085678004,0.5601626298018769,0.2895195503184219,0.2895195503184219
132,NA,0.45280745059431543,0.4614294624959851,0.18808658245606058,0.5601626298018769,0.2686171086030279,0.2686171086030279
133,NA,0.4548857252510931,0.46267815733866147,0.19095156453928497,0.5601626298018769,0.27270875189488786,0.27270875189488786
134,NA,0.4569639999078708,0.4639249665768712,0.18115946014492493,0.5601626298018769,0.2587240926214574,0.2587240926214574
135,NA,0.45904227456464847,0.46516988129533743,NA,0.5601626298018769,NA,0.45904227456464847
136,NA,0.46112054922142615,0.466412892578783,NA,0.5601626298018769,NA,0.46112054922142615
137,NA,0.46319882387820377,0.46765399151193093,0.11421134255944551,0.5601626298018769,0.16311169147408602,0.16311169147408602
138,NA,0.46527709853498145,0.4688931691795043,0.17716282529545285,0.5601626298018769,0.2530162718753492,0.2530162718753492
139,NA,0.4673553731917591,0.47013041666622607,0.18746428231227974,0.5601626298018769,0.2677283664975419,0.2677283664975419
140,NA,0.4694336478485368,0.4713657250568192,0.18304826321674575,0.5601626298018769,0.26142159934015996,0.26142159934015996
141,NA,0.4715119225053145,0.4725990854360067,0.1989526146024293,0.5601626298018769,0.2841355049661868,0.2841355049661868
142,NA,0.47359019716209216,0.47383048888851165,NA,0.5601626298018769,NA,0.47359019716209216
143,NA,0.4756684718188698,0.4750599264990569,NA,0.5601626298018769,NA,0.4756684718188698
144,NA,0.47774674647564747,0.47628738935236553,0.12940693121372515,0.5601626298018769,0.18481337287279576,0.18481337287279576
145,NA,0.47982502113242514,0.4775128685331606,0.22064154710229195,0.5601626298018769,0.31511069873451625,0.31511069873451625
146,NA,0.4819032957892028,0.478736355126165,0.18672936872077128,0.5601626298018769,0.2666787947447552,0.2666787947447552
147,NA,0.4839815704459805,0.4799578402161018,0.18259244234086247,0.5601626298018769,0.2607706157127166,0.2607706157127166
148,NA,0.4860598451027581,0.481177314887694,0.18486481547336378,0.5601626298018769,0.26401592057470646,0.26401592057470646
149,NA,0.4881381197595358,0.4823947702256645,NA,0.5601626298018769,NA,0.4881381197595358
150,NA,0.4902163944163135,0.48361019731473637,NA,0.5601626298018769,NA,0.4902163944163135
151,NA,0.49229466907309116,0.48482358723963265,0.14311583719890342,0.5601626298018769,0.20439183849093517,0.20439183849093517
152,NA,0.49437294372986884,0.4860349310850761,0.20078751206188272,0.5601626298018769,0.286756026024655,0.286756026024655
153,NA,0.4964512183866465,0.48724421993579015,0.21156953151781338,0.5601626298018769,0.30215443910300566,0.30215443910300566
154,NA,0.4985294930434242,0.48845144487649733,0.20988091861815505,0.5601626298018769,0.29974283531536194,0.29974283531536194
155,NA,0.5006077677002019,0.48965659699192093,0.22219431248346655,0.5601626298018769,0.31732829098157317,0.31732829098157317
156,NA,0.5026860423569796,0.4908596673667838,NA,0.5601626298018769,NA,0.5026860423569796
157,NA,0.5047643170137571,0.49206064708580916,NA,0.5601626298018769,NA,0.5047643170137571
158,NA,0.5068425916705348,0.4932595272337197,0.17015224275420635,0.5601626298018769,0.2430040616088756,0.2430040616088756
159,NA,0.5089208663273125,0.4944562988952387,0.20586808073780397,0.5601626298018769,0.294011874102515,0.294011874102515
160,NA,0.5109991409840902,0.495650953155089,0.21218253597181083,0.5601626298018769,0.30302990550705944,0.30302990550705944
161,NA,0.5130774156408678,0.4968434810979936,0.25085520391918165,0.5601626298018769,0.3582605344564399,0.3582605344564399
162,NA,0.5151556902976455,0.49803387380867553,0.2122223676555645,0.5601626298018769,0.3030867913921714,0.3030867913921714
163,NA,0.5172339649544232,0.49922212237185765,NA,0.5601626298018769,NA,0.5172339649544232
164,NA,0.5193122396112009,0.5004082178722631,NA,0.5601626298018769,NA,0.5193122396112009
165,NA,0.5213905142679786,0.501592151394615,0.1539538428045431,0.5601626298018769,0.21987020856281658,0.21987020856281658
166,NA,0.5234687889247561,0.5027739140236361,0.24324627438051288,0.5601626298018769,0.34739379093038936,0.34739379093038936
167,NA,0.5255470635815338,0.5039534968440496,0.246503676443172,0.5601626298018769,0.3520458714360971,0.3520458714360971
168,NA,0.5276253382383115,0.5051308909405784,0.25424520644448845,0.5601626298018769,0.3631019891982613,0.3631019891982613
169,NA,0.5297036128950892,0.5063060873979455,0.234936161541812,0.5601626298018769,0.3355256477925437,0.3355256477925437
170,NA,0.5317818875518668,0.5074790773008738,NA,0.5601626298018769,NA,0.5317818875518668
171,NA,0.5338601622086445,0.5086498517340863,NA,0.5601626298018769,NA,0.5338601622086445
172,NA,0.5359384368654222,0.5098184017823062,0.217136669711345,0.5601626298018769,0.3101051846863026,0.3101051846863026
173,NA,0.5380167115221999,0.5109847185302565,0.2449161664150194,0.5601626298018769,0.34977865838946587,0.34977865838946587
174,NA,0.5400949861789776,0.5121487930626599,0.27424745516898924,0.5601626298018769,0.3916683342706919,0.3916683342706919
175,NA,0.5421732608357552,0.5133106164642396,0.24167939211159248,0.5601626298018769,0.3451560375558387,0.3451560375558387
176,NA,0.5442515354925329,0.5144701798197185,0.27022070751375077,0.5601626298018769,0.385917507719963,0.385917507719963
177,NA,0.5463298101493106,0.5156274742138198,NA,0.5601626298018769,NA,0.5463298101493106
178,NA,0.5484080848060882,0.5167824907312665,NA,0.5601626298018769,NA,0.5484080848060882
179,NA,0.5504863594628658,0.5179352204567812,0.20106487344469973,0.5601626298018769,0.28715214153548807,0.28715214153548807
180,NA,0.5525646341196435,0.5190856544750874,0.24103595858986143,0.5601626298018769,0.344237113675524,0.344237113675524
181,NA,0.5546429087764212,0.5202337838709077,0.24559451676832356,0.5601626298018769,0.3507474489759341,0.3507474489759341
182,NA,0.5567211834331989,0.5213795997289652,0.22547172771768964,0.5601626298018769,0.32200895343187946,0.32200895343187946
183,0.5587994580899766,0.5587994580899766,0.522523093133983,0.2441114184453162,0.5601626298018769,0.3486293522031709,0.3486293522031709
184,NA,0.559843419669867,0.5236644102490394,NA,0.5601626298018769,NA,0.559843419669867
185,NA,0.5608873812497575,0.5248037074966259,NA,0.5601626298018769,NA,0.5608873812497575
186,NA,0.5619313428296479,0.525940991350584,0.23933688152297591,0.5601626298018769,0.3418105654175847,0.3418105654175847
187,NA,0.5629753044095382,0.5270762682847563,0.28015769368934856,0.5601626298018769,0.40010908087665487,0.40010908087665487
188,NA,0.5640192659894286,0.5282095447729847,0.2942362995960907,0.5601626298018769,0.42021553590629024,0.42021553590629024
189,NA,0.5650632275693191,0.5293408272891112,0.2790997432221461,0.5601626298018769,0.398598161852904,0.398598161852904
190,NA,0.5661071891492095,0.5304701223069782,0.25410206048526773,0.5601626298018769,0.3628975543408038,0.3628975543408038
191,NA,0.5671511507290999,0.5315974363004274,NA,0.5601626298018769,NA,0.5671511507290999
192,NA,0.5681951123089903,0.5327227757433015,NA,0.5601626298018769,NA,0.5681951123089903
193,NA,0.5692390738888808,0.5338461471094421,0.223207676092617,0.5601626298018769,0.3187755329862872,0.3187755329862872
194,NA,0.5702830354687712,0.5349675568726914,0.21481655859396648,0.5601626298018769,0.30679170250246024,0.30679170250246024
195,NA,0.5713269970486616,0.5360870115068916,0.26403124815066964,0.5601626298018769,0.37707799000308817,0.37707799000308817
196,NA,0.5723709586285521,0.5372045174858849,0.2798269554564052,0.5601626298018769,0.39963673486091245,0.39963673486091245
197,NA,0.5734149202084425,0.5383200812835133,0.23178653972998733,0.5601626298018769,0.33102749437172213,0.33102749437172213
198,NA,0.5744588817883329,0.5394337093736187,NA,0.5601626298018769,NA,0.5744588817883329
199,NA,0.5755028433682233,0.5405454082300434,NA,0.5601626298018769,NA,0.5755028433682233
200,NA,0.5765468049481138,0.5416551843266296,0.21379507322044253,0.5601626298018769,0.3053328613457265,0.3053328613457265
201,NA,0.5775907665280042,0.5427630441372192,0.25560284133788647,0.5601626298018769,0.36504090453629906,0.36504090453629906
202,NA,0.5786347281078946,0.5438689941356545,0.25506126714967947,0.5601626298018769,0.36426745174327924,0.36426745174327924
203,NA,0.579678689687785,0.5449730407957775,0.276705748817352,0.5601626298018769,0.39517916275881476,0.39517916275881476
204,NA,0.5807226512676755,0.5460751905914303,0.266886367829706,0.5601626298018769,0.381155548236555,0.381155548236555
205,NA,0.5817666128475659,0.547175449996455,NA,0.5601626298018769,NA,0.5817666128475659
206,NA,0.5828105744274563,0.5482738254846937,NA,0.5601626298018769,NA,0.5828105744274563
207,NA,0.5838545360073468,0.5493703235299887,0.27350502737609605,0.5601626298018769,0.39060803106102476,0.39060803106102476
208,NA,0.5848984975872372,0.550464950606182,0.26729464747994647,0.5601626298018769,0.3817386355451602,0.3817386355451602
209,NA,0.5859424591671276,0.5515577131871153,0.312798428932848,0.5601626298018769,0.44672516485932834,0.44672516485932834
210,NA,0.586986420747018,0.5526486177466312,0.25840513595072795,0.5601626298018769,0.3690430202987627,0.3690430202987627
211,NA,0.5880303823269085,0.5537376707585717,0.27983094386228535,0.5601626298018769,0.3996424309294011,0.3996424309294011
212,NA,0.5890743439067989,0.5548248786967789,NA,0.5601626298018769,NA,0.5890743439067989
213,NA,0.5901183054866893,0.5559102480350949,NA,0.5601626298018769,NA,0.5901183054866893
214,NA,0.5911622670665798,0.5569937852473618,0.24635340468522146,0.5601626298018769,0.35183125982160407,0.35183125982160407
215,NA,0.5922062286464702,0.5580754968074215,0.23605790250134367,0.5601626298018769,0.33712766963384855,0.33712766963384855
216,NA,0.5932501902263606,0.5591553891891164,0.24029228996242147,0.5601626298018769,0.34317503835971364,0.34317503835971364
217,NA,0.594294151806251,0.5602334688662886,0.24604538876665308,0.5601626298018769,0.3513913648308549,0.3513913648308549
218,NA,0.5953381133861415,0.56130974231278,0.24381187577562788,0.5601626298018769,0.3482015583393863,0.3482015583393863
219,NA,0.5963820749660319,0.5623842160024329,NA,0.5601626298018769,NA,0.5963820749660319
220,NA,0.5974260365459223,0.5634568964090891,NA,0.5601626298018769,NA,0.5974260365459223
221,NA,0.5984699981258127,0.564527790006591,0.2515487740266032,0.5601626298018769,0.35925106123637435,0.35925106123637435
222,NA,0.5995139597057032,0.5655969032687806,0.2790833208918084,0.5601626298018769,0.39857470819217905,0.39857470819217905
223,NA,0.6005579212855936,0.5666642426695002,0.2722656266012497,0.5601626298018769,0.3888379725688548,0.3888379725688548
224,NA,0.601601882865484,0.5677298146825916,0.2751153604189732,0.5601626298018769,0.3929078389485259,0.3929078389485259
225,NA,0.6026458444453745,0.5687936257818971,0.27866710811084033,0.5601626298018769,0.3979802911299552,0.3979802911299552
226,NA,0.6036898060252649,0.5698556824412587,NA,0.5601626298018769,NA,0.6036898060252649
227,NA,0.6047337676051553,0.5709159911345186,NA,0.5601626298018769,NA,0.6047337676051553
228,NA,0.6057777291850457,0.5719745583355189,0.28131070773384076,0.5601626298018769,0.4017557655830588,0.4017557655830588
229,NA,0.6068216907649362,0.5730313905181017,0.24061219995925312,0.5601626298018769,0.34363191995775216,0.34363191995775216
230,NA,0.6078656523448266,0.5740864941561089,0.2907871091660425,0.5601626298018769,0.41528955156311026,0.41528955156311026
231,NA,0.608909613924717,0.5751398757233828,0.2824253219879535,0.5601626298018769,0.40334760937243397,0.40334760937243397
232,NA,0.6099535755046074,0.5761915416937656,0.225316017389594,0.5601626298018769,0.32178657468712,0.32178657468712
233,NA,0.6109975370844979,0.5772414985410992,NA,0.5601626298018769,NA,0.6109975370844979
234,NA,0.6120414986643883,0.5782897527392258,NA,0.5601626298018769,NA,0.6120414986643883
235,NA,0.6130854602442787,0.5793363107619874,0.24004860618910898,0.5601626298018769,0.34282701975176233,0.34282701975176233
236,NA,0.6141294218241692,0.5803811790832264,0.2929057015491522,0.5601626298018769,0.4183152334210507,0.4183152334210507
237,NA,0.6151733834040596,0.5814243641767847,0.27287245188915776,0.5601626298018769,0.38970461415559926,0.38970461415559926
238,NA,0.61621734498395,0.5824658725165043,0.2699044969984757,0.5601626298018769,0.3854659095612113,0.3854659095612113
239,NA,0.6172613065638404,0.5835057105762275,0.29042784531331434,0.5601626298018769,0.4147764664930045,0.4147764664930045
240,NA,0.6183052681437309,0.5845438848297962,NA,0.5601626298018769,NA,0.6183052681437309
241,NA,0.6193492297236213,0.5855804017510527,NA,0.5601626298018769,NA,0.6193492297236213
242,NA,0.6203931913035117,0.5866152678138391,0.26430332952878316,0.5601626298018769,0.37746656483994906,0.37746656483994906
243,NA,0.6214371528834021,0.5876484894919974,0.24738296896378004,0.5601626298018769,0.3533016389205064,0.3533016389205064
244,NA,0.6224811144632926,0.5886800732593698,0.3013276179398974,0.5601626298018769,0.4303430495482692,0.4303430495482692
245,NA,0.623525076043183,0.5897100255897983,0.2633845640340926,0.5601626298018769,0.3761544237640397,0.3761544237640397
246,NA,0.6245690376230734,0.5907383529571252,0.27549349659595795,0.5601626298018769,0.3934478766545306,0.3934478766545306
247,NA,0.6256129992029639,0.5917650618351924,NA,0.5601626298018769,NA,0.6256129992029639
248,NA,0.6266569607828543,0.5927901586978419,NA,0.5601626298018769,NA,0.6266569607828543
249,NA,0.6277009223627447,0.5938136500189163,0.2497298540423233,0.5601626298018769,0.3566533585157581,0.3566533585157581
250,NA,0.6287448839426351,0.5948355422722571,0.2280752799698673,0.5601626298018769,0.32572723396494324,0.32572723396494324
251,NA,0.6297888455225256,0.5958558419317067,0.20663978319771867,0.5601626298018769,0.2951139861233582,0.2951139861233582
252,NA,0.630832807102416,0.5968745554711075,0.23325951213187535,0.5601626298018769,0.33313112974262715,0.33313112974262715
253,NA,0.6318767686823064,0.5978916893643009,0.22216869394995342,0.5601626298018769,0.3172917037018795,0.3172917037018795
254,NA,0.6329207302621969,0.5989072500851296,NA,0.5601626298018769,NA,0.6329207302621969
255,NA,0.6339646918420873,0.5999212441074355,NA,0.5601626298018769,NA,0.6339646918420873
256,NA,0.6350086534219777,0.6009336779050608,0.21643210746757816,0.5601626298018769,0.3090989594134514,0.3090989594134514
257,NA,0.636052615001868,0.6019445579518474,0.2442266706702339,0.5601626298018769,0.348793950437735,0.348793950437735
258,NA,0.6370965765817586,0.6029538907216375,0.2417540072056729,0.5601626298018769,0.34526259960066025,0.34526259960066025
259,NA,0.638140538161649,0.6039616826882735,0.26941889032051686,0.5601626298018769,0.3847723871416517,0.3847723871416517
260,NA,0.6391844997415393,0.6049679403255971,0.24466175630858197,0.5601626298018769,0.34941532089724164,0.34941532089724164
261,NA,0.6402284613214297,0.6059726701074505,NA,0.5601626298018769,NA,0.6402284613214297
262,NA,0.6412724229013202,0.6069758785076756,NA,0.5601626298018769,NA,0.6412724229013202
263,NA,0.6423163844812106,0.6079775720001153,0.23965948065258447,0.5601626298018769,0.34227128751855407,0.34227128751855407
264,NA,0.643360346061101,0.6089777570586109,0.27210407016433946,0.5601626298018769,0.3886072446647568,0.3886072446647568
265,NA,0.6444043076409915,0.6099764401570047,0.26945546941934545,0.5601626298018769,0.38482462782588517,0.38482462782588517
266,NA,0.6454482692208819,0.6109736277691389,0.2823672254352481,0.5601626298018769,0.4032646383927727,0.4032646383927727
267,NA,0.6464922308007723,0.6119693263688556,0.2831708217414252,0.5601626298018769,0.40441229982311316,0.40441229982311316
268,NA,0.6475361923806627,0.612963542429997,NA,0.5601626298018769,NA,0.6475361923806627
269,NA,0.6485801539605532,0.6139562824264051,NA,0.5601626298018769,NA,0.6485801539605532
270,NA,0.6496241155404436,0.6149475528319218,0.3045257583522299,0.5601626298018769,0.43491049513236846,0.43491049513236846
271,NA,0.650668077120334,0.6159373601203896,0.317700068198503,0.5601626298018769,0.45372547370519145,0.45372547370519145
272,NA,0.6517120387002244,0.6169257107656504,0.3239753077010666,0.5601626298018769,0.4626874989010287,0.4626874989010287
273,NA,0.6527560002801149,0.6179126112415462,0.3022498966087499,0.5601626298018769,0.43166020798731575,0.43166020798731575
274,0.6537999618600053,0.6537999618600053,0.6188980680219193,0.29844790809478683,0.5601626298018769,0.42623037270493314,0.42623037270493314
275,NA,0.6544266649825744,0.6198815921918038,NA,0.5601626298018769,NA,0.6544266649825744
276,NA,0.6550533681051436,0.6208626965344032,NA,0.5601626298018769,NA,0.6550533681051436
277,NA,0.6556800712277127,0.6218413900708132,0.33844004885159185,0.5601626298018769,0.48334541555732735,0.48334541555732735
278,NA,0.6563067743502818,0.6228176818221298,0.33842679017431887,0.5601626298018769,0.48332648008885065,0.48332648008885065
279,NA,0.6569334774728509,0.6237915808094491,0.3113385081654157,0.5601626298018769,0.44464016926731803,0.44464016926731803
280,NA,0.6575601805954201,0.6247630960538665,0.3078529478501064,0.5601626298018769,0.43966224302965795,0.43966224302965795
281,NA,0.6581868837179892,0.6257322365764781,0.3195569850068477,0.5601626298018769,0.4563774418438036,0.4563774418438036
282,NA,0.6588135868405584,0.6266990113983799,NA,0.5601626298018769,NA,0.6588135868405584
283,NA,0.6594402899631274,0.6276634295406677,NA,0.5601626298018769,NA,0.6594402899631274
284,NA,0.6600669930856966,0.6286255000244374,0.31224239382249225,0.5601626298018769,0.44593105960378515,0.44593105960378515
285,NA,0.6606936962082657,0.6295852318707845,0.32449447863818376,0.5601626298018769,0.46342895634141645,0.46342895634141645
286,NA,0.6613203993308349,0.6305426341008055,0.2835548153943666,0.5601626298018769,0.4049607029225162,0.4049607029225162
287,NA,0.6619471024534039,0.6314977157355959,0.2844347464709597,0.5601626298018769,0.4062173823649192,0.4062173823649192
288,NA,0.662573805575973,0.6324504857962517,0.2974754891863648,0.5601626298018769,0.4248416061479552,0.4248416061479552
289,NA,0.6632005086985422,0.6334009533038686,NA,0.5601626298018769,NA,0.6632005086985422
290,NA,0.6638272118211113,0.6343491272795427,NA,0.5601626298018769,NA,0.6638272118211113
291,NA,0.6644539149436804,0.6352950167443697,0.28542366171476835,0.5601626298018769,0.40762970827342687,0.40762970827342687
292,NA,0.6650806180662495,0.6362386307194458,0.2933456436810788,0.5601626298018769,0.4189435397142887,0.4189435397142887
293,NA,0.6657073211888187,0.6371799782258665,0.3305055651141589,0.5601626298018769,0.47201372962856153,0.47201372962856153
294,NA,0.6663340243113878,0.6381190682847278,0.38120323856298666,0.5601626298018769,0.5444179504767234,0.5444179504767234
295,NA,0.666960727433957,0.6390559099171255,0.3642457961322267,0.5601626298018769,0.5202000658431016,0.5202000658431016
296,NA,0.667587430556526,0.6399905121441556,NA,0.5601626298018769,NA,0.667587430556526
297,NA,0.6682141336790952,0.6409228839869141,NA,0.5601626298018769,NA,0.6682141336790952
298,NA,0.6688408368016643,0.6418530344664967,0.35653891793182946,0.5601626298018769,0.5091934362817929,0.5091934362817929
299,NA,0.6694675399242335,0.6427809726039992,0.3615268546963932,0.5601626298018769,0.5163169914769374,0.5163169914769374
300,NA,0.6700942430468025,0.6437067074205176,0.37326503414368506,0.5601626298018769,0.5330809508313036,0.5330809508313036
301,NA,0.6707209461693716,0.6446302479371477,0.38431324029581343,0.5601626298018769,0.5488595202171779,0.5488595202171779
302,NA,0.6713476492919408,0.6455516031749855,0.37719137494557453,0.5601626298018769,0.5386883806639979,0.5386883806639979
303,NA,0.6719743524145099,0.6464707821551269,NA,0.5601626298018769,NA,0.6719743524145099
304,NA,0.672601055537079,0.6473877938986676,NA,0.5601626298018769,NA,0.672601055537079
305,NA,0.6732277586596481,0.6483026474267034,0.3941531005417394,0.5601626298018769,0.5629123823288916,0.5629123823288916
306,NA,0.6738544617822173,0.6492153517603305,0.4097996025934061,0.5601626298018769,0.5852580387068627,0.5852580387068627
307,NA,0.6744811649047864,0.6501259159206446,0.4127218018402771,0.5601626298018769,0.5894313970730279,0.5894313970730279
308,NA,0.6751078680273556,0.6510343489287417,0.3895510236156479,0.5601626298018769,0.5563398954384767,0.5563398954384767
309,NA,0.6757345711499246,0.6519406598057174,0.38720841564054026,0.5601626298018769,0.5529942842170552,0.5529942842170552
310,NA,0.6763612742724938,0.6528448575726677,NA,0.5601626298018769,NA,0.6763612742724938
311,NA,0.6769879773950629,0.6537469512506886,NA,0.5601626298018769,NA,0.6769879773950629
312,NA,0.6776146805176321,0.654646949860876,0.4355620342893599,0.5601626298018769,0.6220508275511535,0.6220508275511535
313,NA,0.6782413836402011,0.6555448624243255,0.4594056719595134,0.5601626298018769,0.6561032778955639,0.6561032778955639
314,NA,0.6788680867627702,0.6564406979621332,0.45497645150993504,0.5601626298018769,0.649777657136257,0.649777657136257
315,NA,0.6794947898853394,0.6573344654953951,0.4309234270726059,0.5601626298018769,0.6154261696822133,0.6154261696822133
316,NA,0.6801214930079085,0.6582261740452068,0.451973845640273,0.5601626298018769,0.6454894655148715,0.6454894655148715
317,NA,0.6807481961304777,0.6591158326326642,NA,0.5601626298018769,NA,0.6807481961304777
318,NA,0.6813748992530467,0.6600034502788633,NA,0.5601626298018769,NA,0.6813748992530467
319,NA,0.6820016023756159,0.6608890360049,0.4262628297189423,0.5601626298018769,0.6087701064524159,0.6087701064524159
320,NA,0.682628305498185,0.6617725988318701,0.4140220836070061,0.5601626298018769,0.5912884031602622,0.5912884031602622
321,NA,0.6832550086207542,0.6626541477808695,0.4417106896299131,0.5601626298018769,0.6308320707308035,0.6308320707308035
322,NA,0.6838817117433232,0.6635336918729939,0.4523048612385235,0.5601626298018769,0.6459622076517294,0.6459622076517294
323,NA,0.6845084148658924,0.6644112401293395,0.4333456605741676,0.5601626298018769,0.6188854986309059,0.6188854986309059
324,NA,0.6851351179884615,0.6652868015710021,NA,0.5601626298018769,NA,0.6851351179884615
325,NA,0.6857618211110307,0.6661603852190773,NA,0.5601626298018769,NA,0.6857618211110307
326,NA,0.6863885242335998,0.6670320000946611,0.4569007915656667,0.5601626298018769,0.652525916235815,0.652525916235815
327,NA,0.6870152273561688,0.6679016552188496,0.41373111739389296,0.5601626298018769,0.590872857820201,0.590872857820201
328,NA,0.687641930478738,0.6687693596127385,0.4142570802912477,0.5601626298018769,0.5916240152439526,0.5916240152439526
329,NA,0.6882686336013071,0.6696351222974237,0.3792509063931164,0.5601626298018769,0.541629714252453,0.541629714252453
330,NA,0.6888953367238763,0.6704989522940012,0.32842046221269516,0.5601626298018769,0.46903587599744556,0.46903587599744556
331,NA,0.6895220398464453,0.6713608586235665,NA,0.5601626298018769,NA,0.6895220398464453
332,NA,0.6901487429690145,0.6722208503072159,NA,0.5601626298018769,NA,0.6901487429690145
333,NA,0.6907754460915836,0.6730789363660452,0.31022572427186046,0.5601626298018769,0.4430509395195945,0.4430509395195945
334,NA,0.6914021492141528,0.67393512582115,0.30460630328343546,0.5601626298018769,0.4350255259136743,0.4350255259136743
335,NA,0.6920288523367218,0.6747894276936266,0.33038866001524236,0.5601626298018769,0.47184677083095966,0.47184677083095966
336,NA,0.692655555459291,0.6756418510045704,0.3544286146139198,0.5601626298018769,0.5061795925076645,0.5061795925076645
337,NA,0.6932822585818601,0.6764924047750775,0.363379475008074,0.5601626298018769,0.518962823545151,0.518962823545151
338,NA,0.6939089617044293,0.677341098026244,NA,0.5601626298018769,NA,0.6939089617044293
339,NA,0.6945356648269984,0.6781879397791655,NA,0.5601626298018769,NA,0.6945356648269984
340,NA,0.6951623679495674,0.6790329390549378,0.35089409608408445,0.5601626298018769,0.5011317462690315,0.5011317462690315
341,NA,0.6957890710721366,0.6798761048746571,0.36167895524438076,0.5601626298018769,0.5165342148901328,0.5165342148901328
342,NA,0.6964157741947057,0.6807174462594191,0.40079968140629135,0.5601626298018769,0.572404741170327,0.572404741170327
343,NA,0.6970424773172749,0.6815569722303195,0.4200366284394364,0.5601626298018769,0.5998781155222704,0.5998781155222704
344,NA,0.6976691804398439,0.6823946918084545,0.3752784680359758,0.5601626298018769,0.5359564498884297,0.5359564498884297
345,NA,0.6982958835624131,0.6832306140149199,NA,0.5601626298018769,NA,0.6982958835624131
346,NA,0.6989225866849822,0.6840647478708114,NA,0.5601626298018769,NA,0.6989225866849822
347,NA,0.6995492898075514,0.684897102397225,0.40948355976068984,0.5601626298018769,0.584806680025077,0.584806680025077
348,NA,0.70017599293012045,0.6857276866152564,0.4216400800954023,0.5601626298018769,0.6021680957111067,0.6021680957111067
349,NA,0.7008026960526896,0.6865565095460018,0.4059035504989984,0.5601626298018769,0.5796938658939984,0.5796938658939984
350,NA,0.7014293991752587,0.6873835802105569,0.3588125256612829,0.5601626298018769,0.5124405043416634,0.5124405043416634
351,NA,0.7020561022978279,0.6882089076300176,0.3617911789179742,0.5601626298018769,0.5166944878789013,0.5166944878789013
352,NA,0.702682805420397,0.6890325008254796,NA,0.5601626298018769,NA,0.702682805420397
353,NA,0.703309508542966,0.6898543688180393,NA,0.5601626298018769,NA,0.703309508542966
354,NA,0.7039362116655352,0.6906745206287921,0.3890513301609451,0.5601626298018769,0.5556262548946517,0.5556262548946517
355,NA,0.7045629147881043,0.6914929652788337,0.42725675340868924,0.5601626298018769,0.610189585206432,0.610189585206432
356,NA,0.7051896179106735,0.6923097117892607,0.4322687242908053,0.5601626298018769,0.6173474648870365,0.6173474648870365
357,NA,0.7058163210332425,0.6931247691811684,0.43136773755115254,0.5601626298018769,0.6160607146588446,0.6160607146588446
358,NA,0.7064430241558117,0.6939381464756527,0.46142171600391774,0.5601626298018769,0.6589825046588592,0.6589825046588592
359,NA,0.7070697272783808,0.6947498526938095,NA,0.5601626298018769,NA,0.7070697272783808
360,NA,0.70769643040095,0.695559896856735,NA,0.5601626298018769,NA,0.70769643040095
361,NA,0.708323133523519,0.6963682879855249,0.44407018964723655,0.5601626298018769,0.6342018064351049,0.6342018064351049
362,NA,0.7089498366460882,0.697175035101275,0.43766806295791427,0.5601626298018769,0.6250585664562629,0.6250585664562629
363,NA,0.7095765397686573,0.6979801472250811,0.4784648068861202,0.5601626298018769,0.6833227087002898,0.6833227087002898
364,NA,0.7102032428912265,0.6987836333780393,0.45680274736476756,0.5601626298018769,0.6523858937556524,0.6523858937556524
365,0.7108299460137956,0.7108299460137956,0.6995855025812453,0.464965948574015,0.5601626298018769,0.6640442240689539,0.6640442240689539
366,NA,0.7113733386080121,0.7003857638557952,NA,0.5601626298018769,NA,0.7113733386080121
367,NA,0.7119167312022286,0.7011844262227845,NA,0.5601626298018769,NA,0.7119167312022286
368,NA,0.7124601237964452,0.7019814987033093,0.4920298093950543,0.5601626298018769,0.7026956576079766,0.7026956576079766
369,NA,0.7130035163906617,0.7027769903184656,0.3888765871070146,0.5601626298018769,0.5553766944354083,0.5553766944354083
370,NA,0.7135469089848783,0.7035709100893491,0.41974880881307974,0.5601626298018769,0.5994670640010956,0.5994670640010956
371,NA,0.7140903015790948,0.7043632670370557,0.42800506227535695,0.5601626298018769,0.6112582875108786,0.6112582875108786
372,NA,0.7146336941733114,0.7051540701826814,0.39658962837337586,0.5601626298018769,0.5663921258205248,0.5663921258205248
373,NA,0.715177086767528,0.7059433285473219,NA,0.5601626298018769,NA,0.715177086767528
374,NA,0.7157204793617445,0.7067310511520732,NA,0.5601626298018769,NA,0.7157204793617445
375,NA,0.7162638719559611,0.7075172470180311,0.38921194418979593,0.5601626298018769,0.5558556368923872,0.5558556368923872
376,NA,0.7168072645501776,0.7083019251662915,0.40854352583292786,0.5601626298018769,0.5834641642944657,0.5834641642944657
377,NA,0.7173506571443942,0.7090850946179503,0.4107696029000513,0.5601626298018769,0.5866433511215638,0.5866433511215638
378,NA,0.7178940497386107,0.7098667643941035,0.3620082871979593,0.5601626298018769,0.5170045525186105,0.5170045525186105
379,NA,0.7184374423328272,0.7106469435158466,0.42047804427138097,0.5601626298018769,0.6005085264900292,0.6005085264900292
380,NA,0.7189808349270438,0.7114256410042757,NA,0.5601626298018769,NA,0.7189808349270438
381,NA,0.7195242275212603,0.712202865880487,NA,0.5601626298018769,NA,0.7195242275212603
382,NA,0.7200676201154769,0.7129786271655758,0.43655714729820166,0.5601626298018769,0.623472004839176,0.623472004839176
383,NA,0.7206110127096934,0.7137529338806384,0.3982628947483479,0.5601626298018769,0.5687818123664679,0.5687818123664679
384,NA,0.72115440530391,0.7145257950467705,0.394105608649801,0.5601626298018769,0.5628445564663128,0.5628445564663128
385,NA,0.7216977978981265,0.715297219685068,0.4270914923727032,0.5601626298018769,0.6099535665544281,0.6099535665544281
386,NA,0.722241190492343,0.7160672168166267,0.45216147558145736,0.5601626298018769,0.6457574304681934,0.6457574304681934
387,NA,0.7227845830865596,0.7168357954625425,NA,0.5601626298018769,NA,0.7227845830865596
388,NA,0.7233279756807762,0.7176029646439115,NA,0.5601626298018769,NA,0.7233279756807762
389,NA,0.7238713682749928,0.7183687333818293,0.43659859520311417,0.5601626298018769,0.6235311989413276,0.6235311989413276
390,NA,0.7244147608692093,0.7191331106973918,0.4630293228793974,0.5601626298018769,0.6612784191521888,0.6612784191521888
391,NA,0.7249581534634258,0.719896105611695,0.4426664335914476,0.5601626298018769,0.632197022851044,0.632197022851044
392,NA,0.7255015460576424,0.720657727145835,0.4393517952620654,0.5601626298018769,0.6274631999888448,0.6274631999888448
393,NA,0.7260449386518589,0.7214179843209072,0.4382778798890039,0.5601626298018769,0.6259294805781925,0.6259294805781925
394,NA,0.7265883312460755,0.7221768861580077,NA,0.5601626298018769,NA,0.7265883312460755
395,NA,0.727131723840292,0.7229344416782324,NA,0.5601626298018769,NA,0.727131723840292
396,NA,0.7276751164345086,0.7236906599026772,0.4608086835739352,0.5601626298018769,0.6581069983007155,0.6581069983007155
397,NA,0.7282185090287251,0.7244455498524378,0.47527999266597765,0.5601626298018769,0.6787742950065465,0.6787742950065465
398,NA,0.7287619016229416,0.7251991205486102,0.46031873015697855,0.5601626298018769,0.6574072680568328,0.6574072680568328
399,NA,0.7293052942171582,0.7259513810122904,0.450116651547129,0.5601626298018769,0.6428371013701218,0.6428371013701218
400,NA,0.7298486868113747,0.7267023402645741,0.47114886182606963,0.5601626298018769,0.6728743929136574,0.6728743929136574
401,NA,0.7303920794055913,0.7274520073265571,NA,0.5601626298018769,NA,0.7303920794055913
402,NA,0.7309354719998078,0.7282003912193356,NA,0.5601626298018769,NA,0.7309354719998078
403,NA,0.7314788645940244,0.7289475009640054,0.4733849737088546,0.5601626298018769,0.6760679110297456,0.6760679110297456
404,NA,0.732022257188241,0.7296933455816618,0.48671860453448873,0.5601626298018769,0.6951104249230414,0.6951104249230414
405,NA,0.7325656497824575,0.7304379340934014,0.5039717253973678,0.5601626298018769,0.7197505846837613,0.7197505846837613
406,NA,0.7331090423766741,0.7311812755203199,0.5134838118188348,0.5601626298018769,0.7333353344195035,0.7333353344195035
407,NA,0.7336524349708906,0.7319233788835129,0.5381086669995199,0.5601626298018769,0.7685034857678281,0.7685034857678281
408,NA,0.7341958275651072,0.7326642532040766,NA,0.5601626298018769,NA,0.7341958275651072
409,NA,0.7347392201593237,0.7334039075031067,NA,0.5601626298018769,NA,0.7347392201593237
410,NA,0.7352826127535402,0.7341423508016992,0.5131352769981813,0.5601626298018769,0.7328375720881936,0.7328375720881936
411,NA,0.7358260053477568,0.7348795921209499,0.4685438435550435,0.5601626298018769,0.6691540186759865,0.6691540186759865
412,NA,0.7363693979419733,0.7356156404819545,0.5182583011073407,0.5601626298018769,0.740154053176511,0.740154053176511
413,NA,0.7369127905361899,0.7363505049058091,0.5317961478397001,0.5601626298018769,0.7594882193805614,0.7594882193805614
414,NA,0.7374561831304064,0.7370841944136096,0.5057208433795969,0.5601626298018769,0.7222485992090755,0.7222485992090755
415,NA,0.7379995757246229,0.7378167180264518,NA,0.5601626298018769,NA,0.7379995757246229
416,NA,0.7385429683188395,0.7385480847654314,NA,0.5601626298018769,NA,0.7385429683188395
417,NA,0.739086360913056,0.7392783036516447,0.5522559792946277,0.5601626298018769,0.7887080642847657,0.7887080642847657
418,NA,0.7396297535072727,0.7400073837061872,0.5225418643515561,0.5601626298018769,0.7462716526254145,0.7462716526254145
419,NA,0.7401731461014892,0.7407353339501549,0.5109045287526831,0.5601626298018769,0.7296517140865098,0.7296517140865098
420,NA,0.7407165386957058,0.7414621634046438,0.46699839400152127,0.5601626298018769,0.6669468745770395,0.6669468745770395
421,NA,0.7412599312899223,0.7421878810907496,0.4981523554403509,0.5601626298018769,0.7114396126232722,0.7114396126232722
422,NA,0.7418033238841388,0.7429124960295683,NA,0.5601626298018769,NA,0.7418033238841388
423,NA,0.7423467164783554,0.7436360172421956,NA,0.5601626298018769,NA,0.7423467164783554
424,NA,0.7428901090725719,0.7443584537497275,0.46528385153581286,0.5601626298018769,0.6644982393065078,0.6644982393065078
425,NA,0.7434335016667885,0.7450798145732601,0.4571906969015598,0.5601626298018769,0.6529399464769906,0.6529399464769906
426,NA,0.743976894261005,0.7458001087338889,0.451038484262389,0.5601626298018769,0.6441536229175676,0.6441536229175676
427,NA,0.7445202868552215,0.7465193452527099,0.49175027537697735,0.5601626298018769,0.7022964392335901,0.7022964392335901
428,NA,0.7450636794494381,0.747237533150819,0.49751381890355634,0.5601626298018769,0.7105276824046921,0.7105276824046921
429,NA,0.7456070720436546,0.7479546814493121,NA,0.5601626298018769,NA,0.7456070720436546
430,NA,0.7461504646378712,0.748670799169285,NA,0.5601626298018769,NA,0.7461504646378712
431,NA,0.7466938572320877,0.7493858953318336,0.4789993576356705,0.5601626298018769,0.6840861309224959,0.6840861309224959
432,NA,0.7472372498263042,0.7500999789580538,0.5005957988698606,0.5601626298018769,0.7149292326721839,0.7149292326721839
433,NA,0.7477806424205208,0.7508130590690416,0.4692280895257661,0.5601626298018769,0.6701312291278363,0.6701312291278363
434,NA,0.7483240350147374,0.7515251446858927,0.4960666717863054,0.5601626298018769,0.7084609295864789,0.7084609295864789
435,NA,0.748867427608954,0.7522362448297032,0.4909302394434472,0.5601626298018769,0.7011252994396768,0.7011252994396768
436,NA,0.7494108202031705,0.7529463685215686,NA,0.5601626298018769,NA,0.7494108202031705
437,NA,0.749954212797387,0.753655524782585,NA,0.5601626298018769,NA,0.749954212797387
438,NA,0.7504976053916036,0.7543637226338483,0.4848883032891867,0.5601626298018769,0.6924964679785028,0.6924964679785028
439,NA,0.7510409979858201,0.7550709710964545,0.4862698153631721,0.5601626298018769,0.6944694836714262,0.6944694836714262
440,NA,0.7515843905800367,0.7557772791914991,0.48962449168433475,0.5601626298018769,0.6992604870589233,0.6992604870589233
441,NA,0.7521277831742532,0.7564826559400785,0.45907878771876814,0.5601626298018769,0.6556364359845127,0.6556364359845127
442,NA,0.7526711757684698,0.7571871103632881,0.46153186961104536,0.5601626298018769,0.6591398212683826,0.6591398212683826
443,NA,0.7532145683626863,0.7578906514822239,NA,0.5601626298018769,NA,0.7532145683626863
444,NA,0.7537579609569028,0.7585932883179819,NA,0.5601626298018769,NA,0.7537579609569028
445,NA,0.7543013535511194,0.7592950298916579,0.49200936402238815,0.5601626298018769,0.7026664584124882,0.7026664584124882
446,NA,0.7548447461453359,0.7599958852243477,0.5061302768486172,0.5601626298018769,0.7228333343516753,0.7228333343516753
447,NA,0.7553881387395525,0.7606958633371471,0.5268601965101053,0.5601626298018769,0.7524389075314785,0.7524389075314785
448,NA,0.755931531333769,0.7613949732511526,0.5517759207021152,0.5601626298018769,0.7880224654004814,0.7880224654004814
449,NA,0.7564749239279857,0.7620932239874592,0.5477724778591938,0.5601626298018769,0.7823049217730711,0.7823049217730711
450,NA,0.7570183165222022,0.7627906245671634,NA,0.5601626298018769,NA,0.7570183165222022
451,NA,0.7575617091164187,0.7634871840113608,NA,0.5601626298018769,NA,0.7575617091164187
452,NA,0.7581051017106353,0.7641829113411472,0.541930865055682,0.5601626298018769,0.7739621834428431,0.7739621834428431
453,NA,0.7586484943048518,0.7648778155776189,0.5405090193512045,0.5601626298018769,0.7719315650062217,0.7719315650062217
454,NA,0.7591918868990684,0.7655719057418714,0.5584590965325926,0.5601626298018769,0.7975670875868506,0.7975670875868506
455,NA,0.7597352794932849,0.7662651908550007,0.5693485861052083,0.5601626298018769,0.8131189848299312,0.8131189848299312
456,0.7602786720875014,0.7602786720875014,0.7669576799381026,0.5913694759985992,0.5601626298018769,0.8445682657663327,0.8445682657663327
457,NA,0.7608069929841957,0.7676475898884181,NA,0.5601626298018769,NA,0.7608069929841957
458,NA,0.76133531388089,0.7683331559076487,NA,0.5601626298018769,NA,0.76133531388089
459,NA,0.7618636347775843,0.7690144144735818,0.5837419699661831,0.5601626298018769,0.8336749920967002,0.8336749920967002
460,NA,0.7623919556742785,0.7696914020640041,0.501073846852937,0.5601626298018769,0.7156119600911772,0.7156119600911772
461,NA,0.7629202765709728,0.7703641551567029,0.545222759193761,0.5601626298018769,0.7786635240363678,0.7786635240363678
462,NA,0.7634485974676671,0.7710327102294651,0.5350916528250806,0.5601626298018769,0.7641947168297699,0.7641947168297699
463,NA,0.7639769183643614,0.7716971037600777,0.538545494828431,0.5601626298018769,0.7691273443484201,0.7691273443484201
464,NA,0.7645052392610557,0.7723573722263278,NA,0.5601626298018769,NA,0.7645052392610557
465,NA,0.76503356015775,0.7730135521060028,NA,0.5601626298018769,NA,0.76503356015775
466,NA,0.7655618810544443,0.7736656798768891,0.5223538756710546,0.5601626298018769,0.7460031753361416,0.7460031753361416
467,NA,0.7660902019511386,0.7743137920167741,0.5095291944530761,0.5601626298018769,0.7276875212233144,0.7276875212233144
468,NA,0.7666185228478328,0.7749579250034452,0.4986063911878121,0.5601626298018769,0.71208804680764,0.71208804680764
469,NA,0.7671468437445271,0.7755981153146886,0.44405195963664224,0.5601626298018769,0.6341757711237515,0.6341757711237515
470,NA,0.7676751646412214,0.7762343994282921,0.5096024360785009,0.5601626298018769,0.7277921217397046,0.7277921217397046
471,NA,0.7682034855379157,0.7768668138220424,NA,0.5601626298018769,NA,0.7682034855379157
472,NA,0.76873180643461,0.7774953949737268,NA,0.5601626298018769,NA,0.76873180643461
473,NA,0.7692601273313043,0.778120179361132,0.4671883988285662,0.5601626298018769,0.6672182312394604,0.6672182312394604
474,NA,0.7697884482279986,0.7787412034620453,0.46273136105088003,0.5601626298018769,0.660852882977278,0.660852882977278
475,NA,0.7703167691246929,0.7793585037542536,0.4305996649192521,0.5601626298018769,0.6149637866011166,0.6149637866011166
476,NA,0.7708450900213871,0.7799721167155442,0.48259886724552786,0.5601626298018769,0.689226794606013,0.689226794606013
477,NA,0.7713734109180814,0.7805820788237038,0.49729099462320103,0.5601626298018769,0.7102094544208879,0.7102094544208879
478,NA,0.7719017318147757,0.7811884265565197,NA,0.5601626298018769,NA,0.7719017318147757
479,NA,0.77243005271147,0.7817911963917787,NA,0.5601626298018769,NA,0.77243005271147
480,NA,0.7729583736081643,0.7823904248072683,0.49762268169099083,0.5601626298018769,0.7106831555214517,0.7106831555214517
481,NA,0.7734866945048586,0.7829861482807751,0.5170469030948741,0.5601626298018769,0.7384239870164101,0.7384239870164101
482,NA,0.7740150154015529,0.7835784032900863,0.5106286974570331,0.5601626298018769,0.7292577837798806,0.7292577837798806
483,NA,0.7745433362982471,0.7841672263129891,0.518714757839026,0.5601626298018769,0.7408059449056634,0.7408059449056634
484,NA,0.7750716571949414,0.7847526538272703,0.5200817243472409,0.5601626298018769,0.7427581872517098,0.7427581872517098
485,NA,0.7755999780916357,0.785334722310717,NA,0.5601626298018769,NA,0.7755999780916357
486,NA,0.77612829898833,0.7859134682411164,NA,0.5601626298018769,NA,0.77612829898833
487,NA,0.7766566198850243,0.7864889280962556,0.5546440299868012,0.5601626298018769,0.7921185748259894,0.7921185748259894
488,NA,0.7771849407817186,0.7870611383539213,0.5589931424743353,0.5601626298018769,0.7983297888644157,0.7983297888644157
489,NA,0.7777132616784129,0.787630135491901,0.5351308251259684,0.5601626298018769,0.7642506610128392,0.7642506610128392
490,NA,0.7782415825751072,0.7881959559879812,0.4865045392045856,0.5601626298018769,0.6948047060928098,0.6948047060928098
491,NA,0.7787699034718014,0.7887586363199495,0.4891159116201403,0.5601626298018769,0.6985341550444163,0.6985341550444163
492,NA,0.7792982243684957,0.7893182129655926,NA,0.5601626298018769,NA,0.7792982243684957
493,NA,0.77982654526519,0.7898747224026976,NA,0.5601626298018769,NA,0.77982654526519
494,NA,0.7803548661618843,0.7904282011090517,0.4961367419035471,0.5601626298018769,0.7085610006922811,0.7085610006922811
495,NA,0.7808831870585786,0.7909786855624418,0.5191804439049422,0.5601626298018769,0.741471017570123,0.741471017570123
496,NA,0.7814115079552729,0.791526212240655,0.5424819505445927,0.5601626298018769,0.7747492198634705,0.7747492198634705
497,NA,0.7819398288519672,0.7920708176214784,0.550040907569609,0.5601626298018769,0.785544594810478,0.785544594810478
498,NA,0.7824681497486615,0.792612538182699,0.5922077338231913,0.5601626298018769,0.8457654292756349,0.8457654292756349
499,NA,0.7829964706453557,0.7931514104021037,NA,0.5601626298018769,NA,0.7829964706453557
500,NA,0.78352479154205,0.7936874707574799,NA,0.5601626298018769,NA,0.78352479154205
501,NA,0.7840531124387443,0.7942207557266143,0.5725061862838977,0.5601626298018769,0.8176285326086626,0.8176285326086626
502,NA,0.7845814333354386,0.7947513017872941,0.5294319732370855,0.5601626298018769,0.7561118076360638,0.7561118076360638
503,NA,0.7851097542321329,0.7952791454173064,0.5790145183844697,0.5601626298018769,0.8269234505547227,0.8269234505547227
504,NA,0.7856380751288272,0.7958043230944384,0.5582114294781144,0.5601626298018769,0.7972133802293058,0.7972133802293058
505,NA,0.7861663960255215,0.7963268712964766,0.5611520887127357,0.5601626298018769,0.8014131023502353,0.8014131023502353
506,NA,0.7866947169222157,0.7968468265012084,NA,0.5601626298018769,NA,0.7866947169222157
507,NA,0.78722303781891,0.797364225186421,NA,0.5601626298018769,NA,0.78722303781891
508,NA,0.7877513587156043,0.7978791038299013,0.566937680290641,0.5601626298018769,0.8096758335930554,0.8096758335930554
509,NA,0.7882796796122986,0.7983914989094363,0.5068497476241516,0.5601626298018769,0.7238608513437157,0.7238608513437157
510,NA,0.7888080005089929,0.7989014469028131,0.5643184891024365,0.5601626298018769,0.8059352182090826,0.8059352182090826
511,NA,0.7893363214056872,0.7994089842878186,0.5050652523099451,0.5601626298018769,0.721312312445521,0.721312312445521
512,NA,0.7898646423023815,0.7999141475422401,0.5912997688708039,0.5601626298018769,0.8444687130663321,0.8444687130663321
513,NA,0.7903929631990758,0.8004169731438647,NA,0.5601626298018769,NA,0.7903929631990758
514,NA,0.79092128409577,0.800917497570479,NA,0.5601626298018769,NA,0.79092128409577
515,NA,0.7914496049924643,0.8014157572998704,0.5677946060111738,0.5601626298018769,0.8108996577825925,0.8108996577825925
516,NA,0.7919779258891586,0.8019117888098259,0.5482366838678903,0.5601626298018769,0.7829678806839296,0.7829678806839296
517,NA,0.7925062467858529,0.8024056285781326,0.5020520391353871,0.5601626298018769,0.7170089719308225,0.7170089719308225
518,NA,0.7930345676825472,0.8028973130825775,0.5466831806448773,0.5601626298018769,0.7807492346831246,0.7807492346831246
519,NA,0.7935628885792415,0.8033868788009474,0.5736149326064404,0.5601626298018769,0.8192119960723855,0.8192119960723855
520,NA,0.7940912094759358,0.8038743622110297,NA,0.5601626298018769,NA,0.7940912094759358
521,NA,0.7946195303726301,0.8043597997906113,NA,0.5601626298018769,NA,0.7946195303726301
522,NA,0.7951478512693243,0.8048432280174793,0.5721691183557536,0.5601626298018769,0.8171471467964555,0.8171471467964555
523,NA,0.7956761721660186,0.8053246833694206,0.5176120383281506,0.5601626298018769,0.7392310886732649,0.7392310886732649
524,NA,0.7962044930627129,0.8058042023242227,0.5445017381580555,0.5601626298018769,0.7776337930299128,0.7776337930299128
525,NA,0.7967328139594072,0.806281821359672,0.5732831511814827,0.5601626298018769,0.8187381602150023,0.8187381602150023
526,NA,0.7972611348561015,0.806757576953556,0.5715205283152255,0.5601626298018769,0.8162208585993902,0.8162208585993902
527,NA,0.7977894557527958,0.8072315055836614,NA,0.5601626298018769,NA,0.7977894557527958
528,NA,0.7983177766494901,0.8077036437277757,NA,0.5601626298018769,NA,0.7983177766494901
529,NA,0.7988460975461843,0.8081740278636858,0.6261888692718831,0.5601626298018769,0.894295814761308,0.894295814761308
530,NA,0.7993744184428786,0.8086426944691785,0.7157932662438229,0.5601626298018769,1.022264932592152,1.022264932592152
531,NA,0.7999027393395729,0.8091096800220409,0.7364034220452804,0.5601626298018769,1.0516994642155801,1.0516994642155801
532,NA,0.8004310602362672,0.8095750210000603,0.790189850605536,0.5601626298018769,1.1285149112999802,1.1285149112999802
533,NA,0.8009593811329615,0.8100387538810236,0.7962882643867111,0.5601626298018769,1.1372244016611377,1.1372244016611377
534,NA,0.8014877020296558,0.8105009151427177,NA,0.5601626298018769,NA,0.8014877020296558
535,NA,0.8020160229263501,0.8109615412629301,NA,0.5601626298018769,NA,0.8020160229263501
536,NA,0.8025443438230444,0.8114206687194474,0.8030826026422605,0.5601626298018769,1.1469277812071137,1.1469277812071137
537,NA,0.8030726647197386,0.8118783339900567,1.2999999999999998,0.5601626298018769,1.8566036801987948,1.8566036801987948
538,NA,0.8036009856164329,0.8123345735525453,1.2199999999999998,0.5601626298018769,1.7423511460327152,1.7423511460327152
539,NA,0.8041293065131272,0.8127894238847001,1.0949999999999998,0.5601626298018769,1.5638315613982157,1.5638315613982157
540,NA,0.8046576274098215,0.813242921464308,NA,0.5601626298018769,NA,0.8046576274098215
541,NA,0.8051859483065158,0.8136951027691564,NA,0.5601626298018769,NA,0.8051859483065158
542,NA,0.8057142692032101,0.8141460042770321,NA,0.5601626298018769,NA,0.8057142692032101
543,NA,0.8062425900999044,0.8145956624657222,NA,0.5601626298018769,NA,0.8062425900999044
544,NA,0.8067709109965987,0.8150441138130138,NA,0.5601626298018769,NA,0.8067709109965987
545,NA,0.8072992318932929,0.8154913947966937,NA,0.5601626298018769,NA,0.8072992318932929
546,NA,0.8078275527899872,0.8159375418945493,NA,0.5601626298018769,NA,0.8078275527899872
547,NA,0.8083558736866815,0.8163825915843673,NA,0.5601626298018769,NA,0.8083558736866815
548,0.8088841945833758,0.8088841945833758,0.8168265803439352,NA,0.5601626298018769,NA,0.8088841945833758
549,NA,0.8094043718190922,0.8172695446510395,NA,0.5601626298018769,NA,0.8094043718190922
550,NA,0.8099245490548085,0.8177115209834679,NA,0.5601626298018769,NA,0.8099245490548085
551,NA,0.8104447262905249,0.8181525458190068,NA,0.5601626298018769,NA,0.8104447262905249
552,NA,0.8109649035262412,0.8185926556354437,NA,0.5601626298018769,NA,0.8109649035262412
553,NA,0.8114850807619576,0.8190318869105653,NA,0.5601626298018769,NA,0.8114850807619576
554,NA,0.8120052579976739,0.819470276122159,NA,0.5601626298018769,NA,0.8120052579976739
555,NA,0.8125254352333903,0.8199078597480115,NA,0.5601626298018769,NA,0.8125254352333903
556,NA,0.8130456124691066,0.8203446742659102,NA,0.5601626298018769,NA,0.8130456124691066
557,NA,0.813565789704823,0.820780756153642,NA,0.5601626298018769,NA,0.813565789704823
558,NA,0.8140859669405393,0.8212161418889938,NA,0.5601626298018769,NA,0.8140859669405393
559,NA,0.8146061441762557,0.8216508679497528,NA,0.5601626298018769,NA,0.8146061441762557
560,NA,0.8151263214119719,0.8220849708137061,NA,0.5601626298018769,NA,0.8151263214119719
561,NA,0.8156464986476883,0.8225184869586407,NA,0.5601626298018769,NA,0.8156464986476883
562,NA,0.8161666758834047,0.8229514528623436,NA,0.5601626298018769,NA,0.8161666758834047
563,NA,0.816686853119121,0.823383905002602,NA,0.5601626298018769,NA,0.816686853119121
564,NA,0.8172070303548374,0.8238158798572024,NA,0.5601626298018769,NA,0.8172070303548374
565,NA,0.8177272075905537,0.8242474139039326,NA,0.5601626298018769,NA,0.8177272075905537
566,NA,0.8182473848262701,0.8246785436205792,NA,0.5601626298018769,NA,0.8182473848262701
567,NA,0.8187675620619864,0.8251093054849294,NA,0.5601626298018769,NA,0.8187675620619864
568,NA,0.8192877392977028,0.8255397359747704,NA,0.5601626298018769,NA,0.8192877392977028
569,NA,0.8198079165334191,0.8259698715678888,NA,0.5601626298018769,NA,0.8198079165334191
570,NA,0.8203280937691355,0.826399748742072,NA,0.5601626298018769,NA,0.8203280937691355
571,NA,0.8208482710048518,0.8268294039751071,NA,0.5601626298018769,NA,0.8208482710048518
572,NA,0.8213684482405682,0.8272588737447807,NA,0.5601626298018769,NA,0.8213684482405682
573,NA,0.8218886254762845,0.8276881945288805,NA,0.5601626298018769,NA,0.8218886254762845
574,NA,0.8224088027120009,0.828117402805193,NA,0.5601626298018769,NA,0.8224088027120009
575,NA,0.8229289799477173,0.8285465350515056,NA,0.5601626298018769,NA,0.8229289799477173
576,NA,0.8234491571834336,0.8289756277456051,NA,0.5601626298018769,NA,0.8234491571834336
577,NA,0.82396933441915,0.8294047173652787,NA,0.5601626298018769,NA,0.82396933441915
578,NA,0.8244895116548663,0.8298338403883134,NA,0.5601626298018769,NA,0.8244895116548663
579,NA,0.8250096888905827,0.8302630332924963,NA,0.5601626298018769,NA,0.8250096888905827
580,NA,0.825529866126299,0.8306923325556141,NA,0.5601626298018769,NA,0.825529866126299
581,NA,0.8260500433620154,0.8311217746554546,NA,0.5601626298018769,NA,0.8260500433620154
582,NA,0.8265702205977317,0.8315513960698041,NA,0.5601626298018769,NA,0.8265702205977317
583,NA,0.8270903978334481,0.8319812332764499,NA,0.5601626298018769,NA,0.8270903978334481
584,NA,0.8276105750691644,0.8324113227531793,NA,0.5601626298018769,NA,0.8276105750691644
585,NA,0.8281307523048808,0.8328417009777792,NA,0.5601626298018769,NA,0.8281307523048808
586,NA,0.828650929540597,0.8332724044280365,NA,0.5601626298018769,NA,0.828650929540597
587,NA,0.8291711067763134,0.8337034695817384,NA,0.5601626298018769,NA,0.8291711067763134
588,NA,0.8296912840120299,0.8341349329166718,NA,0.5601626298018769,NA,0.8296912840120299
589,NA,0.8302114612477461,0.8345668309106238,NA,0.5601626298018769,NA,0.8302114612477461
590,NA,0.8307316384834625,0.8349992000413816,NA,0.5601626298018769,NA,0.8307316384834625
591,NA,0.8312518157191788,0.835432076786732,NA,0.5601626298018769,NA,0.8312518157191788
592,NA,0.8317719929548952,0.8358654976244624,NA,0.5601626298018769,NA,0.8317719929548952
593,NA,0.8322921701906115,0.8362994990323595,NA,0.5601626298018769,NA,0.8322921701906115
594,NA,0.8328123474263279,0.8367341174882105,NA,0.5601626298018769,NA,0.8328123474263279
595,NA,0.8333325246620442,0.8371693894698025,NA,0.5601626298018769,NA,0.8333325246620442
596,NA,0.8338527018977606,0.8376053514549224,NA,0.5601626298018769,NA,0.8338527018977606
597,NA,0.8343728791334769,0.8380420399213575,NA,0.5601626298018769,NA,0.8343728791334769
598,NA,0.8348930563691933,0.8384794913468945,NA,0.5601626298018769,NA,0.8348930563691933
599,NA,0.8354132336049096,0.8389177422093206,NA,0.5601626298018769,NA,0.8354132336049096
600,NA,0.835933410840626,0.8393568289864229,NA,0.5601626298018769,NA,0.835933410840626
601,NA,0.8364535880763424,0.8397967881559886,NA,0.5601626298018769,NA,0.8364535880763424
602,NA,0.8369737653120587,0.8402376561958044,NA,0.5601626298018769,NA,0.8369737653120587
603,NA,0.8374939425477751,0.8406794695836576,NA,0.5601626298018769,NA,0.8374939425477751
604,NA,0.8380141197834914,0.8411222647973353,NA,0.5601626298018769,NA,0.8380141197834914
605,NA,0.8385342970192078,0.841566078314624,NA,0.5601626298018769,NA,0.8385342970192078
606,NA,0.8390544742549241,0.8420109466133117,NA,0.5601626298018769,NA,0.8390544742549241
607,NA,0.8395746514906405,0.8424569061711846,NA,0.5601626298018769,NA,0.8395746514906405
608,NA,0.8400948287263568,0.8429039934660303,NA,0.5601626298018769,NA,0.8400948287263568
609,NA,0.8406150059620732,0.8433522449756354,NA,0.5601626298018769,NA,0.8406150059620732
610,NA,0.8411351831977895,0.8438016971777873,NA,0.5601626298018769,NA,0.8411351831977895
611,NA,0.8416553604335059,0.8442523865502729,NA,0.5601626298018769,NA,0.8416553604335059
612,NA,0.8421755376692222,0.844704349570879,NA,0.5601626298018769,NA,0.8421755376692222
613,NA,0.8426957149049386,0.8451576227173934,NA,0.5601626298018769,NA,0.8426957149049386
614,NA,0.843215892140655,0.8456122424676022,NA,0.5601626298018769,NA,0.843215892140655
615,NA,0.8437360693763712,0.8460682452992931,NA,0.5601626298018769,NA,0.8437360693763712
616,NA,0.8442562466120876,0.8465256676902531,NA,0.5601626298018769,NA,0.8442562466120876
617,NA,0.8447764238478039,0.846984546118269,NA,0.5601626298018769,NA,0.8447764238478039
618,NA,0.8452966010835203,0.847444917061128,NA,0.5601626298018769,NA,0.8452966010835203
619,NA,0.8458167783192366,0.8479068169966171,NA,0.5601626298018769,NA,0.8458167783192366
620,NA,0.846336955554953,0.8483702824025232,NA,0.5601626298018769,NA,0.846336955554953
621,NA,0.8468571327906693,0.8488353497566337,NA,0.5601626298018769,NA,0.8468571327906693
622,NA,0.8473773100263857,0.8493020555367352,NA,0.5601626298018769,NA,0.8473773100263857
623,NA,0.847897487262102,0.8497704362206152,NA,0.5601626298018769,NA,0.847897487262102
624,NA,0.8484176644978184,0.8502405282860604,NA,0.5601626298018769,NA,0.8484176644978184
625,NA,0.8489378417335347,0.8507123682108582,NA,0.5601626298018769,NA,0.8489378417335347
626,NA,0.8494580189692511,0.8511859924727954,NA,0.5601626298018769,NA,0.8494580189692511
627,NA,0.8499781962049675,0.8516614375496592,NA,0.5601626298018769,NA,0.8499781962049675
628,NA,0.8504983734406838,0.8521387399192362,NA,0.5601626298018769,NA,0.8504983734406838
629,NA,0.8510185506764002,0.8526179360593141,NA,0.5601626298018769,NA,0.8510185506764002
630,NA,0.8515387279121165,0.8530990624476795,NA,0.5601626298018769,NA,0.8515387279121165
631,NA,0.8520589051478329,0.8535821555621198,NA,0.5601626298018769,NA,0.8520589051478329
632,NA,0.8525790823835492,0.8540672518804218,NA,0.5601626298018769,NA,0.8525790823835492
633,NA,0.8530992596192656,0.8545543878803724,NA,0.5601626298018769,NA,0.8530992596192656
634,NA,0.8536194368549819,0.8550436000397588,NA,0.5601626298018769,NA,0.8536194368549819
635,NA,0.8541396140906983,0.8555349248363682,NA,0.5601626298018769,NA,0.8541396140906983
636,NA,0.8546597913264146,0.8560283987479876,NA,0.5601626298018769,NA,0.8546597913264146
637,NA,0.855179968562131,0.856524058252404,NA,0.5601626298018769,NA,0.855179968562131
638,NA,0.8557001457978473,0.8570219398274043,NA,0.5601626298018769,NA,0.8557001457978473
639,0.8562203230335637,0.8562203230335637,0.8575220799507758,NA,0.5601626298018769,NA,0.8562203230335637
640,NA,0.8567117897187427,0.8580228639044998,NA,0.5601626298018769,NA,0.8567117897187427
641,NA,0.8572032564039219,0.858522661882525,NA,0.5601626298018769,NA,0.8572032564039219
642,NA,0.857694723089101,0.8590214877305895,NA,0.5601626298018769,NA,0.857694723089101
643,NA,0.8581861897742801,0.8595193552944311,NA,0.5601626298018769,NA,0.8581861897742801
644,NA,0.8586776564594593,0.8600162784197878,NA,0.5601626298018769,NA,0.8586776564594593
645,NA,0.8591691231446383,0.8605122709523972,NA,0.5601626298018769,NA,0.8591691231446383
646,NA,0.8596605898298174,0.8610073467379976,NA,0.5601626298018769,NA,0.8596605898298174
647,NA,0.8601520565149966,0.8615015196223269,NA,0.5601626298018769,NA,0.8601520565149966
648,NA,0.8606435232001757,0.8619948034511228,NA,0.5601626298018769,NA,0.8606435232001757
649,NA,0.8611349898853548,0.8624872120701234,NA,0.5601626298018769,NA,0.8611349898853548
650,NA,0.8616264565705339,0.8629787593250664,NA,0.5601626298018769,NA,0.8616264565705339
651,NA,0.862117923255713,0.86346945906169,NA,0.5601626298018769,NA,0.862117923255713
652,NA,0.8626093899408921,0.8639593251257323,NA,0.5601626298018769,NA,0.8626093899408921
653,NA,0.8631008566260713,0.8644483713629305,NA,0.5601626298018769,NA,0.8631008566260713
654,NA,0.8635923233112504,0.864936611619023,NA,0.5601626298018769,NA,0.8635923233112504
655,NA,0.8640837899964294,0.8654240597397477,NA,0.5601626298018769,NA,0.8640837899964294
656,NA,0.8645752566816086,0.8659107295708427,NA,0.5601626298018769,NA,0.8645752566816086
657,NA,0.8650667233667877,0.8663966349580454,NA,0.5601626298018769,NA,0.8650667233667877
658,NA,0.8655581900519668,0.8668817897470942,NA,0.5601626298018769,NA,0.8655581900519668
659,NA,0.866049656737146,0.8673662077837266,NA,0.5601626298018769,NA,0.866049656737146
660,NA,0.866541123422325,0.867849902913681,NA,0.5601626298018769,NA,0.866541123422325
661,NA,0.8670325901075041,0.8683328889826953,NA,0.5601626298018769,NA,0.8670325901075041
662,NA,0.8675240567926833,0.8688151798365069,NA,0.5601626298018769,NA,0.8675240567926833
663,NA,0.8680155234778624,0.8692967893208541,NA,0.5601626298018769,NA,0.8680155234778624
664,NA,0.8685069901630416,0.8697777312814748,NA,0.5601626298018769,NA,0.8685069901630416
665,NA,0.8689984568482206,0.8702580195641069,NA,0.5601626298018769,NA,0.8689984568482206
666,NA,0.8694899235333997,0.8707376680144882,NA,0.5601626298018769,NA,0.8694899235333997
667,NA,0.8699813902185789,0.8712166904783568,NA,0.5601626298018769,NA,0.8699813902185789
668,NA,0.870472856903758,0.8716951008014504,NA,0.5601626298018769,NA,0.870472856903758
669,NA,0.870964323588937,0.8721729128295073,NA,0.5601626298018769,NA,0.870964323588937
670,NA,0.8714557902741162,0.872650140408265,NA,0.5601626298018769,NA,0.8714557902741162
671,NA,0.8719472569592953,0.8731267973834618,NA,0.5601626298018769,NA,0.8719472569592953
672,NA,0.8724387236444744,0.8736028976008352,NA,0.5601626298018769,NA,0.8724387236444744
673,NA,0.8729301903296536,0.8740784549061237,NA,0.5601626298018769,NA,0.8729301903296536
674,NA,0.8734216570148327,0.8745534831450645,NA,0.5601626298018769,NA,0.8734216570148327
675,NA,0.8739131237000117,0.8750279961633962,NA,0.5601626298018769,NA,0.8739131237000117
676,NA,0.8744045903851909,0.875502007806856,NA,0.5601626298018769,NA,0.8744045903851909
677,NA,0.87489605707037,0.8759755319211825,NA,0.5601626298018769,NA,0.87489605707037
678,NA,0.8753875237555491,0.8764485823521133,NA,0.5601626298018769,NA,0.8753875237555491
679,NA,0.8758789904407283,0.8769211729453866,NA,0.5601626298018769,NA,0.8758789904407283
680,NA,0.8763704571259073,0.87739331754674,NA,0.5601626298018769,NA,0.8763704571259073
681,NA,0.8768619238110864,0.8778650300019113,NA,0.5601626298018769,NA,0.8768619238110864
682,NA,0.8773533904962656,0.8783363241566386,NA,0.5601626298018769,NA,0.8773533904962656
683,NA,0.8778448571814447,0.8788072138566602,NA,0.5601626298018769,NA,0.8778448571814447
684,NA,0.8783363238666237,0.8792777129477136,NA,0.5601626298018769,NA,0.8783363238666237
685,NA,0.8788277905518029,0.8797478352755368,NA,0.5601626298018769,NA,0.8788277905518029
686,NA,0.879319257236982,0.8802175946858676,NA,0.5601626298018769,NA,0.879319257236982
687,NA,0.8798107239221611,0.8806870050244442,NA,0.5601626298018769,NA,0.8798107239221611
688,NA,0.8803021906073403,0.8811560801370042,NA,0.5601626298018769,NA,0.8803021906073403
689,NA,0.8807936572925193,0.8816248338692859,NA,0.5601626298018769,NA,0.8807936572925193
690,NA,0.8812851239776984,0.8820932800670268,NA,0.5601626298018769,NA,0.8812851239776984
691,NA,0.8817765906628776,0.8825614325759652,NA,0.5601626298018769,NA,0.8817765906628776
692,NA,0.8822680573480567,0.8830293052418388,NA,0.5601626298018769,NA,0.8822680573480567
693,NA,0.8827595240332358,0.8834969119103855,NA,0.5601626298018769,NA,0.8827595240332358
694,NA,0.883250990718415,0.8839642664273436,NA,0.5601626298018769,NA,0.883250990718415
695,NA,0.883742457403594,0.8844313826384503,NA,0.5601626298018769,NA,0.883742457403594
696,NA,0.8842339240887731,0.8848982743894444,NA,0.5601626298018769,NA,0.8842339240887731
697,NA,0.8847253907739523,0.8853649555260629,NA,0.5601626298018769,NA,0.8847253907739523
698,NA,0.8852168574591314,0.8858314398940444,NA,0.5601626298018769,NA,0.8852168574591314
699,NA,0.8857083241443104,0.8862977413391265,NA,0.5601626298018769,NA,0.8857083241443104
700,NA,0.8861997908294896,0.8867638737070475,NA,0.5601626298018769,NA,0.8861997908294896
701,NA,0.8866912575146687,0.8872298508435449,NA,0.5601626298018769,NA,0.8866912575146687
702,NA,0.8871827241998478,0.8876956865943567,NA,0.5601626298018769,NA,0.8871827241998478
703,NA,0.887674190885027,0.888161394805221,NA,0.5601626298018769,NA,0.887674190885027
704,NA,0.888165657570206,0.8886269893218754,NA,0.5601626298018769,NA,0.888165657570206
705,NA,0.8886571242553851,0.8890924839900584,NA,0.5601626298018769,NA,0.8886571242553851
706,NA,0.8891485909405643,0.8895578926555072,NA,0.5601626298018769,NA,0.8891485909405643
707,NA,0.8896400576257434,0.8900232291639604,NA,0.5601626298018769,NA,0.8896400576257434
708,NA,0.8901315243109225,0.8904885073611555,NA,0.5601626298018769,NA,0.8901315243109225
709,NA,0.8906229909961016,0.8909537410928303,NA,0.5601626298018769,NA,0.8906229909961016
710,NA,0.8911144576812807,0.891418944204723,NA,0.5601626298018769,NA,0.8911144576812807
711,NA,0.8916059243664599,0.8918841305425718,NA,0.5601626298018769,NA,0.8916059243664599
712,NA,0.892097391051639,0.8923493139521139,NA,0.5601626298018769,NA,0.892097391051639
713,NA,0.8925888577368181,0.8928145082790879,NA,0.5601626298018769,NA,0.8925888577368181
714,NA,0.8930803244219973,0.8932797273692311,NA,0.5601626298018769,NA,0.8930803244219973
715,NA,0.8935717911071763,0.8937449850682821,NA,0.5601626298018769,NA,0.8935717911071763
716,NA,0.8940632577923554,0.8942102952219784,NA,0.5601626298018769,NA,0.8940632577923554
717,NA,0.8945547244775346,0.8946756716760579,NA,0.5601626298018769,NA,0.8945547244775346
718,NA,0.8950461911627137,0.8951411282762586,NA,0.5601626298018769,NA,0.8950461911627137
719,NA,0.8955376578478927,0.8956066788683184,NA,0.5601626298018769,NA,0.8955376578478927
720,NA,0.8960291245330719,0.8960723372979753,NA,0.5601626298018769,NA,0.8960291245330719
721,NA,0.896520591218251,0.8965381174109671,NA,0.5601626298018769,NA,0.896520591218251
722,NA,0.8970120579034301,0.8970040330530319,NA,0.5601626298018769,NA,0.8970120579034301
723,NA,0.8975035245886093,0.8974700980699076,NA,0.5601626298018769,NA,0.8975035245886093
724,NA,0.8979949912737883,0.8979363263073319,NA,0.5601626298018769,NA,0.8979949912737883
725,NA,0.8984864579589674,0.8984027316110431,NA,0.5601626298018769,NA,0.8984864579589674
726,NA,0.8989779246441466,0.8988693278267785,NA,0.5601626298018769,NA,0.8989779246441466
727,NA,0.8994693913293257,0.8993361288002767,NA,0.5601626298018769,NA,0.8994693913293257
728,NA,0.8999608580145048,0.8998031483772753,NA,0.5601626298018769,NA,0.8999608580145048
729,NA,0.900452324699684,0.9002704004035121,NA,0.5601626298018769,NA,0.900452324699684
730,0.900943791384863,0.900943791384863,0.9007378987247253,NA,0.5601626298018769,NA,0.900943791384863
731,NA,0.9014040934766265,0.9012054273709256,NA,0.5601626298018769,NA,0.9014040934766265
732,NA,0.9018643955683899,0.9016727600465916,NA,0.5601626298018769,NA,0.9018643955683899
733,NA,0.9023246976601534,0.9021398951091635,NA,0.5601626298018769,NA,0.9023246976601534
734,NA,0.9027849997519168,0.9026068309160816,NA,0.5601626298018769,NA,0.9027849997519168
735,NA,0.9032453018436803,0.903073565824786,NA,0.5601626298018769,NA,0.9032453018436803
736,NA,0.9037056039354437,0.9035400981927171,NA,0.5601626298018769,NA,0.9037056039354437
737,NA,0.9041659060272073,0.9040064263773147,NA,0.5601626298018769,NA,0.9041659060272073
738,NA,0.9046262081189707,0.9044725487360189,NA,0.5601626298018769,NA,0.9046262081189707
739,NA,0.9050865102107342,0.9049384636262702,NA,0.5601626298018769,NA,0.9050865102107342
740,NA,0.9055468123024976,0.9054041694055084,NA,0.5601626298018769,NA,0.9055468123024976
741,NA,0.9060071143942611,0.9058696644311738,NA,0.5601626298018769,NA,0.9060071143942611
742,NA,0.9064674164860245,0.9063349470607067,NA,0.5601626298018769,NA,0.9064674164860245
743,NA,0.906927718577788,0.9068000156515471,NA,0.5601626298018769,NA,0.906927718577788
744,NA,0.9073880206695514,0.9072648685611351,NA,0.5601626298018769,NA,0.9073880206695514
745,NA,0.9078483227613149,0.907729504146911,NA,0.5601626298018769,NA,0.9078483227613149
746,NA,0.9083086248530783,0.9081939207663149,NA,0.5601626298018769,NA,0.9083086248530783
747,NA,0.9087689269448418,0.9086581167767869,NA,0.5601626298018769,NA,0.9087689269448418
748,NA,0.9092292290366052,0.9091220905357671,NA,0.5601626298018769,NA,0.9092292290366052
749,NA,0.9096895311283687,0.9095858404006958,NA,0.5601626298018769,NA,0.9096895311283687
750,NA,0.9101498332201321,0.9100493647290131,NA,0.5601626298018769,NA,0.9101498332201321
751,NA,0.9106101353118956,0.910512661878159,NA,0.5601626298018769,NA,0.9106101353118956
752,NA,0.911070437403659,0.9109757302055739,NA,0.5601626298018769,NA,0.911070437403659
753,NA,0.9115307394954225,0.9114385680686978,NA,0.5601626298018769,NA,0.9115307394954225
754,NA,0.9119910415871859,0.9119011738249708,NA,0.5601626298018769,NA,0.9119910415871859
755,NA,0.9124513436789494,0.9123635458318333,NA,0.5601626298018769,NA,0.9124513436789494
756,NA,0.9129116457707128,0.9128256824467254,NA,0.5601626298018769,NA,0.9129116457707128
757,NA,0.9133719478624763,0.9132875820270868,NA,0.5601626298018769,NA,0.9133719478624763
758,NA,0.9138322499542397,0.9137492429303582,NA,0.5601626298018769,NA,0.9138322499542397
759,NA,0.9142925520460032,0.9142106635139795,NA,0.5601626298018769,NA,0.9142925520460032
760,NA,0.9147528541377666,0.9146718421353908,NA,0.5601626298018769,NA,0.9147528541377666
761,NA,0.9152131562295301,0.9151327771520326,NA,0.5601626298018769,NA,0.9152131562295301
762,NA,0.9156734583212937,0.9155934669213446,NA,0.5601626298018769,NA,0.9156734583212937
763,NA,0.916133760413057,0.9160539098007672,NA,0.5601626298018769,NA,0.916133760413057
764,NA,0.9165940625048206,0.9165141041477404,NA,0.5601626298018769,NA,0.9165940625048206
765,NA,0.917054364596584,0.9169740483197045,NA,0.5601626298018769,NA,0.917054364596584
766,NA,0.9175146666883475,0.9174337406740996,NA,0.5601626298018769,NA,0.9175146666883475
767,NA,0.9179749687801109,0.917893179568366,NA,0.5601626298018769,NA,0.9179749687801109
768,NA,0.9184352708718744,0.9183523633599435,NA,0.5601626298018769,NA,0.9184352708718744
769,NA,0.9188955729636378,0.9188112904062726,NA,0.5601626298018769,NA,0.9188955729636378
770,NA,0.9193558750554013,0.9192699590647933,NA,0.5601626298018769,NA,0.9193558750554013
771,NA,0.9198161771471647,0.9197283676929457,NA,0.5601626298018769,NA,0.9198161771471647
772,NA,0.9202764792389282,0.9201865146481701,NA,0.5601626298018769,NA,0.9202764792389282
773,NA,0.9207367813306916,0.9206443982879065,NA,0.5601626298018769,NA,0.9207367813306916
774,NA,0.9211970834224551,0.9211020169695951,NA,0.5601626298018769,NA,0.9211970834224551
775,NA,0.9216573855142185,0.9215593690506761,NA,0.5601626298018769,NA,0.9216573855142185
776,NA,0.922117687605982,0.9220164528885897,NA,0.5601626298018769,NA,0.922117687605982
777,NA,0.9225779896977454,0.9224732668407759,NA,0.5601626298018769,NA,0.9225779896977454
778,NA,0.9230382917895089,0.922929809264675,NA,0.5601626298018769,NA,0.9230382917895089
779,NA,0.9234985938812723,0.9233860785177269,NA,0.5601626298018769,NA,0.9234985938812723
780,NA,0.9239588959730358,0.9238420729573721,NA,0.5601626298018769,NA,0.9239588959730358
781,NA,0.9244191980647992,0.9242977909410506,NA,0.5601626298018769,NA,0.9244191980647992
782,NA,0.9248795001565627,0.9247532308262024,NA,0.5601626298018769,NA,0.9248795001565627
783,NA,0.9253398022483261,0.9252083909702677,NA,0.5601626298018769,NA,0.9253398022483261
784,NA,0.9258001043400896,0.9256632697306868,NA,0.5601626298018769,NA,0.9258001043400896
785,NA,0.926260406431853,0.9261178654648999,NA,0.5601626298018769,NA,0.926260406431853
786,NA,0.9267207085236165,0.926572176530347,NA,0.5601626298018769,NA,0.9267207085236165
787,NA,0.9271810106153799,0.9270262012844683,NA,0.5601626298018769,NA,0.9271810106153799
788,NA,0.9276413127071435,0.9274799380847039,NA,0.5601626298018769,NA,0.9276413127071435
789,NA,0.9281016147989068,0.9279333852884939,NA,0.5601626298018769,NA,0.9281016147989068
790,NA,0.9285619168906704,0.9283865412532788,NA,0.5601626298018769,NA,0.9285619168906704
791,NA,0.9290222189824338,0.9288394043364983,NA,0.5601626298018769,NA,0.9290222189824338
792,NA,0.9294825210741973,0.9292919728955928,NA,0.5601626298018769,NA,0.9294825210741973
793,NA,0.9299428231659608,0.9297442452880023,NA,0.5601626298018769,NA,0.9299428231659608
794,NA,0.9304031252577242,0.9301962198711671,NA,0.5601626298018769,NA,0.9304031252577242
795,NA,0.9308634273494877,0.9306478950025273,NA,0.5601626298018769,NA,0.9308634273494877
796,NA,0.9313237294412511,0.9310992690395231,NA,0.5601626298018769,NA,0.9313237294412511
797,NA,0.9317840315330146,0.9315503403395945,NA,0.5601626298018769,NA,0.9317840315330146
798,NA,0.932244333624778,0.9320011072601818,NA,0.5601626298018769,NA,0.932244333624778
799,NA,0.9327046357165415,0.9324515681587251,NA,0.5601626298018769,NA,0.9327046357165415
800,NA,0.9331649378083049,0.9329017213926646,NA,0.5601626298018769,NA,0.9331649378083049
801,NA,0.9336252399000684,0.9333515653194403,NA,0.5601626298018769,NA,0.9336252399000684
802,NA,0.9340855419918318,0.9338010982964926,NA,0.5601626298018769,NA,0.9340855419918318
803,NA,0.9345458440835953,0.9342503186812614,NA,0.5601626298018769,NA,0.9345458440835953
804,NA,0.9350061461753587,0.9346992248311871,NA,0.5601626298018769,NA,0.9350061461753587
805,NA,0.9354664482671222,0.9351478151037096,NA,0.5601626298018769,NA,0.9354664482671222
806,NA,0.9359267503588856,0.9355960878562692,NA,0.5601626298018769,NA,0.9359267503588856
807,NA,0.9363870524506491,0.936044041446306,NA,0.5601626298018769,NA,0.9363870524506491
808,NA,0.9368473545424125,0.9364916742312601,NA,0.5601626298018769,NA,0.9368473545424125
809,NA,0.937307656634176,0.9369389845685718,NA,0.5601626298018769,NA,0.937307656634176
810,NA,0.9377679587259394,0.9373859708156813,NA,0.5601626298018769,NA,0.9377679587259394
811,NA,0.9382282608177029,0.9378326313300284,NA,0.5601626298018769,NA,0.9382282608177029
812,NA,0.9386885629094663,0.9382789644690537,NA,0.5601626298018769,NA,0.9386885629094663
813,NA,0.9391488650012298,0.9387249685901969,NA,0.5601626298018769,NA,0.9391488650012298
814,NA,0.9396091670929932,0.9391706420508986,NA,0.5601626298018769,NA,0.9396091670929932
815,NA,0.9400694691847568,0.9396159832085985,NA,0.5601626298018769,NA,0.9400694691847568
816,NA,0.9405297712765202,0.9400609904207372,NA,0.5601626298018769,NA,0.9405297712765202
817,NA,0.9409900733682837,0.9405056620447547,NA,0.5601626298018769,NA,0.9409900733682837
818,NA,0.9414503754600471,0.940949996438091,NA,0.5601626298018769,NA,0.9414503754600471
819,NA,0.9419106775518106,0.9413939919581862,NA,0.5601626298018769,NA,0.9419106775518106
820,NA,0.942370979643574,0.9418376469624805,NA,0.5601626298018769,NA,0.942370979643574
821,0.9428312817353375,0.9428312817353375,0.9422809598084144,NA,0.5601626298018769,NA,0.9428312817353375
822,NA,0.9432514458777568,0.9427239288534277,NA,0.5601626298018769,NA,0.9432514458777568
823,NA,0.9436716100201761,0.9431665524549605,NA,0.5601626298018769,NA,0.9436716100201761
824,NA,0.9440917741625954,0.9436088289704534,NA,0.5601626298018769,NA,0.9440917741625954
825,NA,0.9445119383050147,0.944050756757346,NA,0.5601626298018769,NA,0.9445119383050147
826,NA,0.944932102447434,0.9444923341730789,NA,0.5601626298018769,NA,0.944932102447434
827,NA,0.9453522665898533,0.9449335595750917,NA,0.5601626298018769,NA,0.9453522665898533
828,NA,0.9457724307322726,0.9453744313208252,NA,0.5601626298018769,NA,0.9457724307322726
829,NA,0.9461925948746919,0.9458149477677191,NA,0.5601626298018769,NA,0.9461925948746919
830,NA,0.9466127590171112,0.9462551072732138,NA,0.5601626298018769,NA,0.9466127590171112
831,NA,0.9470329231595305,0.9466949081947494,NA,0.5601626298018769,NA,0.9470329231595305
832,NA,0.9474530873019498,0.947134348889766,NA,0.5601626298018769,NA,0.9474530873019498
833,NA,0.9478732514443691,0.9475734277157036,NA,0.5601626298018769,NA,0.9478732514443691
834,NA,0.9482934155867884,0.9480121430300027,NA,0.5601626298018769,NA,0.9482934155867884
835,NA,0.9487135797292077,0.9484504931901031,NA,0.5601626298018769,NA,0.9487135797292077
836,NA,0.949133743871627,0.9488884765534451,NA,0.5601626298018769,NA,0.949133743871627
837,NA,0.9495539080140463,0.9493260914774692,NA,0.5601626298018769,NA,0.9495539080140463
838,NA,0.9499740721564656,0.9497633363196147,NA,0.5601626298018769,NA,0.9499740721564656
839,NA,0.9503942362988849,0.9502002094373225,NA,0.5601626298018769,NA,0.9503942362988849
840,NA,0.9508144004413042,0.9506367091880326,NA,0.5601626298018769,NA,0.9508144004413042
841,NA,0.9512345645837235,0.9510728339291851,NA,0.5601626298018769,NA,0.9512345645837235
842,NA,0.9516547287261428,0.9515085820182201,NA,0.5601626298018769,NA,0.9516547287261428
843,NA,0.9520748928685621,0.9519439518125776,NA,0.5601626298018769,NA,0.9520748928685621
844,NA,0.9524950570109814,0.952378941669698,NA,0.5601626298018769,NA,0.9524950570109814
845,NA,0.9529152211534005,0.9528135499470216,NA,0.5601626298018769,NA,0.9529152211534005
846,NA,0.9533353852958198,0.953247775001988,NA,0.5601626298018769,NA,0.9533353852958198
847,NA,0.9537555494382391,0.953681615192038,NA,0.5601626298018769,NA,0.9537555494382391
848,NA,0.9541757135806584,0.9541150688746111,NA,0.5601626298018769,NA,0.9541757135806584
849,NA,0.9545958777230777,0.9545481344071481,NA,0.5601626298018769,NA,0.9545958777230777
850,NA,0.955016041865497,0.9549808101470887,NA,0.5601626298018769,NA,0.955016041865497
851,NA,0.9554362060079163,0.9554130944518732,NA,0.5601626298018769,NA,0.9554362060079163
852,NA,0.9558563701503356,0.9558449856789416,NA,0.5601626298018769,NA,0.9558563701503356
853,NA,0.9562765342927549,0.9562764821857344,NA,0.5601626298018769,NA,0.9562765342927549
854,NA,0.9566966984351742,0.9567075823296913,NA,0.5601626298018769,NA,0.9566966984351742
855,NA,0.9571168625775935,0.957138284468253,NA,0.5601626298018769,NA,0.9571168625775935
856,NA,0.9575370267200128,0.957568586958859,NA,0.5601626298018769,NA,0.9575370267200128
857,NA,0.9579571908624321,0.95799848815895,NA,0.5601626298018769,NA,0.9579571908624321
858,NA,0.9583773550048514,0.9584279864259658,NA,0.5601626298018769,NA,0.9583773550048514
859,NA,0.9587975191472707,0.958857080117347,NA,0.5601626298018769,NA,0.9587975191472707
860,NA,0.95921768328969,0.9592857675905333,NA,0.5601626298018769,NA,0.95921768328969
861,NA,0.9596378474321093,0.9597140472029649,NA,0.5601626298018769,NA,0.9596378474321093
862,NA,0.9600580115745286,0.9601419173120821,NA,0.5601626298018769,NA,0.9600580115745286
863,NA,0.9604781757169479,0.9605693762753249,NA,0.5601626298018769,NA,0.9604781757169479
864,NA,0.9608983398593672,0.9609964224501338,NA,0.5601626298018769,NA,0.9608983398593672
865,NA,0.9613185040017865,0.9614230541939486,NA,0.5601626298018769,NA,0.9613185040017865
866,NA,0.9617386681442058,0.9618492698642096,NA,0.5601626298018769,NA,0.9617386681442058
867,NA,0.9621588322866251,0.9622750678183569,NA,0.5601626298018769,NA,0.9621588322866251
868,NA,0.9625789964290444,0.9627004464138306,NA,0.5601626298018769,NA,0.9625789964290444
869,NA,0.9629991605714637,0.9631254040080709,NA,0.5601626298018769,NA,0.9629991605714637
870,NA,0.963419324713883,0.963549938958518,NA,0.5601626298018769,NA,0.963419324713883
871,NA,0.9638394888563023,0.9639740496226121,NA,0.5601626298018769,NA,0.9638394888563023
872,NA,0.9642596529987216,0.9643977343577931,NA,0.5601626298018769,NA,0.9642596529987216
873,NA,0.9646798171411409,0.9648209915215014,NA,0.5601626298018769,NA,0.9646798171411409
874,NA,0.9650999812835602,0.9652438194711771,NA,0.5601626298018769,NA,0.9650999812835602
875,NA,0.9655201454259795,0.9656662165642603,NA,0.5601626298018769,NA,0.9655201454259795
876,NA,0.9659403095683988,0.9660881811581914,NA,0.5601626298018769,NA,0.9659403095683988
877,NA,0.9663604737108181,0.96650971161041,NA,0.5601626298018769,NA,0.9663604737108181
878,NA,0.9667806378532374,0.9669308062783567,NA,0.5601626298018769,NA,0.9667806378532374
879,NA,0.9672008019956567,0.9673514635194714,NA,0.5601626298018769,NA,0.9672008019956567
880,NA,0.967620966138076,0.9677716816911945,NA,0.5601626298018769,NA,0.967620966138076
881,NA,0.9680411302804953,0.968191459150966,NA,0.5601626298018769,NA,0.9680411302804953
882,NA,0.9684612944229146,0.9686107942562262,NA,0.5601626298018769,NA,0.9684612944229146
883,NA,0.9688814585653339,0.9690296853644149,NA,0.5601626298018769,NA,0.9688814585653339
884,NA,0.9693016227077532,0.9694481308329728,NA,0.5601626298018769,NA,0.9693016227077532
885,NA,0.9697217868501725,0.9698661290193397,NA,0.5601626298018769,NA,0.9697217868501725
886,NA,0.9701419509925918,0.9702836782809557,NA,0.5601626298018769,NA,0.9701419509925918
887,NA,0.9705621151350111,0.9707007769752609,NA,0.5601626298018769,NA,0.9705621151350111
888,NA,0.9709822792774304,0.9711174234596958,NA,0.5601626298018769,NA,0.9709822792774304
889,NA,0.9714024434198497,0.9715336160917002,NA,0.5601626298018769,NA,0.9714024434198497
890,NA,0.9718226075622689,0.9719493532287145,NA,0.5601626298018769,NA,0.9718226075622689
891,NA,0.9722427717046882,0.9723646332281788,NA,0.5601626298018769,NA,0.9722427717046882
892,NA,0.9726629358471075,0.972779454447533,NA,0.5601626298018769,NA,0.9726629358471075
893,NA,0.9730830999895268,0.9731938152442177,NA,0.5601626298018769,NA,0.9730830999895268
894,NA,0.9735032641319461,0.9736077139756725,NA,0.5601626298018769,NA,0.9735032641319461
895,NA,0.9739234282743654,0.9740211489993381,NA,0.5601626298018769,NA,0.9739234282743654
896,NA,0.9743435924167847,0.9744341186726543,NA,0.5601626298018769,NA,0.9743435924167847
897,NA,0.974763756559204,0.9748466213530613,NA,0.5601626298018769,NA,0.974763756559204
898,NA,0.9751839207016233,0.9752586553979994,NA,0.5601626298018769,NA,0.9751839207016233
899,NA,0.9756040848440426,0.9756702191649086,NA,0.5601626298018769,NA,0.9756040848440426
900,NA,0.9760242489864619,0.9760813110112292,NA,0.5601626298018769,NA,0.9760242489864619
901,NA,0.9764444131288812,0.9764919292944013,NA,0.5601626298018769,NA,0.9764444131288812
902,NA,0.9768645772713005,0.9769020723718648,NA,0.5601626298018769,NA,0.9768645772713005
903,NA,0.9772847414137198,0.9773117386010602,NA,0.5601626298018769,NA,0.9772847414137198
904,NA,0.9777049055561391,0.9777209263394276,NA,0.5601626298018769,NA,0.9777049055561391
905,NA,0.9781250696985584,0.978129633944407,NA,0.5601626298018769,NA,0.9781250696985584
906,NA,0.9785452338409777,0.9785378597734388,NA,0.5601626298018769,NA,0.9785452338409777
907,NA,0.978965397983397,0.9789456021839629,NA,0.5601626298018769,NA,0.978965397983397
908,NA,0.9793855621258163,0.9793528595334191,NA,0.5601626298018769,NA,0.9793855621258163
909,NA,0.9798057262682356,0.9797596301792484,NA,0.5601626298018769,NA,0.9798057262682356
910,NA,0.9802258904106549,0.9801659124788905,NA,0.5601626298018769,NA,0.9802258904106549
911,NA,0.9806460545530742,0.9805717047897855,NA,0.5601626298018769,NA,0.9806460545530742
912,NA,0.9810662186954935,0.9809770054693736,NA,0.5601626298018769,NA,0.9810662186954935
913,0.9814863828379128,0.9814863828379128,0.981381812875095,NA,0.5601626298018769,NA,0.9814863828379128
914,NA,0.9818746082407172,0.9817861457991496,NA,0.5601626298018769,NA,0.9818746082407172
915,NA,0.9822628336435214,0.9821900248563749,NA,0.5601626298018769,NA,0.9822628336435214
916,NA,0.9826510590463258,0.9825934511381686,NA,0.5601626298018769,NA,0.9826510590463258
917,NA,0.9830392844491301,0.982996425735928,NA,0.5601626298018769,NA,0.9830392844491301
918,NA,0.9834275098519345,0.9833989497410504,NA,0.5601626298018769,NA,0.9834275098519345
919,NA,0.9838157352547388,0.9838010242449327,NA,0.5601626298018769,NA,0.9838157352547388
920,NA,0.9842039606575431,0.9842026503389724,NA,0.5601626298018769,NA,0.9842039606575431
921,NA,0.9845921860603475,0.984603829114567,NA,0.5601626298018769,NA,0.9845921860603475
922,NA,0.9849804114631517,0.9850045616631135,NA,0.5601626298018769,NA,0.9849804114631517
923,NA,0.9853686368659561,0.9854048490760094,NA,0.5601626298018769,NA,0.9853686368659561
924,NA,0.9857568622687605,0.985804692444652,NA,0.5601626298018769,NA,0.9857568622687605
925,NA,0.9861450876715647,0.9862040928604383,NA,0.5601626298018769,NA,0.9861450876715647
926,NA,0.9865333130743691,0.9866030514147658,NA,0.5601626298018769,NA,0.9865333130743691
927,NA,0.9869215384771735,0.9870015691990319,NA,0.5601626298018769,NA,0.9869215384771735
928,NA,0.9873097638799778,0.9873996473046338,NA,0.5601626298018769,NA,0.9873097638799778
929,NA,0.9876979892827821,0.9877972868229685,NA,0.5601626298018769,NA,0.9876979892827821
930,NA,0.9880862146855864,0.9881944888454338,NA,0.5601626298018769,NA,0.9880862146855864
931,NA,0.9884744400883908,0.9885912544634269,NA,0.5601626298018769,NA,0.9884744400883908
932,NA,0.9888626654911951,0.9889875847683448,NA,0.5601626298018769,NA,0.9888626654911951
933,NA,0.9892508908939994,0.9893834808515848,NA,0.5601626298018769,NA,0.9892508908939994
934,NA,0.9896391162968038,0.9897789438045445,NA,0.5601626298018769,NA,0.9896391162968038
935,NA,0.990027341699608,0.9901739747186208,NA,0.5601626298018769,NA,0.990027341699608
936,NA,0.9904155671024124,0.9905685746852114,NA,0.5601626298018769,NA,0.9904155671024124
937,NA,0.9908037925052168,0.9909627447957133,NA,0.5601626298018769,NA,0.9908037925052168
938,NA,0.9911920179080211,0.991356486141524,NA,0.5601626298018769,NA,0.9911920179080211
939,NA,0.9915802433108254,0.9917497998140408,NA,0.5601626298018769,NA,0.9915802433108254
940,NA,0.9919684687136298,0.9921426869046606,NA,0.5601626298018769,NA,0.9919684687136298
941,NA,0.9923566941164341,0.9925351485047811,NA,0.5601626298018769,NA,0.9923566941164341
942,NA,0.9927449195192384,0.9929271857057993,NA,0.5601626298018769,NA,0.9927449195192384
943,NA,0.9931331449220427,0.993318799599113,NA,0.5601626298018769,NA,0.9931331449220427
944,NA,0.9935213703248471,0.9937099912761187,NA,0.5601626298018769,NA,0.9935213703248471
945,NA,0.9939095957276515,0.9941007618282143,NA,0.5601626298018769,NA,0.9939095957276515
946,NA,0.9942978211304557,0.994491112346797,NA,0.5601626298018769,NA,0.9942978211304557
947,NA,0.9946860465332601,0.994881043923264,NA,0.5601626298018769,NA,0.9946860465332601
948,NA,0.9950742719360645,0.9952705576490126,NA,0.5601626298018769,NA,0.9950742719360645
949,NA,0.9954624973388687,0.9956596546154401,NA,0.5601626298018769,NA,0.9954624973388687
950,NA,0.9958507227416731,0.9960483359139437,NA,0.5601626298018769,NA,0.9958507227416731
951,NA,0.9962389481444774,0.996436602635921,NA,0.5601626298018769,NA,0.9962389481444774
952,NA,0.9966271735472817,0.9968244558727689,NA,0.5601626298018769,NA,0.9966271735472817
953,NA,0.9970153989500861,0.9972118967158848,NA,0.5601626298018769,NA,0.9970153989500861
954,NA,0.9974036243528904,0.9975989262566661,NA,0.5601626298018769,NA,0.9974036243528904
955,NA,0.9977918497556948,0.9979855455865102,NA,0.5601626298018769,NA,0.9977918497556948
956,NA,0.998180075158499,0.9983717557968141,NA,0.5601626298018769,NA,0.998180075158499
957,NA,0.9985683005613034,0.9987575579789755,NA,0.5601626298018769,NA,0.9985683005613034
958,NA,0.9989565259641078,0.9991429532243912,NA,0.5601626298018769,NA,0.9989565259641078
959,NA,0.999344751366912,0.9995279426244587,NA,0.5601626298018769,NA,0.999344751366912
960,NA,0.9997329767697164,0.9999125272705753,NA,0.5601626298018769,NA,0.9997329767697164
961,NA,1.0001212021725208,1.0002967082541383,NA,0.5601626298018769,NA,1.0001212021725208
962,NA,1.000509427575325,1.000680486666545,NA,0.5601626298018769,NA,1.000509427575325
963,NA,1.0008976529781295,1.0010638635991926,NA,0.5601626298018769,NA,1.0008976529781295
964,NA,1.0012858783809337,1.0014468401434786,NA,0.5601626298018769,NA,1.0012858783809337
965,NA,1.001674103783738,1.0018294173908,NA,0.5601626298018769,NA,1.001674103783738
966,NA,1.0020623291865425,1.0022115964325544,NA,0.5601626298018769,NA,1.0020623291865425
967,NA,1.0024505545893467,1.002593378360139,NA,0.5601626298018769,NA,1.0024505545893467
968,NA,1.002838779992151,1.002974764264951,NA,0.5601626298018769,NA,1.002838779992151
969,NA,1.0032270053949555,1.0033557552383876,NA,0.5601626298018769,NA,1.0032270053949555
970,NA,1.0036152307977597,1.0037363523718463,NA,0.5601626298018769,NA,1.0036152307977597
971,NA,1.004003456200564,1.0041165567567243,NA,0.5601626298018769,NA,1.004003456200564
972,NA,1.0043916816033684,1.0044963694844191,NA,0.5601626298018769,NA,1.0043916816033684
973,NA,1.0047799070061727,1.0048757916463276,NA,0.5601626298018769,NA,1.0047799070061727
974,NA,1.005168132408977,1.0052548243338475,NA,0.5601626298018769,NA,1.005168132408977
975,NA,1.0055563578117814,1.0056334686383754,NA,0.5601626298018769,NA,1.0055563578117814
976,NA,1.0059445832145857,1.0060117256513095,NA,0.5601626298018769,NA,1.0059445832145857
977,NA,1.0063328086173902,1.0063895964640464,NA,0.5601626298018769,NA,1.0063328086173902
978,NA,1.0067210340201944,1.006767082167984,NA,0.5601626298018769,NA,1.0067210340201944
979,NA,1.0071092594229987,1.0071441838545188,NA,0.5601626298018769,NA,1.0071092594229987
980,NA,1.0074974848258031,1.007520902615049,NA,0.5601626298018769,NA,1.0074974848258031
981,NA,1.0078857102286074,1.007897239540971,NA,0.5601626298018769,NA,1.0078857102286074
982,NA,1.0082739356314117,1.0082731957236828,NA,0.5601626298018769,NA,1.0082739356314117
983,NA,1.0086621610342161,1.0086487722545812,NA,0.5601626298018769,NA,1.0086621610342161
984,NA,1.0090503864370204,1.0090239702250638,NA,0.5601626298018769,NA,1.0090503864370204
985,NA,1.0094386118398246,1.009398790726528,NA,0.5601626298018769,NA,1.0094386118398246
986,NA,1.0098268372426291,1.0097732348503707,NA,0.5601626298018769,NA,1.0098268372426291
987,NA,1.0102150626454334,1.010147303687989,NA,0.5601626298018769,NA,1.0102150626454334
988,NA,1.0106032880482376,1.0105209983307812,NA,0.5601626298018769,NA,1.0106032880482376
989,NA,1.010991513451042,1.0108943198701439,NA,0.5601626298018769,NA,1.010991513451042
990,NA,1.0113797388538464,1.011267269397474,NA,0.5601626298018769,NA,1.0113797388538464
991,NA,1.0117679642566506,1.0116398480041695,NA,0.5601626298018769,NA,1.0117679642566506
992,NA,1.012156189659455,1.0120120567816278,NA,0.5601626298018769,NA,1.012156189659455
993,NA,1.0125444150622593,1.0123838968212453,NA,0.5601626298018769,NA,1.0125444150622593
994,NA,1.0129326404650636,1.01275536921442,NA,0.5601626298018769,NA,1.0129326404650636
995,NA,1.013320865867868,1.013126475052549,NA,0.5601626298018769,NA,1.013320865867868
996,NA,1.0137090912706723,1.0134972154270296,NA,0.5601626298018769,NA,1.0137090912706723
997,NA,1.0140973166734768,1.013867591429259,NA,0.5601626298018769,NA,1.0140973166734768
998,NA,1.014485542076281,1.0142376041506347,NA,0.5601626298018769,NA,1.014485542076281
999,NA,1.0148737674790853,1.014607254682554,NA,0.5601626298018769,NA,1.0148737674790853
1000,NA,1.0152619928818898,1.0149765441164138,NA,0.5601626298018769,NA,1.0152619928818898
1001,NA,1.015650218284694,1.0153454735436118,NA,0.5601626298018769,NA,1.015650218284694
1002,NA,1.0160384436874983,1.015714044055545,NA,0.5601626298018769,NA,1.0160384436874983
1003,NA,1.0164266690903028,1.0160822567436112,NA,0.5601626298018769,NA,1.0164266690903028
1004,1.016814894493107,1.016814894493107,1.0164501126992072,NA,0.5601626298018769,NA,1.016814894493107
1005,NA,1.0171668141715984,1.0168176130137303,NA,0.5601626298018769,NA,1.0171668141715984
1006,NA,1.01751873385009,1.0171847587785778,NA,0.5601626298018769,NA,1.01751873385009
1007,NA,1.0178706535285813,1.0175515510851474,NA,0.5601626298018769,NA,1.0178706535285813
1008,NA,1.0182225732070729,1.017917991024836,NA,0.5601626298018769,NA,1.0182225732070729
1009,NA,1.0185744928855642,1.0182840796890409,NA,0.5601626298018769,NA,1.0185744928855642
1010,NA,1.0189264125640556,1.0186498181691594,NA,0.5601626298018769,NA,1.0189264125640556
1011,NA,1.0192783322425472,1.0190152075565893,NA,0.5601626298018769,NA,1.0192783322425472
1012,NA,1.0196302519210385,1.019380248942727,NA,0.5601626298018769,NA,1.0196302519210385
1013,NA,1.01998217159953,1.0197449434189705,NA,0.5601626298018769,NA,1.01998217159953
1014,NA,1.0203340912780214,1.0201092920767167,NA,0.5601626298018769,NA,1.0203340912780214
1015,NA,1.0206860109565128,1.020473296007363,NA,0.5601626298018769,NA,1.0206860109565128
1016,NA,1.0210379306350044,1.0208369563023072,NA,0.5601626298018769,NA,1.0210379306350044
1017,NA,1.0213898503134957,1.0212002740529458,NA,0.5601626298018769,NA,1.0213898503134957
1018,NA,1.0217417699919873,1.0215632503506764,NA,0.5601626298018769,NA,1.0217417699919873
1019,NA,1.0220936896704786,1.021925886286896,NA,0.5601626298018769,NA,1.0220936896704786
1020,NA,1.0224456093489702,1.0222881829530028,NA,0.5601626298018769,NA,1.0224456093489702
1021,NA,1.0227975290274616,1.0226501414403932,NA,0.5601626298018769,NA,1.0227975290274616
1022,NA,1.023149448705953,1.023011762840465,NA,0.5601626298018769,NA,1.023149448705953
1023,NA,1.0235013683844445,1.0233730482446148,NA,0.5601626298018769,NA,1.0235013683844445
1024,NA,1.0238532880629359,1.0237339987442406,NA,0.5601626298018769,NA,1.0238532880629359
1025,NA,1.0242052077414274,1.0240946154307395,NA,0.5601626298018769,NA,1.0242052077414274
1026,NA,1.0245571274199188,1.0244548993955087,NA,0.5601626298018769,NA,1.0245571274199188
1027,NA,1.0249090470984101,1.0248148517299458,NA,0.5601626298018769,NA,1.0249090470984101
1028,NA,1.0252609667769017,1.0251744735254473,NA,0.5601626298018769,NA,1.0252609667769017
1029,NA,1.025612886455393,1.0255337658734114,NA,0.5601626298018769,NA,1.025612886455393
1030,NA,1.0259648061338846,1.025892729865235,NA,0.5601626298018769,NA,1.0259648061338846
1031,NA,1.026316725812376,1.0262513665923152,NA,0.5601626298018769,NA,1.026316725812376
1032,NA,1.0266686454908673,1.0266096771460498,NA,0.5601626298018769,NA,1.0266686454908673
1033,NA,1.027020565169359,1.0269676626178355,NA,0.5601626298018769,NA,1.027020565169359
1034,NA,1.0273724848478503,1.0273253240990703,NA,0.5601626298018769,NA,1.0273724848478503
1035,NA,1.0277244045263418,1.0276826626811506,NA,0.5601626298018769,NA,1.0277244045263418
1036,NA,1.0280763242048332,1.0280396794554743,NA,0.5601626298018769,NA,1.0280763242048332
1037,NA,1.0284282438833245,1.0283963755134384,NA,0.5601626298018769,NA,1.0284282438833245
1038,NA,1.0287801635618161,1.028752751946441,NA,0.5601626298018769,NA,1.0287801635618161
1039,NA,1.0291320832403075,1.029108809845878,NA,0.5601626298018769,NA,1.0291320832403075
1040,NA,1.029484002918799,1.0294645503031479,NA,0.5601626298018769,NA,1.029484002918799
1041,NA,1.0298359225972904,1.0298199744096472,NA,0.5601626298018769,NA,1.0298359225972904
1042,NA,1.0301878422757818,1.030175083256774,NA,0.5601626298018769,NA,1.0301878422757818
1043,NA,1.0305397619542733,1.0305298779359244,NA,0.5601626298018769,NA,1.0305397619542733
1044,NA,1.0308916816327647,1.0308843595384969,NA,0.5601626298018769,NA,1.0308916816327647
1045,NA,1.0312436013112563,1.031238529155888,NA,0.5601626298018769,NA,1.0312436013112563
1046,NA,1.0315955209897476,1.0315923878794955,NA,0.5601626298018769,NA,1.0315955209897476
1047,NA,1.031947440668239,1.0319459368007164,NA,0.5601626298018769,NA,1.031947440668239
1048,NA,1.0322993603467305,1.0322991770109482,NA,0.5601626298018769,NA,1.0322993603467305
1049,NA,1.0326512800252219,1.032652109601588,NA,0.5601626298018769,NA,1.0326512800252219
1050,NA,1.0330031997037135,1.0330047356640328,NA,0.5601626298018769,NA,1.0330031997037135
1051,NA,1.0333551193822048,1.0333570562896808,NA,0.5601626298018769,NA,1.0333551193822048
1052,NA,1.0337070390606964,1.0337090725699283,NA,0.5601626298018769,NA,1.0337070390606964
1053,NA,1.0340589587391877,1.034060785596173,NA,0.5601626298018769,NA,1.0340589587391877
1054,NA,1.034410878417679,1.0344121964598123,NA,0.5601626298018769,NA,1.034410878417679
1055,NA,1.0347627980961707,1.0347633062522434,NA,0.5601626298018769,NA,1.0347627980961707
1056,NA,1.035114717774662,1.0351141160648638,NA,0.5601626298018769,NA,1.035114717774662
1057,NA,1.0354666374531536,1.0354646269890704,NA,0.5601626298018769,NA,1.0354666374531536
1058,NA,1.035818557131645,1.0358148401162608,NA,0.5601626298018769,NA,1.035818557131645
1059,NA,1.0361704768101363,1.036164756537832,NA,0.5601626298018769,NA,1.0361704768101363
1060,NA,1.0365223964886279,1.0365143773451817,NA,0.5601626298018769,NA,1.0365223964886279
1061,NA,1.0368743161671192,1.0368637036297068,NA,0.5601626298018769,NA,1.0368743161671192
1062,NA,1.0372262358456108,1.0372127364828048,NA,0.5601626298018769,NA,1.0372262358456108
1063,NA,1.0375781555241022,1.0375614769958725,NA,0.5601626298018769,NA,1.0375781555241022
1064,NA,1.0379300752025935,1.0379099262603082,NA,0.5601626298018769,NA,1.0379300752025935
1065,NA,1.038281994881085,1.0382580853675085,NA,0.5601626298018769,NA,1.038281994881085
1066,NA,1.0386339145595764,1.0386059554088707,NA,0.5601626298018769,NA,1.0386339145595764
1067,NA,1.038985834238068,1.0389535374757923,NA,0.5601626298018769,NA,1.038985834238068
1068,NA,1.0393377539165594,1.0393008326596704,NA,0.5601626298018769,NA,1.0393377539165594
1069,NA,1.0396896735950507,1.0396478420519024,NA,0.5601626298018769,NA,1.0396896735950507
1070,NA,1.0400415932735423,1.0399945667438855,NA,0.5601626298018769,NA,1.0400415932735423
1071,NA,1.0403935129520336,1.0403410078270172,NA,0.5601626298018769,NA,1.0403935129520336
1072,NA,1.0407454326305252,1.0406871663926947,NA,0.5601626298018769,NA,1.0407454326305252
1073,NA,1.0410973523090166,1.041033043532315,NA,0.5601626298018769,NA,1.0410973523090166
1074,NA,1.041449271987508,1.0413786403372762,NA,0.5601626298018769,NA,1.041449271987508
1075,NA,1.0418011916659995,1.0417239578989743,NA,0.5601626298018769,NA,1.0418011916659995
1076,NA,1.0421531113444908,1.042068997308808,NA,0.5601626298018769,NA,1.0421531113444908
1077,NA,1.0425050310229824,1.0424137596581735,NA,0.5601626298018769,NA,1.0425050310229824
1078,NA,1.0428569507014738,1.0427582460384686,NA,0.5601626298018769,NA,1.0428569507014738
1079,NA,1.0432088703799651,1.0431024575410905,NA,0.5601626298018769,NA,1.0432088703799651
1080,NA,1.0435607900584567,1.0434463952574367,NA,0.5601626298018769,NA,1.0435607900584567
1081,NA,1.043912709736948,1.0437900602789039,NA,0.5601626298018769,NA,1.043912709736948
1082,NA,1.0442646294154396,1.04413345369689,NA,0.5601626298018769,NA,1.0442646294154396
1083,NA,1.044616549093931,1.044476576602792,NA,0.5601626298018769,NA,1.044616549093931
1084,NA,1.0449684687724226,1.0448194300880072,NA,0.5601626298018769,NA,1.0449684687724226
1085,NA,1.045320388450914,1.0451620152439332,NA,0.5601626298018769,NA,1.045320388450914
1086,NA,1.0456723081294053,1.0455043331619667,NA,0.5601626298018769,NA,1.0456723081294053
1087,NA,1.0460242278078968,1.0458463849335056,NA,0.5601626298018769,NA,1.0460242278078968
1088,NA,1.0463761474863882,1.0461881716499466,NA,0.5601626298018769,NA,1.0463761474863882
1089,NA,1.0467280671648798,1.0465296944026876,NA,0.5601626298018769,NA,1.0467280671648798
1090,NA,1.0470799868433711,1.0468709542831258,NA,0.5601626298018769,NA,1.0470799868433711
1091,NA,1.0474319065218625,1.047211952382658,NA,0.5601626298018769,NA,1.0474319065218625
1092,NA,1.047783826200354,1.0475526897926817,NA,0.5601626298018769,NA,1.047783826200354
1093,NA,1.0481357458788454,1.0478931676045946,NA,0.5601626298018769,NA,1.0481357458788454
1094,NA,1.048487665557337,1.0482333869097933,NA,0.5601626298018769,NA,1.048487665557337
1095,1.0488395852358283,1.0488395852358283,1.0485733487996758,NA,0.5601626298018769,NA,1.0488395852358283
1096,NA,1.049158462822041,1.048912790949871,NA,0.5601626298018769,NA,1.049158462822041
1097,NA,1.0494773404082536,1.0492514571850993,NA,0.5601626298018769,NA,1.0494773404082536
1098,NA,1.0497962179944662,1.0495893578203939,NA,0.5601626298018769,NA,1.0497962179944662
1099,NA,1.0501150955806788,1.0499265031707878,NA,0.5601626298018769,NA,1.0501150955806788
1100,NA,1.0504339731668915,1.050262903551315,NA,0.5601626298018769,NA,1.0504339731668915
1101,NA,1.050752850753104,1.0505985692770075,NA,0.5601626298018769,NA,1.050752850753104
1102,NA,1.0510717283393167,1.0509335106628996,NA,0.5601626298018769,NA,1.0510717283393167
1103,NA,1.0513906059255294,1.051267738024024,NA,0.5601626298018769,NA,1.0513906059255294
1104,NA,1.051709483511742,1.0516012616754145,NA,0.5601626298018769,NA,1.051709483511742
1105,NA,1.0520283610979546,1.0519340919321039,NA,0.5601626298018769,NA,1.0520283610979546
1106,NA,1.0523472386841672,1.0522662391091253,NA,0.5601626298018769,NA,1.0523472386841672
1107,NA,1.0526661162703799,1.0525977135215128,NA,0.5601626298018769,NA,1.0526661162703799
1108,NA,1.0529849938565925,1.0529285254842986,NA,0.5601626298018769,NA,1.0529849938565925
1109,NA,1.0533038714428051,1.0532586853125165,NA,0.5601626298018769,NA,1.0533038714428051
1110,NA,1.0536227490290178,1.0535882033211998,NA,0.5601626298018769,NA,1.0536227490290178
1111,NA,1.0539416266152304,1.0539170898253813,NA,0.5601626298018769,NA,1.0539416266152304
1112,NA,1.054260504201443,1.0542453551400948,NA,0.5601626298018769,NA,1.054260504201443
1113,NA,1.0545793817876556,1.0545730095803734,NA,0.5601626298018769,NA,1.0545793817876556
1114,NA,1.0548982593738683,1.05490006346125,NA,0.5601626298018769,NA,1.0548982593738683
1115,NA,1.055217136960081,1.0552265270977583,NA,0.5601626298018769,NA,1.055217136960081
1116,NA,1.0555360145462935,1.0555524108049312,NA,0.5601626298018769,NA,1.0555360145462935
1117,NA,1.0558548921325062,1.0558777248978024,NA,0.5601626298018769,NA,1.0558548921325062
1118,NA,1.0561737697187188,1.0562024796914047,NA,0.5601626298018769,NA,1.0561737697187188
1119,NA,1.0564926473049314,1.0565266855007718,NA,0.5601626298018769,NA,1.0564926473049314
1120,NA,1.056811524891144,1.0568503526409363,NA,0.5601626298018769,NA,1.056811524891144
1121,NA,1.0571304024773567,1.057173491426932,NA,0.5601626298018769,NA,1.0571304024773567
1122,NA,1.0574492800635693,1.0574961121737918,NA,0.5601626298018769,NA,1.0574492800635693
1123,NA,1.057768157649782,1.0578182251965496,NA,0.5601626298018769,NA,1.057768157649782
1124,NA,1.0580870352359946,1.0581398408102376,NA,0.5601626298018769,NA,1.0580870352359946
1125,NA,1.0584059128222072,1.05846096932989,NA,0.5601626298018769,NA,1.0584059128222072
1126,NA,1.0587247904084198,1.0587816210705396,NA,0.5601626298018769,NA,1.0587247904084198
1127,NA,1.0590436679946325,1.05910180634722,NA,0.5601626298018769,NA,1.0590436679946325
1128,NA,1.059362545580845,1.0594215354749636,NA,0.5601626298018769,NA,1.059362545580845
1129,NA,1.0596814231670577,1.0597408187688049,NA,0.5601626298018769,NA,1.0596814231670577
1130,NA,1.0600003007532703,1.060059666543776,NA,0.5601626298018769,NA,1.0600003007532703
1131,NA,1.060319178339483,1.060378089114911,NA,0.5601626298018769,NA,1.060319178339483
1132,NA,1.0606380559256956,1.0606960967972423,NA,0.5601626298018769,NA,1.0606380559256956
1133,NA,1.0609569335119082,1.061013699905804,NA,0.5601626298018769,NA,1.0609569335119082
1134,NA,1.0612758110981209,1.0613309087556289,NA,0.5601626298018769,NA,1.0612758110981209
1135,NA,1.0615946886843335,1.0616477336617502,NA,0.5601626298018769,NA,1.0615946886843335
1136,NA,1.0619135662705461,1.0619641849392019,NA,0.5601626298018769,NA,1.0619135662705461
1137,NA,1.0622324438567587,1.062280272903016,NA,0.5601626298018769,NA,1.0622324438567587
1138,NA,1.0625513214429714,1.0625960078682266,NA,0.5601626298018769,NA,1.0625513214429714
1139,NA,1.062870199029184,1.0629114001498667,NA,0.5601626298018769,NA,1.062870199029184
1140,NA,1.0631890766153966,1.06322646006297,NA,0.5601626298018769,NA,1.0631890766153966
1141,NA,1.063507954201609,1.0635411979225688,NA,0.5601626298018769,NA,1.063507954201609
1142,NA,1.0638268317878217,1.0638556240436972,NA,0.5601626298018769,NA,1.0638268317878217
1143,NA,1.0641457093740343,1.0641697487413881,NA,0.5601626298018769,NA,1.0641457093740343
1144,NA,1.064464586960247,1.0644835823306749,NA,0.5601626298018769,NA,1.064464586960247
1145,NA,1.0647834645464596,1.0647971351265904,NA,0.5601626298018769,NA,1.0647834645464596
1146,NA,1.0651023421326722,1.0651104174441686,NA,0.5601626298018769,NA,1.0651023421326722
1147,NA,1.0654212197188848,1.0654234395984423,NA,0.5601626298018769,NA,1.0654212197188848
1148,NA,1.0657400973050974,1.0657362119044445,NA,0.5601626298018769,NA,1.0657400973050974
1149,NA,1.06605897489131,1.0660487446772091,NA,0.5601626298018769,NA,1.06605897489131
1150,NA,1.0663778524775227,1.066361048231769,NA,0.5601626298018769,NA,1.0663778524775227
1151,NA,1.0666967300637353,1.0666731328831571,NA,0.5601626298018769,NA,1.0666967300637353
1152,NA,1.067015607649948,1.0669850089464072,NA,0.5601626298018769,NA,1.067015607649948
1153,NA,1.0673344852361606,1.0672966867365525,NA,0.5601626298018769,NA,1.0673344852361606
1154,NA,1.0676533628223732,1.067608176568626,NA,0.5601626298018769,NA,1.0676533628223732
1155,NA,1.0679722404085858,1.067919488757661,NA,0.5601626298018769,NA,1.0679722404085858
1156,NA,1.0682911179947985,1.0682306336186913,NA,0.5601626298018769,NA,1.0682911179947985
1157,NA,1.068609995581011,1.0685416214667491,NA,0.5601626298018769,NA,1.068609995581011
1158,NA,1.0689288731672237,1.0688524626168685,NA,0.5601626298018769,NA,1.0689288731672237
1159,NA,1.0692477507534364,1.0691631673840827,NA,0.5601626298018769,NA,1.0692477507534364
1160,NA,1.069566628339649,1.0694737460834243,NA,0.5601626298018769,NA,1.069566628339649
1161,NA,1.0698855059258616,1.0697842090299272,NA,0.5601626298018769,NA,1.0698855059258616
1162,NA,1.0702043835120743,1.0700945665386241,NA,0.5601626298018769,NA,1.0702043835120743
1163,NA,1.0705232610982869,1.070404828924549,NA,0.5601626298018769,NA,1.0705232610982869
1164,NA,1.0708421386844995,1.0707150065027344,NA,0.5601626298018769,NA,1.0708421386844995
1165,NA,1.0711610162707121,1.0710251095882137,NA,0.5601626298018769,NA,1.0711610162707121
1166,NA,1.0714798938569248,1.0713351484960207,NA,0.5601626298018769,NA,1.0714798938569248
1167,NA,1.0717987714431374,1.0716451335411885,NA,0.5601626298018769,NA,1.0717987714431374
1168,NA,1.07211764902935,1.0719550750387496,NA,0.5601626298018769,NA,1.07211764902935
1169,NA,1.0724365266155627,1.0722649833037383,NA,0.5601626298018769,NA,1.0724365266155627
1170,NA,1.0727554042017753,1.072574868651187,NA,0.5601626298018769,NA,1.0727554042017753
1171,NA,1.073074281787988,1.0728847413961295,NA,0.5601626298018769,NA,1.073074281787988
1172,NA,1.0733931593742005,1.0731946118535987,NA,0.5601626298018769,NA,1.0733931593742005
1173,NA,1.0737120369604132,1.073504490338628,NA,0.5601626298018769,NA,1.0737120369604132
1174,NA,1.0740309145466258,1.0738143871662504,NA,0.5601626298018769,NA,1.0740309145466258
1175,NA,1.0743497921328384,1.0741243126514994,NA,0.5601626298018769,NA,1.0743497921328384
1176,NA,1.074668669719051,1.0744342771094089,NA,0.5601626298018769,NA,1.074668669719051
1177,NA,1.0749875473052637,1.074744290855011,NA,0.5601626298018769,NA,1.0749875473052637
1178,NA,1.0753064248914763,1.0750543642033392,NA,0.5601626298018769,NA,1.0753064248914763
1179,NA,1.075625302477689,1.0753645074694276,NA,0.5601626298018769,NA,1.075625302477689
1180,NA,1.0759441800639016,1.0756747309683083,NA,0.5601626298018769,NA,1.0759441800639016
1181,NA,1.0762630576501142,1.0759850450150155,NA,0.5601626298018769,NA,1.0762630576501142
1182,NA,1.0765819352363268,1.076295459924582,NA,0.5601626298018769,NA,1.0765819352363268
1183,NA,1.0769008128225395,1.076605986012041,NA,0.5601626298018769,NA,1.0769008128225395
1184,NA,1.077219690408752,1.0769166335924256,NA,0.5601626298018769,NA,1.077219690408752
1185,NA,1.0775385679949647,1.0772274129807697,NA,0.5601626298018769,NA,1.0775385679949647
1186,1.0778574455811774,1.0778574455811774,1.077538334492106,NA,0.5601626298018769,NA,1.0778574455811774
1187,NA,1.0781429202466877,1.0778490262667388,NA,0.5601626298018769,NA,1.0781429202466877
1188,NA,1.0784283949121982,1.0781591122174508,NA,0.5601626298018769,NA,1.0784283949121982
1189,NA,1.0787138695777085,1.0784685963179927,NA,0.5601626298018769,NA,1.0787138695777085
1190,NA,1.078999344243219,1.0787774825421153,NA,0.5601626298018769,NA,1.078999344243219
1191,NA,1.0792848189087294,1.0790857748635694,NA,0.5601626298018769,NA,1.0792848189087294
1192,NA,1.07957029357424,1.079393477256106,NA,0.5601626298018769,NA,1.07957029357424
1193,NA,1.0798557682397503,1.0797005936934754,NA,0.5601626298018769,NA,1.0798557682397503
1194,NA,1.0801412429052608,1.0800071281494288,NA,0.5601626298018769,NA,1.0801412429052608
1195,NA,1.0804267175707711,1.0803130845977167,NA,0.5601626298018769,NA,1.0804267175707711
1196,NA,1.0807121922362817,1.0806184670120902,NA,0.5601626298018769,NA,1.0807121922362817
1197,NA,1.080997666901792,1.0809232793662997,NA,0.5601626298018769,NA,1.080997666901792
1198,NA,1.0812831415673025,1.0812275256340964,NA,0.5601626298018769,NA,1.0812831415673025
1199,NA,1.0815686162328129,1.081531209789231,NA,0.5601626298018769,NA,1.0815686162328129
1200,NA,1.0818540908983234,1.0818343358054536,NA,0.5601626298018769,NA,1.0818540908983234
1201,NA,1.0821395655638337,1.0821369076565162,NA,0.5601626298018769,NA,1.0821395655638337
1202,NA,1.0824250402293443,1.0824389293161685,NA,0.5601626298018769,NA,1.0824250402293443
1203,NA,1.0827105148948546,1.0827404047581621,NA,0.5601626298018769,NA,1.0827105148948546
1204,NA,1.0829959895603651,1.0830413379562471,NA,0.5601626298018769,NA,1.0829959895603651
1205,NA,1.0832814642258755,1.0833417328841746,NA,0.5601626298018769,NA,1.0832814642258755
1206,NA,1.083566938891386,1.0836415935156956,NA,0.5601626298018769,NA,1.083566938891386
1207,NA,1.0838524135568963,1.0839409238245603,NA,0.5601626298018769,NA,1.0838524135568963
1208,NA,1.0841378882224069,1.0842397277845202,NA,0.5601626298018769,NA,1.0841378882224069
1209,NA,1.0844233628879172,1.0845380093693253,NA,0.5601626298018769,NA,1.0844233628879172
1210,NA,1.0847088375534275,1.0848357725527271,NA,0.5601626298018769,NA,1.0847088375534275
1211,NA,1.084994312218938,1.0851330213084762,NA,0.5601626298018769,NA,1.084994312218938
1212,NA,1.0852797868844484,1.0854297596103233,NA,0.5601626298018769,NA,1.0852797868844484
1213,NA,1.085565261549959,1.085725991432019,NA,0.5601626298018769,NA,1.085565261549959
1214,NA,1.0858507362154692,1.0860217207473144,NA,0.5601626298018769,NA,1.0858507362154692
1215,NA,1.0861362108809798,1.0863169515299598,NA,0.5601626298018769,NA,1.0861362108809798
1216,NA,1.08642168554649,1.0866116877537064,NA,0.5601626298018769,NA,1.08642168554649
1217,NA,1.0867071602120006,1.0869059333923052,NA,0.5601626298018769,NA,1.0867071602120006
1218,NA,1.086992634877511,1.0871996924195066,NA,0.5601626298018769,NA,1.086992634877511
1219,NA,1.0872781095430215,1.0874929688090615,NA,0.5601626298018769,NA,1.0872781095430215
1220,NA,1.0875635842085318,1.0877857665347204,NA,0.5601626298018769,NA,1.0875635842085318
1221,NA,1.0878490588740424,1.0880780895702347,NA,0.5601626298018769,NA,1.0878490588740424
1222,NA,1.0881345335395527,1.0883699418893547,NA,0.5601626298018769,NA,1.0881345335395527
1223,NA,1.0884200082050632,1.0886613274658312,NA,0.5601626298018769,NA,1.0884200082050632
1224,NA,1.0887054828705736,1.088952250273415,NA,0.5601626298018769,NA,1.0887054828705736
1225,NA,1.088990957536084,1.0892427142858574,NA,0.5601626298018769,NA,1.088990957536084
1226,NA,1.0892764322015944,1.0895327234769083,NA,0.5601626298018769,NA,1.0892764322015944
1227,NA,1.089561906867105,1.0898222818203191,NA,0.5601626298018769,NA,1.089561906867105
1228,NA,1.0898473815326153,1.090111393289841,NA,0.5601626298018769,NA,1.0898473815326153
1229,NA,1.0901328561981258,1.0904000618592236,NA,0.5601626298018769,NA,1.0901328561981258
1230,NA,1.0904183308636362,1.0906882915022185,NA,0.5601626298018769,NA,1.0904183308636362
1231,NA,1.0907038055291467,1.0909760861925764,NA,0.5601626298018769,NA,1.0907038055291467
1232,NA,1.090989280194657,1.0912634499040477,NA,0.5601626298018769,NA,1.090989280194657
1233,NA,1.0912747548601673,1.0915503866103837,NA,0.5601626298018769,NA,1.0912747548601673
1234,NA,1.0915602295256779,1.091836900285335,NA,0.5601626298018769,NA,1.0915602295256779
1235,NA,1.0918457041911882,1.092122994902652,NA,0.5601626298018769,NA,1.0918457041911882
1236,NA,1.0921311788566987,1.0924086744360861,NA,0.5601626298018769,NA,1.0921311788566987
1237,NA,1.092416653522209,1.092693942859388,NA,0.5601626298018769,NA,1.092416653522209
1238,NA,1.0927021281877196,1.0929788041463082,NA,0.5601626298018769,NA,1.0927021281877196
1239,NA,1.09298760285323,1.0932632622705973,NA,0.5601626298018769,NA,1.09298760285323
1240,NA,1.0932730775187405,1.0935473212060065,NA,0.5601626298018769,NA,1.0932730775187405
1241,NA,1.0935585521842508,1.0938309849262864,NA,0.5601626298018769,NA,1.0935585521842508
1242,NA,1.0938440268497613,1.0941142574051879,NA,0.5601626298018769,NA,1.0938440268497613
1243,NA,1.0941295015152717,1.0943971426164618,NA,0.5601626298018769,NA,1.0941295015152717
1244,NA,1.0944149761807822,1.0946796445338587,NA,0.5601626298018769,NA,1.0944149761807822
1245,NA,1.0947004508462925,1.0949617671311291,NA,0.5601626298018769,NA,1.0947004508462925
1246,NA,1.094985925511803,1.095243514382025,NA,0.5601626298018769,NA,1.094985925511803
1247,NA,1.0952714001773134,1.0955248902602956,NA,0.5601626298018769,NA,1.0952714001773134
1248,NA,1.095556874842824,1.095805898739693,NA,0.5601626298018769,NA,1.095556874842824
1249,NA,1.0958423495083343,1.0960865437939673,NA,0.5601626298018769,NA,1.0958423495083343
1250,NA,1.0961278241738448,1.0963668293968694,NA,0.5601626298018769,NA,1.0961278241738448
1251,NA,1.0964132988393551,1.0966467595221498,NA,0.5601626298018769,NA,1.0964132988393551
1252,NA,1.0966987735048657,1.0969263381435599,NA,0.5601626298018769,NA,1.0966987735048657
1253,NA,1.096984248170376,1.09720556923485,NA,0.5601626298018769,NA,1.096984248170376
1254,NA,1.0972697228358865,1.097484456769771,NA,0.5601626298018769,NA,1.0972697228358865
1255,NA,1.0975551975013969,1.0977630047220739,NA,0.5601626298018769,NA,1.0975551975013969
1256,NA,1.0978406721669072,1.0980412170655092,NA,0.5601626298018769,NA,1.0978406721669072
1257,NA,1.0981261468324177,1.0983190977738277,NA,0.5601626298018769,NA,1.0981261468324177
1258,NA,1.098411621497928,1.0985966508207805,NA,0.5601626298018769,NA,1.098411621497928
1259,NA,1.0986970961634386,1.0988738801801181,NA,0.5601626298018769,NA,1.0986970961634386
1260,NA,1.098982570828949,1.0991507898255917,NA,0.5601626298018769,NA,1.098982570828949
1261,NA,1.0992680454944594,1.0994273837309512,NA,0.5601626298018769,NA,1.0992680454944594
1262,NA,1.0995535201599698,1.0997036658699482,NA,0.5601626298018769,NA,1.0995535201599698
1263,NA,1.0998389948254803,1.099979640216333,NA,0.5601626298018769,NA,1.0998389948254803
1264,NA,1.1001244694909906,1.1002553107438569,NA,0.5601626298018769,NA,1.1001244694909906
1265,NA,1.1004099441565012,1.1005306814262703,NA,0.5601626298018769,NA,1.1004099441565012
1266,NA,1.1006954188220115,1.100805756237324,NA,0.5601626298018769,NA,1.1006954188220115
1267,NA,1.100980893487522,1.101080539150769,NA,0.5601626298018769,NA,1.100980893487522
1268,NA,1.1012663681530324,1.1013550341403557,NA,0.5601626298018769,NA,1.1012663681530324
1269,NA,1.101551842818543,1.1016292451798355,NA,0.5601626298018769,NA,1.101551842818543
1270,NA,1.1018373174840532,1.1019031762429583,NA,0.5601626298018769,NA,1.1018373174840532
1271,NA,1.1021227921495638,1.1021768313034759,NA,0.5601626298018769,NA,1.1021227921495638
1272,NA,1.102408266815074,1.1024502143351382,NA,0.5601626298018769,NA,1.102408266815074
1273,NA,1.1026937414805846,1.102723329311697,NA,0.5601626298018769,NA,1.1026937414805846
1274,NA,1.102979216146095,1.1029961802069015,NA,0.5601626298018769,NA,1.102979216146095
1275,NA,1.1032646908116055,1.1032687709945042,NA,0.5601626298018769,NA,1.1032646908116055
1276,NA,1.1035501654771158,1.1035411056482545,NA,0.5601626298018769,NA,1.1035501654771158
1277,NA,1.1038356401426264,1.1038131881419042,NA,0.5601626298018769,NA,1.1038356401426264
1278,1.1041211148081367,1.1041211148081367,1.1040850224492038,NA,0.5601626298018769,NA,1.1041211148081367
1279,NA,1.1043861085635711,1.1043566125439037,NA,0.5601626298018769,NA,1.1043861085635711
1280,NA,1.1046511023190053,1.1046279623997552,NA,0.5601626298018769,NA,1.1046511023190053
1281,NA,1.1049160960744397,1.1048990759905086,NA,0.5601626298018769,NA,1.1049160960744397
1282,NA,1.1051810898298742,1.1051699572899152,NA,0.5601626298018769,NA,1.1051810898298742
1283,NA,1.1054460835853084,1.1054406102717254,NA,0.5601626298018769,NA,1.1054460835853084
1284,NA,1.1057110773407428,1.1057110389096898,NA,0.5601626298018769,NA,1.1057110773407428
1285,NA,1.105976071096177,1.1059812471775596,NA,0.5601626298018769,NA,1.105976071096177
1286,NA,1.1062410648516114,1.106251239049086,NA,0.5601626298018769,NA,1.1062410648516114
1287,NA,1.1065060586070459,1.1065210184980188,NA,0.5601626298018769,NA,1.1065060586070459
1288,NA,1.10677105236248,1.1067905894981094,NA,0.5601626298018769,NA,1.10677105236248
1289,NA,1.1070360461179145,1.107059956023108,NA,0.5601626298018769,NA,1.1070360461179145
1290,NA,1.107301039873349,1.1073291220467665,NA,0.5601626298018769,NA,1.107301039873349
1291,NA,1.1075660336287831,1.1075980915428343,NA,0.5601626298018769,NA,1.1075660336287831
1292,NA,1.1078310273842176,1.1078668684850632,NA,0.5601626298018769,NA,1.1078310273842176
1293,NA,1.108096021139652,1.108135456847204,NA,0.5601626298018769,NA,1.108096021139652
1294,NA,1.1083610148950862,1.1084038606030064,NA,0.5601626298018769,NA,1.1083610148950862
1295,NA,1.1086260086505206,1.1086720837262227,NA,0.5601626298018769,NA,1.1086260086505206
1296,NA,1.1088910024059548,1.1089401301906026,NA,0.5601626298018769,NA,1.1088910024059548
1297,NA,1.1091559961613893,1.109208003969897,NA,0.5601626298018769,NA,1.1091559961613893
1298,NA,1.1094209899168237,1.1094757090378573,NA,0.5601626298018769,NA,1.1094209899168237
1299,NA,1.109685983672258,1.1097432493682338,NA,0.5601626298018769,NA,1.109685983672258
1300,NA,1.1099509774276923,1.1100106289347769,NA,0.5601626298018769,NA,1.1099509774276923
1301,NA,1.1102159711831268,1.1102778517112384,NA,0.5601626298018769,NA,1.1102159711831268
1302,NA,1.110480964938561,1.110544921671368,NA,0.5601626298018769,NA,1.110480964938561
1303,NA,1.1107459586939954,1.1108118427889175,NA,0.5601626298018769,NA,1.1107459586939954
1304,NA,1.1110109524494298,1.111078619037637,NA,0.5601626298018769,NA,1.1110109524494298
1305,NA,1.111275946204864,1.1113452543912776,NA,0.5601626298018769,NA,1.111275946204864
1306,NA,1.1115409399602985,1.1116117528235898,NA,0.5601626298018769,NA,1.1115409399602985
1307,NA,1.1118059337157327,1.1118781183083246,NA,0.5601626298018769,NA,1.1118059337157327
1308,NA,1.112070927471167,1.112144354819233,NA,0.5601626298018769,NA,1.112070927471167
1309,NA,1.1123359212266015,1.1124104663300651,NA,0.5601626298018769,NA,1.1123359212266015
1310,NA,1.1126009149820357,1.1126764568145722,NA,0.5601626298018769,NA,1.1126009149820357
1311,NA,1.1128659087374702,1.1129423302465054,NA,0.5601626298018769,NA,1.1128659087374702
1312,NA,1.1131309024929046,1.1132080905996147,NA,0.5601626298018769,NA,1.1131309024929046
1313,NA,1.1133958962483388,1.113473741847651,NA,0.5601626298018769,NA,1.1133958962483388
1314,NA,1.1136608900037732,1.1137392879643657,NA,0.5601626298018769,NA,1.1136608900037732
1315,NA,1.1139258837592076,1.1140047329235094,NA,0.5601626298018769,NA,1.1139258837592076
1316,NA,1.1141908775146419,1.1142700806988326,NA,0.5601626298018769,NA,1.1141908775146419
1317,NA,1.1144558712700763,1.114535335264086,NA,0.5601626298018769,NA,1.1144558712700763
1318,NA,1.1147208650255105,1.1148005005930206,NA,0.5601626298018769,NA,1.1147208650255105
1319,NA,1.114985858780945,1.1150655806593872,NA,0.5601626298018769,NA,1.114985858780945
1320,NA,1.1152508525363793,1.1153305794369368,NA,0.5601626298018769,NA,1.1152508525363793
1321,NA,1.1155158462918136,1.1155955008994198,NA,0.5601626298018769,NA,1.1155158462918136
1322,NA,1.115780840047248,1.1158603490205874,NA,0.5601626298018769,NA,1.115780840047248
1323,NA,1.1160458338026824,1.1161251277741897,NA,0.5601626298018769,NA,1.1160458338026824
1324,NA,1.1163108275581166,1.116389841133978,NA,0.5601626298018769,NA,1.1163108275581166
1325,NA,1.116575821313551,1.116654493073703,NA,0.5601626298018769,NA,1.116575821313551
1326,NA,1.1168408150689855,1.1169190875671153,NA,0.5601626298018769,NA,1.1168408150689855
1327,NA,1.1171058088244197,1.1171836285879664,NA,0.5601626298018769,NA,1.1171058088244197
1328,NA,1.117370802579854,1.117448120110006,NA,0.5601626298018769,NA,1.117370802579854
1329,NA,1.1176357963352885,1.1177125661069856,NA,0.5601626298018769,NA,1.1176357963352885
1330,NA,1.1179007900907227,1.1179769705526557,NA,0.5601626298018769,NA,1.1179007900907227
1331,NA,1.1181657838461572,1.1182413374207674,NA,0.5601626298018769,NA,1.1181657838461572
1332,NA,1.1184307776015914,1.1185056706850713,NA,0.5601626298018769,NA,1.1184307776015914
1333,NA,1.1186957713570258,1.118769974319318,NA,0.5601626298018769,NA,1.1186957713570258
1334,NA,1.1189607651124602,1.1190342522972587,NA,0.5601626298018769,NA,1.1189607651124602
1335,NA,1.1192257588678944,1.1192985085926435,NA,0.5601626298018769,NA,1.1192257588678944
1336,NA,1.1194907526233289,1.119562747179224,NA,0.5601626298018769,NA,1.1194907526233289
1337,NA,1.1197557463787633,1.1198269720307503,NA,0.5601626298018769,NA,1.1197557463787633
1338,NA,1.1200207401341975,1.1200911871209738,NA,0.5601626298018769,NA,1.1200207401341975
1339,NA,1.120285733889632,1.1203553964236448,NA,0.5601626298018769,NA,1.120285733889632
1340,NA,1.1205507276450664,1.1206196039125143,NA,0.5601626298018769,NA,1.1205507276450664
1341,NA,1.1208157214005006,1.1208838135613328,NA,0.5601626298018769,NA,1.1208157214005006
1342,NA,1.121080715155935,1.1211480293438518,NA,0.5601626298018769,NA,1.121080715155935
1343,NA,1.1213457089113692,1.1214122552338213,NA,0.5601626298018769,NA,1.1213457089113692
1344,NA,1.1216107026668036,1.1216764952049922,NA,0.5601626298018769,NA,1.1216107026668036
1345,NA,1.121875696422238,1.1219407532311159,NA,0.5601626298018769,NA,1.121875696422238
1346,NA,1.1221406901776723,1.1222050332859426,NA,0.5601626298018769,NA,1.1221406901776723
1347,NA,1.1224056839331067,1.1224693393432235,NA,0.5601626298018769,NA,1.1224056839331067
1348,NA,1.1226706776885411,1.122733675376709,NA,0.5601626298018769,NA,1.1226706776885411
1349,NA,1.1229356714439753,1.1229980453601498,NA,0.5601626298018769,NA,1.1229356714439753
1350,NA,1.1232006651994098,1.123262453267297,NA,0.5601626298018769,NA,1.1232006651994098
1351,NA,1.1234656589548442,1.1235269030719015,NA,0.5601626298018769,NA,1.1234656589548442
1352,NA,1.1237306527102784,1.1237913987477135,NA,0.5601626298018769,NA,1.1237306527102784
1353,NA,1.1239956464657128,1.1240559442684843,NA,0.5601626298018769,NA,1.1239956464657128
1354,NA,1.124260640221147,1.1243205436079644,NA,0.5601626298018769,NA,1.124260640221147
1355,NA,1.1245256339765815,1.1245852007399053,NA,0.5601626298018769,NA,1.1245256339765815
1356,NA,1.1247906277320159,1.1248499196380566,NA,0.5601626298018769,NA,1.1247906277320159
1357,NA,1.12505562148745,1.1251147042761702,NA,0.5601626298018769,NA,1.12505562148745
1358,NA,1.1253206152428845,1.1253795586279958,NA,0.5601626298018769,NA,1.1253206152428845
1359,NA,1.125585608998319,1.1256444866672854,NA,0.5601626298018769,NA,1.125585608998319
1360,NA,1.1258506027537531,1.1259094923677888,NA,0.5601626298018769,NA,1.1258506027537531
1361,NA,1.1261155965091876,1.1261745797032574,NA,0.5601626298018769,NA,1.1261155965091876
1362,NA,1.126380590264622,1.1264397526474415,NA,0.5601626298018769,NA,1.126380590264622
1363,NA,1.1266455840200562,1.1267050151740923,NA,0.5601626298018769,NA,1.1266455840200562
1364,NA,1.1269105777754906,1.1269703712569599,NA,0.5601626298018769,NA,1.1269105777754906
1365,NA,1.1271755715309248,1.127235824869796,NA,0.5601626298018769,NA,1.1271755715309248
1366,NA,1.1274405652863593,1.127501379986351,NA,0.5601626298018769,NA,1.1274405652863593
1367,NA,1.1277055590417937,1.1277670405803757,NA,0.5601626298018769,NA,1.1277055590417937
1368,NA,1.127970552797228,1.1280328106256206,NA,0.5601626298018769,NA,1.127970552797228
1369,1.1282355465526623,1.1282355465526623,1.1282986940958368,NA,0.5601626298018769,NA,1.1282355465526623
1370,NA,1.128484216420302,1.1285643723044212,NA,0.5601626298018769,NA,1.128484216420302
1371,NA,1.1287328862879413,1.128829526818177,NA,0.5601626298018769,NA,1.1287328862879413
1372,NA,1.128981556155581,1.1290941619909631,NA,0.5601626298018769,NA,1.128981556155581
1373,NA,1.1292302260232203,1.1293582821766397,NA,0.5601626298018769,NA,1.1292302260232203
1374,NA,1.12947889589086,1.1296218917290655,NA,0.5601626298018769,NA,1.12947889589086
1375,NA,1.1297275657584993,1.1298849950021002,NA,0.5601626298018769,NA,1.1297275657584993
1376,NA,1.129976235626139,1.130147596349603,NA,0.5601626298018769,NA,1.129976235626139
1377,NA,1.1302249054937785,1.130409700125434,NA,0.5601626298018769,NA,1.1302249054937785
1378,NA,1.130473575361418,1.130671310683452,NA,0.5601626298018769,NA,1.130473575361418
1379,NA,1.1307222452290575,1.130932432377517,NA,0.5601626298018769,NA,1.1307222452290575
1380,NA,1.130970915096697,1.1311930695614878,NA,0.5601626298018769,NA,1.130970915096697
1381,NA,1.1312195849643365,1.131453226589224,NA,0.5601626298018769,NA,1.1312195849643365
1382,NA,1.131468254831976,1.1317129078145856,NA,0.5601626298018769,NA,1.131468254831976
1383,NA,1.1317169246996155,1.1319721175914312,NA,0.5601626298018769,NA,1.1317169246996155
1384,NA,1.131965594567255,1.1322308602736209,NA,0.5601626298018769,NA,1.131965594567255
1385,NA,1.1322142644348945,1.1324891402150137,NA,0.5601626298018769,NA,1.1322142644348945
1386,NA,1.132462934302534,1.1327469617694692,NA,0.5601626298018769,NA,1.132462934302534
1387,NA,1.1327116041701735,1.1330043292908472,NA,0.5601626298018769,NA,1.1327116041701735
1388,NA,1.132960274037813,1.1332612471330068,NA,0.5601626298018769,NA,1.132960274037813
1389,NA,1.1332089439054527,1.1335177196498072,NA,0.5601626298018769,NA,1.1332089439054527
1390,NA,1.133457613773092,1.1337737511951083,NA,0.5601626298018769,NA,1.133457613773092
1391,NA,1.1337062836407317,1.134029346122769,NA,0.5601626298018769,NA,1.1337062836407317
1392,NA,1.133954953508371,1.1342845087866493,NA,0.5601626298018769,NA,1.133954953508371
1393,NA,1.1342036233760107,1.1345392435406083,NA,0.5601626298018769,NA,1.1342036233760107
1394,NA,1.1344522932436503,1.1347935547385057,NA,0.5601626298018769,NA,1.1344522932436503
1395,NA,1.1347009631112897,1.1350474467342009,NA,0.5601626298018769,NA,1.1347009631112897
1396,NA,1.1349496329789293,1.1353009238815528,NA,0.5601626298018769,NA,1.1349496329789293
1397,NA,1.1351983028465686,1.1355539905344214,NA,0.5601626298018769,NA,1.1351983028465686
1398,NA,1.1354469727142082,1.135806651046666,NA,0.5601626298018769,NA,1.1354469727142082
1399,NA,1.1356956425818476,1.1360589097721463,NA,0.5601626298018769,NA,1.1356956425818476
1400,NA,1.1359443124494872,1.136310771064721,NA,0.5601626298018769,NA,1.1359443124494872
1401,NA,1.1361929823171268,1.1365622392782504,NA,0.5601626298018769,NA,1.1361929823171268
1402,NA,1.1364416521847662,1.1368133187665932,NA,0.5601626298018769,NA,1.1364416521847662
1403,NA,1.1366903220524058,1.1370640138836094,NA,0.5601626298018769,NA,1.1366903220524058
1404,NA,1.1369389919200452,1.1373143289831584,NA,0.5601626298018769,NA,1.1369389919200452
1405,NA,1.1371876617876848,1.137564268419099,NA,0.5601626298018769,NA,1.1371876617876848
1406,NA,1.1374363316553244,1.1378138365452914,NA,0.5601626298018769,NA,1.1374363316553244
1407,NA,1.1376850015229638,1.1380630377155947,NA,0.5601626298018769,NA,1.1376850015229638
1408,NA,1.1379336713906034,1.1383118762838684,NA,0.5601626298018769,NA,1.1379336713906034
1409,NA,1.1381823412582428,1.1385603566039717,NA,0.5601626298018769,NA,1.1381823412582428
1410,NA,1.1384310111258824,1.1388084830297645,NA,0.5601626298018769,NA,1.1384310111258824
1411,NA,1.1386796809935218,1.1390562599151057,NA,0.5601626298018769,NA,1.1386796809935218
1412,NA,1.1389283508611614,1.1393036916138555,NA,0.5601626298018769,NA,1.1389283508611614
1413,NA,1.139177020728801,1.1395507824798727,NA,0.5601626298018769,NA,1.139177020728801
1414,NA,1.1394256905964404,1.1397975368670168,NA,0.5601626298018769,NA,1.1394256905964404
1415,NA,1.13967436046408,1.1400439591291471,NA,0.5601626298018769,NA,1.13967436046408
1416,NA,1.1399230303317194,1.1402900536201237,NA,0.5601626298018769,NA,1.1399230303317194
1417,NA,1.140171700199359,1.1405358246938053,NA,0.5601626298018769,NA,1.140171700199359
1418,NA,1.1404203700669986,1.140781276704052,NA,0.5601626298018769,NA,1.1404203700669986
1419,NA,1.140669039934638,1.1410264140047226,NA,0.5601626298018769,NA,1.140669039934638
1420,NA,1.1409177098022776,1.1412712409496768,NA,0.5601626298018769,NA,1.1409177098022776
1421,NA,1.141166379669917,1.1415157618927743,NA,0.5601626298018769,NA,1.141166379669917
1422,NA,1.1414150495375566,1.141759981187874,NA,0.5601626298018769,NA,1.1414150495375566
1423,NA,1.141663719405196,1.1420039031888358,NA,0.5601626298018769,NA,1.141663719405196
1424,NA,1.1419123892728356,1.142247532249519,NA,0.5601626298018769,NA,1.1419123892728356
1425,NA,1.1421610591404752,1.142490872723783,NA,0.5601626298018769,NA,1.1421610591404752
1426,NA,1.1424097290081145,1.1427339289654874,NA,0.5601626298018769,NA,1.1424097290081145
1427,NA,1.1426583988757542,1.1429767053284914,NA,0.5601626298018769,NA,1.1426583988757542
1428,NA,1.1429070687433935,1.1432192061666546,NA,0.5601626298018769,NA,1.1429070687433935
1429,NA,1.1431557386110331,1.1434614358338362,NA,0.5601626298018769,NA,1.1431557386110331
1430,NA,1.1434044084786728,1.143703398683896,NA,0.5601626298018769,NA,1.1434044084786728
1431,NA,1.1436530783463121,1.1439450990706932,NA,0.5601626298018769,NA,1.1436530783463121
1432,NA,1.1439017482139517,1.144186541348087,NA,0.5601626298018769,NA,1.1439017482139517
1433,NA,1.1441504180815911,1.1444277298699375,NA,0.5601626298018769,NA,1.1441504180815911
1434,NA,1.1443990879492307,1.1446686689901036,NA,0.5601626298018769,NA,1.1443990879492307
1435,NA,1.1446477578168701,1.144909363062445,NA,0.5601626298018769,NA,1.1446477578168701
1436,NA,1.1448964276845097,1.1451498164408211,NA,0.5601626298018769,NA,1.1448964276845097
1437,NA,1.1451450975521493,1.1453900334790914,NA,0.5601626298018769,NA,1.1451450975521493
1438,NA,1.1453937674197887,1.1456300185311148,NA,0.5601626298018769,NA,1.1453937674197887
1439,NA,1.1456424372874283,1.1458697759507517,NA,0.5601626298018769,NA,1.1456424372874283
1440,NA,1.1458911071550677,1.1461093100918605,NA,0.5601626298018769,NA,1.1458911071550677
1441,NA,1.1461397770227073,1.1463486253083013,NA,0.5601626298018769,NA,1.1461397770227073
1442,NA,1.146388446890347,1.1465877259539334,NA,0.5601626298018769,NA,1.146388446890347
1443,NA,1.1466371167579863,1.146826616382616,NA,0.5601626298018769,NA,1.1466371167579863
1444,NA,1.146885786625626,1.147065300948209,NA,0.5601626298018769,NA,1.146885786625626
1445,NA,1.1471344564932653,1.1473037840045714,NA,0.5601626298018769,NA,1.1471344564932653
1446,NA,1.147383126360905,1.147542069905563,NA,0.5601626298018769,NA,1.147383126360905
1447,NA,1.1476317962285443,1.147780163005043,NA,0.5601626298018769,NA,1.1476317962285443
1448,NA,1.1478804660961839,1.1480180676568708,NA,0.5601626298018769,NA,1.1478804660961839
1449,NA,1.1481291359638235,1.1482557882149063,NA,0.5601626298018769,NA,1.1481291359638235
1450,NA,1.1483778058314629,1.1484933290330082,NA,0.5601626298018769,NA,1.1483778058314629
1451,NA,1.1486264756991025,1.1487306944650366,NA,0.5601626298018769,NA,1.1486264756991025
1452,NA,1.1488751455667419,1.1489678888648507,NA,0.5601626298018769,NA,1.1488751455667419
1453,NA,1.1491238154343815,1.1492049165863092,NA,0.5601626298018769,NA,1.1491238154343815
1454,NA,1.149372485302021,1.149441781983273,NA,0.5601626298018769,NA,1.149372485302021
1455,NA,1.1496211551696605,1.1496784894096004,NA,0.5601626298018769,NA,1.1496211551696605
1456,NA,1.1498698250373,1.1499150432191512,NA,0.5601626298018769,NA,1.1498698250373
1457,NA,1.1501184949049394,1.1501514477657848,NA,0.5601626298018769,NA,1.1501184949049394
1458,NA,1.150367164772579,1.150387707403361,NA,0.5601626298018769,NA,1.150367164772579
1459,NA,1.1506158346402184,1.150623826485739,NA,0.5601626298018769,NA,1.1506158346402184
1460,1.150864504507858,1.150864504507858,1.150859809366778,NA,0.5601626298018769,NA,1.150864504507858
1461,NA,1.1511000441212351,1.1510956604003373,NA,0.5601626298018769,NA,1.1511000441212351
1462,NA,1.1513355837346122,1.1513313839402768,NA,0.5601626298018769,NA,1.1513355837346122
1463,NA,1.1515711233479893,1.1515669843404557,NA,0.5601626298018769,NA,1.1515711233479893
1464,NA,1.1518066629613661,1.1518024659547337,NA,0.5601626298018769,NA,1.1518066629613661
1465,NA,1.1520422025747432,1.1520378331369698,NA,0.5601626298018769,NA,1.1520422025747432
1466,NA,1.1522777421881203,1.1522730902410239,NA,0.5601626298018769,NA,1.1522777421881203
1467,NA,1.1525132818014974,1.1525082416207555,NA,0.5601626298018769,NA,1.1525132818014974
1468,NA,1.1527488214148744,1.1527432916300233,NA,0.5601626298018769,NA,1.1527488214148744
1469,NA,1.1529843610282515,1.1529782446226873,NA,0.5601626298018769,NA,1.1529843610282515
1470,NA,1.1532199006416284,1.1532131049526069,NA,0.5601626298018769,NA,1.1532199006416284
1471,NA,1.1534554402550055,1.1534478769736416,NA,0.5601626298018769,NA,1.1534554402550055
1472,NA,1.1536909798683825,1.1536825650396505,NA,0.5601626298018769,NA,1.1536909798683825
1473,NA,1.1539265194817596,1.1539171735044935,NA,0.5601626298018769,NA,1.1539265194817596
1474,NA,1.1541620590951367,1.1541517067220297,NA,0.5601626298018769,NA,1.1541620590951367
1475,NA,1.1543975987085138,1.1543861690461186,NA,0.5601626298018769,NA,1.1543975987085138
1476,NA,1.1546331383218906,1.1546205648306196,NA,0.5601626298018769,NA,1.1546331383218906
1477,NA,1.1548686779352677,1.1548548984293923,NA,0.5601626298018769,NA,1.1548686779352677
1478,NA,1.1551042175486448,1.155089174196296,NA,0.5601626298018769,NA,1.1551042175486448
1479,NA,1.1553397571620219,1.1553233964851903,NA,0.5601626298018769,NA,1.1553397571620219
1480,NA,1.155575296775399,1.1555575696499345,NA,0.5601626298018769,NA,1.155575296775399
1481,NA,1.155810836388776,1.1557916980443879,NA,0.5601626298018769,NA,1.155810836388776
1482,NA,1.1560463760021529,1.1560257860224101,NA,0.5601626298018769,NA,1.1560463760021529
1483,NA,1.15628191561553,1.1562598379378608,NA,0.5601626298018769,NA,1.15628191561553
1484,NA,1.156517455228907,1.156493858144599,NA,0.5601626298018769,NA,1.156517455228907
1485,NA,1.156752994842284,1.1567278509964842,NA,0.5601626298018769,NA,1.156752994842284
1486,NA,1.1569885344556612,1.156961820847376,NA,0.5601626298018769,NA,1.1569885344556612
1487,NA,1.1572240740690383,1.157195772051134,NA,0.5601626298018769,NA,1.1572240740690383
1488,NA,1.1574596136824151,1.1574297089616172,NA,0.5601626298018769,NA,1.1574596136824151
1489,NA,1.1576951532957922,1.1576636359326853,NA,0.5601626298018769,NA,1.1576951532957922
1490,NA,1.1579306929091693,1.157897557318198,NA,0.5601626298018769,NA,1.1579306929091693
1491,NA,1.1581662325225464,1.1581314774720142,NA,0.5601626298018769,NA,1.1581662325225464
1492,NA,1.1584017721359234,1.1583654007479935,NA,0.5601626298018769,NA,1.1584017721359234
1493,NA,1.1586373117493005,1.1585993314999956,NA,0.5601626298018769,NA,1.1586373117493005
1494,NA,1.1588728513626774,1.1588332740818796,NA,0.5601626298018769,NA,1.1588728513626774
1495,NA,1.1591083909760544,1.1590672328475053,NA,0.5601626298018769,NA,1.1591083909760544
1496,NA,1.1593439305894315,1.159301212150732,NA,0.5601626298018769,NA,1.1593439305894315
1497,NA,1.1595794702028086,1.1595352163454187,NA,0.5601626298018769,NA,1.1595794702028086
1498,NA,1.1598150098161857,1.1597692497854255,NA,0.5601626298018769,NA,1.1598150098161857
1499,NA,1.1600505494295628,1.1600033168246113,NA,0.5601626298018769,NA,1.1600505494295628
1500,NA,1.1602860890429396,1.1602374218168359,NA,0.5601626298018769,NA,1.1602860890429396
1501,NA,1.1605216286563167,1.1604715691159588,NA,0.5601626298018769,NA,1.1605216286563167
1502,NA,1.1607571682696938,1.160705763075839,NA,0.5601626298018769,NA,1.1607571682696938
1503,NA,1.1609927078830709,1.1609400080503365,NA,0.5601626298018769,NA,1.1609927078830709
1504,NA,1.161228247496448,1.1611743083933104,NA,0.5601626298018769,NA,1.161228247496448
1505,NA,1.161463787109825,1.16140866845862,NA,0.5601626298018769,NA,1.161463787109825
1506,NA,1.1616993267232019,1.1616430926001249,NA,0.5601626298018769,NA,1.1616993267232019
1507,NA,1.161934866336579,1.161877585171685,NA,0.5601626298018769,NA,1.161934866336579
1508,NA,1.162170405949956,1.1621121505271585,NA,0.5601626298018769,NA,1.162170405949956
1509,NA,1.162405945563333,1.162346793020406,NA,0.5601626298018769,NA,1.162405945563333
1510,NA,1.1626414851767102,1.1625815170052867,NA,0.5601626298018769,NA,1.1626414851767102
1511,NA,1.1628770247900873,1.1628163268356597,NA,0.5601626298018769,NA,1.1628770247900873
1512,NA,1.1631125644034641,1.163051226865385,NA,0.5601626298018769,NA,1.1631125644034641
1513,NA,1.1633481040168412,1.1632862214483215,NA,0.5601626298018769,NA,1.1633481040168412
1514,NA,1.1635836436302183,1.1635213149383288,NA,0.5601626298018769,NA,1.1635836436302183
1515,NA,1.1638191832435953,1.1637565116892663,NA,0.5601626298018769,NA,1.1638191832435953
1516,NA,1.1640547228569724,1.1639918160549936,NA,0.5601626298018769,NA,1.1640547228569724
1517,NA,1.1642902624703495,1.1642272323893699,NA,0.5601626298018769,NA,1.1642902624703495
1518,NA,1.1645258020837264,1.164462765046255,NA,0.5601626298018769,NA,1.1645258020837264
1519,NA,1.1647613416971034,1.164698418379508,NA,0.5601626298018769,NA,1.1647613416971034
1520,NA,1.1649968813104805,1.1649341967429885,NA,0.5601626298018769,NA,1.1649968813104805
1521,NA,1.1652324209238576,1.1651701044905558,NA,0.5601626298018769,NA,1.1652324209238576
1522,NA,1.1654679605372347,1.1654061459760694,NA,0.5601626298018769,NA,1.1654679605372347
1523,NA,1.1657035001506117,1.165642325553389,NA,0.5601626298018769,NA,1.1657035001506117
1524,NA,1.1659390397639886,1.1658786475763734,NA,0.5601626298018769,NA,1.1659390397639886
1525,NA,1.1661745793773657,1.1661151163988825,NA,0.5601626298018769,NA,1.1661745793773657
1526,NA,1.1664101189907428,1.1663517363747762,NA,0.5601626298018769,NA,1.1664101189907428
1527,NA,1.1666456586041198,1.166588511857913,NA,0.5601626298018769,NA,1.1666456586041198
1528,NA,1.166881198217497,1.1668254472021526,NA,0.5601626298018769,NA,1.166881198217497
1529,NA,1.167116737830874,1.167062546761355,NA,0.5601626298018769,NA,1.167116737830874
1530,NA,1.1673522774442509,1.167299814889379,NA,0.5601626298018769,NA,1.1673522774442509
1531,NA,1.167587817057628,1.1675372559400843,NA,0.5601626298018769,NA,1.167587817057628
1532,NA,1.167823356671005,1.1677748742673304,NA,0.5601626298018769,NA,1.167823356671005
1533,NA,1.168058896284382,1.1680126742249763,NA,0.5601626298018769,NA,1.168058896284382
1534,NA,1.1682944358977592,1.1682506601668823,NA,0.5601626298018769,NA,1.1682944358977592
1535,NA,1.1685299755111362,1.1684888364469073,NA,0.5601626298018769,NA,1.1685299755111362
1536,NA,1.168765515124513,1.1687272074189103,NA,0.5601626298018769,NA,1.168765515124513
1537,NA,1.1690010547378902,1.1689657774367515,NA,0.5601626298018769,NA,1.1690010547378902
1538,NA,1.1692365943512673,1.16920455085429,NA,0.5601626298018769,NA,1.1692365943512673
1539,NA,1.1694721339646443,1.1694435320253853,NA,0.5601626298018769,NA,1.1694721339646443
1540,NA,1.1697076735780214,1.169682725303897,NA,0.5601626298018769,NA,1.1697076735780214
1541,NA,1.1699432131913985,1.1699221350436841,NA,0.5601626298018769,NA,1.1699432131913985
1542,NA,1.1701787528047753,1.1701617655986063,NA,0.5601626298018769,NA,1.1701787528047753
1543,NA,1.1704142924181524,1.170401621322523,NA,0.5601626298018769,NA,1.1704142924181524
1544,NA,1.1706498320315295,1.170641706569294,NA,0.5601626298018769,NA,1.1706498320315295
1545,NA,1.1708853716449066,1.170882025692778,NA,0.5601626298018769,NA,1.1708853716449066
1546,NA,1.1711209112582837,1.1711225830468353,NA,0.5601626298018769,NA,1.1711209112582837
1547,NA,1.1713564508716607,1.1713633829853243,NA,0.5601626298018769,NA,1.1713564508716607
1548,NA,1.1715919904850376,1.1716044298621053,NA,0.5601626298018769,NA,1.1715919904850376
1549,NA,1.1718275300984147,1.1718457280310375,NA,0.5601626298018769,NA,1.1718275300984147
1550,NA,1.1720630697117917,1.1720872818459804,NA,0.5601626298018769,NA,1.1720630697117917
1551,1.1722986093251688,1.1722986093251688,1.1723290956607932,NA,0.5601626298018769,NA,1.1722986093251688
1552,NA,1.1725272598541008,1.1725707233051539,NA,0.5601626298018769,NA,1.1725272598541008
1553,NA,1.1727559103830325,1.1728117242573817,NA,0.5601626298018769,NA,1.1727559103830325
1554,NA,1.1729845609119645,1.1730521113442975,NA,0.5601626298018769,NA,1.1729845609119645
1555,NA,1.1732132114408962,1.1732918973927227,NA,0.5601626298018769,NA,1.1732132114408962
1556,NA,1.1734418619698281,1.1735310952294782,NA,0.5601626298018769,NA,1.1734418619698281
1557,NA,1.17367051249876,1.1737697176813855,NA,0.5601626298018769,NA,1.17367051249876
1558,NA,1.1738991630276918,1.1740077775752653,NA,0.5601626298018769,NA,1.1738991630276918
1559,NA,1.1741278135566238,1.1742452877379392,NA,0.5601626298018769,NA,1.1741278135566238
1560,NA,1.1743564640855555,1.1744822609962282,NA,0.5601626298018769,NA,1.1743564640855555
1561,NA,1.1745851146144874,1.1747187101769534,NA,0.5601626298018769,NA,1.1745851146144874
1562,NA,1.1748137651434194,1.1749546481069362,NA,0.5601626298018769,NA,1.1748137651434194
1563,NA,1.1750424156723511,1.1751900876129973,NA,0.5601626298018769,NA,1.1750424156723511
1564,NA,1.175271066201283,1.1754250415219585,NA,0.5601626298018769,NA,1.175271066201283
1565,NA,1.175499716730215,1.1756595226606403,NA,0.5601626298018769,NA,1.175499716730215
1566,NA,1.1757283672591468,1.175893543855864,NA,0.5601626298018769,NA,1.1757283672591468
1567,NA,1.1759570177880787,1.1761271179344515,NA,0.5601626298018769,NA,1.1759570177880787
1568,NA,1.1761856683170104,1.1763602577232233,NA,0.5601626298018769,NA,1.1761856683170104
1569,NA,1.1764143188459424,1.1765929760490001,NA,0.5601626298018769,NA,1.1764143188459424
1570,NA,1.1766429693748743,1.1768252857386041,NA,0.5601626298018769,NA,1.1766429693748743
1571,NA,1.176871619903806,1.1770571996188561,NA,0.5601626298018769,NA,1.176871619903806
1572,NA,1.177100270432738,1.1772887305165767,NA,0.5601626298018769,NA,1.177100270432738
1573,NA,1.1773289209616697,1.1775198912585878,NA,0.5601626298018769,NA,1.1773289209616697
1574,NA,1.1775575714906017,1.1777506946717102,NA,0.5601626298018769,NA,1.1775575714906017
1575,NA,1.1777862220195336,1.177981153582765,NA,0.5601626298018769,NA,1.1777862220195336
1576,NA,1.1780148725484654,1.1782112808185736,NA,0.5601626298018769,NA,1.1780148725484654
1577,NA,1.1782435230773973,1.1784410892059574,NA,0.5601626298018769,NA,1.1782435230773973
1578,NA,1.178472173606329,1.1786705915717368,NA,0.5601626298018769,NA,1.178472173606329
1579,NA,1.178700824135261,1.1788998007427334,NA,0.5601626298018769,NA,1.178700824135261
1580,NA,1.178929474664193,1.1791287295457684,NA,0.5601626298018769,NA,1.178929474664193
1581,NA,1.1791581251931247,1.1793573908076629,NA,0.5601626298018769,NA,1.1791581251931247
1582,NA,1.1793867757220566,1.1795857973552384,NA,0.5601626298018769,NA,1.1793867757220566
1583,NA,1.1796154262509884,1.1798139620153152,NA,0.5601626298018769,NA,1.1796154262509884
1584,NA,1.1798440767799203,1.1800418976147153,NA,0.5601626298018769,NA,1.1798440767799203
1585,NA,1.1800727273088523,1.1802696169802596,NA,0.5601626298018769,NA,1.1800727273088523
1586,NA,1.180301377837784,1.180497132938769,NA,0.5601626298018769,NA,1.180301377837784
1587,NA,1.180530028366716,1.180724458317065,NA,0.5601626298018769,NA,1.180530028366716
1588,NA,1.180758678895648,1.1809516059419687,NA,0.5601626298018769,NA,1.180758678895648
1589,NA,1.1809873294245796,1.181178588640301,NA,0.5601626298018769,NA,1.1809873294245796
1590,NA,1.1812159799535116,1.1814054192388836,NA,0.5601626298018769,NA,1.1812159799535116
1591,NA,1.1814446304824433,1.1816321105645373,NA,0.5601626298018769,NA,1.1814446304824433
1592,NA,1.1816732810113753,1.1818586754440832,NA,0.5601626298018769,NA,1.1816732810113753
1593,NA,1.1819019315403072,1.1820851267043424,NA,0.5601626298018769,NA,1.1819019315403072
1594,NA,1.182130582069239,1.1823114771721361,NA,0.5601626298018769,NA,1.182130582069239
1595,NA,1.1823592325981709,1.1825377396742862,NA,0.5601626298018769,NA,1.1823592325981709
1596,NA,1.1825878831271026,1.1827639270376127,NA,0.5601626298018769,NA,1.1825878831271026
1597,NA,1.1828165336560346,1.1829900520889376,NA,0.5601626298018769,NA,1.1828165336560346
1598,NA,1.1830451841849665,1.1832161276550814,NA,0.5601626298018769,NA,1.1830451841849665
1599,NA,1.1832738347138982,1.183442166562866,NA,0.5601626298018769,NA,1.1832738347138982
1600,NA,1.1835024852428302,1.1836681816391121,NA,0.5601626298018769,NA,1.1835024852428302
1601,NA,1.183731135771762,1.1838941857106409,NA,0.5601626298018769,NA,1.183731135771762
1602,NA,1.1839597863006939,1.1841201916042738,NA,0.5601626298018769,NA,1.1839597863006939
1603,NA,1.1841884368296258,1.1843462121468313,NA,0.5601626298018769,NA,1.1841884368296258
1604,NA,1.1844170873585576,1.1845722601651356,NA,0.5601626298018769,NA,1.1844170873585576
1605,NA,1.1846457378874895,1.1847983484860072,NA,0.5601626298018769,NA,1.1846457378874895
1606,NA,1.1848743884164212,1.1850244899362667,NA,0.5601626298018769,NA,1.1848743884164212
1607,NA,1.1851030389453532,1.1852506973427368,NA,0.5601626298018769,NA,1.1851030389453532
1608,NA,1.1853316894742851,1.1854769835322374,NA,0.5601626298018769,NA,1.1853316894742851
1609,NA,1.1855603400032169,1.1857033613315902,NA,0.5601626298018769,NA,1.1855603400032169
1610,NA,1.1857889905321488,1.185929843567616,NA,0.5601626298018769,NA,1.1857889905321488
1611,NA,1.1860176410610808,1.1861564430671363,NA,0.5601626298018769,NA,1.1860176410610808
1612,NA,1.1862462915900125,1.186383172656972,NA,0.5601626298018769,NA,1.1862462915900125
1613,NA,1.1864749421189444,1.1866100451639447,NA,0.5601626298018769,NA,1.1864749421189444
1614,NA,1.1867035926478762,1.1868370734148752,NA,0.5601626298018769,NA,1.1867035926478762
1615,NA,1.1869322431768081,1.1870642702365846,NA,0.5601626298018769,NA,1.1869322431768081
1616,NA,1.18716089370574,1.1872916484558942,NA,0.5601626298018769,NA,1.18716089370574
1617,NA,1.1873895442346718,1.1875192208996252,NA,0.5601626298018769,NA,1.1873895442346718
1618,NA,1.1876181947636038,1.1877470003945987,NA,0.5601626298018769,NA,1.1876181947636038
1619,NA,1.1878468452925355,1.1879749997676359,NA,0.5601626298018769,NA,1.1878468452925355
1620,NA,1.1880754958214674,1.188203231845558,NA,0.5601626298018769,NA,1.1880754958214674
1621,NA,1.1883041463503994,1.1884317094551862,NA,0.5601626298018769,NA,1.1883041463503994
1622,NA,1.188532796879331,1.1886604454233411,NA,0.5601626298018769,NA,1.188532796879331
1623,NA,1.188761447408263,1.1888894525768448,NA,0.5601626298018769,NA,1.188761447408263
1624,NA,1.1889900979371948,1.1891187437425177,NA,0.5601626298018769,NA,1.1889900979371948
1625,NA,1.1892187484661267,1.1893483317471816,NA,0.5601626298018769,NA,1.1892187484661267
1626,NA,1.1894473989950587,1.1895782294176571,NA,0.5601626298018769,NA,1.1894473989950587
1627,NA,1.1896760495239904,1.1898084495807653,NA,0.5601626298018769,NA,1.1896760495239904
1628,NA,1.1899047000529224,1.1900390050633283,NA,0.5601626298018769,NA,1.1899047000529224
1629,NA,1.190133350581854,1.190269908692166,NA,0.5601626298018769,NA,1.190133350581854
1630,NA,1.190362001110786,1.1905011732941007,NA,0.5601626298018769,NA,1.190362001110786
1631,NA,1.190590651639718,1.1907328116959526,NA,0.5601626298018769,NA,1.190590651639718
1632,NA,1.1908193021686497,1.1909648367245431,NA,0.5601626298018769,NA,1.1908193021686497
1633,NA,1.1910479526975817,1.1911972612066941,NA,0.5601626298018769,NA,1.1910479526975817
1634,NA,1.1912766032265136,1.1914300979692258,NA,0.5601626298018769,NA,1.1912766032265136
1635,NA,1.1915052537554454,1.1916633598389599,NA,0.5601626298018769,NA,1.1915052537554454
1636,NA,1.1917339042843773,1.1918970596427176,NA,0.5601626298018769,NA,1.1917339042843773
1637,NA,1.191962554813309,1.1921312102073196,NA,0.5601626298018769,NA,1.191962554813309
1638,NA,1.192191205342241,1.1923658243595874,NA,0.5601626298018769,NA,1.192191205342241
1639,NA,1.192419855871173,1.1926009149263426,NA,0.5601626298018769,NA,1.192419855871173
1640,NA,1.1926485064001047,1.1928364947344055,NA,0.5601626298018769,NA,1.1926485064001047
1641,NA,1.1928771569290366,1.1930725766105976,NA,0.5601626298018769,NA,1.1928771569290366
1642,NA,1.1931058074579683,1.1933091733817403,NA,0.5601626298018769,NA,1.1931058074579683
1643,1.1933344579869003,1.1933344579869003,1.1935462978746545,NA,0.5601626298018769,NA,1.1933344579869003
1644,NA,1.1935644956072673,1.193783573573472,NA,0.5601626298018769,NA,1.1935644956072673
1645,NA,1.193794533227634,1.1940206172372798,NA,0.5601626298018769,NA,1.193794533227634
1646,NA,1.194024570848001,1.1942574316053312,NA,0.5601626298018769,NA,1.194024570848001
1647,NA,1.1942546084683678,1.1944940194168798,NA,0.5601626298018769,NA,1.1942546084683678
1648,NA,1.1944846460887348,1.1947303834111793,NA,0.5601626298018769,NA,1.1944846460887348
1649,NA,1.1947146837091016,1.1949665263274833,NA,0.5601626298018769,NA,1.1947146837091016
1650,NA,1.1949447213294686,1.1952024509050452,NA,0.5601626298018769,NA,1.1949447213294686
1651,NA,1.1951747589498356,1.1954381598831185,NA,0.5601626298018769,NA,1.1951747589498356
1652,NA,1.1954047965702024,1.1956736560009573,NA,0.5601626298018769,NA,1.1954047965702024
1653,NA,1.1956348341905694,1.1959089419978148,NA,0.5601626298018769,NA,1.1956348341905694
1654,NA,1.1958648718109361,1.1961440206129446,NA,0.5601626298018769,NA,1.1958648718109361
1655,NA,1.1960949094313031,1.1963788945856002,NA,0.5601626298018769,NA,1.1960949094313031
1656,NA,1.19632494705167,1.1966135666550355,NA,0.5601626298018769,NA,1.19632494705167
1657,NA,1.196554984672037,1.1968480395605037,NA,0.5601626298018769,NA,1.196554984672037
1658,NA,1.196785022292404,1.1970823160412583,NA,0.5601626298018769,NA,1.196785022292404
1659,NA,1.1970150599127707,1.1973163988365534,NA,0.5601626298018769,NA,1.1970150599127707
1660,NA,1.1972450975331377,1.1975502906856421,NA,0.5601626298018769,NA,1.1972450975331377
1661,NA,1.1974751351535045,1.1977839943277784,NA,0.5601626298018769,NA,1.1974751351535045
1662,NA,1.1977051727738715,1.1980175125022157,NA,0.5601626298018769,NA,1.1977051727738715
1663,NA,1.1979352103942382,1.1982508479482072,NA,0.5601626298018769,NA,1.1979352103942382
1664,NA,1.1981652480146052,1.1984840034050068,NA,0.5601626298018769,NA,1.1981652480146052
1665,NA,1.1983952856349722,1.1987169816118683,NA,0.5601626298018769,NA,1.1983952856349722
1666,NA,1.198625323255339,1.198949785308045,NA,0.5601626298018769,NA,1.198625323255339
1667,NA,1.198855360875706,1.1991824172327905,NA,0.5601626298018769,NA,1.198855360875706
1668,NA,1.1990853984960728,1.1994148801253586,NA,0.5601626298018769,NA,1.1990853984960728
1669,NA,1.1993154361164398,1.1996471767250028,NA,0.5601626298018769,NA,1.1993154361164398
1670,NA,1.1995454737368065,1.1998793097709761,NA,0.5601626298018769,NA,1.1995454737368065
1671,NA,1.1997755113571735,1.200111282002533,NA,0.5601626298018769,NA,1.1997755113571735
1672,NA,1.2000055489775405,1.2003430961589263,NA,0.5601626298018769,NA,1.2000055489775405
1673,NA,1.2002355865979073,1.2005747549794101,NA,0.5601626298018769,NA,1.2002355865979073
1674,NA,1.2004656242182743,1.2008062612032375,NA,0.5601626298018769,NA,1.2004656242182743
1675,NA,1.200695661838641,1.2010376175696624,NA,0.5601626298018769,NA,1.200695661838641
1676,NA,1.200925699459008,1.2012688268179388,NA,0.5601626298018769,NA,1.200925699459008
1677,NA,1.2011557370793748,1.2014998916873194,NA,0.5601626298018769,NA,1.2011557370793748
1678,NA,1.2013857746997418,1.2017308149170585,NA,0.5601626298018769,NA,1.2013857746997418
1679,NA,1.2016158123201088,1.2019615992464092,NA,0.5601626298018769,NA,1.2016158123201088
1680,NA,1.2018458499404756,1.2021922474146252,NA,0.5601626298018769,NA,1.2018458499404756
1681,NA,1.2020758875608426,1.2024227621609602,NA,0.5601626298018769,NA,1.2020758875608426
1682,NA,1.2023059251812094,1.2026531462246675,NA,0.5601626298018769,NA,1.2023059251812094
1683,NA,1.2025359628015764,1.202883402345001,NA,0.5601626298018769,NA,1.2025359628015764
1684,NA,1.2027660004219431,1.2031135332612146,NA,0.5601626298018769,NA,1.2027660004219431
1685,NA,1.2029960380423101,1.2033435417125609,NA,0.5601626298018769,NA,1.2029960380423101
1686,NA,1.2032260756626771,1.2035734304382943,NA,0.5601626298018769,NA,1.2032260756626771
1687,NA,1.203456113283044,1.2038032021776681,NA,0.5601626298018769,NA,1.203456113283044
1688,NA,1.203686150903411,1.204032859669936,NA,0.5601626298018769,NA,1.203686150903411
1689,NA,1.2039161885237777,1.2042624056543512,NA,0.5601626298018769,NA,1.2039161885237777
1690,NA,1.2041462261441447,1.2044918428701676,NA,0.5601626298018769,NA,1.2041462261441447
1691,NA,1.2043762637645115,1.2047211740566388,NA,0.5601626298018769,NA,1.2043762637645115
1692,NA,1.2046063013848785,1.2049504019530182,NA,0.5601626298018769,NA,1.2046063013848785
1693,NA,1.2048363390052454,1.2051795292985594,NA,0.5601626298018769,NA,1.2048363390052454
1694,NA,1.2050663766256122,1.205408558832516,NA,0.5601626298018769,NA,1.2050663766256122
1695,NA,1.2052964142459792,1.205637493294142,NA,0.5601626298018769,NA,1.2052964142459792
1696,NA,1.205526451866346,1.2058663354226902,NA,0.5601626298018769,NA,1.205526451866346
1697,NA,1.205756489486713,1.206095087957415,NA,0.5601626298018769,NA,1.205756489486713
1698,NA,1.2059865271070798,1.206323753637569,NA,0.5601626298018769,NA,1.2059865271070798
1699,NA,1.2062165647274468,1.206552335202407,NA,0.5601626298018769,NA,1.2062165647274468
1700,NA,1.2064466023478138,1.2067808353911815,NA,0.5601626298018769,NA,1.2064466023478138
1701,NA,1.2066766399681805,1.2070092569431465,NA,0.5601626298018769,NA,1.2066766399681805
1702,NA,1.2069066775885475,1.207237602597556,NA,0.5601626298018769,NA,1.2069066775885475
1703,NA,1.2071367152089143,1.2074658750936627,NA,0.5601626298018769,NA,1.2071367152089143
1704,NA,1.2073667528292813,1.207694077170721,NA,0.5601626298018769,NA,1.2073667528292813
1705,NA,1.207596790449648,1.2079222115679835,NA,0.5601626298018769,NA,1.207596790449648
1706,NA,1.207826828070015,1.208150281024705,NA,0.5601626298018769,NA,1.207826828070015
1707,NA,1.208056865690382,1.2083782882801384,NA,0.5601626298018769,NA,1.208056865690382
1708,NA,1.2082869033107488,1.208606236073537,NA,0.5601626298018769,NA,1.2082869033107488
1709,NA,1.2085169409311158,1.2088341271441547,NA,0.5601626298018769,NA,1.2085169409311158
1710,NA,1.2087469785514826,1.2090619642312455,NA,0.5601626298018769,NA,1.2087469785514826
1711,NA,1.2089770161718496,1.2092897500740627,NA,0.5601626298018769,NA,1.2089770161718496
1712,NA,1.2092070537922164,1.2095174874118595,NA,0.5601626298018769,NA,1.2092070537922164
1713,NA,1.2094370914125834,1.2097451789838896,NA,0.5601626298018769,NA,1.2094370914125834
1714,NA,1.2096671290329504,1.2099728275294068,NA,0.5601626298018769,NA,1.2096671290329504
1715,NA,1.2098971666533171,1.2102004357876648,NA,0.5601626298018769,NA,1.2098971666533171
1716,NA,1.2101272042736841,1.210428006497917,NA,0.5601626298018769,NA,1.2101272042736841
1717,NA,1.210357241894051,1.2106555423994165,NA,0.5601626298018769,NA,1.210357241894051
1718,NA,1.210587279514418,1.2108830462314175,NA,0.5601626298018769,NA,1.210587279514418
1719,NA,1.2108173171347847,1.2111105207331736,NA,0.5601626298018769,NA,1.2108173171347847
1720,NA,1.2110473547551517,1.2113379686439378,NA,0.5601626298018769,NA,1.2110473547551517
1721,NA,1.2112773923755187,1.2115653927029644,NA,0.5601626298018769,NA,1.2112773923755187
1722,NA,1.2115074299958855,1.211792795649507,NA,0.5601626298018769,NA,1.2115074299958855
1723,NA,1.2117374676162525,1.212020180222818,NA,0.5601626298018769,NA,1.2117374676162525
1724,NA,1.2119675052366192,1.2122475491621523,NA,0.5601626298018769,NA,1.2119675052366192
1725,NA,1.2121975428569862,1.212474905206763,NA,0.5601626298018769,NA,1.2121975428569862
1726,NA,1.212427580477353,1.2127022510959038,NA,0.5601626298018769,NA,1.212427580477353
1727,NA,1.21265761809772,1.2129295895688277,NA,0.5601626298018769,NA,1.21265761809772
1728,NA,1.212887655718087,1.2131569233647888,NA,0.5601626298018769,NA,1.212887655718087
1729,NA,1.2131176933384538,1.2133842552230407,NA,0.5601626298018769,NA,1.2131176933384538
1730,NA,1.2133477309588208,1.2136115878828369,NA,0.5601626298018769,NA,1.2133477309588208
1731,NA,1.2135777685791875,1.2138389240834309,NA,0.5601626298018769,NA,1.2135777685791875
1732,NA,1.2138078061995545,1.2140662665640765,NA,0.5601626298018769,NA,1.2138078061995545
1733,NA,1.2140378438199213,1.2142936180640267,NA,0.5601626298018769,NA,1.2140378438199213
1734,1.2142678814402883,1.2142678814402883,1.2145209813225357,NA,0.5601626298018769,NA,1.2142678814402883
1735,NA,1.2145012268649282,1.2147483590788573,NA,0.5601626298018769,NA,1.2145012268649282
1736,NA,1.2147345722895682,1.2149757540722441,NA,0.5601626298018769,NA,1.2147345722895682
1737,NA,1.214967917714208,1.2152031690419502,NA,0.5601626298018769,NA,1.214967917714208
1738,NA,1.215201263138848,1.2154306067272294,NA,0.5601626298018769,NA,1.215201263138848
1739,NA,1.2154346085634882,1.215658069867335,NA,0.5601626298018769,NA,1.2154346085634882
1740,NA,1.215667953988128,1.2158855612015205,NA,0.5601626298018769,NA,1.215667953988128
1741,NA,1.215901299412768,1.21611308346904,NA,0.5601626298018769,NA,1.215901299412768
1742,NA,1.216134644837408,1.2163406394091465,NA,0.5601626298018769,NA,1.216134644837408
1743,NA,1.216367990262048,1.2165682317610937,NA,0.5601626298018769,NA,1.216367990262048
1744,NA,1.2166013356866878,1.2167958632641354,NA,0.5601626298018769,NA,1.2166013356866878
1745,NA,1.2168346811113278,1.217023536657525,NA,0.5601626298018769,NA,1.2168346811113278
1746,NA,1.2170680265359677,1.2172512546805163,NA,0.5601626298018769,NA,1.2170680265359677
1747,NA,1.2173013719606076,1.2174790200723624,NA,0.5601626298018769,NA,1.2173013719606076
1748,NA,1.2175347173852478,1.2177068355723173,NA,0.5601626298018769,NA,1.2175347173852478
1749,NA,1.2177680628098877,1.2179347039196344,NA,0.5601626298018769,NA,1.2177680628098877
1750,NA,1.2180014082345276,1.2181626278535675,NA,0.5601626298018769,NA,1.2180014082345276
1751,NA,1.2182347536591676,1.21839061011337,NA,0.5601626298018769,NA,1.2182347536591676
1752,NA,1.2184680990838075,1.2186186534382955,NA,0.5601626298018769,NA,1.2184680990838075
1753,NA,1.2187014445084474,1.2188467605675974,NA,0.5601626298018769,NA,1.2187014445084474
1754,NA,1.2189347899330873,1.2190749342405296,NA,0.5601626298018769,NA,1.2189347899330873
1755,NA,1.2191681353577273,1.2193031771963454,NA,0.5601626298018769,NA,1.2191681353577273
1756,NA,1.2194014807823672,1.2195314921742986,NA,0.5601626298018769,NA,1.2194014807823672
1757,NA,1.2196348262070074,1.2197598819136426,NA,0.5601626298018769,NA,1.2196348262070074
1758,NA,1.2198681716316473,1.219988349153631,NA,0.5601626298018769,NA,1.2198681716316473
1759,NA,1.2201015170562872,1.2202168966335176,NA,0.5601626298018769,NA,1.2201015170562872
1760,NA,1.2203348624809272,1.2204455270925558,NA,0.5601626298018769,NA,1.2203348624809272
1761,NA,1.220568207905567,1.2206742432699993,NA,0.5601626298018769,NA,1.220568207905567
1762,NA,1.220801553330207,1.2209030479051013,NA,0.5601626298018769,NA,1.220801553330207
1763,NA,1.221034898754847,1.2211319437371158,NA,0.5601626298018769,NA,1.221034898754847
1764,NA,1.2212682441794869,1.2213609335052964,NA,0.5601626298018769,NA,1.2212682441794869
1765,NA,1.2215015896041268,1.2215900199488965,NA,0.5601626298018769,NA,1.2215015896041268
1766,NA,1.221734935028767,1.2218192058071693,NA,0.5601626298018769,NA,1.221734935028767
1767,NA,1.2219682804534069,1.222048493819369,NA,0.5601626298018769,NA,1.2219682804534069
1768,NA,1.2222016258780468,1.222277886724749,NA,0.5601626298018769,NA,1.2222016258780468
1769,NA,1.2224349713026867,1.2225073872625627,NA,0.5601626298018769,NA,1.2224349713026867
1770,NA,1.2226683167273267,1.222736998172064,NA,0.5601626298018769,NA,1.2226683167273267
1771,NA,1.2229016621519666,1.222966722192506,NA,0.5601626298018769,NA,1.2229016621519666
1772,NA,1.2231350075766065,1.2231965620631429,NA,0.5601626298018769,NA,1.2231350075766065
1773,NA,1.2233683530012465,1.2234265205232275,NA,0.5601626298018769,NA,1.2233683530012465
1774,NA,1.2236016984258864,1.2236566003120142,NA,0.5601626298018769,NA,1.2236016984258864
1775,NA,1.2238350438505265,1.2238868041687563,NA,0.5601626298018769,NA,1.2238350438505265
1776,NA,1.2240683892751665,1.224117134832707,NA,0.5601626298018769,NA,1.2240683892751665
1777,NA,1.2243017346998064,1.22434759504312,NA,0.5601626298018769,NA,1.2243017346998064
1778,NA,1.2245350801244463,1.2245781875392494,NA,0.5601626298018769,NA,1.2245350801244463
1779,NA,1.2247684255490863,1.2248089150603483,NA,0.5601626298018769,NA,1.2247684255490863
1780,NA,1.2250017709737262,1.22503978034567,NA,0.5601626298018769,NA,1.2250017709737262
1781,NA,1.2252351163983661,1.2252707861344692,NA,0.5601626298018769,NA,1.2252351163983661
1782,NA,1.225468461823006,1.2255019351659977,NA,0.5601626298018769,NA,1.225468461823006
1783,NA,1.225701807247646,1.2257332301795107,NA,0.5601626298018769,NA,1.225701807247646
1784,NA,1.225935152672286,1.2259646739142613,NA,0.5601626298018769,NA,1.225935152672286
1785,NA,1.226168498096926,1.226196269109503,NA,0.5601626298018769,NA,1.226168498096926
1786,NA,1.226401843521566,1.2264280185044893,NA,0.5601626298018769,NA,1.226401843521566
1787,NA,1.226635188946206,1.226659924838474,NA,0.5601626298018769,NA,1.226635188946206
1788,NA,1.2268685343708459,1.22689199085071,NA,0.5601626298018769,NA,1.2268685343708459
1789,NA,1.2271018797954858,1.227124219280452,NA,0.5601626298018769,NA,1.2271018797954858
1790,NA,1.2273352252201257,1.2273566128669526,NA,0.5601626298018769,NA,1.2273352252201257
1791,NA,1.2275685706447657,1.2275891743494656,NA,0.5601626298018769,NA,1.2275685706447657
1792,NA,1.2278019160694056,1.227821906467245,NA,0.5601626298018769,NA,1.2278019160694056
1793,NA,1.2280352614940455,1.2280548119595438,NA,0.5601626298018769,NA,1.2280352614940455
1794,NA,1.2282686069186857,1.2282878935656163,NA,0.5601626298018769,NA,1.2282686069186857
1795,NA,1.2285019523433256,1.2285211540247156,NA,0.5601626298018769,NA,1.2285019523433256
1796,NA,1.2287352977679655,1.228754596076095,NA,0.5601626298018769,NA,1.2287352977679655
1797,NA,1.2289686431926055,1.2289882224590087,NA,0.5601626298018769,NA,1.2289686431926055
1798,NA,1.2292019886172454,1.22922203591271,NA,0.5601626298018769,NA,1.2292019886172454
1799,NA,1.2294353340418853,1.2294560391764524,NA,0.5601626298018769,NA,1.2294353340418853
1800,NA,1.2296686794665252,1.2296902349894894,NA,0.5601626298018769,NA,1.2296686794665252
1801,NA,1.2299020248911652,1.2299246260910748,NA,0.5601626298018769,NA,1.2299020248911652
1802,NA,1.230135370315805,1.2301592152204623,NA,0.5601626298018769,NA,1.230135370315805
1803,NA,1.2303687157404453,1.230394005116905,NA,0.5601626298018769,NA,1.2303687157404453
1804,NA,1.2306020611650852,1.230628998519657,NA,0.5601626298018769,NA,1.2306020611650852
1805,NA,1.2308354065897251,1.2308641981679718,NA,0.5601626298018769,NA,1.2308354065897251
1806,NA,1.231068752014365,1.2310996068011024,NA,0.5601626298018769,NA,1.231068752014365
1807,NA,1.231302097439005,1.2313352271583031,NA,0.5601626298018769,NA,1.231302097439005
1808,NA,1.231535442863645,1.2315710619788267,NA,0.5601626298018769,NA,1.231535442863645
1809,NA,1.2317687882882848,1.2318071140019278,NA,0.5601626298018769,NA,1.2317687882882848
1810,NA,1.2320021337129248,1.2320433859668594,NA,0.5601626298018769,NA,1.2320021337129248
1811,NA,1.2322354791375647,1.232279880612875,NA,0.5601626298018769,NA,1.2322354791375647
1812,NA,1.2324688245622049,1.2325166006792279,NA,0.5601626298018769,NA,1.2324688245622049
1813,NA,1.2327021699868448,1.2327535489051726,NA,0.5601626298018769,NA,1.2327021699868448
1814,NA,1.2329355154114847,1.2329907280299623,NA,0.5601626298018769,NA,1.2329355154114847
1815,NA,1.2331688608361246,1.2332281407928498,NA,0.5601626298018769,NA,1.2331688608361246
1816,NA,1.2334022062607646,1.2334657899330896,NA,0.5601626298018769,NA,1.2334022062607646
1817,NA,1.2336355516854045,1.2337036781899349,NA,0.5601626298018769,NA,1.2336355516854045
1818,NA,1.2338688971100444,1.2339418083026392,NA,0.5601626298018769,NA,1.2338688971100444
1819,NA,1.2341022425346844,1.2341801830104568,NA,0.5601626298018769,NA,1.2341022425346844
1820,NA,1.2343355879593243,1.2344188050526403,NA,0.5601626298018769,NA,1.2343355879593243
1821,NA,1.2345689333839645,1.234657677168444,NA,0.5601626298018769,NA,1.2345689333839645
1822,NA,1.2348022788086044,1.2348968020971207,NA,0.5601626298018769,NA,1.2348022788086044
1823,NA,1.2350356242332443,1.2351361825779248,NA,0.5601626298018769,NA,1.2350356242332443
1824,NA,1.2352689696578842,1.2353758213501094,NA,0.5601626298018769,NA,1.2352689696578842
1825,1.2355023150825242,1.2355023150825242,1.2356157211529284,NA,0.5601626298018769,NA,1.2355023150825242
1826,NA,1.2357422053002418,1.235855728309706,NA,0.5601626298018769,NA,1.2357422053002418
1827,NA,1.2359820955179595,1.2360956881817549,NA,0.5601626298018769,NA,1.2359820955179595
1828,NA,1.236221985735677,1.2363356020653105,NA,0.5601626298018769,NA,1.236221985735677
1829,NA,1.2364618759533947,1.2365754712566077,NA,0.5601626298018769,NA,1.2364618759533947
1830,NA,1.2367017661711124,1.236815297051883,NA,0.5601626298018769,NA,1.2367017661711124
1831,NA,1.23694165638883,1.2370550807473715,NA,0.5601626298018769,NA,1.23694165638883
1832,NA,1.2371815466065477,1.237294823639308,NA,0.5601626298018769,NA,1.2371815466065477
1833,NA,1.2374214368242653,1.2375345270239289,NA,0.5601626298018769,NA,1.2374214368242653
1834,NA,1.237661327041983,1.2377741921974688,NA,0.5601626298018769,NA,1.237661327041983
1835,NA,1.2379012172597006,1.238013820456164,NA,0.5601626298018769,NA,1.2379012172597006
1836,NA,1.2381411074774182,1.2382534130962493,NA,0.5601626298018769,NA,1.2381411074774182
1837,NA,1.2383809976951359,1.2384929714139605,NA,0.5601626298018769,NA,1.2383809976951359
1838,NA,1.2386208879128535,1.2387324967055329,NA,0.5601626298018769,NA,1.2386208879128535
1839,NA,1.2388607781305712,1.238971990267202,NA,0.5601626298018769,NA,1.2388607781305712
1840,NA,1.2391006683482888,1.2392114533952034,NA,0.5601626298018769,NA,1.2391006683482888
1841,NA,1.2393405585660064,1.2394508873857726,NA,0.5601626298018769,NA,1.2393405585660064
1842,NA,1.239580448783724,1.2396902935351446,NA,0.5601626298018769,NA,1.239580448783724
1843,NA,1.2398203390014417,1.2399296731395553,NA,0.5601626298018769,NA,1.2398203390014417
1844,NA,1.2400602292191594,1.24016902749524,NA,0.5601626298018769,NA,1.2400602292191594
1845,NA,1.240300119436877,1.2404083578984342,NA,0.5601626298018769,NA,1.240300119436877
1846,NA,1.2405400096545947,1.2406476656453733,NA,0.5601626298018769,NA,1.2405400096545947
1847,NA,1.2407798998723123,1.2408869520322927,NA,0.5601626298018769,NA,1.2407798998723123
1848,NA,1.2410197900900302,1.241126218355428,NA,0.5601626298018769,NA,1.2410197900900302
1849,NA,1.2412596803077478,1.2413654659110147,NA,0.5601626298018769,NA,1.2412596803077478
1850,NA,1.2414995705254654,1.2416046959952882,NA,0.5601626298018769,NA,1.2414995705254654
1851,NA,1.241739460743183,1.241843909904484,NA,0.5601626298018769,NA,1.241739460743183
1852,NA,1.2419793509609007,1.2420831089348374,NA,0.5601626298018769,NA,1.2419793509609007
1853,NA,1.2422192411786184,1.2423222943825838,NA,0.5601626298018769,NA,1.2422192411786184
1854,NA,1.242459131396336,1.242561467543959,NA,0.5601626298018769,NA,1.242459131396336
1855,NA,1.2426990216140537,1.242800629715198,NA,0.5601626298018769,NA,1.2426990216140537
1856,NA,1.2429389118317713,1.243039782192537,NA,0.5601626298018769,NA,1.2429389118317713
1857,NA,1.243178802049489,1.2432789262722106,NA,0.5601626298018769,NA,1.243178802049489
1858,NA,1.2434186922672066,1.243518063250455,NA,0.5601626298018769,NA,1.2434186922672066
1859,NA,1.2436585824849242,1.243757194423505,NA,0.5601626298018769,NA,1.2436585824849242
1860,NA,1.2438984727026419,1.2439963210875966,NA,0.5601626298018769,NA,1.2438984727026419
1861,NA,1.2441383629203595,1.2442354445389647,NA,0.5601626298018769,NA,1.2441383629203595
1862,NA,1.2443782531380772,1.2444745660738457,NA,0.5601626298018769,NA,1.2443782531380772
1863,NA,1.2446181433557948,1.2447136869884738,NA,0.5601626298018769,NA,1.2446181433557948
1864,NA,1.2448580335735124,1.2449528085790853,NA,0.5601626298018769,NA,1.2448580335735124
1865,NA,1.24509792379123,1.2451919321419156,NA,0.5601626298018769,NA,1.24509792379123
1866,NA,1.2453378140089477,1.2454310589732,NA,0.5601626298018769,NA,1.2453378140089477
1867,NA,1.2455777042266654,1.2456701903691738,NA,0.5601626298018769,NA,1.2455777042266654
1868,NA,1.245817594444383,1.245909327626073,NA,0.5601626298018769,NA,1.245817594444383
1869,NA,1.2460574846621006,1.2461484720401323,NA,0.5601626298018769,NA,1.2460574846621006
1870,NA,1.2462973748798183,1.2463876249075878,NA,0.5601626298018769,NA,1.2462973748798183
1871,NA,1.246537265097536,1.2466267875246748,NA,0.5601626298018769,NA,1.246537265097536
1872,NA,1.2467771553152536,1.2468659611876285,NA,0.5601626298018769,NA,1.2467771553152536
1873,NA,1.2470170455329712,1.247105147192685,NA,0.5601626298018769,NA,1.2470170455329712
1874,NA,1.2472569357506889,1.2473443468360788,NA,0.5601626298018769,NA,1.2472569357506889
1875,NA,1.2474968259684065,1.247583561414046,NA,0.5601626298018769,NA,1.2474968259684065
1876,NA,1.2477367161861241,1.247822792222822,NA,0.5601626298018769,NA,1.2477367161861241
1877,NA,1.2479766064038418,1.2480620405586422,NA,0.5601626298018769,NA,1.2479766064038418
1878,NA,1.2482164966215594,1.248301307717742,NA,0.5601626298018769,NA,1.2482164966215594
1879,NA,1.248456386839277,1.2485405949963568,NA,0.5601626298018769,NA,1.248456386839277
1880,NA,1.2486962770569947,1.2487799036907221,NA,0.5601626298018769,NA,1.2486962770569947
1881,NA,1.2489361672747123,1.2490192350970735,NA,0.5601626298018769,NA,1.2489361672747123
1882,NA,1.24917605749243,1.2492585905116467,NA,0.5601626298018769,NA,1.24917605749243
1883,NA,1.2494159477101476,1.2494979712306764,NA,0.5601626298018769,NA,1.2494159477101476
1884,NA,1.2496558379278653,1.2497373785503987,NA,0.5601626298018769,NA,1.2496558379278653
1885,NA,1.249895728145583,1.2499768137670488,NA,0.5601626298018769,NA,1.249895728145583
1886,NA,1.2501356183633006,1.2502162781768624,NA,0.5601626298018769,NA,1.2501356183633006
1887,NA,1.2503755085810182,1.2504557730760746,NA,0.5601626298018769,NA,1.2503755085810182
1888,NA,1.2506153987987358,1.250695299760921,NA,0.5601626298018769,NA,1.2506153987987358
1889,NA,1.2508552890164535,1.250934859527637,NA,0.5601626298018769,NA,1.2508552890164535
1890,NA,1.2510951792341711,1.2511744536724585,NA,0.5601626298018769,NA,1.2510951792341711
1891,NA,1.2513350694518888,1.2514140834916205,NA,0.5601626298018769,NA,1.2513350694518888
1892,NA,1.2515749596696064,1.2516537502813585,NA,0.5601626298018769,NA,1.2515749596696064
1893,NA,1.251814849887324,1.2518934553379082,NA,0.5601626298018769,NA,1.251814849887324
1894,NA,1.252054740105042,1.2521331999575045,NA,0.5601626298018769,NA,1.252054740105042
1895,NA,1.2522946303227596,1.2523729854363834,NA,0.5601626298018769,NA,1.2522946303227596
1896,NA,1.2525345205404772,1.25261281307078,NA,0.5601626298018769,NA,1.2525345205404772
1897,NA,1.2527744107581948,1.2528526841569305,NA,0.5601626298018769,NA,1.2527744107581948
1898,NA,1.2530143009759125,1.2530925999910696,NA,0.5601626298018769,NA,1.2530143009759125
1899,NA,1.2532541911936301,1.253332561869433,NA,0.5601626298018769,NA,1.2532541911936301
1900,NA,1.2534940814113478,1.2535725710882561,NA,0.5601626298018769,NA,1.2534940814113478
1901,NA,1.2537339716290654,1.2538126289437745,NA,0.5601626298018769,NA,1.2537339716290654
1902,NA,1.253973861846783,1.2540527367322234,NA,0.5601626298018769,NA,1.253973861846783
1903,NA,1.2542137520645007,1.2542928957498385,NA,0.5601626298018769,NA,1.2542137520645007
1904,NA,1.2544536422822183,1.2545331072928552,NA,0.5601626298018769,NA,1.2544536422822183
1905,NA,1.254693532499936,1.2547733726575092,NA,0.5601626298018769,NA,1.254693532499936
1906,NA,1.2549334227176536,1.2550136931400353,NA,0.5601626298018769,NA,1.2549334227176536
1907,NA,1.2551733129353713,1.2552540700366697,NA,0.5601626298018769,NA,1.2551733129353713
1908,NA,1.255413203153089,1.2554945046436472,NA,0.5601626298018769,NA,1.255413203153089
1909,NA,1.2556530933708066,1.2557349982572037,NA,0.5601626298018769,NA,1.2556530933708066
1910,NA,1.2558929835885242,1.2559755521735745,NA,0.5601626298018769,NA,1.2558929835885242
1911,NA,1.2561328738062418,1.2562161676889954,NA,0.5601626298018769,NA,1.2561328738062418
1912,NA,1.2563727640239595,1.2564568460997017,NA,0.5601626298018769,NA,1.2563727640239595
1913,NA,1.2566126542416771,1.256697588701928,NA,0.5601626298018769,NA,1.2566126542416771
1914,NA,1.2568525444593948,1.2569383967919112,NA,0.5601626298018769,NA,1.2568525444593948
1915,NA,1.2570924346771124,1.2571792716658856,NA,0.5601626298018769,NA,1.2570924346771124
1916,1.25733232489483,1.25733232489483,1.2574202146200872,NA,0.5601626298018769,NA,1.25733232489483
1917,NA,1.25757760670869,1.2576612269507514,NA,0.5601626298018769,NA,1.25757760670869
1918,NA,1.2578228885225495,1.2579023099541136,NA,0.5601626298018769,NA,1.2578228885225495
1919,NA,1.2580681703364094,1.2581434649264094,NA,0.5601626298018769,NA,1.2580681703364094
1920,NA,1.258313452150269,1.258384693163874,NA,0.5601626298018769,NA,1.258313452150269
1921,NA,1.2585587339641289,1.2586259959627433,NA,0.5601626298018769,NA,1.2585587339641289
1922,NA,1.2588040157779887,1.2588673746192518,NA,0.5601626298018769,NA,1.2588040157779887
1923,NA,1.2590492975918484,1.259108830429636,NA,0.5601626298018769,NA,1.2590492975918484
1924,NA,1.2592945794057082,1.259350364690131,NA,0.5601626298018769,NA,1.2592945794057082
1925,NA,1.259539861219568,1.2595919786969723,NA,0.5601626298018769,NA,1.259539861219568
1926,NA,1.2597851430334277,1.259833673746395,NA,0.5601626298018769,NA,1.2597851430334277
1927,NA,1.2600304248472876,1.2600754511346353,NA,0.5601626298018769,NA,1.2600304248472876
1928,NA,1.2602757066611472,1.2603173121579279,NA,0.5601626298018769,NA,1.2602757066611472
1929,NA,1.260520988475007,1.260559258112509,NA,0.5601626298018769,NA,1.260520988475007
1930,NA,1.260766270288867,1.2608012902946129,NA,0.5601626298018769,NA,1.260766270288867
1931,NA,1.2610115521027265,1.2610434100004762,NA,0.5601626298018769,NA,1.2610115521027265
1932,NA,1.2612568339165864,1.2612856185263341,NA,0.5601626298018769,NA,1.2612568339165864
1933,NA,1.2615021157304462,1.2615279171684215,NA,0.5601626298018769,NA,1.2615021157304462
1934,NA,1.2617473975443059,1.2617703072229747,NA,0.5601626298018769,NA,1.2617473975443059
1935,NA,1.2619926793581657,1.2620127899862286,NA,0.5601626298018769,NA,1.2619926793581657
1936,NA,1.2622379611720254,1.2622553667544187,NA,0.5601626298018769,NA,1.2622379611720254
1937,NA,1.2624832429858852,1.2624980388237808,NA,0.5601626298018769,NA,1.2624832429858852
1938,NA,1.262728524799745,1.2627408074905497,NA,0.5601626298018769,NA,1.262728524799745
1939,NA,1.2629738066136047,1.2629836740509615,NA,0.5601626298018769,NA,1.2629738066136047
1940,NA,1.2632190884274646,1.2632266398012513,NA,0.5601626298018769,NA,1.2632190884274646
1941,NA,1.2634643702413242,1.2634697060376547,NA,0.5601626298018769,NA,1.2634643702413242
1942,NA,1.263709652055184,1.2637128740564074,NA,0.5601626298018769,NA,1.263709652055184
1943,NA,1.263954933869044,1.2639561451537444,NA,0.5601626298018769,NA,1.263954933869044
1944,NA,1.2642002156829035,1.2641995206259018,NA,0.5601626298018769,NA,1.2642002156829035
1945,NA,1.2644454974967634,1.264443001769114,NA,0.5601626298018769,NA,1.2644454974967634
1946,NA,1.2646907793106232,1.2646865898796174,NA,0.5601626298018769,NA,1.2646907793106232
1947,NA,1.2649360611244829,1.264930286253647,NA,0.5601626298018769,NA,1.2649360611244829
1948,NA,1.2651813429383427,1.2651740921874384,NA,0.5601626298018769,NA,1.2651813429383427
1949,NA,1.2654266247522024,1.2654180089772271,NA,0.5601626298018769,NA,1.2654266247522024
1950,NA,1.2656719065660622,1.2656620379192485,NA,0.5601626298018769,NA,1.2656719065660622
1951,NA,1.265917188379922,1.2659061803097382,NA,0.5601626298018769,NA,1.265917188379922
1952,NA,1.2661624701937817,1.2661504374449313,NA,0.5601626298018769,NA,1.2661624701937817
1953,NA,1.2664077520076416,1.2663948106210638,NA,0.5601626298018769,NA,1.2664077520076416
1954,NA,1.2666530338215014,1.2666393011343708,NA,0.5601626298018769,NA,1.2666530338215014
1955,NA,1.266898315635361,1.2668839102810878,NA,0.5601626298018769,NA,1.266898315635361
1956,NA,1.267143597449221,1.2671286393574503,NA,0.5601626298018769,NA,1.267143597449221
1957,NA,1.2673888792630805,1.2673734896596935,NA,0.5601626298018769,NA,1.2673888792630805
1958,NA,1.2676341610769404,1.2676184624840532,NA,0.5601626298018769,NA,1.2676341610769404
1959,NA,1.2678794428908002,1.2678635591267648,NA,0.5601626298018769,NA,1.2678794428908002
1960,NA,1.2681247247046599,1.2681087808840639,NA,0.5601626298018769,NA,1.2681247247046599
1961,NA,1.2683700065185197,1.2683541290521856,NA,0.5601626298018769,NA,1.2683700065185197
1962,NA,1.2686152883323794,1.2685996049273656,NA,0.5601626298018769,NA,1.2686152883323794
1963,NA,1.2688605701462392,1.2688452098058394,NA,0.5601626298018769,NA,1.2688605701462392
1964,NA,1.269105851960099,1.2690909449838421,NA,0.5601626298018769,NA,1.269105851960099
1965,NA,1.2693511337739587,1.2693368117576096,NA,0.5601626298018769,NA,1.2693511337739587
1966,NA,1.2695964155878185,1.2695828114233771,NA,0.5601626298018769,NA,1.2695964155878185
1967,NA,1.2698416974016784,1.2698289452773799,NA,0.5601626298018769,NA,1.2698416974016784
1968,NA,1.270086979215538,1.270075214615854,NA,0.5601626298018769,NA,1.270086979215538
1969,NA,1.270332261029398,1.2703216207350347,NA,0.5601626298018769,NA,1.270332261029398
1970,NA,1.2705775428432575,1.2705681649311569,NA,0.5601626298018769,NA,1.2705775428432575
1971,NA,1.2708228246571174,1.270814848500457,NA,0.5601626298018769,NA,1.2708228246571174
1972,NA,1.2710681064709772,1.2710616727391697,NA,0.5601626298018769,NA,1.2710681064709772
1973,NA,1.2713133882848369,1.2713086389435304,NA,0.5601626298018769,NA,1.2713133882848369
1974,NA,1.2715586700986967,1.2715557484097748,NA,0.5601626298018769,NA,1.2715586700986967
1975,NA,1.2718039519125566,1.2718030024341391,NA,0.5601626298018769,NA,1.2718039519125566
1976,NA,1.2720492337264162,1.2720504023128574,NA,0.5601626298018769,NA,1.2720492337264162
1977,NA,1.272294515540276,1.272297949342166,NA,0.5601626298018769,NA,1.272294515540276
1978,NA,1.2725397973541357,1.2725456448183003,NA,0.5601626298018769,NA,1.2725397973541357
1979,NA,1.2727850791679955,1.2727934900374955,NA,0.5601626298018769,NA,1.2727850791679955
1980,NA,1.2730303609818554,1.2730414862959876,NA,0.5601626298018769,NA,1.2730303609818554
1981,NA,1.273275642795715,1.2732896348900111,NA,0.5601626298018769,NA,1.273275642795715
1982,NA,1.273520924609575,1.2735379371158027,NA,0.5601626298018769,NA,1.273520924609575
1983,NA,1.2737662064234347,1.2737863942695964,NA,0.5601626298018769,NA,1.2737662064234347
1984,NA,1.2740114882372944,1.2740350076476288,NA,0.5601626298018769,NA,1.2740114882372944
1985,NA,1.2742567700511542,1.274283778546135,NA,0.5601626298018769,NA,1.2742567700511542
1986,NA,1.2745020518650139,1.2745327082613507,NA,0.5601626298018769,NA,1.2745020518650139
1987,NA,1.2747473336788737,1.2747817980895109,NA,0.5601626298018769,NA,1.2747473336788737
1988,NA,1.2749926154927336,1.2750310493268513,NA,0.5601626298018769,NA,1.2749926154927336
1989,NA,1.2752378973065932,1.2752804632696073,NA,0.5601626298018769,NA,1.2752378973065932
1990,NA,1.275483179120453,1.2755300412140145,NA,0.5601626298018769,NA,1.275483179120453
1991,NA,1.2757284609343127,1.275779784456308,NA,0.5601626298018769,NA,1.2757284609343127
1992,NA,1.2759737427481725,1.2760296942927234,NA,0.5601626298018769,NA,1.2759737427481725
1993,NA,1.2762190245620324,1.276279772019497,NA,0.5601626298018769,NA,1.2762190245620324
1994,NA,1.276464306375892,1.2765300189328628,NA,0.5601626298018769,NA,1.276464306375892
1995,NA,1.2767095881897519,1.2767804363290574,NA,0.5601626298018769,NA,1.2767095881897519
1996,NA,1.2769548700036117,1.2770310255043158,NA,0.5601626298018769,NA,1.2769548700036117
1997,NA,1.2772001518174714,1.2772817877548737,NA,0.5601626298018769,NA,1.2772001518174714
1998,NA,1.2774454336313312,1.277532724376966,NA,0.5601626298018769,NA,1.2774454336313312
1999,NA,1.2776907154451909,1.2777838366668288,NA,0.5601626298018769,NA,1.2776907154451909
2000,NA,1.2779359972590507,1.2780351259206972,NA,0.5601626298018769,NA,1.2779359972590507
2001,NA,1.2781812790729106,1.2782865934348069,NA,0.5601626298018769,NA,1.2781812790729106
2002,NA,1.2784265608867702,1.278538240505393,NA,0.5601626298018769,NA,1.2784265608867702
2003,NA,1.27867184270063,1.2787900684286913,NA,0.5601626298018769,NA,1.27867184270063
2004,NA,1.27891712451449,1.2790420785009369,NA,0.5601626298018769,NA,1.27891712451449
2005,NA,1.2791624063283495,1.279294272018366,NA,0.5601626298018769,NA,1.2791624063283495
2006,NA,1.2794076881422094,1.2795466502772133,NA,0.5601626298018769,NA,1.2794076881422094
2007,NA,1.279652969956069,1.2797992145737145,NA,0.5601626298018769,NA,1.279652969956069
2008,1.2798982517699289,1.2798982517699289,1.2800519662041048,NA,0.5601626298018769,NA,1.2798982517699289
2009,NA,1.2801540390616513,1.2803048169083373,NA,0.5601626298018769,NA,1.2801540390616513
2010,NA,1.2804098263533734,1.2805576787311792,NA,0.5601626298018769,NA,1.2804098263533734
2011,NA,1.2806656136450958,1.2808105534260867,NA,0.5601626298018769,NA,1.2806656136450958
2012,NA,1.280921400936818,1.281063442746517,NA,0.5601626298018769,NA,1.280921400936818
2013,NA,1.2811771882285403,1.2813163484459267,NA,0.5601626298018769,NA,1.2811771882285403
2014,NA,1.2814329755202625,1.2815692722777725,NA,0.5601626298018769,NA,1.2814329755202625
2015,NA,1.2816887628119848,1.281822215995511,NA,0.5601626298018769,NA,1.2816887628119848
2016,NA,1.281944550103707,1.2820751813525995,NA,0.5601626298018769,NA,1.281944550103707
2017,NA,1.2822003373954294,1.2823281701024942,NA,0.5601626298018769,NA,1.2822003373954294
2018,NA,1.2824561246871518,1.2825811839986523,NA,0.5601626298018769,NA,1.2824561246871518
2019,NA,1.282711911978874,1.2828342247945301,NA,0.5601626298018769,NA,1.282711911978874
2020,NA,1.2829676992705963,1.2830872942435851,NA,0.5601626298018769,NA,1.2829676992705963
2021,NA,1.2832234865623184,1.2833403940992736,NA,0.5601626298018769,NA,1.2832234865623184
2022,NA,1.2834792738540408,1.283593526115052,NA,0.5601626298018769,NA,1.2834792738540408
2023,NA,1.283735061145763,1.2838466920443774,NA,0.5601626298018769,NA,1.283735061145763
2024,NA,1.2839908484374853,1.2840998936407066,NA,0.5601626298018769,NA,1.2839908484374853
2025,NA,1.2842466357292077,1.2843531326574968,NA,0.5601626298018769,NA,1.2842466357292077
2026,NA,1.2845024230209299,1.2846064108482043,NA,0.5601626298018769,NA,1.2845024230209299
2027,NA,1.2847582103126522,1.2848597299662856,NA,0.5601626298018769,NA,1.2847582103126522
2028,NA,1.2850139976043744,1.2851130917651976,NA,0.5601626298018769,NA,1.2850139976043744
2029,NA,1.2852697848960968,1.2853664979983976,NA,0.5601626298018769,NA,1.2852697848960968
2030,NA,1.285525572187819,1.285619950419342,NA,0.5601626298018769,NA,1.285525572187819
2031,NA,1.2857813594795413,1.2858734507814873,NA,0.5601626298018769,NA,1.2857813594795413
2032,NA,1.2860371467712635,1.2861270008382908,NA,0.5601626298018769,NA,1.2860371467712635
2033,NA,1.2862929340629858,1.286380602343209,NA,0.5601626298018769,NA,1.2862929340629858
2034,NA,1.2865487213547082,1.286634257049698,NA,0.5601626298018769,NA,1.2865487213547082
2035,NA,1.2868045086464304,1.2868879667112159,NA,0.5601626298018769,NA,1.2868045086464304
2036,NA,1.2870602959381527,1.2871417330812185,NA,0.5601626298018769,NA,1.2870602959381527
2037,NA,1.287316083229875,1.2873955579131628,NA,0.5601626298018769,NA,1.287316083229875
2038,NA,1.2875718705215973,1.2876494429605059,NA,0.5601626298018769,NA,1.2875718705215973
2039,NA,1.2878276578133194,1.2879033899767043,NA,0.5601626298018769,NA,1.2878276578133194
2040,NA,1.2880834451050418,1.2881574007152143,NA,0.5601626298018769,NA,1.2880834451050418
2041,NA,1.288339232396764,1.2884114769294936,NA,0.5601626298018769,NA,1.288339232396764
2042,NA,1.2885950196884863,1.2886656203729983,NA,0.5601626298018769,NA,1.2885950196884863
2043,NA,1.2888508069802087,1.2889198327991855,NA,0.5601626298018769,NA,1.2888508069802087
2044,NA,1.2891065942719309,1.2891741159615115,NA,0.5601626298018769,NA,1.2891065942719309
2045,NA,1.2893623815636532,1.2894284716134334,NA,0.5601626298018769,NA,1.2893623815636532
2046,NA,1.2896181688553754,1.289682901508408,NA,0.5601626298018769,NA,1.2896181688553754
2047,NA,1.2898739561470978,1.289937407399892,NA,0.5601626298018769,NA,1.2898739561470978
2048,NA,1.29012974343882,1.2901919910413422,NA,0.5601626298018769,NA,1.29012974343882
2049,NA,1.2903855307305423,1.2904466541862152,NA,0.5601626298018769,NA,1.2903855307305423
2050,NA,1.2906413180222647,1.2907013985879683,NA,0.5601626298018769,NA,1.2906413180222647
2051,NA,1.2908971053139868,1.2909562260000573,NA,0.5601626298018769,NA,1.2908971053139868
2052,NA,1.2911528926057092,1.2912111381759397,NA,0.5601626298018769,NA,1.2911528926057092
2053,NA,1.2914086798974314,1.2914661368690723,NA,0.5601626298018769,NA,1.2914086798974314
2054,NA,1.2916644671891537,1.2917212238329117,NA,0.5601626298018769,NA,1.2916644671891537
2055,NA,1.2919202544808759,1.2919764008209143,NA,0.5601626298018769,NA,1.2919202544808759
2056,NA,1.2921760417725983,1.2922316695865372,NA,0.5601626298018769,NA,1.2921760417725983
2057,NA,1.2924318290643204,1.2924870318832375,NA,0.5601626298018769,NA,1.2924318290643204
2058,NA,1.2926876163560428,1.2927424894644715,NA,0.5601626298018769,NA,1.2926876163560428
2059,NA,1.2929434036477652,1.2929980440836961,NA,0.5601626298018769,NA,1.2929434036477652
2060,NA,1.2931991909394873,1.2932536974943678,NA,0.5601626298018769,NA,1.2931991909394873
2061,NA,1.2934549782312097,1.2935094514499437,NA,0.5601626298018769,NA,1.2934549782312097
2062,NA,1.2937107655229318,1.2937653077038804,NA,0.5601626298018769,NA,1.2937107655229318
2063,NA,1.2939665528146542,1.294021268009635,NA,0.5601626298018769,NA,1.2939665528146542
2064,NA,1.2942223401063764,1.294277334120664,NA,0.5601626298018769,NA,1.2942223401063764
2065,NA,1.2944781273980988,1.294533507790424,NA,0.5601626298018769,NA,1.2944781273980988
2066,NA,1.2947339146898211,1.2947897907723718,NA,0.5601626298018769,NA,1.2947339146898211
2067,NA,1.2949897019815433,1.2950461848199646,NA,0.5601626298018769,NA,1.2949897019815433
2068,NA,1.2952454892732657,1.2953026916866588,NA,0.5601626298018769,NA,1.2952454892732657
2069,NA,1.2955012765649878,1.295559313125911,NA,0.5601626298018769,NA,1.2955012765649878
2070,NA,1.2957570638567102,1.2958160508911782,NA,0.5601626298018769,NA,1.2957570638567102
2071,NA,1.2960128511484323,1.2960729067359176,NA,0.5601626298018769,NA,1.2960128511484323
2072,NA,1.2962686384401547,1.2963298824135852,NA,0.5601626298018769,NA,1.2962686384401547
2073,NA,1.2965244257318769,1.2965869796776381,NA,0.5601626298018769,NA,1.2965244257318769
2074,NA,1.2967802130235992,1.2968442002815332,NA,0.5601626298018769,NA,1.2967802130235992
2075,NA,1.2970360003153216,1.2971015459787272,NA,0.5601626298018769,NA,1.2970360003153216
2076,NA,1.2972917876070438,1.2973590185226764,NA,0.5601626298018769,NA,1.2972917876070438
2077,NA,1.2975475748987662,1.2976166196668384,NA,0.5601626298018769,NA,1.2975475748987662
2078,NA,1.2978033621904883,1.2978743511646689,NA,0.5601626298018769,NA,1.2978033621904883
2079,NA,1.2980591494822107,1.2981322147696257,NA,0.5601626298018769,NA,1.2980591494822107
2080,NA,1.2983149367739328,1.2983902122351654,NA,0.5601626298018769,NA,1.2983149367739328
2081,NA,1.2985707240656552,1.298648345314744,NA,0.5601626298018769,NA,1.2985707240656552
2082,NA,1.2988265113573774,1.298906615761819,NA,0.5601626298018769,NA,1.2988265113573774
2083,NA,1.2990822986490997,1.2991650253298468,NA,0.5601626298018769,NA,1.2990822986490997
2084,NA,1.2993380859408221,1.2994235757722845,NA,0.5601626298018769,NA,1.2993380859408221
2085,NA,1.2995938732325443,1.2996822688425889,NA,0.5601626298018769,NA,1.2995938732325443
2086,NA,1.2998496605242666,1.299941106294216,NA,0.5601626298018769,NA,1.2998496605242666
2087,NA,1.3001054478159888,1.3002000898806232,NA,0.5601626298018769,NA,1.3001054478159888
2088,NA,1.3003612351077112,1.3004592213552673,NA,0.5601626298018769,NA,1.3003612351077112
2089,NA,1.3006170223994333,1.3007185024716053,NA,0.5601626298018769,NA,1.3006170223994333
2090,NA,1.3008728096911557,1.3009779349830932,NA,0.5601626298018769,NA,1.3008728096911557
2091,NA,1.301128596982878,1.301237520643188,NA,0.5601626298018769,NA,1.301128596982878
2092,NA,1.3013843842746002,1.301497261205347,NA,0.5601626298018769,NA,1.3013843842746002
2093,NA,1.3016401715663226,1.3017571584230263,NA,0.5601626298018769,NA,1.3016401715663226
2094,NA,1.3018959588580448,1.3020172140496833,NA,0.5601626298018769,NA,1.3018959588580448
2095,NA,1.3021517461497671,1.302277429838774,NA,0.5601626298018769,NA,1.3021517461497671
2096,NA,1.3024075334414893,1.302537807543756,NA,0.5601626298018769,NA,1.3024075334414893
2097,NA,1.3026633207332117,1.3027983489180852,NA,0.5601626298018769,NA,1.3026633207332117
2098,NA,1.3029191080249338,1.303059055715219,NA,0.5601626298018769,NA,1.3029191080249338
2099,1.3031748953166562,1.3031748953166562,1.3033199296886142,NA,0.5601626298018769,NA,1.3031748953166562
2100,NA,1.303441297524515,1.303580937741735,NA,0.5601626298018769,NA,1.303441297524515
2101,NA,1.3037076997323738,1.3038420455619295,NA,0.5601626298018769,NA,1.3037076997323738
2102,NA,1.3039741019402327,1.30410325307848,NA,0.5601626298018769,NA,1.3039741019402327
2103,NA,1.3042405041480916,1.3043645602206686,NA,0.5601626298018769,NA,1.3042405041480916
2104,NA,1.3045069063559502,1.3046259669177773,NA,0.5601626298018769,NA,1.3045069063559502
2105,NA,1.3047733085638091,1.3048874730990883,NA,0.5601626298018769,NA,1.3047733085638091
2106,NA,1.305039710771668,1.305149078693883,NA,0.5601626298018769,NA,1.305039710771668
2107,NA,1.3053061129795267,1.3054107836314448,NA,0.5601626298018769,NA,1.3053061129795267
2108,NA,1.3055725151873856,1.3056725878410547,NA,0.5601626298018769,NA,1.3055725151873856
2109,NA,1.3058389173952445,1.3059344912519952,NA,0.5601626298018769,NA,1.3058389173952445
2110,NA,1.3061053196031032,1.306196493793548,NA,0.5601626298018769,NA,1.3061053196031032
2111,NA,1.306371721810962,1.3064585953949954,NA,0.5601626298018769,NA,1.306371721810962
2112,NA,1.306638124018821,1.3067207959856197,NA,0.5601626298018769,NA,1.306638124018821
2113,NA,1.3069045262266799,1.306983095494703,NA,0.5601626298018769,NA,1.3069045262266799
2114,NA,1.3071709284345385,1.307245493851527,NA,0.5601626298018769,NA,1.3071709284345385
2115,NA,1.3074373306423974,1.3075079909853742,NA,0.5601626298018769,NA,1.3074373306423974
2116,NA,1.3077037328502563,1.3077705868255263,NA,0.5601626298018769,NA,1.3077037328502563
2117,NA,1.307970135058115,1.3080332813012656,NA,0.5601626298018769,NA,1.307970135058115
2118,NA,1.3082365372659739,1.3082960743418743,NA,0.5601626298018769,NA,1.3082365372659739
2119,NA,1.3085029394738328,1.3085589658766341,NA,0.5601626298018769,NA,1.3085029394738328
2120,NA,1.3087693416816915,1.3088219558348273,NA,0.5601626298018769,NA,1.3087693416816915
2121,NA,1.3090357438895504,1.3090850441457358,NA,0.5601626298018769,NA,1.3090357438895504
2122,NA,1.3093021460974092,1.3093482307386421,NA,0.5601626298018769,NA,1.3093021460974092
2123,NA,1.309568548305268,1.3096115155428283,NA,0.5601626298018769,NA,1.309568548305268
2124,NA,1.3098349505131268,1.3098748984875759,NA,0.5601626298018769,NA,1.3098349505131268
2125,NA,1.3101013527209857,1.3101383795021677,NA,0.5601626298018769,NA,1.3101013527209857
2126,NA,1.3103677549288444,1.310401958515885,NA,0.5601626298018769,NA,1.3103677549288444
2127,NA,1.3106341571367033,1.3106656354580104,NA,0.5601626298018769,NA,1.3106341571367033
2128,NA,1.3109005593445622,1.3109294102578257,NA,0.5601626298018769,NA,1.3109005593445622
2129,NA,1.3111669615524209,1.3111932828446133,NA,0.5601626298018769,NA,1.3111669615524209
2130,NA,1.3114333637602797,1.311457253147655,NA,0.5601626298018769,NA,1.3114333637602797
2131,NA,1.3116997659681386,1.3117213210962329,NA,0.5601626298018769,NA,1.3116997659681386
2132,NA,1.3119661681759973,1.3119854866196294,NA,0.5601626298018769,NA,1.3119661681759973
2133,NA,1.3122325703838562,1.3122497496471266,NA,0.5601626298018769,NA,1.3122325703838562
2134,NA,1.312498972591715,1.312514110108006,NA,0.5601626298018769,NA,1.312498972591715
2135,NA,1.312765374799574,1.31277856793155,NA,0.5601626298018769,NA,1.312765374799574
2136,NA,1.3130317770074327,1.3130431230470407,NA,0.5601626298018769,NA,1.3130317770074327
2137,NA,1.3132981792152916,1.3133077753837603,NA,0.5601626298018769,NA,1.3132981792152916
2138,NA,1.3135645814231505,1.3135725248709909,NA,0.5601626298018769,NA,1.3135645814231505
2139,NA,1.3138309836310091,1.313837371438014,NA,0.5601626298018769,NA,1.3138309836310091
2140,NA,1.314097385838868,1.3141023150141127,NA,0.5601626298018769,NA,1.314097385838868
2141,NA,1.314363788046727,1.3143673555285684,NA,0.5601626298018769,NA,1.314363788046727
2142,NA,1.3146301902545856,1.3146324929106632,NA,0.5601626298018769,NA,1.3146301902545856
2143,NA,1.3148965924624445,1.3148977270896791,NA,0.5601626298018769,NA,1.3148965924624445
2144,NA,1.3151629946703034,1.3151630579948987,NA,0.5601626298018769,NA,1.3151629946703034
2145,NA,1.315429396878162,1.3154284855556033,NA,0.5601626298018769,NA,1.315429396878162
2146,NA,1.315695799086021,1.315694009701076,NA,0.5601626298018769,NA,1.315695799086021
2147,NA,1.3159622012938799,1.315959630360598,NA,0.5601626298018769,NA,1.3159622012938799
2148,NA,1.3162286035017385,1.3162253474634515,NA,0.5601626298018769,NA,1.3162286035017385
2149,NA,1.3164950057095974,1.3164911609389192,NA,0.5601626298018769,NA,1.3164950057095974
2150,NA,1.3167614079174563,1.3167570707162823,NA,0.5601626298018769,NA,1.3167614079174563
2151,NA,1.317027810125315,1.3170230767248234,NA,0.5601626298018769,NA,1.317027810125315
2152,NA,1.317294212333174,1.3172891788938248,NA,0.5601626298018769,NA,1.317294212333174
2153,NA,1.3175606145410328,1.317555377152568,NA,0.5601626298018769,NA,1.3175606145410328
2154,NA,1.3178270167488915,1.3178216714303357,NA,0.5601626298018769,NA,1.3178270167488915
2155,NA,1.3180934189567504,1.3180880616564095,NA,0.5601626298018769,NA,1.3180934189567504
2156,NA,1.3183598211646093,1.3183545477600718,NA,0.5601626298018769,NA,1.3183598211646093
2157,NA,1.3186262233724682,1.3186211296706043,NA,0.5601626298018769,NA,1.3186262233724682
2158,NA,1.3188926255803268,1.3188878073172894,NA,0.5601626298018769,NA,1.3188926255803268
2159,NA,1.3191590277881857,1.3191545806294092,NA,0.5601626298018769,NA,1.3191590277881857
2160,NA,1.3194254299960446,1.3194214495362457,NA,0.5601626298018769,NA,1.3194254299960446
2161,NA,1.3196918322039033,1.3196884139670806,NA,0.5601626298018769,NA,1.3196918322039033
2162,NA,1.3199582344117622,1.3199554738511965,NA,0.5601626298018769,NA,1.3199582344117622
2163,NA,1.320224636619621,1.3202226291178756,NA,0.5601626298018769,NA,1.320224636619621
2164,NA,1.3204910388274798,1.3204898796963993,NA,0.5601626298018769,NA,1.3204910388274798
2165,NA,1.3207574410353387,1.3207572255160505,NA,0.5601626298018769,NA,1.3207574410353387
2166,NA,1.3210238432431975,1.3210246665061105,NA,0.5601626298018769,NA,1.3210238432431975
2167,NA,1.3212902454510562,1.321292202595862,NA,0.5601626298018769,NA,1.3212902454510562
2168,NA,1.3215566476589151,1.3215598337145864,NA,0.5601626298018769,NA,1.3215566476589151
2169,NA,1.321823049866774,1.321827559791567,NA,0.5601626298018769,NA,1.321823049866774
2170,NA,1.3220894520746327,1.3220953807560845,NA,0.5601626298018769,NA,1.3220894520746327
2171,NA,1.3223558542824916,1.3223632965374217,NA,0.5601626298018769,NA,1.3223558542824916
2172,NA,1.3226222564903505,1.3226313070648603,NA,0.5601626298018769,NA,1.3226222564903505
2173,NA,1.3228886586982092,1.322899412267683,NA,0.5601626298018769,NA,1.3228886586982092
2174,NA,1.323155060906068,1.3231676120751712,NA,0.5601626298018769,NA,1.323155060906068
2175,NA,1.323421463113927,1.3234359064166077,NA,0.5601626298018769,NA,1.323421463113927
2176,NA,1.3236878653217856,1.3237042952212736,NA,0.5601626298018769,NA,1.3236878653217856
2177,NA,1.3239542675296445,1.323972778418452,NA,0.5601626298018769,NA,1.3239542675296445
2178,NA,1.3242206697375034,1.3242413559374246,NA,0.5601626298018769,NA,1.3242206697375034
2179,NA,1.3244870719453623,1.3245100277074733,NA,0.5601626298018769,NA,1.3244870719453623
2180,NA,1.324753474153221,1.32477879365788,NA,0.5601626298018769,NA,1.324753474153221
2181,NA,1.3250198763610799,1.3250476537179279,NA,0.5601626298018769,NA,1.3250198763610799
2182,NA,1.3252862785689388,1.3253166078168976,NA,0.5601626298018769,NA,1.3252862785689388
2183,NA,1.3255526807767974,1.325585655884072,NA,0.5601626298018769,NA,1.3255526807767974
2184,NA,1.3258190829846563,1.3258547978487327,NA,0.5601626298018769,NA,1.3258190829846563
2185,NA,1.3260854851925152,1.3261240336401627,NA,0.5601626298018769,NA,1.3260854851925152
2186,NA,1.326351887400374,1.326393363187643,NA,0.5601626298018769,NA,1.326351887400374
2187,NA,1.3266182896082328,1.3266627864204568,NA,0.5601626298018769,NA,1.3266182896082328
2188,NA,1.3268846918160917,1.3269323032678852,NA,0.5601626298018769,NA,1.3268846918160917
2189,NA,1.3271510940239504,1.3272019136592108,NA,0.5601626298018769,NA,1.3271510940239504
2190,1.3274174962318093,1.3274174962318093,1.3274716175237153,NA,0.5601626298018769,NA,1.3274174962318093
2191,NA,1.327692666224592,1.327741414790681,NA,0.5601626298018769,NA,1.327692666224592
2192,NA,1.3279678362173748,1.3280113053893903,NA,0.5601626298018769,NA,1.3279678362173748
2193,NA,1.3282430062101573,1.3282812892491245,NA,0.5601626298018769,NA,1.3282430062101573
2194,NA,1.32851817620294,1.3285513662991664,NA,0.5601626298018769,NA,1.32851817620294
2195,NA,1.3287933461957229,1.328821536468798,NA,0.5601626298018769,NA,1.3287933461957229
2196,NA,1.3290685161885056,1.3290917996873008,NA,0.5601626298018769,NA,1.3290685161885056
2197,NA,1.3293436861812882,1.329362155883958,NA,0.5601626298018769,NA,1.3293436861812882
2198,NA,1.329618856174071,1.3296326049880502,NA,0.5601626298018769,NA,1.329618856174071
2199,NA,1.3298940261668537,1.329903146928861,NA,0.5601626298018769,NA,1.3298940261668537
2200,NA,1.3301691961596365,1.3301737816356711,NA,0.5601626298018769,NA,1.3301691961596365
2201,NA,1.330444366152419,1.3304445090377635,NA,0.5601626298018769,NA,1.330444366152419
2202,NA,1.3307195361452018,1.33071532906442,NA,0.5601626298018769,NA,1.3307195361452018
2203,NA,1.3309947061379845,1.3309862416449227,NA,0.5601626298018769,NA,1.3309947061379845
2204,NA,1.3312698761307673,1.3312572467085535,NA,0.5601626298018769,NA,1.3312698761307673
2205,NA,1.3315450461235498,1.3315283441845949,NA,0.5601626298018769,NA,1.3315450461235498
2206,NA,1.3318202161163326,1.3317995340023288,NA,0.5601626298018769,NA,1.3318202161163326
2207,NA,1.3320953861091154,1.3320708160910368,NA,0.5601626298018769,NA,1.3320953861091154
2208,NA,1.3323705561018981,1.332342190380002,NA,0.5601626298018769,NA,1.3323705561018981
2209,NA,1.3326457260946807,1.3326136567985054,NA,0.5601626298018769,NA,1.3326457260946807
2210,NA,1.3329208960874634,1.3328852152758297,NA,0.5601626298018769,NA,1.3329208960874634
2211,NA,1.3331960660802462,1.333156865741257,NA,0.5601626298018769,NA,1.3331960660802462
2212,NA,1.333471236073029,1.3334286081240687,NA,0.5601626298018769,NA,1.333471236073029
2213,NA,1.3337464060658115,1.333700442353548,NA,0.5601626298018769,NA,1.3337464060658115
2214,NA,1.3340215760585943,1.3339723683589761,NA,0.5601626298018769,NA,1.3340215760585943
2215,NA,1.334296746051377,1.3342443860696356,NA,0.5601626298018769,NA,1.334296746051377
2216,NA,1.3345719160441598,1.3345164954148079,NA,0.5601626298018769,NA,1.3345719160441598
2217,NA,1.3348470860369424,1.334788696323776,NA,0.5601626298018769,NA,1.3348470860369424
2218,NA,1.3351222560297251,1.3350609887258211,NA,0.5601626298018769,NA,1.3351222560297251
2219,NA,1.3353974260225079,1.335333372550226,NA,0.5601626298018769,NA,1.3353974260225079
2220,NA,1.3356725960152906,1.3356058477262727,NA,0.5601626298018769,NA,1.3356725960152906
2221,NA,1.3359477660080734,1.3358784141832427,NA,0.5601626298018769,NA,1.3359477660080734
2222,NA,1.336222936000856,1.3361510718504186,NA,0.5601626298018769,NA,1.336222936000856
2223,NA,1.3364981059936387,1.336423820657082,NA,0.5601626298018769,NA,1.3364981059936387
2224,NA,1.3367732759864215,1.3366966605325157,NA,0.5601626298018769,NA,1.3367732759864215
2225,NA,1.3370484459792042,1.3369695914060011,NA,0.5601626298018769,NA,1.3370484459792042
2226,NA,1.3373236159719868,1.337242613206821,NA,0.5601626298018769,NA,1.3373236159719868
2227,NA,1.3375987859647696,1.3375157258642567,NA,0.5601626298018769,NA,1.3375987859647696
2228,NA,1.3378739559575523,1.3377889293075906,NA,0.5601626298018769,NA,1.3378739559575523
2229,NA,1.338149125950335,1.338062223466105,NA,0.5601626298018769,NA,1.338149125950335
2230,NA,1.3384242959431176,1.3383356082690816,NA,0.5601626298018769,NA,1.3384242959431176
2231,NA,1.3386994659359004,1.3386090836458031,NA,0.5601626298018769,NA,1.3386994659359004
2232,NA,1.3389746359286832,1.3388826495255506,NA,0.5601626298018769,NA,1.3389746359286832
2233,NA,1.339249805921466,1.339156305837607,NA,0.5601626298018769,NA,1.339249805921466
2234,NA,1.3395249759142485,1.3394300525112544,NA,0.5601626298018769,NA,1.3395249759142485
2235,NA,1.3398001459070312,1.3397038894757745,NA,0.5601626298018769,NA,1.3398001459070312
2236,NA,1.340075315899814,1.3399778166604492,NA,0.5601626298018769,NA,1.340075315899814
2237,NA,1.3403504858925968,1.340251833994561,NA,0.5601626298018769,NA,1.3403504858925968
2238,NA,1.3406256558853793,1.3405259414073918,NA,0.5601626298018769,NA,1.3406256558853793
2239,NA,1.340900825878162,1.3408001388282236,NA,0.5601626298018769,NA,1.340900825878162
2240,NA,1.3411759958709448,1.3410744261863388,NA,0.5601626298018769,NA,1.3411759958709448
2241,NA,1.3414511658637276,1.3413488034110195,NA,0.5601626298018769,NA,1.3414511658637276
2242,NA,1.3417263358565101,1.3416232704315474,NA,0.5601626298018769,NA,1.3417263358565101
2243,NA,1.342001505849293,1.3418978271772048,NA,0.5601626298018769,NA,1.342001505849293
2244,NA,1.3422766758420757,1.3421724735772735,NA,0.5601626298018769,NA,1.3422766758420757
2245,NA,1.3425518458348584,1.342447209561036,NA,0.5601626298018769,NA,1.3425518458348584
2246,NA,1.342827015827641,1.3427220350577742,NA,0.5601626298018769,NA,1.342827015827641
2247,NA,1.3431021858204237,1.3429969499967704,NA,0.5601626298018769,NA,1.3431021858204237
2248,NA,1.3433773558132065,1.3432719543073062,NA,0.5601626298018769,NA,1.3433773558132065
2249,NA,1.3436525258059893,1.343547047918664,NA,0.5601626298018769,NA,1.3436525258059893
2250,NA,1.3439276957987718,1.343822230760126,NA,0.5601626298018769,NA,1.3439276957987718
2251,NA,1.3442028657915546,1.344097502760974,NA,0.5601626298018769,NA,1.3442028657915546
2252,NA,1.3444780357843373,1.34437286385049,NA,0.5601626298018769,NA,1.3444780357843373
2253,NA,1.34475320577712,1.3446483139579566,NA,0.5601626298018769,NA,1.34475320577712
2254,NA,1.3450283757699029,1.3449238530126555,NA,0.5601626298018769,NA,1.3450283757699029
2255,NA,1.3453035457626854,1.3451994809438688,NA,0.5601626298018769,NA,1.3453035457626854
2256,NA,1.3455787157554682,1.3454751976808783,NA,0.5601626298018769,NA,1.3455787157554682
2257,NA,1.345853885748251,1.3457510031529667,NA,0.5601626298018769,NA,1.345853885748251
2258,NA,1.3461290557410337,1.3460268972894156,NA,0.5601626298018769,NA,1.3461290557410337
2259,NA,1.3464042257338162,1.3463028800195076,NA,0.5601626298018769,NA,1.3464042257338162
2260,NA,1.346679395726599,1.3465789512725244,NA,0.5601626298018769,NA,1.346679395726599
2261,NA,1.3469545657193818,1.346855110977748,NA,0.5601626298018769,NA,1.3469545657193818
2262,NA,1.3472297357121645,1.3471313590644607,NA,0.5601626298018769,NA,1.3472297357121645
2263,NA,1.347504905704947,1.3474076954619445,NA,0.5601626298018769,NA,1.347504905704947
2264,NA,1.3477800756977298,1.3476841200994814,NA,0.5601626298018769,NA,1.3477800756977298
2265,NA,1.3480552456905126,1.3479606329063536,NA,0.5601626298018769,NA,1.3480552456905126
2266,NA,1.3483304156832954,1.3482372338118431,NA,0.5601626298018769,NA,1.3483304156832954
2267,NA,1.348605585676078,1.3485139227452319,NA,0.5601626298018769,NA,1.348605585676078
2268,NA,1.3488807556688607,1.3487906996358026,NA,0.5601626298018769,NA,1.3488807556688607
2269,NA,1.3491559256616434,1.3490675644128365,NA,0.5601626298018769,NA,1.3491559256616434
2270,NA,1.3494310956544262,1.3493445170056164,NA,0.5601626298018769,NA,1.3494310956544262
2271,NA,1.3497062656472087,1.3496215573434238,NA,0.5601626298018769,NA,1.3497062656472087
2272,NA,1.3499814356399915,1.3498986853555413,NA,0.5601626298018769,NA,1.3499814356399915
2273,NA,1.3502566056327743,1.3501759009712504,NA,0.5601626298018769,NA,1.3502566056327743
2274,NA,1.350531775625557,1.3504532041198336,NA,0.5601626298018769,NA,1.350531775625557
2275,NA,1.3508069456183396,1.3507305947305728,NA,0.5601626298018769,NA,1.3508069456183396
2276,NA,1.3510821156111223,1.3510080727327507,NA,0.5601626298018769,NA,1.3510821156111223
2277,NA,1.3513572856039051,1.3512856380556482,NA,0.5601626298018769,NA,1.3513572856039051
2278,NA,1.3516324555966879,1.351563290628548,NA,0.5601626298018769,NA,1.3516324555966879
2279,NA,1.3519076255894704,1.3518410303807324,NA,0.5601626298018769,NA,1.3519076255894704
2280,NA,1.3521827955822532,1.3521188572414837,NA,0.5601626298018769,NA,1.3521827955822532
2281,1.352457965575036,1.352457965575036,1.352396771140083,NA,0.5601626298018769,NA,1.352457965575036
2282,NA,1.352739118792734,1.3526748005487628,NA,0.5601626298018769,NA,1.352739118792734
2283,NA,1.353020272010432,1.3529529735363048,NA,0.5601626298018769,NA,1.353020272010432
2284,NA,1.3533014252281301,1.3532312894268164,NA,0.5601626298018769,NA,1.3533014252281301
2285,NA,1.3535825784458282,1.3535097475444047,NA,0.5601626298018769,NA,1.3535825784458282
2286,NA,1.3538637316635262,1.353788347213177,NA,0.5601626298018769,NA,1.3538637316635262
2287,NA,1.354144884881224,1.3540670877572407,NA,0.5601626298018769,NA,1.354144884881224
2288,NA,1.3544260380989221,1.3543459685007029,NA,0.5601626298018769,NA,1.3544260380989221
2289,NA,1.3547071913166202,1.354624988767671,NA,0.5601626298018769,NA,1.3547071913166202
2290,NA,1.3549883445343183,1.3549041478822519,NA,0.5601626298018769,NA,1.3549883445343183
2291,NA,1.3552694977520163,1.3551834451685532,NA,0.5601626298018769,NA,1.3552694977520163
2292,NA,1.3555506509697144,1.3554628799506823,NA,0.5601626298018769,NA,1.3555506509697144
2293,NA,1.3558318041874124,1.3557424515527465,NA,0.5601626298018769,NA,1.3558318041874124
2294,NA,1.3561129574051105,1.3560221592988524,NA,0.5601626298018769,NA,1.3561129574051105
2295,NA,1.3563941106228086,1.3563020025131078,NA,0.5601626298018769,NA,1.3563941106228086
2296,NA,1.3566752638405066,1.3565819805196202,NA,0.5601626298018769,NA,1.3566752638405066
2297,NA,1.3569564170582045,1.3568620926424964,NA,0.5601626298018769,NA,1.3569564170582045
2298,NA,1.3572375702759025,1.3571423382058438,NA,0.5601626298018769,NA,1.3572375702759025
2299,NA,1.3575187234936006,1.3574227165337698,NA,0.5601626298018769,NA,1.3575187234936006
2300,NA,1.3577998767112986,1.3577032269503813,NA,0.5601626298018769,NA,1.3577998767112986
2301,NA,1.3580810299289967,1.3579838687797863,NA,0.5601626298018769,NA,1.3580810299289967
2302,NA,1.3583621831466948,1.358264641346091,NA,0.5601626298018769,NA,1.3583621831466948
2303,NA,1.3586433363643928,1.3585455439734035,NA,0.5601626298018769,NA,1.3586433363643928
2304,NA,1.3589244895820909,1.3588265759858311,NA,0.5601626298018769,NA,1.3589244895820909
2305,NA,1.359205642799789,1.3591077367074804,NA,0.5601626298018769,NA,1.359205642799789
2306,NA,1.359486796017487,1.3593890254624592,NA,0.5601626298018769,NA,1.359486796017487
2307,NA,1.3597679492351848,1.3596704415748748,NA,0.5601626298018769,NA,1.3597679492351848
2308,NA,1.360049102452883,1.3599519843688344,NA,0.5601626298018769,NA,1.360049102452883
2309,NA,1.360330255670581,1.360233653168445,NA,0.5601626298018769,NA,1.360330255670581
2310,NA,1.360611408888279,1.3605154472978138,NA,0.5601626298018769,NA,1.360611408888279
2311,NA,1.360892562105977,1.3607973660810484,NA,0.5601626298018769,NA,1.360892562105977
2312,NA,1.3611737153236751,1.3610794088422562,NA,0.5601626298018769,NA,1.3611737153236751
2313,NA,1.3614548685413732,1.3613615749055439,NA,0.5601626298018769,NA,1.3614548685413732
2314,NA,1.3617360217590713,1.3616438635950194,NA,0.5601626298018769,NA,1.3617360217590713
2315,NA,1.3620171749767693,1.3619262742347895,NA,0.5601626298018769,NA,1.3620171749767693
2316,NA,1.3622983281944674,1.3622088061489617,NA,0.5601626298018769,NA,1.3622983281944674
2317,NA,1.3625794814121652,1.362491458661643,NA,0.5601626298018769,NA,1.3625794814121652
2318,NA,1.3628606346298633,1.3627742310969413,NA,0.5601626298018769,NA,1.3628606346298633
2319,NA,1.3631417878475613,1.3630571227789632,NA,0.5601626298018769,NA,1.3631417878475613
2320,NA,1.3634229410652594,1.363340133031816,NA,0.5601626298018769,NA,1.3634229410652594
2321,NA,1.3637040942829575,1.3636232611796073,NA,0.5601626298018769,NA,1.3637040942829575
2322,NA,1.3639852475006555,1.3639065065464444,NA,0.5601626298018769,NA,1.3639852475006555
2323,NA,1.3642664007183536,1.3641898684564344,NA,0.5601626298018769,NA,1.3642664007183536
2324,NA,1.3645475539360516,1.3644733462336844,NA,0.5601626298018769,NA,1.3645475539360516
2325,NA,1.3648287071537497,1.364756939202302,NA,0.5601626298018769,NA,1.3648287071537497
2326,NA,1.3651098603714478,1.3650406466863942,NA,0.5601626298018769,NA,1.3651098603714478
2327,NA,1.3653910135891456,1.3653244680100685,NA,0.5601626298018769,NA,1.3653910135891456
2328,NA,1.3656721668068437,1.3656084024974318,NA,0.5601626298018769,NA,1.3656721668068437
2329,NA,1.3659533200245417,1.365892449472592,NA,0.5601626298018769,NA,1.3659533200245417
2330,NA,1.3662344732422398,1.3661766082596556,NA,0.5601626298018769,NA,1.3662344732422398
2331,NA,1.3665156264599378,1.3664608781827305,NA,0.5601626298018769,NA,1.3665156264599378
2332,NA,1.366796779677636,1.3667452585659237,NA,0.5601626298018769,NA,1.366796779677636
2333,NA,1.367077932895334,1.3670297487333423,NA,0.5601626298018769,NA,1.367077932895334
2334,NA,1.367359086113032,1.367314348009094,NA,0.5601626298018769,NA,1.367359086113032
2335,NA,1.36764023933073,1.3675990557172857,NA,0.5601626298018769,NA,1.36764023933073
2336,NA,1.3679213925484281,1.3678838711820245,NA,0.5601626298018769,NA,1.3679213925484281
2337,NA,1.3682025457661262,1.368168793727418,NA,0.5601626298018769,NA,1.3682025457661262
2338,NA,1.368483698983824,1.368453822677574,NA,0.5601626298018769,NA,1.368483698983824
2339,NA,1.368764852201522,1.3687389573565987,NA,0.5601626298018769,NA,1.368764852201522
2340,NA,1.3690460054192202,1.3690241970885997,NA,0.5601626298018769,NA,1.3690460054192202
2341,NA,1.3693271586369182,1.3693095411976848,NA,0.5601626298018769,NA,1.3693271586369182
2342,NA,1.3696083118546163,1.3695949890079608,NA,0.5601626298018769,NA,1.3696083118546163
2343,NA,1.3698894650723143,1.3698805398435352,NA,0.5601626298018769,NA,1.3698894650723143
2344,NA,1.3701706182900124,1.3701661930285147,NA,0.5601626298018769,NA,1.3701706182900124
2345,NA,1.3704517715077105,1.370451947887007,NA,0.5601626298018769,NA,1.3704517715077105
2346,NA,1.3707329247254085,1.3707378037431197,NA,0.5601626298018769,NA,1.3707329247254085
2347,NA,1.3710140779431066,1.3710237599209596,NA,0.5601626298018769,NA,1.3710140779431066
2348,NA,1.3712952311608044,1.3713098157446337,NA,0.5601626298018769,NA,1.3712952311608044
2349,NA,1.3715763843785025,1.3715959705382503,NA,0.5601626298018769,NA,1.3715763843785025
2350,NA,1.3718575375962005,1.3718822236259156,NA,0.5601626298018769,NA,1.3718575375962005
2351,NA,1.3721386908138986,1.3721685743317373,NA,0.5601626298018769,NA,1.3721386908138986
2352,NA,1.3724198440315967,1.3724550219798228,NA,0.5601626298018769,NA,1.3724198440315967
2353,NA,1.3727009972492947,1.372741565894279,NA,0.5601626298018769,NA,1.3727009972492947
2354,NA,1.3729821504669928,1.3730282053992138,NA,0.5601626298018769,NA,1.3729821504669928
2355,NA,1.3732633036846909,1.3733149398187336,NA,0.5601626298018769,NA,1.3732633036846909
2356,NA,1.373544456902389,1.3736017684769464,NA,0.5601626298018769,NA,1.373544456902389
2357,NA,1.373825610120087,1.3738886906979593,NA,0.5601626298018769,NA,1.373825610120087
2358,NA,1.3741067633377848,1.374175705805879,NA,0.5601626298018769,NA,1.3741067633377848
2359,NA,1.3743879165554829,1.3744628131248133,NA,0.5601626298018769,NA,1.3743879165554829
2360,NA,1.374669069773181,1.3747500119788698,NA,0.5601626298018769,NA,1.374669069773181
2361,NA,1.374950222990879,1.3750373016921553,NA,0.5601626298018769,NA,1.374950222990879
2362,NA,1.375231376208577,1.3753246815887767,NA,0.5601626298018769,NA,1.375231376208577
2363,NA,1.375512529426275,1.3756121509928423,NA,0.5601626298018769,NA,1.375512529426275
2364,NA,1.3757936826439732,1.3758997092284582,NA,0.5601626298018769,NA,1.3757936826439732
2365,NA,1.3760748358616712,1.3761873556197324,NA,0.5601626298018769,NA,1.3760748358616712
2366,NA,1.3763559890793693,1.3764750894907722,NA,0.5601626298018769,NA,1.3763559890793693
2367,NA,1.3766371422970674,1.3767629101656846,NA,0.5601626298018769,NA,1.3766371422970674
2368,NA,1.3769182955147652,1.3770508169685771,NA,0.5601626298018769,NA,1.3769182955147652
2369,NA,1.3771994487324632,1.3773388092235563,NA,0.5601626298018769,NA,1.3771994487324632
2370,NA,1.3774806019501613,1.3776268862547305,NA,0.5601626298018769,NA,1.3774806019501613
2371,NA,1.3777617551678594,1.377915047386206,NA,0.5601626298018769,NA,1.3777617551678594
2372,NA,1.3780429083855574,1.3782032919420906,NA,0.5601626298018769,NA,1.3780429083855574
2373,1.3783240616032555,1.3783240616032555,1.3784916192464918,NA,0.5601626298018769,NA,1.3783240616032555
2374,NA,1.378616464086663,1.378780028623516,NA,0.5601626298018769,NA,1.378616464086663
2375,NA,1.3789088665700706,1.3790685193972716,NA,0.5601626298018769,NA,1.3789088665700706
2376,NA,1.379201269053478,1.3793570908918649,NA,0.5601626298018769,NA,1.379201269053478
2377,NA,1.3794936715368857,1.3796457424314035,NA,0.5601626298018769,NA,1.3794936715368857
2378,NA,1.3797860740202932,1.3799344733399945,NA,0.5601626298018769,NA,1.3797860740202932
2379,NA,1.3800784765037006,1.3802232829417458,NA,0.5601626298018769,NA,1.3800784765037006
2380,NA,1.3803708789871083,1.380512170560764,NA,0.5601626298018769,NA,1.3803708789871083
2381,NA,1.3806632814705158,1.3808011355211567,NA,0.5601626298018769,NA,1.3806632814705158
2382,NA,1.3809556839539234,1.3810901771470312,NA,0.5601626298018769,NA,1.3809556839539234
2383,NA,1.3812480864373309,1.3813792947624943,NA,0.5601626298018769,NA,1.3812480864373309
2384,NA,1.3815404889207383,1.3816684876916538,NA,0.5601626298018769,NA,1.3815404889207383
2385,NA,1.381832891404146,1.3819577552586169,NA,0.5601626298018769,NA,1.381832891404146
2386,NA,1.3821252938875535,1.3822470967874905,NA,0.5601626298018769,NA,1.3821252938875535
2387,NA,1.3824176963709611,1.3825365116023822,NA,0.5601626298018769,NA,1.3824176963709611
2388,NA,1.3827100988543686,1.3828259990273992,NA,0.5601626298018769,NA,1.3827100988543686
2389,NA,1.383002501337776,1.3831155583866486,NA,0.5601626298018769,NA,1.383002501337776
2390,NA,1.3832949038211837,1.383405189004238,NA,0.5601626298018769,NA,1.3832949038211837
2391,NA,1.3835873063045911,1.3836948902042743,NA,0.5601626298018769,NA,1.3835873063045911
2392,NA,1.3838797087879988,1.383984661310865,NA,0.5601626298018769,NA,1.3838797087879988
2393,NA,1.3841721112714063,1.3842745016481175,NA,0.5601626298018769,NA,1.3841721112714063
2394,NA,1.3844645137548137,1.384564410540139,NA,0.5601626298018769,NA,1.3844645137548137
2395,NA,1.3847569162382214,1.384854387311036,NA,0.5601626298018769,NA,1.3847569162382214
2396,NA,1.3850493187216288,1.385144431284917,NA,0.5601626298018769,NA,1.3850493187216288
2397,NA,1.3853417212050363,1.3854345417858882,NA,0.5601626298018769,NA,1.3853417212050363
2398,NA,1.385634123688444,1.3857247181380576,NA,0.5601626298018769,NA,1.385634123688444
2399,NA,1.3859265261718514,1.3860149596655322,NA,0.5601626298018769,NA,1.3859265261718514
2400,NA,1.386218928655259,1.3863052656924195,NA,0.5601626298018769,NA,1.386218928655259
2401,NA,1.3865113311386665,1.3865956355428262,NA,0.5601626298018769,NA,1.3865113311386665
2402,NA,1.386803733622074,1.3868860685408602,NA,0.5601626298018769,NA,1.386803733622074
2403,NA,1.3870961361054817,1.3871765640106282,NA,0.5601626298018769,NA,1.3870961361054817
2404,NA,1.387388538588889,1.387467121276238,NA,0.5601626298018769,NA,1.387388538588889
2405,NA,1.3876809410722968,1.3877577396617964,NA,0.5601626298018769,NA,1.3876809410722968
2406,NA,1.3879733435557042,1.388048418491411,NA,0.5601626298018769,NA,1.3879733435557042
2407,NA,1.3882657460391117,1.388339157089189,NA,0.5601626298018769,NA,1.3882657460391117
2408,NA,1.3885581485225194,1.3886299547792373,NA,0.5601626298018769,NA,1.3885581485225194
2409,NA,1.3888505510059268,1.388920810885664,NA,0.5601626298018769,NA,1.3888505510059268
2410,NA,1.3891429534893345,1.3892117247325755,NA,0.5601626298018769,NA,1.3891429534893345
2411,NA,1.389435355972742,1.3895026956440797,NA,0.5601626298018769,NA,1.389435355972742
2412,NA,1.3897277584561494,1.3897937229442834,NA,0.5601626298018769,NA,1.3897277584561494
2413,NA,1.390020160939557,1.390084805957294,NA,0.5601626298018769,NA,1.390020160939557
2414,NA,1.3903125634229645,1.3903759440072185,NA,0.5601626298018769,NA,1.3903125634229645
2415,NA,1.3906049659063722,1.3906671364181649,NA,0.5601626298018769,NA,1.3906049659063722
2416,NA,1.3908973683897796,1.3909583825142402,NA,0.5601626298018769,NA,1.3908973683897796
2417,NA,1.391189770873187,1.3912496816195514,NA,0.5601626298018769,NA,1.391189770873187
2418,NA,1.3914821733565947,1.3915410330582056,NA,0.5601626298018769,NA,1.3914821733565947
2419,NA,1.3917745758400022,1.3918324361543108,NA,0.5601626298018769,NA,1.3917745758400022
2420,NA,1.3920669783234099,1.3921238902319737,NA,0.5601626298018769,NA,1.3920669783234099
2421,NA,1.3923593808068173,1.3924153946153015,NA,0.5601626298018769,NA,1.3923593808068173
2422,NA,1.3926517832902248,1.3927069486284016,NA,0.5601626298018769,NA,1.3926517832902248
2423,NA,1.3929441857736324,1.3929985515953816,NA,0.5601626298018769,NA,1.3929441857736324
2424,NA,1.3932365882570399,1.3932902028403484,NA,0.5601626298018769,NA,1.3932365882570399
2425,NA,1.3935289907404476,1.3935819016874091,NA,0.5601626298018769,NA,1.3935289907404476
2426,NA,1.393821393223855,1.3938736474606717,NA,0.5601626298018769,NA,1.393821393223855
2427,NA,1.3941137957072625,1.3941654394842429,NA,0.5601626298018769,NA,1.3941137957072625
2428,NA,1.3944061981906701,1.3944572770822297,NA,0.5601626298018769,NA,1.3944061981906701
2429,NA,1.3946986006740776,1.39474915957874,NA,0.5601626298018769,NA,1.3946986006740776
2430,NA,1.3949910031574853,1.3950410862978804,NA,0.5601626298018769,NA,1.3949910031574853
2431,NA,1.3952834056408927,1.3953330565637594,NA,0.5601626298018769,NA,1.3952834056408927
2432,NA,1.3955758081243002,1.3956250697004826,NA,0.5601626298018769,NA,1.3955758081243002
2433,NA,1.3958682106077078,1.3959171250321585,NA,0.5601626298018769,NA,1.3958682106077078
2434,NA,1.3961606130911153,1.3962092218828936,NA,0.5601626298018769,NA,1.3961606130911153
2435,NA,1.396453015574523,1.3965013595767959,NA,0.5601626298018769,NA,1.396453015574523
2436,NA,1.3967454180579304,1.3967935374379725,NA,0.5601626298018769,NA,1.3967454180579304
2437,NA,1.3970378205413378,1.39708575479053,NA,0.5601626298018769,NA,1.3970378205413378
2438,NA,1.3973302230247455,1.3973780109585763,NA,0.5601626298018769,NA,1.3973302230247455
2439,NA,1.397622625508153,1.3976703052662187,NA,0.5601626298018769,NA,1.397622625508153
2440,NA,1.3979150279915606,1.3979626370375637,NA,0.5601626298018769,NA,1.3979150279915606
2441,NA,1.398207430474968,1.3982550055967198,NA,0.5601626298018769,NA,1.398207430474968
2442,NA,1.3984998329583755,1.398547410267793,NA,0.5601626298018769,NA,1.3984998329583755
2443,NA,1.3987922354417832,1.398839850374892,NA,0.5601626298018769,NA,1.3987922354417832
2444,NA,1.3990846379251907,1.3991323252421226,NA,0.5601626298018769,NA,1.3990846379251907
2445,NA,1.3993770404085981,1.3994248341935926,NA,0.5601626298018769,NA,1.3993770404085981
2446,NA,1.3996694428920058,1.3997173765534099,NA,0.5601626298018769,NA,1.3996694428920058
2447,NA,1.3999618453754132,1.4000099516456808,NA,0.5601626298018769,NA,1.3999618453754132
2448,NA,1.400254247858821,1.4003025587945128,NA,0.5601626298018769,NA,1.400254247858821
2449,NA,1.4005466503422284,1.400595197324014,NA,0.5601626298018769,NA,1.4005466503422284
2450,NA,1.4008390528256358,1.4008878665582905,NA,0.5601626298018769,NA,1.4008390528256358
2451,NA,1.4011314553090435,1.4011805658214507,NA,0.5601626298018769,NA,1.4011314553090435
2452,NA,1.401423857792451,1.401473294437601,NA,0.5601626298018769,NA,1.401423857792451
2453,NA,1.4017162602758586,1.4017660517308483,NA,0.5601626298018769,NA,1.4017162602758586
2454,NA,1.402008662759266,1.4020588370253015,NA,0.5601626298018769,NA,1.402008662759266
2455,NA,1.4023010652426735,1.4023516496450663,NA,0.5601626298018769,NA,1.4023010652426735
2456,NA,1.4025934677260812,1.4026444889142506,NA,0.5601626298018769,NA,1.4025934677260812
2457,NA,1.4028858702094886,1.4029373541569619,NA,0.5601626298018769,NA,1.4028858702094886
2458,NA,1.4031782726928963,1.4032302446973068,NA,0.5601626298018769,NA,1.4031782726928963
2459,NA,1.4034706751763038,1.4035231598593931,NA,0.5601626298018769,NA,1.4034706751763038
2460,NA,1.4037630776597112,1.4038160989673278,NA,0.5601626298018769,NA,1.4037630776597112
2461,NA,1.4040554801431189,1.4041090613452187,NA,0.5601626298018769,NA,1.4040554801431189
2462,NA,1.4043478826265263,1.4044020463171722,NA,0.5601626298018769,NA,1.4043478826265263
2463,NA,1.404640285109934,1.4046950532072964,NA,0.5601626298018769,NA,1.404640285109934
2464,1.4049326875933414,1.4049326875933414,1.4049880813396978,NA,0.5601626298018769,NA,1.4049326875933414
2465,NA,1.405231770867328,1.4052812165917536,NA,0.5601626298018769,NA,1.405231770867328
2466,NA,1.4055308541413147,1.4055745434392592,NA,0.5601626298018769,NA,1.4055308541413147
2467,NA,1.4058299374153016,1.40586805910395,NA,0.5601626298018769,NA,1.4058299374153016
2468,NA,1.4061290206892882,1.4061617608075616,NA,0.5601626298018769,NA,1.4061290206892882
2469,NA,1.406428103963275,1.406455645771829,NA,0.5601626298018769,NA,1.406428103963275
2470,NA,1.4067271872372615,1.4067497112184875,NA,0.5601626298018769,NA,1.4067271872372615
2471,NA,1.4070262705112482,1.4070439543692723,NA,0.5601626298018769,NA,1.4070262705112482
2472,NA,1.407325353785235,1.4073383724459194,NA,0.5601626298018769,NA,1.407325353785235
2473,NA,1.4076244370592217,1.4076329626701638,NA,0.5601626298018769,NA,1.4076244370592217
2474,NA,1.4079235203332083,1.4079277222637412,NA,0.5601626298018769,NA,1.4079235203332083
2475,NA,1.408222603607195,1.4082226484483864,NA,0.5601626298018769,NA,1.408222603607195
2476,NA,1.4085216868811816,1.4085177384458352,NA,0.5601626298018769,NA,1.4085216868811816
2477,NA,1.4088207701551685,1.408812989477823,NA,0.5601626298018769,NA,1.4088207701551685
2478,NA,1.4091198534291551,1.4091083987660846,NA,0.5601626298018769,NA,1.4091198534291551
2479,NA,1.4094189367031418,1.4094039635323559,NA,0.5601626298018769,NA,1.4094189367031418
2480,NA,1.4097180199771284,1.409699680998372,NA,0.5601626298018769,NA,1.4097180199771284
2481,NA,1.410017103251115,1.4099955483858686,NA,0.5601626298018769,NA,1.410017103251115
2482,NA,1.410316186525102,1.4102915629165806,NA,0.5601626298018769,NA,1.410316186525102
2483,NA,1.4106152697990886,1.410587721812244,NA,0.5601626298018769,NA,1.4106152697990886
2484,NA,1.4109143530730752,1.410884022294593,NA,0.5601626298018769,NA,1.4109143530730752
2485,NA,1.4112134363470619,1.4111804615853645,NA,0.5601626298018769,NA,1.4112134363470619
2486,NA,1.4115125196210485,1.411477036906293,NA,0.5601626298018769,NA,1.4115125196210485
2487,NA,1.4118116028950354,1.411773745479114,NA,0.5601626298018769,NA,1.4118116028950354
2488,NA,1.412110686169022,1.4120705845255626,NA,0.5601626298018769,NA,1.412110686169022
2489,NA,1.4124097694430087,1.4123675512673743,NA,0.5601626298018769,NA,1.4124097694430087
2490,NA,1.4127088527169953,1.4126646429262846,NA,0.5601626298018769,NA,1.4127088527169953
2491,NA,1.413007935990982,1.412961856724029,NA,0.5601626298018769,NA,1.413007935990982
2492,NA,1.4133070192649688,1.4132591898823428,NA,0.5601626298018769,NA,1.4133070192649688
2493,NA,1.4136061025389555,1.413556639622961,NA,0.5601626298018769,NA,1.4136061025389555
2494,NA,1.4139051858129421,1.4138542031676193,NA,0.5601626298018769,NA,1.4139051858129421
2495,NA,1.4142042690869288,1.414151877738053,NA,0.5601626298018769,NA,1.4142042690869288
2496,NA,1.4145033523609154,1.4144496605559977,NA,0.5601626298018769,NA,1.4145033523609154
2497,NA,1.4148024356349023,1.4147475488431882,NA,0.5601626298018769,NA,1.4148024356349023
2498,NA,1.415101518908889,1.4150455398213604,NA,0.5601626298018769,NA,1.415101518908889
2499,NA,1.4154006021828756,1.4153436307122493,NA,0.5601626298018769,NA,1.4154006021828756
2500,NA,1.4156996854568622,1.4156418187375908,NA,0.5601626298018769,NA,1.4156996854568622
2501,NA,1.4159987687308488,1.4159401011191193,NA,0.5601626298018769,NA,1.4159987687308488
2502,NA,1.4162978520048357,1.4162384750785708,NA,0.5601626298018769,NA,1.4162978520048357
2503,NA,1.4165969352788224,1.4165369378376809,NA,0.5601626298018769,NA,1.4165969352788224
2504,NA,1.416896018552809,1.4168354866181847,NA,0.5601626298018769,NA,1.416896018552809
2505,NA,1.4171951018267956,1.4171341186418176,NA,0.5601626298018769,NA,1.4171951018267956
2506,NA,1.4174941851007823,1.4174328311303146,NA,0.5601626298018769,NA,1.4174941851007823
2507,NA,1.4177932683747692,1.4177316213054114,NA,0.5601626298018769,NA,1.4177932683747692
2508,NA,1.4180923516487558,1.4180304863888435,NA,0.5601626298018769,NA,1.4180923516487558
2509,NA,1.4183914349227424,1.4183294236023465,NA,0.5601626298018769,NA,1.4183914349227424
2510,NA,1.418690518196729,1.4186284301676548,NA,0.5601626298018769,NA,1.418690518196729
2511,NA,1.4189896014707157,1.4189275033065045,NA,0.5601626298018769,NA,1.4189896014707157
2512,NA,1.4192886847447024,1.4192266402406308,NA,0.5601626298018769,NA,1.4192886847447024
2513,NA,1.4195877680186892,1.4195258381917693,NA,0.5601626298018769,NA,1.4195877680186892
2514,NA,1.4198868512926759,1.4198250943816548,NA,0.5601626298018769,NA,1.4198868512926759
2515,NA,1.4201859345666625,1.420124406032023,NA,0.5601626298018769,NA,1.4201859345666625
2516,NA,1.4204850178406492,1.4204237703646092,NA,0.5601626298018769,NA,1.4204850178406492
2517,NA,1.4207841011146358,1.4207231846011492,NA,0.5601626298018769,NA,1.4207841011146358
2518,NA,1.4210831843886227,1.4210226459633777,NA,0.5601626298018769,NA,1.4210831843886227
2519,NA,1.4213822676626093,1.4213221516730308,NA,0.5601626298018769,NA,1.4213822676626093
2520,NA,1.421681350936596,1.4216216989518426,NA,0.5601626298018769,NA,1.421681350936596
2521,NA,1.4219804342105826,1.42192128502155,NA,0.5601626298018769,NA,1.4219804342105826
2522,NA,1.4222795174845693,1.4222209071038876,NA,0.5601626298018769,NA,1.4222795174845693
2523,NA,1.4225786007585561,1.4225205624205906,NA,0.5601626298018769,NA,1.4225786007585561
2524,NA,1.4228776840325428,1.4228202481933945,NA,0.5601626298018769,NA,1.4228776840325428
2525,NA,1.4231767673065294,1.4231199616440349,NA,0.5601626298018769,NA,1.4231767673065294
2526,NA,1.423475850580516,1.4234196999942468,NA,0.5601626298018769,NA,1.423475850580516
2527,NA,1.4237749338545027,1.4237194604657661,NA,0.5601626298018769,NA,1.4237749338545027
2528,NA,1.4240740171284896,1.4240192402803278,NA,0.5601626298018769,NA,1.4240740171284896
2529,NA,1.4243731004024762,1.4243190366596674,NA,0.5601626298018769,NA,1.4243731004024762
2530,NA,1.4246721836764629,1.4246188468255199,NA,0.5601626298018769,NA,1.4246721836764629
2531,NA,1.4249712669504495,1.424918667999621,NA,0.5601626298018769,NA,1.4249712669504495
2532,NA,1.4252703502244362,1.425218497403706,NA,0.5601626298018769,NA,1.4252703502244362
2533,NA,1.425569433498423,1.4255183322595106,NA,0.5601626298018769,NA,1.425569433498423
2534,NA,1.4258685167724097,1.4258181697887693,NA,0.5601626298018769,NA,1.4258685167724097
2535,NA,1.4261676000463963,1.4261180072132185,NA,0.5601626298018769,NA,1.4261676000463963
2536,NA,1.426466683320383,1.426417841754593,NA,0.5601626298018769,NA,1.426466683320383
2537,NA,1.4267657665943696,1.4267176706346278,NA,0.5601626298018769,NA,1.4267657665943696
2538,NA,1.4270648498683565,1.427017491075059,NA,0.5601626298018769,NA,1.4270648498683565
2539,NA,1.4273639331423431,1.4273173002976218,NA,0.5601626298018769,NA,1.4273639331423431
2540,NA,1.4276630164163298,1.4276170955240515,NA,0.5601626298018769,NA,1.4276630164163298
2541,NA,1.4279620996903164,1.4279168739760832,NA,0.5601626298018769,NA,1.4279620996903164
2542,NA,1.428261182964303,1.4282166328754524,NA,0.5601626298018769,NA,1.428261182964303
2543,NA,1.42856026623829,1.4285163694438945,NA,0.5601626298018769,NA,1.42856026623829
2544,NA,1.4288593495122766,1.4288160809031447,NA,0.5601626298018769,NA,1.4288593495122766
2545,NA,1.4291584327862632,1.429115764474939,NA,0.5601626298018769,NA,1.4291584327862632
2546,NA,1.4294575160602498,1.429415417381012,NA,0.5601626298018769,NA,1.4294575160602498
2547,NA,1.4297565993342365,1.4297150368430995,NA,0.5601626298018769,NA,1.4297565993342365
2548,NA,1.4300556826082234,1.430014620082937,NA,0.5601626298018769,NA,1.4300556826082234
2549,NA,1.43035476588221,1.4303141643222592,NA,0.5601626298018769,NA,1.43035476588221
2550,NA,1.4306538491561966,1.4306136667828027,NA,0.5601626298018769,NA,1.4306538491561966
2551,NA,1.4309529324301833,1.430913124686301,NA,0.5601626298018769,NA,1.4309529324301833
2552,NA,1.43125201570417,1.4312125352544909,NA,0.5601626298018769,NA,1.43125201570417
2553,NA,1.4315510989781568,1.4315118957091075,NA,0.5601626298018769,NA,1.4315510989781568
2554,NA,1.4318501822521434,1.431811203271886,NA,0.5601626298018769,NA,1.4318501822521434
2555,1.43214926552613,1.43214926552613,1.4321104551645618,NA,0.5601626298018769,NA,1.43214926552613
2556,NA,1.4324545236022574,1.4324097468847306,NA,0.5601626298018769,NA,1.4324545236022574
2557,NA,1.4327597816783848,1.432709175145285,NA,0.5601626298018769,NA,1.4327597816783848
2558,NA,1.4330650397545122,1.4330087389909043,NA,0.5601626298018769,NA,1.4330650397545122
2559,NA,1.4333702978306393,1.4333084374662688,NA,0.5601626298018769,NA,1.4333702978306393
2560,NA,1.4336755559067667,1.4336082696160588,NA,0.5601626298018769,NA,1.4336755559067667
2561,NA,1.433980813982894,1.433908234484954,NA,0.5601626298018769,NA,1.433980813982894
2562,NA,1.4342860720590214,1.4342083311176343,NA,0.5601626298018769,NA,1.4342860720590214
2563,NA,1.4345913301351487,1.4345085585587796,NA,0.5601626298018769,NA,1.4345913301351487
2564,NA,1.434896588211276,1.4348089158530701,NA,0.5601626298018769,NA,1.434896588211276
2565,NA,1.4352018462874034,1.435109402045186,NA,0.5601626298018769,NA,1.4352018462874034
2566,NA,1.4355071043635308,1.4354100161798065,NA,0.5601626298018769,NA,1.4355071043635308
2567,NA,1.435812362439658,1.4357107573016124,NA,0.5601626298018769,NA,1.435812362439658
2568,NA,1.4361176205157853,1.4360116244552832,NA,0.5601626298018769,NA,1.4361176205157853
2569,NA,1.4364228785919126,1.436312616685499,NA,0.5601626298018769,NA,1.4364228785919126
2570,NA,1.43672813666804,1.4366137330369397,NA,0.5601626298018769,NA,1.43672813666804
2571,NA,1.4370333947441674,1.4369149725542856,NA,0.5601626298018769,NA,1.4370333947441674
2572,NA,1.4373386528202947,1.4372163342822164,NA,0.5601626298018769,NA,1.4373386528202947
2573,NA,1.437643910896422,1.4375178172654122,NA,0.5601626298018769,NA,1.437643910896422
2574,NA,1.4379491689725492,1.4378194205485528,NA,0.5601626298018769,NA,1.4379491689725492
2575,NA,1.4382544270486766,1.4381211431763186,NA,0.5601626298018769,NA,1.4382544270486766
2576,NA,1.438559685124804,1.4384229841933889,NA,0.5601626298018769,NA,1.438559685124804
2577,NA,1.4388649432009313,1.4387249426444437,NA,0.5601626298018769,NA,1.4388649432009313
2578,NA,1.4391702012770586,1.439027017574164,NA,0.5601626298018769,NA,1.4391702012770586
2579,NA,1.439475459353186,1.4393292080272286,NA,0.5601626298018769,NA,1.439475459353186
2580,NA,1.4397807174293134,1.4396315130483184,NA,0.5601626298018769,NA,1.4397807174293134
2581,NA,1.4400859755054407,1.439933931682113,NA,0.5601626298018769,NA,1.4400859755054407
2582,NA,1.4403912335815678,1.4402364629732918,NA,0.5601626298018769,NA,1.4403912335815678
2583,NA,1.4406964916576952,1.4405391059665358,NA,0.5601626298018769,NA,1.4406964916576952
2584,NA,1.4410017497338226,1.440841859706524,NA,0.5601626298018769,NA,1.4410017497338226
2585,NA,1.44130700780995,1.4411447232379369,NA,0.5601626298018769,NA,1.44130700780995
2586,NA,1.4416122658860773,1.441447695605455,NA,0.5601626298018769,NA,1.4416122658860773
2587,NA,1.4419175239622046,1.441750775853757,NA,0.5601626298018769,NA,1.4419175239622046
2588,NA,1.442222782038332,1.4420539630275244,NA,0.5601626298018769,NA,1.442222782038332
2589,NA,1.4425280401144593,1.4423572561714357,NA,0.5601626298018769,NA,1.4425280401144593
2590,NA,1.4428332981905865,1.4426606543301719,NA,0.5601626298018769,NA,1.4428332981905865
2591,NA,1.4431385562667138,1.4429641565484126,NA,0.5601626298018769,NA,1.4431385562667138
2592,NA,1.4434438143428412,1.4432677618708376,NA,0.5601626298018769,NA,1.4434438143428412
2593,NA,1.4437490724189685,1.443571469342127,NA,0.5601626298018769,NA,1.4437490724189685
2594,NA,1.444054330495096,1.4438752780069615,NA,0.5601626298018769,NA,1.444054330495096
2595,NA,1.4443595885712233,1.4441791869100198,NA,0.5601626298018769,NA,1.4443595885712233
2596,NA,1.4446648466473506,1.4444831950959829,NA,0.5601626298018769,NA,1.4446648466473506
2597,NA,1.4449701047234778,1.44478730160953,NA,0.5601626298018769,NA,1.4449701047234778
2598,NA,1.4452753627996051,1.445091505495342,NA,0.5601626298018769,NA,1.4452753627996051
2599,NA,1.4455806208757325,1.445395805798098,NA,0.5601626298018769,NA,1.4455806208757325
2600,NA,1.4458858789518598,1.4457002015624782,NA,0.5601626298018769,NA,1.4458858789518598
2601,NA,1.4461911370279872,1.446004691833163,NA,0.5601626298018769,NA,1.4461911370279872
2602,NA,1.4464963951041145,1.446309275654832,NA,0.5601626298018769,NA,1.4464963951041145
2603,NA,1.446801653180242,1.4466139520721655,NA,0.5601626298018769,NA,1.446801653180242
2604,NA,1.4471069112563693,1.4469187201298426,NA,0.5601626298018769,NA,1.4471069112563693
2605,NA,1.4474121693324964,1.4472235788725445,NA,0.5601626298018769,NA,1.4474121693324964
2606,NA,1.4477174274086237,1.4475285273449505,NA,0.5601626298018769,NA,1.4477174274086237
2607,NA,1.448022685484751,1.4478335645917406,NA,0.5601626298018769,NA,1.448022685484751
2608,NA,1.4483279435608785,1.448138689657595,NA,0.5601626298018769,NA,1.4483279435608785
2609,NA,1.4486332016370058,1.448443901587193,NA,0.5601626298018769,NA,1.4486332016370058
2610,NA,1.4489384597131332,1.4487491994252155,NA,0.5601626298018769,NA,1.4489384597131332
2611,NA,1.4492437177892605,1.4490545822163423,NA,0.5601626298018769,NA,1.4492437177892605
2612,NA,1.4495489758653877,1.449360049005253,NA,0.5601626298018769,NA,1.4495489758653877
2613,NA,1.449854233941515,1.4496655988366274,NA,0.5601626298018769,NA,1.449854233941515
2614,NA,1.4501594920176424,1.449971230755146,NA,0.5601626298018769,NA,1.4501594920176424
2615,NA,1.4504647500937697,1.4502769438054888,NA,0.5601626298018769,NA,1.4504647500937697
2616,NA,1.450770008169897,1.4505827370323354,NA,0.5601626298018769,NA,1.450770008169897
2617,NA,1.4510752662460245,1.4508886094803664,NA,0.5601626298018769,NA,1.4510752662460245
2618,NA,1.4513805243221518,1.4511945601942606,NA,0.5601626298018769,NA,1.4513805243221518
2619,NA,1.4516857823982792,1.451500588218699,NA,0.5601626298018769,NA,1.4516857823982792
2620,NA,1.4519910404744063,1.4518066925983615,NA,0.5601626298018769,NA,1.4519910404744063
2621,NA,1.4522962985505337,1.4521128723779277,NA,0.5601626298018769,NA,1.4522962985505337
2622,NA,1.452601556626661,1.4524191266020776,NA,0.5601626298018769,NA,1.452601556626661
2623,NA,1.4529068147027884,1.4527254543154915,NA,0.5601626298018769,NA,1.4529068147027884
2624,NA,1.4532120727789157,1.453031854562849,NA,0.5601626298018769,NA,1.4532120727789157
2625,NA,1.453517330855043,1.4533383263888304,NA,0.5601626298018769,NA,1.453517330855043
2626,NA,1.4538225889311704,1.4536448688381156,NA,0.5601626298018769,NA,1.4538225889311704
2627,NA,1.4541278470072978,1.4539514809553846,NA,0.5601626298018769,NA,1.4541278470072978
2628,NA,1.454433105083425,1.454258161785317,NA,0.5601626298018769,NA,1.454433105083425
2629,NA,1.4547383631595523,1.4545649103725933,NA,0.5601626298018769,NA,1.4547383631595523
2630,NA,1.4550436212356797,1.4548717257618933,NA,0.5601626298018769,NA,1.4550436212356797
2631,NA,1.455348879311807,1.455178606997897,NA,0.5601626298018769,NA,1.455348879311807
2632,NA,1.4556541373879344,1.455485553125284,NA,0.5601626298018769,NA,1.4556541373879344
2633,NA,1.4559593954640617,1.4557925631887347,NA,0.5601626298018769,NA,1.4559593954640617
2634,NA,1.456264653540189,1.4560996362329293,NA,0.5601626298018769,NA,1.456264653540189
2635,NA,1.4565699116163162,1.456406771302547,NA,0.5601626298018769,NA,1.4565699116163162
2636,NA,1.4568751696924436,1.4567139674422687,NA,0.5601626298018769,NA,1.4568751696924436
2637,NA,1.457180427768571,1.4570212236967734,NA,0.5601626298018769,NA,1.457180427768571
2638,NA,1.4574856858446983,1.457328539110742,NA,0.5601626298018769,NA,1.4574856858446983
2639,NA,1.4577909439208256,1.4576359127288536,NA,0.5601626298018769,NA,1.4577909439208256
2640,NA,1.458096201996953,1.457943343595789,NA,0.5601626298018769,NA,1.458096201996953
2641,NA,1.4584014600730804,1.4582508307562279,NA,0.5601626298018769,NA,1.4584014600730804
2642,NA,1.4587067181492077,1.4585583732548504,NA,0.5601626298018769,NA,1.4587067181492077
2643,NA,1.4590119762253349,1.4588659701363358,NA,0.5601626298018769,NA,1.4590119762253349
2644,NA,1.4593172343014622,1.459173620445365,NA,0.5601626298018769,NA,1.4593172343014622
2645,NA,1.4596224923775896,1.4594813232266168,NA,0.5601626298018769,NA,1.4596224923775896
2646,1.459927750453717,1.459927750453717,1.4597890775247724,NA,0.5601626298018769,NA,1.459927750453717
2647,NA,1.4602330786872357,1.4600968823845113,NA,0.5601626298018769,NA,1.4602330786872357
2648,NA,1.4605384069207545,1.4604047368505133,NA,0.5601626298018769,NA,1.4605384069207545
2649,NA,1.4608437351542731,1.4607126399674588,NA,0.5601626298018769,NA,1.4608437351542731
2650,NA,1.461149063387792,1.461020590780027,NA,0.5601626298018769,NA,1.461149063387792
2651,NA,1.4614543916213107,1.461328588332899,NA,0.5601626298018769,NA,1.4614543916213107
2652,NA,1.4617597198548296,1.4616366316707536,NA,0.5601626298018769,NA,1.4617597198548296
2653,NA,1.4620650480883481,1.4619447198382718,NA,0.5601626298018769,NA,1.4620650480883481
2654,NA,1.462370376321867,1.4622528518801328,NA,0.5601626298018769,NA,1.462370376321867
2655,NA,1.4626757045553858,1.4625610268410174,NA,0.5601626298018769,NA,1.4626757045553858
2656,NA,1.4629810327889046,1.4628692437656048,NA,0.5601626298018769,NA,1.4629810327889046
2657,NA,1.4632863610224232,1.463177501698575,NA,0.5601626298018769,NA,1.4632863610224232
2658,NA,1.463591689255942,1.4634857996846087,NA,0.5601626298018769,NA,1.463591689255942
2659,NA,1.4638970174894608,1.4637941367683853,NA,0.5601626298018769,NA,1.4638970174894608
2660,NA,1.4642023457229796,1.4641025119945845,NA,0.5601626298018769,NA,1.4642023457229796
2661,NA,1.4645076739564984,1.4644109244078871,NA,0.5601626298018769,NA,1.4645076739564984
2662,NA,1.464813002190017,1.4647193730529728,NA,0.5601626298018769,NA,1.464813002190017
2663,NA,1.4651183304235358,1.4650278569745208,NA,0.5601626298018769,NA,1.4651183304235358
2664,NA,1.4654236586570546,1.4653363752172122,NA,0.5601626298018769,NA,1.4654236586570546
2665,NA,1.4657289868905734,1.4656449268257263,NA,0.5601626298018769,NA,1.4657289868905734
2666,NA,1.466034315124092,1.4659535108447435,NA,0.5601626298018769,NA,1.466034315124092
2667,NA,1.4663396433576108,1.4662621263189433,NA,0.5601626298018769,NA,1.4663396433576108
2668,NA,1.4666449715911296,1.4665707722930061,NA,0.5601626298018769,NA,1.4666449715911296
2669,NA,1.4669502998246484,1.4668794478116114,NA,0.5601626298018769,NA,1.4669502998246484
2670,NA,1.4672556280581672,1.4671881519194396,NA,0.5601626298018769,NA,1.4672556280581672
2671,NA,1.4675609562916858,1.4674968836611706,NA,0.5601626298018769,NA,1.4675609562916858
2672,NA,1.4678662845252046,1.4678056420814845,NA,0.5601626298018769,NA,1.4678662845252046
2673,NA,1.4681716127587234,1.468114426225061,NA,0.5601626298018769,NA,1.4681716127587234
2674,NA,1.4684769409922422,1.46842323513658,NA,0.5601626298018769,NA,1.4684769409922422
2675,NA,1.4687822692257608,1.4687320678607216,NA,0.5601626298018769,NA,1.4687822692257608
2676,NA,1.4690875974592796,1.469040923442166,NA,0.5601626298018769,NA,1.4690875974592796
2677,NA,1.4693929256927984,1.469349800925593,NA,0.5601626298018769,NA,1.4693929256927984
2678,NA,1.4696982539263173,1.4696586993556826,NA,0.5601626298018769,NA,1.4696982539263173
2679,NA,1.4700035821598358,1.4699676177771148,NA,0.5601626298018769,NA,1.4700035821598358
2680,NA,1.4703089103933547,1.4702765552345698,NA,0.5601626298018769,NA,1.4703089103933547
2681,NA,1.4706142386268735,1.4705855107727273,NA,0.5601626298018769,NA,1.4706142386268735
2682,NA,1.4709195668603923,1.4708944834362665,NA,0.5601626298018769,NA,1.4709195668603923
2683,NA,1.471224895093911,1.4712034722698688,NA,0.5601626298018769,NA,1.471224895093911
2684,NA,1.4715302233274297,1.4715124763182135,NA,0.5601626298018769,NA,1.4715302233274297
2685,NA,1.4718355515609485,1.4718214946259813,NA,0.5601626298018769,NA,1.4718355515609485
2686,NA,1.4721408797944673,1.4721305262378503,NA,0.5601626298018769,NA,1.4721408797944673
2687,NA,1.472446208027986,1.4724395701985025,NA,0.5601626298018769,NA,1.472446208027986
2688,NA,1.4727515362615047,1.4727486255526168,NA,0.5601626298018769,NA,1.4727515362615047
2689,NA,1.4730568644950235,1.4730576913448734,NA,0.5601626298018769,NA,1.4730568644950235
2690,NA,1.4733621927285423,1.4733667666199526,NA,0.5601626298018769,NA,1.4733621927285423
2691,NA,1.473667520962061,1.473675850422534,NA,0.5601626298018769,NA,1.473667520962061
2692,NA,1.47397284919558,1.4739849417972977,NA,0.5601626298018769,NA,1.47397284919558
2693,NA,1.4742781774290985,1.4742940397889237,NA,0.5601626298018769,NA,1.4742781774290985
2694,NA,1.4745835056626173,1.4746031434420916,NA,0.5601626298018769,NA,1.4745835056626173
2695,NA,1.4748888338961361,1.4749122518014819,NA,0.5601626298018769,NA,1.4748888338961361
2696,NA,1.475194162129655,1.4752213639117746,NA,0.5601626298018769,NA,1.475194162129655
2697,NA,1.4754994903631735,1.4755304788176495,NA,0.5601626298018769,NA,1.4754994903631735
2698,NA,1.4758048185966923,1.475839595563786,NA,0.5601626298018769,NA,1.4758048185966923
2699,NA,1.4761101468302111,1.4761487131948652,NA,0.5601626298018769,NA,1.4761101468302111
2700,NA,1.47641547506373,1.4764578307555662,NA,0.5601626298018769,NA,1.47641547506373
2701,NA,1.4767208032972485,1.4767669472905696,NA,0.5601626298018769,NA,1.4767208032972485
2702,NA,1.4770261315307673,1.4770760618445546,NA,0.5601626298018769,NA,1.4770261315307673
2703,NA,1.4773314597642861,1.477385173462202,NA,0.5601626298018769,NA,1.4773314597642861
2704,NA,1.477636787997805,1.4776942811881915,NA,0.5601626298018769,NA,1.477636787997805
2705,NA,1.4779421162313238,1.4780033840672029,NA,0.5601626298018769,NA,1.4779421162313238
2706,NA,1.4782474444648424,1.4783124811439161,NA,0.5601626298018769,NA,1.4782474444648424
2707,NA,1.4785527726983612,1.4786215714630115,NA,0.5601626298018769,NA,1.4785527726983612
2708,NA,1.47885810093188,1.4789306540691687,NA,0.5601626298018769,NA,1.47885810093188
2709,NA,1.4791634291653988,1.4792397280070675,NA,0.5601626298018769,NA,1.4791634291653988
2710,NA,1.4794687573989174,1.4795487923213888,NA,0.5601626298018769,NA,1.4794687573989174
2711,NA,1.4797740856324362,1.4798578460568117,NA,0.5601626298018769,NA,1.4797740856324362
2712,NA,1.480079413865955,1.4801668882580161,NA,0.5601626298018769,NA,1.480079413865955
2713,NA,1.4803847420994738,1.4804759179696827,NA,0.5601626298018769,NA,1.4803847420994738
2714,NA,1.4806900703329924,1.4807849342364912,NA,0.5601626298018769,NA,1.4806900703329924
2715,NA,1.4809953985665112,1.481093936103121,NA,0.5601626298018769,NA,1.4809953985665112
2716,NA,1.48130072680003,1.481402922614253,NA,0.5601626298018769,NA,1.48130072680003
2717,NA,1.4816060550335488,1.4817118928145665,NA,0.5601626298018769,NA,1.4816060550335488
2718,NA,1.4819113832670676,1.4820208457487418,NA,0.5601626298018769,NA,1.4819113832670676
2719,NA,1.4822167115005862,1.4823297804614586,NA,0.5601626298018769,NA,1.4822167115005862
2720,NA,1.482522039734105,1.4826386959973974,NA,0.5601626298018769,NA,1.482522039734105
2721,NA,1.4828273679676238,1.4829475914012373,NA,0.5601626298018769,NA,1.4828273679676238
2722,NA,1.4831326962011426,1.4832564657176595,NA,0.5601626298018769,NA,1.4831326962011426
2723,NA,1.4834380244346612,1.4835653179913428,NA,0.5601626298018769,NA,1.4834380244346612
2724,NA,1.48374335266818,1.4838741472669676,NA,0.5601626298018769,NA,1.48374335266818
2725,NA,1.4840486809016988,1.4841829525892143,NA,0.5601626298018769,NA,1.4840486809016988
2726,NA,1.4843540091352176,1.4844917330027625,NA,0.5601626298018769,NA,1.4843540091352176
2727,NA,1.4846593373687365,1.4848004875522922,NA,0.5601626298018769,NA,1.4846593373687365
2728,NA,1.484964665602255,1.4851092152824832,NA,0.5601626298018769,NA,1.484964665602255
2729,NA,1.4852699938357738,1.485417915238016,NA,0.5601626298018769,NA,1.4852699938357738
2730,NA,1.4855753220692927,1.4857265864635703,NA,0.5601626298018769,NA,1.4855753220692927
2731,NA,1.4858806503028115,1.4860352280038251,NA,0.5601626298018769,NA,1.4858806503028115
2732,NA,1.48618597853633,1.4863438389034622,NA,0.5601626298018769,NA,1.48618597853633
2733,NA,1.4864913067698489,1.4866524182071603,NA,0.5601626298018769,NA,1.4864913067698489
2734,NA,1.4867966350033677,1.4869609649595998,NA,0.5601626298018769,NA,1.4867966350033677
2735,NA,1.4871019632368865,1.487269478205461,NA,0.5601626298018769,NA,1.4871019632368865
2736,NA,1.487407291470405,1.4875779569894232,NA,0.5601626298018769,NA,1.487407291470405
2737,NA,1.4877126197039239,1.4878864003561665,NA,0.5601626298018769,NA,1.4877126197039239
2738,1.4880179479374427,1.4880179479374427,1.4881948073503712,NA,0.5601626298018769,NA,1.4880179479374427
2739,NA,1.4883316011252534,1.4885032493457435,NA,0.5601626298018769,NA,1.4883316011252534
2740,NA,1.4886452543130642,1.4888117977408102,NA,0.5601626298018769,NA,1.4886452543130642
2741,NA,1.488958907500875,1.489120451617481,NA,0.5601626298018769,NA,1.488958907500875
2742,NA,1.4892725606886856,1.4894292100576672,NA,0.5601626298018769,NA,1.4892725606886856
2743,NA,1.4895862138764964,1.4897380721432785,NA,0.5601626298018769,NA,1.4895862138764964
2744,NA,1.489899867064307,1.4900470369562246,NA,0.5601626298018769,NA,1.489899867064307
2745,NA,1.4902135202521178,1.490356103578417,NA,0.5601626298018769,NA,1.4902135202521178
2746,NA,1.4905271734399286,1.4906652710917654,NA,0.5601626298018769,NA,1.4905271734399286
2747,NA,1.4908408266277393,1.4909745385781803,NA,0.5601626298018769,NA,1.4908408266277393
2748,NA,1.49115447981555,1.491283905119572,NA,0.5601626298018769,NA,1.49115447981555
2749,NA,1.4914681330033608,1.4915933697978507,NA,0.5601626298018769,NA,1.4914681330033608
2750,NA,1.4917817861911717,1.4919029316949266,NA,0.5601626298018769,NA,1.4917817861911717
2751,NA,1.4920954393789825,1.49221258989271,NA,0.5601626298018769,NA,1.4920954393789825
2752,NA,1.4924090925667932,1.4925223434731119,NA,0.5601626298018769,NA,1.4924090925667932
2753,NA,1.492722745754604,1.4928321915180418,NA,0.5601626298018769,NA,1.492722745754604
2754,NA,1.4930363989424147,1.4931421331094104,NA,0.5601626298018769,NA,1.4930363989424147
2755,NA,1.4933500521302254,1.4934521673291279,NA,0.5601626298018769,NA,1.4933500521302254
2756,NA,1.4936637053180362,1.4937622932591048,NA,0.5601626298018769,NA,1.4936637053180362
2757,NA,1.493977358505847,1.4940725099812515,NA,0.5601626298018769,NA,1.493977358505847
2758,NA,1.4942910116936576,1.4943828165774775,NA,0.5601626298018769,NA,1.4942910116936576
2759,NA,1.4946046648814684,1.4946932121296943,NA,0.5601626298018769,NA,1.4946046648814684
2760,NA,1.494918318069279,1.4950036957198112,NA,0.5601626298018769,NA,1.494918318069279
2761,NA,1.4952319712570898,1.4953142664297392,NA,0.5601626298018769,NA,1.4952319712570898
2762,NA,1.4955456244449006,1.4956249233413883,NA,0.5601626298018769,NA,1.4955456244449006
2763,NA,1.4958592776327113,1.4959356655366691,NA,0.5601626298018769,NA,1.4958592776327113
2764,NA,1.496172930820522,1.4962464920974916,NA,0.5601626298018769,NA,1.496172930820522
2765,NA,1.4964865840083328,1.496557402105766,NA,0.5601626298018769,NA,1.4964865840083328
2766,NA,1.4968002371961435,1.496868394643403,NA,0.5601626298018769,NA,1.4968002371961435
2767,NA,1.4971138903839543,1.4971794687923128,NA,0.5601626298018769,NA,1.4971138903839543
2768,NA,1.497427543571765,1.4974906236344057,NA,0.5601626298018769,NA,1.497427543571765
2769,NA,1.4977411967595757,1.4978018582515915,NA,0.5601626298018769,NA,1.4977411967595757
2770,NA,1.4980548499473865,1.4981131717257814,NA,0.5601626298018769,NA,1.4980548499473865
2771,NA,1.4983685031351972,1.4984245631388855,NA,0.5601626298018769,NA,1.4983685031351972
2772,NA,1.498682156323008,1.4987360315728135,NA,0.5601626298018769,NA,1.498682156323008
2773,NA,1.498995809510819,1.4990475761094764,NA,0.5601626298018769,NA,1.498995809510819
2774,NA,1.4993094626986296,1.4993591958307844,NA,0.5601626298018769,NA,1.4993094626986296
2775,NA,1.4996231158864404,1.4996708898186475,NA,0.5601626298018769,NA,1.4996231158864404
2776,NA,1.499936769074251,1.4999826571549764,NA,0.5601626298018769,NA,1.499936769074251
2777,NA,1.5002504222620618,1.500294496921681,NA,0.5601626298018769,NA,1.5002504222620618
2778,NA,1.5005640754498726,1.5006064082006716,NA,0.5601626298018769,NA,1.5005640754498726
2779,NA,1.5008777286376833,1.5009183900738592,NA,0.5601626298018769,NA,1.5008777286376833
2780,NA,1.501191381825494,1.5012304416231534,NA,0.5601626298018769,NA,1.501191381825494
2781,NA,1.5015050350133048,1.501542561930465,NA,0.5601626298018769,NA,1.5015050350133048
2782,NA,1.5018186882011155,1.5018547500777042,NA,0.5601626298018769,NA,1.5018186882011155
2783,NA,1.5021323413889263,1.502167005146781,NA,0.5601626298018769,NA,1.5021323413889263
2784,NA,1.502445994576737,1.502479326219606,NA,0.5601626298018769,NA,1.502445994576737
2785,NA,1.5027596477645477,1.5027917123780896,NA,0.5601626298018769,NA,1.5027596477645477
2786,NA,1.5030733009523585,1.5031041627041417,NA,0.5601626298018769,NA,1.5030733009523585
2787,NA,1.5033869541401692,1.503416676279673,NA,0.5601626298018769,NA,1.5033869541401692
2788,NA,1.50370060732798,1.5037292521865937,NA,0.5601626298018769,NA,1.50370060732798
2789,NA,1.5040142605157907,1.504041889506814,NA,0.5601626298018769,NA,1.5040142605157907
2790,NA,1.5043279137036014,1.5043545873222444,NA,0.5601626298018769,NA,1.5043279137036014
2791,NA,1.5046415668914122,1.5046673447147951,NA,0.5601626298018769,NA,1.5046415668914122
2792,NA,1.5049552200792229,1.5049801607663769,NA,0.5601626298018769,NA,1.5049552200792229
2793,NA,1.5052688732670336,1.5052930345588993,NA,0.5601626298018769,NA,1.5052688732670336
2794,NA,1.5055825264548444,1.505605965174273,NA,0.5601626298018769,NA,1.5055825264548444
2795,NA,1.5058961796426553,1.5059189516944085,NA,0.5601626298018769,NA,1.5058961796426553
2796,NA,1.506209832830466,1.5062319932012158,NA,0.5601626298018769,NA,1.506209832830466
2797,NA,1.5065234860182768,1.5065450887766054,NA,0.5601626298018769,NA,1.5065234860182768
2798,NA,1.5068371392060875,1.5068582375024875,NA,0.5601626298018769,NA,1.5068371392060875
2799,NA,1.5071507923938983,1.5071714384607728,NA,0.5601626298018769,NA,1.5071507923938983
2800,NA,1.507464445581709,1.507484690733371,NA,0.5601626298018769,NA,1.507464445581709
2801,NA,1.5077780987695197,1.5077979934021928,NA,0.5601626298018769,NA,1.5077780987695197
2802,NA,1.5080917519573305,1.5081113455491482,NA,0.5601626298018769,NA,1.5080917519573305
2803,NA,1.5084054051451412,1.508424746256148,NA,0.5601626298018769,NA,1.5084054051451412
2804,NA,1.508719058332952,1.5087381946051022,NA,0.5601626298018769,NA,1.508719058332952
2805,NA,1.5090327115207627,1.5090516896779216,NA,0.5601626298018769,NA,1.5090327115207627
2806,NA,1.5093463647085734,1.5093652305565157,NA,0.5601626298018769,NA,1.5093463647085734
2807,NA,1.5096600178963842,1.5096788163227952,NA,0.5601626298018769,NA,1.5096600178963842
2808,NA,1.509973671084195,1.5099924460586704,NA,0.5601626298018769,NA,1.509973671084195
2809,NA,1.5102873242720056,1.5103061188460518,NA,0.5601626298018769,NA,1.5102873242720056
2810,NA,1.5106009774598164,1.5106198337668497,NA,0.5601626298018769,NA,1.5106009774598164
2811,NA,1.510914630647627,1.5109335899029743,NA,0.5601626298018769,NA,1.510914630647627
2812,NA,1.5112282838354378,1.5112473863363356,NA,0.5601626298018769,NA,1.5112282838354378
2813,NA,1.5115419370232486,1.5115612221488444,NA,0.5601626298018769,NA,1.5115419370232486
2814,NA,1.5118555902110593,1.5118750964224106,NA,0.5601626298018769,NA,1.5118555902110593
2815,NA,1.51216924339887,1.512189008238945,NA,0.5601626298018769,NA,1.51216924339887
2816,NA,1.5124828965866808,1.5125029566803578,NA,0.5601626298018769,NA,1.5124828965866808
2817,NA,1.5127965497744915,1.512816940828559,NA,0.5601626298018769,NA,1.5127965497744915
2818,NA,1.5131102029623025,1.5131309597654592,NA,0.5601626298018769,NA,1.5131102029623025
2819,NA,1.5134238561501132,1.5134450125729686,NA,0.5601626298018769,NA,1.5134238561501132
2820,NA,1.513737509337924,1.5137590983329976,NA,0.5601626298018769,NA,1.513737509337924
2821,NA,1.5140511625257347,1.5140732161274564,NA,0.5601626298018769,NA,1.5140511625257347
2822,NA,1.5143648157135454,1.514387365038255,NA,0.5601626298018769,NA,1.5143648157135454
2823,NA,1.5146784689013562,1.5147015441473044,NA,0.5601626298018769,NA,1.5146784689013562
2824,NA,1.514992122089167,1.5150157525365149,NA,0.5601626298018769,NA,1.514992122089167
2825,NA,1.5153057752769776,1.515329989287796,NA,0.5601626298018769,NA,1.5153057752769776
2826,NA,1.5156194284647884,1.515644253483059,NA,0.5601626298018769,NA,1.5156194284647884
2827,NA,1.515933081652599,1.5159585442042136,NA,0.5601626298018769,NA,1.515933081652599
2828,NA,1.5162467348404098,1.5162728605331703,NA,0.5601626298018769,NA,1.5162467348404098
2829,1.5165603880282206,1.5165603880282206,1.5165872015518393,NA,0.5601626298018769,NA,1.5165603880282206
2830,NA,1.5168755576320803,1.516901566342131,NA,0.5601626298018769,NA,1.5168755576320803
2831,NA,1.51719072723594,1.517215953985956,NA,0.5601626298018769,NA,1.51719072723594
2832,NA,1.5175058968397996,1.5175303635652237,NA,0.5601626298018769,NA,1.5175058968397996
2833,NA,1.517821066443659,1.5178447941618458,NA,0.5601626298018769,NA,1.517821066443659
2834,NA,1.5181362360475188,1.5181592448577315,NA,0.5601626298018769,NA,1.5181362360475188
2835,NA,1.5184514056513785,1.5184737147347913,NA,0.5601626298018769,NA,1.5184514056513785
2836,NA,1.5187665752552382,1.5187882028749362,NA,0.5601626298018769,NA,1.5187665752552382
2837,NA,1.5190817448590979,1.5191027083600757,NA,0.5601626298018769,NA,1.5190817448590979
2838,NA,1.5193969144629575,1.5194172302721207,NA,0.5601626298018769,NA,1.5193969144629575
2839,NA,1.519712084066817,1.519731767692981,NA,0.5601626298018769,NA,1.519712084066817
2840,NA,1.5200272536706767,1.5200463197045673,NA,0.5601626298018769,NA,1.5200272536706767
2841,NA,1.5203424232745364,1.5203608853887898,NA,0.5601626298018769,NA,1.5203424232745364
2842,NA,1.520657592878396,1.5206754638275588,NA,0.5601626298018769,NA,1.520657592878396
2843,NA,1.5209727624822558,1.5209900541027845,NA,0.5601626298018769,NA,1.5209727624822558
2844,NA,1.5212879320861155,1.5213046552963774,NA,0.5601626298018769,NA,1.5212879320861155
2845,NA,1.521603101689975,1.521619266490248,NA,0.5601626298018769,NA,1.521603101689975
2846,NA,1.5219182712938346,1.521933886766306,NA,0.5601626298018769,NA,1.5219182712938346
2847,NA,1.5222334408976943,1.5222485152064624,NA,0.5601626298018769,NA,1.5222334408976943
2848,NA,1.522548610501554,1.5225631508926272,NA,0.5601626298018769,NA,1.522548610501554
2849,NA,1.5228637801054137,1.5228777929067103,NA,0.5601626298018769,NA,1.5228637801054137
2850,NA,1.5231789497092734,1.5231924403306227,NA,0.5601626298018769,NA,1.5231789497092734
2851,NA,1.5234941193131328,1.5235070922462748,NA,0.5601626298018769,NA,1.5234941193131328
2852,NA,1.5238092889169925,1.5238217477355762,NA,0.5601626298018769,NA,1.5238092889169925
2853,NA,1.5241244585208522,1.5241364058804379,NA,0.5601626298018769,NA,1.5241244585208522
2854,NA,1.524439628124712,1.5244510657627695,NA,0.5601626298018769,NA,1.524439628124712
2855,NA,1.5247547977285716,1.524765726464482,NA,0.5601626298018769,NA,1.5247547977285716
2856,NA,1.5250699673324313,1.5250803870674852,NA,0.5601626298018769,NA,1.5250699673324313
2857,NA,1.5253851369362907,1.5253950466536896,NA,0.5601626298018769,NA,1.5253851369362907
2858,NA,1.5257003065401504,1.525709704305006,NA,0.5601626298018769,NA,1.5257003065401504
2859,NA,1.5260154761440101,1.5260243591033442,NA,0.5601626298018769,NA,1.5260154761440101
2860,NA,1.5263306457478698,1.5263390101306147,NA,0.5601626298018769,NA,1.5263306457478698
2861,NA,1.5266458153517295,1.5266536564687272,NA,0.5601626298018769,NA,1.5266458153517295
2862,NA,1.5269609849555892,1.526968297199593,NA,0.5601626298018769,NA,1.5269609849555892
2863,NA,1.5272761545594487,1.527282931405122,NA,0.5601626298018769,NA,1.5272761545594487
2864,NA,1.5275913241633083,1.5275975581672243,NA,0.5601626298018769,NA,1.5275913241633083
2865,NA,1.527906493767168,1.5279121765678103,NA,0.5601626298018769,NA,1.527906493767168
2866,NA,1.5282216633710277,1.5282267856887906,NA,0.5601626298018769,NA,1.5282216633710277
2867,NA,1.5285368329748874,1.5285413846120754,NA,0.5601626298018769,NA,1.5285368329748874
2868,NA,1.528852002578747,1.5288559724195745,NA,0.5601626298018769,NA,1.528852002578747
2869,NA,1.5291671721826066,1.5291705481931994,NA,0.5601626298018769,NA,1.5291671721826066
2870,NA,1.5294823417864662,1.5294851110148593,NA,0.5601626298018769,NA,1.5294823417864662
2871,NA,1.529797511390326,1.5297996599664645,NA,0.5601626298018769,NA,1.529797511390326
2872,NA,1.5301126809941856,1.530114194129926,NA,0.5601626298018769,NA,1.5301126809941856
2873,NA,1.5304278505980453,1.5304287125871543,NA,0.5601626298018769,NA,1.5304278505980453
2874,NA,1.530743020201905,1.5307432144200588,NA,0.5601626298018769,NA,1.530743020201905
2875,NA,1.5310581898057645,1.5310576987105502,NA,0.5601626298018769,NA,1.5310581898057645
2876,NA,1.5313733594096242,1.5313721645405391,NA,0.5601626298018769,NA,1.5313733594096242
2877,NA,1.5316885290134838,1.5316866109919354,NA,0.5601626298018769,NA,1.5316885290134838
2878,NA,1.5320036986173435,1.5320010371466495,NA,0.5601626298018769,NA,1.5320036986173435
2879,NA,1.5323188682212032,1.532315442086592,NA,0.5601626298018769,NA,1.5323188682212032
2880,NA,1.532634037825063,1.532629824893673,NA,0.5601626298018769,NA,1.532634037825063
2881,NA,1.5329492074289224,1.5329441846498033,NA,0.5601626298018769,NA,1.5329492074289224
2882,NA,1.533264377032782,1.5332585204368923,NA,0.5601626298018769,NA,1.533264377032782
2883,NA,1.5335795466366418,1.5335728313368509,NA,0.5601626298018769,NA,1.5335795466366418
2884,NA,1.5338947162405014,1.5338871164315893,NA,0.5601626298018769,NA,1.5338947162405014
2885,NA,1.5342098858443611,1.5342013748030179,NA,0.5601626298018769,NA,1.5342098858443611
2886,NA,1.5345250554482208,1.534515605533047,NA,0.5601626298018769,NA,1.5345250554482208
2887,NA,1.5348402250520803,1.5348298077035867,NA,0.5601626298018769,NA,1.5348402250520803
2888,NA,1.53515539465594,1.5351439803965472,NA,0.5601626298018769,NA,1.53515539465594
2889,NA,1.5354705642597997,1.5354581226938397,NA,0.5601626298018769,NA,1.5354705642597997
2890,NA,1.5357857338636594,1.5357722336773738,NA,0.5601626298018769,NA,1.5357857338636594
2891,NA,1.536100903467519,1.5360863124290598,NA,0.5601626298018769,NA,1.536100903467519
2892,NA,1.5364160730713787,1.5364003580308079,NA,0.5601626298018769,NA,1.5364160730713787
2893,NA,1.5367312426752382,1.5367143695645291,NA,0.5601626298018769,NA,1.5367312426752382
2894,NA,1.5370464122790979,1.5370283461121332,NA,0.5601626298018769,NA,1.5370464122790979
2895,NA,1.5373615818829576,1.5373422867555304,NA,0.5601626298018769,NA,1.5373615818829576
2896,NA,1.5376767514868173,1.537656190576631,NA,0.5601626298018769,NA,1.5376767514868173
2897,NA,1.537991921090677,1.537970056657346,NA,0.5601626298018769,NA,1.537991921090677
2898,NA,1.5383070906945366,1.538283884079585,NA,0.5601626298018769,NA,1.5383070906945366
2899,NA,1.538622260298396,1.5385976719252588,NA,0.5601626298018769,NA,1.538622260298396
2900,NA,1.5389374299022558,1.5389114192762774,NA,0.5601626298018769,NA,1.5389374299022558
2901,NA,1.5392525995061155,1.539225125214551,NA,0.5601626298018769,NA,1.5392525995061155
2902,NA,1.5395677691099752,1.5395387888219905,NA,0.5601626298018769,NA,1.5395677691099752
2903,NA,1.5398829387138349,1.539852409180505,NA,0.5601626298018769,NA,1.5398829387138349
2904,NA,1.5401981083176945,1.5401659853720064,NA,0.5601626298018769,NA,1.5401981083176945
2905,NA,1.540513277921554,1.5404795164784044,NA,0.5601626298018769,NA,1.540513277921554
2906,NA,1.5408284475254137,1.540793001581609,NA,0.5601626298018769,NA,1.5408284475254137
2907,NA,1.5411436171292734,1.5411064397635303,NA,0.5601626298018769,NA,1.5411436171292734
2908,NA,1.541458786733133,1.5414198301060795,NA,0.5601626298018769,NA,1.541458786733133
2909,NA,1.5417739563369928,1.5417331716911662,NA,0.5601626298018769,NA,1.5417739563369928
2910,NA,1.5420891259408525,1.542046463600701,NA,0.5601626298018769,NA,1.5420891259408525
2911,NA,1.542404295544712,1.542359704916594,NA,0.5601626298018769,NA,1.542404295544712
2912,NA,1.5427194651485716,1.542672894720756,NA,0.5601626298018769,NA,1.5427194651485716
2913,NA,1.5430346347524313,1.5429860320950965,NA,0.5601626298018769,NA,1.5430346347524313
2914,NA,1.543349804356291,1.5432991161215268,NA,0.5601626298018769,NA,1.543349804356291
2915,NA,1.5436649739601507,1.5436121458819567,NA,0.5601626298018769,NA,1.5436649739601507
2916,NA,1.5439801435640104,1.5439251204582964,NA,0.5601626298018769,NA,1.5439801435640104
2917,NA,1.5442953131678698,1.5442380389324561,NA,0.5601626298018769,NA,1.5442953131678698
2918,NA,1.5446104827717295,1.544550900386347,NA,0.5601626298018769,NA,1.5446104827717295
2919,NA,1.5449256523755892,1.5448637039018784,NA,0.5601626298018769,NA,1.5449256523755892
2920,1.545240821979449,1.545240821979449,1.5451764485609611,NA,0.5601626298018769,NA,1.545240821979449
2921,NA,1.5455568416903835,1.545489239627549,NA,0.5601626298018769,NA,1.5455568416903835
2922,NA,1.545872861401318,1.5458021808179618,NA,0.5601626298018769,NA,1.545872861401318
2923,NA,1.5461888811122526,1.5461152688926572,NA,0.5601626298018769,NA,1.5461888811122526
2924,NA,1.5465049008231873,1.5464285006120944,NA,0.5601626298018769,NA,1.5465049008231873
2925,NA,1.546820920534122,1.5467418727367312,NA,0.5601626298018769,NA,1.546820920534122
2926,NA,1.5471369402450563,1.547055382027026,NA,0.5601626298018769,NA,1.5471369402450563
2927,NA,1.547452959955991,1.5473690252434376,NA,0.5601626298018769,NA,1.547452959955991
2928,NA,1.5477689796669256,1.5476827991464237,NA,0.5601626298018769,NA,1.5477689796669256
2929,NA,1.5480849993778603,1.5479967004964432,NA,0.5601626298018769,NA,1.5480849993778603
2930,NA,1.5484010190887947,1.5483107260539548,NA,0.5601626298018769,NA,1.5484010190887947
2931,NA,1.5487170387997293,1.5486248725794158,NA,0.5601626298018769,NA,1.5487170387997293
2932,NA,1.549033058510664,1.5489391368332854,NA,0.5601626298018769,NA,1.549033058510664
2933,NA,1.5493490782215984,1.549253515576022,NA,0.5601626298018769,NA,1.5493490782215984
2934,NA,1.549665097932533,1.5495680055680836,NA,0.5601626298018769,NA,1.549665097932533
2935,NA,1.5499811176434677,1.549882603569929,NA,0.5601626298018769,NA,1.5499811176434677
2936,NA,1.5502971373544023,1.5501973063420154,NA,0.5601626298018769,NA,1.5502971373544023
2937,NA,1.5506131570653368,1.5505121106448028,NA,0.5601626298018769,NA,1.5506131570653368
2938,NA,1.5509291767762714,1.5508270132387485,NA,0.5601626298018769,NA,1.5509291767762714
2939,NA,1.551245196487206,1.551142010884311,NA,0.5601626298018769,NA,1.551245196487206
2940,NA,1.5515612161981407,1.5514571003419493,NA,0.5601626298018769,NA,1.5515612161981407
2941,NA,1.5518772359090751,1.5517722783721213,NA,0.5601626298018769,NA,1.5518772359090751
2942,NA,1.5521932556200098,1.552087541735285,NA,0.5601626298018769,NA,1.5521932556200098
2943,NA,1.5525092753309444,1.5524028871918998,NA,0.5601626298018769,NA,1.5525092753309444
2944,NA,1.5528252950418788,1.552718311502423,NA,0.5601626298018769,NA,1.5528252950418788
2945,NA,1.5531413147528135,1.5530338114273137,NA,0.5601626298018769,NA,1.5531413147528135
2946,NA,1.5534573344637481,1.5533493837270296,NA,0.5601626298018769,NA,1.5534573344637481
2947,NA,1.5537733541746828,1.5536650251620299,NA,0.5601626298018769,NA,1.5537733541746828
2948,NA,1.5540893738856172,1.5539807324927724,NA,0.5601626298018769,NA,1.5540893738856172
2949,NA,1.5544053935965518,1.5542965024797155,NA,0.5601626298018769,NA,1.5544053935965518
2950,NA,1.5547214133074865,1.554612331883318,NA,0.5601626298018769,NA,1.5547214133074865
2951,NA,1.555037433018421,1.5549282174640375,NA,0.5601626298018769,NA,1.555037433018421
2952,NA,1.5553534527293555,1.5552441559823331,NA,0.5601626298018769,NA,1.5553534527293555
2953,NA,1.5556694724402902,1.555560144198663,NA,0.5601626298018769,NA,1.5556694724402902
2954,NA,1.5559854921512248,1.5558761788734858,NA,0.5601626298018769,NA,1.5559854921512248
2955,NA,1.5563015118621593,1.556192256767259,NA,0.5601626298018769,NA,1.5563015118621593
2956,NA,1.556617531573094,1.5565083746404422,NA,0.5601626298018769,NA,1.556617531573094
2957,NA,1.5569335512840285,1.5568245292534924,NA,0.5601626298018769,NA,1.5569335512840285
2958,NA,1.5572495709949632,1.5571407173668688,NA,0.5601626298018769,NA,1.5572495709949632
2959,NA,1.5575655907058976,1.5574569357410297,NA,0.5601626298018769,NA,1.5575655907058976
2960,NA,1.5578816104168323,1.557773181136434,NA,0.5601626298018769,NA,1.5578816104168323
2961,NA,1.558197630127767,1.558089450313539,NA,0.5601626298018769,NA,1.558197630127767
2962,NA,1.5585136498387013,1.5584057400328035,NA,0.5601626298018769,NA,1.5585136498387013
2963,NA,1.558829669549636,1.558722047054686,NA,0.5601626298018769,NA,1.558829669549636
2964,NA,1.5591456892605706,1.5590383681396447,NA,0.5601626298018769,NA,1.5591456892605706
2965,NA,1.5594617089715053,1.5593547000481385,NA,0.5601626298018769,NA,1.5594617089715053
2966,NA,1.5597777286824397,1.5596710395406252,NA,0.5601626298018769,NA,1.5597777286824397
2967,NA,1.5600937483933743,1.5599873833775633,NA,0.5601626298018769,NA,1.5600937483933743
2968,NA,1.560409768104309,1.5603037283194112,NA,0.5601626298018769,NA,1.560409768104309
2969,NA,1.5607257878152436,1.5606200711266274,NA,0.5601626298018769,NA,1.5607257878152436
2970,NA,1.561041807526178,1.5609364085596702,NA,0.5601626298018769,NA,1.561041807526178
2971,NA,1.5613578272371127,1.5612527373789975,NA,0.5601626298018769,NA,1.5613578272371127
2972,NA,1.5616738469480473,1.5615690543450687,NA,0.5601626298018769,NA,1.5616738469480473
2973,NA,1.5619898666589818,1.5618853562183412,NA,0.5601626298018769,NA,1.5619898666589818
2974,NA,1.5623058863699164,1.562201639759274,NA,0.5601626298018769,NA,1.5623058863699164
2975,NA,1.562621906080851,1.5625179017283253,NA,0.5601626298018769,NA,1.562621906080851
2976,NA,1.5629379257917857,1.5628341388859528,NA,0.5601626298018769,NA,1.5629379257917857
2977,NA,1.5632539455027201,1.563150347992616,NA,0.5601626298018769,NA,1.5632539455027201
2978,NA,1.5635699652136548,1.5634665258087723,NA,0.5601626298018769,NA,1.5635699652136548
2979,NA,1.5638859849245894,1.563782669094881,NA,0.5601626298018769,NA,1.5638859849245894
2980,NA,1.564202004635524,1.5640987746113997,NA,0.5601626298018769,NA,1.564202004635524
2981,NA,1.5645180243464585,1.5644148391187875,NA,0.5601626298018769,NA,1.5645180243464585
2982,NA,1.5648340440573931,1.5647308593775018,NA,0.5601626298018769,NA,1.5648340440573931
2983,NA,1.5651500637683278,1.565046832148002,NA,0.5601626298018769,NA,1.5651500637683278
2984,NA,1.5654660834792622,1.5653627541907456,NA,0.5601626298018769,NA,1.5654660834792622
2985,NA,1.5657821031901968,1.5656786222661914,NA,0.5601626298018769,NA,1.5657821031901968
2986,NA,1.5660981229011315,1.5659944331347981,NA,0.5601626298018769,NA,1.5660981229011315
2987,NA,1.5664141426120661,1.566310183557023,NA,0.5601626298018769,NA,1.5664141426120661
2988,NA,1.5667301623230006,1.566625870293326,NA,0.5601626298018769,NA,1.5667301623230006
2989,NA,1.5670461820339352,1.566941490104164,NA,0.5601626298018769,NA,1.5670461820339352
2990,NA,1.5673622017448698,1.5672570397499959,NA,0.5601626298018769,NA,1.5673622017448698
2991,NA,1.5676782214558043,1.5675725159912808,NA,0.5601626298018769,NA,1.5676782214558043
2992,NA,1.567994241166739,1.5678879155884766,NA,0.5601626298018769,NA,1.567994241166739
2993,NA,1.5683102608776736,1.568203235302041,NA,0.5601626298018769,NA,1.5683102608776736
2994,NA,1.5686262805886082,1.5685184718924332,NA,0.5601626298018769,NA,1.5686262805886082
2995,NA,1.5689423002995426,1.5688336221201111,NA,0.5601626298018769,NA,1.5689423002995426
2996,NA,1.5692583200104773,1.5691486827455334,NA,0.5601626298018769,NA,1.5692583200104773
2997,NA,1.569574339721412,1.5694636505291584,NA,0.5601626298018769,NA,1.569574339721412
2998,NA,1.5698903594323466,1.5697785222314442,NA,0.5601626298018769,NA,1.5698903594323466
2999,NA,1.570206379143281,1.5700932946128496,NA,0.5601626298018769,NA,1.570206379143281
3000,NA,1.5705223988542156,1.5704079644338322,NA,0.5601626298018769,NA,1.5705223988542156
3001,NA,1.5708384185651503,1.5707225284548516,NA,0.5601626298018769,NA,1.5708384185651503
3002,NA,1.5711544382760847,1.5710369834363653,NA,0.5601626298018769,NA,1.5711544382760847
3003,NA,1.5714704579870193,1.5713513261388317,NA,0.5601626298018769,NA,1.5714704579870193
3004,NA,1.571786477697954,1.5716655533227095,NA,0.5601626298018769,NA,1.571786477697954
3005,NA,1.5721024974088886,1.571979661748457,NA,0.5601626298018769,NA,1.5721024974088886
3006,NA,1.572418517119823,1.5722936481765326,NA,0.5601626298018769,NA,1.572418517119823
3007,NA,1.5727345368307577,1.5726075093673941,NA,0.5601626298018769,NA,1.5727345368307577
3008,NA,1.5730505565416923,1.5729212420815006,NA,0.5601626298018769,NA,1.5730505565416923
3009,NA,1.573366576252627,1.5732348430793106,NA,0.5601626298018769,NA,1.573366576252627
3010,NA,1.5736825959635614,1.5735483091212814,NA,0.5601626298018769,NA,1.5736825959635614
3011,1.573998615674496,1.573998615674496,1.5738616369678726,NA,0.5601626298018769,NA,1.573998615674496
3012,NA,1.5743110123784976,1.5741749265801035,NA,0.5601626298018769,NA,1.5743110123784976
3013,NA,1.574623409082499,1.574488279519209,NA,0.5601626298018769,NA,1.574623409082499
3014,NA,1.5749358057865004,1.57480169494597,NA,0.5601626298018769,NA,1.5749358057865004
3015,NA,1.575248202490502,1.5751151720211665,NA,0.5601626298018769,NA,1.575248202490502
3016,NA,1.5755605991945034,1.57542870990558,NA,0.5601626298018769,NA,1.5755605991945034
3017,NA,1.575872995898505,1.5757423077599908,NA,0.5601626298018769,NA,1.575872995898505
3018,NA,1.5761853926025065,1.5760559647451793,NA,0.5601626298018769,NA,1.5761853926025065
3019,NA,1.5764977893065077,1.5763696800219262,NA,0.5601626298018769,NA,1.5764977893065077
3020,NA,1.5768101860105093,1.5766834527510125,NA,0.5601626298018769,NA,1.5768101860105093
3021,NA,1.5771225827145108,1.5769972820932183,NA,0.5601626298018769,NA,1.5771225827145108
3022,NA,1.5774349794185123,1.577311167209325,NA,0.5601626298018769,NA,1.5774349794185123
3023,NA,1.5777473761225138,1.5776251072601128,NA,0.5601626298018769,NA,1.5777473761225138
3024,NA,1.578059772826515,1.577939101406362,NA,0.5601626298018769,NA,1.578059772826515
3025,NA,1.5783721695305166,1.5782531488088538,NA,0.5601626298018769,NA,1.5783721695305166
3026,NA,1.5786845662345181,1.5785672486283686,NA,0.5601626298018769,NA,1.5786845662345181
3027,NA,1.5789969629385197,1.5788814000256872,NA,0.5601626298018769,NA,1.5789969629385197
3028,NA,1.579309359642521,1.57919560216159,NA,0.5601626298018769,NA,1.579309359642521
3029,NA,1.5796217563465225,1.579509854196858,NA,0.5601626298018769,NA,1.5796217563465225
3030,NA,1.579934153050524,1.5798241552922712,NA,0.5601626298018769,NA,1.579934153050524
3031,NA,1.5802465497545255,1.5801385046086112,NA,0.5601626298018769,NA,1.5802465497545255
3032,NA,1.580558946458527,1.5804529013066575,NA,0.5601626298018769,NA,1.580558946458527
3033,NA,1.5808713431625283,1.5807673445471915,NA,0.5601626298018769,NA,1.5808713431625283
3034,NA,1.5811837398665298,1.581081833490994,NA,0.5601626298018769,NA,1.5811837398665298
3035,NA,1.5814961365705313,1.581396367298845,NA,0.5601626298018769,NA,1.5814961365705313
3036,NA,1.5818085332745329,1.5817109451315257,NA,0.5601626298018769,NA,1.5818085332745329
3037,NA,1.5821209299785344,1.5820255661498166,NA,0.5601626298018769,NA,1.5821209299785344
3038,NA,1.5824333266825357,1.5823402295144982,NA,0.5601626298018769,NA,1.5824333266825357
3039,NA,1.5827457233865372,1.582654934386351,NA,0.5601626298018769,NA,1.5827457233865372
3040,NA,1.5830581200905387,1.5829696799261557,NA,0.5601626298018769,NA,1.5830581200905387
3041,NA,1.5833705167945402,1.5832844652946934,NA,0.5601626298018769,NA,1.5833705167945402
3042,NA,1.5836829134985417,1.5835992896527444,NA,0.5601626298018769,NA,1.5836829134985417
3043,NA,1.583995310202543,1.5839141521610893,NA,0.5601626298018769,NA,1.583995310202543
3044,NA,1.5843077069065445,1.584229051980509,NA,0.5601626298018769,NA,1.5843077069065445
3045,NA,1.584620103610546,1.5845439882717836,NA,0.5601626298018769,NA,1.584620103610546
3046,NA,1.5849325003145476,1.5848589601956946,NA,0.5601626298018769,NA,1.5849325003145476
3047,NA,1.585244897018549,1.5851739669130216,NA,0.5601626298018769,NA,1.585244897018549
3048,NA,1.5855572937225504,1.585489007584546,NA,0.5601626298018769,NA,1.5855572937225504
3049,NA,1.585869690426552,1.5858040813710486,NA,0.5601626298018769,NA,1.585869690426552
3050,NA,1.5861820871305534,1.5861191874333092,NA,0.5601626298018769,NA,1.5861820871305534
3051,NA,1.586494483834555,1.5864343249321091,NA,0.5601626298018769,NA,1.586494483834555
3052,NA,1.5868068805385565,1.5867494930282289,NA,0.5601626298018769,NA,1.5868068805385565
3053,NA,1.5871192772425577,1.587064690882449,NA,0.5601626298018769,NA,1.5871192772425577
3054,NA,1.5874316739465593,1.5873799176555503,NA,0.5601626298018769,NA,1.5874316739465593
3055,NA,1.5877440706505608,1.5876951725083133,NA,0.5601626298018769,NA,1.5877440706505608
3056,NA,1.5880564673545623,1.5880104546015181,NA,0.5601626298018769,NA,1.5880564673545623
3057,NA,1.5883688640585638,1.5883257630959464,NA,0.5601626298018769,NA,1.5883688640585638
3058,NA,1.588681260762565,1.5886410971523783,NA,0.5601626298018769,NA,1.588681260762565
3059,NA,1.5889936574665666,1.5889564559315947,NA,0.5601626298018769,NA,1.5889936574665666
3060,NA,1.5893060541705681,1.5892718385943754,NA,0.5601626298018769,NA,1.5893060541705681
3061,NA,1.5896184508745697,1.5895872443015022,NA,0.5601626298018769,NA,1.5896184508745697
3062,NA,1.589930847578571,1.589902672213755,NA,0.5601626298018769,NA,1.589930847578571
3063,NA,1.5902432442825725,1.5902181214919147,NA,0.5601626298018769,NA,1.5902432442825725
3064,NA,1.590555640986574,1.590533591296762,NA,0.5601626298018769,NA,1.590555640986574
3065,NA,1.5908680376905755,1.590849080789077,NA,0.5601626298018769,NA,1.5908680376905755
3066,NA,1.591180434394577,1.591164589129641,NA,0.5601626298018769,NA,1.591180434394577
3067,NA,1.5914928310985783,1.5914801154792344,NA,0.5601626298018769,NA,1.5914928310985783
3068,NA,1.5918052278025798,1.5917956589986382,NA,0.5601626298018769,NA,1.5918052278025798
3069,NA,1.5921176245065813,1.5921112188486326,NA,0.5601626298018769,NA,1.5921176245065813
3070,NA,1.5924300212105829,1.5924267941899979,NA,0.5601626298018769,NA,1.5924300212105829
3071,NA,1.5927424179145844,1.5927423841835158,NA,0.5601626298018769,NA,1.5927424179145844
3072,NA,1.5930548146185857,1.593057987989966,NA,0.5601626298018769,NA,1.5930548146185857
3073,NA,1.5933672113225872,1.5933736047701297,NA,0.5601626298018769,NA,1.5933672113225872
3074,NA,1.5936796080265887,1.593689233684787,NA,0.5601626298018769,NA,1.5936796080265887
3075,NA,1.5939920047305902,1.5940048738947188,NA,0.5601626298018769,NA,1.5939920047305902
3076,NA,1.5943044014345917,1.5943205245607062,NA,0.5601626298018769,NA,1.5943044014345917
3077,NA,1.594616798138593,1.5946361848435295,NA,0.5601626298018769,NA,1.594616798138593
3078,NA,1.5949291948425945,1.5949518539039687,NA,0.5601626298018769,NA,1.5949291948425945
3079,NA,1.595241591546596,1.5952675309028057,NA,0.5601626298018769,NA,1.595241591546596
3080,NA,1.5955539882505976,1.5955832150008202,NA,0.5601626298018769,NA,1.5955539882505976
3081,NA,1.595866384954599,1.595898905358793,NA,0.5601626298018769,NA,1.595866384954599
3082,NA,1.5961787816586004,1.596214601137505,NA,0.5601626298018769,NA,1.5961787816586004
3083,NA,1.596491178362602,1.5965303014977368,NA,0.5601626298018769,NA,1.596491178362602
3084,NA,1.5968035750666034,1.596846005600269,NA,0.5601626298018769,NA,1.5968035750666034
3085,NA,1.597115971770605,1.5971617126058821,NA,0.5601626298018769,NA,1.597115971770605
3086,NA,1.5974283684746065,1.5974774216753567,NA,0.5601626298018769,NA,1.5974283684746065
3087,NA,1.5977407651786077,1.5977931319694738,NA,0.5601626298018769,NA,1.5977407651786077
3088,NA,1.5980531618826093,1.5981088426490138,NA,0.5601626298018769,NA,1.5980531618826093
3089,NA,1.5983655585866108,1.5984245528747572,NA,0.5601626298018769,NA,1.5983655585866108
3090,NA,1.5986779552906123,1.598740261807485,NA,0.5601626298018769,NA,1.5986779552906123
3091,NA,1.5989903519946136,1.5990559686079777,NA,0.5601626298018769,NA,1.5989903519946136
3092,NA,1.599302748698615,1.599371672437016,NA,0.5601626298018769,NA,1.599302748698615
3093,NA,1.5996151454026166,1.5996873724553802,NA,0.5601626298018769,NA,1.5996151454026166
3094,NA,1.5999275421066181,1.6000030678238515,NA,0.5601626298018769,NA,1.5999275421066181
3095,NA,1.6002399388106197,1.6003187577032099,NA,0.5601626298018769,NA,1.6002399388106197
3096,NA,1.600552335514621,1.6006344412542364,NA,0.5601626298018769,NA,1.600552335514621
3097,NA,1.6008647322186225,1.600950117637712,NA,0.5601626298018769,NA,1.6008647322186225
3098,NA,1.601177128922624,1.601265786014417,NA,0.5601626298018769,NA,1.601177128922624
3099,NA,1.6014895256266255,1.6015814455451316,NA,0.5601626298018769,NA,1.6014895256266255
3100,NA,1.601801922330627,1.601897095390637,NA,0.5601626298018769,NA,1.601801922330627
3101,NA,1.6021143190346283,1.6022127347117137,NA,0.5601626298018769,NA,1.6021143190346283
3102,NA,1.6024267157386298,1.6025283626691424,NA,0.5601626298018769,NA,1.6024267157386298
3103,1.6027391124426313,1.6027391124426313,1.6028439784237036,NA,0.5601626298018769,NA,1.6027391124426313
3104,NA,1.603054215943363,1.603159581136178,NA,0.5601626298018769,NA,1.603054215943363
3105,NA,1.6033693194440946,1.6034751699673466,NA,0.5601626298018769,NA,1.6033693194440946
3106,NA,1.6036844229448264,1.6037907440779893,NA,0.5601626298018769,NA,1.6036844229448264
3107,NA,1.603999526445558,1.6041063026288875,NA,0.5601626298018769,NA,1.603999526445558
3108,NA,1.6043146299462896,1.6044218447808212,NA,0.5601626298018769,NA,1.6043146299462896
3109,NA,1.6046297334470212,1.6047373696945715,NA,0.5601626298018769,NA,1.6046297334470212
3110,NA,1.6049448369477528,1.6050528765309187,NA,0.5601626298018769,NA,1.6049448369477528
3111,NA,1.6052599404484844,1.6053683644506442,NA,0.5601626298018769,NA,1.6052599404484844
3112,NA,1.6055750439492162,1.6056838326145275,NA,0.5601626298018769,NA,1.6055750439492162
3113,NA,1.6058901474499478,1.60599928018335,NA,0.5601626298018769,NA,1.6058901474499478
3114,NA,1.6062052509506795,1.6063147063178922,NA,0.5601626298018769,NA,1.6062052509506795
3115,NA,1.606520354451411,1.6066301101789349,NA,0.5601626298018769,NA,1.606520354451411
3116,NA,1.6068354579521427,1.6069454909272582,NA,0.5601626298018769,NA,1.6068354579521427
3117,NA,1.6071505614528745,1.6072608477236432,NA,0.5601626298018769,NA,1.6071505614528745
3118,NA,1.607465664953606,1.6075761797288708,NA,0.5601626298018769,NA,1.607465664953606
3119,NA,1.6077807684543377,1.6078914861037206,NA,0.5601626298018769,NA,1.6077807684543377
3120,NA,1.6080958719550693,1.6082067660089745,NA,0.5601626298018769,NA,1.6080958719550693
3121,NA,1.608410975455801,1.6085220186054123,NA,0.5601626298018769,NA,1.608410975455801
3122,NA,1.6087260789565327,1.608837243053815,NA,0.5601626298018769,NA,1.6087260789565327
3123,NA,1.6090411824572644,1.6091524385149634,NA,0.5601626298018769,NA,1.6090411824572644
3124,NA,1.609356285957996,1.6094676041496376,NA,0.5601626298018769,NA,1.609356285957996
3125,NA,1.6096713894587276,1.6097827391186184,NA,0.5601626298018769,NA,1.6096713894587276
3126,NA,1.6099864929594592,1.6100978425826868,NA,0.5601626298018769,NA,1.6099864929594592
3127,NA,1.6103015964601908,1.610412913702623,NA,0.5601626298018769,NA,1.6103015964601908
3128,NA,1.6106166999609226,1.6107279516392086,NA,0.5601626298018769,NA,1.6106166999609226
3129,NA,1.6109318034616542,1.6110429555532226,NA,0.5601626298018769,NA,1.6109318034616542
3130,NA,1.6112469069623858,1.6113579246054472,NA,0.5601626298018769,NA,1.6112469069623858
3131,NA,1.6115620104631174,1.6116728579566622,NA,0.5601626298018769,NA,1.6115620104631174
3132,NA,1.611877113963849,1.6119877547676484,NA,0.5601626298018769,NA,1.611877113963849
3133,NA,1.6121922174645809,1.6123026141991863,NA,0.5601626298018769,NA,1.6121922174645809
3134,NA,1.6125073209653125,1.6126174354120573,NA,0.5601626298018769,NA,1.6125073209653125
3135,NA,1.612822424466044,1.6129322175670409,NA,0.5601626298018769,NA,1.612822424466044
3136,NA,1.6131375279667757,1.6132469598249188,NA,0.5601626298018769,NA,1.6131375279667757
3137,NA,1.6134526314675073,1.613561661346471,NA,0.5601626298018769,NA,1.6134526314675073
3138,NA,1.613767734968239,1.6138763212924778,NA,0.5601626298018769,NA,1.613767734968239
3139,NA,1.6140828384689707,1.614190938823721,NA,0.5601626298018769,NA,1.6140828384689707
3140,NA,1.6143979419697023,1.6145055131009802,NA,0.5601626298018769,NA,1.6143979419697023
3141,NA,1.614713045470434,1.614820043285037,NA,0.5601626298018769,NA,1.614713045470434
3142,NA,1.6150281489711655,1.615134528536671,NA,0.5601626298018769,NA,1.6150281489711655
3143,NA,1.6153432524718971,1.6154489680166635,NA,0.5601626298018769,NA,1.6153432524718971
3144,NA,1.615658355972629,1.6157633608857946,NA,0.5601626298018769,NA,1.615658355972629
3145,NA,1.6159734594733606,1.616077706304846,NA,0.5601626298018769,NA,1.6159734594733606
3146,NA,1.6162885629740922,1.6163920034345973,NA,0.5601626298018769,NA,1.6162885629740922
3147,NA,1.6166036664748238,1.6167062514358295,NA,0.5601626298018769,NA,1.6166036664748238
3148,NA,1.6169187699755554,1.6170204494693232,NA,0.5601626298018769,NA,1.6169187699755554
3149,NA,1.6172338734762872,1.617334596695859,NA,0.5601626298018769,NA,1.6172338734762872
3150,NA,1.6175489769770188,1.6176486922762179,NA,0.5601626298018769,NA,1.6175489769770188
3151,NA,1.6178640804777504,1.61796273537118,NA,0.5601626298018769,NA,1.6178640804777504
3152,NA,1.618179183978482,1.6182767251415264,NA,0.5601626298018769,NA,1.618179183978482
3153,NA,1.6184942874792136,1.6185906607480374,NA,0.5601626298018769,NA,1.6184942874792136
3154,NA,1.6188093909799455,1.6189045413514938,NA,0.5601626298018769,NA,1.6188093909799455
3155,NA,1.619124494480677,1.6192183661126767,NA,0.5601626298018769,NA,1.619124494480677
3156,NA,1.6194395979814087,1.6195321341923659,NA,0.5601626298018769,NA,1.6194395979814087
3157,NA,1.6197547014821403,1.6198458447513422,NA,0.5601626298018769,NA,1.6197547014821403
3158,NA,1.620069804982872,1.6201594969503867,NA,0.5601626298018769,NA,1.620069804982872
3159,NA,1.6203849084836035,1.6204730899502804,NA,0.5601626298018769,NA,1.6203849084836035
3160,NA,1.6207000119843353,1.6207866229118026,NA,0.5601626298018769,NA,1.6207000119843353
3161,NA,1.621015115485067,1.6211000949957353,NA,0.5601626298018769,NA,1.621015115485067
3162,NA,1.6213302189857985,1.621413505362858,NA,0.5601626298018769,NA,1.6213302189857985
3163,NA,1.6216453224865301,1.6217268531739522,NA,0.5601626298018769,NA,1.6216453224865301
3164,NA,1.6219604259872618,1.622040137589798,NA,0.5601626298018769,NA,1.6219604259872618
3165,NA,1.6222755294879936,1.6223533577711764,NA,0.5601626298018769,NA,1.6222755294879936
3166,NA,1.6225906329887252,1.6226665128788682,NA,0.5601626298018769,NA,1.6225906329887252
3167,NA,1.6229057364894568,1.6229796020736535,NA,0.5601626298018769,NA,1.6229057364894568
3168,NA,1.6232208399901884,1.6232926245163133,NA,0.5601626298018769,NA,1.6232208399901884
3169,NA,1.62353594349092,1.623605579367628,NA,0.5601626298018769,NA,1.62353594349092
3170,NA,1.6238510469916518,1.6239184657883787,NA,0.5601626298018769,NA,1.6238510469916518
3171,NA,1.6241661504923834,1.6242312829393457,NA,0.5601626298018769,NA,1.6241661504923834
3172,NA,1.624481253993115,1.6245440299813094,NA,0.5601626298018769,NA,1.624481253993115
3173,NA,1.6247963574938467,1.624856706075051,NA,0.5601626298018769,NA,1.6247963574938467
3174,NA,1.6251114609945783,1.625169310381351,NA,0.5601626298018769,NA,1.6251114609945783
3175,NA,1.6254265644953099,1.6254818420609896,NA,0.5601626298018769,NA,1.6254265644953099
3176,NA,1.6257416679960417,1.625794300274748,NA,0.5601626298018769,NA,1.6257416679960417
3177,NA,1.6260567714967733,1.6261066841834064,NA,0.5601626298018769,NA,1.6260567714967733
3178,NA,1.626371874997505,1.6264189929477457,NA,0.5601626298018769,NA,1.626371874997505
3179,NA,1.6266869784982365,1.6267312257285464,NA,0.5601626298018769,NA,1.6266869784982365
3180,NA,1.6270020819989681,1.6270433816865892,NA,0.5601626298018769,NA,1.6270020819989681
3181,NA,1.6273171854997,1.627355459982655,NA,0.5601626298018769,NA,1.6273171854997
3182,NA,1.6276322890004316,1.6276674597775245,NA,0.5601626298018769,NA,1.6276322890004316
3183,NA,1.6279473925011632,1.6279793802319773,NA,0.5601626298018769,NA,1.6279473925011632
3184,NA,1.6282624960018948,1.6282912205067956,NA,0.5601626298018769,NA,1.6282624960018948
3185,NA,1.6285775995026264,1.6286029797627588,NA,0.5601626298018769,NA,1.6285775995026264
3186,NA,1.6288927030033582,1.6289146571606479,NA,0.5601626298018769,NA,1.6288927030033582
3187,NA,1.6292078065040898,1.629226251861244,NA,0.5601626298018769,NA,1.6292078065040898
3188,NA,1.6295229100048214,1.6295377630253274,NA,0.5601626298018769,NA,1.6295229100048214
3189,NA,1.629838013505553,1.6298491898136782,NA,0.5601626298018769,NA,1.629838013505553
3190,NA,1.6301531170062846,1.6301605313870782,NA,0.5601626298018769,NA,1.6301531170062846
3191,NA,1.6304682205070162,1.6304717869063072,NA,0.5601626298018769,NA,1.6304682205070162
3192,NA,1.630783324007748,1.6307829555321458,NA,0.5601626298018769,NA,1.630783324007748
3193,NA,1.6310984275084797,1.6310940364253752,NA,0.5601626298018769,NA,1.6310984275084797
3194,1.6314135310092113,1.6314135310092113,1.6314050287467756,NA,0.5601626298018769,NA,1.6314135310092113
3195,NA,1.6317247189271895,1.6317159705288844,NA,0.5601626298018769,NA,1.6317247189271895
3196,NA,1.6320359068451677,1.6320269002337446,NA,0.5601626298018769,NA,1.6320359068451677
3197,NA,1.6323470947631458,1.6323378176663945,NA,0.5601626298018769,NA,1.6323470947631458
3198,NA,1.632658282681124,1.6326487226318744,NA,0.5601626298018769,NA,1.632658282681124
3199,NA,1.6329694705991022,1.6329596149352221,NA,0.5601626298018769,NA,1.6329694705991022
3200,NA,1.6332806585170805,1.633270494381477,NA,0.5601626298018769,NA,1.6332806585170805
3201,NA,1.6335918464350587,1.6335813607756784,NA,0.5601626298018769,NA,1.6335918464350587
3202,NA,1.6339030343530367,1.633892213922865,NA,0.5601626298018769,NA,1.6339030343530367
3203,NA,1.634214222271015,1.6342030536280756,NA,0.5601626298018769,NA,1.634214222271015
3204,NA,1.6345254101889932,1.6345138796963503,NA,0.5601626298018769,NA,1.6345254101889932
3205,NA,1.6348365981069715,1.6348246919327265,NA,0.5601626298018769,NA,1.6348365981069715
3206,NA,1.6351477860249495,1.6351354901422441,NA,0.5601626298018769,NA,1.6351477860249495
3207,NA,1.6354589739429277,1.6354462741299423,NA,0.5601626298018769,NA,1.6354589739429277
3208,NA,1.635770161860906,1.6357570437008597,NA,0.5601626298018769,NA,1.635770161860906
3209,NA,1.6360813497788842,1.6360677986600354,NA,0.5601626298018769,NA,1.6360813497788842
3210,NA,1.6363925376968624,1.6363785388125083,NA,0.5601626298018769,NA,1.6363925376968624
3211,NA,1.6367037256148405,1.6366892639633177,NA,0.5601626298018769,NA,1.6367037256148405
3212,NA,1.6370149135328187,1.6369999739175025,NA,0.5601626298018769,NA,1.6370149135328187
3213,NA,1.637326101450797,1.637310668480102,NA,0.5601626298018769,NA,1.637326101450797
3214,NA,1.6376372893687752,1.6376213474561545,NA,0.5601626298018769,NA,1.6376372893687752
3215,NA,1.6379484772867534,1.6379320106506992,NA,0.5601626298018769,NA,1.6379484772867534
3216,NA,1.6382596652047314,1.6382426578687754,NA,0.5601626298018769,NA,1.6382596652047314
3217,NA,1.6385708531227097,1.6385532889154222,NA,0.5601626298018769,NA,1.6385708531227097
3218,NA,1.638882041040688,1.6388639035956785,NA,0.5601626298018769,NA,1.638882041040688
3219,NA,1.6391932289586661,1.639174501714583,NA,0.5601626298018769,NA,1.6391932289586661
3220,NA,1.6395044168766444,1.639485083077175,NA,0.5601626298018769,NA,1.6395044168766444
3221,NA,1.6398156047946224,1.6397956474884934,NA,0.5601626298018769,NA,1.6398156047946224
3222,NA,1.6401267927126006,1.6401061947535773,NA,0.5601626298018769,NA,1.6401267927126006
3223,NA,1.6404379806305789,1.6404167246774657,NA,0.5601626298018769,NA,1.6404379806305789
3224,NA,1.6407491685485571,1.6407272370651975,NA,0.5601626298018769,NA,1.6407491685485571
3225,NA,1.6410603564665354,1.6410377317218114,NA,0.5601626298018769,NA,1.6410603564665354
3226,NA,1.6413715443845134,1.6413482084523474,NA,0.5601626298018769,NA,1.6413715443845134
3227,NA,1.6416827323024916,1.6416586670618436,NA,0.5601626298018769,NA,1.6416827323024916
3228,NA,1.6419939202204699,1.6419691073553395,NA,0.5601626298018769,NA,1.6419939202204699
3229,NA,1.642305108138448,1.6422795291378738,NA,0.5601626298018769,NA,1.642305108138448
3230,NA,1.6426162960564261,1.6425899322144855,NA,0.5601626298018769,NA,1.6426162960564261
3231,NA,1.6429274839744044,1.6429003163902138,NA,0.5601626298018769,NA,1.6429274839744044
3232,NA,1.6432386718923826,1.6432106814700977,NA,0.5601626298018769,NA,1.6432386718923826
3233,NA,1.6435498598103608,1.643521027259176,NA,0.5601626298018769,NA,1.6435498598103608
3234,NA,1.643861047728339,1.6438313535624878,NA,0.5601626298018769,NA,1.643861047728339
3235,NA,1.644172235646317,1.6441416601850725,NA,0.5601626298018769,NA,1.644172235646317
3236,NA,1.6444834235642953,1.6444519469319685,NA,0.5601626298018769,NA,1.6444834235642953
3237,NA,1.6447946114822736,1.6447622136082154,NA,0.5601626298018769,NA,1.6447946114822736
3238,NA,1.6451057994002518,1.6450724600188515,NA,0.5601626298018769,NA,1.6451057994002518
3239,NA,1.64541698731823,1.6453826859689165,NA,0.5601626298018769,NA,1.64541698731823
3240,NA,1.645728175236208,1.6456928912634488,NA,0.5601626298018769,NA,1.645728175236208
3241,NA,1.6460393631541863,1.646003075707488,NA,0.5601626298018769,NA,1.6460393631541863
3242,NA,1.6463505510721645,1.6463132391060729,NA,0.5601626298018769,NA,1.6463505510721645
3243,NA,1.6466617389901428,1.6466233812642421,NA,0.5601626298018769,NA,1.6466617389901428
3244,NA,1.646972926908121,1.646933501987035,NA,0.5601626298018769,NA,1.646972926908121
3245,NA,1.647284114826099,1.6472436010794906,NA,0.5601626298018769,NA,1.647284114826099
3246,NA,1.6475953027440773,1.6475536783466478,NA,0.5601626298018769,NA,1.6475953027440773
3247,NA,1.6479064906620555,1.6478637335935458,NA,0.5601626298018769,NA,1.6479064906620555
3248,NA,1.6482176785800338,1.6481737666252234,NA,0.5601626298018769,NA,1.6482176785800338
3249,NA,1.648528866498012,1.6484837772467196,NA,0.5601626298018769,NA,1.648528866498012
3250,NA,1.64884005441599,1.6487937652630738,NA,0.5601626298018769,NA,1.64884005441599
3251,NA,1.6491512423339683,1.6491037304793246,NA,0.5601626298018769,NA,1.6491512423339683
3252,NA,1.6494624302519465,1.6494136727005109,NA,0.5601626298018769,NA,1.6494624302519465
3253,NA,1.6497736181699247,1.6497235917316722,NA,0.5601626298018769,NA,1.6497736181699247
3254,NA,1.6500848060879028,1.650033487377847,NA,0.5601626298018769,NA,1.6500848060879028
3255,NA,1.650395994005881,1.6503433594440748,NA,0.5601626298018769,NA,1.650395994005881
3256,NA,1.6507071819238592,1.650653207735394,NA,0.5601626298018769,NA,1.6507071819238592
3257,NA,1.6510183698418375,1.650963032056844,NA,0.5601626298018769,NA,1.6510183698418375
3258,NA,1.6513295577598157,1.6512728322134638,NA,0.5601626298018769,NA,1.6513295577598157
3259,NA,1.6516407456777937,1.6515826080102924,NA,0.5601626298018769,NA,1.6516407456777937
3260,NA,1.651951933595772,1.6518923592523689,NA,0.5601626298018769,NA,1.651951933595772
3261,NA,1.6522631215137502,1.6522020857447324,NA,0.5601626298018769,NA,1.6522631215137502
3262,NA,1.6525743094317284,1.6525117872924213,NA,0.5601626298018769,NA,1.6525743094317284
3263,NA,1.6528854973497067,1.6528214637004754,NA,0.5601626298018769,NA,1.6528854973497067
3264,NA,1.6531966852676847,1.6531311147739332,NA,0.5601626298018769,NA,1.6531966852676847
3265,NA,1.653507873185663,1.6534407403178337,NA,0.5601626298018769,NA,1.653507873185663
3266,NA,1.6538190611036412,1.6537503401372162,NA,0.5601626298018769,NA,1.6538190611036412
3267,NA,1.6541302490216194,1.654059914037119,NA,0.5601626298018769,NA,1.6541302490216194
3268,NA,1.6544414369395977,1.6543694618225822,NA,0.5601626298018769,NA,1.6544414369395977
3269,NA,1.6547526248575757,1.654678983298644,NA,0.5601626298018769,NA,1.6547526248575757
3270,NA,1.655063812775554,1.6549884782703437,NA,0.5601626298018769,NA,1.655063812775554
3271,NA,1.6553750006935322,1.6552979465427202,NA,0.5601626298018769,NA,1.6553750006935322
3272,NA,1.6556861886115104,1.6556073879208126,NA,0.5601626298018769,NA,1.6556861886115104
3273,NA,1.6559973765294886,1.6559168022096604,NA,0.5601626298018769,NA,1.6559973765294886
3274,NA,1.6563085644474667,1.6562261892143018,NA,0.5601626298018769,NA,1.6563085644474667
3275,NA,1.656619752365445,1.656535548739776,NA,0.5601626298018769,NA,1.656619752365445
3276,NA,1.6569309402834231,1.6568448805911222,NA,0.5601626298018769,NA,1.6569309402834231
3277,NA,1.6572421282014014,1.6571541845733797,NA,0.5601626298018769,NA,1.6572421282014014
3278,NA,1.6575533161193794,1.6574634604915865,NA,0.5601626298018769,NA,1.6575533161193794
3279,NA,1.6578645040373576,1.6577727081507823,NA,0.5601626298018769,NA,1.6578645040373576
3280,NA,1.6581756919553359,1.6580819273560063,NA,0.5601626298018769,NA,1.6581756919553359
3281,NA,1.6584868798733141,1.6583911179122972,NA,0.5601626298018769,NA,1.6584868798733141
3282,NA,1.6587980677912924,1.6587002796246941,NA,0.5601626298018769,NA,1.6587980677912924
3283,NA,1.6591092557092704,1.6590094122982362,NA,0.5601626298018769,NA,1.6591092557092704
3284,NA,1.6594204436272486,1.6593185157379622,NA,0.5601626298018769,NA,1.6594204436272486
3285,1.6597316315452268,1.6597316315452268,1.659627589748911,NA,0.5601626298018769,NA,1.6597316315452268
3286,NA,1.6600416837220966,1.6599366341361221,NA,0.5601626298018769,NA,1.6600416837220966
3287,NA,1.6603517358989663,1.660245648704634,NA,0.5601626298018769,NA,1.6603517358989663
3288,NA,1.660661788075836,1.6605546332594858,NA,0.5601626298018769,NA,1.660661788075836
3289,NA,1.660971840252706,1.6608635876057167,NA,0.5601626298018769,NA,1.660971840252706
3290,NA,1.6612818924295758,1.6611725115483658,NA,0.5601626298018769,NA,1.6612818924295758
3291,NA,1.6615919446064455,1.6614814048924718,NA,0.5601626298018769,NA,1.6615919446064455
3292,NA,1.6619019967833153,1.6617902674430742,NA,0.5601626298018769,NA,1.6619019967833153
3293,NA,1.662212048960185,1.6620990990052114,NA,0.5601626298018769,NA,1.662212048960185
3294,NA,1.6625221011370548,1.6624078993839229,NA,0.5601626298018769,NA,1.6625221011370548
3295,NA,1.6628321533139245,1.6627166683842471,NA,0.5601626298018769,NA,1.6628321533139245
3296,NA,1.6631422054907943,1.663025405811224,NA,0.5601626298018769,NA,1.6631422054907943
3297,NA,1.6634522576676642,1.6633341114698916,NA,0.5601626298018769,NA,1.6634522576676642
3298,NA,1.663762309844534,1.663642785165289,NA,0.5601626298018769,NA,1.663762309844534
3299,NA,1.6640723620214037,1.6639514267024562,NA,0.5601626298018769,NA,1.6640723620214037
3300,NA,1.6643824141982735,1.6642600358864315,NA,0.5601626298018769,NA,1.6643824141982735
3301,NA,1.6646924663751432,1.6645686125222534,NA,0.5601626298018769,NA,1.6646924663751432
3302,NA,1.665002518552013,1.6648771564149618,NA,0.5601626298018769,NA,1.665002518552013
3303,NA,1.6653125707288827,1.6651856673695955,NA,0.5601626298018769,NA,1.6653125707288827
3304,NA,1.6656226229057527,1.665494145191193,NA,0.5601626298018769,NA,1.6656226229057527
3305,NA,1.6659326750826224,1.6658025896847937,NA,0.5601626298018769,NA,1.6659326750826224
3306,NA,1.6662427272594922,1.6661110006554367,NA,0.5601626298018769,NA,1.6662427272594922
3307,NA,1.666552779436362,1.6664193779081609,NA,0.5601626298018769,NA,1.666552779436362
3308,NA,1.6668628316132317,1.6667277212480056,NA,0.5601626298018769,NA,1.6668628316132317
3309,NA,1.6671728837901014,1.6670360304800091,NA,0.5601626298018769,NA,1.6671728837901014
3310,NA,1.6674829359669712,1.6673443054092107,NA,0.5601626298018769,NA,1.6674829359669712
3311,NA,1.667792988143841,1.66765254584065,NA,0.5601626298018769,NA,1.667792988143841
3312,NA,1.6681030403207109,1.6679607515793653,NA,0.5601626298018769,NA,1.6681030403207109
3313,NA,1.6684130924975806,1.668268922430396,NA,0.5601626298018769,NA,1.6684130924975806
3314,NA,1.6687231446744504,1.6685770581987809,NA,0.5601626298018769,NA,1.6687231446744504
3315,NA,1.6690331968513201,1.668885158689559,NA,0.5601626298018769,NA,1.6690331968513201
3316,NA,1.6693432490281899,1.6691932237077696,NA,0.5601626298018769,NA,1.6693432490281899
3317,NA,1.6696533012050596,1.669501253058451,NA,0.5601626298018769,NA,1.6696533012050596
3318,NA,1.6699633533819294,1.669809246546643,NA,0.5601626298018769,NA,1.6699633533819294
3319,NA,1.670273405558799,1.6701172039773842,NA,0.5601626298018769,NA,1.670273405558799
3320,NA,1.670583457735669,1.670425125155714,NA,0.5601626298018769,NA,1.670583457735669
3321,NA,1.6708935099125388,1.670733009886671,NA,0.5601626298018769,NA,1.6708935099125388
3322,NA,1.6712035620894086,1.6710408579752942,NA,0.5601626298018769,NA,1.6712035620894086
3323,NA,1.6715136142662783,1.6713486692266228,NA,0.5601626298018769,NA,1.6715136142662783
3324,NA,1.671823666443148,1.6716564434456957,NA,0.5601626298018769,NA,1.671823666443148
3325,NA,1.6721337186200178,1.671964180437552,NA,0.5601626298018769,NA,1.6721337186200178
3326,NA,1.6724437707968876,1.672271880007231,NA,0.5601626298018769,NA,1.6724437707968876
3327,NA,1.6727538229737575,1.6725795419597704,NA,0.5601626298018769,NA,1.6727538229737575
3328,NA,1.6730638751506273,1.6728871661002112,NA,0.5601626298018769,NA,1.6730638751506273
3329,NA,1.673373927327497,1.673194752233591,NA,0.5601626298018769,NA,1.673373927327497
3330,NA,1.6736839795043668,1.6735023001649492,NA,0.5601626298018769,NA,1.6736839795043668
3331,NA,1.6739940316812365,1.6738098096993248,NA,0.5601626298018769,NA,1.6739940316812365
3332,NA,1.6743040838581063,1.674117280641757,NA,0.5601626298018769,NA,1.6743040838581063
3333,NA,1.674614136034976,1.6744247127972842,NA,0.5601626298018769,NA,1.674614136034976
3334,NA,1.6749241882118457,1.674732105970946,NA,0.5601626298018769,NA,1.6749241882118457
3335,NA,1.6752342403887157,1.6750394599677814,NA,0.5601626298018769,NA,1.6752342403887157
3336,NA,1.6755442925655855,1.675346774592829,NA,0.5601626298018769,NA,1.6755442925655855
3337,NA,1.6758543447424552,1.6756540496511285,NA,0.5601626298018769,NA,1.6758543447424552
3338,NA,1.676164396919325,1.6759612849477181,NA,0.5601626298018769,NA,1.676164396919325
3339,NA,1.6764744490961947,1.6762684802876373,NA,0.5601626298018769,NA,1.6764744490961947
3340,NA,1.6767845012730644,1.6765756354759251,NA,0.5601626298018769,NA,1.6767845012730644
3341,NA,1.6770945534499342,1.6768827503176202,NA,0.5601626298018769,NA,1.6770945534499342
3342,NA,1.6774046056268042,1.677189824617762,NA,0.5601626298018769,NA,1.6774046056268042
3343,NA,1.677714657803674,1.6774968581813892,NA,0.5601626298018769,NA,1.677714657803674
3344,NA,1.6780247099805436,1.6778038508135409,NA,0.5601626298018769,NA,1.6780247099805436
3345,NA,1.6783347621574134,1.6781108023192564,NA,0.5601626298018769,NA,1.6783347621574134
3346,NA,1.6786448143342831,1.6784177125035742,NA,0.5601626298018769,NA,1.6786448143342831
3347,NA,1.6789548665111529,1.6787245811715334,NA,0.5601626298018769,NA,1.6789548665111529
3348,NA,1.6792649186880226,1.6790314081281732,NA,0.5601626298018769,NA,1.6792649186880226
3349,NA,1.6795749708648924,1.6793381931785327,NA,0.5601626298018769,NA,1.6795749708648924
3350,NA,1.6798850230417623,1.6796449361276509,NA,0.5601626298018769,NA,1.6798850230417623
3351,NA,1.680195075218632,1.6799516367805665,NA,0.5601626298018769,NA,1.680195075218632
3352,NA,1.6805051273955018,1.6802582949423186,NA,0.5601626298018769,NA,1.6805051273955018
3353,NA,1.6808151795723716,1.6805649104179465,NA,0.5601626298018769,NA,1.6808151795723716
3354,NA,1.6811252317492413,1.680871483012489,NA,0.5601626298018769,NA,1.6811252317492413
3355,NA,1.681435283926111,1.6811780125309852,NA,0.5601626298018769,NA,1.681435283926111
3356,NA,1.6817453361029808,1.6814844987784736,NA,0.5601626298018769,NA,1.6817453361029808
3357,NA,1.6820553882798506,1.681790941559994,NA,0.5601626298018769,NA,1.6820553882798506
3358,NA,1.6823654404567205,1.682097340680585,NA,0.5601626298018769,NA,1.6823654404567205
3359,NA,1.6826754926335903,1.6824036959452855,NA,0.5601626298018769,NA,1.6826754926335903
3360,NA,1.68298554481046,1.682710007159135,NA,0.5601626298018769,NA,1.68298554481046
3361,NA,1.6832955969873298,1.683016274127172,NA,0.5601626298018769,NA,1.6832955969873298
3362,NA,1.6836056491641995,1.6833224966544356,NA,0.5601626298018769,NA,1.6836056491641995
3363,NA,1.6839157013410693,1.683628674545965,NA,0.5601626298018769,NA,1.6839157013410693
3364,NA,1.684225753517939,1.683934807606799,NA,0.5601626298018769,NA,1.684225753517939
3365,NA,1.684535805694809,1.684240895641977,NA,0.5601626298018769,NA,1.684535805694809
3366,NA,1.6848458578716787,1.6845469384565372,NA,0.5601626298018769,NA,1.6848458578716787
3367,NA,1.6851559100485485,1.6848529358555195,NA,0.5601626298018769,NA,1.6851559100485485
3368,NA,1.6854659622254182,1.6851588876439625,NA,0.5601626298018769,NA,1.6854659622254182
3369,NA,1.685776014402288,1.685464793626905,NA,0.5601626298018769,NA,1.685776014402288
3370,NA,1.6860860665791577,1.6857706536093864,NA,0.5601626298018769,NA,1.6860860665791577
3371,NA,1.6863961187560275,1.6860764673964457,NA,0.5601626298018769,NA,1.6863961187560275
3372,NA,1.6867061709328972,1.6863822347931219,NA,0.5601626298018769,NA,1.6867061709328972
3373,NA,1.6870162231097672,1.6866879556044536,NA,0.5601626298018769,NA,1.6870162231097672
3374,NA,1.687326275286637,1.6869936296354797,NA,0.5601626298018769,NA,1.687326275286637
3375,NA,1.6876363274635067,1.6872992566912404,NA,0.5601626298018769,NA,1.6876363274635067
3376,1.6879463796403764,1.6879463796403764,1.6876048365767735,NA,0.5601626298018769,NA,1.6879463796403764
3377,NA,1.6882481135253573,1.6879103822931052,NA,0.5601626298018769,NA,1.6882481135253573
3378,NA,1.6885498474103382,1.6882159068258369,NA,0.5601626298018769,NA,1.6885498474103382
3379,NA,1.688851581295319,1.6885214099568722,NA,0.5601626298018769,NA,1.688851581295319
3380,NA,1.6891533151802998,1.6888268914681137,NA,0.5601626298018769,NA,1.6891533151802998
3381,NA,1.6894550490652807,1.6891323511414646,NA,0.5601626298018769,NA,1.6894550490652807
3382,NA,1.6897567829502615,1.6894377887588283,NA,0.5601626298018769,NA,1.6897567829502615
3383,NA,1.6900585168352424,1.6897432041021072,NA,0.5601626298018769,NA,1.6900585168352424
3384,NA,1.6903602507202233,1.690048596953205,NA,0.5601626298018769,NA,1.6903602507202233
3385,NA,1.6906619846052042,1.6903539670940244,NA,0.5601626298018769,NA,1.6906619846052042
3386,NA,1.6909637184901851,1.6906593143064688,NA,0.5601626298018769,NA,1.6909637184901851
3387,NA,1.6912654523751658,1.6909646383724408,NA,0.5601626298018769,NA,1.6912654523751658
3388,NA,1.6915671862601467,1.691269939073844,NA,0.5601626298018769,NA,1.6915671862601467
3389,NA,1.6918689201451276,1.691575216192581,NA,0.5601626298018769,NA,1.6918689201451276
3390,NA,1.6921706540301085,1.6918804695105552,NA,0.5601626298018769,NA,1.6921706540301085
3391,NA,1.6924723879150894,1.692185698809669,NA,0.5601626298018769,NA,1.6924723879150894
3392,NA,1.6927741218000703,1.6924909038718265,NA,0.5601626298018769,NA,1.6927741218000703
3393,NA,1.6930758556850511,1.6927960844789305,NA,0.5601626298018769,NA,1.6930758556850511
3394,NA,1.6933775895700318,1.6931012404128833,NA,0.5601626298018769,NA,1.6933775895700318
3395,NA,1.6936793234550127,1.693406371455589,NA,0.5601626298018769,NA,1.6936793234550127
3396,NA,1.6939810573399936,1.6937114773889503,NA,0.5601626298018769,NA,1.6939810573399936
3397,NA,1.6942827912249745,1.6940165579948698,NA,0.5601626298018769,NA,1.6942827912249745
3398,NA,1.6945845251099554,1.694321613055251,NA,0.5601626298018769,NA,1.6945845251099554
3399,NA,1.6948862589949363,1.6946266423519971,NA,0.5601626298018769,NA,1.6948862589949363
3400,NA,1.6951879928799172,1.6949316456670105,NA,0.5601626298018769,NA,1.6951879928799172
3401,NA,1.6954897267648978,1.6952366227821953,NA,0.5601626298018769,NA,1.6954897267648978
3402,NA,1.6957914606498787,1.695541573479454,NA,0.5601626298018769,NA,1.6957914606498787
3403,NA,1.6960931945348596,1.6958464975406895,NA,0.5601626298018769,NA,1.6960931945348596
3404,NA,1.6963949284198405,1.696151394747805,NA,0.5601626298018769,NA,1.6963949284198405
3405,NA,1.6966966623048214,1.6964562648827035,NA,0.5601626298018769,NA,1.6966966623048214
3406,NA,1.6969983961898023,1.6967611077272888,NA,0.5601626298018769,NA,1.6969983961898023
3407,NA,1.6973001300747832,1.697065923063463,NA,0.5601626298018769,NA,1.6973001300747832
3408,NA,1.6976018639597639,1.6973707106731293,NA,0.5601626298018769,NA,1.6976018639597639
3409,NA,1.6979035978447448,1.6976754703381913,NA,0.5601626298018769,NA,1.6979035978447448
3410,NA,1.6982053317297257,1.6979802018405519,NA,0.5601626298018769,NA,1.6982053317297257
3411,NA,1.6985070656147065,1.6982849049621138,NA,0.5601626298018769,NA,1.6985070656147065
3412,NA,1.6988087994996874,1.6985895794847807,NA,0.5601626298018769,NA,1.6988087994996874
3413,NA,1.6991105333846683,1.6988942251904546,NA,0.5601626298018769,NA,1.6991105333846683
3414,NA,1.6994122672696492,1.6991988418610398,NA,0.5601626298018769,NA,1.6994122672696492
3415,NA,1.69971400115463,1.699503429278439,NA,0.5601626298018769,NA,1.69971400115463
3416,NA,1.7000157350396108,1.6998079872245548,NA,0.5601626298018769,NA,1.7000157350396108
3417,NA,1.7003174689245917,1.7001125154812908,NA,0.5601626298018769,NA,1.7003174689245917
3418,NA,1.7006192028095726,1.7004170138305494,NA,0.5601626298018769,NA,1.7006192028095726
3419,NA,1.7009209366945535,1.7007214820542345,NA,0.5601626298018769,NA,1.7009209366945535
3420,NA,1.7012226705795344,1.7010259199342488,NA,0.5601626298018769,NA,1.7012226705795344
3421,NA,1.7015244044645152,1.7013303272524956,NA,0.5601626298018769,NA,1.7015244044645152
3422,NA,1.701826138349496,1.7016347037908772,NA,0.5601626298018769,NA,1.701826138349496
3423,NA,1.7021278722344768,1.7019390493312974,NA,0.5601626298018769,NA,1.7021278722344768
3424,NA,1.7024296061194577,1.702243363655659,NA,0.5601626298018769,NA,1.7024296061194577
3425,NA,1.7027313400044386,1.7025476465458655,NA,0.5601626298018769,NA,1.7027313400044386
3426,NA,1.7030330738894195,1.7028518977838192,NA,0.5601626298018769,NA,1.7030330738894195
3427,NA,1.7033348077744004,1.7031561171514238,NA,0.5601626298018769,NA,1.7033348077744004
3428,NA,1.7036365416593813,1.7034603044305818,NA,0.5601626298018769,NA,1.7036365416593813
3429,NA,1.7039382755443622,1.7037644594031975,NA,0.5601626298018769,NA,1.7039382755443622
3430,NA,1.7042400094293428,1.7040685818511725,NA,0.5601626298018769,NA,1.7042400094293428
3431,NA,1.7045417433143237,1.70437267155641,NA,0.5601626298018769,NA,1.7045417433143237
3432,NA,1.7048434771993046,1.7046767283008144,NA,0.5601626298018769,NA,1.7048434771993046
3433,NA,1.7051452110842855,1.7049807518662874,NA,0.5601626298018769,NA,1.7051452110842855
3434,NA,1.7054469449692664,1.705284742034733,NA,0.5601626298018769,NA,1.7054469449692664
3435,NA,1.7057486788542473,1.7055886985880535,NA,0.5601626298018769,NA,1.7057486788542473
3436,NA,1.7060504127392282,1.7058926213081527,NA,0.5601626298018769,NA,1.7060504127392282
3437,NA,1.7063521466242089,1.706196509976933,NA,0.5601626298018769,NA,1.7063521466242089
3438,NA,1.7066538805091898,1.7065003643762977,NA,0.5601626298018769,NA,1.7066538805091898
3439,NA,1.7069556143941707,1.7068041842881498,NA,0.5601626298018769,NA,1.7069556143941707
3440,NA,1.7072573482791515,1.707107969494393,NA,0.5601626298018769,NA,1.7072573482791515
3441,NA,1.7075590821641324,1.7074117197769296,NA,0.5601626298018769,NA,1.7075590821641324
3442,NA,1.7078608160491133,1.707715434917663,NA,0.5601626298018769,NA,1.7078608160491133
3443,NA,1.7081625499340942,1.708019114698496,NA,0.5601626298018769,NA,1.7081625499340942
3444,NA,1.708464283819075,1.7083227589013321,NA,0.5601626298018769,NA,1.708464283819075
3445,NA,1.7087660177040558,1.7086263673080742,NA,0.5601626298018769,NA,1.7087660177040558
3446,NA,1.7090677515890367,1.7089299397006255,NA,0.5601626298018769,NA,1.7090677515890367
3447,NA,1.7093694854740176,1.7092334758608887,NA,0.5601626298018769,NA,1.7093694854740176
3448,NA,1.7096712193589985,1.709536975570767,NA,0.5601626298018769,NA,1.7096712193589985
3449,NA,1.7099729532439794,1.7098404386121635,NA,0.5601626298018769,NA,1.7099729532439794
3450,NA,1.7102746871289602,1.710143864766981,NA,0.5601626298018769,NA,1.7102746871289602
3451,NA,1.710576421013941,1.7104472538171238,NA,0.5601626298018769,NA,1.710576421013941
3452,NA,1.7108781548989218,1.7107506055444932,NA,0.5601626298018769,NA,1.7108781548989218
3453,NA,1.7111798887839027,1.7110539197309937,NA,0.5601626298018769,NA,1.7111798887839027
3454,NA,1.7114816226688836,1.7113571961585277,NA,0.5601626298018769,NA,1.7114816226688836
3455,NA,1.7117833565538645,1.7116604346089983,NA,0.5601626298018769,NA,1.7117833565538645
3456,NA,1.7120850904388454,1.7119636348643084,NA,0.5601626298018769,NA,1.7120850904388454
3457,NA,1.7123868243238263,1.7122667967063614,NA,0.5601626298018769,NA,1.7123868243238263
3458,NA,1.712688558208807,1.7125699199170605,NA,0.5601626298018769,NA,1.712688558208807
3459,NA,1.7129902920937878,1.7128730042783082,NA,0.5601626298018769,NA,1.7129902920937878
3460,NA,1.7132920259787687,1.713176049572008,NA,0.5601626298018769,NA,1.7132920259787687
3461,NA,1.7135937598637496,1.713479055580063,NA,0.5601626298018769,NA,1.7135937598637496
3462,NA,1.7138954937487305,1.7137820220843765,NA,0.5601626298018769,NA,1.7138954937487305
3463,NA,1.7141972276337114,1.7140849488668506,NA,0.5601626298018769,NA,1.7141972276337114
3464,NA,1.7144989615186923,1.7143878357093894,NA,0.5601626298018769,NA,1.7144989615186923
3465,NA,1.714800695403673,1.7146906823938952,NA,0.5601626298018769,NA,1.714800695403673
3466,NA,1.7151024292886539,1.714993488702272,NA,0.5601626298018769,NA,1.7151024292886539
3467,NA,1.7154041631736348,1.715296254416422,NA,0.5601626298018769,NA,1.7154041631736348
3468,1.7157058970586156,1.7157058970586156,1.7155989793182487,NA,0.5601626298018769,NA,1.7157058970586156
3469,NA,1.7160062698766099,1.715901667450309,NA,0.5601626298018769,NA,1.7160062698766099
3470,NA,1.7163066426946043,1.7162043230015325,NA,0.5601626298018769,NA,1.7163066426946043
3471,NA,1.7166070155125985,1.7165069459733813,NA,0.5601626298018769,NA,1.7166070155125985
3472,NA,1.716907388330593,1.7168095363673175,NA,0.5601626298018769,NA,1.716907388330593
3473,NA,1.7172077611485872,1.717112094184804,NA,0.5601626298018769,NA,1.7172077611485872
3474,NA,1.7175081339665814,1.7174146194273014,NA,0.5601626298018769,NA,1.7175081339665814
3475,NA,1.7178085067845759,1.7177171120962729,NA,0.5601626298018769,NA,1.7178085067845759
3476,NA,1.71810887960257,1.7180195721931804,NA,0.5601626298018769,NA,1.71810887960257
3477,NA,1.7184092524205643,1.7183219997194856,NA,0.5601626298018769,NA,1.7184092524205643
3478,NA,1.7187096252385587,1.7186243946766513,NA,0.5601626298018769,NA,1.7187096252385587
3479,NA,1.719009998056553,1.7189267570661386,NA,0.5601626298018769,NA,1.719009998056553
3480,NA,1.7193103708745474,1.7192290868894107,NA,0.5601626298018769,NA,1.7193103708745474
3481,NA,1.7196107436925416,1.7195313841479292,NA,0.5601626298018769,NA,1.7196107436925416
3482,NA,1.7199111165105359,1.7198336488431558,NA,0.5601626298018769,NA,1.7199111165105359
3483,NA,1.7202114893285303,1.720135880976553,NA,0.5601626298018769,NA,1.7202114893285303
3484,NA,1.7205118621465245,1.720438080549583,NA,0.5601626298018769,NA,1.7205118621465245
3485,NA,1.720812234964519,1.7207402475637077,NA,0.5601626298018769,NA,1.720812234964519
3486,NA,1.7211126077825132,1.7210423820203893,NA,0.5601626298018769,NA,1.7211126077825132
3487,NA,1.7214129806005074,1.7213444839210899,NA,0.5601626298018769,NA,1.7214129806005074
3488,NA,1.7217133534185018,1.7216465532672716,NA,0.5601626298018769,NA,1.7217133534185018
3489,NA,1.722013726236496,1.7219485900603964,NA,0.5601626298018769,NA,1.722013726236496
3490,NA,1.7223140990544903,1.7222505943019264,NA,0.5601626298018769,NA,1.7223140990544903
3491,NA,1.7226144718724847,1.7225525659933234,NA,0.5601626298018769,NA,1.7226144718724847
3492,NA,1.722914844690479,1.7228545051360502,NA,0.5601626298018769,NA,1.722914844690479
3493,NA,1.7232152175084734,1.7231564117315685,NA,0.5601626298018769,NA,1.7232152175084734
3494,NA,1.7235155903264676,1.7234582857813403,NA,0.5601626298018769,NA,1.7235155903264676
3495,NA,1.7238159631444618,1.723760127286828,NA,0.5601626298018769,NA,1.7238159631444618
3496,NA,1.7241163359624563,1.7240619362494938,NA,0.5601626298018769,NA,1.7241163359624563
3497,NA,1.7244167087804505,1.7243637126707991,NA,0.5601626298018769,NA,1.7244167087804505
3498,NA,1.724717081598445,1.7246654565522064,NA,0.5601626298018769,NA,1.724717081598445
3499,NA,1.7250174544164392,1.7249671678951781,NA,0.5601626298018769,NA,1.7250174544164392
3500,NA,1.7253178272344334,1.7252688467011759,NA,0.5601626298018769,NA,1.7253178272344334
3501,NA,1.7256182000524278,1.725570492971662,NA,0.5601626298018769,NA,1.7256182000524278
3502,NA,1.725918572870422,1.7258721067080984,NA,0.5601626298018769,NA,1.725918572870422
3503,NA,1.7262189456884163,1.7261736879119471,NA,0.5601626298018769,NA,1.7262189456884163
3504,NA,1.7265193185064107,1.7264752365846712,NA,0.5601626298018769,NA,1.7265193185064107
3505,NA,1.726819691324405,1.7267767527277311,NA,0.5601626298018769,NA,1.726819691324405
3506,NA,1.7271200641423994,1.72707823634259,NA,0.5601626298018769,NA,1.7271200641423994
3507,NA,1.7274204369603936,1.7273796874307104,NA,0.5601626298018769,NA,1.7274204369603936
3508,NA,1.7277208097783878,1.727681105993553,NA,0.5601626298018769,NA,1.7277208097783878
3509,NA,1.7280211825963823,1.7279824920325813,NA,0.5601626298018769,NA,1.7280211825963823
3510,NA,1.7283215554143765,1.7282838455492566,NA,0.5601626298018769,NA,1.7283215554143765
3511,NA,1.728621928232371,1.7285851665450411,NA,0.5601626298018769,NA,1.728621928232371
3512,NA,1.7289223010503652,1.728886455021397,NA,0.5601626298018769,NA,1.7289223010503652
3513,NA,1.7292226738683594,1.7291877109797862,NA,0.5601626298018769,NA,1.7292226738683594
3514,NA,1.7295230466863538,1.7294889344216715,NA,0.5601626298018769,NA,1.7295230466863538
3515,NA,1.729823419504348,1.729790125348514,NA,0.5601626298018769,NA,1.729823419504348
3516,NA,1.7301237923223423,1.7300912837617766,NA,0.5601626298018769,NA,1.7301237923223423
3517,NA,1.7304241651403367,1.7303924096629208,NA,0.5601626298018769,NA,1.7304241651403367
3518,NA,1.730724537958331,1.730693503053409,NA,0.5601626298018769,NA,1.730724537958331
3519,NA,1.7310249107763254,1.730994563934703,NA,0.5601626298018769,NA,1.7310249107763254
3520,NA,1.7313252835943196,1.7312955923082654,NA,0.5601626298018769,NA,1.7313252835943196
3521,NA,1.7316256564123138,1.7315965881755582,NA,0.5601626298018769,NA,1.7316256564123138
3522,NA,1.7319260292303083,1.731897551538043,NA,0.5601626298018769,NA,1.7319260292303083
3523,NA,1.7322264020483025,1.732198482397183,NA,0.5601626298018769,NA,1.7322264020483025
3524,NA,1.732526774866297,1.7324993807544389,NA,0.5601626298018769,NA,1.732526774866297
3525,NA,1.7328271476842911,1.7328002466112733,NA,0.5601626298018769,NA,1.7328271476842911
3526,NA,1.7331275205022854,1.7331010799691486,NA,0.5601626298018769,NA,1.7331275205022854
3527,NA,1.7334278933202798,1.7334018808295268,NA,0.5601626298018769,NA,1.7334278933202798
3528,NA,1.733728266138274,1.7337026491938703,NA,0.5601626298018769,NA,1.733728266138274
3529,NA,1.7340286389562682,1.7340033850636405,NA,0.5601626298018769,NA,1.7340286389562682
3530,NA,1.7343290117742627,1.7343040884402998,NA,0.5601626298018769,NA,1.7343290117742627
3531,NA,1.734629384592257,1.7346047593253102,NA,0.5601626298018769,NA,1.734629384592257
3532,NA,1.7349297574102513,1.7349053977201339,NA,0.5601626298018769,NA,1.7349297574102513
3533,NA,1.7352301302282456,1.7352060036262333,NA,0.5601626298018769,NA,1.7352301302282456
3534,NA,1.7355305030462398,1.7355065770450702,NA,0.5601626298018769,NA,1.7355305030462398
3535,NA,1.7358308758642342,1.7358071179781067,NA,0.5601626298018769,NA,1.7358308758642342
3536,NA,1.7361312486822285,1.7361076264268047,NA,0.5601626298018769,NA,1.7361312486822285
3537,NA,1.736431621500223,1.7364081023926266,NA,0.5601626298018769,NA,1.736431621500223
3538,NA,1.7367319943182171,1.7367085458770344,NA,0.5601626298018769,NA,1.7367319943182171
3539,NA,1.7370323671362113,1.73700895688149,NA,0.5601626298018769,NA,1.7370323671362113
3540,NA,1.7373327399542058,1.7373093354074562,NA,0.5601626298018769,NA,1.7373327399542058
3541,NA,1.7376331127722,1.7376096814563944,NA,0.5601626298018769,NA,1.7376331127722
3542,NA,1.7379334855901942,1.7379099950297667,NA,0.5601626298018769,NA,1.7379334855901942
3543,NA,1.7382338584081887,1.7382102761290352,NA,0.5601626298018769,NA,1.7382338584081887
3544,NA,1.738534231226183,1.7385105247556625,NA,0.5601626298018769,NA,1.738534231226183
3545,NA,1.7388346040441773,1.7388107409111102,NA,0.5601626298018769,NA,1.7388346040441773
3546,NA,1.7391349768621716,1.7391109245968408,NA,0.5601626298018769,NA,1.7391349768621716
3547,NA,1.7394353496801658,1.7394110758143162,NA,0.5601626298018769,NA,1.7394353496801658
3548,NA,1.7397357224981602,1.7397111945649988,NA,0.5601626298018769,NA,1.7397357224981602
3549,NA,1.7400360953161544,1.7400112808503494,NA,0.5601626298018769,NA,1.7400360953161544
3550,NA,1.7403364681341489,1.7403113346718317,NA,0.5601626298018769,NA,1.7403364681341489
3551,NA,1.740636840952143,1.7406113560309069,NA,0.5601626298018769,NA,1.740636840952143
3552,NA,1.7409372137701373,1.7409113449290377,NA,0.5601626298018769,NA,1.7409372137701373
3553,NA,1.7412375865881318,1.7412113013676853,NA,0.5601626298018769,NA,1.7412375865881318
3554,NA,1.741537959406126,1.7415112253483132,NA,0.5601626298018769,NA,1.741537959406126
3555,NA,1.7418383322241202,1.741811116872382,NA,0.5601626298018769,NA,1.7418383322241202
3556,NA,1.7421387050421147,1.7421109759413544,NA,0.5601626298018769,NA,1.7421387050421147
3557,NA,1.7424390778601089,1.7424108025566927,NA,0.5601626298018769,NA,1.7424390778601089
3558,NA,1.7427394506781033,1.7427105967198588,NA,0.5601626298018769,NA,1.7427394506781033
3559,1.7430398234960975,1.7430398234960975,1.7430103584323153,NA,0.5601626298018769,NA,1.7430398234960975
3560,NA,1.7433361453045646,1.7433100876955236,NA,0.5601626298018769,NA,1.7433361453045646
3561,NA,1.7436324671130317,1.7436097845109457,NA,0.5601626298018769,NA,1.7436324671130317
3562,NA,1.743928788921499,1.7439094488800442,NA,0.5601626298018769,NA,1.743928788921499
3563,NA,1.744225110729966,1.744209080804281,NA,0.5601626298018769,NA,1.744225110729966
3564,NA,1.744521432538433,1.7445086802851182,NA,0.5601626298018769,NA,1.744521432538433
3565,NA,1.7448177543469001,1.744808247324018,NA,0.5601626298018769,NA,1.7448177543469001
3566,NA,1.7451140761553672,1.7451077819224428,NA,0.5601626298018769,NA,1.7451140761553672
3567,NA,1.7454103979638342,1.7454072840818542,NA,0.5601626298018769,NA,1.7454103979638342
3568,NA,1.7457067197723015,1.7457067538037139,NA,0.5601626298018769,NA,1.7457067197723015
3569,NA,1.7460030415807686,1.7460061910894846,NA,0.5601626298018769,NA,1.7460030415807686
3570,NA,1.7462993633892356,1.7463055959406286,NA,0.5601626298018769,NA,1.7462993633892356
3571,NA,1.7465956851977027,1.7466049683586073,NA,0.5601626298018769,NA,1.7465956851977027
3572,NA,1.7468920070061698,1.7469043083448839,NA,0.5601626298018769,NA,1.7468920070061698
3573,NA,1.747188328814637,1.7472036159009192,NA,0.5601626298018769,NA,1.747188328814637
3574,NA,1.747484650623104,1.747502891028176,NA,0.5601626298018769,NA,1.747484650623104
3575,NA,1.7477809724315712,1.7478021337281162,NA,0.5601626298018769,NA,1.7477809724315712
3576,NA,1.7480772942400382,1.7481013440022024,NA,0.5601626298018769,NA,1.7480772942400382
3577,NA,1.7483736160485053,1.7484005218518963,NA,0.5601626298018769,NA,1.7483736160485053
3578,NA,1.7486699378569726,1.7486996672786592,NA,0.5601626298018769,NA,1.7486699378569726
3579,NA,1.7489662596654396,1.7489987802839546,NA,0.5601626298018769,NA,1.7489662596654396
3580,NA,1.7492625814739067,1.7492978608692442,NA,0.5601626298018769,NA,1.7492625814739067
3581,NA,1.7495589032823737,1.7495969090359893,NA,0.5601626298018769,NA,1.7495589032823737
3582,NA,1.7498552250908408,1.7498959247856527,NA,0.5601626298018769,NA,1.7498552250908408
3583,NA,1.7501515468993079,1.7501949081196966,NA,0.5601626298018769,NA,1.7501515468993079
3584,NA,1.7504478687077751,1.7504938590395824,NA,0.5601626298018769,NA,1.7504478687077751
3585,NA,1.7507441905162422,1.750792777546773,NA,0.5601626298018769,NA,1.7507441905162422
3586,NA,1.7510405123247093,1.7510916636427303,NA,0.5601626298018769,NA,1.7510405123247093
3587,NA,1.7513368341331763,1.751390517328916,NA,0.5601626298018769,NA,1.7513368341331763
3588,NA,1.7516331559416434,1.7516893386067927,NA,0.5601626298018769,NA,1.7516331559416434
3589,NA,1.7519294777501107,1.751988127477822,NA,0.5601626298018769,NA,1.7519294777501107
3590,NA,1.7522257995585777,1.7522868839434667,NA,0.5601626298018769,NA,1.7522257995585777
3591,NA,1.7525221213670448,1.7525856080051878,NA,0.5601626298018769,NA,1.7525221213670448
3592,NA,1.7528184431755118,1.7528842996644485,NA,0.5601626298018769,NA,1.7528184431755118
3593,NA,1.753114764983979,1.7531829589227101,NA,0.5601626298018769,NA,1.753114764983979
3594,NA,1.7534110867924462,1.7534815857814352,NA,0.5601626298018769,NA,1.7534110867924462
3595,NA,1.7537074086009132,1.7537801802420856,NA,0.5601626298018769,NA,1.7537074086009132
3596,NA,1.7540037304093803,1.7540787423061242,NA,0.5601626298018769,NA,1.7540037304093803
3597,NA,1.7543000522178473,1.7543772719750117,NA,0.5601626298018769,NA,1.7543000522178473
3598,NA,1.7545963740263144,1.7546757692502108,NA,0.5601626298018769,NA,1.7545963740263144
3599,NA,1.7548926958347815,1.7549742341331844,NA,0.5601626298018769,NA,1.7548926958347815
3600,NA,1.7551890176432488,1.7552726666253933,NA,0.5601626298018769,NA,1.7551890176432488
3601,NA,1.7554853394517158,1.7555710667283004,NA,0.5601626298018769,NA,1.7554853394517158
3602,NA,1.7557816612601829,1.7558694344433678,NA,0.5601626298018769,NA,1.7557816612601829
3603,NA,1.75607798306865,1.7561677697720575,NA,0.5601626298018769,NA,1.75607798306865
3604,NA,1.756374304877117,1.7564660727158312,NA,0.5601626298018769,NA,1.756374304877117
3605,NA,1.7566706266855843,1.756764343276151,NA,0.5601626298018769,NA,1.7566706266855843
3606,NA,1.7569669484940513,1.75706258145448,NA,0.5601626298018769,NA,1.7569669484940513
3607,NA,1.7572632703025184,1.7573607872522792,NA,0.5601626298018769,NA,1.7572632703025184
3608,NA,1.7575595921109854,1.7576589606710114,NA,0.5601626298018769,NA,1.7575595921109854
3609,NA,1.7578559139194525,1.757957101712138,NA,0.5601626298018769,NA,1.7578559139194525
3610,NA,1.7581522357279198,1.7582552103771218,NA,0.5601626298018769,NA,1.7581522357279198
3611,NA,1.7584485575363868,1.7585532866674245,NA,0.5601626298018769,NA,1.7584485575363868
3612,NA,1.758744879344854,1.758851330584508,NA,0.5601626298018769,NA,1.758744879344854
3613,NA,1.759041201153321,1.7591493421298348,NA,0.5601626298018769,NA,1.759041201153321
3614,NA,1.759337522961788,1.759447321304867,NA,0.5601626298018769,NA,1.759337522961788
3615,NA,1.759633844770255,1.7597452681110668,NA,0.5601626298018769,NA,1.759633844770255
3616,NA,1.7599301665787224,1.760043182549896,NA,0.5601626298018769,NA,1.7599301665787224
3617,NA,1.7602264883871894,1.7603410646228161,NA,0.5601626298018769,NA,1.7602264883871894
3618,NA,1.7605228101956565,1.7606389143312902,NA,0.5601626298018769,NA,1.7605228101956565
3619,NA,1.7608191320041235,1.7609367316767806,NA,0.5601626298018769,NA,1.7608191320041235
3620,NA,1.7611154538125906,1.7612345166607482,NA,0.5601626298018769,NA,1.7611154538125906
3621,NA,1.7614117756210579,1.7615322692846558,NA,0.5601626298018769,NA,1.7614117756210579
3622,NA,1.761708097429525,1.7618299895499656,NA,0.5601626298018769,NA,1.761708097429525
3623,NA,1.762004419237992,1.7621276774581396,NA,0.5601626298018769,NA,1.762004419237992
3624,NA,1.762300741046459,1.76242533301064,NA,0.5601626298018769,NA,1.762300741046459
3625,NA,1.7625970628549261,1.7627229562089284,NA,0.5601626298018769,NA,1.7625970628549261
3626,NA,1.7628933846633934,1.7630205470544675,NA,0.5601626298018769,NA,1.7628933846633934
3627,NA,1.7631897064718605,1.7633181055487193,NA,0.5601626298018769,NA,1.7631897064718605
3628,NA,1.7634860282803275,1.7636156316931453,NA,0.5601626298018769,NA,1.7634860282803275
3629,NA,1.7637823500887946,1.7639131254892082,NA,0.5601626298018769,NA,1.7637823500887946
3630,NA,1.7640786718972616,1.7642105869383702,NA,0.5601626298018769,NA,1.7640786718972616
3631,NA,1.7643749937057287,1.7645080160420925,NA,0.5601626298018769,NA,1.7643749937057287
3632,NA,1.764671315514196,1.7648054128018382,NA,0.5601626298018769,NA,1.764671315514196
3633,NA,1.764967637322663,1.765102777219069,NA,0.5601626298018769,NA,1.764967637322663
3634,NA,1.76526395913113,1.765400109295247,NA,0.5601626298018769,NA,1.76526395913113
3635,NA,1.7655602809395972,1.7656974090318347,NA,0.5601626298018769,NA,1.7655602809395972
3636,NA,1.7658566027480642,1.7659946764302932,NA,0.5601626298018769,NA,1.7658566027480642
3637,NA,1.7661529245565315,1.7662919114920856,NA,0.5601626298018769,NA,1.7661529245565315
3638,NA,1.7664492463649986,1.7665891142186734,NA,0.5601626298018769,NA,1.7664492463649986
3639,NA,1.7667455681734656,1.766886284611519,NA,0.5601626298018769,NA,1.7667455681734656
3640,NA,1.7670418899819327,1.7671834226720844,NA,0.5601626298018769,NA,1.7670418899819327
3641,NA,1.7673382117903997,1.7674805284018316,NA,0.5601626298018769,NA,1.7673382117903997
3642,NA,1.767634533598867,1.7677776018022227,NA,0.5601626298018769,NA,1.767634533598867
3643,NA,1.767930855407334,1.7680746428747198,NA,0.5601626298018769,NA,1.767930855407334
3644,NA,1.7682271772158011,1.7683716516207857,NA,0.5601626298018769,NA,1.7682271772158011
3645,NA,1.7685234990242682,1.7686686280418813,NA,0.5601626298018769,NA,1.7685234990242682
3646,NA,1.7688198208327353,1.7689655721394695,NA,0.5601626298018769,NA,1.7688198208327353
3647,NA,1.7691161426412023,1.7692624839150124,NA,0.5601626298018769,NA,1.7691161426412023
3648,NA,1.7694124644496696,1.769559363369971,NA,0.5601626298018769,NA,1.7694124644496696
3649,NA,1.7697087862581367,1.7698562105058095,NA,0.5601626298018769,NA,1.7697087862581367
3650,1.7700051080666037,1.7700051080666037,1.7701530253239879,NA,0.5601626298018769,NA,1.7700051080666037
