"meeting_date","scrape_date","move","diff_bps","bucket_rate","probability"
2025-11-04,2024-06-03,"0.10%",-300,0.1,0
2025-11-04,2024-06-03,"0.35%",-300,0.35,0
2025-11-04,2024-06-03,"0.60%",-300,0.6,0
2025-11-04,2024-06-03,"0.85%",-275,0.85,0
2025-11-04,2024-06-03,"1.10%",-250,1.1,0
2025-11-04,2024-06-03,"1.35%",-225,1.35,0
2025-11-04,2024-06-03,"1.60%",-200,1.6,0
2025-11-04,2024-06-03,"1.85%",-175,1.85,0
2025-11-04,2024-06-03,"2.10%",-150,2.1,0
2025-11-04,2024-06-03,"2.35%",-125,2.35,0
2025-11-04,2024-06-03,"2.60%",-100,2.6,0.0116268428462632
2025-11-04,2024-06-03,"2.85%",-75,2.85,0.0277108092720555
2025-11-04,2024-06-03,"3.10%",-50,3.1,0.0556756153033903
2025-11-04,2024-06-03,"3.35%",-25,3.35,0.0943021984406441
2025-11-04,2024-06-03,"3.60%",0,3.6,0.134657093702726
2025-11-04,2024-06-03,"3.85%",25,3.85,0.162104058378701
2025-11-04,2024-06-03,"4.10%",50,4.1,0.164520202437402
2025-11-04,2024-06-03,"4.35%",75,4.35,0.140768523759468
2025-11-04,2024-06-03,"4.60%",100,4.6,0.101542987366904
2025-11-04,2024-06-03,"4.85%",125,4.85,0.0617513290946038
2025-11-04,2024-06-03,"5.10%",150,5.1,0.0316581508944202
2025-11-04,2024-06-03,"5.35%",175,5.35,0.0136821885034213
2025-11-04,2024-06-03,"5.60%",200,5.6,0
2025-11-04,2024-06-03,"5.85%",225,5.85,0
2025-11-04,2024-06-03,"6.10%",250,6.1,0
2025-11-04,2024-06-04,"0.10%",-300,0.1,0
2025-11-04,2024-06-04,"0.35%",-300,0.35,0
2025-11-04,2024-06-04,"0.60%",-300,0.6,0
2025-11-04,2024-06-04,"0.85%",-275,0.85,0
2025-11-04,2024-06-04,"1.10%",-250,1.1,0
2025-11-04,2024-06-04,"1.35%",-225,1.35,0
2025-11-04,2024-06-04,"1.60%",-200,1.6,0
2025-11-04,2024-06-04,"1.85%",-175,1.85,0
2025-11-04,2024-06-04,"2.10%",-150,2.1,0
2025-11-04,2024-06-04,"2.35%",-125,2.35,0
2025-11-04,2024-06-04,"2.60%",-100,2.6,0.0112308592605897
2025-11-04,2024-06-04,"2.85%",-75,2.85,0.0283203493769146
2025-11-04,2024-06-04,"3.10%",-50,3.1,0.0591364626681106
2025-11-04,2024-06-04,"3.35%",-25,3.35,0.102258884450496
2025-11-04,2024-06-04,"3.60%",0,3.6,0.146436477307552
2025-11-04,2024-06-04,"3.85%",25,3.85,0.173663685309325
2025-11-04,2024-06-04,"4.10%",50,4.1,0.170562903762568
2025-11-04,2024-06-04,"4.35%",75,4.35,0.138731640214302
2025-11-04,2024-06-04,"4.60%",100,4.6,0.0934494214703183
2025-11-04,2024-06-04,"4.85%",125,4.85,0.052128830832547
2025-11-04,2024-06-04,"5.10%",150,5.1,0.0240804853472765
2025-11-04,2024-06-04,"5.35%",175,5.35,0
2025-11-04,2024-06-04,"5.60%",200,5.6,0
2025-11-04,2024-06-04,"5.85%",225,5.85,0
2025-11-04,2024-06-04,"6.10%",250,6.1,0
2025-11-04,2024-06-05,"0.10%",-300,0.1,0
2025-11-04,2024-06-05,"0.35%",-300,0.35,0
2025-11-04,2024-06-05,"0.60%",-300,0.6,0
2025-11-04,2024-06-05,"0.85%",-275,0.85,0
2025-11-04,2024-06-05,"1.10%",-250,1.1,0
2025-11-04,2024-06-05,"1.35%",-225,1.35,0
2025-11-04,2024-06-05,"1.60%",-200,1.6,0
2025-11-04,2024-06-05,"1.85%",-175,1.85,0
2025-11-04,2024-06-05,"2.10%",-150,2.1,0
2025-11-04,2024-06-05,"2.35%",-125,2.35,0
2025-11-04,2024-06-05,"2.60%",-100,2.6,0
2025-11-04,2024-06-05,"2.85%",-75,2.85,0.02542233207373
2025-11-04,2024-06-05,"3.10%",-50,3.1,0.0586123876178857
2025-11-04,2024-06-05,"3.35%",-25,3.35,0.10824919741658
2025-11-04,2024-06-05,"3.60%",0,3.6,0.160156991145013
2025-11-04,2024-06-05,"3.85%",25,3.85,0.18983186643663
2025-11-04,2024-06-05,"4.10%",50,4.1,0.180260832885724
2025-11-04,2024-06-05,"4.35%",75,4.35,0.137132540344261
2025-11-04,2024-06-05,"4.60%",100,4.6,0.083574787441557
2025-11-04,2024-06-05,"4.85%",125,4.85,0.0408023806937529
2025-11-04,2024-06-05,"5.10%",150,5.1,0.015956683944867
2025-11-04,2024-06-05,"5.35%",175,5.35,0
2025-11-04,2024-06-05,"5.60%",200,5.6,0
2025-11-04,2024-06-05,"5.85%",225,5.85,0
2025-11-04,2024-06-05,"6.10%",250,6.1,0
2025-11-04,2024-06-06,"0.10%",-300,0.1,0
2025-11-04,2024-06-06,"0.35%",-300,0.35,0
2025-11-04,2024-06-06,"0.60%",-300,0.6,0
2025-11-04,2024-06-06,"0.85%",-275,0.85,0
2025-11-04,2024-06-06,"1.10%",-250,1.1,0
2025-11-04,2024-06-06,"1.35%",-225,1.35,0
2025-11-04,2024-06-06,"1.60%",-200,1.6,0
2025-11-04,2024-06-06,"1.85%",-175,1.85,0
2025-11-04,2024-06-06,"2.10%",-150,2.1,0
2025-11-04,2024-06-06,"2.35%",-125,2.35,0
2025-11-04,2024-06-06,"2.60%",-100,2.6,0.0141815465961282
2025-11-04,2024-06-06,"2.85%",-75,2.85,0.0340906238479439
2025-11-04,2024-06-06,"3.10%",-50,3.1,0.0679530622501885
2025-11-04,2024-06-06,"3.35%",-25,3.35,0.112321347059688
2025-11-04,2024-06-06,"3.60%",0,3.6,0.153959668067686
2025-11-04,2024-06-06,"3.85%",25,3.85,0.175005128095936
2025-11-04,2024-06-06,"4.10%",50,4.1,0.164966933347421
2025-11-04,2024-06-06,"4.35%",75,4.35,0.128956691183408
2025-11-04,2024-06-06,"4.60%",100,4.6,0.0835960275954754
2025-11-04,2024-06-06,"4.85%",125,4.85,0.0449377781754264
2025-11-04,2024-06-06,"5.10%",150,5.1,0.0200311937806982
2025-11-04,2024-06-06,"5.35%",175,5.35,0
2025-11-04,2024-06-06,"5.60%",200,5.6,0
2025-11-04,2024-06-06,"5.85%",225,5.85,0
2025-11-04,2024-06-06,"6.10%",250,6.1,0
2025-11-04,2024-06-07,"0.10%",-300,0.1,0
2025-11-04,2024-06-07,"0.35%",-300,0.35,0
2025-11-04,2024-06-07,"0.60%",-300,0.6,0
2025-11-04,2024-06-07,"0.85%",-275,0.85,0
2025-11-04,2024-06-07,"1.10%",-250,1.1,0
2025-11-04,2024-06-07,"1.35%",-225,1.35,0
2025-11-04,2024-06-07,"1.60%",-200,1.6,0
2025-11-04,2024-06-07,"1.85%",-175,1.85,0
2025-11-04,2024-06-07,"2.10%",-150,2.1,0
2025-11-04,2024-06-07,"2.35%",-125,2.35,0
2025-11-04,2024-06-07,"2.60%",-100,2.6,0.0171601696599232
2025-11-04,2024-06-07,"2.85%",-75,2.85,0.038171081964585
2025-11-04,2024-06-07,"3.10%",-50,3.1,0.0715366302057906
2025-11-04,2024-06-07,"3.35%",-25,3.35,0.112957511822562
2025-11-04,2024-06-07,"3.60%",0,3.6,0.150280588591902
2025-11-04,2024-06-07,"3.85%",25,3.85,0.168460139446105
2025-11-04,2024-06-07,"4.10%",50,4.1,0.159110954728274
2025-11-04,2024-06-07,"4.35%",75,4.35,0.126622412743557
2025-11-04,2024-06-07,"4.60%",100,4.6,0.0849032589167886
2025-11-04,2024-06-07,"4.85%",125,4.85,0.0479660484920514
2025-11-04,2024-06-07,"5.10%",150,5.1,0.022831203428461
2025-11-04,2024-06-07,"5.35%",175,5.35,0
2025-11-04,2024-06-07,"5.60%",200,5.6,0
2025-11-04,2024-06-07,"5.85%",225,5.85,0
2025-11-04,2024-06-07,"6.10%",250,6.1,0
2025-11-04,2024-06-10,"0.10%",-300,0.1,0
2025-11-04,2024-06-10,"0.35%",-300,0.35,0
2025-11-04,2024-06-10,"0.60%",-300,0.6,0
2025-11-04,2024-06-10,"0.85%",-275,0.85,0
2025-11-04,2024-06-10,"1.10%",-250,1.1,0
2025-11-04,2024-06-10,"1.35%",-225,1.35,0
2025-11-04,2024-06-10,"1.60%",-200,1.6,0
2025-11-04,2024-06-10,"1.85%",-175,1.85,0
2025-11-04,2024-06-10,"2.10%",-150,2.1,0
2025-11-04,2024-06-10,"2.35%",-125,2.35,0
2025-11-04,2024-06-10,"2.60%",-100,2.6,0.0198282951435889
2025-11-04,2024-06-10,"2.85%",-75,2.85,0.041056875390958
2025-11-04,2024-06-10,"3.10%",-50,3.1,0.072782780201535
2025-11-04,2024-06-10,"3.35%",-25,3.35,0.110464173566211
2025-11-04,2024-06-10,"3.60%",0,3.6,0.143539058829137
2025-11-04,2024-06-10,"3.85%",25,3.85,0.15969019081706
2025-11-04,2024-06-10,"4.10%",50,4.1,0.152106362628852
2025-11-04,2024-06-10,"4.35%",75,4.35,0.124044306218332
2025-11-04,2024-06-10,"4.60%",100,4.6,0.0866091436598704
2025-11-04,2024-06-10,"4.85%",125,4.85,0.0517729744893531
2025-11-04,2024-06-10,"5.10%",150,5.1,0.0264964612771502
2025-11-04,2024-06-10,"5.35%",175,5.35,0.0116093777779517
2025-11-04,2024-06-10,"5.60%",200,5.6,0
2025-11-04,2024-06-10,"5.85%",225,5.85,0
2025-11-04,2024-06-10,"6.10%",250,6.1,0
2025-11-04,2024-06-11,"0.10%",-300,0.1,0
2025-11-04,2024-06-11,"0.35%",-300,0.35,0
2025-11-04,2024-06-11,"0.60%",-300,0.6,0
2025-11-04,2024-06-11,"0.85%",-275,0.85,0
2025-11-04,2024-06-11,"1.10%",-250,1.1,0
2025-11-04,2024-06-11,"1.35%",-225,1.35,0
2025-11-04,2024-06-11,"1.60%",-200,1.6,0
2025-11-04,2024-06-11,"1.85%",-175,1.85,0
2025-11-04,2024-06-11,"2.10%",-150,2.1,0
2025-11-04,2024-06-11,"2.35%",-125,2.35,0
2025-11-04,2024-06-11,"2.60%",-100,2.6,0
2025-11-04,2024-06-11,"2.85%",-75,2.85,0.0227969020992253
2025-11-04,2024-06-11,"3.10%",-50,3.1,0.0529302848461376
2025-11-04,2024-06-11,"3.35%",-25,3.35,0.0992689886449764
2025-11-04,2024-06-11,"3.60%",0,3.6,0.150392585645765
2025-11-04,2024-06-11,"3.85%",25,3.85,0.184059333987432
2025-11-04,2024-06-11,"4.10%",50,4.1,0.181976494027917
2025-11-04,2024-06-11,"4.35%",75,4.35,0.145344414919443
2025-11-04,2024-06-11,"4.60%",100,4.6,0.0937775197225725
2025-11-04,2024-06-11,"4.85%",125,4.85,0.0488765500007165
2025-11-04,2024-06-11,"5.10%",150,5.1,0.0205769261058151
2025-11-04,2024-06-11,"5.35%",175,5.35,0
2025-11-04,2024-06-11,"5.60%",200,5.6,0
2025-11-04,2024-06-11,"5.85%",225,5.85,0
2025-11-04,2024-06-11,"6.10%",250,6.1,0
2025-11-04,2024-06-12,"0.10%",-300,0.1,0
2025-11-04,2024-06-12,"0.35%",-300,0.35,0
2025-11-04,2024-06-12,"0.60%",-300,0.6,0
2025-11-04,2024-06-12,"0.85%",-275,0.85,0
2025-11-04,2024-06-12,"1.10%",-250,1.1,0
2025-11-04,2024-06-12,"1.35%",-225,1.35,0
2025-11-04,2024-06-12,"1.60%",-200,1.6,0
2025-11-04,2024-06-12,"1.85%",-175,1.85,0
2025-11-04,2024-06-12,"2.10%",-150,2.1,0
2025-11-04,2024-06-12,"2.35%",-125,2.35,0
2025-11-04,2024-06-12,"2.60%",-100,2.6,0.0139181601352907
2025-11-04,2024-06-12,"2.85%",-75,2.85,0.0322934730518526
2025-11-04,2024-06-12,"3.10%",-50,3.1,0.0630259961474973
2025-11-04,2024-06-12,"3.35%",-25,3.35,0.103468769367586
2025-11-04,2024-06-12,"3.60%",0,3.6,0.14288706464737
2025-11-04,2024-06-12,"3.85%",25,3.85,0.165988058276101
2025-11-04,2024-06-12,"4.10%",50,4.1,0.162204906591842
2025-11-04,2024-06-12,"4.35%",75,4.35,0.133337986703424
2025-11-04,2024-06-12,"4.60%",100,4.6,0.0922025130486406
2025-11-04,2024-06-12,"4.85%",125,4.85,0.0536319362101457
2025-11-04,2024-06-12,"5.10%",150,5.1,0.0262413238688663
2025-11-04,2024-06-12,"5.35%",175,5.35,0.010799811951384
2025-11-04,2024-06-12,"5.60%",200,5.6,0
2025-11-04,2024-06-12,"5.85%",225,5.85,0
2025-11-04,2024-06-12,"6.10%",250,6.1,0
2025-11-04,2024-06-13,"0.10%",-300,0.1,0
2025-11-04,2024-06-13,"0.35%",-300,0.35,0
2025-11-04,2024-06-13,"0.60%",-300,0.6,0
2025-11-04,2024-06-13,"0.85%",-275,0.85,0
2025-11-04,2024-06-13,"1.10%",-250,1.1,0
2025-11-04,2024-06-13,"1.35%",-225,1.35,0
2025-11-04,2024-06-13,"1.60%",-200,1.6,0
2025-11-04,2024-06-13,"1.85%",-175,1.85,0
2025-11-04,2024-06-13,"2.10%",-150,2.1,0
2025-11-04,2024-06-13,"2.35%",-125,2.35,0
2025-11-04,2024-06-13,"2.60%",-100,2.6,0.0119896146468167
2025-11-04,2024-06-13,"2.85%",-75,2.85,0.0318617050684309
2025-11-04,2024-06-13,"3.10%",-50,3.1,0.0683371295204902
2025-11-04,2024-06-13,"3.35%",-25,3.35,0.118302948890209
2025-11-04,2024-06-13,"3.60%",0,3.6,0.165312436641833
2025-11-04,2024-06-13,"3.85%",25,3.85,0.186465712754854
2025-11-04,2024-06-13,"4.10%",50,4.1,0.169777618202676
2025-11-04,2024-06-13,"4.35%",75,4.35,0.124780402289429
2025-11-04,2024-06-13,"4.60%",100,4.6,0.0740261918798845
2025-11-04,2024-06-13,"4.85%",125,4.85,0.0354469151002343
2025-11-04,2024-06-13,"5.10%",150,5.1,0.0136993250051439
2025-11-04,2024-06-13,"5.35%",175,5.35,0
2025-11-04,2024-06-13,"5.60%",200,5.6,0
2025-11-04,2024-06-13,"5.85%",225,5.85,0
2025-11-04,2024-06-13,"6.10%",250,6.1,0
2025-11-04,2024-06-14,"0.10%",-300,0.1,0
2025-11-04,2024-06-14,"0.35%",-300,0.35,0
2025-11-04,2024-06-14,"0.60%",-300,0.6,0
2025-11-04,2024-06-14,"0.85%",-275,0.85,0
2025-11-04,2024-06-14,"1.10%",-250,1.1,0
2025-11-04,2024-06-14,"1.35%",-225,1.35,0
2025-11-04,2024-06-14,"1.60%",-200,1.6,0
2025-11-04,2024-06-14,"1.85%",-175,1.85,0
2025-11-04,2024-06-14,"2.10%",-150,2.1,0
2025-11-04,2024-06-14,"2.35%",-125,2.35,0.010543405829395
2025-11-04,2024-06-14,"2.60%",-100,2.6,0.0254993790056666
2025-11-04,2024-06-14,"2.85%",-75,2.85,0.0520391815170914
2025-11-04,2024-06-14,"3.10%",-50,3.1,0.0896181731219201
2025-11-04,2024-06-14,"3.35%",-25,3.35,0.130237563002095
2025-11-04,2024-06-14,"3.60%",0,3.6,0.159719441956206
2025-11-04,2024-06-14,"3.85%",25,3.85,0.165296782034844
2025-11-04,2024-06-14,"4.10%",50,4.1,0.144363278744926
2025-11-04,2024-06-14,"4.35%",75,4.35,0.10639771718214
2025-11-04,2024-06-14,"4.60%",100,4.6,0.066173719047473
2025-11-04,2024-06-14,"4.85%",125,4.85,0.0347302454970969
2025-11-04,2024-06-14,"5.10%",150,5.1,0.0153811130611458
2025-11-04,2024-06-14,"5.35%",175,5.35,0
2025-11-04,2024-06-14,"5.60%",200,5.6,0
2025-11-04,2024-06-14,"5.85%",225,5.85,0
2025-11-04,2024-06-14,"6.10%",250,6.1,0
2025-11-04,2024-06-17,"0.10%",-300,0.1,0
2025-11-04,2024-06-17,"0.35%",-300,0.35,0
2025-11-04,2024-06-17,"0.60%",-300,0.6,0
2025-11-04,2024-06-17,"0.85%",-275,0.85,0
2025-11-04,2024-06-17,"1.10%",-250,1.1,0
2025-11-04,2024-06-17,"1.35%",-225,1.35,0
2025-11-04,2024-06-17,"1.60%",-200,1.6,0
2025-11-04,2024-06-17,"1.85%",-175,1.85,0
2025-11-04,2024-06-17,"2.10%",-150,2.1,0
2025-11-04,2024-06-17,"2.35%",-125,2.35,0.0109921507831068
2025-11-04,2024-06-17,"2.60%",-100,2.6,0.026255269302072
2025-11-04,2024-06-17,"2.85%",-75,2.85,0.0530145486296019
2025-11-04,2024-06-17,"3.10%",-50,3.1,0.0904962283960325
2025-11-04,2024-06-17,"3.35%",-25,3.35,0.130596644803129
2025-11-04,2024-06-17,"3.60%",0,3.6,0.15933315331809
2025-11-04,2024-06-17,"3.85%",25,3.85,0.164344966075794
2025-11-04,2024-06-17,"4.10%",50,4.1,0.143312257001688
2025-11-04,2024-06-17,"4.35%",75,4.35,0.105653649824864
2025-11-04,2024-06-17,"4.60%",100,4.6,0.0658498094448124
2025-11-04,2024-06-17,"4.85%",125,4.85,0.034696456158906
2025-11-04,2024-06-17,"5.10%",150,5.1,0.0154548662619034
2025-11-04,2024-06-17,"5.35%",175,5.35,0
2025-11-04,2024-06-17,"5.60%",200,5.6,0
2025-11-04,2024-06-17,"5.85%",225,5.85,0
2025-11-04,2024-06-17,"6.10%",250,6.1,0
2025-11-04,2024-06-18,"0.10%",-300,0.1,0
2025-11-04,2024-06-18,"0.35%",-300,0.35,0
2025-11-04,2024-06-18,"0.60%",-300,0.6,0
2025-11-04,2024-06-18,"0.85%",-275,0.85,0
2025-11-04,2024-06-18,"1.10%",-250,1.1,0
2025-11-04,2024-06-18,"1.35%",-225,1.35,0
2025-11-04,2024-06-18,"1.60%",-200,1.6,0
2025-11-04,2024-06-18,"1.85%",-175,1.85,0
2025-11-04,2024-06-18,"2.10%",-150,2.1,0
2025-11-04,2024-06-18,"2.35%",-125,2.35,0
2025-11-04,2024-06-18,"2.60%",-100,2.6,0.019275717129638
2025-11-04,2024-06-18,"2.85%",-75,2.85,0.0425399067116459
2025-11-04,2024-06-18,"3.10%",-50,3.1,0.0786249772666735
2025-11-04,2024-06-18,"3.35%",-25,3.35,0.121706861045258
2025-11-04,2024-06-18,"3.60%",0,3.6,0.157786251302293
2025-11-04,2024-06-18,"3.85%",25,3.85,0.171327961544969
2025-11-04,2024-06-18,"4.10%",50,4.1,0.155809544788655
2025-11-04,2024-06-18,"4.35%",75,4.35,0.118676464074031
2025-11-04,2024-06-18,"4.60%",100,4.6,0.0757066764330417
2025-11-04,2024-06-18,"4.85%",125,4.85,0.0404476705906145
2025-11-04,2024-06-18,"5.10%",150,5.1,0.0180979691131801
2025-11-04,2024-06-18,"5.35%",175,5.35,0
2025-11-04,2024-06-18,"5.60%",200,5.6,0
2025-11-04,2024-06-18,"5.85%",225,5.85,0
2025-11-04,2024-06-18,"6.10%",250,6.1,0
2025-11-04,2024-06-19,"0.10%",-300,0.1,0
2025-11-04,2024-06-19,"0.35%",-300,0.35,0
2025-11-04,2024-06-19,"0.60%",-300,0.6,0
2025-11-04,2024-06-19,"0.85%",-275,0.85,0
2025-11-04,2024-06-19,"1.10%",-250,1.1,0
2025-11-04,2024-06-19,"1.35%",-225,1.35,0
2025-11-04,2024-06-19,"1.60%",-200,1.6,0
2025-11-04,2024-06-19,"1.85%",-175,1.85,0
2025-11-04,2024-06-19,"2.10%",-150,2.1,0
2025-11-04,2024-06-19,"2.35%",-125,2.35,0
2025-11-04,2024-06-19,"2.60%",-100,2.6,0.0177764979775747
2025-11-04,2024-06-19,"2.85%",-75,2.85,0.0388030935577875
2025-11-04,2024-06-19,"3.10%",-50,3.1,0.0716969128819165
2025-11-04,2024-06-19,"3.35%",-25,3.35,0.112139570028062
2025-11-04,2024-06-19,"3.60%",0,3.6,0.148473620773109
2025-11-04,2024-06-19,"3.85%",25,3.85,0.166408899208663
2025-11-04,2024-06-19,"4.10%",50,4.1,0.157885633142172
2025-11-04,2024-06-19,"4.35%",75,4.35,0.126807978948652
2025-11-04,2024-06-19,"4.60%",100,4.6,0.086215361244305
2025-11-04,2024-06-19,"4.85%",125,4.85,0.0496192498655346
2025-11-04,2024-06-19,"5.10%",150,5.1,0.0241731823722227
2025-11-04,2024-06-19,"5.35%",175,5.35,0
2025-11-04,2024-06-19,"5.60%",200,5.6,0
2025-11-04,2024-06-19,"5.85%",225,5.85,0
2025-11-04,2024-06-19,"6.10%",250,6.1,0
2025-11-04,2024-06-20,"0.10%",-300,0.1,0
2025-11-04,2024-06-20,"0.35%",-300,0.35,0
2025-11-04,2024-06-20,"0.60%",-300,0.6,0
2025-11-04,2024-06-20,"0.85%",-275,0.85,0
2025-11-04,2024-06-20,"1.10%",-250,1.1,0
2025-11-04,2024-06-20,"1.35%",-225,1.35,0
2025-11-04,2024-06-20,"1.60%",-200,1.6,0
2025-11-04,2024-06-20,"1.85%",-175,1.85,0
2025-11-04,2024-06-20,"2.10%",-150,2.1,0
2025-11-04,2024-06-20,"2.35%",-125,2.35,0
2025-11-04,2024-06-20,"2.60%",-100,2.6,0.0130365108080589
2025-11-04,2024-06-20,"2.85%",-75,2.85,0.0324882296988691
2025-11-04,2024-06-20,"3.10%",-50,3.1,0.0666143313455702
2025-11-04,2024-06-20,"3.35%",-25,3.35,0.112384281390014
2025-11-04,2024-06-20,"3.60%",0,3.6,0.156010597552516
2025-11-04,2024-06-20,"3.85%",25,3.85,0.178206022907529
2025-11-04,2024-06-20,"4.10%",50,4.1,0.167499738302101
2025-11-04,2024-06-20,"4.35%",75,4.35,0.12954707956983
2025-11-04,2024-06-20,"4.60%",100,4.6,0.0824433612355804
2025-11-04,2024-06-20,"4.85%",125,4.85,0.0431703777628168
2025-11-04,2024-06-20,"5.10%",150,5.1,0.0185994694271157
2025-11-04,2024-06-20,"5.35%",175,5.35,0
2025-11-04,2024-06-20,"5.60%",200,5.6,0
2025-11-04,2024-06-20,"5.85%",225,5.85,0
2025-11-04,2024-06-20,"6.10%",250,6.1,0
2025-11-04,2024-06-21,"0.10%",-300,0.1,0
2025-11-04,2024-06-21,"0.35%",-300,0.35,0
2025-11-04,2024-06-21,"0.60%",-300,0.6,0
2025-11-04,2024-06-21,"0.85%",-275,0.85,0
2025-11-04,2024-06-21,"1.10%",-250,1.1,0
2025-11-04,2024-06-21,"1.35%",-225,1.35,0
2025-11-04,2024-06-21,"1.60%",-200,1.6,0
2025-11-04,2024-06-21,"1.85%",-175,1.85,0
2025-11-04,2024-06-21,"2.10%",-150,2.1,0
2025-11-04,2024-06-21,"2.35%",-125,2.35,0
2025-11-04,2024-06-21,"2.60%",-100,2.6,0.0178920057639683
2025-11-04,2024-06-21,"2.85%",-75,2.85,0.0391235167643054
2025-11-04,2024-06-21,"3.10%",-50,3.1,0.0723307165563493
2025-11-04,2024-06-21,"3.35%",-25,3.35,0.113063979746413
2025-11-04,2024-06-21,"3.60%",0,3.6,0.149434267833901
2025-11-04,2024-06-21,"3.85%",25,3.85,0.166995777037325
2025-11-04,2024-06-21,"4.10%",50,4.1,0.157794589340793
2025-11-04,2024-06-21,"4.35%",75,4.35,0.126069215058812
2025-11-04,2024-06-21,"4.60%",100,4.6,0.085163272199853
2025-11-04,2024-06-21,"4.85%",125,4.85,0.0486424112637752
2025-11-04,2024-06-21,"5.10%",150,5.1,0.0234902484345043
2025-11-04,2024-06-21,"5.35%",175,5.35,0
2025-11-04,2024-06-21,"5.60%",200,5.6,0
2025-11-04,2024-06-21,"5.85%",225,5.85,0
2025-11-04,2024-06-21,"6.10%",250,6.1,0
2025-11-04,2024-06-24,"0.10%",-300,0.1,0
2025-11-04,2024-06-24,"0.35%",-300,0.35,0
2025-11-04,2024-06-24,"0.60%",-300,0.6,0
2025-11-04,2024-06-24,"0.85%",-275,0.85,0
2025-11-04,2024-06-24,"1.10%",-250,1.1,0
2025-11-04,2024-06-24,"1.35%",-225,1.35,0
2025-11-04,2024-06-24,"1.60%",-200,1.6,0
2025-11-04,2024-06-24,"1.85%",-175,1.85,0
2025-11-04,2024-06-24,"2.10%",-150,2.1,0
2025-11-04,2024-06-24,"2.35%",-125,2.35,0
2025-11-04,2024-06-24,"2.60%",-100,2.6,0.0188891931942216
2025-11-04,2024-06-24,"2.85%",-75,2.85,0.0396493172057777
2025-11-04,2024-06-24,"3.10%",-50,3.1,0.0711353443853605
2025-11-04,2024-06-24,"3.35%",-25,3.35,0.109086456193134
2025-11-04,2024-06-24,"3.60%",0,3.6,0.142987478805207
2025-11-04,2024-06-24,"3.85%",25,3.85,0.160203081748126
2025-11-04,2024-06-24,"4.10%",50,4.1,0.153423205810678
2025-11-04,2024-06-24,"4.35%",75,4.35,0.125590833480741
2025-11-04,2024-06-24,"4.60%",100,4.6,0.0878756682161333
2025-11-04,2024-06-24,"4.85%",125,4.85,0.0525554815797894
2025-11-04,2024-06-24,"5.10%",150,5.1,0.026865738434563
2025-11-04,2024-06-24,"5.35%",175,5.35,0.0117382009462692
2025-11-04,2024-06-24,"5.60%",200,5.6,0
2025-11-04,2024-06-24,"5.85%",225,5.85,0
2025-11-04,2024-06-24,"6.10%",250,6.1,0
2025-11-04,2024-06-25,"0.10%",-300,0.1,0
2025-11-04,2024-06-25,"0.35%",-300,0.35,0
2025-11-04,2024-06-25,"0.60%",-300,0.6,0
2025-11-04,2024-06-25,"0.85%",-275,0.85,0
2025-11-04,2024-06-25,"1.10%",-250,1.1,0
2025-11-04,2024-06-25,"1.35%",-225,1.35,0
2025-11-04,2024-06-25,"1.60%",-200,1.6,0
2025-11-04,2024-06-25,"1.85%",-175,1.85,0
2025-11-04,2024-06-25,"2.10%",-150,2.1,0
2025-11-04,2024-06-25,"2.35%",-125,2.35,0
2025-11-04,2024-06-25,"2.60%",-100,2.6,0.0132216406548496
2025-11-04,2024-06-25,"2.85%",-75,2.85,0.0327378828957539
2025-11-04,2024-06-25,"3.10%",-50,3.1,0.0667930597574111
2025-11-04,2024-06-25,"3.35%",-25,3.35,0.112291364726036
2025-11-04,2024-06-25,"3.60%",0,3.6,0.155564175627813
2025-11-04,2024-06-25,"3.85%",25,3.85,0.177594656931975
2025-11-04,2024-06-25,"4.10%",50,4.1,0.167074779860364
2025-11-04,2024-06-25,"4.35%",75,4.35,0.129524201637839
2025-11-04,2024-06-25,"4.60%",100,4.6,0.0827452421408689
2025-11-04,2024-06-25,"4.85%",125,4.85,0.0435587220897228
2025-11-04,2024-06-25,"5.10%",150,5.1,0.0188942736773665
2025-11-04,2024-06-25,"5.35%",175,5.35,0
2025-11-04,2024-06-25,"5.60%",200,5.6,0
2025-11-04,2024-06-25,"5.85%",225,5.85,0
2025-11-04,2024-06-25,"6.10%",250,6.1,0
2025-11-04,2024-06-26,"0.10%",-300,0.1,0
2025-11-04,2024-06-26,"0.35%",-300,0.35,0
2025-11-04,2024-06-26,"0.60%",-300,0.6,0
2025-11-04,2024-06-26,"0.85%",-275,0.85,0
2025-11-04,2024-06-26,"1.10%",-250,1.1,0
2025-11-04,2024-06-26,"1.35%",-225,1.35,0
2025-11-04,2024-06-26,"1.60%",-200,1.6,0
2025-11-04,2024-06-26,"1.85%",-175,1.85,0
2025-11-04,2024-06-26,"2.10%",-150,2.1,0
2025-11-04,2024-06-26,"2.35%",-125,2.35,0
2025-11-04,2024-06-26,"2.60%",-100,2.6,0
2025-11-04,2024-06-26,"2.85%",-75,2.85,0.0177884999083743
2025-11-04,2024-06-26,"3.10%",-50,3.1,0.0412773301024155
2025-11-04,2024-06-26,"3.35%",-25,3.35,0.0791154553139814
2025-11-04,2024-06-26,"3.60%",0,3.6,0.125257897133957
2025-11-04,2024-06-26,"3.85%",25,3.85,0.163815454325965
2025-11-04,2024-06-26,"4.10%",50,4.1,0.176977328352797
2025-11-04,2024-06-26,"4.35%",75,4.35,0.157941204893626
2025-11-04,2024-06-26,"4.60%",100,4.6,0.116435471802379
2025-11-04,2024-06-26,"4.85%",125,4.85,0.0709053869790899
2025-11-04,2024-06-26,"5.10%",150,5.1,0.0356668199981489
2025-11-04,2024-06-26,"5.35%",175,5.35,0.0148191511892668
2025-11-04,2024-06-26,"5.60%",200,5.6,0
2025-11-04,2024-06-26,"5.85%",225,5.85,0
2025-11-04,2024-06-26,"6.10%",250,6.1,0
2025-11-04,2024-06-27,"0.10%",-300,0.1,0
2025-11-04,2024-06-27,"0.35%",-300,0.35,0
2025-11-04,2024-06-27,"0.60%",-300,0.6,0
2025-11-04,2024-06-27,"0.85%",-275,0.85,0
2025-11-04,2024-06-27,"1.10%",-250,1.1,0
2025-11-04,2024-06-27,"1.35%",-225,1.35,0
2025-11-04,2024-06-27,"1.60%",-200,1.6,0
2025-11-04,2024-06-27,"1.85%",-175,1.85,0
2025-11-04,2024-06-27,"2.10%",-150,2.1,0
2025-11-04,2024-06-27,"2.35%",-125,2.35,0
2025-11-04,2024-06-27,"2.60%",-100,2.6,0
2025-11-04,2024-06-27,"2.85%",-75,2.85,0
2025-11-04,2024-06-27,"3.10%",-50,3.1,0.0262906730984686
2025-11-04,2024-06-27,"3.35%",-25,3.35,0.0592874447113491
2025-11-04,2024-06-27,"3.60%",0,3.6,0.10782653643309
2025-11-04,2024-06-27,"3.85%",25,3.85,0.158165739720692
2025-11-04,2024-06-27,"4.10%",50,4.1,0.187127370628667
2025-11-04,2024-06-27,"4.35%",75,4.35,0.178569254774249
2025-11-04,2024-06-27,"4.60%",100,4.6,0.137441777118885
2025-11-04,2024-06-27,"4.85%",125,4.85,0.0853225273158257
2025-11-04,2024-06-27,"5.10%",150,5.1,0.0427192733659262
2025-11-04,2024-06-27,"5.35%",175,5.35,0.0172494028328475
2025-11-04,2024-06-27,"5.60%",200,5.6,0
2025-11-04,2024-06-27,"5.85%",225,5.85,0
2025-11-04,2024-06-27,"6.10%",250,6.1,0
2025-11-04,2024-06-28,"0.10%",-300,0.1,0
2025-11-04,2024-06-28,"0.35%",-300,0.35,0
2025-11-04,2024-06-28,"0.60%",-300,0.6,0
2025-11-04,2024-06-28,"0.85%",-275,0.85,0
2025-11-04,2024-06-28,"1.10%",-250,1.1,0
2025-11-04,2024-06-28,"1.35%",-225,1.35,0
2025-11-04,2024-06-28,"1.60%",-200,1.6,0
2025-11-04,2024-06-28,"1.85%",-175,1.85,0
2025-11-04,2024-06-28,"2.10%",-150,2.1,0
2025-11-04,2024-06-28,"2.35%",-125,2.35,0
2025-11-04,2024-06-28,"2.60%",-100,2.6,0
2025-11-04,2024-06-28,"2.85%",-75,2.85,0.0124734321901637
2025-11-04,2024-06-28,"3.10%",-50,3.1,0.0342591559304656
2025-11-04,2024-06-28,"3.35%",-25,3.35,0.0747210571821086
2025-11-04,2024-06-28,"3.60%",0,3.6,0.129425438151845
2025-11-04,2024-06-28,"3.85%",25,3.85,0.178045732419653
2025-11-04,2024-06-28,"4.10%",50,4.1,0.194533111977286
2025-11-04,2024-06-28,"4.35%",75,4.35,0.168814469848322
2025-11-04,2024-06-28,"4.60%",100,4.6,0.116351870725343
2025-11-04,2024-06-28,"4.85%",125,4.85,0.0636894463387917
2025-11-04,2024-06-28,"5.10%",150,5.1,0.0276862852360207
2025-11-04,2024-06-28,"5.35%",175,5.35,0
2025-11-04,2024-06-28,"5.60%",200,5.6,0
2025-11-04,2024-06-28,"5.85%",225,5.85,0
2025-11-04,2024-06-28,"6.10%",250,6.1,0
2025-11-04,2024-07-01,"0.10%",-300,0.1,0
2025-11-04,2024-07-01,"0.35%",-300,0.35,0
2025-11-04,2024-07-01,"0.60%",-300,0.6,0
2025-11-04,2024-07-01,"0.85%",-275,0.85,0
2025-11-04,2024-07-01,"1.10%",-250,1.1,0
2025-11-04,2024-07-01,"1.35%",-225,1.35,0
2025-11-04,2024-07-01,"1.60%",-200,1.6,0
2025-11-04,2024-07-01,"1.85%",-175,1.85,0
2025-11-04,2024-07-01,"2.10%",-150,2.1,0
2025-11-04,2024-07-01,"2.35%",-125,2.35,0
2025-11-04,2024-07-01,"2.60%",-100,2.6,0
2025-11-04,2024-07-01,"2.85%",-75,2.85,0
2025-11-04,2024-07-01,"3.10%",-50,3.1,0.0251799114898616
2025-11-04,2024-07-01,"3.35%",-25,3.35,0.0623306433256496
2025-11-04,2024-07-01,"3.60%",0,3.6,0.119638500611182
2025-11-04,2024-07-01,"3.85%",25,3.85,0.178074586147554
2025-11-04,2024-07-01,"4.10%",50,4.1,0.205550858327896
2025-11-04,2024-07-01,"4.35%",75,4.35,0.184006023539331
2025-11-04,2024-07-01,"4.60%",100,4.6,0.127741852701722
2025-11-04,2024-07-01,"4.85%",125,4.85,0.0687701639335867
2025-11-04,2024-07-01,"5.10%",150,5.1,0.0287074599232163
2025-11-04,2024-07-01,"5.35%",175,5.35,0
2025-11-04,2024-07-01,"5.60%",200,5.6,0
2025-11-04,2024-07-01,"5.85%",225,5.85,0
2025-11-04,2024-07-01,"6.10%",250,6.1,0
2025-11-04,2024-07-02,"0.10%",-300,0.1,0
2025-11-04,2024-07-02,"0.35%",-300,0.35,0
2025-11-04,2024-07-02,"0.60%",-300,0.6,0
2025-11-04,2024-07-02,"0.85%",-275,0.85,0
2025-11-04,2024-07-02,"1.10%",-250,1.1,0
2025-11-04,2024-07-02,"1.35%",-225,1.35,0
2025-11-04,2024-07-02,"1.60%",-200,1.6,0
2025-11-04,2024-07-02,"1.85%",-175,1.85,0
2025-11-04,2024-07-02,"2.10%",-150,2.1,0
2025-11-04,2024-07-02,"2.35%",-125,2.35,0
2025-11-04,2024-07-02,"2.60%",-100,2.6,0
2025-11-04,2024-07-02,"2.85%",-75,2.85,0
2025-11-04,2024-07-02,"3.10%",-50,3.1,0.0246233017423753
2025-11-04,2024-07-02,"3.35%",-25,3.35,0.0602395424503673
2025-11-04,2024-07-02,"3.60%",0,3.6,0.115127923106798
2025-11-04,2024-07-02,"3.85%",25,3.85,0.171901363823652
2025-11-04,2024-07-02,"4.10%",50,4.1,0.200539711289766
2025-11-04,2024-07-02,"4.35%",75,4.35,0.182790115713205
2025-11-04,2024-07-02,"4.60%",100,4.6,0.130176011606954
2025-11-04,2024-07-02,"4.85%",125,4.85,0.0724295518967101
2025-11-04,2024-07-02,"5.10%",150,5.1,0.0314828773099114
2025-11-04,2024-07-02,"5.35%",175,5.35,0.0106896010602598
2025-11-04,2024-07-02,"5.60%",200,5.6,0
2025-11-04,2024-07-02,"5.85%",225,5.85,0
2025-11-04,2024-07-02,"6.10%",250,6.1,0
2025-11-04,2024-07-03,"0.10%",-300,0.1,0
2025-11-04,2024-07-03,"0.35%",-300,0.35,0
2025-11-04,2024-07-03,"0.60%",-300,0.6,0
2025-11-04,2024-07-03,"0.85%",-275,0.85,0
2025-11-04,2024-07-03,"1.10%",-250,1.1,0
2025-11-04,2024-07-03,"1.35%",-225,1.35,0
2025-11-04,2024-07-03,"1.60%",-200,1.6,0
2025-11-04,2024-07-03,"1.85%",-175,1.85,0
2025-11-04,2024-07-03,"2.10%",-150,2.1,0
2025-11-04,2024-07-03,"2.35%",-125,2.35,0
2025-11-04,2024-07-03,"2.60%",-100,2.6,0
2025-11-04,2024-07-03,"2.85%",-75,2.85,0.0119066527038901
2025-11-04,2024-07-03,"3.10%",-50,3.1,0.0306790519058543
2025-11-04,2024-07-03,"3.35%",-25,3.35,0.0646318233728144
2025-11-04,2024-07-03,"3.60%",0,3.6,0.111333309132443
2025-11-04,2024-07-03,"3.85%",25,3.85,0.156817477585965
2025-11-04,2024-07-03,"4.10%",50,4.1,0.180619621707577
2025-11-04,2024-07-03,"4.35%",75,4.35,0.170114318232929
2025-11-04,2024-07-03,"4.60%",100,4.6,0.131014823266114
2025-11-04,2024-07-03,"4.85%",125,4.85,0.0825079135116413
2025-11-04,2024-07-03,"5.10%",150,5.1,0.0424866352355613
2025-11-04,2024-07-03,"5.35%",175,5.35,0.0178883733452098
2025-11-04,2024-07-03,"5.60%",200,5.6,0
2025-11-04,2024-07-03,"5.85%",225,5.85,0
2025-11-04,2024-07-03,"6.10%",250,6.1,0
2025-11-04,2024-07-04,"0.10%",-300,0.1,0
2025-11-04,2024-07-04,"0.35%",-300,0.35,0
2025-11-04,2024-07-04,"0.60%",-300,0.6,0
2025-11-04,2024-07-04,"0.85%",-275,0.85,0
2025-11-04,2024-07-04,"1.10%",-250,1.1,0
2025-11-04,2024-07-04,"1.35%",-225,1.35,0
2025-11-04,2024-07-04,"1.60%",-200,1.6,0
2025-11-04,2024-07-04,"1.85%",-175,1.85,0
2025-11-04,2024-07-04,"2.10%",-150,2.1,0
2025-11-04,2024-07-04,"2.35%",-125,2.35,0
2025-11-04,2024-07-04,"2.60%",-100,2.6,0
2025-11-04,2024-07-04,"2.85%",-75,2.85,0.0151420813021092
2025-11-04,2024-07-04,"3.10%",-50,3.1,0.0355732203511884
2025-11-04,2024-07-04,"3.35%",-25,3.35,0.0695788700063602
2025-11-04,2024-07-04,"3.60%",0,3.6,0.11330867215315
2025-11-04,2024-07-04,"3.85%",25,3.85,0.153635513914199
2025-11-04,2024-07-04,"4.10%",50,4.1,0.173448194855647
2025-11-04,2024-07-04,"4.35%",75,4.35,0.163042363174923
2025-11-04,2024-07-04,"4.60%",100,4.6,0.127609266978945
2025-11-04,2024-07-04,"4.85%",125,4.85,0.0831590241576719
2025-11-04,2024-07-04,"5.10%",150,5.1,0.0451203213517457
2025-11-04,2024-07-04,"5.35%",175,5.35,0.0203824717540603
2025-11-04,2024-07-04,"5.60%",200,5.6,0
2025-11-04,2024-07-04,"5.85%",225,5.85,0
2025-11-04,2024-07-04,"6.10%",250,6.1,0
2025-11-04,2024-07-05,"0.10%",-300,0.1,0
2025-11-04,2024-07-05,"0.35%",-300,0.35,0
2025-11-04,2024-07-05,"0.60%",-300,0.6,0
2025-11-04,2024-07-05,"0.85%",-275,0.85,0
2025-11-04,2024-07-05,"1.10%",-250,1.1,0
2025-11-04,2024-07-05,"1.35%",-225,1.35,0
2025-11-04,2024-07-05,"1.60%",-200,1.6,0
2025-11-04,2024-07-05,"1.85%",-175,1.85,0
2025-11-04,2024-07-05,"2.10%",-150,2.1,0
2025-11-04,2024-07-05,"2.35%",-125,2.35,0
2025-11-04,2024-07-05,"2.60%",-100,2.6,0
2025-11-04,2024-07-05,"2.85%",-75,2.85,0.014634996330192
2025-11-04,2024-07-05,"3.10%",-50,3.1,0.0348851947701575
2025-11-04,2024-07-05,"3.35%",-25,3.35,0.0690162208725818
2025-11-04,2024-07-05,"3.60%",0,3.6,0.113328394136805
2025-11-04,2024-07-05,"3.85%",25,3.85,0.154459884289939
2025-11-04,2024-07-05,"4.10%",50,4.1,0.174738896695407
2025-11-04,2024-07-05,"4.35%",75,4.35,0.164082927512739
2025-11-04,2024-07-05,"4.60%",100,4.6,0.127889706067124
2025-11-04,2024-07-05,"4.85%",125,4.85,0.0827370655530229
2025-11-04,2024-07-05,"5.10%",150,5.1,0.0444269496583965
2025-11-04,2024-07-05,"5.35%",175,5.35,0.0197997641136351
2025-11-04,2024-07-05,"5.60%",200,5.6,0
2025-11-04,2024-07-05,"5.85%",225,5.85,0
2025-11-04,2024-07-05,"6.10%",250,6.1,0
2025-11-04,2024-07-08,"0.10%",-300,0.1,0
2025-11-04,2024-07-08,"0.35%",-300,0.35,0
2025-11-04,2024-07-08,"0.60%",-300,0.6,0
2025-11-04,2024-07-08,"0.85%",-275,0.85,0
2025-11-04,2024-07-08,"1.10%",-250,1.1,0
2025-11-04,2024-07-08,"1.35%",-225,1.35,0
2025-11-04,2024-07-08,"1.60%",-200,1.6,0
2025-11-04,2024-07-08,"1.85%",-175,1.85,0
2025-11-04,2024-07-08,"2.10%",-150,2.1,0
2025-11-04,2024-07-08,"2.35%",-125,2.35,0
2025-11-04,2024-07-08,"2.60%",-100,2.6,0
2025-11-04,2024-07-08,"2.85%",-75,2.85,0.0135283875849778
2025-11-04,2024-07-08,"3.10%",-50,3.1,0.0348070549862085
2025-11-04,2024-07-08,"3.35%",-25,3.35,0.0725251290797645
2025-11-04,2024-07-08,"3.60%",0,3.6,0.122386843809865
2025-11-04,2024-07-08,"3.85%",25,3.85,0.167272350607979
2025-11-04,2024-07-08,"4.10%",50,4.1,0.185168800093842
2025-11-04,2024-07-08,"4.35%",75,4.35,0.166023400689503
2025-11-04,2024-07-08,"4.60%",100,4.6,0.120565974301384
2025-11-04,2024-07-08,"4.85%",125,4.85,0.0709125150695529
2025-11-04,2024-07-08,"5.10%",150,5.1,0.0337788792515961
2025-11-04,2024-07-08,"5.35%",175,5.35,0.0130306645253271
2025-11-04,2024-07-08,"5.60%",200,5.6,0
2025-11-04,2024-07-08,"5.85%",225,5.85,0
2025-11-04,2024-07-08,"6.10%",250,6.1,0
2025-11-04,2024-07-09,"0.10%",-300,0.1,0
2025-11-04,2024-07-09,"0.35%",-300,0.35,0
2025-11-04,2024-07-09,"0.60%",-300,0.6,0
2025-11-04,2024-07-09,"0.85%",-275,0.85,0
2025-11-04,2024-07-09,"1.10%",-250,1.1,0
2025-11-04,2024-07-09,"1.35%",-225,1.35,0
2025-11-04,2024-07-09,"1.60%",-200,1.6,0
2025-11-04,2024-07-09,"1.85%",-175,1.85,0
2025-11-04,2024-07-09,"2.10%",-150,2.1,0
2025-11-04,2024-07-09,"2.35%",-125,2.35,0
2025-11-04,2024-07-09,"2.60%",-100,2.6,0
2025-11-04,2024-07-09,"2.85%",-75,2.85,0.0146359365193265
2025-11-04,2024-07-09,"3.10%",-50,3.1,0.0371262567775695
2025-11-04,2024-07-09,"3.35%",-25,3.35,0.0762134868133025
2025-11-04,2024-07-09,"3.60%",0,3.6,0.126618543572941
2025-11-04,2024-07-09,"3.85%",25,3.85,0.1702532777302
2025-11-04,2024-07-09,"4.10%",50,4.1,0.1852835672613
2025-11-04,2024-07-09,"4.35%",75,4.35,0.163201677556474
2025-11-04,2024-07-09,"4.60%",100,4.6,0.116346700376231
2025-11-04,2024-07-09,"4.85%",125,4.85,0.0671294685911875
2025-11-04,2024-07-09,"5.10%",150,5.1,0.0313460442996021
2025-11-04,2024-07-09,"5.35%",175,5.35,0.0118450405018651
2025-11-04,2024-07-09,"5.60%",200,5.6,0
2025-11-04,2024-07-09,"5.85%",225,5.85,0
2025-11-04,2024-07-09,"6.10%",250,6.1,0
2025-11-04,2024-07-10,"0.10%",-300,0.1,0
2025-11-04,2024-07-10,"0.35%",-300,0.35,0
2025-11-04,2024-07-10,"0.60%",-300,0.6,0
2025-11-04,2024-07-10,"0.85%",-275,0.85,0
2025-11-04,2024-07-10,"1.10%",-250,1.1,0
2025-11-04,2024-07-10,"1.35%",-225,1.35,0
2025-11-04,2024-07-10,"1.60%",-200,1.6,0
2025-11-04,2024-07-10,"1.85%",-175,1.85,0
2025-11-04,2024-07-10,"2.10%",-150,2.1,0
2025-11-04,2024-07-10,"2.35%",-125,2.35,0
2025-11-04,2024-07-10,"2.60%",-100,2.6,0
2025-11-04,2024-07-10,"2.85%",-75,2.85,0.0166915385534077
2025-11-04,2024-07-10,"3.10%",-50,3.1,0.041971882358648
2025-11-04,2024-07-10,"3.35%",-25,3.35,0.0848087597531881
2025-11-04,2024-07-10,"3.60%",0,3.6,0.13771143893604
2025-11-04,2024-07-10,"3.85%",25,3.85,0.179707108122089
2025-11-04,2024-07-10,"4.10%",50,4.1,0.18846770594337
2025-11-04,2024-07-10,"4.35%",75,4.35,0.158849910097064
2025-11-04,2024-07-10,"4.60%",100,4.6,0.107599082027864
2025-11-04,2024-07-10,"4.85%",125,4.85,0.0585715120011694
2025-11-04,2024-07-10,"5.10%",150,5.1,0.0256210622071596
2025-11-04,2024-07-10,"5.35%",175,5.35,0
2025-11-04,2024-07-10,"5.60%",200,5.6,0
2025-11-04,2024-07-10,"5.85%",225,5.85,0
2025-11-04,2024-07-10,"6.10%",250,6.1,0
2025-11-04,2024-07-11,"0.10%",-300,0.1,0
2025-11-04,2024-07-11,"0.35%",-300,0.35,0
2025-11-04,2024-07-11,"0.60%",-300,0.6,0
2025-11-04,2024-07-11,"0.85%",-275,0.85,0
2025-11-04,2024-07-11,"1.10%",-250,1.1,0
2025-11-04,2024-07-11,"1.35%",-225,1.35,0
2025-11-04,2024-07-11,"1.60%",-200,1.6,0
2025-11-04,2024-07-11,"1.85%",-175,1.85,0
2025-11-04,2024-07-11,"2.10%",-150,2.1,0
2025-11-04,2024-07-11,"2.35%",-125,2.35,0
2025-11-04,2024-07-11,"2.60%",-100,2.6,0
2025-11-04,2024-07-11,"2.85%",-75,2.85,0.0133643892091945
2025-11-04,2024-07-11,"3.10%",-50,3.1,0.0349208228863015
2025-11-04,2024-07-11,"3.35%",-25,3.35,0.073498944720993
2025-11-04,2024-07-11,"3.60%",0,3.6,0.124613861589014
2025-11-04,2024-07-11,"3.85%",25,3.85,0.170200192793015
2025-11-04,2024-07-11,"4.10%",50,4.1,0.187272524395976
2025-11-04,2024-07-11,"4.35%",75,4.35,0.166001523760038
2025-11-04,2024-07-11,"4.60%",100,4.6,0.11854123602034
2025-11-04,2024-07-11,"4.85%",125,4.85,0.0681919922708955
2025-11-04,2024-07-11,"5.10%",150,5.1,0.0315997129455819
2025-11-04,2024-07-11,"5.35%",175,5.35,0.0117947994086498
2025-11-04,2024-07-11,"5.60%",200,5.6,0
2025-11-04,2024-07-11,"5.85%",225,5.85,0
2025-11-04,2024-07-11,"6.10%",250,6.1,0
2025-11-04,2024-07-12,"0.10%",-300,0.1,0
2025-11-04,2024-07-12,"0.35%",-300,0.35,0
2025-11-04,2024-07-12,"0.60%",-300,0.6,0
2025-11-04,2024-07-12,"0.85%",-275,0.85,0
2025-11-04,2024-07-12,"1.10%",-250,1.1,0
2025-11-04,2024-07-12,"1.35%",-225,1.35,0
2025-11-04,2024-07-12,"1.60%",-200,1.6,0
2025-11-04,2024-07-12,"1.85%",-175,1.85,0
2025-11-04,2024-07-12,"2.10%",-150,2.1,0
2025-11-04,2024-07-12,"2.35%",-125,2.35,0
2025-11-04,2024-07-12,"2.60%",-100,2.6,0
2025-11-04,2024-07-12,"2.85%",-75,2.85,0.0161668171218605
2025-11-04,2024-07-12,"3.10%",-50,3.1,0.0418884841730749
2025-11-04,2024-07-12,"3.35%",-25,3.35,0.0863244667263743
2025-11-04,2024-07-12,"3.60%",0,3.6,0.141505709769271
2025-11-04,2024-07-12,"3.85%",25,3.85,0.184517242284971
2025-11-04,2024-07-12,"4.10%",50,4.1,0.19139691387133
2025-11-04,2024-07-12,"4.35%",75,4.35,0.157931791840678
2025-11-04,2024-07-12,"4.60%",100,4.6,0.103664987366962
2025-11-04,2024-07-12,"4.85%",125,4.85,0.0541257074027621
2025-11-04,2024-07-12,"5.10%",150,5.1,0.0224778794427158
2025-11-04,2024-07-12,"5.35%",175,5.35,0
2025-11-04,2024-07-12,"5.60%",200,5.6,0
2025-11-04,2024-07-12,"5.85%",225,5.85,0
2025-11-04,2024-07-12,"6.10%",250,6.1,0
2025-11-04,2024-07-15,"0.10%",-300,0.1,0
2025-11-04,2024-07-15,"0.35%",-300,0.35,0
2025-11-04,2024-07-15,"0.60%",-300,0.6,0
2025-11-04,2024-07-15,"0.85%",-275,0.85,0
2025-11-04,2024-07-15,"1.10%",-250,1.1,0
2025-11-04,2024-07-15,"1.35%",-225,1.35,0
2025-11-04,2024-07-15,"1.60%",-200,1.6,0
2025-11-04,2024-07-15,"1.85%",-175,1.85,0
2025-11-04,2024-07-15,"2.10%",-150,2.1,0
2025-11-04,2024-07-15,"2.35%",-125,2.35,0
2025-11-04,2024-07-15,"2.60%",-100,2.6,0
2025-11-04,2024-07-15,"2.85%",-75,2.85,0.0176540932268933
2025-11-04,2024-07-15,"3.10%",-50,3.1,0.0448333586493894
2025-11-04,2024-07-15,"3.35%",-25,3.35,0.0905973101638553
2025-11-04,2024-07-15,"3.60%",0,3.6,0.145686126551492
2025-11-04,2024-07-15,"3.85%",25,3.85,0.186436583492207
2025-11-04,2024-07-15,"4.10%",50,4.1,0.18987389832147
2025-11-04,2024-07-15,"4.35%",75,4.35,0.153893905094059
2025-11-04,2024-07-15,"4.60%",100,4.6,0.0992636150297893
2025-11-04,2024-07-15,"4.85%",125,4.85,0.0509508769961925
2025-11-04,2024-07-15,"5.10%",150,5.1,0.020810232474653
2025-11-04,2024-07-15,"5.35%",175,5.35,0
2025-11-04,2024-07-15,"5.60%",200,5.6,0
2025-11-04,2024-07-15,"5.85%",225,5.85,0
2025-11-04,2024-07-15,"6.10%",250,6.1,0
2025-11-04,2024-07-16,"0.10%",-300,0.1,0
2025-11-04,2024-07-16,"0.35%",-300,0.35,0
2025-11-04,2024-07-16,"0.60%",-300,0.6,0
2025-11-04,2024-07-16,"0.85%",-275,0.85,0
2025-11-04,2024-07-16,"1.10%",-250,1.1,0
2025-11-04,2024-07-16,"1.35%",-225,1.35,0
2025-11-04,2024-07-16,"1.60%",-200,1.6,0
2025-11-04,2024-07-16,"1.85%",-175,1.85,0
2025-11-04,2024-07-16,"2.10%",-150,2.1,0
2025-11-04,2024-07-16,"2.35%",-125,2.35,0
2025-11-04,2024-07-16,"2.60%",-100,2.6,0
2025-11-04,2024-07-16,"2.85%",-75,2.85,0.0222488728140889
2025-11-04,2024-07-16,"3.10%",-50,3.1,0.0548019284350502
2025-11-04,2024-07-16,"3.35%",-25,3.35,0.106335668701485
2025-11-04,2024-07-16,"3.60%",0,3.6,0.162551326812779
2025-11-04,2024-07-16,"3.85%",25,3.85,0.195772712371723
2025-11-04,2024-07-16,"4.10%",50,4.1,0.185769104639538
2025-11-04,2024-07-16,"4.35%",75,4.35,0.138883864687007
2025-11-04,2024-07-16,"4.60%",100,4.6,0.0818035427238567
2025-11-04,2024-07-16,"4.85%",125,4.85,0.0379583782502358
2025-11-04,2024-07-16,"5.10%",150,5.1,0.0138746005642344
2025-11-04,2024-07-16,"5.35%",175,5.35,0
2025-11-04,2024-07-16,"5.60%",200,5.6,0
2025-11-04,2024-07-16,"5.85%",225,5.85,0
2025-11-04,2024-07-16,"6.10%",250,6.1,0
2025-11-04,2024-07-17,"0.10%",-300,0.1,0
2025-11-04,2024-07-17,"0.35%",-300,0.35,0
2025-11-04,2024-07-17,"0.60%",-300,0.6,0
2025-11-04,2024-07-17,"0.85%",-275,0.85,0
2025-11-04,2024-07-17,"1.10%",-250,1.1,0
2025-11-04,2024-07-17,"1.35%",-225,1.35,0
2025-11-04,2024-07-17,"1.60%",-200,1.6,0
2025-11-04,2024-07-17,"1.85%",-175,1.85,0
2025-11-04,2024-07-17,"2.10%",-150,2.1,0
2025-11-04,2024-07-17,"2.35%",-125,2.35,0
2025-11-04,2024-07-17,"2.60%",-100,2.6,0
2025-11-04,2024-07-17,"2.85%",-75,2.85,0.016784080006166
2025-11-04,2024-07-17,"3.10%",-50,3.1,0.0502453150308958
2025-11-04,2024-07-17,"3.35%",-25,3.35,0.11127190413836
2025-11-04,2024-07-17,"3.60%",0,3.6,0.182325423609161
2025-11-04,2024-07-17,"3.85%",25,3.85,0.221071057684048
2025-11-04,2024-07-17,"4.10%",50,4.1,0.198362605987934
2025-11-04,2024-07-17,"4.35%",75,4.35,0.131710236804982
2025-11-04,2024-07-17,"4.60%",100,4.6,0.0647095468821796
2025-11-04,2024-07-17,"4.85%",125,4.85,0.0235198298562731
2025-11-04,2024-07-17,"5.10%",150,5.1,0
2025-11-04,2024-07-17,"5.35%",175,5.35,0
2025-11-04,2024-07-17,"5.60%",200,5.6,0
2025-11-04,2024-07-17,"5.85%",225,5.85,0
2025-11-04,2024-07-17,"6.10%",250,6.1,0
2025-11-04,2024-07-18,"0.10%",-300,0.1,0
2025-11-04,2024-07-18,"0.35%",-300,0.35,0
2025-11-04,2024-07-18,"0.60%",-300,0.6,0
2025-11-04,2024-07-18,"0.85%",-275,0.85,0
2025-11-04,2024-07-18,"1.10%",-250,1.1,0
2025-11-04,2024-07-18,"1.35%",-225,1.35,0
2025-11-04,2024-07-18,"1.60%",-200,1.6,0
2025-11-04,2024-07-18,"1.85%",-175,1.85,0
2025-11-04,2024-07-18,"2.10%",-150,2.1,0
2025-11-04,2024-07-18,"2.35%",-125,2.35,0
2025-11-04,2024-07-18,"2.60%",-100,2.6,0
2025-11-04,2024-07-18,"2.85%",-75,2.85,0.0228377679840715
2025-11-04,2024-07-18,"3.10%",-50,3.1,0.0588933477997633
2025-11-04,2024-07-18,"3.35%",-25,3.35,0.116740121585491
2025-11-04,2024-07-18,"3.60%",0,3.6,0.177894015253669
2025-11-04,2024-07-18,"3.85%",25,3.85,0.208410126425007
2025-11-04,2024-07-18,"4.10%",50,4.1,0.18771700196006
2025-11-04,2024-07-18,"4.35%",75,4.35,0.129989544207794
2025-11-04,2024-07-18,"4.60%",100,4.6,0.0692002841594348
2025-11-04,2024-07-18,"4.85%",125,4.85,0.0283177906247091
2025-11-04,2024-07-18,"5.10%",150,5.1,0
2025-11-04,2024-07-18,"5.35%",175,5.35,0
2025-11-04,2024-07-18,"5.60%",200,5.6,0
2025-11-04,2024-07-18,"5.85%",225,5.85,0
2025-11-04,2024-07-18,"6.10%",250,6.1,0
2025-11-04,2024-07-19,"0.10%",-300,0.1,0
2025-11-04,2024-07-19,"0.35%",-300,0.35,0
2025-11-04,2024-07-19,"0.60%",-300,0.6,0
2025-11-04,2024-07-19,"0.85%",-275,0.85,0
2025-11-04,2024-07-19,"1.10%",-250,1.1,0
2025-11-04,2024-07-19,"1.35%",-225,1.35,0
2025-11-04,2024-07-19,"1.60%",-200,1.6,0
2025-11-04,2024-07-19,"1.85%",-175,1.85,0
2025-11-04,2024-07-19,"2.10%",-150,2.1,0
2025-11-04,2024-07-19,"2.35%",-125,2.35,0
2025-11-04,2024-07-19,"2.60%",-100,2.6,0
2025-11-04,2024-07-19,"2.85%",-75,2.85,0.0219449577178623
2025-11-04,2024-07-19,"3.10%",-50,3.1,0.056127799325732
2025-11-04,2024-07-19,"3.35%",-25,3.35,0.11121145396012
2025-11-04,2024-07-19,"3.60%",0,3.6,0.170722666966317
2025-11-04,2024-07-19,"3.85%",25,3.85,0.203062583996557
2025-11-04,2024-07-19,"4.10%",50,4.1,0.187144343375417
2025-11-04,2024-07-19,"4.35%",75,4.35,0.133636895942575
2025-11-04,2024-07-19,"4.60%",100,4.6,0.0739362950287313
2025-11-04,2024-07-19,"4.85%",125,4.85,0.0316908567882087
2025-11-04,2024-07-19,"5.10%",150,5.1,0.01052214689848
2025-11-04,2024-07-19,"5.35%",175,5.35,0
2025-11-04,2024-07-19,"5.60%",200,5.6,0
2025-11-04,2024-07-19,"5.85%",225,5.85,0
2025-11-04,2024-07-19,"6.10%",250,6.1,0
2025-11-04,2024-07-22,"0.10%",-300,0.1,0
2025-11-04,2024-07-22,"0.35%",-300,0.35,0
2025-11-04,2024-07-22,"0.60%",-300,0.6,0
2025-11-04,2024-07-22,"0.85%",-275,0.85,0
2025-11-04,2024-07-22,"1.10%",-250,1.1,0
2025-11-04,2024-07-22,"1.35%",-225,1.35,0
2025-11-04,2024-07-22,"1.60%",-200,1.6,0
2025-11-04,2024-07-22,"1.85%",-175,1.85,0
2025-11-04,2024-07-22,"2.10%",-150,2.1,0
2025-11-04,2024-07-22,"2.35%",-125,2.35,0
2025-11-04,2024-07-22,"2.60%",-100,2.6,0
2025-11-04,2024-07-22,"2.85%",-75,2.85,0.0269375848782642
2025-11-04,2024-07-22,"3.10%",-50,3.1,0.0606724627697362
2025-11-04,2024-07-22,"3.35%",-25,3.35,0.109979887682109
2025-11-04,2024-07-22,"3.60%",0,3.6,0.160452351396073
2025-11-04,2024-07-22,"3.85%",25,3.85,0.188410278134255
2025-11-04,2024-07-22,"4.10%",50,4.1,0.178071747903658
2025-11-04,2024-07-22,"4.35%",75,4.35,0.135461282769086
2025-11-04,2024-07-22,"4.60%",100,4.6,0.0829381801964717
2025-11-04,2024-07-22,"4.85%",125,4.85,0.0408690233469646
2025-11-04,2024-07-22,"5.10%",150,5.1,0.0162072009233816
2025-11-04,2024-07-22,"5.35%",175,5.35,0
2025-11-04,2024-07-22,"5.60%",200,5.6,0
2025-11-04,2024-07-22,"5.85%",225,5.85,0
2025-11-04,2024-07-22,"6.10%",250,6.1,0
2025-11-04,2024-07-23,"0.10%",-300,0.1,0
2025-11-04,2024-07-23,"0.35%",-300,0.35,0
2025-11-04,2024-07-23,"0.60%",-300,0.6,0
2025-11-04,2024-07-23,"0.85%",-275,0.85,0
2025-11-04,2024-07-23,"1.10%",-250,1.1,0
2025-11-04,2024-07-23,"1.35%",-225,1.35,0
2025-11-04,2024-07-23,"1.60%",-200,1.6,0
2025-11-04,2024-07-23,"1.85%",-175,1.85,0
2025-11-04,2024-07-23,"2.10%",-150,2.1,0
2025-11-04,2024-07-23,"2.35%",-125,2.35,0
2025-11-04,2024-07-23,"2.60%",-100,2.6,0
2025-11-04,2024-07-23,"2.85%",-75,2.85,0.0135125847520577
2025-11-04,2024-07-23,"3.10%",-50,3.1,0.0416267045993553
2025-11-04,2024-07-23,"3.35%",-25,3.35,0.0959525732303
2025-11-04,2024-07-23,"3.60%",0,3.6,0.165526044755755
2025-11-04,2024-07-23,"3.85%",25,3.85,0.213722947041817
2025-11-04,2024-07-23,"4.10%",50,4.1,0.206554637613404
2025-11-04,2024-07-23,"4.35%",75,4.35,0.149421992167966
2025-11-04,2024-07-23,"4.60%",100,4.6,0.0809020855617673
2025-11-04,2024-07-23,"4.85%",125,4.85,0.0327804302775782
2025-11-04,2024-07-23,"5.10%",150,5.1,0
2025-11-04,2024-07-23,"5.35%",175,5.35,0
2025-11-04,2024-07-23,"5.60%",200,5.6,0
2025-11-04,2024-07-23,"5.85%",225,5.85,0
2025-11-04,2024-07-23,"6.10%",250,6.1,0
2025-11-04,2024-07-24,"0.10%",-300,0.1,0
2025-11-04,2024-07-24,"0.35%",-300,0.35,0
2025-11-04,2024-07-24,"0.60%",-300,0.6,0
2025-11-04,2024-07-24,"0.85%",-275,0.85,0
2025-11-04,2024-07-24,"1.10%",-250,1.1,0
2025-11-04,2024-07-24,"1.35%",-225,1.35,0
2025-11-04,2024-07-24,"1.60%",-200,1.6,0
2025-11-04,2024-07-24,"1.85%",-175,1.85,0
2025-11-04,2024-07-24,"2.10%",-150,2.1,0
2025-11-04,2024-07-24,"2.35%",-125,2.35,0
2025-11-04,2024-07-24,"2.60%",-100,2.6,0
2025-11-04,2024-07-24,"2.85%",-75,2.85,0.022476715861114
2025-11-04,2024-07-24,"3.10%",-50,3.1,0.0537863068292151
2025-11-04,2024-07-24,"3.35%",-25,3.35,0.102675162930749
2025-11-04,2024-07-24,"3.60%",0,3.6,0.156365641408546
2025-11-04,2024-07-24,"3.85%",25,3.85,0.189984304412395
2025-11-04,2024-07-24,"4.10%",50,4.1,0.184163306579742
2025-11-04,2024-07-24,"4.35%",75,4.35,0.142428239658271
2025-11-04,2024-07-24,"4.60%",100,4.6,0.0878790809242261
2025-11-04,2024-07-24,"4.85%",125,4.85,0.0432564121738078
2025-11-04,2024-07-24,"5.10%",150,5.1,0.0169848292219337
2025-11-04,2024-07-24,"5.35%",175,5.35,0
2025-11-04,2024-07-24,"5.60%",200,5.6,0
2025-11-04,2024-07-24,"5.85%",225,5.85,0
2025-11-04,2024-07-24,"6.10%",250,6.1,0
2025-11-04,2024-07-25,"0.10%",-300,0.1,0
2025-11-04,2024-07-25,"0.35%",-300,0.35,0
2025-11-04,2024-07-25,"0.60%",-300,0.6,0
2025-11-04,2024-07-25,"0.85%",-275,0.85,0
2025-11-04,2024-07-25,"1.10%",-250,1.1,0
2025-11-04,2024-07-25,"1.35%",-225,1.35,0
2025-11-04,2024-07-25,"1.60%",-200,1.6,0
2025-11-04,2024-07-25,"1.85%",-175,1.85,0
2025-11-04,2024-07-25,"2.10%",-150,2.1,0
2025-11-04,2024-07-25,"2.35%",-125,2.35,0
2025-11-04,2024-07-25,"2.60%",-100,2.6,0.0126677479041687
2025-11-04,2024-07-25,"2.85%",-75,2.85,0.0332058949136687
2025-11-04,2024-07-25,"3.10%",-50,3.1,0.0703313170591613
2025-11-04,2024-07-25,"3.35%",-25,3.35,0.120372269237659
2025-11-04,2024-07-25,"3.60%",0,3.6,0.166482110171109
2025-11-04,2024-07-25,"3.85%",25,3.85,0.186073247886064
2025-11-04,2024-07-25,"4.10%",50,4.1,0.168065909814501
2025-11-04,2024-07-25,"4.35%",75,4.35,0.122673544160775
2025-11-04,2024-07-25,"4.60%",100,4.6,0.0723579588529742
2025-11-04,2024-07-25,"4.85%",125,4.85,0.0344879078397322
2025-11-04,2024-07-25,"5.10%",150,5.1,0.0132820921601877
2025-11-04,2024-07-25,"5.35%",175,5.35,0
2025-11-04,2024-07-25,"5.60%",200,5.6,0
2025-11-04,2024-07-25,"5.85%",225,5.85,0
2025-11-04,2024-07-25,"6.10%",250,6.1,0
2025-11-04,2024-07-26,"0.10%",-300,0.1,0
2025-11-04,2024-07-26,"0.35%",-300,0.35,0
2025-11-04,2024-07-26,"0.60%",-300,0.6,0
2025-11-04,2024-07-26,"0.85%",-275,0.85,0
2025-11-04,2024-07-26,"1.10%",-250,1.1,0
2025-11-04,2024-07-26,"1.35%",-225,1.35,0
2025-11-04,2024-07-26,"1.60%",-200,1.6,0
2025-11-04,2024-07-26,"1.85%",-175,1.85,0
2025-11-04,2024-07-26,"2.10%",-150,2.1,0
2025-11-04,2024-07-26,"2.35%",-125,2.35,0
2025-11-04,2024-07-26,"2.60%",-100,2.6,0.0135354764801523
2025-11-04,2024-07-26,"2.85%",-75,2.85,0.0339799835569784
2025-11-04,2024-07-26,"3.10%",-50,3.1,0.069775732354683
2025-11-04,2024-07-26,"3.35%",-25,3.35,0.117202925455887
2025-11-04,2024-07-26,"3.60%",0,3.6,0.161042642997462
2025-11-04,2024-07-26,"3.85%",25,3.85,0.181017845599864
2025-11-04,2024-07-26,"4.10%",50,4.1,0.166449902379827
2025-11-04,2024-07-26,"4.35%",75,4.35,0.125205894153721
2025-11-04,2024-07-26,"4.60%",100,4.6,0.0770435693988972
2025-11-04,2024-07-26,"4.85%",125,4.85,0.0387796408203176
2025-11-04,2024-07-26,"5.10%",150,5.1,0.0159663868022101
2025-11-04,2024-07-26,"5.35%",175,5.35,0
2025-11-04,2024-07-26,"5.60%",200,5.6,0
2025-11-04,2024-07-26,"5.85%",225,5.85,0
2025-11-04,2024-07-26,"6.10%",250,6.1,0
2025-11-04,2024-07-29,"0.10%",-300,0.1,0
2025-11-04,2024-07-29,"0.35%",-300,0.35,0
2025-11-04,2024-07-29,"0.60%",-300,0.6,0
2025-11-04,2024-07-29,"0.85%",-275,0.85,0
2025-11-04,2024-07-29,"1.10%",-250,1.1,0
2025-11-04,2024-07-29,"1.35%",-225,1.35,0
2025-11-04,2024-07-29,"1.60%",-200,1.6,0
2025-11-04,2024-07-29,"1.85%",-175,1.85,0
2025-11-04,2024-07-29,"2.10%",-150,2.1,0
2025-11-04,2024-07-29,"2.35%",-125,2.35,0
2025-11-04,2024-07-29,"2.60%",-100,2.6,0.0163810279828154
2025-11-04,2024-07-29,"2.85%",-75,2.85,0.037879899711536
2025-11-04,2024-07-29,"3.10%",-50,3.1,0.072939980567321
2025-11-04,2024-07-29,"3.35%",-25,3.35,0.116957012102619
2025-11-04,2024-07-29,"3.60%",0,3.6,0.156171368150845
2025-11-04,2024-07-29,"3.85%",25,3.85,0.173659177092792
2025-11-04,2024-07-29,"4.10%",50,4.1,0.16081171727132
2025-11-04,2024-07-29,"4.35%",75,4.35,0.124010794628039
2025-11-04,2024-07-29,"4.60%",100,4.6,0.0796374161505695
2025-11-04,2024-07-29,"4.85%",125,4.85,0.0425873498204268
2025-11-04,2024-07-29,"5.10%",150,5.1,0.0189642565217176
2025-11-04,2024-07-29,"5.35%",175,5.35,0
2025-11-04,2024-07-29,"5.60%",200,5.6,0
2025-11-04,2024-07-29,"5.85%",225,5.85,0
2025-11-04,2024-07-29,"6.10%",250,6.1,0
2025-11-04,2024-07-31,"0.10%",-300,0.1,0
2025-11-04,2024-07-31,"0.35%",-300,0.35,0
2025-11-04,2024-07-31,"0.60%",-300,0.6,0
2025-11-04,2024-07-31,"0.85%",-275,0.85,0
2025-11-04,2024-07-31,"1.10%",-250,1.1,0
2025-11-04,2024-07-31,"1.35%",-225,1.35,0
2025-11-04,2024-07-31,"1.60%",-200,1.6,0
2025-11-04,2024-07-31,"1.85%",-175,1.85,0
2025-11-04,2024-07-31,"2.10%",-150,2.1,0
2025-11-04,2024-07-31,"2.35%",-125,2.35,0.016499841127452
2025-11-04,2024-07-31,"2.60%",-100,2.6,0.0378671699329629
2025-11-04,2024-07-31,"2.85%",-75,2.85,0.072543013431452
2025-11-04,2024-07-31,"3.10%",-50,3.1,0.116009071289138
2025-11-04,2024-07-31,"3.35%",-25,3.35,0.154868170085847
2025-11-04,2024-07-31,"3.60%",0,3.6,0.172588802946457
2025-11-04,2024-07-31,"3.85%",25,3.85,0.16056308486242
2025-11-04,2024-07-31,"4.10%",50,4.1,0.124698096528567
2025-11-04,2024-07-31,"4.35%",75,4.35,0.080844297610641
2025-11-04,2024-07-31,"4.60%",100,4.6,0.0437527067995159
2025-11-04,2024-07-31,"4.85%",125,4.85,0.0197657453855471
2025-11-04,2024-07-31,"5.10%",150,5.1,0
2025-11-04,2024-07-31,"5.35%",175,5.35,0
2025-11-04,2024-07-31,"5.60%",200,5.6,0
2025-11-04,2024-07-31,"5.85%",225,5.85,0
2025-11-04,2024-07-31,"6.10%",250,6.1,0
2025-11-04,2024-08-01,"0.10%",-300,0.1,0
2025-11-04,2024-08-01,"0.35%",-300,0.35,0
2025-11-04,2024-08-01,"0.60%",-300,0.6,0
2025-11-04,2024-08-01,"0.85%",-275,0.85,0
2025-11-04,2024-08-01,"1.10%",-250,1.1,0
2025-11-04,2024-08-01,"1.35%",-225,1.35,0
2025-11-04,2024-08-01,"1.60%",-200,1.6,0
2025-11-04,2024-08-01,"1.85%",-175,1.85,0
2025-11-04,2024-08-01,"2.10%",-150,2.1,0
2025-11-04,2024-08-01,"2.35%",-125,2.35,0.0124744685006205
2025-11-04,2024-08-01,"2.60%",-100,2.6,0.033102748602981
2025-11-04,2024-08-01,"2.85%",-75,2.85,0.0707100380338188
2025-11-04,2024-08-01,"3.10%",-50,3.1,0.12159093040682
2025-11-04,2024-08-01,"3.35%",-25,3.35,0.168323560220578
2025-11-04,2024-08-01,"3.60%",0,3.6,0.187596508470357
2025-11-04,2024-08-01,"3.85%",25,3.85,0.168323560220579
2025-11-04,2024-08-01,"4.10%",50,4.1,0.121590930406822
2025-11-04,2024-08-01,"4.35%",75,4.35,0.0707100380338206
2025-11-04,2024-08-01,"4.60%",100,4.6,0.0331027486029822
2025-11-04,2024-08-01,"4.85%",125,4.85,0.012474468500621
2025-11-04,2024-08-01,"5.10%",150,5.1,0
2025-11-04,2024-08-01,"5.35%",175,5.35,0
2025-11-04,2024-08-01,"5.60%",200,5.6,0
2025-11-04,2024-08-01,"5.85%",225,5.85,0
2025-11-04,2024-08-01,"6.10%",250,6.1,0
2025-11-04,2024-08-02,"0.10%",-300,0.1,0
2025-11-04,2024-08-02,"0.35%",-300,0.35,0
2025-11-04,2024-08-02,"0.60%",-300,0.6,0
2025-11-04,2024-08-02,"0.85%",-275,0.85,0
2025-11-04,2024-08-02,"1.10%",-250,1.1,0
2025-11-04,2024-08-02,"1.35%",-225,1.35,0
2025-11-04,2024-08-02,"1.60%",-200,1.6,0
2025-11-04,2024-08-02,"1.85%",-175,1.85,0
2025-11-04,2024-08-02,"2.10%",-150,2.1,0.0109070185203304
2025-11-04,2024-08-02,"2.35%",-125,2.35,0.0256479261569875
2025-11-04,2024-08-02,"2.60%",-100,2.6,0.0512921157017153
2025-11-04,2024-08-02,"2.85%",-75,2.85,0.0872392176852298
2025-11-04,2024-08-02,"3.10%",-50,3.1,0.126195533244022
2025-11-04,2024-08-02,"3.35%",-25,3.35,0.155257682552452
2025-11-04,2024-08-02,"3.60%",0,3.6,0.162458487490251
2025-11-04,2024-08-02,"3.85%",25,3.85,0.144581466214991
2025-11-04,2024-08-02,"4.10%",50,4.1,0.1094364254656
2025-11-04,2024-08-02,"4.35%",75,4.35,0.0704507814643583
2025-11-04,2024-08-02,"4.60%",100,4.6,0.0385724705073273
2025-11-04,2024-08-02,"4.85%",125,4.85,0.0179608749967343
2025-11-04,2024-08-02,"5.10%",150,5.1,0
2025-11-04,2024-08-02,"5.35%",175,5.35,0
2025-11-04,2024-08-02,"5.60%",200,5.6,0
2025-11-04,2024-08-02,"5.85%",225,5.85,0
2025-11-04,2024-08-02,"6.10%",250,6.1,0
2025-11-04,2024-08-05,"0.10%",-300,0.1,0
2025-11-04,2024-08-05,"0.35%",-300,0.35,0
2025-11-04,2024-08-05,"0.60%",-300,0.6,0
2025-11-04,2024-08-05,"0.85%",-275,0.85,0
2025-11-04,2024-08-05,"1.10%",-250,1.1,0
2025-11-04,2024-08-05,"1.35%",-225,1.35,0
2025-11-04,2024-08-05,"1.60%",-200,1.6,0.0148664449709224
2025-11-04,2024-08-05,"1.85%",-175,1.85,0.0279765652452952
2025-11-04,2024-08-05,"2.10%",-150,2.1,0.0472973923655892
2025-11-04,2024-08-05,"2.35%",-125,2.35,0.0718352956602039
2025-11-04,2024-08-05,"2.60%",-100,2.6,0.09801630662752
2025-11-04,2024-08-05,"2.85%",-75,2.85,0.120148943434934
2025-11-04,2024-08-05,"3.10%",-50,3.1,0.13231335357474
2025-11-04,2024-08-05,"3.35%",-25,3.35,0.130903101610806
2025-11-04,2024-08-05,"3.60%",0,3.6,0.116347936808141
2025-11-04,2024-08-05,"3.85%",25,3.85,0.0929029250771781
2025-11-04,2024-08-05,"4.10%",50,4.1,0.066643994318614
2025-11-04,2024-08-05,"4.35%",75,4.35,0.0429489029133503
2025-11-04,2024-08-05,"4.60%",100,4.6,0.0248656937671244
2025-11-04,2024-08-05,"4.85%",125,4.85,0.0129331436255822
2025-11-04,2024-08-05,"5.10%",150,5.1,0
2025-11-04,2024-08-05,"5.35%",175,5.35,0
2025-11-04,2024-08-05,"5.60%",200,5.6,0
2025-11-04,2024-08-05,"5.85%",225,5.85,0
2025-11-04,2024-08-05,"6.10%",250,6.1,0
2025-11-04,2024-08-06,"0.10%",-300,0.1,0
2025-11-04,2024-08-06,"0.35%",-300,0.35,0
2025-11-04,2024-08-06,"0.60%",-300,0.6,0
2025-11-04,2024-08-06,"0.85%",-275,0.85,0
2025-11-04,2024-08-06,"1.10%",-250,1.1,0
2025-11-04,2024-08-06,"1.35%",-225,1.35,0
2025-11-04,2024-08-06,"1.60%",-200,1.6,0
2025-11-04,2024-08-06,"1.85%",-175,1.85,0
2025-11-04,2024-08-06,"2.10%",-150,2.1,0.0147593229066345
2025-11-04,2024-08-06,"2.35%",-125,2.35,0.03371895287563
2025-11-04,2024-08-06,"2.60%",-100,2.6,0.0649069932262545
2025-11-04,2024-08-06,"2.85%",-75,2.85,0.105276303614826
2025-11-04,2024-08-06,"3.10%",-50,3.1,0.143880010129773
2025-11-04,2024-08-06,"3.35%",-25,3.35,0.165694023827145
2025-11-04,2024-08-06,"3.60%",0,3.6,0.16078756081528
2025-11-04,2024-08-06,"3.85%",25,3.85,0.131473037865638
2025-11-04,2024-08-06,"4.10%",50,4.1,0.0905848993465497
2025-11-04,2024-08-06,"4.35%",75,4.35,0.0525899561551171
2025-11-04,2024-08-06,"4.60%",100,4.6,0.0257257278201233
2025-11-04,2024-08-06,"4.85%",125,4.85,0.0106032114170289
2025-11-04,2024-08-06,"5.10%",150,5.1,0
2025-11-04,2024-08-06,"5.35%",175,5.35,0
2025-11-04,2024-08-06,"5.60%",200,5.6,0
2025-11-04,2024-08-06,"5.85%",225,5.85,0
2025-11-04,2024-08-06,"6.10%",250,6.1,0
2025-11-04,2024-08-07,"0.10%",-300,0.1,0
2025-11-04,2024-08-07,"0.35%",-300,0.35,0
2025-11-04,2024-08-07,"0.60%",-300,0.6,0
2025-11-04,2024-08-07,"0.85%",-275,0.85,0
2025-11-04,2024-08-07,"1.10%",-250,1.1,0
2025-11-04,2024-08-07,"1.35%",-225,1.35,0
2025-11-04,2024-08-07,"1.60%",-200,1.6,0
2025-11-04,2024-08-07,"1.85%",-175,1.85,0
2025-11-04,2024-08-07,"2.10%",-150,2.1,0.010409410167466
2025-11-04,2024-08-07,"2.35%",-125,2.35,0.0259319769286127
2025-11-04,2024-08-07,"2.60%",-100,2.6,0.053978671680765
2025-11-04,2024-08-07,"2.85%",-75,2.85,0.0938860689420115
2025-11-04,2024-08-07,"3.10%",-50,3.1,0.136453382732593
2025-11-04,2024-08-07,"3.35%",-25,3.35,0.165721830257863
2025-11-04,2024-08-07,"3.60%",0,3.6,0.168186692671479
2025-11-04,2024-08-07,"3.85%",25,3.85,0.142633111710777
2025-11-04,2024-08-07,"4.10%",50,4.1,0.101079319460492
2025-11-04,2024-08-07,"4.35%",75,4.35,0.0598563234750405
2025-11-04,2024-08-07,"4.60%",100,4.6,0.0296177695768238
2025-11-04,2024-08-07,"4.85%",125,4.85,0.0122454423960767
2025-11-04,2024-08-07,"5.10%",150,5.1,0
2025-11-04,2024-08-07,"5.35%",175,5.35,0
2025-11-04,2024-08-07,"5.60%",200,5.6,0
2025-11-04,2024-08-07,"5.85%",225,5.85,0
2025-11-04,2024-08-07,"6.10%",250,6.1,0
2025-11-04,2024-08-08,"0.10%",-300,0.1,0
2025-11-04,2024-08-08,"0.35%",-300,0.35,0
2025-11-04,2024-08-08,"0.60%",-300,0.6,0
2025-11-04,2024-08-08,"0.85%",-275,0.85,0
2025-11-04,2024-08-08,"1.10%",-250,1.1,0
2025-11-04,2024-08-08,"1.35%",-225,1.35,0
2025-11-04,2024-08-08,"1.60%",-200,1.6,0
2025-11-04,2024-08-08,"1.85%",-175,1.85,0
2025-11-04,2024-08-08,"2.10%",-150,2.1,0
2025-11-04,2024-08-08,"2.35%",-125,2.35,0.0260513164209336
2025-11-04,2024-08-08,"2.60%",-100,2.6,0.055793112647918
2025-11-04,2024-08-08,"2.85%",-75,2.85,0.0987703853276285
2025-11-04,2024-08-08,"3.10%",-50,3.1,0.1445382052006
2025-11-04,2024-08-08,"3.35%",-25,3.35,0.174846980402916
2025-11-04,2024-08-08,"3.60%",0,3.6,0.174846980402917
2025-11-04,2024-08-08,"3.85%",25,3.85,0.144538205200602
2025-11-04,2024-08-08,"4.10%",50,4.1,0.0987703853276305
2025-11-04,2024-08-08,"4.35%",75,4.35,0.0557931126479197
2025-11-04,2024-08-08,"4.60%",100,4.6,0.0260513164209347
2025-11-04,2024-08-08,"4.85%",125,4.85,0
2025-11-04,2024-08-08,"5.10%",150,5.1,0
2025-11-04,2024-08-08,"5.35%",175,5.35,0
2025-11-04,2024-08-08,"5.60%",200,5.6,0
2025-11-04,2024-08-08,"5.85%",225,5.85,0
2025-11-04,2024-08-08,"6.10%",250,6.1,0
2025-11-04,2024-08-09,"0.10%",-300,0.1,0
2025-11-04,2024-08-09,"0.35%",-300,0.35,0
2025-11-04,2024-08-09,"0.60%",-300,0.6,0
2025-11-04,2024-08-09,"0.85%",-275,0.85,0
2025-11-04,2024-08-09,"1.10%",-250,1.1,0
2025-11-04,2024-08-09,"1.35%",-225,1.35,0
2025-11-04,2024-08-09,"1.60%",-200,1.6,0
2025-11-04,2024-08-09,"1.85%",-175,1.85,0
2025-11-04,2024-08-09,"2.10%",-150,2.1,0
2025-11-04,2024-08-09,"2.35%",-125,2.35,0.025855000214428
2025-11-04,2024-08-09,"2.60%",-100,2.6,0.0558566351234277
2025-11-04,2024-08-09,"2.85%",-75,2.85,0.099433839646607
2025-11-04,2024-08-09,"3.10%",-50,3.1,0.145860689011986
2025-11-04,2024-08-09,"3.35%",-25,3.35,0.176318265049189
2025-11-04,2024-08-09,"3.60%",0,3.6,0.175637207681722
2025-11-04,2024-08-09,"3.85%",25,3.85,0.14417694376605
2025-11-04,2024-08-09,"4.10%",50,4.1,0.0975281042187629
2025-11-04,2024-08-09,"4.35%",75,4.35,0.0543635537361496
2025-11-04,2024-08-09,"4.60%",100,4.6,0.0249697615516775
2025-11-04,2024-08-09,"4.85%",125,4.85,0
2025-11-04,2024-08-09,"5.10%",150,5.1,0
2025-11-04,2024-08-09,"5.35%",175,5.35,0
2025-11-04,2024-08-09,"5.60%",200,5.6,0
2025-11-04,2024-08-09,"5.85%",225,5.85,0
2025-11-04,2024-08-09,"6.10%",250,6.1,0
2025-11-04,2024-08-12,"0.10%",-300,0.1,0
2025-11-04,2024-08-12,"0.35%",-300,0.35,0
2025-11-04,2024-08-12,"0.60%",-300,0.6,0
2025-11-04,2024-08-12,"0.85%",-275,0.85,0
2025-11-04,2024-08-12,"1.10%",-250,1.1,0
2025-11-04,2024-08-12,"1.35%",-225,1.35,0
2025-11-04,2024-08-12,"1.60%",-200,1.6,0
2025-11-04,2024-08-12,"1.85%",-175,1.85,0
2025-11-04,2024-08-12,"2.10%",-150,2.1,0
2025-11-04,2024-08-12,"2.35%",-125,2.35,0.0248670246104371
2025-11-04,2024-08-12,"2.60%",-100,2.6,0.0536800755603477
2025-11-04,2024-08-12,"2.85%",-75,2.85,0.0957878240015991
2025-11-04,2024-08-12,"3.10%",-50,3.1,0.141296071690714
2025-11-04,2024-08-12,"3.35%",-25,3.35,0.172298886903559
2025-11-04,2024-08-12,"3.60%",0,3.6,0.173689120386433
2025-11-04,2024-08-12,"3.85%",25,3.85,0.14474405301435
2025-11-04,2024-08-12,"4.10%",50,4.1,0.099715362295082
2025-11-04,2024-08-12,"4.35%",75,4.35,0.0567867526694203
2025-11-04,2024-08-12,"4.60%",100,4.6,0.0267326066736003
2025-11-04,2024-08-12,"4.85%",125,4.85,0.0104022221944566
2025-11-04,2024-08-12,"5.10%",150,5.1,0
2025-11-04,2024-08-12,"5.35%",175,5.35,0
2025-11-04,2024-08-12,"5.60%",200,5.6,0
2025-11-04,2024-08-12,"5.85%",225,5.85,0
2025-11-04,2024-08-12,"6.10%",250,6.1,0
2025-11-04,2024-08-13,"0.10%",-300,0.1,0
2025-11-04,2024-08-13,"0.35%",-300,0.35,0
2025-11-04,2024-08-13,"0.60%",-300,0.6,0
2025-11-04,2024-08-13,"0.85%",-275,0.85,0
2025-11-04,2024-08-13,"1.10%",-250,1.1,0
2025-11-04,2024-08-13,"1.35%",-225,1.35,0
2025-11-04,2024-08-13,"1.60%",-200,1.6,0
2025-11-04,2024-08-13,"1.85%",-175,1.85,0
2025-11-04,2024-08-13,"2.10%",-150,2.1,0.0114257203798961
2025-11-04,2024-08-13,"2.35%",-125,2.35,0.0285053883426504
2025-11-04,2024-08-13,"2.60%",-100,2.6,0.0590584070607561
2025-11-04,2024-08-13,"2.85%",-75,2.85,0.101616626935248
2025-11-04,2024-08-13,"3.10%",-50,3.1,0.145207456387947
2025-11-04,2024-08-13,"3.35%",-25,3.35,0.172330720516861
2025-11-04,2024-08-13,"3.60%",0,3.6,0.169859665709902
2025-11-04,2024-08-13,"3.85%",25,3.85,0.139050082947575
2025-11-04,2024-08-13,"4.10%",50,4.1,0.0945367874661981
2025-11-04,2024-08-13,"4.35%",75,4.35,0.0533789230278427
2025-11-04,2024-08-13,"4.60%",100,4.6,0.0250302212251231
2025-11-04,2024-08-13,"4.85%",125,4.85,0
2025-11-04,2024-08-13,"5.10%",150,5.1,0
2025-11-04,2024-08-13,"5.35%",175,5.35,0
2025-11-04,2024-08-13,"5.60%",200,5.6,0
2025-11-04,2024-08-13,"5.85%",225,5.85,0
2025-11-04,2024-08-13,"6.10%",250,6.1,0
2025-11-04,2024-08-14,"0.10%",-300,0.1,0
2025-11-04,2024-08-14,"0.35%",-300,0.35,0
2025-11-04,2024-08-14,"0.60%",-300,0.6,0
2025-11-04,2024-08-14,"0.85%",-275,0.85,0
2025-11-04,2024-08-14,"1.10%",-250,1.1,0
2025-11-04,2024-08-14,"1.35%",-225,1.35,0
2025-11-04,2024-08-14,"1.60%",-200,1.6,0
2025-11-04,2024-08-14,"1.85%",-175,1.85,0
2025-11-04,2024-08-14,"2.10%",-150,2.1,0.0138028425198151
2025-11-04,2024-08-14,"2.35%",-125,2.35,0.0348767494941307
2025-11-04,2024-08-14,"2.60%",-100,2.6,0.0717809551860534
2025-11-04,2024-08-14,"2.85%",-75,2.85,0.120340235113201
2025-11-04,2024-08-14,"3.10%",-50,3.1,0.164345343291544
2025-11-04,2024-08-14,"3.35%",-25,3.35,0.182834852164435
2025-11-04,2024-08-14,"3.60%",0,3.6,0.165698693662732
2025-11-04,2024-08-14,"3.85%",25,3.85,0.122330425515149
2025-11-04,2024-08-14,"4.10%",50,4.1,0.0735690829484998
2025-11-04,2024-08-14,"4.35%",75,4.35,0.0360400488430853
2025-11-04,2024-08-14,"4.60%",100,4.6,0.0143807712613541
2025-11-04,2024-08-14,"4.85%",125,4.85,0
2025-11-04,2024-08-14,"5.10%",150,5.1,0
2025-11-04,2024-08-14,"5.35%",175,5.35,0
2025-11-04,2024-08-14,"5.60%",200,5.6,0
2025-11-04,2024-08-14,"5.85%",225,5.85,0
2025-11-04,2024-08-14,"6.10%",250,6.1,0
2025-11-04,2024-08-15,"0.10%",-300,0.1,0
2025-11-04,2024-08-15,"0.35%",-300,0.35,0
2025-11-04,2024-08-15,"0.60%",-300,0.6,0
2025-11-04,2024-08-15,"0.85%",-275,0.85,0
2025-11-04,2024-08-15,"1.10%",-250,1.1,0
2025-11-04,2024-08-15,"1.35%",-225,1.35,0
2025-11-04,2024-08-15,"1.60%",-200,1.6,0
2025-11-04,2024-08-15,"1.85%",-175,1.85,0
2025-11-04,2024-08-15,"2.10%",-150,2.1,0.0142382695474596
2025-11-04,2024-08-15,"2.35%",-125,2.35,0.0369444160461639
2025-11-04,2024-08-15,"2.60%",-100,2.6,0.077024502252994
2025-11-04,2024-08-15,"2.85%",-75,2.85,0.12904032909432
2025-11-04,2024-08-15,"3.10%",-50,3.1,0.173723500408729
2025-11-04,2024-08-15,"3.35%",-25,3.35,0.187948977923421
2025-11-04,2024-08-15,"3.60%",0,3.6,0.163407799109808
2025-11-04,2024-08-15,"3.85%",25,3.85,0.114169855986514
2025-11-04,2024-08-15,"4.10%",50,4.1,0.0641005677067121
2025-11-04,2024-08-15,"4.35%",75,4.35,0.0289188957680137
2025-11-04,2024-08-15,"4.60%",100,4.6,0.0104828861558647
2025-11-04,2024-08-15,"4.85%",125,4.85,0
2025-11-04,2024-08-15,"5.10%",150,5.1,0
2025-11-04,2024-08-15,"5.35%",175,5.35,0
2025-11-04,2024-08-15,"5.60%",200,5.6,0
2025-11-04,2024-08-15,"5.85%",225,5.85,0
2025-11-04,2024-08-15,"6.10%",250,6.1,0
2025-11-04,2024-08-16,"0.10%",-300,0.1,0
2025-11-04,2024-08-16,"0.35%",-300,0.35,0
2025-11-04,2024-08-16,"0.60%",-300,0.6,0
2025-11-04,2024-08-16,"0.85%",-275,0.85,0
2025-11-04,2024-08-16,"1.10%",-250,1.1,0
2025-11-04,2024-08-16,"1.35%",-225,1.35,0
2025-11-04,2024-08-16,"1.60%",-200,1.6,0
2025-11-04,2024-08-16,"1.85%",-175,1.85,0
2025-11-04,2024-08-16,"2.10%",-150,2.1,0
2025-11-04,2024-08-16,"2.35%",-125,2.35,0.0262928459361731
2025-11-04,2024-08-16,"2.60%",-100,2.6,0.0613214249582747
2025-11-04,2024-08-16,"2.85%",-75,2.85,0.11349952837107
2025-11-04,2024-08-16,"3.10%",-50,3.1,0.166729001277204
2025-11-04,2024-08-16,"3.35%",-25,3.35,0.194393345914603
2025-11-04,2024-08-16,"3.60%",0,3.6,0.179892064523673
2025-11-04,2024-08-16,"3.85%",25,3.85,0.132129361181653
2025-11-04,2024-08-16,"4.10%",50,4.1,0.0770245152097389
2025-11-04,2024-08-16,"4.35%",75,4.35,0.0356349470896134
2025-11-04,2024-08-16,"4.60%",100,4.6,0.0130829655379971
2025-11-04,2024-08-16,"4.85%",125,4.85,0
2025-11-04,2024-08-16,"5.10%",150,5.1,0
2025-11-04,2024-08-16,"5.35%",175,5.35,0
2025-11-04,2024-08-16,"5.60%",200,5.6,0
2025-11-04,2024-08-16,"5.85%",225,5.85,0
2025-11-04,2024-08-16,"6.10%",250,6.1,0
2025-11-04,2024-08-19,"0.10%",-300,0.1,0
2025-11-04,2024-08-19,"0.35%",-300,0.35,0
2025-11-04,2024-08-19,"0.60%",-300,0.6,0
2025-11-04,2024-08-19,"0.85%",-275,0.85,0
2025-11-04,2024-08-19,"1.10%",-250,1.1,0
2025-11-04,2024-08-19,"1.35%",-225,1.35,0
2025-11-04,2024-08-19,"1.60%",-200,1.6,0
2025-11-04,2024-08-19,"1.85%",-175,1.85,0
2025-11-04,2024-08-19,"2.10%",-150,2.1,0
2025-11-04,2024-08-19,"2.35%",-125,2.35,0.0217130635704714
2025-11-04,2024-08-19,"2.60%",-100,2.6,0.0567255129952852
2025-11-04,2024-08-19,"2.85%",-75,2.85,0.113872637883723
2025-11-04,2024-08-19,"3.10%",-50,3.1,0.175667294907187
2025-11-04,2024-08-19,"3.35%",-25,3.35,0.208268196981854
2025-11-04,2024-08-19,"3.60%",0,3.6,0.189769938908383
2025-11-04,2024-08-19,"3.85%",25,3.85,0.132891676180489
2025-11-04,2024-08-19,"4.10%",50,4.1,0.0715170057282213
2025-11-04,2024-08-19,"4.35%",75,4.35,0.0295746728443858
2025-11-04,2024-08-19,"4.60%",100,4.6,0
2025-11-04,2024-08-19,"4.85%",125,4.85,0
2025-11-04,2024-08-19,"5.10%",150,5.1,0
2025-11-04,2024-08-19,"5.35%",175,5.35,0
2025-11-04,2024-08-19,"5.60%",200,5.6,0
2025-11-04,2024-08-19,"5.85%",225,5.85,0
2025-11-04,2024-08-19,"6.10%",250,6.1,0
2025-11-04,2024-08-20,"0.10%",-300,0.1,0
2025-11-04,2024-08-20,"0.35%",-300,0.35,0
2025-11-04,2024-08-20,"0.60%",-300,0.6,0
2025-11-04,2024-08-20,"0.85%",-275,0.85,0
2025-11-04,2024-08-20,"1.10%",-250,1.1,0
2025-11-04,2024-08-20,"1.35%",-225,1.35,0
2025-11-04,2024-08-20,"1.60%",-200,1.6,0
2025-11-04,2024-08-20,"1.85%",-175,1.85,0
2025-11-04,2024-08-20,"2.10%",-150,2.1,0
2025-11-04,2024-08-20,"2.35%",-125,2.35,0.0175834316744873
2025-11-04,2024-08-20,"2.60%",-100,2.6,0.0496786243587808
2025-11-04,2024-08-20,"2.85%",-75,2.85,0.106342686773321
2025-11-04,2024-08-20,"3.10%",-50,3.1,0.172495388832189
2025-11-04,2024-08-20,"3.35%",-25,3.35,0.212040163144278
2025-11-04,2024-08-20,"3.60%",0,3.6,0.197536086288881
2025-11-04,2024-08-20,"3.85%",25,3.85,0.139462233945553
2025-11-04,2024-08-20,"4.10%",50,4.1,0.0746140013796374
2025-11-04,2024-08-20,"4.35%",75,4.35,0.0302473836028734
2025-11-04,2024-08-20,"4.60%",100,4.6,0
2025-11-04,2024-08-20,"4.85%",125,4.85,0
2025-11-04,2024-08-20,"5.10%",150,5.1,0
2025-11-04,2024-08-20,"5.35%",175,5.35,0
2025-11-04,2024-08-20,"5.60%",200,5.6,0
2025-11-04,2024-08-20,"5.85%",225,5.85,0
2025-11-04,2024-08-20,"6.10%",250,6.1,0
2025-11-04,2024-08-21,"0.10%",-300,0.1,0
2025-11-04,2024-08-21,"0.35%",-300,0.35,0
2025-11-04,2024-08-21,"0.60%",-300,0.6,0
2025-11-04,2024-08-21,"0.85%",-275,0.85,0
2025-11-04,2024-08-21,"1.10%",-250,1.1,0
2025-11-04,2024-08-21,"1.35%",-225,1.35,0
2025-11-04,2024-08-21,"1.60%",-200,1.6,0
2025-11-04,2024-08-21,"1.85%",-175,1.85,0
2025-11-04,2024-08-21,"2.10%",-150,2.1,0
2025-11-04,2024-08-21,"2.35%",-125,2.35,0.0296725718094215
2025-11-04,2024-08-21,"2.60%",-100,2.6,0.0686760810521036
2025-11-04,2024-08-21,"2.85%",-75,2.85,0.12493898094325
2025-11-04,2024-08-21,"3.10%",-50,3.1,0.178674888944505
2025-11-04,2024-08-21,"3.35%",-25,3.35,0.200872761343999
2025-11-04,2024-08-21,"3.60%",0,3.6,0.177532053940037
2025-11-04,2024-08-21,"3.85%",25,3.85,0.123345733596966
2025-11-04,2024-08-21,"4.10%",50,4.1,0.0673664903120021
2025-11-04,2024-08-21,"4.35%",75,4.35,0.0289204380577164
2025-11-04,2024-08-21,"4.60%",100,4.6,0
2025-11-04,2024-08-21,"4.85%",125,4.85,0
2025-11-04,2024-08-21,"5.10%",150,5.1,0
2025-11-04,2024-08-21,"5.35%",175,5.35,0
2025-11-04,2024-08-21,"5.60%",200,5.6,0
2025-11-04,2024-08-21,"5.85%",225,5.85,0
2025-11-04,2024-08-21,"6.10%",250,6.1,0
2025-11-04,2024-08-22,"0.10%",-300,0.1,0
2025-11-04,2024-08-22,"0.35%",-300,0.35,0
2025-11-04,2024-08-22,"0.60%",-300,0.6,0
2025-11-04,2024-08-22,"0.85%",-275,0.85,0
2025-11-04,2024-08-22,"1.10%",-250,1.1,0
2025-11-04,2024-08-22,"1.35%",-225,1.35,0
2025-11-04,2024-08-22,"1.60%",-200,1.6,0
2025-11-04,2024-08-22,"1.85%",-175,1.85,0
2025-11-04,2024-08-22,"2.10%",-150,2.1,0.0106651179789537
2025-11-04,2024-08-22,"2.35%",-125,2.35,0.0311962620410149
2025-11-04,2024-08-22,"2.60%",-100,2.6,0.0715070583353505
2025-11-04,2024-08-22,"2.85%",-75,2.85,0.12845414315547
2025-11-04,2024-08-22,"3.10%",-50,3.1,0.180855482633061
2025-11-04,2024-08-22,"3.35%",-25,3.35,0.199580608174683
2025-11-04,2024-08-22,"3.60%",0,3.6,0.172628918336619
2025-11-04,2024-08-22,"3.85%",25,3.85,0.117033257154637
2025-11-04,2024-08-22,"4.10%",50,4.1,0.0621848134633001
2025-11-04,2024-08-22,"4.35%",75,4.35,0.0258943387269101
2025-11-04,2024-08-22,"4.60%",100,4.6,0
2025-11-04,2024-08-22,"4.85%",125,4.85,0
2025-11-04,2024-08-22,"5.10%",150,5.1,0
2025-11-04,2024-08-22,"5.35%",175,5.35,0
2025-11-04,2024-08-22,"5.60%",200,5.6,0
2025-11-04,2024-08-22,"5.85%",225,5.85,0
2025-11-04,2024-08-22,"6.10%",250,6.1,0
2025-11-04,2024-08-23,"0.10%",-300,0.1,0
2025-11-04,2024-08-23,"0.35%",-300,0.35,0
2025-11-04,2024-08-23,"0.60%",-300,0.6,0
2025-11-04,2024-08-23,"0.85%",-275,0.85,0
2025-11-04,2024-08-23,"1.10%",-250,1.1,0
2025-11-04,2024-08-23,"1.35%",-225,1.35,0
2025-11-04,2024-08-23,"1.60%",-200,1.6,0
2025-11-04,2024-08-23,"1.85%",-175,1.85,0
2025-11-04,2024-08-23,"2.10%",-150,2.1,0
2025-11-04,2024-08-23,"2.35%",-125,2.35,0.0262528382162928
2025-11-04,2024-08-23,"2.60%",-100,2.6,0.0624415868768025
2025-11-04,2024-08-23,"2.85%",-75,2.85,0.116754978277493
2025-11-04,2024-08-23,"3.10%",-50,3.1,0.17163779463562
2025-11-04,2024-08-23,"3.35%",-25,3.35,0.198384038878211
2025-11-04,2024-08-23,"3.60%",0,3.6,0.180287036794528
2025-11-04,2024-08-23,"3.85%",25,3.85,0.128819367422121
2025-11-04,2024-08-23,"4.10%",50,4.1,0.0723667390217436
2025-11-04,2024-08-23,"4.35%",75,4.35,0.0319601035628649
2025-11-04,2024-08-23,"4.60%",100,4.6,0.0110955163143238
2025-11-04,2024-08-23,"4.85%",125,4.85,0
2025-11-04,2024-08-23,"5.10%",150,5.1,0
2025-11-04,2024-08-23,"5.35%",175,5.35,0
2025-11-04,2024-08-23,"5.60%",200,5.6,0
2025-11-04,2024-08-23,"5.85%",225,5.85,0
2025-11-04,2024-08-23,"6.10%",250,6.1,0
2025-11-04,2024-08-26,"0.10%",-300,0.1,0
2025-11-04,2024-08-26,"0.35%",-300,0.35,0
2025-11-04,2024-08-26,"0.60%",-300,0.6,0
2025-11-04,2024-08-26,"0.85%",-275,0.85,0
2025-11-04,2024-08-26,"1.10%",-250,1.1,0
2025-11-04,2024-08-26,"1.35%",-225,1.35,0
2025-11-04,2024-08-26,"1.60%",-200,1.6,0
2025-11-04,2024-08-26,"1.85%",-175,1.85,0
2025-11-04,2024-08-26,"2.10%",-150,2.1,0.0158973016440327
2025-11-04,2024-08-26,"2.35%",-125,2.35,0.0421751617808382
2025-11-04,2024-08-26,"2.60%",-100,2.6,0.0881967353609389
2025-11-04,2024-08-26,"2.85%",-75,2.85,0.145394150379988
2025-11-04,2024-08-26,"3.10%",-50,3.1,0.18895795930005
2025-11-04,2024-08-26,"3.35%",-25,3.35,0.193606825751106
2025-11-04,2024-08-26,"3.60%",0,3.6,0.156392026118551
2025-11-04,2024-08-26,"3.85%",25,3.85,0.099594668521262
2025-11-04,2024-08-26,"4.10%",50,4.1,0.049999115226553
2025-11-04,2024-08-26,"4.35%",75,4.35,0.0197860559166801
2025-11-04,2024-08-26,"4.60%",100,4.6,0
2025-11-04,2024-08-26,"4.85%",125,4.85,0
2025-11-04,2024-08-26,"5.10%",150,5.1,0
2025-11-04,2024-08-26,"5.35%",175,5.35,0
2025-11-04,2024-08-26,"5.60%",200,5.6,0
2025-11-04,2024-08-26,"5.85%",225,5.85,0
2025-11-04,2024-08-26,"6.10%",250,6.1,0
2025-11-04,2024-08-27,"0.10%",-300,0.1,0
2025-11-04,2024-08-27,"0.35%",-300,0.35,0
2025-11-04,2024-08-27,"0.60%",-300,0.6,0
2025-11-04,2024-08-27,"0.85%",-275,0.85,0
2025-11-04,2024-08-27,"1.10%",-250,1.1,0
2025-11-04,2024-08-27,"1.35%",-225,1.35,0
2025-11-04,2024-08-27,"1.60%",-200,1.6,0
2025-11-04,2024-08-27,"1.85%",-175,1.85,0
2025-11-04,2024-08-27,"2.10%",-150,2.1,0.0143431152530857
2025-11-04,2024-08-27,"2.35%",-125,2.35,0.0380166652877788
2025-11-04,2024-08-27,"2.60%",-100,2.6,0.0802427850511582
2025-11-04,2024-08-27,"2.85%",-75,2.85,0.134887434516851
2025-11-04,2024-08-27,"3.10%",-50,3.1,0.180589856294076
2025-11-04,2024-08-27,"3.35%",-25,3.35,0.192568206733682
2025-11-04,2024-08-27,"3.60%",0,3.6,0.163549070531283
2025-11-04,2024-08-27,"3.85%",25,3.85,0.110630917026989
2025-11-04,2024-08-27,"4.10%",50,4.1,0.0596008612399025
2025-11-04,2024-08-27,"4.35%",75,4.35,0.0255710880651936
2025-11-04,2024-08-27,"4.60%",100,4.6,0
2025-11-04,2024-08-27,"4.85%",125,4.85,0
2025-11-04,2024-08-27,"5.10%",150,5.1,0
2025-11-04,2024-08-27,"5.35%",175,5.35,0
2025-11-04,2024-08-27,"5.60%",200,5.6,0
2025-11-04,2024-08-27,"5.85%",225,5.85,0
2025-11-04,2024-08-27,"6.10%",250,6.1,0
2025-11-04,2024-08-28,"0.10%",-300,0.1,0
2025-11-04,2024-08-28,"0.35%",-300,0.35,0
2025-11-04,2024-08-28,"0.60%",-300,0.6,0
2025-11-04,2024-08-28,"0.85%",-275,0.85,0
2025-11-04,2024-08-28,"1.10%",-250,1.1,0
2025-11-04,2024-08-28,"1.35%",-225,1.35,0
2025-11-04,2024-08-28,"1.60%",-200,1.6,0
2025-11-04,2024-08-28,"1.85%",-175,1.85,0
2025-11-04,2024-08-28,"2.10%",-150,2.1,0
2025-11-04,2024-08-28,"2.35%",-125,2.35,0.0269021867267958
2025-11-04,2024-08-28,"2.60%",-100,2.6,0.0658702387111705
2025-11-04,2024-08-28,"2.85%",-75,2.85,0.124700611832263
2025-11-04,2024-08-28,"3.10%",-50,3.1,0.182543294237372
2025-11-04,2024-08-28,"3.35%",-25,3.35,0.206635859086962
2025-11-04,2024-08-28,"3.60%",0,3.6,0.180882302174873
2025-11-04,2024-08-28,"3.85%",25,3.85,0.122441425465653
2025-11-04,2024-08-28,"4.10%",50,4.1,0.0640881095816793
2025-11-04,2024-08-28,"4.35%",75,4.35,0.0259359721832312
2025-11-04,2024-08-28,"4.60%",100,4.6,0
2025-11-04,2024-08-28,"4.85%",125,4.85,0
2025-11-04,2024-08-28,"5.10%",150,5.1,0
2025-11-04,2024-08-28,"5.35%",175,5.35,0
2025-11-04,2024-08-28,"5.60%",200,5.6,0
2025-11-04,2024-08-28,"5.85%",225,5.85,0
2025-11-04,2024-08-28,"6.10%",250,6.1,0
2025-11-04,2024-08-29,"0.10%",-300,0.1,0
2025-11-04,2024-08-29,"0.35%",-300,0.35,0
2025-11-04,2024-08-29,"0.60%",-300,0.6,0
2025-11-04,2024-08-29,"0.85%",-275,0.85,0
2025-11-04,2024-08-29,"1.10%",-250,1.1,0
2025-11-04,2024-08-29,"1.35%",-225,1.35,0
2025-11-04,2024-08-29,"1.60%",-200,1.6,0
2025-11-04,2024-08-29,"1.85%",-175,1.85,0
2025-11-04,2024-08-29,"2.10%",-150,2.1,0.0110766737864374
2025-11-04,2024-08-29,"2.35%",-125,2.35,0.031089543772493
2025-11-04,2024-08-29,"2.60%",-100,2.6,0.0693067568540402
2025-11-04,2024-08-29,"2.85%",-75,2.85,0.122723704685492
2025-11-04,2024-08-29,"3.10%",-50,3.1,0.172623085808454
2025-11-04,2024-08-29,"3.35%",-25,3.35,0.192886821034151
2025-11-04,2024-08-29,"3.60%",0,3.6,0.171216121346836
2025-11-04,2024-08-29,"3.85%",25,3.85,0.120731232694219
2025-11-04,2024-08-29,"4.10%",50,4.1,0.0676256425854647
2025-11-04,2024-08-29,"4.35%",75,4.35,0.0300880281471561
2025-11-04,2024-08-29,"4.60%",100,4.6,0.0106323892852566
2025-11-04,2024-08-29,"4.85%",125,4.85,0
2025-11-04,2024-08-29,"5.10%",150,5.1,0
2025-11-04,2024-08-29,"5.35%",175,5.35,0
2025-11-04,2024-08-29,"5.60%",200,5.6,0
2025-11-04,2024-08-29,"5.85%",225,5.85,0
2025-11-04,2024-08-29,"6.10%",250,6.1,0
2025-11-04,2024-08-30,"0.10%",-300,0.1,0
2025-11-04,2024-08-30,"0.35%",-300,0.35,0
2025-11-04,2024-08-30,"0.60%",-300,0.6,0
2025-11-04,2024-08-30,"0.85%",-275,0.85,0
2025-11-04,2024-08-30,"1.10%",-250,1.1,0
2025-11-04,2024-08-30,"1.35%",-225,1.35,0
2025-11-04,2024-08-30,"1.60%",-200,1.6,0
2025-11-04,2024-08-30,"1.85%",-175,1.85,0
2025-11-04,2024-08-30,"2.10%",-150,2.1,0
2025-11-04,2024-08-30,"2.35%",-125,2.35,0.0263430881739257
2025-11-04,2024-08-30,"2.60%",-100,2.6,0.0640550329178498
2025-11-04,2024-08-30,"2.85%",-75,2.85,0.121188848684013
2025-11-04,2024-08-30,"3.10%",-50,3.1,0.178415331346087
2025-11-04,2024-08-30,"3.35%",-25,3.35,0.204401878822497
2025-11-04,2024-08-30,"3.60%",0,3.6,0.182233829908111
2025-11-04,2024-08-30,"3.85%",25,3.85,0.126432171755126
2025-11-04,2024-08-30,"4.10%",50,4.1,0.0682572543421087
2025-11-04,2024-08-30,"4.35%",75,4.35,0.0286725640502813
2025-11-04,2024-08-30,"4.60%",100,4.6,0
2025-11-04,2024-08-30,"4.85%",125,4.85,0
2025-11-04,2024-08-30,"5.10%",150,5.1,0
2025-11-04,2024-08-30,"5.35%",175,5.35,0
2025-11-04,2024-08-30,"5.60%",200,5.6,0
2025-11-04,2024-08-30,"5.85%",225,5.85,0
2025-11-04,2024-08-30,"6.10%",250,6.1,0
2025-11-04,2024-09-02,"0.10%",-300,0.1,0
2025-11-04,2024-09-02,"0.35%",-300,0.35,0
2025-11-04,2024-09-02,"0.60%",-300,0.6,0
2025-11-04,2024-09-02,"0.85%",-275,0.85,0
2025-11-04,2024-09-02,"1.10%",-250,1.1,0
2025-11-04,2024-09-02,"1.35%",-225,1.35,0
2025-11-04,2024-09-02,"1.60%",-200,1.6,0
2025-11-04,2024-09-02,"1.85%",-175,1.85,0
2025-11-04,2024-09-02,"2.10%",-150,2.1,0
2025-11-04,2024-09-02,"2.35%",-125,2.35,0.0255464474706012
2025-11-04,2024-09-02,"2.60%",-100,2.6,0.0582028747730989
2025-11-04,2024-09-02,"2.85%",-75,2.85,0.106763847774593
2025-11-04,2024-09-02,"3.10%",-50,3.1,0.157685818276495
2025-11-04,2024-09-02,"3.35%",-25,3.35,0.18752733908108
2025-11-04,2024-09-02,"3.60%",0,3.6,0.179575370130327
2025-11-04,2024-09-02,"3.85%",25,3.85,0.138464198922586
2025-11-04,2024-09-02,"4.10%",50,4.1,0.0859660104043363
2025-11-04,2024-09-02,"4.35%",75,4.35,0.0429730812024388
2025-11-04,2024-09-02,"4.60%",100,4.6,0.0172950119644434
2025-11-04,2024-09-02,"4.85%",125,4.85,0
2025-11-04,2024-09-02,"5.10%",150,5.1,0
2025-11-04,2024-09-02,"5.35%",175,5.35,0
2025-11-04,2024-09-02,"5.60%",200,5.6,0
2025-11-04,2024-09-02,"5.85%",225,5.85,0
2025-11-04,2024-09-02,"6.10%",250,6.1,0
2025-11-04,2024-09-03,"0.10%",-300,0.1,0
2025-11-04,2024-09-03,"0.35%",-300,0.35,0
2025-11-04,2024-09-03,"0.60%",-300,0.6,0
2025-11-04,2024-09-03,"0.85%",-275,0.85,0
2025-11-04,2024-09-03,"1.10%",-250,1.1,0
2025-11-04,2024-09-03,"1.35%",-225,1.35,0
2025-11-04,2024-09-03,"1.60%",-200,1.6,0
2025-11-04,2024-09-03,"1.85%",-175,1.85,0
2025-11-04,2024-09-03,"2.10%",-150,2.1,0
2025-11-04,2024-09-03,"2.35%",-125,2.35,0.0249839153220437
2025-11-04,2024-09-03,"2.60%",-100,2.6,0.0578786742964545
2025-11-04,2024-09-03,"2.85%",-75,2.85,0.107369899221227
2025-11-04,2024-09-03,"3.10%",-50,3.1,0.159506137234351
2025-11-04,2024-09-03,"3.35%",-25,3.35,0.189766449180966
2025-11-04,2024-09-03,"3.60%",0,3.6,0.180807263559198
2025-11-04,2024-09-03,"3.85%",25,3.85,0.137963660017649
2025-11-04,2024-09-03,"4.10%",50,4.1,0.0843052693411495
2025-11-04,2024-09-03,"4.35%",75,4.35,0.0412539720603711
2025-11-04,2024-09-03,"4.60%",100,4.6,0.0161647597665895
2025-11-04,2024-09-03,"4.85%",125,4.85,0
2025-11-04,2024-09-03,"5.10%",150,5.1,0
2025-11-04,2024-09-03,"5.35%",175,5.35,0
2025-11-04,2024-09-03,"5.60%",200,5.6,0
2025-11-04,2024-09-03,"5.85%",225,5.85,0
2025-11-04,2024-09-03,"6.10%",250,6.1,0
2025-11-04,2024-09-04,"0.10%",-300,0.1,0
2025-11-04,2024-09-04,"0.35%",-300,0.35,0
2025-11-04,2024-09-04,"0.60%",-300,0.6,0
2025-11-04,2024-09-04,"0.85%",-275,0.85,0
2025-11-04,2024-09-04,"1.10%",-250,1.1,0
2025-11-04,2024-09-04,"1.35%",-225,1.35,0
2025-11-04,2024-09-04,"1.60%",-200,1.6,0
2025-11-04,2024-09-04,"1.85%",-175,1.85,0
2025-11-04,2024-09-04,"2.10%",-150,2.1,0
2025-11-04,2024-09-04,"2.35%",-125,2.35,0.0238706569988358
2025-11-04,2024-09-04,"2.60%",-100,2.6,0.0609087056234921
2025-11-04,2024-09-04,"2.85%",-75,2.85,0.119446616768382
2025-11-04,2024-09-04,"3.10%",-50,3.1,0.180050037281272
2025-11-04,2024-09-04,"3.35%",-25,3.35,0.208624718613865
2025-11-04,2024-09-04,"3.60%",0,3.6,0.185823990020893
2025-11-04,2024-09-04,"3.85%",25,3.85,0.127231070723548
2025-11-04,2024-09-04,"4.10%",50,4.1,0.0669597441019707
2025-11-04,2024-09-04,"4.35%",75,4.35,0.0270844598677412
2025-11-04,2024-09-04,"4.60%",100,4.6,0
2025-11-04,2024-09-04,"4.85%",125,4.85,0
2025-11-04,2024-09-04,"5.10%",150,5.1,0
2025-11-04,2024-09-04,"5.35%",175,5.35,0
2025-11-04,2024-09-04,"5.60%",200,5.6,0
2025-11-04,2024-09-04,"5.85%",225,5.85,0
2025-11-04,2024-09-04,"6.10%",250,6.1,0
2025-11-04,2024-09-05,"0.10%",-300,0.1,0
2025-11-04,2024-09-05,"0.35%",-300,0.35,0
2025-11-04,2024-09-05,"0.60%",-300,0.6,0
2025-11-04,2024-09-05,"0.85%",-275,0.85,0
2025-11-04,2024-09-05,"1.10%",-250,1.1,0
2025-11-04,2024-09-05,"1.35%",-225,1.35,0
2025-11-04,2024-09-05,"1.60%",-200,1.6,0
2025-11-04,2024-09-05,"1.85%",-175,1.85,0
2025-11-04,2024-09-05,"2.10%",-150,2.1,0
2025-11-04,2024-09-05,"2.35%",-125,2.35,0.0240671549886196
2025-11-04,2024-09-05,"2.60%",-100,2.6,0.0630981490129522
2025-11-04,2024-09-05,"2.85%",-75,2.85,0.125213546727931
2025-11-04,2024-09-05,"3.10%",-50,3.1,0.18809777349275
2025-11-04,2024-09-05,"3.35%",-25,3.35,0.213917832068936
2025-11-04,2024-09-05,"3.60%",0,3.6,0.184184038574347
2025-11-04,2024-09-05,"3.85%",25,3.85,0.120056658555728
2025-11-04,2024-09-05,"4.10%",50,4.1,0.0592399576570397
2025-11-04,2024-09-05,"4.35%",75,4.35,0.0221248889216967
2025-11-04,2024-09-05,"4.60%",100,4.6,0
2025-11-04,2024-09-05,"4.85%",125,4.85,0
2025-11-04,2024-09-05,"5.10%",150,5.1,0
2025-11-04,2024-09-05,"5.35%",175,5.35,0
2025-11-04,2024-09-05,"5.60%",200,5.6,0
2025-11-04,2024-09-05,"5.85%",225,5.85,0
2025-11-04,2024-09-05,"6.10%",250,6.1,0
2025-11-04,2024-09-06,"0.10%",-300,0.1,0
2025-11-04,2024-09-06,"0.35%",-300,0.35,0
2025-11-04,2024-09-06,"0.60%",-300,0.6,0
2025-11-04,2024-09-06,"0.85%",-275,0.85,0
2025-11-04,2024-09-06,"1.10%",-250,1.1,0
2025-11-04,2024-09-06,"1.35%",-225,1.35,0
2025-11-04,2024-09-06,"1.60%",-200,1.6,0
2025-11-04,2024-09-06,"1.85%",-175,1.85,0
2025-11-04,2024-09-06,"2.10%",-150,2.1,0.0116426477666694
2025-11-04,2024-09-06,"2.35%",-125,2.35,0.0342719667043944
2025-11-04,2024-09-06,"2.60%",-100,2.6,0.0782051413466479
2025-11-04,2024-09-06,"2.85%",-75,2.85,0.138353418540169
2025-11-04,2024-09-06,"3.10%",-50,3.1,0.189774508621749
2025-11-04,2024-09-06,"3.35%",-25,3.35,0.201836190935849
2025-11-04,2024-09-06,"3.60%",0,3.6,0.166447502109695
2025-11-04,2024-09-06,"3.85%",25,3.85,0.106429117593575
2025-11-04,2024-09-06,"4.10%",50,4.1,0.0527619451734842
2025-11-04,2024-09-06,"4.35%",75,4.35,0.0202775612077669
2025-11-04,2024-09-06,"4.60%",100,4.6,0
2025-11-04,2024-09-06,"4.85%",125,4.85,0
2025-11-04,2024-09-06,"5.10%",150,5.1,0
2025-11-04,2024-09-06,"5.35%",175,5.35,0
2025-11-04,2024-09-06,"5.60%",200,5.6,0
2025-11-04,2024-09-06,"5.85%",225,5.85,0
2025-11-04,2024-09-06,"6.10%",250,6.1,0
2025-11-04,2024-09-09,"0.10%",-300,0.1,0
2025-11-04,2024-09-09,"0.35%",-300,0.35,0
2025-11-04,2024-09-09,"0.60%",-300,0.6,0
2025-11-04,2024-09-09,"0.85%",-275,0.85,0
2025-11-04,2024-09-09,"1.10%",-250,1.1,0
2025-11-04,2024-09-09,"1.35%",-225,1.35,0
2025-11-04,2024-09-09,"1.60%",-200,1.6,0
2025-11-04,2024-09-09,"1.85%",-175,1.85,0
2025-11-04,2024-09-09,"2.10%",-150,2.1,0.014499425468425
2025-11-04,2024-09-09,"2.35%",-125,2.35,0.0371023788122758
2025-11-04,2024-09-09,"2.60%",-100,2.6,0.0766132036107919
2025-11-04,2024-09-09,"2.85%",-75,2.85,0.12766810612049
2025-11-04,2024-09-09,"3.10%",-50,3.1,0.171694686050597
2025-11-04,2024-09-09,"3.35%",-25,3.35,0.186353670503545
2025-11-04,2024-09-09,"3.60%",0,3.6,0.163240822203219
2025-11-04,2024-09-09,"3.85%",25,3.85,0.115404932165889
2025-11-04,2024-09-09,"4.10%",50,4.1,0.0658433445953934
2025-11-04,2024-09-09,"4.35%",75,4.35,0.0303159255559724
2025-11-04,2024-09-09,"4.60%",100,4.6,0.0112635049134008
2025-11-04,2024-09-09,"4.85%",125,4.85,0
2025-11-04,2024-09-09,"5.10%",150,5.1,0
2025-11-04,2024-09-09,"5.35%",175,5.35,0
2025-11-04,2024-09-09,"5.60%",200,5.6,0
2025-11-04,2024-09-09,"5.85%",225,5.85,0
2025-11-04,2024-09-09,"6.10%",250,6.1,0
2025-11-04,2024-09-10,"0.10%",-300,0.1,0
2025-11-04,2024-09-10,"0.35%",-300,0.35,0
2025-11-04,2024-09-10,"0.60%",-300,0.6,0
2025-11-04,2024-09-10,"0.85%",-275,0.85,0
2025-11-04,2024-09-10,"1.10%",-250,1.1,0
2025-11-04,2024-09-10,"1.35%",-225,1.35,0
2025-11-04,2024-09-10,"1.60%",-200,1.6,0
2025-11-04,2024-09-10,"1.85%",-175,1.85,0
2025-11-04,2024-09-10,"2.10%",-150,2.1,0.0123112678076476
2025-11-04,2024-09-10,"2.35%",-125,2.35,0.0353404702811449
2025-11-04,2024-09-10,"2.60%",-100,2.6,0.0791097525069407
2025-11-04,2024-09-10,"2.85%",-75,2.85,0.138108628079979
2025-11-04,2024-09-10,"3.10%",-50,3.1,0.188051415874052
2025-11-04,2024-09-10,"3.35%",-25,3.35,0.199717174750073
2025-11-04,2024-09-10,"3.60%",0,3.6,0.165440092911829
2025-11-04,2024-09-10,"3.85%",25,3.85,0.106891120444542
2025-11-04,2024-09-10,"4.10%",50,4.1,0.0538632722764459
2025-11-04,2024-09-10,"4.35%",75,4.35,0.0211668050673457
2025-11-04,2024-09-10,"4.60%",100,4.6,0
2025-11-04,2024-09-10,"4.85%",125,4.85,0
2025-11-04,2024-09-10,"5.10%",150,5.1,0
2025-11-04,2024-09-10,"5.35%",175,5.35,0
2025-11-04,2024-09-10,"5.60%",200,5.6,0
2025-11-04,2024-09-10,"5.85%",225,5.85,0
2025-11-04,2024-09-10,"6.10%",250,6.1,0
2025-11-04,2024-09-11,"0.10%",-300,0.1,0
2025-11-04,2024-09-11,"0.35%",-300,0.35,0
2025-11-04,2024-09-11,"0.60%",-300,0.6,0
2025-11-04,2024-09-11,"0.85%",-275,0.85,0
2025-11-04,2024-09-11,"1.10%",-250,1.1,0
2025-11-04,2024-09-11,"1.35%",-225,1.35,0
2025-11-04,2024-09-11,"1.60%",-200,1.6,0
2025-11-04,2024-09-11,"1.85%",-175,1.85,0
2025-11-04,2024-09-11,"2.10%",-150,2.1,0.0232313672567469
2025-11-04,2024-09-11,"2.35%",-125,2.35,0.0537754149659762
2025-11-04,2024-09-11,"2.60%",-100,2.6,0.100492247907399
2025-11-04,2024-09-11,"2.85%",-75,2.85,0.151615531805866
2025-11-04,2024-09-11,"3.10%",-50,3.1,0.184685274399213
2025-11-04,2024-09-11,"3.35%",-25,3.35,0.181637538963489
2025-11-04,2024-09-11,"3.60%",0,3.6,0.144232487616463
2025-11-04,2024-09-11,"3.85%",25,3.85,0.0924690034766774
2025-11-04,2024-09-11,"4.10%",50,4.1,0.0478617499411359
2025-11-04,2024-09-11,"4.35%",75,4.35,0.0199993836670327
2025-11-04,2024-09-11,"4.60%",100,4.6,0
2025-11-04,2024-09-11,"4.85%",125,4.85,0
2025-11-04,2024-09-11,"5.10%",150,5.1,0
2025-11-04,2024-09-11,"5.35%",175,5.35,0
2025-11-04,2024-09-11,"5.60%",200,5.6,0
2025-11-04,2024-09-11,"5.85%",225,5.85,0
2025-11-04,2024-09-11,"6.10%",250,6.1,0
2025-11-04,2024-09-12,"0.10%",-300,0.1,0
2025-11-04,2024-09-12,"0.35%",-300,0.35,0
2025-11-04,2024-09-12,"0.60%",-300,0.6,0
2025-11-04,2024-09-12,"0.85%",-275,0.85,0
2025-11-04,2024-09-12,"1.10%",-250,1.1,0
2025-11-04,2024-09-12,"1.35%",-225,1.35,0
2025-11-04,2024-09-12,"1.60%",-200,1.6,0
2025-11-04,2024-09-12,"1.85%",-175,1.85,0
2025-11-04,2024-09-12,"2.10%",-150,2.1,0.0241846177002931
2025-11-04,2024-09-12,"2.35%",-125,2.35,0.0540388627844598
2025-11-04,2024-09-12,"2.60%",-100,2.6,0.0986555362565958
2025-11-04,2024-09-12,"2.85%",-75,2.85,0.147164570533791
2025-11-04,2024-09-12,"3.10%",-50,3.1,0.179375840522922
2025-11-04,2024-09-12,"3.35%",-25,3.35,0.1786527351921
2025-11-04,2024-09-12,"3.60%",0,3.6,0.145391930441362
2025-11-04,2024-09-12,"3.85%",25,3.85,0.0966828482441273
2025-11-04,2024-09-12,"4.10%",50,4.1,0.0525320677761919
2025-11-04,2024-09-12,"4.35%",75,4.35,0.023320990548157
2025-11-04,2024-09-12,"4.60%",100,4.6,0
2025-11-04,2024-09-12,"4.85%",125,4.85,0
2025-11-04,2024-09-12,"5.10%",150,5.1,0
2025-11-04,2024-09-12,"5.35%",175,5.35,0
2025-11-04,2024-09-12,"5.60%",200,5.6,0
2025-11-04,2024-09-12,"5.85%",225,5.85,0
2025-11-04,2024-09-12,"6.10%",250,6.1,0
2025-11-04,2024-09-13,"0.10%",-300,0.1,0
2025-11-04,2024-09-13,"0.35%",-300,0.35,0
2025-11-04,2024-09-13,"0.60%",-300,0.6,0
2025-11-04,2024-09-13,"0.85%",-275,0.85,0
2025-11-04,2024-09-13,"1.10%",-250,1.1,0
2025-11-04,2024-09-13,"1.35%",-225,1.35,0
2025-11-04,2024-09-13,"1.60%",-200,1.6,0
2025-11-04,2024-09-13,"1.85%",-175,1.85,0.014919450802261
2025-11-04,2024-09-13,"2.10%",-150,2.1,0.0351352116067804
2025-11-04,2024-09-13,"2.35%",-125,2.35,0.068901107542813
2025-11-04,2024-09-13,"2.60%",-100,2.6,0.112517155551235
2025-11-04,2024-09-13,"2.85%",-75,2.85,0.153014055060911
2025-11-04,2024-09-13,"3.10%",-50,3.1,0.173289001854215
2025-11-04,2024-09-13,"3.35%",-25,3.35,0.163433336138364
2025-11-04,2024-09-13,"3.60%",0,3.6,0.1283627190197
2025-11-04,2024-09-13,"3.85%",25,3.85,0.0839576404844831
2025-11-04,2024-09-13,"4.10%",50,4.1,0.045729338416237
2025-11-04,2024-09-13,"4.35%",75,4.35,0.0207409835230013
2025-11-04,2024-09-13,"4.60%",100,4.6,0
2025-11-04,2024-09-13,"4.85%",125,4.85,0
2025-11-04,2024-09-13,"5.10%",150,5.1,0
2025-11-04,2024-09-13,"5.35%",175,5.35,0
2025-11-04,2024-09-13,"5.60%",200,5.6,0
2025-11-04,2024-09-13,"5.85%",225,5.85,0
2025-11-04,2024-09-13,"6.10%",250,6.1,0
2025-11-04,2024-09-16,"0.10%",-300,0.1,0
2025-11-04,2024-09-16,"0.35%",-300,0.35,0
2025-11-04,2024-09-16,"0.60%",-300,0.6,0
2025-11-04,2024-09-16,"0.85%",-275,0.85,0
2025-11-04,2024-09-16,"1.10%",-250,1.1,0
2025-11-04,2024-09-16,"1.35%",-225,1.35,0
2025-11-04,2024-09-16,"1.60%",-200,1.6,0
2025-11-04,2024-09-16,"1.85%",-175,1.85,0.0113250393480241
2025-11-04,2024-09-16,"2.10%",-150,2.1,0.0308554031927391
2025-11-04,2024-09-16,"2.35%",-125,2.35,0.0674718891325158
2025-11-04,2024-09-16,"2.60%",-100,2.6,0.118425362798387
2025-11-04,2024-09-16,"2.85%",-75,2.85,0.166847202656194
2025-11-04,2024-09-16,"3.10%",-50,3.1,0.188694481375891
2025-11-04,2024-09-16,"3.35%",-25,3.35,0.171305179445616
2025-11-04,2024-09-16,"3.60%",0,3.6,0.124838607114885
2025-11-04,2024-09-16,"3.85%",25,3.85,0.0730267184030179
2025-11-04,2024-09-16,"4.10%",50,4.1,0.0342884578516705
2025-11-04,2024-09-16,"4.35%",75,4.35,0.0129216586810593
2025-11-04,2024-09-16,"4.60%",100,4.6,0
2025-11-04,2024-09-16,"4.85%",125,4.85,0
2025-11-04,2024-09-16,"5.10%",150,5.1,0
2025-11-04,2024-09-16,"5.35%",175,5.35,0
2025-11-04,2024-09-16,"5.60%",200,5.6,0
2025-11-04,2024-09-16,"5.85%",225,5.85,0
2025-11-04,2024-09-16,"6.10%",250,6.1,0
2025-11-04,2024-09-17,"0.10%",-300,0.1,0
2025-11-04,2024-09-17,"0.35%",-300,0.35,0
2025-11-04,2024-09-17,"0.60%",-300,0.6,0
2025-11-04,2024-09-17,"0.85%",-275,0.85,0
2025-11-04,2024-09-17,"1.10%",-250,1.1,0
2025-11-04,2024-09-17,"1.35%",-225,1.35,0
2025-11-04,2024-09-17,"1.60%",-200,1.6,0
2025-11-04,2024-09-17,"1.85%",-175,1.85,0.010957420212004
2025-11-04,2024-09-17,"2.10%",-150,2.1,0.0295266510464138
2025-11-04,2024-09-17,"2.35%",-125,2.35,0.0643130040435302
2025-11-04,2024-09-17,"2.60%",-100,2.6,0.113237226567718
2025-11-04,2024-09-17,"2.85%",-75,2.85,0.1611779482375
2025-11-04,2024-09-17,"3.10%",-50,3.1,0.185464488170092
2025-11-04,2024-09-17,"3.35%",-25,3.35,0.172528073352022
2025-11-04,2024-09-17,"3.60%",0,3.6,0.129747800112434
2025-11-04,2024-09-17,"3.85%",25,3.85,0.0788807643926497
2025-11-04,2024-09-17,"4.10%",50,4.1,0.0387663817269832
2025-11-04,2024-09-17,"4.35%",75,4.35,0.0154002421386533
2025-11-04,2024-09-17,"4.60%",100,4.6,0
2025-11-04,2024-09-17,"4.85%",125,4.85,0
2025-11-04,2024-09-17,"5.10%",150,5.1,0
2025-11-04,2024-09-17,"5.35%",175,5.35,0
2025-11-04,2024-09-17,"5.60%",200,5.6,0
2025-11-04,2024-09-17,"5.85%",225,5.85,0
2025-11-04,2024-09-17,"6.10%",250,6.1,0
2025-11-04,2024-09-18,"0.10%",-300,0.1,0
2025-11-04,2024-09-18,"0.35%",-300,0.35,0
2025-11-04,2024-09-18,"0.60%",-300,0.6,0
2025-11-04,2024-09-18,"0.85%",-275,0.85,0
2025-11-04,2024-09-18,"1.10%",-250,1.1,0
2025-11-04,2024-09-18,"1.35%",-225,1.35,0
2025-11-04,2024-09-18,"1.60%",-200,1.6,0
2025-11-04,2024-09-18,"1.85%",-175,1.85,0.0102727088096873
2025-11-04,2024-09-18,"2.10%",-150,2.1,0.0277513526577614
2025-11-04,2024-09-18,"2.35%",-125,2.35,0.060837891652957
2025-11-04,2024-09-18,"2.60%",-100,2.6,0.108238249539738
2025-11-04,2024-09-18,"2.85%",-75,2.85,0.15628717272279
2025-11-04,2024-09-18,"3.10%",-50,3.1,0.183153163319927
2025-11-04,2024-09-18,"3.35%",-25,3.35,0.174204549665825
2025-11-04,2024-09-18,"3.60%",0,3.6,0.134479725322068
2025-11-04,2024-09-18,"3.85%",25,3.85,0.0842553519973293
2025-11-04,2024-09-18,"4.10%",50,4.1,0.0428416003945242
2025-11-04,2024-09-18,"4.35%",75,4.35,0.0176782339173936
2025-11-04,2024-09-18,"4.60%",100,4.6,0
2025-11-04,2024-09-18,"4.85%",125,4.85,0
2025-11-04,2024-09-18,"5.10%",150,5.1,0
2025-11-04,2024-09-18,"5.35%",175,5.35,0
2025-11-04,2024-09-18,"5.60%",200,5.6,0
2025-11-04,2024-09-18,"5.85%",225,5.85,0
2025-11-04,2024-09-18,"6.10%",250,6.1,0
2025-11-04,2024-09-19,"0.10%",-300,0.1,0
2025-11-04,2024-09-19,"0.35%",-300,0.35,0
2025-11-04,2024-09-19,"0.60%",-300,0.6,0
2025-11-04,2024-09-19,"0.85%",-275,0.85,0
2025-11-04,2024-09-19,"1.10%",-250,1.1,0
2025-11-04,2024-09-19,"1.35%",-225,1.35,0
2025-11-04,2024-09-19,"1.60%",-200,1.6,0
2025-11-04,2024-09-19,"1.85%",-175,1.85,0
2025-11-04,2024-09-19,"2.10%",-150,2.1,0.0141111376398827
2025-11-04,2024-09-19,"2.35%",-125,2.35,0.0396187308040762
2025-11-04,2024-09-19,"2.60%",-100,2.6,0.0864635634696545
2025-11-04,2024-09-19,"2.85%",-75,2.85,0.146691565899583
2025-11-04,2024-09-19,"3.10%",-50,3.1,0.19348539230074
2025-11-04,2024-09-19,"3.35%",-25,3.35,0.198417082598098
2025-11-04,2024-09-19,"3.60%",0,3.6,0.158197390319877
2025-11-04,2024-09-19,"3.85%",25,3.85,0.0980607388208468
2025-11-04,2024-09-19,"4.10%",50,4.1,0.047253927160247
2025-11-04,2024-09-19,"4.35%",75,4.35,0.0177004709869959
2025-11-04,2024-09-19,"4.60%",100,4.6,0
2025-11-04,2024-09-19,"4.85%",125,4.85,0
2025-11-04,2024-09-19,"5.10%",150,5.1,0
2025-11-04,2024-09-19,"5.35%",175,5.35,0
2025-11-04,2024-09-19,"5.60%",200,5.6,0
2025-11-04,2024-09-19,"5.85%",225,5.85,0
2025-11-04,2024-09-19,"6.10%",250,6.1,0
2025-11-04,2024-09-20,"0.10%",-300,0.1,0
2025-11-04,2024-09-20,"0.35%",-300,0.35,0
2025-11-04,2024-09-20,"0.60%",-300,0.6,0
2025-11-04,2024-09-20,"0.85%",-275,0.85,0
2025-11-04,2024-09-20,"1.10%",-250,1.1,0
2025-11-04,2024-09-20,"1.35%",-225,1.35,0
2025-11-04,2024-09-20,"1.60%",-200,1.6,0
2025-11-04,2024-09-20,"1.85%",-175,1.85,0
2025-11-04,2024-09-20,"2.10%",-150,2.1,0.0220534024171092
2025-11-04,2024-09-20,"2.35%",-125,2.35,0.051335545318856
2025-11-04,2024-09-20,"2.60%",-100,2.6,0.0967384937727084
2025-11-04,2024-09-20,"2.85%",-75,2.85,0.147584576831084
2025-11-04,2024-09-20,"3.10%",-50,3.1,0.182287981660239
2025-11-04,2024-09-20,"3.35%",-25,3.35,0.18228798166024
2025-11-04,2024-09-20,"3.60%",0,3.6,0.147584576831086
2025-11-04,2024-09-20,"3.85%",25,3.85,0.0967384937727105
2025-11-04,2024-09-20,"4.10%",50,4.1,0.0513355453188575
2025-11-04,2024-09-20,"4.35%",75,4.35,0.0220534024171101
2025-11-04,2024-09-20,"4.60%",100,4.6,0
2025-11-04,2024-09-20,"4.85%",125,4.85,0
2025-11-04,2024-09-20,"5.10%",150,5.1,0
2025-11-04,2024-09-20,"5.35%",175,5.35,0
2025-11-04,2024-09-20,"5.60%",200,5.6,0
2025-11-04,2024-09-20,"5.85%",225,5.85,0
2025-11-04,2024-09-20,"6.10%",250,6.1,0
2025-11-04,2024-09-23,"0.10%",-300,0.1,0
2025-11-04,2024-09-23,"0.35%",-300,0.35,0
2025-11-04,2024-09-23,"0.60%",-300,0.6,0
2025-11-04,2024-09-23,"0.85%",-275,0.85,0
2025-11-04,2024-09-23,"1.10%",-250,1.1,0
2025-11-04,2024-09-23,"1.35%",-225,1.35,0
2025-11-04,2024-09-23,"1.60%",-200,1.6,0
2025-11-04,2024-09-23,"1.85%",-175,1.85,0
2025-11-04,2024-09-23,"2.10%",-150,2.1,0.0222567122209596
2025-11-04,2024-09-23,"2.35%",-125,2.35,0.0492974334068402
2025-11-04,2024-09-23,"2.60%",-100,2.6,0.0901879593968548
2025-11-04,2024-09-23,"2.85%",-75,2.85,0.136285374731725
2025-11-04,2024-09-23,"3.10%",-50,3.1,0.170112856760551
2025-11-04,2024-09-23,"3.35%",-25,3.35,0.175395338866232
2025-11-04,2024-09-23,"3.60%",0,3.6,0.149380115146472
2025-11-04,2024-09-23,"3.85%",25,3.85,0.10508896948979
2025-11-04,2024-09-23,"4.10%",50,4.1,0.0610663389266402
2025-11-04,2024-09-23,"4.35%",75,4.35,0.0293098127362495
2025-11-04,2024-09-23,"4.60%",100,4.6,0.0116190883176846
2025-11-04,2024-09-23,"4.85%",125,4.85,0
2025-11-04,2024-09-23,"5.10%",150,5.1,0
2025-11-04,2024-09-23,"5.35%",175,5.35,0
2025-11-04,2024-09-23,"5.60%",200,5.6,0
2025-11-04,2024-09-23,"5.85%",225,5.85,0
2025-11-04,2024-09-23,"6.10%",250,6.1,0
2025-11-04,2024-09-24,"0.10%",-300,0.1,0
2025-11-04,2024-09-24,"0.35%",-300,0.35,0
2025-11-04,2024-09-24,"0.60%",-300,0.6,0
2025-11-04,2024-09-24,"0.85%",-275,0.85,0
2025-11-04,2024-09-24,"1.10%",-250,1.1,0
2025-11-04,2024-09-24,"1.35%",-225,1.35,0
2025-11-04,2024-09-24,"1.60%",-200,1.6,0
2025-11-04,2024-09-24,"1.85%",-175,1.85,0.0115516056335534
2025-11-04,2024-09-24,"2.10%",-150,2.1,0.0310683399323897
2025-11-04,2024-09-24,"2.35%",-125,2.35,0.0673121823208017
2025-11-04,2024-09-24,"2.60%",-100,2.6,0.117489074344618
2025-11-04,2024-09-24,"2.85%",-75,2.85,0.165215320580395
2025-11-04,2024-09-24,"3.10%",-50,3.1,0.187182451374765
2025-11-04,2024-09-24,"3.35%",-25,3.35,0.170862479378796
2025-11-04,2024-09-24,"3.60%",0,3.6,0.125658404484655
2025-11-04,2024-09-24,"3.85%",25,3.85,0.0744539844438346
2025-11-04,2024-09-24,"4.10%",50,4.1,0.0355399062576811
2025-11-04,2024-09-24,"4.35%",75,4.35,0.0136662512485116
2025-11-04,2024-09-24,"4.60%",100,4.6,0
2025-11-04,2024-09-24,"4.85%",125,4.85,0
2025-11-04,2024-09-24,"5.10%",150,5.1,0
2025-11-04,2024-09-24,"5.35%",175,5.35,0
2025-11-04,2024-09-24,"5.60%",200,5.6,0
2025-11-04,2024-09-24,"5.85%",225,5.85,0
2025-11-04,2024-09-24,"6.10%",250,6.1,0
2025-11-04,2024-09-25,"0.10%",-300,0.1,0
2025-11-04,2024-09-25,"0.35%",-300,0.35,0
2025-11-04,2024-09-25,"0.60%",-300,0.6,0
2025-11-04,2024-09-25,"0.85%",-275,0.85,0
2025-11-04,2024-09-25,"1.10%",-250,1.1,0
2025-11-04,2024-09-25,"1.35%",-225,1.35,0
2025-11-04,2024-09-25,"1.60%",-200,1.6,0
2025-11-04,2024-09-25,"1.85%",-175,1.85,0
2025-11-04,2024-09-25,"2.10%",-150,2.1,0.0272572218552219
2025-11-04,2024-09-25,"2.35%",-125,2.35,0.0620939533382027
2025-11-04,2024-09-25,"2.60%",-100,2.6,0.113075022196752
2025-11-04,2024-09-25,"2.85%",-75,2.85,0.164610892566767
2025-11-04,2024-09-25,"3.10%",-50,3.1,0.191575881845687
2025-11-04,2024-09-25,"3.35%",-25,3.35,0.17824606047536
2025-11-04,2024-09-25,"3.60%",0,3.6,0.132584516922249
2025-11-04,2024-09-25,"3.85%",25,3.85,0.0788400504524844
2025-11-04,2024-09-25,"4.10%",50,4.1,0.0374766244898217
2025-11-04,2024-09-25,"4.35%",75,4.35,0.0142397758574531
2025-11-04,2024-09-25,"4.60%",100,4.6,0
2025-11-04,2024-09-25,"4.85%",125,4.85,0
2025-11-04,2024-09-25,"5.10%",150,5.1,0
2025-11-04,2024-09-25,"5.35%",175,5.35,0
2025-11-04,2024-09-25,"5.60%",200,5.6,0
2025-11-04,2024-09-25,"5.85%",225,5.85,0
2025-11-04,2024-09-25,"6.10%",250,6.1,0
2025-11-04,2024-09-26,"0.10%",-300,0.1,0
2025-11-04,2024-09-26,"0.35%",-300,0.35,0
2025-11-04,2024-09-26,"0.60%",-300,0.6,0
2025-11-04,2024-09-26,"0.85%",-275,0.85,0
2025-11-04,2024-09-26,"1.10%",-250,1.1,0
2025-11-04,2024-09-26,"1.35%",-225,1.35,0
2025-11-04,2024-09-26,"1.60%",-200,1.6,0
2025-11-04,2024-09-26,"1.85%",-175,1.85,0
2025-11-04,2024-09-26,"2.10%",-150,2.1,0.0208842154400246
2025-11-04,2024-09-26,"2.35%",-125,2.35,0.0522185099726667
2025-11-04,2024-09-26,"2.60%",-100,2.6,0.102836022802239
2025-11-04,2024-09-26,"2.85%",-75,2.85,0.159519745720606
2025-11-04,2024-09-26,"3.10%",-50,3.1,0.194919119781915
2025-11-04,2024-09-26,"3.35%",-25,3.35,0.187618483007794
2025-11-04,2024-09-26,"3.60%",0,3.6,0.142257772175037
2025-11-04,2024-09-26,"3.85%",25,3.85,0.0849652447272692
2025-11-04,2024-09-26,"4.10%",50,4.1,0.0399710323760532
2025-11-04,2024-09-26,"4.35%",75,4.35,0.0148098539963945
2025-11-04,2024-09-26,"4.60%",100,4.6,0
2025-11-04,2024-09-26,"4.85%",125,4.85,0
2025-11-04,2024-09-26,"5.10%",150,5.1,0
2025-11-04,2024-09-26,"5.35%",175,5.35,0
2025-11-04,2024-09-26,"5.60%",200,5.6,0
2025-11-04,2024-09-26,"5.85%",225,5.85,0
2025-11-04,2024-09-26,"6.10%",250,6.1,0
2025-11-04,2024-09-27,"0.10%",-300,0.1,0
2025-11-04,2024-09-27,"0.35%",-300,0.35,0
2025-11-04,2024-09-27,"0.60%",-300,0.6,0
2025-11-04,2024-09-27,"0.85%",-275,0.85,0
2025-11-04,2024-09-27,"1.10%",-250,1.1,0
2025-11-04,2024-09-27,"1.35%",-225,1.35,0
2025-11-04,2024-09-27,"1.60%",-200,1.6,0
2025-11-04,2024-09-27,"1.85%",-175,1.85,0
2025-11-04,2024-09-27,"2.10%",-150,2.1,0.0156718722109538
2025-11-04,2024-09-27,"2.35%",-125,2.35,0.0428518026719675
2025-11-04,2024-09-27,"2.60%",-100,2.6,0.0912215225980319
2025-11-04,2024-09-27,"2.85%",-75,2.85,0.151198958982766
2025-11-04,2024-09-27,"3.10%",-50,3.1,0.195143111751082
2025-11-04,2024-09-27,"3.35%",-25,3.35,0.196121772530214
2025-11-04,2024-09-27,"3.60%",0,3.6,0.153485322902641
2025-11-04,2024-09-27,"3.85%",25,3.85,0.0935323241973536
2025-11-04,2024-09-27,"4.10%",50,4.1,0.0443793890326254
2025-11-04,2024-09-27,"4.35%",75,4.35,0.0163939231223651
2025-11-04,2024-09-27,"4.60%",100,4.6,0
2025-11-04,2024-09-27,"4.85%",125,4.85,0
2025-11-04,2024-09-27,"5.10%",150,5.1,0
2025-11-04,2024-09-27,"5.35%",175,5.35,0
2025-11-04,2024-09-27,"5.60%",200,5.6,0
2025-11-04,2024-09-27,"5.85%",225,5.85,0
2025-11-04,2024-09-27,"6.10%",250,6.1,0
2025-11-04,2024-09-30,"0.10%",-300,0.1,0
2025-11-04,2024-09-30,"0.35%",-300,0.35,0
2025-11-04,2024-09-30,"0.60%",-300,0.6,0
2025-11-04,2024-09-30,"0.85%",-275,0.85,0
2025-11-04,2024-09-30,"1.10%",-250,1.1,0
2025-11-04,2024-09-30,"1.35%",-225,1.35,0
2025-11-04,2024-09-30,"1.60%",-200,1.6,0
2025-11-04,2024-09-30,"1.85%",-175,1.85,0
2025-11-04,2024-09-30,"2.10%",-150,2.1,0.0149640411482187
2025-11-04,2024-09-30,"2.35%",-125,2.35,0.0415858351885353
2025-11-04,2024-09-30,"2.60%",-100,2.6,0.0897247709235068
2025-11-04,2024-09-30,"2.85%",-75,2.85,0.150312516094422
2025-11-04,2024-09-30,"3.10%",-50,3.1,0.195535267970476
2025-11-04,2024-09-30,"3.35%",-25,3.35,0.197523352309512
2025-11-04,2024-09-30,"3.60%",0,3.6,0.154944374249364
2025-11-04,2024-09-30,"3.85%",25,3.85,0.094380486088552
2025-11-04,2024-09-30,"4.10%",50,4.1,0.0446382853600103
2025-11-04,2024-09-30,"4.35%",75,4.35,0.0163910706674038
2025-11-04,2024-09-30,"4.60%",100,4.6,0
2025-11-04,2024-09-30,"4.85%",125,4.85,0
2025-11-04,2024-09-30,"5.10%",150,5.1,0
2025-11-04,2024-09-30,"5.35%",175,5.35,0
2025-11-04,2024-09-30,"5.60%",200,5.6,0
2025-11-04,2024-09-30,"5.85%",225,5.85,0
2025-11-04,2024-09-30,"6.10%",250,6.1,0
2025-11-04,2024-10-01,"0.10%",-300,0.1,0
2025-11-04,2024-10-01,"0.35%",-300,0.35,0
2025-11-04,2024-10-01,"0.60%",-300,0.6,0
2025-11-04,2024-10-01,"0.85%",-275,0.85,0
2025-11-04,2024-10-01,"1.10%",-250,1.1,0
2025-11-04,2024-10-01,"1.35%",-225,1.35,0
2025-11-04,2024-10-01,"1.60%",-200,1.6,0
2025-11-04,2024-10-01,"1.85%",-175,1.85,0
2025-11-04,2024-10-01,"2.10%",-150,2.1,0
2025-11-04,2024-10-01,"2.35%",-125,2.35,0.0311846774446921
2025-11-04,2024-10-01,"2.60%",-100,2.6,0.0760016986221486
2025-11-04,2024-10-01,"2.85%",-75,2.85,0.140660270817368
2025-11-04,2024-10-01,"3.10%",-50,3.1,0.197712240210343
2025-11-04,2024-10-01,"3.35%",-25,3.35,0.211074931975085
2025-11-04,2024-10-01,"3.60%",0,3.6,0.171153582199109
2025-11-04,2024-10-01,"3.85%",25,3.85,0.105405874653012
2025-11-04,2024-10-01,"4.10%",50,4.1,0.0492986476476033
2025-11-04,2024-10-01,"4.35%",75,4.35,0.0175080764306392
2025-11-04,2024-10-01,"4.60%",100,4.6,0
2025-11-04,2024-10-01,"4.85%",125,4.85,0
2025-11-04,2024-10-01,"5.10%",150,5.1,0
2025-11-04,2024-10-01,"5.35%",175,5.35,0
2025-11-04,2024-10-01,"5.60%",200,5.6,0
2025-11-04,2024-10-01,"5.85%",225,5.85,0
2025-11-04,2024-10-01,"6.10%",250,6.1,0
2025-11-04,2024-10-02,"0.10%",-300,0.1,0
2025-11-04,2024-10-02,"0.35%",-300,0.35,0
2025-11-04,2024-10-02,"0.60%",-300,0.6,0
2025-11-04,2024-10-02,"0.85%",-275,0.85,0
2025-11-04,2024-10-02,"1.10%",-250,1.1,0
2025-11-04,2024-10-02,"1.35%",-225,1.35,0
2025-11-04,2024-10-02,"1.60%",-200,1.6,0
2025-11-04,2024-10-02,"1.85%",-175,1.85,0
2025-11-04,2024-10-02,"2.10%",-150,2.1,0.0123996707641075
2025-11-04,2024-10-02,"2.35%",-125,2.35,0.0370011471066194
2025-11-04,2024-10-02,"2.60%",-100,2.6,0.084543858188742
2025-11-04,2024-10-02,"2.85%",-75,2.85,0.14793393191961
2025-11-04,2024-10-02,"3.10%",-50,3.1,0.198249535483919
2025-11-04,2024-10-02,"3.35%",-25,3.35,0.203486873767216
2025-11-04,2024-10-02,"3.60%",0,3.6,0.159971407436918
2025-11-04,2024-10-02,"3.85%",25,3.85,0.0963191434163914
2025-11-04,2024-10-02,"4.10%",50,4.1,0.0444130813065445
2025-11-04,2024-10-02,"4.35%",75,4.35,0.0156813506099315
2025-11-04,2024-10-02,"4.60%",100,4.6,0
2025-11-04,2024-10-02,"4.85%",125,4.85,0
2025-11-04,2024-10-02,"5.10%",150,5.1,0
2025-11-04,2024-10-02,"5.35%",175,5.35,0
2025-11-04,2024-10-02,"5.60%",200,5.6,0
2025-11-04,2024-10-02,"5.85%",225,5.85,0
2025-11-04,2024-10-02,"6.10%",250,6.1,0
2025-11-04,2024-10-07,"0.10%",-300,0.1,0
2025-11-04,2024-10-07,"0.35%",-300,0.35,0
2025-11-04,2024-10-07,"0.60%",-300,0.6,0
2025-11-04,2024-10-07,"0.85%",-275,0.85,0
2025-11-04,2024-10-07,"1.10%",-250,1.1,0
2025-11-04,2024-10-07,"1.35%",-225,1.35,0
2025-11-04,2024-10-07,"1.60%",-200,1.6,0
2025-11-04,2024-10-07,"1.85%",-175,1.85,0
2025-11-04,2024-10-07,"2.10%",-150,2.1,0
2025-11-04,2024-10-07,"2.35%",-125,2.35,0
2025-11-04,2024-10-07,"2.60%",-100,2.6,0.0223446463849778
2025-11-04,2024-10-07,"2.85%",-75,2.85,0.0615500625113394
2025-11-04,2024-10-07,"3.10%",-50,3.1,0.126243953904804
2025-11-04,2024-10-07,"3.35%",-25,3.35,0.192835905652012
2025-11-04,2024-10-07,"3.60%",0,3.6,0.219382378202567
2025-11-04,2024-10-07,"3.85%",25,3.85,0.18589377449176
2025-11-04,2024-10-07,"4.10%",50,4.1,0.117316978099169
2025-11-04,2024-10-07,"4.35%",75,4.35,0.0551372433446646
2025-11-04,2024-10-07,"4.60%",100,4.6,0.0192950574087069
2025-11-04,2024-10-07,"4.85%",125,4.85,0
2025-11-04,2024-10-07,"5.10%",150,5.1,0
2025-11-04,2024-10-07,"5.35%",175,5.35,0
2025-11-04,2024-10-07,"5.60%",200,5.6,0
2025-11-04,2024-10-07,"5.85%",225,5.85,0
2025-11-04,2024-10-07,"6.10%",250,6.1,0
2025-11-04,2024-10-08,"0.10%",-300,0.1,0
2025-11-04,2024-10-08,"0.35%",-300,0.35,0
2025-11-04,2024-10-08,"0.60%",-300,0.6,0
2025-11-04,2024-10-08,"0.85%",-275,0.85,0
2025-11-04,2024-10-08,"1.10%",-250,1.1,0
2025-11-04,2024-10-08,"1.35%",-225,1.35,0
2025-11-04,2024-10-08,"1.60%",-200,1.6,0
2025-11-04,2024-10-08,"1.85%",-175,1.85,0
2025-11-04,2024-10-08,"2.10%",-150,2.1,0
2025-11-04,2024-10-08,"2.35%",-125,2.35,0
2025-11-04,2024-10-08,"2.60%",-100,2.6,0.0274347333523996
2025-11-04,2024-10-08,"2.85%",-75,2.85,0.0700342114634157
2025-11-04,2024-10-08,"3.10%",-50,3.1,0.134820744245406
2025-11-04,2024-10-08,"3.35%",-25,3.35,0.19574690150836
2025-11-04,2024-10-08,"3.60%",0,3.6,0.214366376855416
2025-11-04,2024-10-08,"3.85%",25,3.85,0.177071999201792
2025-11-04,2024-10-08,"4.10%",50,4.1,0.110320971602035
2025-11-04,2024-10-08,"4.35%",75,4.35,0.0518371401928015
2025-11-04,2024-10-08,"4.60%",100,4.6,0.0183669215783745
2025-11-04,2024-10-08,"4.85%",125,4.85,0
2025-11-04,2024-10-08,"5.10%",150,5.1,0
2025-11-04,2024-10-08,"5.35%",175,5.35,0
2025-11-04,2024-10-08,"5.60%",200,5.6,0
2025-11-04,2024-10-08,"5.85%",225,5.85,0
2025-11-04,2024-10-08,"6.10%",250,6.1,0
2025-11-04,2024-10-09,"0.10%",-300,0.1,0
2025-11-04,2024-10-09,"0.35%",-300,0.35,0
2025-11-04,2024-10-09,"0.60%",-300,0.6,0
2025-11-04,2024-10-09,"0.85%",-275,0.85,0
2025-11-04,2024-10-09,"1.10%",-250,1.1,0
2025-11-04,2024-10-09,"1.35%",-225,1.35,0
2025-11-04,2024-10-09,"1.60%",-200,1.6,0
2025-11-04,2024-10-09,"1.85%",-175,1.85,0
2025-11-04,2024-10-09,"2.10%",-150,2.1,0
2025-11-04,2024-10-09,"2.35%",-125,2.35,0
2025-11-04,2024-10-09,"2.60%",-100,2.6,0.0280484090957776
2025-11-04,2024-10-09,"2.85%",-75,2.85,0.0712321472356388
2025-11-04,2024-10-09,"3.10%",-50,3.1,0.136375312455686
2025-11-04,2024-10-09,"3.35%",-25,3.35,0.196852934551652
2025-11-04,2024-10-09,"3.60%",0,3.6,0.214252532266947
2025-11-04,2024-10-09,"3.85%",25,3.85,0.175830948900543
2025-11-04,2024-10-09,"4.10%",50,4.1,0.108800992090242
2025-11-04,2024-10-09,"4.35%",75,4.35,0.0507572011209927
2025-11-04,2024-10-09,"4.60%",100,4.6,0.017849522282521
2025-11-04,2024-10-09,"4.85%",125,4.85,0
2025-11-04,2024-10-09,"5.10%",150,5.1,0
2025-11-04,2024-10-09,"5.35%",175,5.35,0
2025-11-04,2024-10-09,"5.60%",200,5.6,0
2025-11-04,2024-10-09,"5.85%",225,5.85,0
2025-11-04,2024-10-09,"6.10%",250,6.1,0
2025-11-04,2024-10-11,"0.10%",-300,0.1,0
2025-11-04,2024-10-11,"0.35%",-300,0.35,0
2025-11-04,2024-10-11,"0.60%",-300,0.6,0
2025-11-04,2024-10-11,"0.85%",-275,0.85,0
2025-11-04,2024-10-11,"1.10%",-250,1.1,0
2025-11-04,2024-10-11,"1.35%",-225,1.35,0
2025-11-04,2024-10-11,"1.60%",-200,1.6,0
2025-11-04,2024-10-11,"1.85%",-175,1.85,0
2025-11-04,2024-10-11,"2.10%",-150,2.1,0
2025-11-04,2024-10-11,"2.35%",-125,2.35,0
2025-11-04,2024-10-11,"2.60%",-100,2.6,0.0230022014066773
2025-11-04,2024-10-11,"2.85%",-75,2.85,0.0619268149717024
2025-11-04,2024-10-11,"3.10%",-50,3.1,0.125180957969076
2025-11-04,2024-10-11,"3.35%",-25,3.35,0.190024346673306
2025-11-04,2024-10-11,"3.60%",0,3.6,0.216635172380222
2025-11-04,2024-10-11,"3.85%",25,3.85,0.18548521390536
2025-11-04,2024-10-11,"4.10%",50,4.1,0.119271363736345
2025-11-04,2024-10-11,"4.35%",75,4.35,0.0575930729101421
2025-11-04,2024-10-11,"4.60%",100,4.6,0.0208808560471688
2025-11-04,2024-10-11,"4.85%",125,4.85,0
2025-11-04,2024-10-11,"5.10%",150,5.1,0
2025-11-04,2024-10-11,"5.35%",175,5.35,0
2025-11-04,2024-10-11,"5.60%",200,5.6,0
2025-11-04,2024-10-11,"5.85%",225,5.85,0
2025-11-04,2024-10-11,"6.10%",250,6.1,0
2025-11-04,2024-10-14,"0.10%",-300,0.1,0
2025-11-04,2024-10-14,"0.35%",-300,0.35,0
2025-11-04,2024-10-14,"0.60%",-300,0.6,0
2025-11-04,2024-10-14,"0.85%",-275,0.85,0
2025-11-04,2024-10-14,"1.10%",-250,1.1,0
2025-11-04,2024-10-14,"1.35%",-225,1.35,0
2025-11-04,2024-10-14,"1.60%",-200,1.6,0
2025-11-04,2024-10-14,"1.85%",-175,1.85,0
2025-11-04,2024-10-14,"2.10%",-150,2.1,0
2025-11-04,2024-10-14,"2.35%",-125,2.35,0
2025-11-04,2024-10-14,"2.60%",-100,2.6,0.0225127045794687
2025-11-04,2024-10-14,"2.85%",-75,2.85,0.0597150362901523
2025-11-04,2024-10-14,"3.10%",-50,3.1,0.120207717076782
2025-11-04,2024-10-14,"3.35%",-25,3.35,0.18366561976108
2025-11-04,2024-10-14,"3.60%",0,3.6,0.213011947857498
2025-11-04,2024-10-14,"3.85%",25,3.85,0.187530785922919
2025-11-04,2024-10-14,"4.10%",50,4.1,0.125320878920121
2025-11-04,2024-10-14,"4.35%",75,4.35,0.063565935785598
2025-11-04,2024-10-14,"4.60%",100,4.6,0.0244693738063802
2025-11-04,2024-10-14,"4.85%",125,4.85,0
2025-11-04,2024-10-14,"5.10%",150,5.1,0
2025-11-04,2024-10-14,"5.35%",175,5.35,0
2025-11-04,2024-10-14,"5.60%",200,5.6,0
2025-11-04,2024-10-14,"5.85%",225,5.85,0
2025-11-04,2024-10-14,"6.10%",250,6.1,0
2025-11-04,2024-10-15,"0.10%",-300,0.1,0
2025-11-04,2024-10-15,"0.35%",-300,0.35,0
2025-11-04,2024-10-15,"0.60%",-300,0.6,0
2025-11-04,2024-10-15,"0.85%",-275,0.85,0
2025-11-04,2024-10-15,"1.10%",-250,1.1,0
2025-11-04,2024-10-15,"1.35%",-225,1.35,0
2025-11-04,2024-10-15,"1.60%",-200,1.6,0
2025-11-04,2024-10-15,"1.85%",-175,1.85,0
2025-11-04,2024-10-15,"2.10%",-150,2.1,0
2025-11-04,2024-10-15,"2.35%",-125,2.35,0
2025-11-04,2024-10-15,"2.60%",-100,2.6,0.0212311638476702
2025-11-04,2024-10-15,"2.85%",-75,2.85,0.0588686086224937
2025-11-04,2024-10-15,"3.10%",-50,3.1,0.121949732312719
2025-11-04,2024-10-15,"3.35%",-25,3.35,0.188769432276719
2025-11-04,2024-10-15,"3.60%",0,3.6,0.218362125880789
2025-11-04,2024-10-15,"3.85%",25,3.85,0.188769432276721
2025-11-04,2024-10-15,"4.10%",50,4.1,0.121949732312722
2025-11-04,2024-10-15,"4.35%",75,4.35,0.0588686086224959
2025-11-04,2024-10-15,"4.60%",100,4.6,0.0212311638476712
2025-11-04,2024-10-15,"4.85%",125,4.85,0
2025-11-04,2024-10-15,"5.10%",150,5.1,0
2025-11-04,2024-10-15,"5.35%",175,5.35,0
2025-11-04,2024-10-15,"5.60%",200,5.6,0
2025-11-04,2024-10-15,"5.85%",225,5.85,0
2025-11-04,2024-10-15,"6.10%",250,6.1,0
2025-11-04,2024-10-16,"0.10%",-300,0.1,0
2025-11-04,2024-10-16,"0.35%",-300,0.35,0
2025-11-04,2024-10-16,"0.60%",-300,0.6,0
2025-11-04,2024-10-16,"0.85%",-275,0.85,0
2025-11-04,2024-10-16,"1.10%",-250,1.1,0
2025-11-04,2024-10-16,"1.35%",-225,1.35,0
2025-11-04,2024-10-16,"1.60%",-200,1.6,0
2025-11-04,2024-10-16,"1.85%",-175,1.85,0
2025-11-04,2024-10-16,"2.10%",-150,2.1,0
2025-11-04,2024-10-16,"2.35%",-125,2.35,0
2025-11-04,2024-10-16,"2.60%",-100,2.6,0.0174179500431452
2025-11-04,2024-10-16,"2.85%",-75,2.85,0.0576293315673944
2025-11-04,2024-10-16,"3.10%",-50,3.1,0.132900843641628
2025-11-04,2024-10-16,"3.35%",-25,3.35,0.213695027891169
2025-11-04,2024-10-16,"3.60%",0,3.6,0.239623396957786
2025-11-04,2024-10-16,"3.85%",25,3.85,0.187392907889006
2025-11-04,2024-10-16,"4.10%",50,4.1,0.102193033412428
2025-11-04,2024-10-16,"4.35%",75,4.35,0.03885309521589
2025-11-04,2024-10-16,"4.60%",100,4.6,0.0102944133815542
2025-11-04,2024-10-16,"4.85%",125,4.85,0
2025-11-04,2024-10-16,"5.10%",150,5.1,0
2025-11-04,2024-10-16,"5.35%",175,5.35,0
2025-11-04,2024-10-16,"5.60%",200,5.6,0
2025-11-04,2024-10-16,"5.85%",225,5.85,0
2025-11-04,2024-10-16,"6.10%",250,6.1,0
2025-11-04,2024-10-17,"0.10%",-300,0.1,0
2025-11-04,2024-10-17,"0.35%",-300,0.35,0
2025-11-04,2024-10-17,"0.60%",-300,0.6,0
2025-11-04,2024-10-17,"0.85%",-275,0.85,0
2025-11-04,2024-10-17,"1.10%",-250,1.1,0
2025-11-04,2024-10-17,"1.35%",-225,1.35,0
2025-11-04,2024-10-17,"1.60%",-200,1.6,0
2025-11-04,2024-10-17,"1.85%",-175,1.85,0
2025-11-04,2024-10-17,"2.10%",-150,2.1,0
2025-11-04,2024-10-17,"2.35%",-125,2.35,0
2025-11-04,2024-10-17,"2.60%",-100,2.6,0.0139680528166597
2025-11-04,2024-10-17,"2.85%",-75,2.85,0.0473586569565776
2025-11-04,2024-10-17,"3.10%",-50,3.1,0.113889939804253
2025-11-04,2024-10-17,"3.35%",-25,3.35,0.194322791128308
2025-11-04,2024-10-17,"3.60%",0,3.6,0.235286376799474
2025-11-04,2024-10-17,"3.85%",25,3.85,0.202178305878555
2025-11-04,2024-10-17,"4.10%",50,4.1,0.123285838078084
2025-11-04,2024-10-17,"4.35%",75,4.35,0.0533404006110444
2025-11-04,2024-10-17,"4.60%",100,4.6,0.0163696379270441
2025-11-04,2024-10-17,"4.85%",125,4.85,0
2025-11-04,2024-10-17,"5.10%",150,5.1,0
2025-11-04,2024-10-17,"5.35%",175,5.35,0
2025-11-04,2024-10-17,"5.60%",200,5.6,0
2025-11-04,2024-10-17,"5.85%",225,5.85,0
2025-11-04,2024-10-17,"6.10%",250,6.1,0
2025-11-04,2024-10-18,"0.10%",-300,0.1,0
2025-11-04,2024-10-18,"0.35%",-300,0.35,0
2025-11-04,2024-10-18,"0.60%",-300,0.6,0
2025-11-04,2024-10-18,"0.85%",-275,0.85,0
2025-11-04,2024-10-18,"1.10%",-250,1.1,0
2025-11-04,2024-10-18,"1.35%",-225,1.35,0
2025-11-04,2024-10-18,"1.60%",-200,1.6,0
2025-11-04,2024-10-18,"1.85%",-175,1.85,0
2025-11-04,2024-10-18,"2.10%",-150,2.1,0
2025-11-04,2024-10-18,"2.35%",-125,2.35,0
2025-11-04,2024-10-18,"2.60%",-100,2.6,0.0153073162435002
2025-11-04,2024-10-18,"2.85%",-75,2.85,0.046507549078864
2025-11-04,2024-10-18,"3.10%",-50,3.1,0.104921574143581
2025-11-04,2024-10-18,"3.35%",-25,3.35,0.175792984804042
2025-11-04,2024-10-18,"3.60%",0,3.6,0.218768638860691
2025-11-04,2024-10-18,"3.85%",25,3.85,0.202226254859353
2025-11-04,2024-10-18,"4.10%",50,4.1,0.138851624854139
2025-11-04,2024-10-18,"4.35%",75,4.35,0.0708088479827265
2025-11-04,2024-10-18,"4.60%",100,4.6,0.0268152091731033
2025-11-04,2024-10-18,"4.85%",125,4.85,0
2025-11-04,2024-10-18,"5.10%",150,5.1,0
2025-11-04,2024-10-18,"5.35%",175,5.35,0
2025-11-04,2024-10-18,"5.60%",200,5.6,0
2025-11-04,2024-10-18,"5.85%",225,5.85,0
2025-11-04,2024-10-18,"6.10%",250,6.1,0
2025-11-04,2024-10-21,"0.10%",-300,0.1,0
2025-11-04,2024-10-21,"0.35%",-300,0.35,0
2025-11-04,2024-10-21,"0.60%",-300,0.6,0
2025-11-04,2024-10-21,"0.85%",-275,0.85,0
2025-11-04,2024-10-21,"1.10%",-250,1.1,0
2025-11-04,2024-10-21,"1.35%",-225,1.35,0
2025-11-04,2024-10-21,"1.60%",-200,1.6,0
2025-11-04,2024-10-21,"1.85%",-175,1.85,0
2025-11-04,2024-10-21,"2.10%",-150,2.1,0
2025-11-04,2024-10-21,"2.35%",-125,2.35,0
2025-11-04,2024-10-21,"2.60%",-100,2.6,0.01715821532198
2025-11-04,2024-10-21,"2.85%",-75,2.85,0.0511687080172033
2025-11-04,2024-10-21,"3.10%",-50,3.1,0.112793978949508
2025-11-04,2024-10-21,"3.35%",-25,3.35,0.18382161817686
2025-11-04,2024-10-21,"3.60%",0,3.6,0.221507025560657
2025-11-04,2024-10-21,"3.85%",25,3.85,0.197368799268512
2025-11-04,2024-10-21,"4.10%",50,4.1,0.130034107565855
2025-11-04,2024-10-21,"4.35%",75,4.35,0.0633402839946804
2025-11-04,2024-10-21,"4.60%",100,4.6,0.0228072631447444
2025-11-04,2024-10-21,"4.85%",125,4.85,0
2025-11-04,2024-10-21,"5.10%",150,5.1,0
2025-11-04,2024-10-21,"5.35%",175,5.35,0
2025-11-04,2024-10-21,"5.60%",200,5.6,0
2025-11-04,2024-10-21,"5.85%",225,5.85,0
2025-11-04,2024-10-21,"6.10%",250,6.1,0
2025-11-04,2024-10-23,"0.10%",-300,0.1,0
2025-11-04,2024-10-23,"0.35%",-300,0.35,0
2025-11-04,2024-10-23,"0.60%",-300,0.6,0
2025-11-04,2024-10-23,"0.85%",-275,0.85,0
2025-11-04,2024-10-23,"1.10%",-250,1.1,0
2025-11-04,2024-10-23,"1.35%",-225,1.35,0
2025-11-04,2024-10-23,"1.60%",-200,1.6,0
2025-11-04,2024-10-23,"1.85%",-175,1.85,0
2025-11-04,2024-10-23,"2.10%",-150,2.1,0
2025-11-04,2024-10-23,"2.35%",-125,2.35,0
2025-11-04,2024-10-23,"2.60%",-100,2.6,0
2025-11-04,2024-10-23,"2.85%",-75,2.85,0.0253759085082007
2025-11-04,2024-10-23,"3.10%",-50,3.1,0.0709131598174454
2025-11-04,2024-10-23,"3.35%",-25,3.35,0.143708552310724
2025-11-04,2024-10-23,"3.60%",0,3.6,0.211240013830517
2025-11-04,2024-10-23,"3.85%",25,3.85,0.225245706307049
2025-11-04,2024-10-23,"4.10%",50,4.1,0.174233585275668
2025-11-04,2024-10-23,"4.35%",75,4.35,0.0977618430935104
2025-11-04,2024-10-23,"4.60%",100,4.6,0.0397829233800039
2025-11-04,2024-10-23,"4.85%",125,4.85,0.0117383074768815
2025-11-04,2024-10-23,"5.10%",150,5.1,0
2025-11-04,2024-10-23,"5.35%",175,5.35,0
2025-11-04,2024-10-23,"5.60%",200,5.6,0
2025-11-04,2024-10-23,"5.85%",225,5.85,0
2025-11-04,2024-10-23,"6.10%",250,6.1,0
2025-11-04,2024-10-24,"0.10%",-300,0.1,0
2025-11-04,2024-10-24,"0.35%",-300,0.35,0
2025-11-04,2024-10-24,"0.60%",-300,0.6,0
2025-11-04,2024-10-24,"0.85%",-275,0.85,0
2025-11-04,2024-10-24,"1.10%",-250,1.1,0
2025-11-04,2024-10-24,"1.35%",-225,1.35,0
2025-11-04,2024-10-24,"1.60%",-200,1.6,0
2025-11-04,2024-10-24,"1.85%",-175,1.85,0
2025-11-04,2024-10-24,"2.10%",-150,2.1,0
2025-11-04,2024-10-24,"2.35%",-125,2.35,0
2025-11-04,2024-10-24,"2.60%",-100,2.6,0
2025-11-04,2024-10-24,"2.85%",-75,2.85,0.0285350978249644
2025-11-04,2024-10-24,"3.10%",-50,3.1,0.0778002168715144
2025-11-04,2024-10-24,"3.35%",-25,3.35,0.153422721391671
2025-11-04,2024-10-24,"3.60%",0,3.6,0.218873044428133
2025-11-04,2024-10-24,"3.85%",25,3.85,0.225909761446818
2025-11-04,2024-10-24,"4.10%",50,4.1,0.168702691555261
2025-11-04,2024-10-24,"4.35%",75,4.35,0.0911412670035157
2025-11-04,2024-10-24,"4.60%",100,4.6,0.0356151994781212
2025-11-04,2024-10-24,"4.85%",125,4.85,0
2025-11-04,2024-10-24,"5.10%",150,5.1,0
2025-11-04,2024-10-24,"5.35%",175,5.35,0
2025-11-04,2024-10-24,"5.60%",200,5.6,0
2025-11-04,2024-10-24,"5.85%",225,5.85,0
2025-11-04,2024-10-24,"6.10%",250,6.1,0
2025-11-04,2024-10-25,"0.10%",-300,0.1,0
2025-11-04,2024-10-25,"0.35%",-300,0.35,0
2025-11-04,2024-10-25,"0.60%",-300,0.6,0
2025-11-04,2024-10-25,"0.85%",-275,0.85,0
2025-11-04,2024-10-25,"1.10%",-250,1.1,0
2025-11-04,2024-10-25,"1.35%",-225,1.35,0
2025-11-04,2024-10-25,"1.60%",-200,1.6,0
2025-11-04,2024-10-25,"1.85%",-175,1.85,0
2025-11-04,2024-10-25,"2.10%",-150,2.1,0
2025-11-04,2024-10-25,"2.35%",-125,2.35,0
2025-11-04,2024-10-25,"2.60%",-100,2.6,0
2025-11-04,2024-10-25,"2.85%",-75,2.85,0.0289334728625824
2025-11-04,2024-10-25,"3.10%",-50,3.1,0.0827454356926285
2025-11-04,2024-10-25,"3.35%",-25,3.35,0.165801672971471
2025-11-04,2024-10-25,"3.60%",0,3.6,0.232837322897428
2025-11-04,2024-10-25,"3.85%",25,3.85,0.229189250084592
2025-11-04,2024-10-25,"4.10%",50,4.1,0.158128834942036
2025-11-04,2024-10-25,"4.35%",75,4.35,0.0764607525186734
2025-11-04,2024-10-25,"4.60%",100,4.6,0.0259032580305886
2025-11-04,2024-10-25,"4.85%",125,4.85,0
2025-11-04,2024-10-25,"5.10%",150,5.1,0
2025-11-04,2024-10-25,"5.35%",175,5.35,0
2025-11-04,2024-10-25,"5.60%",200,5.6,0
2025-11-04,2024-10-25,"5.85%",225,5.85,0
2025-11-04,2024-10-25,"6.10%",250,6.1,0
2025-11-04,2024-10-28,"0.10%",-300,0.1,0
2025-11-04,2024-10-28,"0.35%",-300,0.35,0
2025-11-04,2024-10-28,"0.60%",-300,0.6,0
2025-11-04,2024-10-28,"0.85%",-275,0.85,0
2025-11-04,2024-10-28,"1.10%",-250,1.1,0
2025-11-04,2024-10-28,"1.35%",-225,1.35,0
2025-11-04,2024-10-28,"1.60%",-200,1.6,0
2025-11-04,2024-10-28,"1.85%",-175,1.85,0
2025-11-04,2024-10-28,"2.10%",-150,2.1,0
2025-11-04,2024-10-28,"2.35%",-125,2.35,0
2025-11-04,2024-10-28,"2.60%",-100,2.6,0
2025-11-04,2024-10-28,"2.85%",-75,2.85,0.0233644063106882
2025-11-04,2024-10-28,"3.10%",-50,3.1,0.0694894921531228
2025-11-04,2024-10-28,"3.35%",-25,3.35,0.146664791528379
2025-11-04,2024-10-28,"3.60%",0,3.6,0.21972884180996
2025-11-04,2024-10-28,"3.85%",25,3.85,0.2337035938475
2025-11-04,2024-10-28,"4.10%",50,4.1,0.176469853967196
2025-11-04,2024-10-28,"4.35%",75,4.35,0.0945929189560531
2025-11-04,2024-10-28,"4.60%",100,4.6,0.0359861014271015
2025-11-04,2024-10-28,"4.85%",125,4.85,0
2025-11-04,2024-10-28,"5.10%",150,5.1,0
2025-11-04,2024-10-28,"5.35%",175,5.35,0
2025-11-04,2024-10-28,"5.60%",200,5.6,0
2025-11-04,2024-10-28,"5.85%",225,5.85,0
2025-11-04,2024-10-28,"6.10%",250,6.1,0
2025-11-04,2024-10-29,"0.10%",-300,0.1,0
2025-11-04,2024-10-29,"0.35%",-300,0.35,0
2025-11-04,2024-10-29,"0.60%",-300,0.6,0
2025-11-04,2024-10-29,"0.85%",-275,0.85,0
2025-11-04,2024-10-29,"1.10%",-250,1.1,0
2025-11-04,2024-10-29,"1.35%",-225,1.35,0
2025-11-04,2024-10-29,"1.60%",-200,1.6,0
2025-11-04,2024-10-29,"1.85%",-175,1.85,0
2025-11-04,2024-10-29,"2.10%",-150,2.1,0
2025-11-04,2024-10-29,"2.35%",-125,2.35,0
2025-11-04,2024-10-29,"2.60%",-100,2.6,0
2025-11-04,2024-10-29,"2.85%",-75,2.85,0.0306675159447156
2025-11-04,2024-10-29,"3.10%",-50,3.1,0.0775784643791136
2025-11-04,2024-10-29,"3.35%",-25,3.35,0.146314860035411
2025-11-04,2024-10-29,"3.60%",0,3.6,0.205769187245391
2025-11-04,2024-10-29,"3.85%",25,3.85,0.215799228337695
2025-11-04,2024-10-29,"4.10%",50,4.1,0.168772513980432
2025-11-04,2024-10-29,"4.35%",75,4.35,0.0984264789777652
2025-11-04,2024-10-29,"4.60%",100,4.6,0.0427985586110832
2025-11-04,2024-10-29,"4.85%",125,4.85,0.0138731924883932
2025-11-04,2024-10-29,"5.10%",150,5.1,0
2025-11-04,2024-10-29,"5.35%",175,5.35,0
2025-11-04,2024-10-29,"5.60%",200,5.6,0
2025-11-04,2024-10-29,"5.85%",225,5.85,0
2025-11-04,2024-10-29,"6.10%",250,6.1,0
2025-11-04,2024-10-30,"0.10%",-300,0.1,0
2025-11-04,2024-10-30,"0.35%",-300,0.35,0
2025-11-04,2024-10-30,"0.60%",-300,0.6,0
2025-11-04,2024-10-30,"0.85%",-275,0.85,0
2025-11-04,2024-10-30,"1.10%",-250,1.1,0
2025-11-04,2024-10-30,"1.35%",-225,1.35,0
2025-11-04,2024-10-30,"1.60%",-200,1.6,0
2025-11-04,2024-10-30,"1.85%",-175,1.85,0
2025-11-04,2024-10-30,"2.10%",-150,2.1,0
2025-11-04,2024-10-30,"2.35%",-125,2.35,0
2025-11-04,2024-10-30,"2.60%",-100,2.6,0
2025-11-04,2024-10-30,"2.85%",-75,2.85,0.0249137136520035
2025-11-04,2024-10-30,"3.10%",-50,3.1,0.0682247511371318
2025-11-04,2024-10-30,"3.35%",-25,3.35,0.137429563534801
2025-11-04,2024-10-30,"3.60%",0,3.6,0.203670649485267
2025-11-04,2024-10-30,"3.85%",25,3.85,0.222090666759435
2025-11-04,2024-10-30,"4.10%",50,4.1,0.178194968489673
2025-11-04,2024-10-30,"4.35%",75,4.35,0.105196010770619
2025-11-04,2024-10-30,"4.60%",100,4.6,0.0456861020704458
2025-11-04,2024-10-30,"4.85%",125,4.85,0.014593574100623
2025-11-04,2024-10-30,"5.10%",150,5.1,0
2025-11-04,2024-10-30,"5.35%",175,5.35,0
2025-11-04,2024-10-30,"5.60%",200,5.6,0
2025-11-04,2024-10-30,"5.85%",225,5.85,0
2025-11-04,2024-10-30,"6.10%",250,6.1,0
2025-11-04,2024-10-31,"0.10%",-300,0.1,0
2025-11-04,2024-10-31,"0.35%",-300,0.35,0
2025-11-04,2024-10-31,"0.60%",-300,0.6,0
2025-11-04,2024-10-31,"0.85%",-275,0.85,0
2025-11-04,2024-10-31,"1.10%",-250,1.1,0
2025-11-04,2024-10-31,"1.35%",-225,1.35,0
2025-11-04,2024-10-31,"1.60%",-200,1.6,0
2025-11-04,2024-10-31,"1.85%",-175,1.85,0
2025-11-04,2024-10-31,"2.10%",-150,2.1,0
2025-11-04,2024-10-31,"2.35%",-125,2.35,0
2025-11-04,2024-10-31,"2.60%",-100,2.6,0
2025-11-04,2024-10-31,"2.85%",-75,2.85,0.0135718643456018
2025-11-04,2024-10-31,"3.10%",-50,3.1,0.0473916371675473
2025-11-04,2024-10-31,"3.35%",-25,3.35,0.115967179699697
2025-11-04,2024-10-31,"3.60%",0,3.6,0.198923720900352
2025-11-04,2024-10-31,"3.85%",25,3.85,0.239248091260017
2025-11-04,2024-10-31,"4.10%",50,4.1,0.201768364892011
2025-11-04,2024-10-31,"4.35%",75,4.35,0.119308274581826
2025-11-04,2024-10-31,"4.60%",100,4.6,0.0494550834713983
2025-11-04,2024-10-31,"4.85%",125,4.85,0.0143657836815479
2025-11-04,2024-10-31,"5.10%",150,5.1,0
2025-11-04,2024-10-31,"5.35%",175,5.35,0
2025-11-04,2024-10-31,"5.60%",200,5.6,0
2025-11-04,2024-10-31,"5.85%",225,5.85,0
2025-11-04,2024-10-31,"6.10%",250,6.1,0
2025-11-04,2024-11-01,"0.10%",-300,0.1,0
2025-11-04,2024-11-01,"0.35%",-300,0.35,0
2025-11-04,2024-11-01,"0.60%",-300,0.6,0
2025-11-04,2024-11-01,"0.85%",-275,0.85,0
2025-11-04,2024-11-01,"1.10%",-250,1.1,0
2025-11-04,2024-11-01,"1.35%",-225,1.35,0
2025-11-04,2024-11-01,"1.60%",-200,1.6,0
2025-11-04,2024-11-01,"1.85%",-175,1.85,0
2025-11-04,2024-11-01,"2.10%",-150,2.1,0
2025-11-04,2024-11-01,"2.35%",-125,2.35,0
2025-11-04,2024-11-01,"2.60%",-100,2.6,0.0116322251204474
2025-11-04,2024-11-01,"2.85%",-75,2.85,0.0318167562559869
2025-11-04,2024-11-01,"3.10%",-50,3.1,0.0695819600149999
2025-11-04,2024-11-01,"3.35%",-25,3.35,0.12167931549676
2025-11-04,2024-11-01,"3.60%",0,3.6,0.170152911834601
2025-11-04,2024-11-01,"3.85%",25,3.85,0.190273662554402
2025-11-04,2024-11-01,"4.10%",50,4.1,0.170152911834603
2025-11-04,2024-11-01,"4.35%",75,4.35,0.121679315496762
2025-11-04,2024-11-01,"4.60%",100,4.6,0.0695819600150018
2025-11-04,2024-11-01,"4.85%",125,4.85,0.031816756255988
2025-11-04,2024-11-01,"5.10%",150,5.1,0.0116322251204479
2025-11-04,2024-11-01,"5.35%",175,5.35,0
2025-11-04,2024-11-01,"5.60%",200,5.6,0
2025-11-04,2024-11-01,"5.85%",225,5.85,0
2025-11-04,2024-11-01,"6.10%",250,6.1,0
2025-11-04,2024-11-04,"0.10%",-300,0.1,0
2025-11-04,2024-11-04,"0.35%",-300,0.35,0
2025-11-04,2024-11-04,"0.60%",-300,0.6,0
2025-11-04,2024-11-04,"0.85%",-275,0.85,0
2025-11-04,2024-11-04,"1.10%",-250,1.1,0
2025-11-04,2024-11-04,"1.35%",-225,1.35,0
2025-11-04,2024-11-04,"1.60%",-200,1.6,0
2025-11-04,2024-11-04,"1.85%",-175,1.85,0
2025-11-04,2024-11-04,"2.10%",-150,2.1,0
2025-11-04,2024-11-04,"2.35%",-125,2.35,0.0169249425501581
2025-11-04,2024-11-04,"2.60%",-100,2.6,0.0327925648734118
2025-11-04,2024-11-04,"2.85%",-75,2.85,0.0562141212630744
2025-11-04,2024-11-04,"3.10%",-50,3.1,0.0852591346736371
2025-11-04,2024-11-04,"3.35%",-25,3.35,0.114410181914184
2025-11-04,2024-11-04,"3.60%",0,3.6,0.135837189911773
2025-11-04,2024-11-04,"3.85%",25,3.85,0.142693479570662
2025-11-04,2024-11-04,"4.10%",50,4.1,0.132623758518878
2025-11-04,2024-11-04,"4.35%",75,4.35,0.109061081096474
2025-11-04,2024-11-04,"4.60%",100,4.6,0.0793502312102226
2025-11-04,2024-11-04,"4.85%",125,4.85,0.0510804095069602
2025-11-04,2024-11-04,"5.10%",150,5.1,0.0290927889566544
2025-11-04,2024-11-04,"5.35%",175,5.35,0.0146601159539114
2025-11-04,2024-11-04,"5.60%",200,5.6,0
2025-11-04,2024-11-04,"5.85%",225,5.85,0
2025-11-04,2024-11-04,"6.10%",250,6.1,0
2025-11-04,2024-11-05,"0.10%",-300,0.1,0
2025-11-04,2024-11-05,"0.35%",-300,0.35,0
2025-11-04,2024-11-05,"0.60%",-300,0.6,0
2025-11-04,2024-11-05,"0.85%",-275,0.85,0
2025-11-04,2024-11-05,"1.10%",-250,1.1,0
2025-11-04,2024-11-05,"1.35%",-225,1.35,0
2025-11-04,2024-11-05,"1.60%",-200,1.6,0
2025-11-04,2024-11-05,"1.85%",-175,1.85,0
2025-11-04,2024-11-05,"2.10%",-150,2.1,0
2025-11-04,2024-11-05,"2.35%",-125,2.35,0
2025-11-04,2024-11-05,"2.60%",-100,2.6,0
2025-11-04,2024-11-05,"2.85%",-75,2.85,0.0227406102048506
2025-11-04,2024-11-05,"3.10%",-50,3.1,0.0588169491681909
2025-11-04,2024-11-05,"3.35%",-25,3.35,0.116819493343884
2025-11-04,2024-11-05,"3.60%",0,3.6,0.178191598988388
2025-11-04,2024-11-05,"3.85%",25,3.85,0.208760149531822
2025-11-04,2024-11-05,"4.10%",50,4.1,0.187848442540979
2025-11-04,2024-11-05,"4.35%",75,4.35,0.129825432013103
2025-11-04,2024-11-05,"4.60%",100,4.6,0.0689093785220351
2025-11-04,2024-11-05,"4.85%",125,4.85,0.0280879456867477
2025-11-04,2024-11-05,"5.10%",150,5.1,0
2025-11-04,2024-11-05,"5.35%",175,5.35,0
2025-11-04,2024-11-05,"5.60%",200,5.6,0
2025-11-04,2024-11-05,"5.85%",225,5.85,0
2025-11-04,2024-11-05,"6.10%",250,6.1,0
2025-11-04,2024-11-06,"0.10%",-300,0.1,0
2025-11-04,2024-11-06,"0.35%",-300,0.35,0
2025-11-04,2024-11-06,"0.60%",-300,0.6,0
2025-11-04,2024-11-06,"0.85%",-275,0.85,0
2025-11-04,2024-11-06,"1.10%",-250,1.1,0
2025-11-04,2024-11-06,"1.35%",-225,1.35,0
2025-11-04,2024-11-06,"1.60%",-200,1.6,0
2025-11-04,2024-11-06,"1.85%",-175,1.85,0
2025-11-04,2024-11-06,"2.10%",-150,2.1,0
2025-11-04,2024-11-06,"2.35%",-125,2.35,0
2025-11-04,2024-11-06,"2.60%",-100,2.6,0
2025-11-04,2024-11-06,"2.85%",-75,2.85,0.0198165835740954
2025-11-04,2024-11-06,"3.10%",-50,3.1,0.0520353026715705
2025-11-04,2024-11-06,"3.35%",-25,3.35,0.105732551415232
2025-11-04,2024-11-06,"3.60%",0,3.6,0.166266436864138
2025-11-04,2024-11-06,"3.85%",25,3.85,0.202355236399592
2025-11-04,2024-11-06,"4.10%",50,4.1,0.190612299709318
2025-11-04,2024-11-06,"4.35%",75,4.35,0.138966511186086
2025-11-04,2024-11-06,"4.60%",100,4.6,0.0784100841175875
2025-11-04,2024-11-06,"4.85%",125,4.85,0.0342373589692218
2025-11-04,2024-11-06,"5.10%",150,5.1,0.0115676350931587
2025-11-04,2024-11-06,"5.35%",175,5.35,0
2025-11-04,2024-11-06,"5.60%",200,5.6,0
2025-11-04,2024-11-06,"5.85%",225,5.85,0
2025-11-04,2024-11-06,"6.10%",250,6.1,0
2025-11-04,2024-11-07,"0.10%",-300,0.1,0
2025-11-04,2024-11-07,"0.35%",-300,0.35,0
2025-11-04,2024-11-07,"0.60%",-300,0.6,0
2025-11-04,2024-11-07,"0.85%",-275,0.85,0
2025-11-04,2024-11-07,"1.10%",-250,1.1,0
2025-11-04,2024-11-07,"1.35%",-225,1.35,0
2025-11-04,2024-11-07,"1.60%",-200,1.6,0
2025-11-04,2024-11-07,"1.85%",-175,1.85,0
2025-11-04,2024-11-07,"2.10%",-150,2.1,0
2025-11-04,2024-11-07,"2.35%",-125,2.35,0
2025-11-04,2024-11-07,"2.60%",-100,2.6,0
2025-11-04,2024-11-07,"2.85%",-75,2.85,0.0164437010085519
2025-11-04,2024-11-07,"3.10%",-50,3.1,0.0480210025389084
2025-11-04,2024-11-07,"3.35%",-25,3.35,0.105332795527423
2025-11-04,2024-11-07,"3.60%",0,3.6,0.173565801200834
2025-11-04,2024-11-07,"3.85%",25,3.85,0.214870615054949
2025-11-04,2024-11-07,"4.10%",50,4.1,0.19985794307775
2025-11-04,2024-11-07,"4.35%",75,4.35,0.139666028179568
2025-11-04,2024-11-07,"4.60%",100,4.6,0.0733251791947795
2025-11-04,2024-11-07,"4.85%",125,4.85,0.0289169342172362
2025-11-04,2024-11-07,"5.10%",150,5.1,0
2025-11-04,2024-11-07,"5.35%",175,5.35,0
2025-11-04,2024-11-07,"5.60%",200,5.6,0
2025-11-04,2024-11-07,"5.85%",225,5.85,0
2025-11-04,2024-11-07,"6.10%",250,6.1,0
2025-11-04,2024-11-08,"0.10%",-300,0.1,0
2025-11-04,2024-11-08,"0.35%",-300,0.35,0
2025-11-04,2024-11-08,"0.60%",-300,0.6,0
2025-11-04,2024-11-08,"0.85%",-275,0.85,0
2025-11-04,2024-11-08,"1.10%",-250,1.1,0
2025-11-04,2024-11-08,"1.35%",-225,1.35,0
2025-11-04,2024-11-08,"1.60%",-200,1.6,0
2025-11-04,2024-11-08,"1.85%",-175,1.85,0
2025-11-04,2024-11-08,"2.10%",-150,2.1,0
2025-11-04,2024-11-08,"2.35%",-125,2.35,0
2025-11-04,2024-11-08,"2.60%",-100,2.6,0
2025-11-04,2024-11-08,"2.85%",-75,2.85,0.0204455959841315
2025-11-04,2024-11-08,"3.10%",-50,3.1,0.0555547805967145
2025-11-04,2024-11-08,"3.35%",-25,3.35,0.114534069388013
2025-11-04,2024-11-08,"3.60%",0,3.6,0.179182512420369
2025-11-04,2024-11-08,"3.85%",25,3.85,0.212735436824818
2025-11-04,2024-11-08,"4.10%",50,4.1,0.191681939149165
2025-11-04,2024-11-08,"4.35%",75,4.35,0.131072403952798
2025-11-04,2024-11-08,"4.60%",100,4.6,0.0680142115936715
2025-11-04,2024-11-08,"4.85%",125,4.85,0.026779050090319
2025-11-04,2024-11-08,"5.10%",150,5.1,0
2025-11-04,2024-11-08,"5.35%",175,5.35,0
2025-11-04,2024-11-08,"5.60%",200,5.6,0
2025-11-04,2024-11-08,"5.85%",225,5.85,0
2025-11-04,2024-11-08,"6.10%",250,6.1,0
2025-11-04,2024-11-12,"0.10%",-300,0.1,0
2025-11-04,2024-11-12,"0.35%",-300,0.35,0
2025-11-04,2024-11-12,"0.60%",-300,0.6,0
2025-11-04,2024-11-12,"0.85%",-275,0.85,0
2025-11-04,2024-11-12,"1.10%",-250,1.1,0
2025-11-04,2024-11-12,"1.35%",-225,1.35,0
2025-11-04,2024-11-12,"1.60%",-200,1.6,0
2025-11-04,2024-11-12,"1.85%",-175,1.85,0
2025-11-04,2024-11-12,"2.10%",-150,2.1,0
2025-11-04,2024-11-12,"2.35%",-125,2.35,0
2025-11-04,2024-11-12,"2.60%",-100,2.6,0
2025-11-04,2024-11-12,"2.85%",-75,2.85,0.0148605242272851
2025-11-04,2024-11-12,"3.10%",-50,3.1,0.0454217808191857
2025-11-04,2024-11-12,"3.35%",-25,3.35,0.103141495103331
2025-11-04,2024-11-12,"3.60%",0,3.6,0.174028556963204
2025-11-04,2024-11-12,"3.85%",25,3.85,0.218211293693886
2025-11-04,2024-11-12,"4.10%",50,4.1,0.203341649068647
2025-11-04,2024-11-12,"4.35%",75,4.35,0.14081882951879
2025-11-04,2024-11-12,"4.60%",100,4.6,0.0724675554063932
2025-11-04,2024-11-12,"4.85%",125,4.85,0.0277083151992776
2025-11-04,2024-11-12,"5.10%",150,5.1,0
2025-11-04,2024-11-12,"5.35%",175,5.35,0
2025-11-04,2024-11-12,"5.60%",200,5.6,0
2025-11-04,2024-11-12,"5.85%",225,5.85,0
2025-11-04,2024-11-12,"6.10%",250,6.1,0
2025-11-04,2024-11-13,"0.10%",-300,0.1,0
2025-11-04,2024-11-13,"0.35%",-300,0.35,0
2025-11-04,2024-11-13,"0.60%",-300,0.6,0
2025-11-04,2024-11-13,"0.85%",-275,0.85,0
2025-11-04,2024-11-13,"1.10%",-250,1.1,0
2025-11-04,2024-11-13,"1.35%",-225,1.35,0
2025-11-04,2024-11-13,"1.60%",-200,1.6,0
2025-11-04,2024-11-13,"1.85%",-175,1.85,0
2025-11-04,2024-11-13,"2.10%",-150,2.1,0
2025-11-04,2024-11-13,"2.35%",-125,2.35,0
2025-11-04,2024-11-13,"2.60%",-100,2.6,0
2025-11-04,2024-11-13,"2.85%",-75,2.85,0
2025-11-04,2024-11-13,"3.10%",-50,3.1,0.0297376782808873
2025-11-04,2024-11-13,"3.35%",-25,3.35,0.0771656523296785
2025-11-04,2024-11-13,"3.60%",0,3.6,0.147836923945093
2025-11-04,2024-11-13,"3.85%",25,3.85,0.209146943930797
2025-11-04,2024-11-13,"4.10%",50,4.1,0.218507794147805
2025-11-04,2024-11-13,"4.35%",75,4.35,0.168590800555529
2025-11-04,2024-11-13,"4.60%",100,4.6,0.096056000485657
2025-11-04,2024-11-13,"4.85%",125,4.85,0.0404091425457345
2025-11-04,2024-11-13,"5.10%",150,5.1,0.0125490637788197
2025-11-04,2024-11-13,"5.35%",175,5.35,0
2025-11-04,2024-11-13,"5.60%",200,5.6,0
2025-11-04,2024-11-13,"5.85%",225,5.85,0
2025-11-04,2024-11-13,"6.10%",250,6.1,0
2025-11-04,2024-11-14,"0.10%",-300,0.1,0
2025-11-04,2024-11-14,"0.35%",-300,0.35,0
2025-11-04,2024-11-14,"0.60%",-300,0.6,0
2025-11-04,2024-11-14,"0.85%",-275,0.85,0
2025-11-04,2024-11-14,"1.10%",-250,1.1,0
2025-11-04,2024-11-14,"1.35%",-225,1.35,0
2025-11-04,2024-11-14,"1.60%",-200,1.6,0
2025-11-04,2024-11-14,"1.85%",-175,1.85,0
2025-11-04,2024-11-14,"2.10%",-150,2.1,0
2025-11-04,2024-11-14,"2.35%",-125,2.35,0
2025-11-04,2024-11-14,"2.60%",-100,2.6,0
2025-11-04,2024-11-14,"2.85%",-75,2.85,0.0104397449857655
2025-11-04,2024-11-14,"3.10%",-50,3.1,0.0351915628744401
2025-11-04,2024-11-14,"3.35%",-25,3.35,0.0874079292250454
2025-11-04,2024-11-14,"3.60%",0,3.6,0.160000104572875
2025-11-04,2024-11-14,"3.85%",25,3.85,0.215879492133257
2025-11-04,2024-11-14,"4.10%",50,4.1,0.214712284735325
2025-11-04,2024-11-14,"4.35%",75,4.35,0.1574186512207
2025-11-04,2024-11-14,"4.60%",100,4.6,0.085069798748449
2025-11-04,2024-11-14,"4.85%",125,4.85,0.0338804315041429
2025-11-04,2024-11-14,"5.10%",150,5.1,0
2025-11-04,2024-11-14,"5.35%",175,5.35,0
2025-11-04,2024-11-14,"5.60%",200,5.6,0
2025-11-04,2024-11-14,"5.85%",225,5.85,0
2025-11-04,2024-11-14,"6.10%",250,6.1,0
2025-11-04,2024-11-15,"0.10%",-300,0.1,0
2025-11-04,2024-11-15,"0.35%",-300,0.35,0
2025-11-04,2024-11-15,"0.60%",-300,0.6,0
2025-11-04,2024-11-15,"0.85%",-275,0.85,0
2025-11-04,2024-11-15,"1.10%",-250,1.1,0
2025-11-04,2024-11-15,"1.35%",-225,1.35,0
2025-11-04,2024-11-15,"1.60%",-200,1.6,0
2025-11-04,2024-11-15,"1.85%",-175,1.85,0
2025-11-04,2024-11-15,"2.10%",-150,2.1,0
2025-11-04,2024-11-15,"2.35%",-125,2.35,0
2025-11-04,2024-11-15,"2.60%",-100,2.6,0
2025-11-04,2024-11-15,"2.85%",-75,2.85,0
2025-11-04,2024-11-15,"3.10%",-50,3.1,0.0312939374479515
2025-11-04,2024-11-15,"3.35%",-25,3.35,0.0892517868972446
2025-11-04,2024-11-15,"3.60%",0,3.6,0.17605841693594
2025-11-04,2024-11-15,"3.85%",25,3.85,0.240274769481991
2025-11-04,2024-11-15,"4.10%",50,4.1,0.226898475769957
2025-11-04,2024-11-15,"4.35%",75,4.35,0.148257196841888
2025-11-04,2024-11-15,"4.60%",100,4.6,0.0670160039505718
2025-11-04,2024-11-15,"4.85%",125,4.85,0.0209494126744555
2025-11-04,2024-11-15,"5.10%",150,5.1,0
2025-11-04,2024-11-15,"5.35%",175,5.35,0
2025-11-04,2024-11-15,"5.60%",200,5.6,0
2025-11-04,2024-11-15,"5.85%",225,5.85,0
2025-11-04,2024-11-15,"6.10%",250,6.1,0
2025-11-04,2024-11-19,"0.10%",-300,0.1,0
2025-11-04,2024-11-19,"0.35%",-300,0.35,0
2025-11-04,2024-11-19,"0.60%",-300,0.6,0
2025-11-04,2024-11-19,"0.85%",-275,0.85,0
2025-11-04,2024-11-19,"1.10%",-250,1.1,0
2025-11-04,2024-11-19,"1.35%",-225,1.35,0
2025-11-04,2024-11-19,"1.60%",-200,1.6,0
2025-11-04,2024-11-19,"1.85%",-175,1.85,0
2025-11-04,2024-11-19,"2.10%",-150,2.1,0
2025-11-04,2024-11-19,"2.35%",-125,2.35,0
2025-11-04,2024-11-19,"2.60%",-100,2.6,0
2025-11-04,2024-11-19,"2.85%",-75,2.85,0.0103650812779502
2025-11-04,2024-11-19,"3.10%",-50,3.1,0.043257105913904
2025-11-04,2024-11-19,"3.35%",-25,3.35,0.119098449209206
2025-11-04,2024-11-19,"3.60%",0,3.6,0.216462376573752
2025-11-04,2024-11-19,"3.85%",25,3.85,0.259806910178391
2025-11-04,2024-11-19,"4.10%",50,4.1,0.205950323984786
2025-11-04,2024-11-19,"4.35%",75,4.35,0.107808318915776
2025-11-04,2024-11-19,"4.60%",100,4.6,0.0372514339462348
2025-11-04,2024-11-19,"4.85%",125,4.85,0
2025-11-04,2024-11-19,"5.10%",150,5.1,0
2025-11-04,2024-11-19,"5.35%",175,5.35,0
2025-11-04,2024-11-19,"5.60%",200,5.6,0
2025-11-04,2024-11-19,"5.85%",225,5.85,0
2025-11-04,2024-11-19,"6.10%",250,6.1,0
2025-11-04,2024-11-21,"0.10%",-300,0.1,0
2025-11-04,2024-11-21,"0.35%",-300,0.35,0
2025-11-04,2024-11-21,"0.60%",-300,0.6,0
2025-11-04,2024-11-21,"0.85%",-275,0.85,0
2025-11-04,2024-11-21,"1.10%",-250,1.1,0
2025-11-04,2024-11-21,"1.35%",-225,1.35,0
2025-11-04,2024-11-21,"1.60%",-200,1.6,0
2025-11-04,2024-11-21,"1.85%",-175,1.85,0
2025-11-04,2024-11-21,"2.10%",-150,2.1,0
2025-11-04,2024-11-21,"2.35%",-125,2.35,0
2025-11-04,2024-11-21,"2.60%",-100,2.6,0
2025-11-04,2024-11-21,"2.85%",-75,2.85,0.0114896613352177
2025-11-04,2024-11-21,"3.10%",-50,3.1,0.0399082797365046
2025-11-04,2024-11-21,"3.35%",-25,3.35,0.099510250349656
2025-11-04,2024-11-21,"3.60%",0,3.6,0.178173154219837
2025-11-04,2024-11-21,"3.85%",25,3.85,0.229121789881862
2025-11-04,2024-11-21,"4.10%",50,4.1,0.211629175276011
2025-11-04,2024-11-21,"4.35%",75,4.35,0.140397215013074
2025-11-04,2024-11-21,"4.60%",100,4.6,0.0668895195091307
2025-11-04,2024-11-21,"4.85%",125,4.85,0.0228809546787067
2025-11-04,2024-11-21,"5.10%",150,5.1,0
2025-11-04,2024-11-21,"5.35%",175,5.35,0
2025-11-04,2024-11-21,"5.60%",200,5.6,0
2025-11-04,2024-11-21,"5.85%",225,5.85,0
2025-11-04,2024-11-21,"6.10%",250,6.1,0
2025-11-04,2024-11-25,"0.10%",-300,0.1,0
2025-11-04,2024-11-25,"0.35%",-300,0.35,0
2025-11-04,2024-11-25,"0.60%",-300,0.6,0
2025-11-04,2024-11-25,"0.85%",-275,0.85,0
2025-11-04,2024-11-25,"1.10%",-250,1.1,0
2025-11-04,2024-11-25,"1.35%",-225,1.35,0
2025-11-04,2024-11-25,"1.60%",-200,1.6,0
2025-11-04,2024-11-25,"1.85%",-175,1.85,0
2025-11-04,2024-11-25,"2.10%",-150,2.1,0
2025-11-04,2024-11-25,"2.35%",-125,2.35,0
2025-11-04,2024-11-25,"2.60%",-100,2.6,0
2025-11-04,2024-11-25,"2.85%",-75,2.85,0.0102340673107194
2025-11-04,2024-11-25,"3.10%",-50,3.1,0.0403412922523358
2025-11-04,2024-11-25,"3.35%",-25,3.35,0.108353747555936
2025-11-04,2024-11-25,"3.60%",0,3.6,0.198395724185232
2025-11-04,2024-11-25,"3.85%",25,3.85,0.247710621882503
2025-11-04,2024-11-25,"4.10%",50,4.1,0.21092582761542
2025-11-04,2024-11-25,"4.35%",75,4.35,0.122476355556103
2025-11-04,2024-11-25,"4.60%",100,4.6,0.0484836006928364
2025-11-04,2024-11-25,"4.85%",125,4.85,0.0130787629489137
2025-11-04,2024-11-25,"5.10%",150,5.1,0
2025-11-04,2024-11-25,"5.35%",175,5.35,0
2025-11-04,2024-11-25,"5.60%",200,5.6,0
2025-11-04,2024-11-25,"5.85%",225,5.85,0
2025-11-04,2024-11-25,"6.10%",250,6.1,0
2025-11-04,2024-11-26,"0.10%",-300,0.1,0
2025-11-04,2024-11-26,"0.35%",-300,0.35,0
2025-11-04,2024-11-26,"0.60%",-300,0.6,0
2025-11-04,2024-11-26,"0.85%",-275,0.85,0
2025-11-04,2024-11-26,"1.10%",-250,1.1,0
2025-11-04,2024-11-26,"1.35%",-225,1.35,0
2025-11-04,2024-11-26,"1.60%",-200,1.6,0
2025-11-04,2024-11-26,"1.85%",-175,1.85,0
2025-11-04,2024-11-26,"2.10%",-150,2.1,0
2025-11-04,2024-11-26,"2.35%",-125,2.35,0
2025-11-04,2024-11-26,"2.60%",-100,2.6,0
2025-11-04,2024-11-26,"2.85%",-75,2.85,0.0188878773879366
2025-11-04,2024-11-26,"3.10%",-50,3.1,0.0550066477285622
2025-11-04,2024-11-26,"3.35%",-25,3.35,0.118420957474985
2025-11-04,2024-11-26,"3.60%",0,3.6,0.188495587495861
2025-11-04,2024-11-26,"3.85%",25,3.85,0.221861367892487
2025-11-04,2024-11-26,"4.10%",50,4.1,0.193102272900108
2025-11-04,2024-11-26,"4.35%",75,4.35,0.12428065133052
2025-11-04,2024-11-26,"4.60%",100,4.6,0.0591403497946889
2025-11-04,2024-11-26,"4.85%",125,4.85,0.0208042879948506
2025-11-04,2024-11-26,"5.10%",150,5.1,0
2025-11-04,2024-11-26,"5.35%",175,5.35,0
2025-11-04,2024-11-26,"5.60%",200,5.6,0
2025-11-04,2024-11-26,"5.85%",225,5.85,0
2025-11-04,2024-11-26,"6.10%",250,6.1,0
2025-11-04,2024-11-27,"0.10%",-300,0.1,0
2025-11-04,2024-11-27,"0.35%",-300,0.35,0
2025-11-04,2024-11-27,"0.60%",-300,0.6,0
2025-11-04,2024-11-27,"0.85%",-275,0.85,0
2025-11-04,2024-11-27,"1.10%",-250,1.1,0
2025-11-04,2024-11-27,"1.35%",-225,1.35,0
2025-11-04,2024-11-27,"1.60%",-200,1.6,0
2025-11-04,2024-11-27,"1.85%",-175,1.85,0
2025-11-04,2024-11-27,"2.10%",-150,2.1,0
2025-11-04,2024-11-27,"2.35%",-125,2.35,0
2025-11-04,2024-11-27,"2.60%",-100,2.6,0
2025-11-04,2024-11-27,"2.85%",-75,2.85,0.0158830981511996
2025-11-04,2024-11-27,"3.10%",-50,3.1,0.0535291668429729
2025-11-04,2024-11-27,"3.35%",-25,3.35,0.126127713543272
2025-11-04,2024-11-27,"3.60%",0,3.6,0.207845054940232
2025-11-04,2024-11-27,"3.85%",25,3.85,0.239588253411377
2025-11-04,2024-11-27,"4.10%",50,4.1,0.193202781700011
2025-11-04,2024-11-27,"4.35%",75,4.35,0.108979527345615
2025-11-04,2024-11-27,"4.60%",100,4.6,0.0429893100264284
2025-11-04,2024-11-27,"4.85%",125,4.85,0.0118550940388919
2025-11-04,2024-11-27,"5.10%",150,5.1,0
2025-11-04,2024-11-27,"5.35%",175,5.35,0
2025-11-04,2024-11-27,"5.60%",200,5.6,0
2025-11-04,2024-11-27,"5.85%",225,5.85,0
2025-11-04,2024-11-27,"6.10%",250,6.1,0
2025-11-04,2024-11-28,"0.10%",-300,0.1,0
2025-11-04,2024-11-28,"0.35%",-300,0.35,0
2025-11-04,2024-11-28,"0.60%",-300,0.6,0
2025-11-04,2024-11-28,"0.85%",-275,0.85,0
2025-11-04,2024-11-28,"1.10%",-250,1.1,0
2025-11-04,2024-11-28,"1.35%",-225,1.35,0
2025-11-04,2024-11-28,"1.60%",-200,1.6,0
2025-11-04,2024-11-28,"1.85%",-175,1.85,0
2025-11-04,2024-11-28,"2.10%",-150,2.1,0
2025-11-04,2024-11-28,"2.35%",-125,2.35,0
2025-11-04,2024-11-28,"2.60%",-100,2.6,0
2025-11-04,2024-11-28,"2.85%",-75,2.85,0.0169446199247897
2025-11-04,2024-11-28,"3.10%",-50,3.1,0.061163958532186
2025-11-04,2024-11-28,"3.35%",-25,3.35,0.14696947830451
2025-11-04,2024-11-28,"3.60%",0,3.6,0.235204088473932
2025-11-04,2024-11-28,"3.85%",25,3.85,0.25076746471714
2025-11-04,2024-11-28,"4.10%",50,4.1,0.178124274368078
2025-11-04,2024-11-28,"4.35%",75,4.35,0.0842773317575556
2025-11-04,2024-11-28,"4.60%",100,4.6,0.026548783921809
2025-11-04,2024-11-28,"4.85%",125,4.85,0
2025-11-04,2024-11-28,"5.10%",150,5.1,0
2025-11-04,2024-11-28,"5.35%",175,5.35,0
2025-11-04,2024-11-28,"5.60%",200,5.6,0
2025-11-04,2024-11-28,"5.85%",225,5.85,0
2025-11-04,2024-11-28,"6.10%",250,6.1,0
2025-11-04,2024-11-29,"0.10%",-300,0.1,0
2025-11-04,2024-11-29,"0.35%",-300,0.35,0
2025-11-04,2024-11-29,"0.60%",-300,0.6,0
2025-11-04,2024-11-29,"0.85%",-275,0.85,0
2025-11-04,2024-11-29,"1.10%",-250,1.1,0
2025-11-04,2024-11-29,"1.35%",-225,1.35,0
2025-11-04,2024-11-29,"1.60%",-200,1.6,0
2025-11-04,2024-11-29,"1.85%",-175,1.85,0
2025-11-04,2024-11-29,"2.10%",-150,2.1,0
2025-11-04,2024-11-29,"2.35%",-125,2.35,0
2025-11-04,2024-11-29,"2.60%",-100,2.6,0
2025-11-04,2024-11-29,"2.85%",-75,2.85,0.0132076119277749
2025-11-04,2024-11-29,"3.10%",-50,3.1,0.05332385401809
2025-11-04,2024-11-29,"3.35%",-25,3.35,0.139484295975657
2025-11-04,2024-11-29,"3.60%",0,3.6,0.236550353705027
2025-11-04,2024-11-29,"3.85%",25,3.85,0.260185517337824
2025-11-04,2024-11-29,"4.10%",50,4.1,0.185624203876786
2025-11-04,2024-11-29,"4.35%",75,4.35,0.0858756450916537
2025-11-04,2024-11-29,"4.60%",100,4.6,0.025748518067187
2025-11-04,2024-11-29,"4.85%",125,4.85,0
2025-11-04,2024-11-29,"5.10%",150,5.1,0
2025-11-04,2024-11-29,"5.35%",175,5.35,0
2025-11-04,2024-11-29,"5.60%",200,5.6,0
2025-11-04,2024-11-29,"5.85%",225,5.85,0
2025-11-04,2024-11-29,"6.10%",250,6.1,0
2025-11-04,2024-12-02,"0.10%",-300,0.1,0
2025-11-04,2024-12-02,"0.35%",-300,0.35,0
2025-11-04,2024-12-02,"0.60%",-300,0.6,0
2025-11-04,2024-12-02,"0.85%",-275,0.85,0
2025-11-04,2024-12-02,"1.10%",-250,1.1,0
2025-11-04,2024-12-02,"1.35%",-225,1.35,0
2025-11-04,2024-12-02,"1.60%",-200,1.6,0
2025-11-04,2024-12-02,"1.85%",-175,1.85,0
2025-11-04,2024-12-02,"2.10%",-150,2.1,0
2025-11-04,2024-12-02,"2.35%",-125,2.35,0
2025-11-04,2024-12-02,"2.60%",-100,2.6,0
2025-11-04,2024-12-02,"2.85%",-75,2.85,0.014623178432471
2025-11-04,2024-12-02,"3.10%",-50,3.1,0.0544286056875349
2025-11-04,2024-12-02,"3.35%",-25,3.35,0.135603700380174
2025-11-04,2024-12-02,"3.60%",0,3.6,0.226251556621767
2025-11-04,2024-12-02,"3.85%",25,3.85,0.252880117796496
2025-11-04,2024-12-02,"4.10%",50,4.1,0.189351665516646
2025-11-04,2024-12-02,"4.35%",75,4.35,0.0949689987622739
2025-11-04,2024-12-02,"4.60%",100,4.6,0.0318921768026372
2025-11-04,2024-12-02,"4.85%",125,4.85,0
2025-11-04,2024-12-02,"5.10%",150,5.1,0
2025-11-04,2024-12-02,"5.35%",175,5.35,0
2025-11-04,2024-12-02,"5.60%",200,5.6,0
2025-11-04,2024-12-02,"5.85%",225,5.85,0
2025-11-04,2024-12-02,"6.10%",250,6.1,0
2025-11-04,2024-12-03,"0.10%",-300,0.1,0
2025-11-04,2024-12-03,"0.35%",-300,0.35,0
2025-11-04,2024-12-03,"0.60%",-300,0.6,0
2025-11-04,2024-12-03,"0.85%",-275,0.85,0
2025-11-04,2024-12-03,"1.10%",-250,1.1,0
2025-11-04,2024-12-03,"1.35%",-225,1.35,0
2025-11-04,2024-12-03,"1.60%",-200,1.6,0
2025-11-04,2024-12-03,"1.85%",-175,1.85,0
2025-11-04,2024-12-03,"2.10%",-150,2.1,0
2025-11-04,2024-12-03,"2.35%",-125,2.35,0
2025-11-04,2024-12-03,"2.60%",-100,2.6,0
2025-11-04,2024-12-03,"2.85%",-75,2.85,0.0152581299795407
2025-11-04,2024-12-03,"3.10%",-50,3.1,0.0578724376380087
2025-11-04,2024-12-03,"3.35%",-25,3.35,0.144261774604295
2025-11-04,2024-12-03,"3.60%",0,3.6,0.236476803383113
2025-11-04,2024-12-03,"3.85%",25,3.85,0.254990991765584
2025-11-04,2024-12-03,"4.10%",50,4.1,0.180876487565279
2025-11-04,2024-12-03,"4.35%",75,4.35,0.0843842147944004
2025-11-04,2024-12-03,"4.60%",100,4.6,0.0258791602697796
2025-11-04,2024-12-03,"4.85%",125,4.85,0
2025-11-04,2024-12-03,"5.10%",150,5.1,0
2025-11-04,2024-12-03,"5.35%",175,5.35,0
2025-11-04,2024-12-03,"5.60%",200,5.6,0
2025-11-04,2024-12-03,"5.85%",225,5.85,0
2025-11-04,2024-12-03,"6.10%",250,6.1,0
2025-11-04,2024-12-04,"0.10%",-300,0.1,0
2025-11-04,2024-12-04,"0.35%",-300,0.35,0
2025-11-04,2024-12-04,"0.60%",-300,0.6,0
2025-11-04,2024-12-04,"0.85%",-275,0.85,0
2025-11-04,2024-12-04,"1.10%",-250,1.1,0
2025-11-04,2024-12-04,"1.35%",-225,1.35,0
2025-11-04,2024-12-04,"1.60%",-200,1.6,0
2025-11-04,2024-12-04,"1.85%",-175,1.85,0
2025-11-04,2024-12-04,"2.10%",-150,2.1,0
2025-11-04,2024-12-04,"2.35%",-125,2.35,0
2025-11-04,2024-12-04,"2.60%",-100,2.6,0
2025-11-04,2024-12-04,"2.85%",-75,2.85,0.0221744933156208
2025-11-04,2024-12-04,"3.10%",-50,3.1,0.082867954094726
2025-11-04,2024-12-04,"3.35%",-25,3.35,0.191889089182093
2025-11-04,2024-12-04,"3.60%",0,3.6,0.275544123725159
2025-11-04,2024-12-04,"3.85%",25,3.85,0.245451530404917
2025-11-04,2024-12-04,"4.10%",50,4.1,0.135619937076392
2025-11-04,2024-12-04,"4.35%",75,4.35,0.0464528722010918
2025-11-04,2024-12-04,"4.60%",100,4.6,0
2025-11-04,2024-12-04,"4.85%",125,4.85,0
2025-11-04,2024-12-04,"5.10%",150,5.1,0
2025-11-04,2024-12-04,"5.35%",175,5.35,0
2025-11-04,2024-12-04,"5.60%",200,5.6,0
2025-11-04,2024-12-04,"5.85%",225,5.85,0
2025-11-04,2024-12-04,"6.10%",250,6.1,0
2025-11-04,2024-12-05,"0.10%",-300,0.1,0
2025-11-04,2024-12-05,"0.35%",-300,0.35,0
2025-11-04,2024-12-05,"0.60%",-300,0.6,0
2025-11-04,2024-12-05,"0.85%",-275,0.85,0
2025-11-04,2024-12-05,"1.10%",-250,1.1,0
2025-11-04,2024-12-05,"1.35%",-225,1.35,0
2025-11-04,2024-12-05,"1.60%",-200,1.6,0
2025-11-04,2024-12-05,"1.85%",-175,1.85,0
2025-11-04,2024-12-05,"2.10%",-150,2.1,0
2025-11-04,2024-12-05,"2.35%",-125,2.35,0
2025-11-04,2024-12-05,"2.60%",-100,2.6,0
2025-11-04,2024-12-05,"2.85%",-75,2.85,0.0171907920792077
2025-11-04,2024-12-05,"3.10%",-50,3.1,0.0777062792072756
2025-11-04,2024-12-05,"3.35%",-25,3.35,0.200772035360529
2025-11-04,2024-12-05,"3.60%",0,3.6,0.296933610803742
2025-11-04,2024-12-05,"3.85%",25,3.85,0.251534357975338
2025-11-04,2024-12-05,"4.10%",50,4.1,0.122011343028251
2025-11-04,2024-12-05,"4.35%",75,4.35,0.0338515815456577
2025-11-04,2024-12-05,"4.60%",100,4.6,0
2025-11-04,2024-12-05,"4.85%",125,4.85,0
2025-11-04,2024-12-05,"5.10%",150,5.1,0
2025-11-04,2024-12-05,"5.35%",175,5.35,0
2025-11-04,2024-12-05,"5.60%",200,5.6,0
2025-11-04,2024-12-05,"5.85%",225,5.85,0
2025-11-04,2024-12-05,"6.10%",250,6.1,0
2025-11-04,2024-12-06,"0.10%",-300,0.1,0
2025-11-04,2024-12-06,"0.35%",-300,0.35,0
2025-11-04,2024-12-06,"0.60%",-300,0.6,0
2025-11-04,2024-12-06,"0.85%",-275,0.85,0
2025-11-04,2024-12-06,"1.10%",-250,1.1,0
2025-11-04,2024-12-06,"1.35%",-225,1.35,0
2025-11-04,2024-12-06,"1.60%",-200,1.6,0
2025-11-04,2024-12-06,"1.85%",-175,1.85,0
2025-11-04,2024-12-06,"2.10%",-150,2.1,0
2025-11-04,2024-12-06,"2.35%",-125,2.35,0
2025-11-04,2024-12-06,"2.60%",-100,2.6,0
2025-11-04,2024-12-06,"2.85%",-75,2.85,0.0215218425418127
2025-11-04,2024-12-06,"3.10%",-50,3.1,0.0881738722023409
2025-11-04,2024-12-06,"3.35%",-25,3.35,0.210702444113635
2025-11-04,2024-12-06,"3.60%",0,3.6,0.294025279914717
2025-11-04,2024-12-06,"3.85%",25,3.85,0.239714065640181
2025-11-04,2024-12-06,"4.10%",50,4.1,0.114147841925655
2025-11-04,2024-12-06,"4.35%",75,4.35,0.0317146536616578
2025-11-04,2024-12-06,"4.60%",100,4.6,0
2025-11-04,2024-12-06,"4.85%",125,4.85,0
2025-11-04,2024-12-06,"5.10%",150,5.1,0
2025-11-04,2024-12-06,"5.35%",175,5.35,0
2025-11-04,2024-12-06,"5.60%",200,5.6,0
2025-11-04,2024-12-06,"5.85%",225,5.85,0
2025-11-04,2024-12-06,"6.10%",250,6.1,0
2025-11-04,2024-12-09,"0.10%",-300,0.1,0
2025-11-04,2024-12-09,"0.35%",-300,0.35,0
2025-11-04,2024-12-09,"0.60%",-300,0.6,0
2025-11-04,2024-12-09,"0.85%",-275,0.85,0
2025-11-04,2024-12-09,"1.10%",-250,1.1,0
2025-11-04,2024-12-09,"1.35%",-225,1.35,0
2025-11-04,2024-12-09,"1.60%",-200,1.6,0
2025-11-04,2024-12-09,"1.85%",-175,1.85,0
2025-11-04,2024-12-09,"2.10%",-150,2.1,0
2025-11-04,2024-12-09,"2.35%",-125,2.35,0
2025-11-04,2024-12-09,"2.60%",-100,2.6,0
2025-11-04,2024-12-09,"2.85%",-75,2.85,0.0287527525369838
2025-11-04,2024-12-09,"3.10%",-50,3.1,0.100158263254143
2025-11-04,2024-12-09,"3.35%",-25,3.35,0.214251584495299
2025-11-04,2024-12-09,"3.60%",0,3.6,0.281661353541385
2025-11-04,2024-12-09,"3.85%",25,3.85,0.227626315752976
2025-11-04,2024-12-09,"4.10%",50,4.1,0.113060602425901
2025-11-04,2024-12-09,"4.35%",75,4.35,0.0344891279933127
2025-11-04,2024-12-09,"4.60%",100,4.6,0
2025-11-04,2024-12-09,"4.85%",125,4.85,0
2025-11-04,2024-12-09,"5.10%",150,5.1,0
2025-11-04,2024-12-09,"5.35%",175,5.35,0
2025-11-04,2024-12-09,"5.60%",200,5.6,0
2025-11-04,2024-12-09,"5.85%",225,5.85,0
2025-11-04,2024-12-09,"6.10%",250,6.1,0
2025-11-04,2024-12-10,"0.10%",-300,0.1,0
2025-11-04,2024-12-10,"0.35%",-300,0.35,0
2025-11-04,2024-12-10,"0.60%",-300,0.6,0
2025-11-04,2024-12-10,"0.85%",-275,0.85,0
2025-11-04,2024-12-10,"1.10%",-250,1.1,0
2025-11-04,2024-12-10,"1.35%",-225,1.35,0
2025-11-04,2024-12-10,"1.60%",-200,1.6,0
2025-11-04,2024-12-10,"1.85%",-175,1.85,0
2025-11-04,2024-12-10,"2.10%",-150,2.1,0
2025-11-04,2024-12-10,"2.35%",-125,2.35,0
2025-11-04,2024-12-10,"2.60%",-100,2.6,0.0221154447463688
2025-11-04,2024-12-10,"2.85%",-75,2.85,0.0701269529093451
2025-11-04,2024-12-10,"3.10%",-50,3.1,0.153203547283453
2025-11-04,2024-12-10,"3.35%",-25,3.35,0.230673509570991
2025-11-04,2024-12-10,"3.60%",0,3.6,0.239416119647455
2025-11-04,2024-12-10,"3.85%",25,3.85,0.171294470724716
2025-11-04,2024-12-10,"4.10%",50,4.1,0.0844695994575526
2025-11-04,2024-12-10,"4.35%",75,4.35,0.0287003556601185
2025-11-04,2024-12-10,"4.60%",100,4.6,0
2025-11-04,2024-12-10,"4.85%",125,4.85,0
2025-11-04,2024-12-10,"5.10%",150,5.1,0
2025-11-04,2024-12-10,"5.35%",175,5.35,0
2025-11-04,2024-12-10,"5.60%",200,5.6,0
2025-11-04,2024-12-10,"5.85%",225,5.85,0
2025-11-04,2024-12-10,"6.10%",250,6.1,0
2025-11-04,2024-12-12,"0.10%",-300,0.1,0
2025-11-04,2024-12-12,"0.35%",-300,0.35,0
2025-11-04,2024-12-12,"0.60%",-300,0.6,0
2025-11-04,2024-12-12,"0.85%",-275,0.85,0
2025-11-04,2024-12-12,"1.10%",-250,1.1,0
2025-11-04,2024-12-12,"1.35%",-225,1.35,0
2025-11-04,2024-12-12,"1.60%",-200,1.6,0
2025-11-04,2024-12-12,"1.85%",-175,1.85,0
2025-11-04,2024-12-12,"2.10%",-150,2.1,0
2025-11-04,2024-12-12,"2.35%",-125,2.35,0
2025-11-04,2024-12-12,"2.60%",-100,2.6,0.0186373683030924
2025-11-04,2024-12-12,"2.85%",-75,2.85,0.055440235563927
2025-11-04,2024-12-12,"3.10%",-50,3.1,0.120756138264626
2025-11-04,2024-12-12,"3.35%",-25,3.35,0.192629956729479
2025-11-04,2024-12-12,"3.60%",0,3.6,0.225072602277743
2025-11-04,2024-12-12,"3.85%",25,3.85,0.192629956729482
2025-11-04,2024-12-12,"4.10%",50,4.1,0.120756138264629
2025-11-04,2024-12-12,"4.35%",75,4.35,0.0554402355639291
2025-11-04,2024-12-12,"4.60%",100,4.6,0.0186373683030933
2025-11-04,2024-12-12,"4.85%",125,4.85,0
2025-11-04,2024-12-12,"5.10%",150,5.1,0
2025-11-04,2024-12-12,"5.35%",175,5.35,0
2025-11-04,2024-12-12,"5.60%",200,5.6,0
2025-11-04,2024-12-12,"5.85%",225,5.85,0
2025-11-04,2024-12-12,"6.10%",250,6.1,0
2025-11-04,2024-12-13,"0.10%",-300,0.1,0
2025-11-04,2024-12-13,"0.35%",-300,0.35,0
2025-11-04,2024-12-13,"0.60%",-300,0.6,0
2025-11-04,2024-12-13,"0.85%",-275,0.85,0
2025-11-04,2024-12-13,"1.10%",-250,1.1,0
2025-11-04,2024-12-13,"1.35%",-225,1.35,0
2025-11-04,2024-12-13,"1.60%",-200,1.6,0
2025-11-04,2024-12-13,"1.85%",-175,1.85,0
2025-11-04,2024-12-13,"2.10%",-150,2.1,0
2025-11-04,2024-12-13,"2.35%",-125,2.35,0
2025-11-04,2024-12-13,"2.60%",-100,2.6,0.0232886192493432
2025-11-04,2024-12-13,"2.85%",-75,2.85,0.0587925459882911
2025-11-04,2024-12-13,"3.10%",-50,3.1,0.115053963089553
2025-11-04,2024-12-13,"3.35%",-25,3.35,0.174551104389584
2025-11-04,2024-12-13,"3.60%",0,3.6,0.205310565713794
2025-11-04,2024-12-13,"3.85%",25,3.85,0.187231068843833
2025-11-04,2024-12-13,"4.10%",50,4.1,0.132378247936964
2025-11-04,2024-12-13,"4.35%",75,4.35,0.0725614137356659
2025-11-04,2024-12-13,"4.60%",100,4.6,0.0308324710529713
2025-11-04,2024-12-13,"4.85%",125,4.85,0
2025-11-04,2024-12-13,"5.10%",150,5.1,0
2025-11-04,2024-12-13,"5.35%",175,5.35,0
2025-11-04,2024-12-13,"5.60%",200,5.6,0
2025-11-04,2024-12-13,"5.85%",225,5.85,0
2025-11-04,2024-12-13,"6.10%",250,6.1,0
2025-11-04,2024-12-16,"0.10%",-300,0.1,0
2025-11-04,2024-12-16,"0.35%",-300,0.35,0
2025-11-04,2024-12-16,"0.60%",-300,0.6,0
2025-11-04,2024-12-16,"0.85%",-275,0.85,0
2025-11-04,2024-12-16,"1.10%",-250,1.1,0
2025-11-04,2024-12-16,"1.35%",-225,1.35,0
2025-11-04,2024-12-16,"1.60%",-200,1.6,0
2025-11-04,2024-12-16,"1.85%",-175,1.85,0
2025-11-04,2024-12-16,"2.10%",-150,2.1,0
2025-11-04,2024-12-16,"2.35%",-125,2.35,0
2025-11-04,2024-12-16,"2.60%",-100,2.6,0.0196737592209427
2025-11-04,2024-12-16,"2.85%",-75,2.85,0.053929310725046
2025-11-04,2024-12-16,"3.10%",-50,3.1,0.112195278670379
2025-11-04,2024-12-16,"3.35%",-25,3.35,0.177171163033653
2025-11-04,2024-12-16,"3.60%",0,3.6,0.212381385446788
2025-11-04,2024-12-16,"3.85%",25,3.85,0.193267753572397
2025-11-04,2024-12-16,"4.10%",50,4.1,0.133510150331488
2025-11-04,2024-12-16,"4.35%",75,4.35,0.0700086356382186
2025-11-04,2024-12-16,"4.60%",100,4.6,0.0278625633610875
2025-11-04,2024-12-16,"4.85%",125,4.85,0
2025-11-04,2024-12-16,"5.10%",150,5.1,0
2025-11-04,2024-12-16,"5.35%",175,5.35,0
2025-11-04,2024-12-16,"5.60%",200,5.6,0
2025-11-04,2024-12-16,"5.85%",225,5.85,0
2025-11-04,2024-12-16,"6.10%",250,6.1,0
2025-11-04,2024-12-17,"0.10%",-300,0.1,0
2025-11-04,2024-12-17,"0.35%",-300,0.35,0
2025-11-04,2024-12-17,"0.60%",-300,0.6,0
2025-11-04,2024-12-17,"0.85%",-275,0.85,0
2025-11-04,2024-12-17,"1.10%",-250,1.1,0
2025-11-04,2024-12-17,"1.35%",-225,1.35,0
2025-11-04,2024-12-17,"1.60%",-200,1.6,0
2025-11-04,2024-12-17,"1.85%",-175,1.85,0
2025-11-04,2024-12-17,"2.10%",-150,2.1,0
2025-11-04,2024-12-17,"2.35%",-125,2.35,0
2025-11-04,2024-12-17,"2.60%",-100,2.6,0.0256987623685285
2025-11-04,2024-12-17,"2.85%",-75,2.85,0.0641820534907904
2025-11-04,2024-12-17,"3.10%",-50,3.1,0.123395567001512
2025-11-04,2024-12-17,"3.35%",-25,3.35,0.182647355580479
2025-11-04,2024-12-17,"3.60%",0,3.6,0.208152523117373
2025-11-04,2024-12-17,"3.85%",25,3.85,0.182647355580481
2025-11-04,2024-12-17,"4.10%",50,4.1,0.123395567001514
2025-11-04,2024-12-17,"4.35%",75,4.35,0.0641820534907924
2025-11-04,2024-12-17,"4.60%",100,4.6,0.0256987623685296
2025-11-04,2024-12-17,"4.85%",125,4.85,0
2025-11-04,2024-12-17,"5.10%",150,5.1,0
2025-11-04,2024-12-17,"5.35%",175,5.35,0
2025-11-04,2024-12-17,"5.60%",200,5.6,0
2025-11-04,2024-12-17,"5.85%",225,5.85,0
2025-11-04,2024-12-17,"6.10%",250,6.1,0
2025-11-04,2024-12-18,"0.10%",-300,0.1,0
2025-11-04,2024-12-18,"0.35%",-300,0.35,0
2025-11-04,2024-12-18,"0.60%",-300,0.6,0
2025-11-04,2024-12-18,"0.85%",-275,0.85,0
2025-11-04,2024-12-18,"1.10%",-250,1.1,0
2025-11-04,2024-12-18,"1.35%",-225,1.35,0
2025-11-04,2024-12-18,"1.60%",-200,1.6,0
2025-11-04,2024-12-18,"1.85%",-175,1.85,0
2025-11-04,2024-12-18,"2.10%",-150,2.1,0
2025-11-04,2024-12-18,"2.35%",-125,2.35,0
2025-11-04,2024-12-18,"2.60%",-100,2.6,0.0286555812556936
2025-11-04,2024-12-18,"2.85%",-75,2.85,0.0709452313612109
2025-11-04,2024-12-18,"3.10%",-50,3.1,0.13385519421751
2025-11-04,2024-12-18,"3.35%",-25,3.35,0.192483107699491
2025-11-04,2024-12-18,"3.60%",0,3.6,0.210971155075965
2025-11-04,2024-12-18,"3.85%",25,3.85,0.176251843145399
2025-11-04,2024-12-18,"4.10%",50,4.1,0.112230413420233
2025-11-04,2024-12-18,"4.35%",75,4.35,0.0544652572624992
2025-11-04,2024-12-18,"4.60%",100,4.6,0.0201422165619989
2025-11-04,2024-12-18,"4.85%",125,4.85,0
2025-11-04,2024-12-18,"5.10%",150,5.1,0
2025-11-04,2024-12-18,"5.35%",175,5.35,0
2025-11-04,2024-12-18,"5.60%",200,5.6,0
2025-11-04,2024-12-18,"5.85%",225,5.85,0
2025-11-04,2024-12-18,"6.10%",250,6.1,0
2025-11-04,2024-12-19,"0.10%",-300,0.1,0
2025-11-04,2024-12-19,"0.35%",-300,0.35,0
2025-11-04,2024-12-19,"0.60%",-300,0.6,0
2025-11-04,2024-12-19,"0.85%",-275,0.85,0
2025-11-04,2024-12-19,"1.10%",-250,1.1,0
2025-11-04,2024-12-19,"1.35%",-225,1.35,0
2025-11-04,2024-12-19,"1.60%",-200,1.6,0
2025-11-04,2024-12-19,"1.85%",-175,1.85,0
2025-11-04,2024-12-19,"2.10%",-150,2.1,0
2025-11-04,2024-12-19,"2.35%",-125,2.35,0
2025-11-04,2024-12-19,"2.60%",-100,2.6,0.0135391704328049
2025-11-04,2024-12-19,"2.85%",-75,2.85,0.0430169134038668
2025-11-04,2024-12-19,"3.10%",-50,3.1,0.10067639150508
2025-11-04,2024-12-19,"3.35%",-25,3.35,0.17359839374411
2025-11-04,2024-12-19,"3.60%",0,3.6,0.220572872358481
2025-11-04,2024-12-19,"3.85%",25,3.85,0.20652523612838
2025-11-04,2024-12-19,"4.10%",50,4.1,0.142495625102215
2025-11-04,2024-12-19,"4.35%",75,4.35,0.0724430663512122
2025-11-04,2024-12-19,"4.60%",100,4.6,0.0271323309738499
2025-11-04,2024-12-19,"4.85%",125,4.85,0
2025-11-04,2024-12-19,"5.10%",150,5.1,0
2025-11-04,2024-12-19,"5.35%",175,5.35,0
2025-11-04,2024-12-19,"5.60%",200,5.6,0
2025-11-04,2024-12-19,"5.85%",225,5.85,0
2025-11-04,2024-12-19,"6.10%",250,6.1,0
2025-11-04,2024-12-20,"0.10%",-300,0.1,0
2025-11-04,2024-12-20,"0.35%",-300,0.35,0
2025-11-04,2024-12-20,"0.60%",-300,0.6,0
2025-11-04,2024-12-20,"0.85%",-275,0.85,0
2025-11-04,2024-12-20,"1.10%",-250,1.1,0
2025-11-04,2024-12-20,"1.35%",-225,1.35,0
2025-11-04,2024-12-20,"1.60%",-200,1.6,0
2025-11-04,2024-12-20,"1.85%",-175,1.85,0
2025-11-04,2024-12-20,"2.10%",-150,2.1,0
2025-11-04,2024-12-20,"2.35%",-125,2.35,0
2025-11-04,2024-12-20,"2.60%",-100,2.6,0.0133014061560389
2025-11-04,2024-12-20,"2.85%",-75,2.85,0.0415236554524388
2025-11-04,2024-12-20,"3.10%",-50,3.1,0.0965315425938796
2025-11-04,2024-12-20,"3.35%",-25,3.35,0.1671464562251
2025-11-04,2024-12-20,"3.60%",0,3.6,0.215591804037809
2025-11-04,2024-12-20,"3.85%",25,3.85,0.207156928348002
2025-11-04,2024-12-20,"4.10%",50,4.1,0.148284201150318
2025-11-04,2024-12-20,"4.35%",75,4.35,0.0790652763486771
2025-11-04,2024-12-20,"4.60%",100,4.6,0.0313987296877361
2025-11-04,2024-12-20,"4.85%",125,4.85,0
2025-11-04,2024-12-20,"5.10%",150,5.1,0
2025-11-04,2024-12-20,"5.35%",175,5.35,0
2025-11-04,2024-12-20,"5.60%",200,5.6,0
2025-11-04,2024-12-20,"5.85%",225,5.85,0
2025-11-04,2024-12-20,"6.10%",250,6.1,0
2025-11-04,2024-12-23,"0.10%",-300,0.1,0
2025-11-04,2024-12-23,"0.35%",-300,0.35,0
2025-11-04,2024-12-23,"0.60%",-300,0.6,0
2025-11-04,2024-12-23,"0.85%",-275,0.85,0
2025-11-04,2024-12-23,"1.10%",-250,1.1,0
2025-11-04,2024-12-23,"1.35%",-225,1.35,0
2025-11-04,2024-12-23,"1.60%",-200,1.6,0
2025-11-04,2024-12-23,"1.85%",-175,1.85,0
2025-11-04,2024-12-23,"2.10%",-150,2.1,0
2025-11-04,2024-12-23,"2.35%",-125,2.35,0
2025-11-04,2024-12-23,"2.60%",-100,2.6,0.0233192745829777
2025-11-04,2024-12-23,"2.85%",-75,2.85,0.0591062044384015
2025-11-04,2024-12-23,"3.10%",-50,3.1,0.115876626875158
2025-11-04,2024-12-23,"3.35%",-25,3.35,0.175729819555084
2025-11-04,2024-12-23,"3.60%",0,3.6,0.206161977533342
2025-11-04,2024-12-23,"3.85%",25,3.85,0.187109359647264
2025-11-04,2024-12-23,"4.10%",50,4.1,0.131371149024144
2025-11-04,2024-12-23,"4.35%",75,4.35,0.0713508762846141
2025-11-04,2024-12-23,"4.60%",100,4.6,0.0299747120590147
2025-11-04,2024-12-23,"4.85%",125,4.85,0
2025-11-04,2024-12-23,"5.10%",150,5.1,0
2025-11-04,2024-12-23,"5.35%",175,5.35,0
2025-11-04,2024-12-23,"5.60%",200,5.6,0
2025-11-04,2024-12-23,"5.85%",225,5.85,0
2025-11-04,2024-12-23,"6.10%",250,6.1,0
2025-11-04,2024-12-24,"0.10%",-300,0.1,0
2025-11-04,2024-12-24,"0.35%",-300,0.35,0
2025-11-04,2024-12-24,"0.60%",-300,0.6,0
2025-11-04,2024-12-24,"0.85%",-275,0.85,0
2025-11-04,2024-12-24,"1.10%",-250,1.1,0
2025-11-04,2024-12-24,"1.35%",-225,1.35,0
2025-11-04,2024-12-24,"1.60%",-200,1.6,0
2025-11-04,2024-12-24,"1.85%",-175,1.85,0
2025-11-04,2024-12-24,"2.10%",-150,2.1,0
2025-11-04,2024-12-24,"2.35%",-125,2.35,0
2025-11-04,2024-12-24,"2.60%",-100,2.6,0.0220659200635519
2025-11-04,2024-12-24,"2.85%",-75,2.85,0.059869381145713
2025-11-04,2024-12-24,"3.10%",-50,3.1,0.122138413996054
2025-11-04,2024-12-24,"3.35%",-25,3.35,0.187381032470388
2025-11-04,2024-12-24,"3.60%",0,3.6,0.216203369950968
2025-11-04,2024-12-24,"3.85%",25,3.85,0.18761843993721
2025-11-04,2024-12-24,"4.10%",50,4.1,0.122448134897941
2025-11-04,2024-12-24,"4.35%",75,4.35,0.0600972906137806
2025-11-04,2024-12-24,"4.60%",100,4.6,0.0221780169243928
2025-11-04,2024-12-24,"4.85%",125,4.85,0
2025-11-04,2024-12-24,"5.10%",150,5.1,0
2025-11-04,2024-12-24,"5.35%",175,5.35,0
2025-11-04,2024-12-24,"5.60%",200,5.6,0
2025-11-04,2024-12-24,"5.85%",225,5.85,0
2025-11-04,2024-12-24,"6.10%",250,6.1,0
2025-11-04,2024-12-27,"0.10%",-300,0.1,0
2025-11-04,2024-12-27,"0.35%",-300,0.35,0
2025-11-04,2024-12-27,"0.60%",-300,0.6,0
2025-11-04,2024-12-27,"0.85%",-275,0.85,0
2025-11-04,2024-12-27,"1.10%",-250,1.1,0
2025-11-04,2024-12-27,"1.35%",-225,1.35,0
2025-11-04,2024-12-27,"1.60%",-200,1.6,0
2025-11-04,2024-12-27,"1.85%",-175,1.85,0
2025-11-04,2024-12-27,"2.10%",-150,2.1,0
2025-11-04,2024-12-27,"2.35%",-125,2.35,0
2025-11-04,2024-12-27,"2.60%",-100,2.6,0.0237751766556164
2025-11-04,2024-12-27,"2.85%",-75,2.85,0.0623392994543845
2025-11-04,2024-12-27,"3.10%",-50,3.1,0.123915166331741
2025-11-04,2024-12-27,"3.35%",-25,3.35,0.186752051744262
2025-11-04,2024-12-27,"3.60%",0,3.6,0.213411446762362
2025-11-04,2024-12-27,"3.85%",25,3.85,0.18492359582362
2025-11-04,2024-12-27,"4.10%",50,4.1,0.121500358691964
2025-11-04,2024-12-27,"4.35%",75,4.35,0.0605256680494789
2025-11-04,2024-12-27,"4.60%",100,4.6,0.0228572364865712
2025-11-04,2024-12-27,"4.85%",125,4.85,0
2025-11-04,2024-12-27,"5.10%",150,5.1,0
2025-11-04,2024-12-27,"5.35%",175,5.35,0
2025-11-04,2024-12-27,"5.60%",200,5.6,0
2025-11-04,2024-12-27,"5.85%",225,5.85,0
2025-11-04,2024-12-27,"6.10%",250,6.1,0
2025-11-04,2024-12-30,"0.10%",-300,0.1,0
2025-11-04,2024-12-30,"0.35%",-300,0.35,0
2025-11-04,2024-12-30,"0.60%",-300,0.6,0
2025-11-04,2024-12-30,"0.85%",-275,0.85,0
2025-11-04,2024-12-30,"1.10%",-250,1.1,0
2025-11-04,2024-12-30,"1.35%",-225,1.35,0
2025-11-04,2024-12-30,"1.60%",-200,1.6,0
2025-11-04,2024-12-30,"1.85%",-175,1.85,0
2025-11-04,2024-12-30,"2.10%",-150,2.1,0
2025-11-04,2024-12-30,"2.35%",-125,2.35,0
2025-11-04,2024-12-30,"2.60%",-100,2.6,0.0139229576557352
2025-11-04,2024-12-30,"2.85%",-75,2.85,0.0479320937214041
2025-11-04,2024-12-30,"3.10%",-50,3.1,0.116130835382076
2025-11-04,2024-12-30,"3.35%",-25,3.35,0.198077509737795
2025-11-04,2024-12-30,"3.60%",0,3.6,0.237890633622936
2025-11-04,2024-12-30,"3.85%",25,3.85,0.201189320846723
2025-11-04,2024-12-30,"4.10%",50,4.1,0.119809064551355
2025-11-04,2024-12-30,"4.35%",75,4.35,0.0502280094727623
2025-11-04,2024-12-30,"4.60%",100,4.6,0.0148195750092122
2025-11-04,2024-12-30,"4.85%",125,4.85,0
2025-11-04,2024-12-30,"5.10%",150,5.1,0
2025-11-04,2024-12-30,"5.35%",175,5.35,0
2025-11-04,2024-12-30,"5.60%",200,5.6,0
2025-11-04,2024-12-30,"5.85%",225,5.85,0
2025-11-04,2024-12-30,"6.10%",250,6.1,0
2025-11-04,2024-12-31,"0.10%",-300,0.1,0
2025-11-04,2024-12-31,"0.35%",-300,0.35,0
2025-11-04,2024-12-31,"0.60%",-300,0.6,0
2025-11-04,2024-12-31,"0.85%",-275,0.85,0
2025-11-04,2024-12-31,"1.10%",-250,1.1,0
2025-11-04,2024-12-31,"1.35%",-225,1.35,0
2025-11-04,2024-12-31,"1.60%",-200,1.6,0
2025-11-04,2024-12-31,"1.85%",-175,1.85,0
2025-11-04,2024-12-31,"2.10%",-150,2.1,0
2025-11-04,2024-12-31,"2.35%",-125,2.35,0
2025-11-04,2024-12-31,"2.60%",-100,2.6,0.0170834870501398
2025-11-04,2024-12-31,"2.85%",-75,2.85,0.0556774251419954
2025-11-04,2024-12-31,"3.10%",-50,3.1,0.127923090249514
2025-11-04,2024-12-31,"3.35%",-25,3.35,0.207260621371964
2025-11-04,2024-12-31,"3.60%",0,3.6,0.236843522290847
2025-11-04,2024-12-31,"3.85%",25,3.85,0.190899709009229
2025-11-04,2024-12-31,"4.10%",50,4.1,0.108520628265649
2025-11-04,2024-12-31,"4.35%",75,4.35,0.0435001761829734
2025-11-04,2024-12-31,"4.60%",100,4.6,0.0122913404376895
2025-11-04,2024-12-31,"4.85%",125,4.85,0
2025-11-04,2024-12-31,"5.10%",150,5.1,0
2025-11-04,2024-12-31,"5.35%",175,5.35,0
2025-11-04,2024-12-31,"5.60%",200,5.6,0
2025-11-04,2024-12-31,"5.85%",225,5.85,0
2025-11-04,2024-12-31,"6.10%",250,6.1,0
2025-11-04,2025-01-02,"0.10%",-300,0.1,0
2025-11-04,2025-01-02,"0.35%",-300,0.35,0
2025-11-04,2025-01-02,"0.60%",-300,0.6,0
2025-11-04,2025-01-02,"0.85%",-275,0.85,0
2025-11-04,2025-01-02,"1.10%",-250,1.1,0
2025-11-04,2025-01-02,"1.35%",-225,1.35,0
2025-11-04,2025-01-02,"1.60%",-200,1.6,0
2025-11-04,2025-01-02,"1.85%",-175,1.85,0
2025-11-04,2025-01-02,"2.10%",-150,2.1,0
2025-11-04,2025-01-02,"2.35%",-125,2.35,0
2025-11-04,2025-01-02,"2.60%",-100,2.6,0.0196324796211515
2025-11-04,2025-01-02,"2.85%",-75,2.85,0.0579254596162305
2025-11-04,2025-01-02,"3.10%",-50,3.1,0.124811835196092
2025-11-04,2025-01-02,"3.35%",-25,3.35,0.196436395750326
2025-11-04,2025-01-02,"3.60%",0,3.6,0.225850816448841
2025-11-04,2025-01-02,"3.85%",25,3.85,0.18970188251913
2025-11-04,2025-01-02,"4.10%",50,4.1,0.116399460639199
2025-11-04,2025-01-02,"4.35%",75,4.35,0.0521677449836639
2025-11-04,2025-01-02,"4.60%",100,4.6,0.0170739252253661
2025-11-04,2025-01-02,"4.85%",125,4.85,0
2025-11-04,2025-01-02,"5.10%",150,5.1,0
2025-11-04,2025-01-02,"5.35%",175,5.35,0
2025-11-04,2025-01-02,"5.60%",200,5.6,0
2025-11-04,2025-01-02,"5.85%",225,5.85,0
2025-11-04,2025-01-02,"6.10%",250,6.1,0
2025-11-04,2025-01-03,"0.10%",-300,0.1,0
2025-11-04,2025-01-03,"0.35%",-300,0.35,0
2025-11-04,2025-01-03,"0.60%",-300,0.6,0
2025-11-04,2025-01-03,"0.85%",-275,0.85,0
2025-11-04,2025-01-03,"1.10%",-250,1.1,0
2025-11-04,2025-01-03,"1.35%",-225,1.35,0
2025-11-04,2025-01-03,"1.60%",-200,1.6,0
2025-11-04,2025-01-03,"1.85%",-175,1.85,0
2025-11-04,2025-01-03,"2.10%",-150,2.1,0
2025-11-04,2025-01-03,"2.35%",-125,2.35,0
2025-11-04,2025-01-03,"2.60%",-100,2.6,0.0195010159844187
2025-11-04,2025-01-03,"2.85%",-75,2.85,0.0605250662819442
2025-11-04,2025-01-03,"3.10%",-50,3.1,0.133520164105278
2025-11-04,2025-01-03,"3.35%",-25,3.35,0.209415287595437
2025-11-04,2025-01-03,"3.60%",0,3.6,0.233554575755873
2025-11-04,2025-01-03,"3.85%",25,3.85,0.185226757733521
2025-11-04,2025-01-03,"4.10%",50,4.1,0.104452461991389
2025-11-04,2025-01-03,"4.35%",75,4.35,0.0418742375675145
2025-11-04,2025-01-03,"4.60%",100,4.6,0.0119304329846243
2025-11-04,2025-01-03,"4.85%",125,4.85,0
2025-11-04,2025-01-03,"5.10%",150,5.1,0
2025-11-04,2025-01-03,"5.35%",175,5.35,0
2025-11-04,2025-01-03,"5.60%",200,5.6,0
2025-11-04,2025-01-03,"5.85%",225,5.85,0
2025-11-04,2025-01-03,"6.10%",250,6.1,0
2025-11-04,2025-01-06,"0.10%",-300,0.1,0
2025-11-04,2025-01-06,"0.35%",-300,0.35,0
2025-11-04,2025-01-06,"0.60%",-300,0.6,0
2025-11-04,2025-01-06,"0.85%",-275,0.85,0
2025-11-04,2025-01-06,"1.10%",-250,1.1,0
2025-11-04,2025-01-06,"1.35%",-225,1.35,0
2025-11-04,2025-01-06,"1.60%",-200,1.6,0
2025-11-04,2025-01-06,"1.85%",-175,1.85,0
2025-11-04,2025-01-06,"2.10%",-150,2.1,0
2025-11-04,2025-01-06,"2.35%",-125,2.35,0
2025-11-04,2025-01-06,"2.60%",-100,2.6,0.0108270192841085
2025-11-04,2025-01-06,"2.85%",-75,2.85,0.0411096535008832
2025-11-04,2025-01-06,"3.10%",-50,3.1,0.107730110597057
2025-11-04,2025-01-06,"3.35%",-25,3.35,0.194924611319126
2025-11-04,2025-01-06,"3.60%",0,3.6,0.24358316491868
2025-11-04,2025-01-06,"3.85%",25,3.85,0.210243744876516
2025-11-04,2025-01-06,"4.10%",50,4.1,0.125332833381796
2025-11-04,2025-01-06,"4.35%",75,4.35,0.0515907459286857
2025-11-04,2025-01-06,"4.60%",100,4.6,0.0146581161931471
2025-11-04,2025-01-06,"4.85%",125,4.85,0
2025-11-04,2025-01-06,"5.10%",150,5.1,0
2025-11-04,2025-01-06,"5.35%",175,5.35,0
2025-11-04,2025-01-06,"5.60%",200,5.6,0
2025-11-04,2025-01-06,"5.85%",225,5.85,0
2025-11-04,2025-01-06,"6.10%",250,6.1,0
2025-11-04,2025-01-07,"0.10%",-300,0.1,0
2025-11-04,2025-01-07,"0.35%",-300,0.35,0
2025-11-04,2025-01-07,"0.60%",-300,0.6,0
2025-11-04,2025-01-07,"0.85%",-275,0.85,0
2025-11-04,2025-01-07,"1.10%",-250,1.1,0
2025-11-04,2025-01-07,"1.35%",-225,1.35,0
2025-11-04,2025-01-07,"1.60%",-200,1.6,0
2025-11-04,2025-01-07,"1.85%",-175,1.85,0
2025-11-04,2025-01-07,"2.10%",-150,2.1,0
2025-11-04,2025-01-07,"2.35%",-125,2.35,0
2025-11-04,2025-01-07,"2.60%",-100,2.6,0
2025-11-04,2025-01-07,"2.85%",-75,2.85,0.0379351989053603
2025-11-04,2025-01-07,"3.10%",-50,3.1,0.100368764052293
2025-11-04,2025-01-07,"3.35%",-25,3.35,0.185716623223485
2025-11-04,2025-01-07,"3.60%",0,3.6,0.240384024245552
2025-11-04,2025-01-07,"3.85%",25,3.85,0.217675179313624
2025-11-04,2025-01-07,"4.10%",50,4.1,0.137893242563973
2025-11-04,2025-01-07,"4.35%",75,4.35,0.0610980862680628
2025-11-04,2025-01-07,"4.60%",100,4.6,0.0189288814276508
2025-11-04,2025-01-07,"4.85%",125,4.85,0
2025-11-04,2025-01-07,"5.10%",150,5.1,0
2025-11-04,2025-01-07,"5.35%",175,5.35,0
2025-11-04,2025-01-07,"5.60%",200,5.6,0
2025-11-04,2025-01-07,"5.85%",225,5.85,0
2025-11-04,2025-01-07,"6.10%",250,6.1,0
2025-11-04,2025-01-08,"0.10%",-300,0.1,0
2025-11-04,2025-01-08,"0.35%",-300,0.35,0
2025-11-04,2025-01-08,"0.60%",-300,0.6,0
2025-11-04,2025-01-08,"0.85%",-275,0.85,0
2025-11-04,2025-01-08,"1.10%",-250,1.1,0
2025-11-04,2025-01-08,"1.35%",-225,1.35,0
2025-11-04,2025-01-08,"1.60%",-200,1.6,0
2025-11-04,2025-01-08,"1.85%",-175,1.85,0
2025-11-04,2025-01-08,"2.10%",-150,2.1,0
2025-11-04,2025-01-08,"2.35%",-125,2.35,0
2025-11-04,2025-01-08,"2.60%",-100,2.6,0.0102634203717427
2025-11-04,2025-01-08,"2.85%",-75,2.85,0.0396818618644004
2025-11-04,2025-01-08,"3.10%",-50,3.1,0.105598625367294
2025-11-04,2025-01-08,"3.35%",-25,3.35,0.193497422392586
2025-11-04,2025-01-08,"3.60%",0,3.6,0.244209467037644
2025-11-04,2025-01-08,"3.85%",25,3.85,0.212308508645223
2025-11-04,2025-01-08,"4.10%",50,4.1,0.127133917066291
2025-11-04,2025-01-08,"4.35%",75,4.35,0.0524254738538064
2025-11-04,2025-01-08,"4.60%",100,4.6,0.0148813034010115
2025-11-04,2025-01-08,"4.85%",125,4.85,0
2025-11-04,2025-01-08,"5.10%",150,5.1,0
2025-11-04,2025-01-08,"5.35%",175,5.35,0
2025-11-04,2025-01-08,"5.60%",200,5.6,0
2025-11-04,2025-01-08,"5.85%",225,5.85,0
2025-11-04,2025-01-08,"6.10%",250,6.1,0
2025-11-04,2025-01-09,"0.10%",-300,0.1,0
2025-11-04,2025-01-09,"0.35%",-300,0.35,0
2025-11-04,2025-01-09,"0.60%",-300,0.6,0
2025-11-04,2025-01-09,"0.85%",-275,0.85,0
2025-11-04,2025-01-09,"1.10%",-250,1.1,0
2025-11-04,2025-01-09,"1.35%",-225,1.35,0
2025-11-04,2025-01-09,"1.60%",-200,1.6,0
2025-11-04,2025-01-09,"1.85%",-175,1.85,0
2025-11-04,2025-01-09,"2.10%",-150,2.1,0
2025-11-04,2025-01-09,"2.35%",-125,2.35,0
2025-11-04,2025-01-09,"2.60%",-100,2.6,0
2025-11-04,2025-01-09,"2.85%",-75,2.85,0.0399730472018236
2025-11-04,2025-01-09,"3.10%",-50,3.1,0.11080273847738
2025-11-04,2025-01-09,"3.35%",-25,3.35,0.205688511889647
2025-11-04,2025-01-09,"3.60%",0,3.6,0.255798593722301
2025-11-04,2025-01-09,"3.85%",25,3.85,0.213142477798921
2025-11-04,2025-01-09,"4.10%",50,4.1,0.118981487708416
2025-11-04,2025-01-09,"4.35%",75,4.35,0.0444817946028066
2025-11-04,2025-01-09,"4.60%",100,4.6,0.0111313485987059
2025-11-04,2025-01-09,"4.85%",125,4.85,0
2025-11-04,2025-01-09,"5.10%",150,5.1,0
2025-11-04,2025-01-09,"5.35%",175,5.35,0
2025-11-04,2025-01-09,"5.60%",200,5.6,0
2025-11-04,2025-01-09,"5.85%",225,5.85,0
2025-11-04,2025-01-09,"6.10%",250,6.1,0
2025-11-04,2025-01-10,"0.10%",-300,0.1,0
2025-11-04,2025-01-10,"0.35%",-300,0.35,0
2025-11-04,2025-01-10,"0.60%",-300,0.6,0
2025-11-04,2025-01-10,"0.85%",-275,0.85,0
2025-11-04,2025-01-10,"1.10%",-250,1.1,0
2025-11-04,2025-01-10,"1.35%",-225,1.35,0
2025-11-04,2025-01-10,"1.60%",-200,1.6,0
2025-11-04,2025-01-10,"1.85%",-175,1.85,0
2025-11-04,2025-01-10,"2.10%",-150,2.1,0
2025-11-04,2025-01-10,"2.35%",-125,2.35,0
2025-11-04,2025-01-10,"2.60%",-100,2.6,0
2025-11-04,2025-01-10,"2.85%",-75,2.85,0.0347861063606388
2025-11-04,2025-01-10,"3.10%",-50,3.1,0.102438049272859
2025-11-04,2025-01-10,"3.35%",-25,3.35,0.199762191457208
2025-11-04,2025-01-10,"3.60%",0,3.6,0.258071341226876
2025-11-04,2025-01-10,"3.85%",25,3.85,0.220907862010478
2025-11-04,2025-01-10,"4.10%",50,4.1,0.12528081659219
2025-11-04,2025-01-10,"4.35%",75,4.35,0.0470551643104207
2025-11-04,2025-01-10,"4.60%",100,4.6,0.0116984687693298
2025-11-04,2025-01-10,"4.85%",125,4.85,0
2025-11-04,2025-01-10,"5.10%",150,5.1,0
2025-11-04,2025-01-10,"5.35%",175,5.35,0
2025-11-04,2025-01-10,"5.60%",200,5.6,0
2025-11-04,2025-01-10,"5.85%",225,5.85,0
2025-11-04,2025-01-10,"6.10%",250,6.1,0
2025-11-04,2025-01-13,"0.10%",-300,0.1,0
2025-11-04,2025-01-13,"0.35%",-300,0.35,0
2025-11-04,2025-01-13,"0.60%",-300,0.6,0
2025-11-04,2025-01-13,"0.85%",-275,0.85,0
2025-11-04,2025-01-13,"1.10%",-250,1.1,0
2025-11-04,2025-01-13,"1.35%",-225,1.35,0
2025-11-04,2025-01-13,"1.60%",-200,1.6,0
2025-11-04,2025-01-13,"1.85%",-175,1.85,0
2025-11-04,2025-01-13,"2.10%",-150,2.1,0
2025-11-04,2025-01-13,"2.35%",-125,2.35,0
2025-11-04,2025-01-13,"2.60%",-100,2.6,0
2025-11-04,2025-01-13,"2.85%",-75,2.85,0.019295597147883
2025-11-04,2025-01-13,"3.10%",-50,3.1,0.0660211707064781
2025-11-04,2025-01-13,"3.35%",-25,3.35,0.15202026434836
2025-11-04,2025-01-13,"3.60%",0,3.6,0.235670572341592
2025-11-04,2025-01-13,"3.85%",25,3.85,0.246036870038231
2025-11-04,2025-01-13,"4.10%",50,4.1,0.1729802427141
2025-11-04,2025-01-13,"4.35%",75,4.35,0.0818859039082712
2025-11-04,2025-01-13,"4.60%",100,4.6,0.0260893787950852
2025-11-04,2025-01-13,"4.85%",125,4.85,0
2025-11-04,2025-01-13,"5.10%",150,5.1,0
2025-11-04,2025-01-13,"5.35%",175,5.35,0
2025-11-04,2025-01-13,"5.60%",200,5.6,0
2025-11-04,2025-01-13,"5.85%",225,5.85,0
2025-11-04,2025-01-13,"6.10%",250,6.1,0
2025-11-04,2025-01-14,"0.10%",-300,0.1,0
2025-11-04,2025-01-14,"0.35%",-300,0.35,0
2025-11-04,2025-01-14,"0.60%",-300,0.6,0
2025-11-04,2025-01-14,"0.85%",-275,0.85,0
2025-11-04,2025-01-14,"1.10%",-250,1.1,0
2025-11-04,2025-01-14,"1.35%",-225,1.35,0
2025-11-04,2025-01-14,"1.60%",-200,1.6,0
2025-11-04,2025-01-14,"1.85%",-175,1.85,0
2025-11-04,2025-01-14,"2.10%",-150,2.1,0
2025-11-04,2025-01-14,"2.35%",-125,2.35,0
2025-11-04,2025-01-14,"2.60%",-100,2.6,0
2025-11-04,2025-01-14,"2.85%",-75,2.85,0.0217396572571009
2025-11-04,2025-01-14,"3.10%",-50,3.1,0.0705544127060987
2025-11-04,2025-01-14,"3.35%",-25,3.35,0.155974295916654
2025-11-04,2025-01-14,"3.60%",0,3.6,0.234966806546318
2025-11-04,2025-01-14,"3.85%",25,3.85,0.241253896304277
2025-11-04,2025-01-14,"4.10%",50,4.1,0.168834952656238
2025-11-04,2025-01-14,"4.35%",75,4.35,0.080517851710523
2025-11-04,2025-01-14,"4.60%",100,4.6,0.0261581269027909
2025-11-04,2025-01-14,"4.85%",125,4.85,0
2025-11-04,2025-01-14,"5.10%",150,5.1,0
2025-11-04,2025-01-14,"5.35%",175,5.35,0
2025-11-04,2025-01-14,"5.60%",200,5.6,0
2025-11-04,2025-01-14,"5.85%",225,5.85,0
2025-11-04,2025-01-14,"6.10%",250,6.1,0
2025-11-04,2025-01-15,"0.10%",-300,0.1,0
2025-11-04,2025-01-15,"0.35%",-300,0.35,0
2025-11-04,2025-01-15,"0.60%",-300,0.6,0
2025-11-04,2025-01-15,"0.85%",-275,0.85,0
2025-11-04,2025-01-15,"1.10%",-250,1.1,0
2025-11-04,2025-01-15,"1.35%",-225,1.35,0
2025-11-04,2025-01-15,"1.60%",-200,1.6,0
2025-11-04,2025-01-15,"1.85%",-175,1.85,0
2025-11-04,2025-01-15,"2.10%",-150,2.1,0
2025-11-04,2025-01-15,"2.35%",-125,2.35,0
2025-11-04,2025-01-15,"2.60%",-100,2.6,0
2025-11-04,2025-01-15,"2.85%",-75,2.85,0.012706790896244
2025-11-04,2025-01-15,"3.10%",-50,3.1,0.0557903747209922
2025-11-04,2025-01-15,"3.35%",-25,3.35,0.151606409708661
2025-11-04,2025-01-15,"3.60%",0,3.6,0.255220482088941
2025-11-04,2025-01-15,"3.85%",25,3.85,0.266303569100786
2025-11-04,2025-01-15,"4.10%",50,4.1,0.172234691129943
2025-11-04,2025-01-15,"4.35%",75,4.35,0.0690172929735755
2025-11-04,2025-01-15,"4.60%",100,4.6,0.0171203893808569
2025-11-04,2025-01-15,"4.85%",125,4.85,0
2025-11-04,2025-01-15,"5.10%",150,5.1,0
2025-11-04,2025-01-15,"5.35%",175,5.35,0
2025-11-04,2025-01-15,"5.60%",200,5.6,0
2025-11-04,2025-01-15,"5.85%",225,5.85,0
2025-11-04,2025-01-15,"6.10%",250,6.1,0
2025-11-04,2025-01-16,"0.10%",-300,0.1,0
2025-11-04,2025-01-16,"0.35%",-300,0.35,0
2025-11-04,2025-01-16,"0.60%",-300,0.6,0
2025-11-04,2025-01-16,"0.85%",-275,0.85,0
2025-11-04,2025-01-16,"1.10%",-250,1.1,0
2025-11-04,2025-01-16,"1.35%",-225,1.35,0
2025-11-04,2025-01-16,"1.60%",-200,1.6,0
2025-11-04,2025-01-16,"1.85%",-175,1.85,0
2025-11-04,2025-01-16,"2.10%",-150,2.1,0
2025-11-04,2025-01-16,"2.35%",-125,2.35,0
2025-11-04,2025-01-16,"2.60%",-100,2.6,0
2025-11-04,2025-01-16,"2.85%",-75,2.85,0.0125286277771411
2025-11-04,2025-01-16,"3.10%",-50,3.1,0.0663880887026275
2025-11-04,2025-01-16,"3.35%",-25,3.35,0.192247349986901
2025-11-04,2025-01-16,"3.60%",0,3.6,0.304845873369282
2025-11-04,2025-01-16,"3.85%",25,3.85,0.264944596745551
2025-11-04,2025-01-16,"4.10%",50,4.1,0.126170944229475
2025-11-04,2025-01-16,"4.35%",75,4.35,0.032874519189023
2025-11-04,2025-01-16,"4.60%",100,4.6,0
2025-11-04,2025-01-16,"4.85%",125,4.85,0
2025-11-04,2025-01-16,"5.10%",150,5.1,0
2025-11-04,2025-01-16,"5.35%",175,5.35,0
2025-11-04,2025-01-16,"5.60%",200,5.6,0
2025-11-04,2025-01-16,"5.85%",225,5.85,0
2025-11-04,2025-01-16,"6.10%",250,6.1,0
2025-11-04,2025-01-17,"0.10%",-300,0.1,0
2025-11-04,2025-01-17,"0.35%",-300,0.35,0
2025-11-04,2025-01-17,"0.60%",-300,0.6,0
2025-11-04,2025-01-17,"0.85%",-275,0.85,0
2025-11-04,2025-01-17,"1.10%",-250,1.1,0
2025-11-04,2025-01-17,"1.35%",-225,1.35,0
2025-11-04,2025-01-17,"1.60%",-200,1.6,0
2025-11-04,2025-01-17,"1.85%",-175,1.85,0
2025-11-04,2025-01-17,"2.10%",-150,2.1,0
2025-11-04,2025-01-17,"2.35%",-125,2.35,0
2025-11-04,2025-01-17,"2.60%",-100,2.6,0
2025-11-04,2025-01-17,"2.85%",-75,2.85,0
2025-11-04,2025-01-17,"3.10%",-50,3.1,0.0561826906026755
2025-11-04,2025-01-17,"3.35%",-25,3.35,0.18149148824764
2025-11-04,2025-01-17,"3.60%",0,3.6,0.310522124387474
2025-11-04,2025-01-17,"3.85%",25,3.85,0.281750619939496
2025-11-04,2025-01-17,"4.10%",50,4.1,0.135540999114319
2025-11-04,2025-01-17,"4.35%",75,4.35,0.0345120777083953
2025-11-04,2025-01-17,"4.60%",100,4.6,0
2025-11-04,2025-01-17,"4.85%",125,4.85,0
2025-11-04,2025-01-17,"5.10%",150,5.1,0
2025-11-04,2025-01-17,"5.35%",175,5.35,0
2025-11-04,2025-01-17,"5.60%",200,5.6,0
2025-11-04,2025-01-17,"5.85%",225,5.85,0
2025-11-04,2025-01-17,"6.10%",250,6.1,0
2025-11-04,2025-01-20,"0.10%",-300,0.1,0
2025-11-04,2025-01-20,"0.35%",-300,0.35,0
2025-11-04,2025-01-20,"0.60%",-300,0.6,0
2025-11-04,2025-01-20,"0.85%",-275,0.85,0
2025-11-04,2025-01-20,"1.10%",-250,1.1,0
2025-11-04,2025-01-20,"1.35%",-225,1.35,0
2025-11-04,2025-01-20,"1.60%",-200,1.6,0
2025-11-04,2025-01-20,"1.85%",-175,1.85,0
2025-11-04,2025-01-20,"2.10%",-150,2.1,0
2025-11-04,2025-01-20,"2.35%",-125,2.35,0
2025-11-04,2025-01-20,"2.60%",-100,2.6,0
2025-11-04,2025-01-20,"2.85%",-75,2.85,0.013051048884326
2025-11-04,2025-01-20,"3.10%",-50,3.1,0.0666752713308794
2025-11-04,2025-01-20,"3.35%",-25,3.35,0.189452998715253
2025-11-04,2025-01-20,"3.60%",0,3.6,0.299940431346926
2025-11-04,2025-01-20,"3.85%",25,3.85,0.264809785356844
2025-11-04,2025-01-20,"4.10%",50,4.1,0.130345767967361
2025-11-04,2025-01-20,"4.35%",75,4.35,0.0357246963984112
2025-11-04,2025-01-20,"4.60%",100,4.6,0
2025-11-04,2025-01-20,"4.85%",125,4.85,0
2025-11-04,2025-01-20,"5.10%",150,5.1,0
2025-11-04,2025-01-20,"5.35%",175,5.35,0
2025-11-04,2025-01-20,"5.60%",200,5.6,0
2025-11-04,2025-01-20,"5.85%",225,5.85,0
2025-11-04,2025-01-20,"6.10%",250,6.1,0
2025-11-04,2025-01-21,"0.10%",-300,0.1,0
2025-11-04,2025-01-21,"0.35%",-300,0.35,0
2025-11-04,2025-01-21,"0.60%",-300,0.6,0
2025-11-04,2025-01-21,"0.85%",-275,0.85,0
2025-11-04,2025-01-21,"1.10%",-250,1.1,0
2025-11-04,2025-01-21,"1.35%",-225,1.35,0
2025-11-04,2025-01-21,"1.60%",-200,1.6,0
2025-11-04,2025-01-21,"1.85%",-175,1.85,0
2025-11-04,2025-01-21,"2.10%",-150,2.1,0
2025-11-04,2025-01-21,"2.35%",-125,2.35,0
2025-11-04,2025-01-21,"2.60%",-100,2.6,0
2025-11-04,2025-01-21,"2.85%",-75,2.85,0.0138900793817699
2025-11-04,2025-01-21,"3.10%",-50,3.1,0.0750828087596957
2025-11-04,2025-01-21,"3.35%",-25,3.35,0.213240891761926
2025-11-04,2025-01-21,"3.60%",0,3.6,0.318956759649344
2025-11-04,2025-01-21,"3.85%",25,3.85,0.251510616643636
2025-11-04,2025-01-21,"4.10%",50,4.1,0.104492940358689
2025-11-04,2025-01-21,"4.35%",75,4.35,0.0228259034449392
2025-11-04,2025-01-21,"4.60%",100,4.6,0
2025-11-04,2025-01-21,"4.85%",125,4.85,0
2025-11-04,2025-01-21,"5.10%",150,5.1,0
2025-11-04,2025-01-21,"5.35%",175,5.35,0
2025-11-04,2025-01-21,"5.60%",200,5.6,0
2025-11-04,2025-01-21,"5.85%",225,5.85,0
2025-11-04,2025-01-21,"6.10%",250,6.1,0
2025-11-04,2025-01-22,"0.10%",-300,0.1,0
2025-11-04,2025-01-22,"0.35%",-300,0.35,0
2025-11-04,2025-01-22,"0.60%",-300,0.6,0
2025-11-04,2025-01-22,"0.85%",-275,0.85,0
2025-11-04,2025-01-22,"1.10%",-250,1.1,0
2025-11-04,2025-01-22,"1.35%",-225,1.35,0
2025-11-04,2025-01-22,"1.60%",-200,1.6,0
2025-11-04,2025-01-22,"1.85%",-175,1.85,0
2025-11-04,2025-01-22,"2.10%",-150,2.1,0
2025-11-04,2025-01-22,"2.35%",-125,2.35,0
2025-11-04,2025-01-22,"2.60%",-100,2.6,0
2025-11-04,2025-01-22,"2.85%",-75,2.85,0.0109177011975787
2025-11-04,2025-01-22,"3.10%",-50,3.1,0.0636797882649104
2025-11-04,2025-01-22,"3.35%",-25,3.35,0.195075598468885
2025-11-04,2025-01-22,"3.60%",0,3.6,0.314653809964785
2025-11-04,2025-01-22,"3.85%",25,3.85,0.26754802034665
2025-11-04,2025-01-22,"4.10%",50,4.1,0.119876274974245
2025-11-04,2025-01-22,"4.35%",75,4.35,0.0282488067829459
2025-11-04,2025-01-22,"4.60%",100,4.6,0
2025-11-04,2025-01-22,"4.85%",125,4.85,0
2025-11-04,2025-01-22,"5.10%",150,5.1,0
2025-11-04,2025-01-22,"5.35%",175,5.35,0
2025-11-04,2025-01-22,"5.60%",200,5.6,0
2025-11-04,2025-01-22,"5.85%",225,5.85,0
2025-11-04,2025-01-22,"6.10%",250,6.1,0
2025-11-04,2025-01-23,"0.10%",-300,0.1,0
2025-11-04,2025-01-23,"0.35%",-300,0.35,0
2025-11-04,2025-01-23,"0.60%",-300,0.6,0
2025-11-04,2025-01-23,"0.85%",-275,0.85,0
2025-11-04,2025-01-23,"1.10%",-250,1.1,0
2025-11-04,2025-01-23,"1.35%",-225,1.35,0
2025-11-04,2025-01-23,"1.60%",-200,1.6,0
2025-11-04,2025-01-23,"1.85%",-175,1.85,0
2025-11-04,2025-01-23,"2.10%",-150,2.1,0
2025-11-04,2025-01-23,"2.35%",-125,2.35,0
2025-11-04,2025-01-23,"2.60%",-100,2.6,0
2025-11-04,2025-01-23,"2.85%",-75,2.85,0.0223219023919064
2025-11-04,2025-01-23,"3.10%",-50,3.1,0.0852488176484397
2025-11-04,2025-01-23,"3.35%",-25,3.35,0.198312194010881
2025-11-04,2025-01-23,"3.60%",0,3.6,0.281256298473733
2025-11-04,2025-01-23,"3.85%",25,3.85,0.243285045048515
2025-11-04,2025-01-23,"4.10%",50,4.1,0.128327089730272
2025-11-04,2025-01-23,"4.35%",75,4.35,0.041248652696253
2025-11-04,2025-01-23,"4.60%",100,4.6,0
2025-11-04,2025-01-23,"4.85%",125,4.85,0
2025-11-04,2025-01-23,"5.10%",150,5.1,0
2025-11-04,2025-01-23,"5.35%",175,5.35,0
2025-11-04,2025-01-23,"5.60%",200,5.6,0
2025-11-04,2025-01-23,"5.85%",225,5.85,0
2025-11-04,2025-01-23,"6.10%",250,6.1,0
2025-11-04,2025-01-24,"0.10%",-300,0.1,0
2025-11-04,2025-01-24,"0.35%",-300,0.35,0
2025-11-04,2025-01-24,"0.60%",-300,0.6,0
2025-11-04,2025-01-24,"0.85%",-275,0.85,0
2025-11-04,2025-01-24,"1.10%",-250,1.1,0
2025-11-04,2025-01-24,"1.35%",-225,1.35,0
2025-11-04,2025-01-24,"1.60%",-200,1.6,0
2025-11-04,2025-01-24,"1.85%",-175,1.85,0
2025-11-04,2025-01-24,"2.10%",-150,2.1,0
2025-11-04,2025-01-24,"2.35%",-125,2.35,0
2025-11-04,2025-01-24,"2.60%",-100,2.6,0
2025-11-04,2025-01-24,"2.85%",-75,2.85,0.0203621036996452
2025-11-04,2025-01-24,"3.10%",-50,3.1,0.0851063793181833
2025-11-04,2025-01-24,"3.35%",-25,3.35,0.207122896575233
2025-11-04,2025-01-24,"3.60%",0,3.6,0.293867345802378
2025-11-04,2025-01-24,"3.85%",25,3.85,0.243193707104847
2025-11-04,2025-01-24,"4.10%",50,4.1,0.117357518801549
2025-11-04,2025-01-24,"4.35%",75,4.35,0.0329900486981648
2025-11-04,2025-01-24,"4.60%",100,4.6,0
2025-11-04,2025-01-24,"4.85%",125,4.85,0
2025-11-04,2025-01-24,"5.10%",150,5.1,0
2025-11-04,2025-01-24,"5.35%",175,5.35,0
2025-11-04,2025-01-24,"5.60%",200,5.6,0
2025-11-04,2025-01-24,"5.85%",225,5.85,0
2025-11-04,2025-01-24,"6.10%",250,6.1,0
2025-11-04,2025-01-27,"0.10%",-300,0.1,0
2025-11-04,2025-01-27,"0.35%",-300,0.35,0
2025-11-04,2025-01-27,"0.60%",-300,0.6,0
2025-11-04,2025-01-27,"0.85%",-275,0.85,0
2025-11-04,2025-01-27,"1.10%",-250,1.1,0
2025-11-04,2025-01-27,"1.35%",-225,1.35,0
2025-11-04,2025-01-27,"1.60%",-200,1.6,0
2025-11-04,2025-01-27,"1.85%",-175,1.85,0
2025-11-04,2025-01-27,"2.10%",-150,2.1,0
2025-11-04,2025-01-27,"2.35%",-125,2.35,0
2025-11-04,2025-01-27,"2.60%",-100,2.6,0
2025-11-04,2025-01-27,"2.85%",-75,2.85,0.0236692415643255
2025-11-04,2025-01-27,"3.10%",-50,3.1,0.0906557475539514
2025-11-04,2025-01-27,"3.35%",-25,3.35,0.208189300830102
2025-11-04,2025-01-27,"3.60%",0,3.6,0.286942621333951
2025-11-04,2025-01-27,"3.85%",25,3.85,0.237452126224786
2025-11-04,2025-01-27,"4.10%",50,4.1,0.117950581999811
2025-11-04,2025-01-27,"4.35%",75,4.35,0.0351403804930742
2025-11-04,2025-01-27,"4.60%",100,4.6,0
2025-11-04,2025-01-27,"4.85%",125,4.85,0
2025-11-04,2025-01-27,"5.10%",150,5.1,0
2025-11-04,2025-01-27,"5.35%",175,5.35,0
2025-11-04,2025-01-27,"5.60%",200,5.6,0
2025-11-04,2025-01-27,"5.85%",225,5.85,0
2025-11-04,2025-01-27,"6.10%",250,6.1,0
2025-11-04,2025-01-28,"0.10%",-300,0.1,0
2025-11-04,2025-01-28,"0.35%",-300,0.35,0
2025-11-04,2025-01-28,"0.60%",-300,0.6,0
2025-11-04,2025-01-28,"0.85%",-275,0.85,0
2025-11-04,2025-01-28,"1.10%",-250,1.1,0
2025-11-04,2025-01-28,"1.35%",-225,1.35,0
2025-11-04,2025-01-28,"1.60%",-200,1.6,0
2025-11-04,2025-01-28,"1.85%",-175,1.85,0
2025-11-04,2025-01-28,"2.10%",-150,2.1,0
2025-11-04,2025-01-28,"2.35%",-125,2.35,0
2025-11-04,2025-01-28,"2.60%",-100,2.6,0
2025-11-04,2025-01-28,"2.85%",-75,2.85,0.0297297865405624
2025-11-04,2025-01-28,"3.10%",-50,3.1,0.112122713340063
2025-11-04,2025-01-28,"3.35%",-25,3.35,0.241904090090397
2025-11-04,2025-01-28,"3.60%",0,3.6,0.298921202437464
2025-11-04,2025-01-28,"3.85%",25,3.85,0.211632689845795
2025-11-04,2025-01-28,"4.10%",50,4.1,0.0857986189767712
2025-11-04,2025-01-28,"4.35%",75,4.35,0.0198908987689471
2025-11-04,2025-01-28,"4.60%",100,4.6,0
2025-11-04,2025-01-28,"4.85%",125,4.85,0
2025-11-04,2025-01-28,"5.10%",150,5.1,0
2025-11-04,2025-01-28,"5.35%",175,5.35,0
2025-11-04,2025-01-28,"5.60%",200,5.6,0
2025-11-04,2025-01-28,"5.85%",225,5.85,0
2025-11-04,2025-01-28,"6.10%",250,6.1,0
2025-11-04,2025-01-29,"0.10%",-300,0.1,0
2025-11-04,2025-01-29,"0.35%",-300,0.35,0
2025-11-04,2025-01-29,"0.60%",-300,0.6,0
2025-11-04,2025-01-29,"0.85%",-275,0.85,0
2025-11-04,2025-01-29,"1.10%",-250,1.1,0
2025-11-04,2025-01-29,"1.35%",-225,1.35,0
2025-11-04,2025-01-29,"1.60%",-200,1.6,0
2025-11-04,2025-01-29,"1.85%",-175,1.85,0
2025-11-04,2025-01-29,"2.10%",-150,2.1,0
2025-11-04,2025-01-29,"2.35%",-125,2.35,0
2025-11-04,2025-01-29,"2.60%",-100,2.6,0
2025-11-04,2025-01-29,"2.85%",-75,2.85,0.0459063430991006
2025-11-04,2025-01-29,"3.10%",-50,3.1,0.145291259914214
2025-11-04,2025-01-29,"3.35%",-25,3.35,0.267221179057817
2025-11-04,2025-01-29,"3.60%",0,3.6,0.285857137764356
2025-11-04,2025-01-29,"3.85%",25,3.85,0.177876091242584
2025-11-04,2025-01-29,"4.10%",50,4.1,0.0643391479948885
2025-11-04,2025-01-29,"4.35%",75,4.35,0.0135088409270396
2025-11-04,2025-01-29,"4.60%",100,4.6,0
2025-11-04,2025-01-29,"4.85%",125,4.85,0
2025-11-04,2025-01-29,"5.10%",150,5.1,0
2025-11-04,2025-01-29,"5.35%",175,5.35,0
2025-11-04,2025-01-29,"5.60%",200,5.6,0
2025-11-04,2025-01-29,"5.85%",225,5.85,0
2025-11-04,2025-01-29,"6.10%",250,6.1,0
2025-11-04,2025-01-30,"0.10%",-300,0.1,0
2025-11-04,2025-01-30,"0.35%",-300,0.35,0
2025-11-04,2025-01-30,"0.60%",-300,0.6,0
2025-11-04,2025-01-30,"0.85%",-275,0.85,0
2025-11-04,2025-01-30,"1.10%",-250,1.1,0
2025-11-04,2025-01-30,"1.35%",-225,1.35,0
2025-11-04,2025-01-30,"1.60%",-200,1.6,0
2025-11-04,2025-01-30,"1.85%",-175,1.85,0
2025-11-04,2025-01-30,"2.10%",-150,2.1,0
2025-11-04,2025-01-30,"2.35%",-125,2.35,0
2025-11-04,2025-01-30,"2.60%",-100,2.6,0.0141039957194345
2025-11-04,2025-01-30,"2.85%",-75,2.85,0.057366891288619
2025-11-04,2025-01-30,"3.10%",-50,3.1,0.148826870122385
2025-11-04,2025-01-30,"3.35%",-25,3.35,0.246445605233418
2025-11-04,2025-01-30,"3.60%",0,3.6,0.260590413862902
2025-11-04,2025-01-30,"3.85%",25,3.85,0.175959825936803
2025-11-04,2025-01-30,"4.10%",50,4.1,0.0758484401848441
2025-11-04,2025-01-30,"4.35%",75,4.35,0.0208579576515943
2025-11-04,2025-01-30,"4.60%",100,4.6,0
2025-11-04,2025-01-30,"4.85%",125,4.85,0
2025-11-04,2025-01-30,"5.10%",150,5.1,0
2025-11-04,2025-01-30,"5.35%",175,5.35,0
2025-11-04,2025-01-30,"5.60%",200,5.6,0
2025-11-04,2025-01-30,"5.85%",225,5.85,0
2025-11-04,2025-01-30,"6.10%",250,6.1,0
2025-11-04,2025-01-31,"0.10%",-300,0.1,0
2025-11-04,2025-01-31,"0.35%",-300,0.35,0
2025-11-04,2025-01-31,"0.60%",-300,0.6,0
2025-11-04,2025-01-31,"0.85%",-275,0.85,0
2025-11-04,2025-01-31,"1.10%",-250,1.1,0
2025-11-04,2025-01-31,"1.35%",-225,1.35,0
2025-11-04,2025-01-31,"1.60%",-200,1.6,0
2025-11-04,2025-01-31,"1.85%",-175,1.85,0
2025-11-04,2025-01-31,"2.10%",-150,2.1,0
2025-11-04,2025-01-31,"2.35%",-125,2.35,0
2025-11-04,2025-01-31,"2.60%",-100,2.6,0.0117896434475422
2025-11-04,2025-01-31,"2.85%",-75,2.85,0.0514748280316805
2025-11-04,2025-01-31,"3.10%",-50,3.1,0.14141309935646
2025-11-04,2025-01-31,"3.35%",-25,3.35,0.244653597081827
2025-11-04,2025-01-31,"3.60%",0,3.6,0.266680806806202
2025-11-04,2025-01-31,"3.85%",25,3.85,0.183165678125231
2025-11-04,2025-01-31,"4.10%",50,4.1,0.0792432223750959
2025-11-04,2025-01-31,"4.35%",75,4.35,0.0215791247759613
2025-11-04,2025-01-31,"4.60%",100,4.6,0
2025-11-04,2025-01-31,"4.85%",125,4.85,0
2025-11-04,2025-01-31,"5.10%",150,5.1,0
2025-11-04,2025-01-31,"5.35%",175,5.35,0
2025-11-04,2025-01-31,"5.60%",200,5.6,0
2025-11-04,2025-01-31,"5.85%",225,5.85,0
2025-11-04,2025-01-31,"6.10%",250,6.1,0
2025-11-04,2025-02-03,"0.10%",-300,0.1,0
2025-11-04,2025-02-03,"0.35%",-300,0.35,0
2025-11-04,2025-02-03,"0.60%",-300,0.6,0
2025-11-04,2025-02-03,"0.85%",-275,0.85,0
2025-11-04,2025-02-03,"1.10%",-250,1.1,0
2025-11-04,2025-02-03,"1.35%",-225,1.35,0
2025-11-04,2025-02-03,"1.60%",-200,1.6,0
2025-11-04,2025-02-03,"1.85%",-175,1.85,0
2025-11-04,2025-02-03,"2.10%",-150,2.1,0.0179037236240628
2025-11-04,2025-02-03,"2.35%",-125,2.35,0.0366890449889487
2025-11-04,2025-02-03,"2.60%",-100,2.6,0.0650703524089302
2025-11-04,2025-02-03,"2.85%",-75,2.85,0.099882617312739
2025-11-04,2025-02-03,"3.10%",-50,3.1,0.132697101079943
2025-11-04,2025-02-03,"3.35%",-25,3.35,0.152581157742095
2025-11-04,2025-02-03,"3.60%",0,3.6,0.151848287381343
2025-11-04,2025-02-03,"3.85%",25,3.85,0.130794161396944
2025-11-04,2025-02-03,"4.10%",50,4.1,0.0975067327068442
2025-11-04,2025-02-03,"4.35%",75,4.35,0.0629137175007494
2025-11-04,2025-02-03,"4.60%",100,4.6,0.0351330394050664
2025-11-04,2025-02-03,"4.85%",125,4.85,0.0169800644523342
2025-11-04,2025-02-03,"5.10%",150,5.1,0
2025-11-04,2025-02-03,"5.35%",175,5.35,0
2025-11-04,2025-02-03,"5.60%",200,5.6,0
2025-11-04,2025-02-03,"5.85%",225,5.85,0
2025-11-04,2025-02-03,"6.10%",250,6.1,0
2025-11-04,2025-02-04,"0.10%",-300,0.1,0
2025-11-04,2025-02-04,"0.35%",-300,0.35,0
2025-11-04,2025-02-04,"0.60%",-300,0.6,0
2025-11-04,2025-02-04,"0.85%",-275,0.85,0
2025-11-04,2025-02-04,"1.10%",-250,1.1,0
2025-11-04,2025-02-04,"1.35%",-225,1.35,0
2025-11-04,2025-02-04,"1.60%",-200,1.6,0
2025-11-04,2025-02-04,"1.85%",-175,1.85,0
2025-11-04,2025-02-04,"2.10%",-150,2.1,0
2025-11-04,2025-02-04,"2.35%",-125,2.35,0
2025-11-04,2025-02-04,"2.60%",-100,2.6,0
2025-11-04,2025-02-04,"2.85%",-75,2.85,0.0466615129678766
2025-11-04,2025-02-04,"3.10%",-50,3.1,0.154299352572367
2025-11-04,2025-02-04,"3.35%",-25,3.35,0.284455771813198
2025-11-04,2025-02-04,"3.60%",0,3.6,0.292679641581654
2025-11-04,2025-02-04,"3.85%",25,3.85,0.168081746692886
2025-11-04,2025-02-04,"4.10%",50,4.1,0.0538219743720175
2025-11-04,2025-02-04,"4.35%",75,4.35,0
2025-11-04,2025-02-04,"4.60%",100,4.6,0
2025-11-04,2025-02-04,"4.85%",125,4.85,0
2025-11-04,2025-02-04,"5.10%",150,5.1,0
2025-11-04,2025-02-04,"5.35%",175,5.35,0
2025-11-04,2025-02-04,"5.60%",200,5.6,0
2025-11-04,2025-02-04,"5.85%",225,5.85,0
2025-11-04,2025-02-04,"6.10%",250,6.1,0
2025-11-04,2025-02-05,"0.10%",-300,0.1,0
2025-11-04,2025-02-05,"0.35%",-300,0.35,0
2025-11-04,2025-02-05,"0.60%",-300,0.6,0
2025-11-04,2025-02-05,"0.85%",-275,0.85,0
2025-11-04,2025-02-05,"1.10%",-250,1.1,0
2025-11-04,2025-02-05,"1.35%",-225,1.35,0
2025-11-04,2025-02-05,"1.60%",-200,1.6,0
2025-11-04,2025-02-05,"1.85%",-175,1.85,0
2025-11-04,2025-02-05,"2.10%",-150,2.1,0
2025-11-04,2025-02-05,"2.35%",-125,2.35,0
2025-11-04,2025-02-05,"2.60%",-100,2.6,0.0125900199913413
2025-11-04,2025-02-05,"2.85%",-75,2.85,0.0580170101100472
2025-11-04,2025-02-05,"3.10%",-50,3.1,0.1606264115914
2025-11-04,2025-02-05,"3.35%",-25,3.35,0.267488882142064
2025-11-04,2025-02-05,"3.60%",0,3.6,0.268093060895308
2025-11-04,2025-02-05,"3.85%",25,3.85,0.161717739618735
2025-11-04,2025-02-05,"4.10%",50,4.1,0.0586759792906282
2025-11-04,2025-02-05,"4.35%",75,4.35,0.0127908963604772
2025-11-04,2025-02-05,"4.60%",100,4.6,0
2025-11-04,2025-02-05,"4.85%",125,4.85,0
2025-11-04,2025-02-05,"5.10%",150,5.1,0
2025-11-04,2025-02-05,"5.35%",175,5.35,0
2025-11-04,2025-02-05,"5.60%",200,5.6,0
2025-11-04,2025-02-05,"5.85%",225,5.85,0
2025-11-04,2025-02-05,"6.10%",250,6.1,0
2025-11-04,2025-02-06,"0.10%",-300,0.1,0
2025-11-04,2025-02-06,"0.35%",-300,0.35,0
2025-11-04,2025-02-06,"0.60%",-300,0.6,0
2025-11-04,2025-02-06,"0.85%",-275,0.85,0
2025-11-04,2025-02-06,"1.10%",-250,1.1,0
2025-11-04,2025-02-06,"1.35%",-225,1.35,0
2025-11-04,2025-02-06,"1.60%",-200,1.6,0
2025-11-04,2025-02-06,"1.85%",-175,1.85,0
2025-11-04,2025-02-06,"2.10%",-150,2.1,0
2025-11-04,2025-02-06,"2.35%",-125,2.35,0
2025-11-04,2025-02-06,"2.60%",-100,2.6,0.0123141157237693
2025-11-04,2025-02-06,"2.85%",-75,2.85,0.0587883454639795
2025-11-04,2025-02-06,"3.10%",-50,3.1,0.165398013645136
2025-11-04,2025-02-06,"3.35%",-25,3.35,0.274588262007326
2025-11-04,2025-02-06,"3.60%",0,3.6,0.269178535872683
2025-11-04,2025-02-06,"3.85%",25,3.85,0.155809476776154
2025-11-04,2025-02-06,"4.10%",50,4.1,0.0532140281883228
2025-11-04,2025-02-06,"4.35%",75,4.35,0.0107092223226291
2025-11-04,2025-02-06,"4.60%",100,4.6,0
2025-11-04,2025-02-06,"4.85%",125,4.85,0
2025-11-04,2025-02-06,"5.10%",150,5.1,0
2025-11-04,2025-02-06,"5.35%",175,5.35,0
2025-11-04,2025-02-06,"5.60%",200,5.6,0
2025-11-04,2025-02-06,"5.85%",225,5.85,0
2025-11-04,2025-02-06,"6.10%",250,6.1,0
2025-11-04,2025-02-07,"0.10%",-300,0.1,0
2025-11-04,2025-02-07,"0.35%",-300,0.35,0
2025-11-04,2025-02-07,"0.60%",-300,0.6,0
2025-11-04,2025-02-07,"0.85%",-275,0.85,0
2025-11-04,2025-02-07,"1.10%",-250,1.1,0
2025-11-04,2025-02-07,"1.35%",-225,1.35,0
2025-11-04,2025-02-07,"1.60%",-200,1.6,0
2025-11-04,2025-02-07,"1.85%",-175,1.85,0
2025-11-04,2025-02-07,"2.10%",-150,2.1,0
2025-11-04,2025-02-07,"2.35%",-125,2.35,0
2025-11-04,2025-02-07,"2.60%",-100,2.6,0
2025-11-04,2025-02-07,"2.85%",-75,2.85,0.0434029266108917
2025-11-04,2025-02-07,"3.10%",-50,3.1,0.14589830200304
2025-11-04,2025-02-07,"3.35%",-25,3.35,0.275334422033642
2025-11-04,2025-02-07,"3.60%",0,3.6,0.292031974784672
2025-11-04,2025-02-07,"3.85%",25,3.85,0.174102891792457
2025-11-04,2025-02-07,"4.10%",50,4.1,0.0582896475186991
2025-11-04,2025-02-07,"4.35%",75,4.35,0.0109398352565982
2025-11-04,2025-02-07,"4.60%",100,4.6,0
2025-11-04,2025-02-07,"4.85%",125,4.85,0
2025-11-04,2025-02-07,"5.10%",150,5.1,0
2025-11-04,2025-02-07,"5.35%",175,5.35,0
2025-11-04,2025-02-07,"5.60%",200,5.6,0
2025-11-04,2025-02-07,"5.85%",225,5.85,0
2025-11-04,2025-02-07,"6.10%",250,6.1,0
2025-11-04,2025-02-10,"0.10%",-300,0.1,0
2025-11-04,2025-02-10,"0.35%",-300,0.35,0
2025-11-04,2025-02-10,"0.60%",-300,0.6,0
2025-11-04,2025-02-10,"0.85%",-275,0.85,0
2025-11-04,2025-02-10,"1.10%",-250,1.1,0
2025-11-04,2025-02-10,"1.35%",-225,1.35,0
2025-11-04,2025-02-10,"1.60%",-200,1.6,0
2025-11-04,2025-02-10,"1.85%",-175,1.85,0
2025-11-04,2025-02-10,"2.10%",-150,2.1,0
2025-11-04,2025-02-10,"2.35%",-125,2.35,0
2025-11-04,2025-02-10,"2.60%",-100,2.6,0
2025-11-04,2025-02-10,"2.85%",-75,2.85,0.0270489941590976
2025-11-04,2025-02-10,"3.10%",-50,3.1,0.117466005198392
2025-11-04,2025-02-10,"3.35%",-25,3.35,0.266559959230471
2025-11-04,2025-02-10,"3.60%",0,3.6,0.316714678146851
2025-11-04,2025-02-10,"3.85%",25,3.85,0.197117356765312
2025-11-04,2025-02-10,"4.10%",50,4.1,0.0641864172455838
2025-11-04,2025-02-10,"4.35%",75,4.35,0.0109065892542921
2025-11-04,2025-02-10,"4.60%",100,4.6,0
2025-11-04,2025-02-10,"4.85%",125,4.85,0
2025-11-04,2025-02-10,"5.10%",150,5.1,0
2025-11-04,2025-02-10,"5.35%",175,5.35,0
2025-11-04,2025-02-10,"5.60%",200,5.6,0
2025-11-04,2025-02-10,"5.85%",225,5.85,0
2025-11-04,2025-02-10,"6.10%",250,6.1,0
2025-11-04,2025-02-11,"0.10%",-300,0.1,0
2025-11-04,2025-02-11,"0.35%",-300,0.35,0
2025-11-04,2025-02-11,"0.60%",-300,0.6,0
2025-11-04,2025-02-11,"0.85%",-275,0.85,0
2025-11-04,2025-02-11,"1.10%",-250,1.1,0
2025-11-04,2025-02-11,"1.35%",-225,1.35,0
2025-11-04,2025-02-11,"1.60%",-200,1.6,0
2025-11-04,2025-02-11,"1.85%",-175,1.85,0
2025-11-04,2025-02-11,"2.10%",-150,2.1,0
2025-11-04,2025-02-11,"2.35%",-125,2.35,0
2025-11-04,2025-02-11,"2.60%",-100,2.6,0
2025-11-04,2025-02-11,"2.85%",-75,2.85,0.0261489242303935
2025-11-04,2025-02-11,"3.10%",-50,3.1,0.116591753710864
2025-11-04,2025-02-11,"3.35%",-25,3.35,0.268306569616599
2025-11-04,2025-02-11,"3.60%",0,3.6,0.319359011877179
2025-11-04,2025-02-11,"3.85%",25,3.85,0.196706149322657
2025-11-04,2025-02-11,"4.10%",50,4.1,0.062615644208199
2025-11-04,2025-02-11,"4.35%",75,4.35,0.0102719470341076
2025-11-04,2025-02-11,"4.60%",100,4.6,0
2025-11-04,2025-02-11,"4.85%",125,4.85,0
2025-11-04,2025-02-11,"5.10%",150,5.1,0
2025-11-04,2025-02-11,"5.35%",175,5.35,0
2025-11-04,2025-02-11,"5.60%",200,5.6,0
2025-11-04,2025-02-11,"5.85%",225,5.85,0
2025-11-04,2025-02-11,"6.10%",250,6.1,0
2025-11-04,2025-02-12,"0.10%",-300,0.1,0
2025-11-04,2025-02-12,"0.35%",-300,0.35,0
2025-11-04,2025-02-12,"0.60%",-300,0.6,0
2025-11-04,2025-02-12,"0.85%",-275,0.85,0
2025-11-04,2025-02-12,"1.10%",-250,1.1,0
2025-11-04,2025-02-12,"1.35%",-225,1.35,0
2025-11-04,2025-02-12,"1.60%",-200,1.6,0
2025-11-04,2025-02-12,"1.85%",-175,1.85,0
2025-11-04,2025-02-12,"2.10%",-150,2.1,0
2025-11-04,2025-02-12,"2.35%",-125,2.35,0
2025-11-04,2025-02-12,"2.60%",-100,2.6,0
2025-11-04,2025-02-12,"2.85%",-75,2.85,0.0144018892641422
2025-11-04,2025-02-12,"3.10%",-50,3.1,0.0848085690738999
2025-11-04,2025-02-12,"3.35%",-25,3.35,0.242676274932209
2025-11-04,2025-02-12,"3.60%",0,3.6,0.338585535293492
2025-11-04,2025-02-12,"3.85%",25,3.85,0.230607888279637
2025-11-04,2025-02-12,"4.10%",50,4.1,0.076569697060251
2025-11-04,2025-02-12,"4.35%",75,4.35,0.0123501460963688
2025-11-04,2025-02-12,"4.60%",100,4.6,0
2025-11-04,2025-02-12,"4.85%",125,4.85,0
2025-11-04,2025-02-12,"5.10%",150,5.1,0
2025-11-04,2025-02-12,"5.35%",175,5.35,0
2025-11-04,2025-02-12,"5.60%",200,5.6,0
2025-11-04,2025-02-12,"5.85%",225,5.85,0
2025-11-04,2025-02-12,"6.10%",250,6.1,0
2025-11-04,2025-02-13,"0.10%",-300,0.1,0
2025-11-04,2025-02-13,"0.35%",-300,0.35,0
2025-11-04,2025-02-13,"0.60%",-300,0.6,0
2025-11-04,2025-02-13,"0.85%",-275,0.85,0
2025-11-04,2025-02-13,"1.10%",-250,1.1,0
2025-11-04,2025-02-13,"1.35%",-225,1.35,0
2025-11-04,2025-02-13,"1.60%",-200,1.6,0
2025-11-04,2025-02-13,"1.85%",-175,1.85,0
2025-11-04,2025-02-13,"2.10%",-150,2.1,0
2025-11-04,2025-02-13,"2.35%",-125,2.35,0
2025-11-04,2025-02-13,"2.60%",-100,2.6,0
2025-11-04,2025-02-13,"2.85%",-75,2.85,0.0135445544614661
2025-11-04,2025-02-13,"3.10%",-50,3.1,0.0807880678924677
2025-11-04,2025-02-13,"3.35%",-25,3.35,0.235645225594998
2025-11-04,2025-02-13,"3.60%",0,3.6,0.337260779664437
2025-11-04,2025-02-13,"3.85%",25,3.85,0.237139107993716
2025-11-04,2025-02-13,"4.10%",50,4.1,0.0818173703236734
2025-11-04,2025-02-13,"4.35%",75,4.35,0.0138048940692408
2025-11-04,2025-02-13,"4.60%",100,4.6,0
2025-11-04,2025-02-13,"4.85%",125,4.85,0
2025-11-04,2025-02-13,"5.10%",150,5.1,0
2025-11-04,2025-02-13,"5.35%",175,5.35,0
2025-11-04,2025-02-13,"5.60%",200,5.6,0
2025-11-04,2025-02-13,"5.85%",225,5.85,0
2025-11-04,2025-02-13,"6.10%",250,6.1,0
2025-11-04,2025-02-14,"0.10%",-300,0.1,0
2025-11-04,2025-02-14,"0.35%",-300,0.35,0
2025-11-04,2025-02-14,"0.60%",-300,0.6,0
2025-11-04,2025-02-14,"0.85%",-275,0.85,0
2025-11-04,2025-02-14,"1.10%",-250,1.1,0
2025-11-04,2025-02-14,"1.35%",-225,1.35,0
2025-11-04,2025-02-14,"1.60%",-200,1.6,0
2025-11-04,2025-02-14,"1.85%",-175,1.85,0
2025-11-04,2025-02-14,"2.10%",-150,2.1,0
2025-11-04,2025-02-14,"2.35%",-125,2.35,0
2025-11-04,2025-02-14,"2.60%",-100,2.6,0
2025-11-04,2025-02-14,"2.85%",-75,2.85,0
2025-11-04,2025-02-14,"3.10%",-50,3.1,0.0649291759786606
2025-11-04,2025-02-14,"3.35%",-25,3.35,0.248224092267704
2025-11-04,2025-02-14,"3.60%",0,3.6,0.384116279606876
2025-11-04,2025-02-14,"3.85%",25,3.85,0.241356363075604
2025-11-04,2025-02-14,"4.10%",50,4.1,0.0613740890711548
2025-11-04,2025-02-14,"4.35%",75,4.35,0
2025-11-04,2025-02-14,"4.60%",100,4.6,0
2025-11-04,2025-02-14,"4.85%",125,4.85,0
2025-11-04,2025-02-14,"5.10%",150,5.1,0
2025-11-04,2025-02-14,"5.35%",175,5.35,0
2025-11-04,2025-02-14,"5.60%",200,5.6,0
2025-11-04,2025-02-14,"5.85%",225,5.85,0
2025-11-04,2025-02-14,"6.10%",250,6.1,0
2025-11-04,2025-02-17,"0.10%",-300,0.1,0
2025-11-04,2025-02-17,"0.35%",-300,0.35,0
2025-11-04,2025-02-17,"0.60%",-300,0.6,0
2025-11-04,2025-02-17,"0.85%",-275,0.85,0
2025-11-04,2025-02-17,"1.10%",-250,1.1,0
2025-11-04,2025-02-17,"1.35%",-225,1.35,0
2025-11-04,2025-02-17,"1.60%",-200,1.6,0
2025-11-04,2025-02-17,"1.85%",-175,1.85,0
2025-11-04,2025-02-17,"2.10%",-150,2.1,0
2025-11-04,2025-02-17,"2.35%",-125,2.35,0
2025-11-04,2025-02-17,"2.60%",-100,2.6,0
2025-11-04,2025-02-17,"2.85%",-75,2.85,0
2025-11-04,2025-02-17,"3.10%",-50,3.1,0.0537905315522635
2025-11-04,2025-02-17,"3.35%",-25,3.35,0.221844719213209
2025-11-04,2025-02-17,"3.60%",0,3.6,0.378298445867033
2025-11-04,2025-02-17,"3.85%",25,3.85,0.267665887435079
2025-11-04,2025-02-17,"4.10%",50,4.1,0.078400415932416
2025-11-04,2025-02-17,"4.35%",75,4.35,0
2025-11-04,2025-02-17,"4.60%",100,4.6,0
2025-11-04,2025-02-17,"4.85%",125,4.85,0
2025-11-04,2025-02-17,"5.10%",150,5.1,0
2025-11-04,2025-02-17,"5.35%",175,5.35,0
2025-11-04,2025-02-17,"5.60%",200,5.6,0
2025-11-04,2025-02-17,"5.85%",225,5.85,0
2025-11-04,2025-02-17,"6.10%",250,6.1,0
2025-11-04,2025-02-19,"0.10%",-300,0.1,0
2025-11-04,2025-02-19,"0.35%",-300,0.35,0
2025-11-04,2025-02-19,"0.60%",-300,0.6,0
2025-11-04,2025-02-19,"0.85%",-275,0.85,0
2025-11-04,2025-02-19,"1.10%",-250,1.1,0
2025-11-04,2025-02-19,"1.35%",-225,1.35,0
2025-11-04,2025-02-19,"1.60%",-200,1.6,0
2025-11-04,2025-02-19,"1.85%",-175,1.85,0
2025-11-04,2025-02-19,"2.10%",-150,2.1,0
2025-11-04,2025-02-19,"2.35%",-125,2.35,0
2025-11-04,2025-02-19,"2.60%",-100,2.6,0
2025-11-04,2025-02-19,"2.85%",-75,2.85,0
2025-11-04,2025-02-19,"3.10%",-50,3.1,0.0357606062975104
2025-11-04,2025-02-19,"3.35%",-25,3.35,0.176831956353368
2025-11-04,2025-02-19,"3.60%",0,3.6,0.360655099232018
2025-11-04,2025-02-19,"3.85%",25,3.85,0.304798722767933
2025-11-04,2025-02-19,"4.10%",50,4.1,0.106617586229713
2025-11-04,2025-02-19,"4.35%",75,4.35,0.015336029119458
2025-11-04,2025-02-19,"4.60%",100,4.6,0
2025-11-04,2025-02-19,"4.85%",125,4.85,0
2025-11-04,2025-02-19,"5.10%",150,5.1,0
2025-11-04,2025-02-19,"5.35%",175,5.35,0
2025-11-04,2025-02-19,"5.60%",200,5.6,0
2025-11-04,2025-02-19,"5.85%",225,5.85,0
2025-11-04,2025-02-19,"6.10%",250,6.1,0
2025-11-04,2025-02-20,"0.10%",-300,0.1,0
2025-11-04,2025-02-20,"0.35%",-300,0.35,0
2025-11-04,2025-02-20,"0.60%",-300,0.6,0
2025-11-04,2025-02-20,"0.85%",-275,0.85,0
2025-11-04,2025-02-20,"1.10%",-250,1.1,0
2025-11-04,2025-02-20,"1.35%",-225,1.35,0
2025-11-04,2025-02-20,"1.60%",-200,1.6,0
2025-11-04,2025-02-20,"1.85%",-175,1.85,0
2025-11-04,2025-02-20,"2.10%",-150,2.1,0
2025-11-04,2025-02-20,"2.35%",-125,2.35,0
2025-11-04,2025-02-20,"2.60%",-100,2.6,0
2025-11-04,2025-02-20,"2.85%",-75,2.85,0
2025-11-04,2025-02-20,"3.10%",-50,3.1,0.0328907978145083
2025-11-04,2025-02-20,"3.35%",-25,3.35,0.165829450708121
2025-11-04,2025-02-20,"3.60%",0,3.6,0.351082246803333
2025-11-04,2025-02-20,"3.85%",25,3.85,0.313540975217926
2025-11-04,2025-02-20,"4.10%",50,4.1,0.11803359088096
2025-11-04,2025-02-20,"4.35%",75,4.35,0.0186229385751512
2025-11-04,2025-02-20,"4.60%",100,4.6,0
2025-11-04,2025-02-20,"4.85%",125,4.85,0
2025-11-04,2025-02-20,"5.10%",150,5.1,0
2025-11-04,2025-02-20,"5.35%",175,5.35,0
2025-11-04,2025-02-20,"5.60%",200,5.6,0
2025-11-04,2025-02-20,"5.85%",225,5.85,0
2025-11-04,2025-02-20,"6.10%",250,6.1,0
2025-11-04,2025-02-21,"0.10%",-300,0.1,0
2025-11-04,2025-02-21,"0.35%",-300,0.35,0
2025-11-04,2025-02-21,"0.60%",-300,0.6,0
2025-11-04,2025-02-21,"0.85%",-275,0.85,0
2025-11-04,2025-02-21,"1.10%",-250,1.1,0
2025-11-04,2025-02-21,"1.35%",-225,1.35,0
2025-11-04,2025-02-21,"1.60%",-200,1.6,0
2025-11-04,2025-02-21,"1.85%",-175,1.85,0
2025-11-04,2025-02-21,"2.10%",-150,2.1,0
2025-11-04,2025-02-21,"2.35%",-125,2.35,0
2025-11-04,2025-02-21,"2.60%",-100,2.6,0
2025-11-04,2025-02-21,"2.85%",-75,2.85,0
2025-11-04,2025-02-21,"3.10%",-50,3.1,0.0220076519488302
2025-11-04,2025-02-21,"3.35%",-25,3.35,0.161223103285442
2025-11-04,2025-02-21,"3.60%",0,3.6,0.395645356268816
2025-11-04,2025-02-21,"3.85%",25,3.85,0.328805696828288
2025-11-04,2025-02-21,"4.10%",50,4.1,0.0923181916686243
2025-11-04,2025-02-21,"4.35%",75,4.35,0
2025-11-04,2025-02-21,"4.60%",100,4.6,0
2025-11-04,2025-02-21,"4.85%",125,4.85,0
2025-11-04,2025-02-21,"5.10%",150,5.1,0
2025-11-04,2025-02-21,"5.35%",175,5.35,0
2025-11-04,2025-02-21,"5.60%",200,5.6,0
2025-11-04,2025-02-21,"5.85%",225,5.85,0
2025-11-04,2025-02-21,"6.10%",250,6.1,0
2025-11-04,2025-02-24,"0.10%",-300,0.1,0
2025-11-04,2025-02-24,"0.35%",-300,0.35,0
2025-11-04,2025-02-24,"0.60%",-300,0.6,0
2025-11-04,2025-02-24,"0.85%",-275,0.85,0
2025-11-04,2025-02-24,"1.10%",-250,1.1,0
2025-11-04,2025-02-24,"1.35%",-225,1.35,0
2025-11-04,2025-02-24,"1.60%",-200,1.6,0
2025-11-04,2025-02-24,"1.85%",-175,1.85,0
2025-11-04,2025-02-24,"2.10%",-150,2.1,0
2025-11-04,2025-02-24,"2.35%",-125,2.35,0
2025-11-04,2025-02-24,"2.60%",-100,2.6,0
2025-11-04,2025-02-24,"2.85%",-75,2.85,0
2025-11-04,2025-02-24,"3.10%",-50,3.1,0.0417507349131196
2025-11-04,2025-02-24,"3.35%",-25,3.35,0.222743012843081
2025-11-04,2025-02-24,"3.60%",0,3.6,0.4114011012284
2025-11-04,2025-02-24,"3.85%",25,3.85,0.264928538431199
2025-11-04,2025-02-24,"4.10%",50,4.1,0.0591766125842006
2025-11-04,2025-02-24,"4.35%",75,4.35,0
2025-11-04,2025-02-24,"4.60%",100,4.6,0
2025-11-04,2025-02-24,"4.85%",125,4.85,0
2025-11-04,2025-02-24,"5.10%",150,5.1,0
2025-11-04,2025-02-24,"5.35%",175,5.35,0
2025-11-04,2025-02-24,"5.60%",200,5.6,0
2025-11-04,2025-02-24,"5.85%",225,5.85,0
2025-11-04,2025-02-24,"6.10%",250,6.1,0
2025-11-04,2025-02-25,"0.10%",-300,0.1,0
2025-11-04,2025-02-25,"0.35%",-300,0.35,0
2025-11-04,2025-02-25,"0.60%",-300,0.6,0
2025-11-04,2025-02-25,"0.85%",-275,0.85,0
2025-11-04,2025-02-25,"1.10%",-250,1.1,0
2025-11-04,2025-02-25,"1.35%",-225,1.35,0
2025-11-04,2025-02-25,"1.60%",-200,1.6,0
2025-11-04,2025-02-25,"1.85%",-175,1.85,0
2025-11-04,2025-02-25,"2.10%",-150,2.1,0
2025-11-04,2025-02-25,"2.35%",-125,2.35,0
2025-11-04,2025-02-25,"2.60%",-100,2.6,0
2025-11-04,2025-02-25,"2.85%",-75,2.85,0
2025-11-04,2025-02-25,"3.10%",-50,3.1,0.06167003405519
2025-11-04,2025-02-25,"3.35%",-25,3.35,0.253517800109373
2025-11-04,2025-02-25,"3.60%",0,3.6,0.39584732637667
2025-11-04,2025-02-25,"3.85%",25,3.85,0.235694369744566
2025-11-04,2025-02-25,"4.10%",50,4.1,0.053270469714201
2025-11-04,2025-02-25,"4.35%",75,4.35,0
2025-11-04,2025-02-25,"4.60%",100,4.6,0
2025-11-04,2025-02-25,"4.85%",125,4.85,0
2025-11-04,2025-02-25,"5.10%",150,5.1,0
2025-11-04,2025-02-25,"5.35%",175,5.35,0
2025-11-04,2025-02-25,"5.60%",200,5.6,0
2025-11-04,2025-02-25,"5.85%",225,5.85,0
2025-11-04,2025-02-25,"6.10%",250,6.1,0
2025-11-04,2025-02-26,"0.10%",-300,0.1,0
2025-11-04,2025-02-26,"0.35%",-300,0.35,0
2025-11-04,2025-02-26,"0.60%",-300,0.6,0
2025-11-04,2025-02-26,"0.85%",-275,0.85,0
2025-11-04,2025-02-26,"1.10%",-250,1.1,0
2025-11-04,2025-02-26,"1.35%",-225,1.35,0
2025-11-04,2025-02-26,"1.60%",-200,1.6,0
2025-11-04,2025-02-26,"1.85%",-175,1.85,0
2025-11-04,2025-02-26,"2.10%",-150,2.1,0
2025-11-04,2025-02-26,"2.35%",-125,2.35,0
2025-11-04,2025-02-26,"2.60%",-100,2.6,0
2025-11-04,2025-02-26,"2.85%",-75,2.85,0
2025-11-04,2025-02-26,"3.10%",-50,3.1,0.0484951244982258
2025-11-04,2025-02-26,"3.35%",-25,3.35,0.270831263427114
2025-11-04,2025-02-26,"3.60%",0,3.6,0.44064494203704
2025-11-04,2025-02-26,"3.85%",25,3.85,0.210781964274518
2025-11-04,2025-02-26,"4.10%",50,4.1,0.029246705763102
2025-11-04,2025-02-26,"4.35%",75,4.35,0
2025-11-04,2025-02-26,"4.60%",100,4.6,0
2025-11-04,2025-02-26,"4.85%",125,4.85,0
2025-11-04,2025-02-26,"5.10%",150,5.1,0
2025-11-04,2025-02-26,"5.35%",175,5.35,0
2025-11-04,2025-02-26,"5.60%",200,5.6,0
2025-11-04,2025-02-26,"5.85%",225,5.85,0
2025-11-04,2025-02-26,"6.10%",250,6.1,0
2025-11-04,2025-02-27,"0.10%",-300,0.1,0
2025-11-04,2025-02-27,"0.35%",-300,0.35,0
2025-11-04,2025-02-27,"0.60%",-300,0.6,0
2025-11-04,2025-02-27,"0.85%",-275,0.85,0
2025-11-04,2025-02-27,"1.10%",-250,1.1,0
2025-11-04,2025-02-27,"1.35%",-225,1.35,0
2025-11-04,2025-02-27,"1.60%",-200,1.6,0
2025-11-04,2025-02-27,"1.85%",-175,1.85,0
2025-11-04,2025-02-27,"2.10%",-150,2.1,0
2025-11-04,2025-02-27,"2.35%",-125,2.35,0
2025-11-04,2025-02-27,"2.60%",-100,2.6,0
2025-11-04,2025-02-27,"2.85%",-75,2.85,0
2025-11-04,2025-02-27,"3.10%",-50,3.1,0.0561538477106358
2025-11-04,2025-02-27,"3.35%",-25,3.35,0.270654940454682
2025-11-04,2025-02-27,"3.60%",0,3.6,0.422635459813903
2025-11-04,2025-02-27,"3.85%",25,3.85,0.215172953860921
2025-11-04,2025-02-27,"4.10%",50,4.1,0.0353827981598577
2025-11-04,2025-02-27,"4.35%",75,4.35,0
2025-11-04,2025-02-27,"4.60%",100,4.6,0
2025-11-04,2025-02-27,"4.85%",125,4.85,0
2025-11-04,2025-02-27,"5.10%",150,5.1,0
2025-11-04,2025-02-27,"5.35%",175,5.35,0
2025-11-04,2025-02-27,"5.60%",200,5.6,0
2025-11-04,2025-02-27,"5.85%",225,5.85,0
2025-11-04,2025-02-27,"6.10%",250,6.1,0
2025-11-04,2025-02-28,"0.10%",-300,0.1,0
2025-11-04,2025-02-28,"0.35%",-300,0.35,0
2025-11-04,2025-02-28,"0.60%",-300,0.6,0
2025-11-04,2025-02-28,"0.85%",-275,0.85,0
2025-11-04,2025-02-28,"1.10%",-250,1.1,0
2025-11-04,2025-02-28,"1.35%",-225,1.35,0
2025-11-04,2025-02-28,"1.60%",-200,1.6,0
2025-11-04,2025-02-28,"1.85%",-175,1.85,0
2025-11-04,2025-02-28,"2.10%",-150,2.1,0
2025-11-04,2025-02-28,"2.35%",-125,2.35,0
2025-11-04,2025-02-28,"2.60%",-100,2.6,0
2025-11-04,2025-02-28,"2.85%",-75,2.85,0
2025-11-04,2025-02-28,"3.10%",-50,3.1,0.0794432112038452
2025-11-04,2025-02-28,"3.35%",-25,3.35,0.313997084418115
2025-11-04,2025-02-28,"3.60%",0,3.6,0.407686316161883
2025-11-04,2025-02-28,"3.85%",25,3.85,0.174517708066712
2025-11-04,2025-02-28,"4.10%",50,4.1,0.0243556801494459
2025-11-04,2025-02-28,"4.35%",75,4.35,0
2025-11-04,2025-02-28,"4.60%",100,4.6,0
2025-11-04,2025-02-28,"4.85%",125,4.85,0
2025-11-04,2025-02-28,"5.10%",150,5.1,0
2025-11-04,2025-02-28,"5.35%",175,5.35,0
2025-11-04,2025-02-28,"5.60%",200,5.6,0
2025-11-04,2025-02-28,"5.85%",225,5.85,0
2025-11-04,2025-02-28,"6.10%",250,6.1,0
2025-11-04,2025-03-03,"0.10%",-300,0.1,0
2025-11-04,2025-03-03,"0.35%",-300,0.35,0
2025-11-04,2025-03-03,"0.60%",-300,0.6,0
2025-11-04,2025-03-03,"0.85%",-275,0.85,0
2025-11-04,2025-03-03,"1.10%",-250,1.1,0
2025-11-04,2025-03-03,"1.35%",-225,1.35,0
2025-11-04,2025-03-03,"1.60%",-200,1.6,0
2025-11-04,2025-03-03,"1.85%",-175,1.85,0
2025-11-04,2025-03-03,"2.10%",-150,2.1,0
2025-11-04,2025-03-03,"2.35%",-125,2.35,0
2025-11-04,2025-03-03,"2.60%",-100,2.6,0
2025-11-04,2025-03-03,"2.85%",-75,2.85,0
2025-11-04,2025-03-03,"3.10%",-50,3.1,0.0675600231462614
2025-11-04,2025-03-03,"3.35%",-25,3.35,0.305911000217065
2025-11-04,2025-03-03,"3.60%",0,3.6,0.423319902077221
2025-11-04,2025-03-03,"3.85%",25,3.85,0.180007676101589
2025-11-04,2025-03-03,"4.10%",50,4.1,0.0232013984578627
2025-11-04,2025-03-03,"4.35%",75,4.35,0
2025-11-04,2025-03-03,"4.60%",100,4.6,0
2025-11-04,2025-03-03,"4.85%",125,4.85,0
2025-11-04,2025-03-03,"5.10%",150,5.1,0
2025-11-04,2025-03-03,"5.35%",175,5.35,0
2025-11-04,2025-03-03,"5.60%",200,5.6,0
2025-11-04,2025-03-03,"5.85%",225,5.85,0
2025-11-04,2025-03-03,"6.10%",250,6.1,0
2025-11-04,2025-03-04,"0.10%",-300,0.1,0
2025-11-04,2025-03-04,"0.35%",-300,0.35,0
2025-11-04,2025-03-04,"0.60%",-300,0.6,0
2025-11-04,2025-03-04,"0.85%",-275,0.85,0
2025-11-04,2025-03-04,"1.10%",-250,1.1,0
2025-11-04,2025-03-04,"1.35%",-225,1.35,0
2025-11-04,2025-03-04,"1.60%",-200,1.6,0
2025-11-04,2025-03-04,"1.85%",-175,1.85,0
2025-11-04,2025-03-04,"2.10%",-150,2.1,0
2025-11-04,2025-03-04,"2.35%",-125,2.35,0
2025-11-04,2025-03-04,"2.60%",-100,2.6,0
2025-11-04,2025-03-04,"2.85%",-75,2.85,0
2025-11-04,2025-03-04,"3.10%",-50,3.1,0.0960090488991791
2025-11-04,2025-03-04,"3.35%",-25,3.35,0.362774765788111
2025-11-04,2025-03-04,"3.60%",0,3.6,0.400165712744125
2025-11-04,2025-03-04,"3.85%",25,3.85,0.129104648091619
2025-11-04,2025-03-04,"4.10%",50,4.1,0.0119458244769653
2025-11-04,2025-03-04,"4.35%",75,4.35,0
2025-11-04,2025-03-04,"4.60%",100,4.6,0
2025-11-04,2025-03-04,"4.85%",125,4.85,0
2025-11-04,2025-03-04,"5.10%",150,5.1,0
2025-11-04,2025-03-04,"5.35%",175,5.35,0
2025-11-04,2025-03-04,"5.60%",200,5.6,0
2025-11-04,2025-03-04,"5.85%",225,5.85,0
2025-11-04,2025-03-04,"6.10%",250,6.1,0
2025-11-04,2025-03-05,"0.10%",-300,0.1,0
2025-11-04,2025-03-05,"0.35%",-300,0.35,0
2025-11-04,2025-03-05,"0.60%",-300,0.6,0
2025-11-04,2025-03-05,"0.85%",-275,0.85,0
2025-11-04,2025-03-05,"1.10%",-250,1.1,0
2025-11-04,2025-03-05,"1.35%",-225,1.35,0
2025-11-04,2025-03-05,"1.60%",-200,1.6,0
2025-11-04,2025-03-05,"1.85%",-175,1.85,0
2025-11-04,2025-03-05,"2.10%",-150,2.1,0
2025-11-04,2025-03-05,"2.35%",-125,2.35,0
2025-11-04,2025-03-05,"2.60%",-100,2.6,0
2025-11-04,2025-03-05,"2.85%",-75,2.85,0
2025-11-04,2025-03-05,"3.10%",-50,3.1,0.0939309168988402
2025-11-04,2025-03-05,"3.35%",-25,3.35,0.357858209311808
2025-11-04,2025-03-05,"3.60%",0,3.6,0.401963079695032
2025-11-04,2025-03-05,"3.85%",25,3.85,0.133408096396412
2025-11-04,2025-03-05,"4.10%",50,4.1,0.0128396976979084
2025-11-04,2025-03-05,"4.35%",75,4.35,0
2025-11-04,2025-03-05,"4.60%",100,4.6,0
2025-11-04,2025-03-05,"4.85%",125,4.85,0
2025-11-04,2025-03-05,"5.10%",150,5.1,0
2025-11-04,2025-03-05,"5.35%",175,5.35,0
2025-11-04,2025-03-05,"5.60%",200,5.6,0
2025-11-04,2025-03-05,"5.85%",225,5.85,0
2025-11-04,2025-03-05,"6.10%",250,6.1,0
2025-11-04,2025-03-06,"0.10%",-300,0.1,0
2025-11-04,2025-03-06,"0.35%",-300,0.35,0
2025-11-04,2025-03-06,"0.60%",-300,0.6,0
2025-11-04,2025-03-06,"0.85%",-275,0.85,0
2025-11-04,2025-03-06,"1.10%",-250,1.1,0
2025-11-04,2025-03-06,"1.35%",-225,1.35,0
2025-11-04,2025-03-06,"1.60%",-200,1.6,0
2025-11-04,2025-03-06,"1.85%",-175,1.85,0
2025-11-04,2025-03-06,"2.10%",-150,2.1,0
2025-11-04,2025-03-06,"2.35%",-125,2.35,0
2025-11-04,2025-03-06,"2.60%",-100,2.6,0
2025-11-04,2025-03-06,"2.85%",-75,2.85,0
2025-11-04,2025-03-06,"3.10%",-50,3.1,0.0420065297295684
2025-11-04,2025-03-06,"3.35%",-25,3.35,0.315895214532519
2025-11-04,2025-03-06,"3.60%",0,3.6,0.48620629635682
2025-11-04,2025-03-06,"3.85%",25,3.85,0.155891959381092
2025-11-04,2025-03-06,"4.10%",50,4.1,0
2025-11-04,2025-03-06,"4.35%",75,4.35,0
2025-11-04,2025-03-06,"4.60%",100,4.6,0
2025-11-04,2025-03-06,"4.85%",125,4.85,0
2025-11-04,2025-03-06,"5.10%",150,5.1,0
2025-11-04,2025-03-06,"5.35%",175,5.35,0
2025-11-04,2025-03-06,"5.60%",200,5.6,0
2025-11-04,2025-03-06,"5.85%",225,5.85,0
2025-11-04,2025-03-06,"6.10%",250,6.1,0
2025-11-04,2025-03-07,"0.10%",-300,0.1,0
2025-11-04,2025-03-07,"0.35%",-300,0.35,0
2025-11-04,2025-03-07,"0.60%",-300,0.6,0
2025-11-04,2025-03-07,"0.85%",-275,0.85,0
2025-11-04,2025-03-07,"1.10%",-250,1.1,0
2025-11-04,2025-03-07,"1.35%",-225,1.35,0
2025-11-04,2025-03-07,"1.60%",-200,1.6,0
2025-11-04,2025-03-07,"1.85%",-175,1.85,0
2025-11-04,2025-03-07,"2.10%",-150,2.1,0
2025-11-04,2025-03-07,"2.35%",-125,2.35,0
2025-11-04,2025-03-07,"2.60%",-100,2.6,0
2025-11-04,2025-03-07,"2.85%",-75,2.85,0
2025-11-04,2025-03-07,"3.10%",-50,3.1,0.0977616990284084
2025-11-04,2025-03-07,"3.35%",-25,3.35,0.40665595362579
2025-11-04,2025-03-07,"3.60%",0,3.6,0.401517501930291
2025-11-04,2025-03-07,"3.85%",25,3.85,0.094064845415511
2025-11-04,2025-03-07,"4.10%",50,4.1,0
2025-11-04,2025-03-07,"4.35%",75,4.35,0
2025-11-04,2025-03-07,"4.60%",100,4.6,0
2025-11-04,2025-03-07,"4.85%",125,4.85,0
2025-11-04,2025-03-07,"5.10%",150,5.1,0
2025-11-04,2025-03-07,"5.35%",175,5.35,0
2025-11-04,2025-03-07,"5.60%",200,5.6,0
2025-11-04,2025-03-07,"5.85%",225,5.85,0
2025-11-04,2025-03-07,"6.10%",250,6.1,0
2025-11-04,2025-03-10,"0.10%",-300,0.1,0
2025-11-04,2025-03-10,"0.35%",-300,0.35,0
2025-11-04,2025-03-10,"0.60%",-300,0.6,0
2025-11-04,2025-03-10,"0.85%",-275,0.85,0
2025-11-04,2025-03-10,"1.10%",-250,1.1,0
2025-11-04,2025-03-10,"1.35%",-225,1.35,0
2025-11-04,2025-03-10,"1.60%",-200,1.6,0
2025-11-04,2025-03-10,"1.85%",-175,1.85,0
2025-11-04,2025-03-10,"2.10%",-150,2.1,0
2025-11-04,2025-03-10,"2.35%",-125,2.35,0
2025-11-04,2025-03-10,"2.60%",-100,2.6,0
2025-11-04,2025-03-10,"2.85%",-75,2.85,0.0164232024933592
2025-11-04,2025-03-10,"3.10%",-50,3.1,0.122250287233757
2025-11-04,2025-03-10,"3.35%",-25,3.35,0.340445878337551
2025-11-04,2025-03-10,"3.60%",0,3.6,0.357799217908013
2025-11-04,2025-03-10,"3.85%",25,3.85,0.141979088013374
2025-11-04,2025-03-10,"4.10%",50,4.1,0.021102326013946
2025-11-04,2025-03-10,"4.35%",75,4.35,0
2025-11-04,2025-03-10,"4.60%",100,4.6,0
2025-11-04,2025-03-10,"4.85%",125,4.85,0
2025-11-04,2025-03-10,"5.10%",150,5.1,0
2025-11-04,2025-03-10,"5.35%",175,5.35,0
2025-11-04,2025-03-10,"5.60%",200,5.6,0
2025-11-04,2025-03-10,"5.85%",225,5.85,0
2025-11-04,2025-03-10,"6.10%",250,6.1,0
2025-11-04,2025-03-11,"0.10%",-300,0.1,0
2025-11-04,2025-03-11,"0.35%",-300,0.35,0
2025-11-04,2025-03-11,"0.60%",-300,0.6,0
2025-11-04,2025-03-11,"0.85%",-275,0.85,0
2025-11-04,2025-03-11,"1.10%",-250,1.1,0
2025-11-04,2025-03-11,"1.35%",-225,1.35,0
2025-11-04,2025-03-11,"1.60%",-200,1.6,0
2025-11-04,2025-03-11,"1.85%",-175,1.85,0
2025-11-04,2025-03-11,"2.10%",-150,2.1,0
2025-11-04,2025-03-11,"2.35%",-125,2.35,0
2025-11-04,2025-03-11,"2.60%",-100,2.6,0
2025-11-04,2025-03-11,"2.85%",-75,2.85,0.0154550839413247
2025-11-04,2025-03-11,"3.10%",-50,3.1,0.147721050248202
2025-11-04,2025-03-11,"3.35%",-25,3.35,0.411998396545693
2025-11-04,2025-03-11,"3.60%",0,3.6,0.341208131453021
2025-11-04,2025-03-11,"3.85%",25,3.85,0.0836173378117597
2025-11-04,2025-03-11,"4.10%",50,4.1,0
2025-11-04,2025-03-11,"4.35%",75,4.35,0
2025-11-04,2025-03-11,"4.60%",100,4.6,0
2025-11-04,2025-03-11,"4.85%",125,4.85,0
2025-11-04,2025-03-11,"5.10%",150,5.1,0
2025-11-04,2025-03-11,"5.35%",175,5.35,0
2025-11-04,2025-03-11,"5.60%",200,5.6,0
2025-11-04,2025-03-11,"5.85%",225,5.85,0
2025-11-04,2025-03-11,"6.10%",250,6.1,0
2025-11-04,2025-03-12,"0.10%",-300,0.1,0
2025-11-04,2025-03-12,"0.35%",-300,0.35,0
2025-11-04,2025-03-12,"0.60%",-300,0.6,0
2025-11-04,2025-03-12,"0.85%",-275,0.85,0
2025-11-04,2025-03-12,"1.10%",-250,1.1,0
2025-11-04,2025-03-12,"1.35%",-225,1.35,0
2025-11-04,2025-03-12,"1.60%",-200,1.6,0
2025-11-04,2025-03-12,"1.85%",-175,1.85,0
2025-11-04,2025-03-12,"2.10%",-150,2.1,0
2025-11-04,2025-03-12,"2.35%",-125,2.35,0
2025-11-04,2025-03-12,"2.60%",-100,2.6,0
2025-11-04,2025-03-12,"2.85%",-75,2.85,0.0176839003497651
2025-11-04,2025-03-12,"3.10%",-50,3.1,0.142125563880801
2025-11-04,2025-03-12,"3.35%",-25,3.35,0.38075408847545
2025-11-04,2025-03-12,"3.60%",0,3.6,0.344087371927947
2025-11-04,2025-03-12,"3.85%",25,3.85,0.10475354868433
2025-11-04,2025-03-12,"4.10%",50,4.1,0.0105955266817057
2025-11-04,2025-03-12,"4.35%",75,4.35,0
2025-11-04,2025-03-12,"4.60%",100,4.6,0
2025-11-04,2025-03-12,"4.85%",125,4.85,0
2025-11-04,2025-03-12,"5.10%",150,5.1,0
2025-11-04,2025-03-12,"5.35%",175,5.35,0
2025-11-04,2025-03-12,"5.60%",200,5.6,0
2025-11-04,2025-03-12,"5.85%",225,5.85,0
2025-11-04,2025-03-12,"6.10%",250,6.1,0
2025-11-04,2025-03-13,"0.10%",-300,0.1,0
2025-11-04,2025-03-13,"0.35%",-300,0.35,0
2025-11-04,2025-03-13,"0.60%",-300,0.6,0
2025-11-04,2025-03-13,"0.85%",-275,0.85,0
2025-11-04,2025-03-13,"1.10%",-250,1.1,0
2025-11-04,2025-03-13,"1.35%",-225,1.35,0
2025-11-04,2025-03-13,"1.60%",-200,1.6,0
2025-11-04,2025-03-13,"1.85%",-175,1.85,0
2025-11-04,2025-03-13,"2.10%",-150,2.1,0
2025-11-04,2025-03-13,"2.35%",-125,2.35,0
2025-11-04,2025-03-13,"2.60%",-100,2.6,0
2025-11-04,2025-03-13,"2.85%",-75,2.85,0.0249238633854519
2025-11-04,2025-03-13,"3.10%",-50,3.1,0.14541678355757
2025-11-04,2025-03-13,"3.35%",-25,3.35,0.344361933011736
2025-11-04,2025-03-13,"3.60%",0,3.6,0.33291412712517
2025-11-04,2025-03-13,"3.85%",25,3.85,0.13135930600094
2025-11-04,2025-03-13,"4.10%",50,4.1,0.0210239869191323
2025-11-04,2025-03-13,"4.35%",75,4.35,0
2025-11-04,2025-03-13,"4.60%",100,4.6,0
2025-11-04,2025-03-13,"4.85%",125,4.85,0
2025-11-04,2025-03-13,"5.10%",150,5.1,0
2025-11-04,2025-03-13,"5.35%",175,5.35,0
2025-11-04,2025-03-13,"5.60%",200,5.6,0
2025-11-04,2025-03-13,"5.85%",225,5.85,0
2025-11-04,2025-03-13,"6.10%",250,6.1,0
2025-11-04,2025-03-14,"0.10%",-300,0.1,0
2025-11-04,2025-03-14,"0.35%",-300,0.35,0
2025-11-04,2025-03-14,"0.60%",-300,0.6,0
2025-11-04,2025-03-14,"0.85%",-275,0.85,0
2025-11-04,2025-03-14,"1.10%",-250,1.1,0
2025-11-04,2025-03-14,"1.35%",-225,1.35,0
2025-11-04,2025-03-14,"1.60%",-200,1.6,0
2025-11-04,2025-03-14,"1.85%",-175,1.85,0
2025-11-04,2025-03-14,"2.10%",-150,2.1,0
2025-11-04,2025-03-14,"2.35%",-125,2.35,0
2025-11-04,2025-03-14,"2.60%",-100,2.6,0
2025-11-04,2025-03-14,"2.85%",-75,2.85,0.0272552580623355
2025-11-04,2025-03-14,"3.10%",-50,3.1,0.161741368050477
2025-11-04,2025-03-14,"3.35%",-25,3.35,0.367345164727304
2025-11-04,2025-03-14,"3.60%",0,3.6,0.32147072538311
2025-11-04,2025-03-14,"3.85%",25,3.85,0.108272661118975
2025-11-04,2025-03-14,"4.10%",50,4.1,0.0139148226577984
2025-11-04,2025-03-14,"4.35%",75,4.35,0
2025-11-04,2025-03-14,"4.60%",100,4.6,0
2025-11-04,2025-03-14,"4.85%",125,4.85,0
2025-11-04,2025-03-14,"5.10%",150,5.1,0
2025-11-04,2025-03-14,"5.35%",175,5.35,0
2025-11-04,2025-03-14,"5.60%",200,5.6,0
2025-11-04,2025-03-14,"5.85%",225,5.85,0
2025-11-04,2025-03-14,"6.10%",250,6.1,0
2025-11-04,2025-03-17,"0.10%",-300,0.1,0
2025-11-04,2025-03-17,"0.35%",-300,0.35,0
2025-11-04,2025-03-17,"0.60%",-300,0.6,0
2025-11-04,2025-03-17,"0.85%",-275,0.85,0
2025-11-04,2025-03-17,"1.10%",-250,1.1,0
2025-11-04,2025-03-17,"1.35%",-225,1.35,0
2025-11-04,2025-03-17,"1.60%",-200,1.6,0
2025-11-04,2025-03-17,"1.85%",-175,1.85,0
2025-11-04,2025-03-17,"2.10%",-150,2.1,0
2025-11-04,2025-03-17,"2.35%",-125,2.35,0
2025-11-04,2025-03-17,"2.60%",-100,2.6,0
2025-11-04,2025-03-17,"2.85%",-75,2.85,0.0173538742081984
2025-11-04,2025-03-17,"3.10%",-50,3.1,0.137104749187318
2025-11-04,2025-03-17,"3.35%",-25,3.35,0.371268046128537
2025-11-04,2025-03-17,"3.60%",0,3.6,0.348435673863811
2025-11-04,2025-03-17,"3.85%",25,3.85,0.113246314602263
2025-11-04,2025-03-17,"4.10%",50,4.1,0.0125913420098732
2025-11-04,2025-03-17,"4.35%",75,4.35,0
2025-11-04,2025-03-17,"4.60%",100,4.6,0
2025-11-04,2025-03-17,"4.85%",125,4.85,0
2025-11-04,2025-03-17,"5.10%",150,5.1,0
2025-11-04,2025-03-17,"5.35%",175,5.35,0
2025-11-04,2025-03-17,"5.60%",200,5.6,0
2025-11-04,2025-03-17,"5.85%",225,5.85,0
2025-11-04,2025-03-17,"6.10%",250,6.1,0
2025-11-04,2025-03-18,"0.10%",-300,0.1,0
2025-11-04,2025-03-18,"0.35%",-300,0.35,0
2025-11-04,2025-03-18,"0.60%",-300,0.6,0
2025-11-04,2025-03-18,"0.85%",-275,0.85,0
2025-11-04,2025-03-18,"1.10%",-250,1.1,0
2025-11-04,2025-03-18,"1.35%",-225,1.35,0
2025-11-04,2025-03-18,"1.60%",-200,1.6,0
2025-11-04,2025-03-18,"1.85%",-175,1.85,0
2025-11-04,2025-03-18,"2.10%",-150,2.1,0
2025-11-04,2025-03-18,"2.35%",-125,2.35,0
2025-11-04,2025-03-18,"2.60%",-100,2.6,0
2025-11-04,2025-03-18,"2.85%",-75,2.85,0.0130197307900917
2025-11-04,2025-03-18,"3.10%",-50,3.1,0.118381558476418
2025-11-04,2025-03-18,"3.35%",-25,3.35,0.358936313187461
2025-11-04,2025-03-18,"3.60%",0,3.6,0.367676378720179
2025-11-04,2025-03-18,"3.85%",25,3.85,0.1272814447901
2025-11-04,2025-03-18,"4.10%",50,4.1,0.0147045740357507
2025-11-04,2025-03-18,"4.35%",75,4.35,0
2025-11-04,2025-03-18,"4.60%",100,4.6,0
2025-11-04,2025-03-18,"4.85%",125,4.85,0
2025-11-04,2025-03-18,"5.10%",150,5.1,0
2025-11-04,2025-03-18,"5.35%",175,5.35,0
2025-11-04,2025-03-18,"5.60%",200,5.6,0
2025-11-04,2025-03-18,"5.85%",225,5.85,0
2025-11-04,2025-03-18,"6.10%",250,6.1,0
2025-11-04,2025-03-19,"0.10%",-300,0.1,0
2025-11-04,2025-03-19,"0.35%",-300,0.35,0
2025-11-04,2025-03-19,"0.60%",-300,0.6,0
2025-11-04,2025-03-19,"0.85%",-275,0.85,0
2025-11-04,2025-03-19,"1.10%",-250,1.1,0
2025-11-04,2025-03-19,"1.35%",-225,1.35,0
2025-11-04,2025-03-19,"1.60%",-200,1.6,0
2025-11-04,2025-03-19,"1.85%",-175,1.85,0
2025-11-04,2025-03-19,"2.10%",-150,2.1,0
2025-11-04,2025-03-19,"2.35%",-125,2.35,0
2025-11-04,2025-03-19,"2.60%",-100,2.6,0
2025-11-04,2025-03-19,"2.85%",-75,2.85,0.0188148330781259
2025-11-04,2025-03-19,"3.10%",-50,3.1,0.122951816899498
2025-11-04,2025-03-19,"3.35%",-25,3.35,0.325373969420509
2025-11-04,2025-03-19,"3.60%",0,3.6,0.350951810971944
2025-11-04,2025-03-19,"3.85%",25,3.85,0.154370676591068
2025-11-04,2025-03-19,"4.10%",50,4.1,0.0275368930388553
2025-11-04,2025-03-19,"4.35%",75,4.35,0
2025-11-04,2025-03-19,"4.60%",100,4.6,0
2025-11-04,2025-03-19,"4.85%",125,4.85,0
2025-11-04,2025-03-19,"5.10%",150,5.1,0
2025-11-04,2025-03-19,"5.35%",175,5.35,0
2025-11-04,2025-03-19,"5.60%",200,5.6,0
2025-11-04,2025-03-19,"5.85%",225,5.85,0
2025-11-04,2025-03-19,"6.10%",250,6.1,0
2025-11-04,2025-03-20,"0.10%",-300,0.1,0
2025-11-04,2025-03-20,"0.35%",-300,0.35,0
2025-11-04,2025-03-20,"0.60%",-300,0.6,0
2025-11-04,2025-03-20,"0.85%",-275,0.85,0
2025-11-04,2025-03-20,"1.10%",-250,1.1,0
2025-11-04,2025-03-20,"1.35%",-225,1.35,0
2025-11-04,2025-03-20,"1.60%",-200,1.6,0
2025-11-04,2025-03-20,"1.85%",-175,1.85,0
2025-11-04,2025-03-20,"2.10%",-150,2.1,0
2025-11-04,2025-03-20,"2.35%",-125,2.35,0
2025-11-04,2025-03-20,"2.60%",-100,2.6,0
2025-11-04,2025-03-20,"2.85%",-75,2.85,0.0245249188439016
2025-11-04,2025-03-20,"3.10%",-50,3.1,0.150016880307409
2025-11-04,2025-03-20,"3.35%",-25,3.35,0.356541294047012
2025-11-04,2025-03-20,"3.60%",0,3.6,0.331466098369983
2025-11-04,2025-03-20,"3.85%",25,3.85,0.120466411130352
2025-11-04,2025-03-20,"4.10%",50,4.1,0.0169843973013423
2025-11-04,2025-03-20,"4.35%",75,4.35,0
2025-11-04,2025-03-20,"4.60%",100,4.6,0
2025-11-04,2025-03-20,"4.85%",125,4.85,0
2025-11-04,2025-03-20,"5.10%",150,5.1,0
2025-11-04,2025-03-20,"5.35%",175,5.35,0
2025-11-04,2025-03-20,"5.60%",200,5.6,0
2025-11-04,2025-03-20,"5.85%",225,5.85,0
2025-11-04,2025-03-20,"6.10%",250,6.1,0
2025-11-04,2025-03-21,"0.10%",-300,0.1,0
2025-11-04,2025-03-21,"0.35%",-300,0.35,0
2025-11-04,2025-03-21,"0.60%",-300,0.6,0
2025-11-04,2025-03-21,"0.85%",-275,0.85,0
2025-11-04,2025-03-21,"1.10%",-250,1.1,0
2025-11-04,2025-03-21,"1.35%",-225,1.35,0
2025-11-04,2025-03-21,"1.60%",-200,1.6,0
2025-11-04,2025-03-21,"1.85%",-175,1.85,0
2025-11-04,2025-03-21,"2.10%",-150,2.1,0
2025-11-04,2025-03-21,"2.35%",-125,2.35,0
2025-11-04,2025-03-21,"2.60%",-100,2.6,0
2025-11-04,2025-03-21,"2.85%",-75,2.85,0.0229266436688145
2025-11-04,2025-03-21,"3.10%",-50,3.1,0.15695834641587
2025-11-04,2025-03-21,"3.35%",-25,3.35,0.379948017512831
2025-11-04,2025-03-21,"3.60%",0,3.6,0.328210176373724
2025-11-04,2025-03-21,"3.85%",25,3.85,0.101009814324931
2025-11-04,2025-03-21,"4.10%",50,4.1,0.0109470017038296
2025-11-04,2025-03-21,"4.35%",75,4.35,0
2025-11-04,2025-03-21,"4.60%",100,4.6,0
2025-11-04,2025-03-21,"4.85%",125,4.85,0
2025-11-04,2025-03-21,"5.10%",150,5.1,0
2025-11-04,2025-03-21,"5.35%",175,5.35,0
2025-11-04,2025-03-21,"5.60%",200,5.6,0
2025-11-04,2025-03-21,"5.85%",225,5.85,0
2025-11-04,2025-03-21,"6.10%",250,6.1,0
2025-11-04,2025-03-24,"0.10%",-300,0.1,0
2025-11-04,2025-03-24,"0.35%",-300,0.35,0
2025-11-04,2025-03-24,"0.60%",-300,0.6,0
2025-11-04,2025-03-24,"0.85%",-275,0.85,0
2025-11-04,2025-03-24,"1.10%",-250,1.1,0
2025-11-04,2025-03-24,"1.35%",-225,1.35,0
2025-11-04,2025-03-24,"1.60%",-200,1.6,0
2025-11-04,2025-03-24,"1.85%",-175,1.85,0
2025-11-04,2025-03-24,"2.10%",-150,2.1,0
2025-11-04,2025-03-24,"2.35%",-125,2.35,0
2025-11-04,2025-03-24,"2.60%",-100,2.6,0
2025-11-04,2025-03-24,"2.85%",-75,2.85,0.0225459348763067
2025-11-04,2025-03-24,"3.10%",-50,3.1,0.167102704865649
2025-11-04,2025-03-24,"3.35%",-25,3.35,0.403879319125862
2025-11-04,2025-03-24,"3.60%",0,3.6,0.322031250598171
2025-11-04,2025-03-24,"3.85%",25,3.85,0.084440790534011
2025-11-04,2025-03-24,"4.10%",50,4.1,0
2025-11-04,2025-03-24,"4.35%",75,4.35,0
2025-11-04,2025-03-24,"4.60%",100,4.6,0
2025-11-04,2025-03-24,"4.85%",125,4.85,0
2025-11-04,2025-03-24,"5.10%",150,5.1,0
2025-11-04,2025-03-24,"5.35%",175,5.35,0
2025-11-04,2025-03-24,"5.60%",200,5.6,0
2025-11-04,2025-03-24,"5.85%",225,5.85,0
2025-11-04,2025-03-24,"6.10%",250,6.1,0
2025-11-04,2025-03-25,"0.10%",-300,0.1,0
2025-11-04,2025-03-25,"0.35%",-300,0.35,0
2025-11-04,2025-03-25,"0.60%",-300,0.6,0
2025-11-04,2025-03-25,"0.85%",-275,0.85,0
2025-11-04,2025-03-25,"1.10%",-250,1.1,0
2025-11-04,2025-03-25,"1.35%",-225,1.35,0
2025-11-04,2025-03-25,"1.60%",-200,1.6,0
2025-11-04,2025-03-25,"1.85%",-175,1.85,0
2025-11-04,2025-03-25,"2.10%",-150,2.1,0
2025-11-04,2025-03-25,"2.35%",-125,2.35,0
2025-11-04,2025-03-25,"2.60%",-100,2.6,0
2025-11-04,2025-03-25,"2.85%",-75,2.85,0.0155362521640451
2025-11-04,2025-03-25,"3.10%",-50,3.1,0.142762447924847
2025-11-04,2025-03-25,"3.35%",-25,3.35,0.400297808786214
2025-11-04,2025-03-25,"3.60%",0,3.6,0.347901136945227
2025-11-04,2025-03-25,"3.85%",25,3.85,0.0935023541796665
2025-11-04,2025-03-25,"4.10%",50,4.1,0
2025-11-04,2025-03-25,"4.35%",75,4.35,0
2025-11-04,2025-03-25,"4.60%",100,4.6,0
2025-11-04,2025-03-25,"4.85%",125,4.85,0
2025-11-04,2025-03-25,"5.10%",150,5.1,0
2025-11-04,2025-03-25,"5.35%",175,5.35,0
2025-11-04,2025-03-25,"5.60%",200,5.6,0
2025-11-04,2025-03-25,"5.85%",225,5.85,0
2025-11-04,2025-03-25,"6.10%",250,6.1,0
2025-11-04,2025-03-26,"0.10%",-300,0.1,0
2025-11-04,2025-03-26,"0.35%",-300,0.35,0
2025-11-04,2025-03-26,"0.60%",-300,0.6,0
2025-11-04,2025-03-26,"0.85%",-275,0.85,0
2025-11-04,2025-03-26,"1.10%",-250,1.1,0
2025-11-04,2025-03-26,"1.35%",-225,1.35,0
2025-11-04,2025-03-26,"1.60%",-200,1.6,0
2025-11-04,2025-03-26,"1.85%",-175,1.85,0
2025-11-04,2025-03-26,"2.10%",-150,2.1,0
2025-11-04,2025-03-26,"2.35%",-125,2.35,0
2025-11-04,2025-03-26,"2.60%",-100,2.6,0
2025-11-04,2025-03-26,"2.85%",-75,2.85,0.0140176844760783
2025-11-04,2025-03-26,"3.10%",-50,3.1,0.121114025742352
2025-11-04,2025-03-26,"3.35%",-25,3.35,0.357229648902245
2025-11-04,2025-03-26,"3.60%",0,3.6,0.364028371132529
2025-11-04,2025-03-26,"3.85%",25,3.85,0.128190999594646
2025-11-04,2025-03-26,"4.10%",50,4.1,0.0154192701521509
2025-11-04,2025-03-26,"4.35%",75,4.35,0
2025-11-04,2025-03-26,"4.60%",100,4.6,0
2025-11-04,2025-03-26,"4.85%",125,4.85,0
2025-11-04,2025-03-26,"5.10%",150,5.1,0
2025-11-04,2025-03-26,"5.35%",175,5.35,0
2025-11-04,2025-03-26,"5.60%",200,5.6,0
2025-11-04,2025-03-26,"5.85%",225,5.85,0
2025-11-04,2025-03-26,"6.10%",250,6.1,0
2025-11-04,2025-03-27,"0.10%",-300,0.1,0
2025-11-04,2025-03-27,"0.35%",-300,0.35,0
2025-11-04,2025-03-27,"0.60%",-300,0.6,0
2025-11-04,2025-03-27,"0.85%",-275,0.85,0
2025-11-04,2025-03-27,"1.10%",-250,1.1,0
2025-11-04,2025-03-27,"1.35%",-225,1.35,0
2025-11-04,2025-03-27,"1.60%",-200,1.6,0
2025-11-04,2025-03-27,"1.85%",-175,1.85,0
2025-11-04,2025-03-27,"2.10%",-150,2.1,0
2025-11-04,2025-03-27,"2.35%",-125,2.35,0
2025-11-04,2025-03-27,"2.60%",-100,2.6,0
2025-11-04,2025-03-27,"2.85%",-75,2.85,0.0141961183815141
2025-11-04,2025-03-27,"3.10%",-50,3.1,0.112955130840428
2025-11-04,2025-03-27,"3.35%",-25,3.35,0.332727815223135
2025-11-04,2025-03-27,"3.60%",0,3.6,0.366267326958543
2025-11-04,2025-03-27,"3.85%",25,3.85,0.150810803792018
2025-11-04,2025-03-27,"4.10%",50,4.1,0.0230428048043604
2025-11-04,2025-03-27,"4.35%",75,4.35,0
2025-11-04,2025-03-27,"4.60%",100,4.6,0
2025-11-04,2025-03-27,"4.85%",125,4.85,0
2025-11-04,2025-03-27,"5.10%",150,5.1,0
2025-11-04,2025-03-27,"5.35%",175,5.35,0
2025-11-04,2025-03-27,"5.60%",200,5.6,0
2025-11-04,2025-03-27,"5.85%",225,5.85,0
2025-11-04,2025-03-27,"6.10%",250,6.1,0
2025-11-04,2025-03-28,"0.10%",-300,0.1,0
2025-11-04,2025-03-28,"0.35%",-300,0.35,0
2025-11-04,2025-03-28,"0.60%",-300,0.6,0
2025-11-04,2025-03-28,"0.85%",-275,0.85,0
2025-11-04,2025-03-28,"1.10%",-250,1.1,0
2025-11-04,2025-03-28,"1.35%",-225,1.35,0
2025-11-04,2025-03-28,"1.60%",-200,1.6,0
2025-11-04,2025-03-28,"1.85%",-175,1.85,0
2025-11-04,2025-03-28,"2.10%",-150,2.1,0
2025-11-04,2025-03-28,"2.35%",-125,2.35,0
2025-11-04,2025-03-28,"2.60%",-100,2.6,0
2025-11-04,2025-03-28,"2.85%",-75,2.85,0
2025-11-04,2025-03-28,"3.10%",-50,3.1,0.110277541949545
2025-11-04,2025-03-28,"3.35%",-25,3.35,0.391755233265245
2025-11-04,2025-03-28,"3.60%",0,3.6,0.38955253277338
2025-11-04,2025-03-28,"3.85%",25,3.85,0.108414692011829
2025-11-04,2025-03-28,"4.10%",50,4.1,0
2025-11-04,2025-03-28,"4.35%",75,4.35,0
2025-11-04,2025-03-28,"4.60%",100,4.6,0
2025-11-04,2025-03-28,"4.85%",125,4.85,0
2025-11-04,2025-03-28,"5.10%",150,5.1,0
2025-11-04,2025-03-28,"5.35%",175,5.35,0
2025-11-04,2025-03-28,"5.60%",200,5.6,0
2025-11-04,2025-03-28,"5.85%",225,5.85,0
2025-11-04,2025-03-28,"6.10%",250,6.1,0
2025-11-04,2025-03-31,"0.10%",-300,0.1,0
2025-11-04,2025-03-31,"0.35%",-300,0.35,0
2025-11-04,2025-03-31,"0.60%",-300,0.6,0
2025-11-04,2025-03-31,"0.85%",-275,0.85,0
2025-11-04,2025-03-31,"1.10%",-250,1.1,0
2025-11-04,2025-03-31,"1.35%",-225,1.35,0
2025-11-04,2025-03-31,"1.60%",-200,1.6,0
2025-11-04,2025-03-31,"1.85%",-175,1.85,0
2025-11-04,2025-03-31,"2.10%",-150,2.1,0
2025-11-04,2025-03-31,"2.35%",-125,2.35,0
2025-11-04,2025-03-31,"2.60%",-100,2.6,0
2025-11-04,2025-03-31,"2.85%",-75,2.85,0.015754422477566
2025-11-04,2025-03-31,"3.10%",-50,3.1,0.167161912434335
2025-11-04,2025-03-31,"3.35%",-25,3.35,0.448884668434002
2025-11-04,2025-03-31,"3.60%",0,3.6,0.312384193278625
2025-11-04,2025-03-31,"3.85%",25,3.85,0.0558148033754714
2025-11-04,2025-03-31,"4.10%",50,4.1,0
2025-11-04,2025-03-31,"4.35%",75,4.35,0
2025-11-04,2025-03-31,"4.60%",100,4.6,0
2025-11-04,2025-03-31,"4.85%",125,4.85,0
2025-11-04,2025-03-31,"5.10%",150,5.1,0
2025-11-04,2025-03-31,"5.35%",175,5.35,0
2025-11-04,2025-03-31,"5.60%",200,5.6,0
2025-11-04,2025-03-31,"5.85%",225,5.85,0
2025-11-04,2025-03-31,"6.10%",250,6.1,0
2025-11-04,2025-04-01,"0.10%",-300,0.1,0
2025-11-04,2025-04-01,"0.35%",-300,0.35,0
2025-11-04,2025-04-01,"0.60%",-300,0.6,0
2025-11-04,2025-04-01,"0.85%",-275,0.85,0
2025-11-04,2025-04-01,"1.10%",-250,1.1,0
2025-11-04,2025-04-01,"1.35%",-225,1.35,0
2025-11-04,2025-04-01,"1.60%",-200,1.6,0
2025-11-04,2025-04-01,"1.85%",-175,1.85,0
2025-11-04,2025-04-01,"2.10%",-150,2.1,0
2025-11-04,2025-04-01,"2.35%",-125,2.35,0
2025-11-04,2025-04-01,"2.60%",-100,2.6,0
2025-11-04,2025-04-01,"2.85%",-75,2.85,0.0208965096334115
2025-11-04,2025-04-01,"3.10%",-50,3.1,0.172536605646458
2025-11-04,2025-04-01,"3.35%",-25,3.35,0.423412135343625
2025-11-04,2025-04-01,"3.60%",0,3.6,0.31349624432962
2025-11-04,2025-04-01,"3.85%",25,3.85,0.0696585050468853
2025-11-04,2025-04-01,"4.10%",50,4.1,0
2025-11-04,2025-04-01,"4.35%",75,4.35,0
2025-11-04,2025-04-01,"4.60%",100,4.6,0
2025-11-04,2025-04-01,"4.85%",125,4.85,0
2025-11-04,2025-04-01,"5.10%",150,5.1,0
2025-11-04,2025-04-01,"5.35%",175,5.35,0
2025-11-04,2025-04-01,"5.60%",200,5.6,0
2025-11-04,2025-04-01,"5.85%",225,5.85,0
2025-11-04,2025-04-01,"6.10%",250,6.1,0
2025-11-04,2025-04-02,"0.10%",-300,0.1,0
2025-11-04,2025-04-02,"0.35%",-300,0.35,0
2025-11-04,2025-04-02,"0.60%",-300,0.6,0
2025-11-04,2025-04-02,"0.85%",-275,0.85,0
2025-11-04,2025-04-02,"1.10%",-250,1.1,0
2025-11-04,2025-04-02,"1.35%",-225,1.35,0
2025-11-04,2025-04-02,"1.60%",-200,1.6,0
2025-11-04,2025-04-02,"1.85%",-175,1.85,0
2025-11-04,2025-04-02,"2.10%",-150,2.1,0
2025-11-04,2025-04-02,"2.35%",-125,2.35,0
2025-11-04,2025-04-02,"2.60%",-100,2.6,0
2025-11-04,2025-04-02,"2.85%",-75,2.85,0.0131512148014248
2025-11-04,2025-04-02,"3.10%",-50,3.1,0.174998347754494
2025-11-04,2025-04-02,"3.35%",-25,3.35,0.484921363333519
2025-11-04,2025-04-02,"3.60%",0,3.6,0.290160534947438
2025-11-04,2025-04-02,"3.85%",25,3.85,0.0367685391631251
2025-11-04,2025-04-02,"4.10%",50,4.1,0
2025-11-04,2025-04-02,"4.35%",75,4.35,0
2025-11-04,2025-04-02,"4.60%",100,4.6,0
2025-11-04,2025-04-02,"4.85%",125,4.85,0
2025-11-04,2025-04-02,"5.10%",150,5.1,0
2025-11-04,2025-04-02,"5.35%",175,5.35,0
2025-11-04,2025-04-02,"5.60%",200,5.6,0
2025-11-04,2025-04-02,"5.85%",225,5.85,0
2025-11-04,2025-04-02,"6.10%",250,6.1,0
2025-11-04,2025-04-03,"0.10%",-300,0.1,0
2025-11-04,2025-04-03,"0.35%",-300,0.35,0
2025-11-04,2025-04-03,"0.60%",-300,0.6,0
2025-11-04,2025-04-03,"0.85%",-275,0.85,0
2025-11-04,2025-04-03,"1.10%",-250,1.1,0
2025-11-04,2025-04-03,"1.35%",-225,1.35,0
2025-11-04,2025-04-03,"1.60%",-200,1.6,0
2025-11-04,2025-04-03,"1.85%",-175,1.85,0
2025-11-04,2025-04-03,"2.10%",-150,2.1,0
2025-11-04,2025-04-03,"2.35%",-125,2.35,0
2025-11-04,2025-04-03,"2.60%",-100,2.6,0
2025-11-04,2025-04-03,"2.85%",-75,2.85,0.0526999607381797
2025-11-04,2025-04-03,"3.10%",-50,3.1,0.342841907042463
2025-11-04,2025-04-03,"3.35%",-25,3.35,0.468398117879409
2025-11-04,2025-04-03,"3.60%",0,3.6,0.136060014339948
2025-11-04,2025-04-03,"3.85%",25,3.85,0
2025-11-04,2025-04-03,"4.10%",50,4.1,0
2025-11-04,2025-04-03,"4.35%",75,4.35,0
2025-11-04,2025-04-03,"4.60%",100,4.6,0
2025-11-04,2025-04-03,"4.85%",125,4.85,0
2025-11-04,2025-04-03,"5.10%",150,5.1,0
2025-11-04,2025-04-03,"5.35%",175,5.35,0
2025-11-04,2025-04-03,"5.60%",200,5.6,0
2025-11-04,2025-04-03,"5.85%",225,5.85,0
2025-11-04,2025-04-03,"6.10%",250,6.1,0
2025-11-04,2025-04-04,"0.10%",-300,0.1,0
2025-11-04,2025-04-04,"0.35%",-300,0.35,0
2025-11-04,2025-04-04,"0.60%",-300,0.6,0
2025-11-04,2025-04-04,"0.85%",-275,0.85,0
2025-11-04,2025-04-04,"1.10%",-250,1.1,0
2025-11-04,2025-04-04,"1.35%",-225,1.35,0
2025-11-04,2025-04-04,"1.60%",-200,1.6,0
2025-11-04,2025-04-04,"1.85%",-175,1.85,0
2025-11-04,2025-04-04,"2.10%",-150,2.1,0
2025-11-04,2025-04-04,"2.35%",-125,2.35,0
2025-11-04,2025-04-04,"2.60%",-100,2.6,0.018229030901911
2025-11-04,2025-04-04,"2.85%",-75,2.85,0.211015470169722
2025-11-04,2025-04-04,"3.10%",-50,3.1,0.497950109381438
2025-11-04,2025-04-04,"3.35%",-25,3.35,0.247572506375833
2025-11-04,2025-04-04,"3.60%",0,3.6,0.0252328831710962
2025-11-04,2025-04-04,"3.85%",25,3.85,0
2025-11-04,2025-04-04,"4.10%",50,4.1,0
2025-11-04,2025-04-04,"4.35%",75,4.35,0
2025-11-04,2025-04-04,"4.60%",100,4.6,0
2025-11-04,2025-04-04,"4.85%",125,4.85,0
2025-11-04,2025-04-04,"5.10%",150,5.1,0
2025-11-04,2025-04-04,"5.35%",175,5.35,0
2025-11-04,2025-04-04,"5.60%",200,5.6,0
2025-11-04,2025-04-04,"5.85%",225,5.85,0
2025-11-04,2025-04-04,"6.10%",250,6.1,0
2025-11-04,2025-04-07,"0.10%",-300,0.1,0
2025-11-04,2025-04-07,"0.35%",-300,0.35,0
2025-11-04,2025-04-07,"0.60%",-300,0.6,0
2025-11-04,2025-04-07,"0.85%",-275,0.85,0
2025-11-04,2025-04-07,"1.10%",-250,1.1,0
2025-11-04,2025-04-07,"1.35%",-225,1.35,0
2025-11-04,2025-04-07,"1.60%",-200,1.6,0
2025-11-04,2025-04-07,"1.85%",-175,1.85,0
2025-11-04,2025-04-07,"2.10%",-150,2.1,0
2025-11-04,2025-04-07,"2.35%",-125,2.35,0.0133872330600921
2025-11-04,2025-04-07,"2.60%",-100,2.6,0.169993757676111
2025-11-04,2025-04-07,"2.85%",-75,2.85,0.474090545492494
2025-11-04,2025-04-07,"3.10%",-50,3.1,0.300088233719358
2025-11-04,2025-04-07,"3.35%",-25,3.35,0.042440230051945
2025-11-04,2025-04-07,"3.60%",0,3.6,0
2025-11-04,2025-04-07,"3.85%",25,3.85,0
2025-11-04,2025-04-07,"4.10%",50,4.1,0
2025-11-04,2025-04-07,"4.35%",75,4.35,0
2025-11-04,2025-04-07,"4.60%",100,4.6,0
2025-11-04,2025-04-07,"4.85%",125,4.85,0
2025-11-04,2025-04-07,"5.10%",150,5.1,0
2025-11-04,2025-04-07,"5.35%",175,5.35,0
2025-11-04,2025-04-07,"5.60%",200,5.6,0
2025-11-04,2025-04-07,"5.85%",225,5.85,0
2025-11-04,2025-04-07,"6.10%",250,6.1,0
2025-11-04,2025-04-08,"0.10%",-300,0.1,0
2025-11-04,2025-04-08,"0.35%",-300,0.35,0
2025-11-04,2025-04-08,"0.60%",-300,0.6,0
2025-11-04,2025-04-08,"0.85%",-275,0.85,0
2025-11-04,2025-04-08,"1.10%",-250,1.1,0
2025-11-04,2025-04-08,"1.35%",-225,1.35,0
2025-11-04,2025-04-08,"1.60%",-200,1.6,0
2025-11-04,2025-04-08,"1.85%",-175,1.85,0
2025-11-04,2025-04-08,"2.10%",-150,2.1,0
2025-11-04,2025-04-08,"2.35%",-125,2.35,0
2025-11-04,2025-04-08,"2.60%",-100,2.6,0.0971380747901995
2025-11-04,2025-04-08,"2.85%",-75,2.85,0.407296118578695
2025-11-04,2025-04-08,"3.10%",-50,3.1,0.402121464259829
2025-11-04,2025-04-08,"3.35%",-25,3.35,0.0934443423712764
2025-11-04,2025-04-08,"3.60%",0,3.6,0
2025-11-04,2025-04-08,"3.85%",25,3.85,0
2025-11-04,2025-04-08,"4.10%",50,4.1,0
2025-11-04,2025-04-08,"4.35%",75,4.35,0
2025-11-04,2025-04-08,"4.60%",100,4.6,0
2025-11-04,2025-04-08,"4.85%",125,4.85,0
2025-11-04,2025-04-08,"5.10%",150,5.1,0
2025-11-04,2025-04-08,"5.35%",175,5.35,0
2025-11-04,2025-04-08,"5.60%",200,5.6,0
2025-11-04,2025-04-08,"5.85%",225,5.85,0
2025-11-04,2025-04-08,"6.10%",250,6.1,0
2025-11-04,2025-04-09,"0.10%",-300,0.1,0
2025-11-04,2025-04-09,"0.35%",-300,0.35,0
2025-11-04,2025-04-09,"0.60%",-300,0.6,0
2025-11-04,2025-04-09,"0.85%",-275,0.85,0
2025-11-04,2025-04-09,"1.10%",-250,1.1,0
2025-11-04,2025-04-09,"1.35%",-225,1.35,0
2025-11-04,2025-04-09,"1.60%",-200,1.6,0
2025-11-04,2025-04-09,"1.85%",-175,1.85,0
2025-11-04,2025-04-09,"2.10%",-150,2.1,0
2025-11-04,2025-04-09,"2.35%",-125,2.35,0.112632491443167
2025-11-04,2025-04-09,"2.60%",-100,2.6,0.389369793727384
2025-11-04,2025-04-09,"2.85%",-75,2.85,0.387226898592831
2025-11-04,2025-04-09,"3.10%",-50,3.1,0.110770816236618
2025-11-04,2025-04-09,"3.35%",-25,3.35,0
2025-11-04,2025-04-09,"3.60%",0,3.6,0
2025-11-04,2025-04-09,"3.85%",25,3.85,0
2025-11-04,2025-04-09,"4.10%",50,4.1,0
2025-11-04,2025-04-09,"4.35%",75,4.35,0
2025-11-04,2025-04-09,"4.60%",100,4.6,0
2025-11-04,2025-04-09,"4.85%",125,4.85,0
2025-11-04,2025-04-09,"5.10%",150,5.1,0
2025-11-04,2025-04-09,"5.35%",175,5.35,0
2025-11-04,2025-04-09,"5.60%",200,5.6,0
2025-11-04,2025-04-09,"5.85%",225,5.85,0
2025-11-04,2025-04-09,"6.10%",250,6.1,0
2025-11-04,2025-04-10,"0.10%",-300,0.1,0
2025-11-04,2025-04-10,"0.35%",-300,0.35,0
2025-11-04,2025-04-10,"0.60%",-300,0.6,0
2025-11-04,2025-04-10,"0.85%",-275,0.85,0
2025-11-04,2025-04-10,"1.10%",-250,1.1,0
2025-11-04,2025-04-10,"1.35%",-225,1.35,0
2025-11-04,2025-04-10,"1.60%",-200,1.6,0
2025-11-04,2025-04-10,"1.85%",-175,1.85,0
2025-11-04,2025-04-10,"2.10%",-150,2.1,0
2025-11-04,2025-04-10,"2.35%",-125,2.35,0.0147708897390355
2025-11-04,2025-04-10,"2.60%",-100,2.6,0.166871347236057
2025-11-04,2025-04-10,"2.85%",-75,2.85,0.456335638499401
2025-11-04,2025-04-10,"3.10%",-50,3.1,0.310184215775048
2025-11-04,2025-04-10,"3.35%",-25,3.35,0.0518379087504596
2025-11-04,2025-04-10,"3.60%",0,3.6,0
2025-11-04,2025-04-10,"3.85%",25,3.85,0
2025-11-04,2025-04-10,"4.10%",50,4.1,0
2025-11-04,2025-04-10,"4.35%",75,4.35,0
2025-11-04,2025-04-10,"4.60%",100,4.6,0
2025-11-04,2025-04-10,"4.85%",125,4.85,0
2025-11-04,2025-04-10,"5.10%",150,5.1,0
2025-11-04,2025-04-10,"5.35%",175,5.35,0
2025-11-04,2025-04-10,"5.60%",200,5.6,0
2025-11-04,2025-04-10,"5.85%",225,5.85,0
2025-11-04,2025-04-10,"6.10%",250,6.1,0
2025-11-04,2025-04-11,"0.10%",-300,0.1,0
2025-11-04,2025-04-11,"0.35%",-300,0.35,0
2025-11-04,2025-04-11,"0.60%",-300,0.6,0
2025-11-04,2025-04-11,"0.85%",-275,0.85,0
2025-11-04,2025-04-11,"1.10%",-250,1.1,0
2025-11-04,2025-04-11,"1.35%",-225,1.35,0
2025-11-04,2025-04-11,"1.60%",-200,1.6,0
2025-11-04,2025-04-11,"1.85%",-175,1.85,0
2025-11-04,2025-04-11,"2.10%",-150,2.1,0
2025-11-04,2025-04-11,"2.35%",-125,2.35,0.0272273811380915
2025-11-04,2025-04-11,"2.60%",-100,2.6,0.22897091554864
2025-11-04,2025-04-11,"2.85%",-75,2.85,0.471249996361532
2025-11-04,2025-04-11,"3.10%",-50,3.1,0.242075862944754
2025-11-04,2025-04-11,"3.35%",-25,3.35,0.0304758440069822
2025-11-04,2025-04-11,"3.60%",0,3.6,0
2025-11-04,2025-04-11,"3.85%",25,3.85,0
2025-11-04,2025-04-11,"4.10%",50,4.1,0
2025-11-04,2025-04-11,"4.35%",75,4.35,0
2025-11-04,2025-04-11,"4.60%",100,4.6,0
2025-11-04,2025-04-11,"4.85%",125,4.85,0
2025-11-04,2025-04-11,"5.10%",150,5.1,0
2025-11-04,2025-04-11,"5.35%",175,5.35,0
2025-11-04,2025-04-11,"5.60%",200,5.6,0
2025-11-04,2025-04-11,"5.85%",225,5.85,0
2025-11-04,2025-04-11,"6.10%",250,6.1,0
2025-11-04,2025-04-14,"0.10%",-300,0.1,0
2025-11-04,2025-04-14,"0.35%",-300,0.35,0
2025-11-04,2025-04-14,"0.60%",-300,0.6,0
2025-11-04,2025-04-14,"0.85%",-275,0.85,0
2025-11-04,2025-04-14,"1.10%",-250,1.1,0
2025-11-04,2025-04-14,"1.35%",-225,1.35,0
2025-11-04,2025-04-14,"1.60%",-200,1.6,0
2025-11-04,2025-04-14,"1.85%",-175,1.85,0
2025-11-04,2025-04-14,"2.10%",-150,2.1,0
2025-11-04,2025-04-14,"2.35%",-125,2.35,0.0190653810663676
2025-11-04,2025-04-14,"2.60%",-100,2.6,0.186822470071927
2025-11-04,2025-04-14,"2.85%",-75,2.85,0.458942934677815
2025-11-04,2025-04-14,"3.10%",-50,3.1,0.28905543850915
2025-11-04,2025-04-14,"3.35%",-25,3.35,0.0461137756747409
2025-11-04,2025-04-14,"3.60%",0,3.6,0
2025-11-04,2025-04-14,"3.85%",25,3.85,0
2025-11-04,2025-04-14,"4.10%",50,4.1,0
2025-11-04,2025-04-14,"4.35%",75,4.35,0
2025-11-04,2025-04-14,"4.60%",100,4.6,0
2025-11-04,2025-04-14,"4.85%",125,4.85,0
2025-11-04,2025-04-14,"5.10%",150,5.1,0
2025-11-04,2025-04-14,"5.35%",175,5.35,0
2025-11-04,2025-04-14,"5.60%",200,5.6,0
2025-11-04,2025-04-14,"5.85%",225,5.85,0
2025-11-04,2025-04-14,"6.10%",250,6.1,0
2025-11-04,2025-04-15,"0.10%",-300,0.1,0
2025-11-04,2025-04-15,"0.35%",-300,0.35,0
2025-11-04,2025-04-15,"0.60%",-300,0.6,0
2025-11-04,2025-04-15,"0.85%",-275,0.85,0
2025-11-04,2025-04-15,"1.10%",-250,1.1,0
2025-11-04,2025-04-15,"1.35%",-225,1.35,0
2025-11-04,2025-04-15,"1.60%",-200,1.6,0
2025-11-04,2025-04-15,"1.85%",-175,1.85,0
2025-11-04,2025-04-15,"2.10%",-150,2.1,0
2025-11-04,2025-04-15,"2.35%",-125,2.35,0.0126101381662468
2025-11-04,2025-04-15,"2.60%",-100,2.6,0.173755631733144
2025-11-04,2025-04-15,"2.85%",-75,2.85,0.48787301251655
2025-11-04,2025-04-15,"3.10%",-50,3.1,0.290006827659038
2025-11-04,2025-04-15,"3.35%",-25,3.35,0.0357543899250213
2025-11-04,2025-04-15,"3.60%",0,3.6,0
2025-11-04,2025-04-15,"3.85%",25,3.85,0
2025-11-04,2025-04-15,"4.10%",50,4.1,0
2025-11-04,2025-04-15,"4.35%",75,4.35,0
2025-11-04,2025-04-15,"4.60%",100,4.6,0
2025-11-04,2025-04-15,"4.85%",125,4.85,0
2025-11-04,2025-04-15,"5.10%",150,5.1,0
2025-11-04,2025-04-15,"5.35%",175,5.35,0
2025-11-04,2025-04-15,"5.60%",200,5.6,0
2025-11-04,2025-04-15,"5.85%",225,5.85,0
2025-11-04,2025-04-15,"6.10%",250,6.1,0
2025-11-04,2025-04-16,"0.10%",-300,0.1,0
2025-11-04,2025-04-16,"0.35%",-300,0.35,0
2025-11-04,2025-04-16,"0.60%",-300,0.6,0
2025-11-04,2025-04-16,"0.85%",-275,0.85,0
2025-11-04,2025-04-16,"1.10%",-250,1.1,0
2025-11-04,2025-04-16,"1.35%",-225,1.35,0
2025-11-04,2025-04-16,"1.60%",-200,1.6,0
2025-11-04,2025-04-16,"1.85%",-175,1.85,0
2025-11-04,2025-04-16,"2.10%",-150,2.1,0
2025-11-04,2025-04-16,"2.35%",-125,2.35,0
2025-11-04,2025-04-16,"2.60%",-100,2.6,0.109838646932039
2025-11-04,2025-04-16,"2.85%",-75,2.85,0.478621994333061
2025-11-04,2025-04-16,"3.10%",-50,3.1,0.363983515616639
2025-11-04,2025-04-16,"3.35%",-25,3.35,0.0475558431182605
2025-11-04,2025-04-16,"3.60%",0,3.6,0
2025-11-04,2025-04-16,"3.85%",25,3.85,0
2025-11-04,2025-04-16,"4.10%",50,4.1,0
2025-11-04,2025-04-16,"4.35%",75,4.35,0
2025-11-04,2025-04-16,"4.60%",100,4.6,0
2025-11-04,2025-04-16,"4.85%",125,4.85,0
2025-11-04,2025-04-16,"5.10%",150,5.1,0
2025-11-04,2025-04-16,"5.35%",175,5.35,0
2025-11-04,2025-04-16,"5.60%",200,5.6,0
2025-11-04,2025-04-16,"5.85%",225,5.85,0
2025-11-04,2025-04-16,"6.10%",250,6.1,0
2025-11-04,2025-04-17,"0.10%",-300,0.1,0
2025-11-04,2025-04-17,"0.35%",-300,0.35,0
2025-11-04,2025-04-17,"0.60%",-300,0.6,0
2025-11-04,2025-04-17,"0.85%",-275,0.85,0
2025-11-04,2025-04-17,"1.10%",-250,1.1,0
2025-11-04,2025-04-17,"1.35%",-225,1.35,0
2025-11-04,2025-04-17,"1.60%",-200,1.6,0
2025-11-04,2025-04-17,"1.85%",-175,1.85,0
2025-11-04,2025-04-17,"2.10%",-150,2.1,0
2025-11-04,2025-04-17,"2.35%",-125,2.35,0
2025-11-04,2025-04-17,"2.60%",-100,2.6,0.104975336481089
2025-11-04,2025-04-17,"2.85%",-75,2.85,0.465107636589912
2025-11-04,2025-04-17,"3.10%",-50,3.1,0.375362383136781
2025-11-04,2025-04-17,"3.35%",-25,3.35,0.054554643792218
2025-11-04,2025-04-17,"3.60%",0,3.6,0
2025-11-04,2025-04-17,"3.85%",25,3.85,0
2025-11-04,2025-04-17,"4.10%",50,4.1,0
2025-11-04,2025-04-17,"4.35%",75,4.35,0
2025-11-04,2025-04-17,"4.60%",100,4.6,0
2025-11-04,2025-04-17,"4.85%",125,4.85,0
2025-11-04,2025-04-17,"5.10%",150,5.1,0
2025-11-04,2025-04-17,"5.35%",175,5.35,0
2025-11-04,2025-04-17,"5.60%",200,5.6,0
2025-11-04,2025-04-17,"5.85%",225,5.85,0
2025-11-04,2025-04-17,"6.10%",250,6.1,0
2025-11-04,2025-04-22,"0.10%",-300,0.1,0
2025-11-04,2025-04-22,"0.35%",-300,0.35,0
2025-11-04,2025-04-22,"0.60%",-300,0.6,0
2025-11-04,2025-04-22,"0.85%",-275,0.85,0
2025-11-04,2025-04-22,"1.10%",-250,1.1,0
2025-11-04,2025-04-22,"1.35%",-225,1.35,0
2025-11-04,2025-04-22,"1.60%",-200,1.6,0
2025-11-04,2025-04-22,"1.85%",-175,1.85,0
2025-11-04,2025-04-22,"2.10%",-150,2.1,0
2025-11-04,2025-04-22,"2.35%",-125,2.35,0.0168882087236869
2025-11-04,2025-04-22,"2.60%",-100,2.6,0.194664925317573
2025-11-04,2025-04-22,"2.85%",-75,2.85,0.485450016068997
2025-11-04,2025-04-22,"3.10%",-50,3.1,0.270138590009462
2025-11-04,2025-04-22,"3.35%",-25,3.35,0.0328582598802817
2025-11-04,2025-04-22,"3.60%",0,3.6,0
2025-11-04,2025-04-22,"3.85%",25,3.85,0
2025-11-04,2025-04-22,"4.10%",50,4.1,0
2025-11-04,2025-04-22,"4.35%",75,4.35,0
2025-11-04,2025-04-22,"4.60%",100,4.6,0
2025-11-04,2025-04-22,"4.85%",125,4.85,0
2025-11-04,2025-04-22,"5.10%",150,5.1,0
2025-11-04,2025-04-22,"5.35%",175,5.35,0
2025-11-04,2025-04-22,"5.60%",200,5.6,0
2025-11-04,2025-04-22,"5.85%",225,5.85,0
2025-11-04,2025-04-22,"6.10%",250,6.1,0
2025-11-04,2025-04-23,"0.10%",-300,0.1,0
2025-11-04,2025-04-23,"0.35%",-300,0.35,0
2025-11-04,2025-04-23,"0.60%",-300,0.6,0
2025-11-04,2025-04-23,"0.85%",-275,0.85,0
2025-11-04,2025-04-23,"1.10%",-250,1.1,0
2025-11-04,2025-04-23,"1.35%",-225,1.35,0
2025-11-04,2025-04-23,"1.60%",-200,1.6,0
2025-11-04,2025-04-23,"1.85%",-175,1.85,0
2025-11-04,2025-04-23,"2.10%",-150,2.1,0
2025-11-04,2025-04-23,"2.35%",-125,2.35,0
2025-11-04,2025-04-23,"2.60%",-100,2.6,0.0977524339132509
2025-11-04,2025-04-23,"2.85%",-75,2.85,0.4256441349955
2025-11-04,2025-04-23,"3.10%",-50,3.1,0.397312791174375
2025-11-04,2025-04-23,"3.35%",-25,3.35,0.0792906399168736
2025-11-04,2025-04-23,"3.60%",0,3.6,0
2025-11-04,2025-04-23,"3.85%",25,3.85,0
2025-11-04,2025-04-23,"4.10%",50,4.1,0
2025-11-04,2025-04-23,"4.35%",75,4.35,0
2025-11-04,2025-04-23,"4.60%",100,4.6,0
2025-11-04,2025-04-23,"4.85%",125,4.85,0
2025-11-04,2025-04-23,"5.10%",150,5.1,0
2025-11-04,2025-04-23,"5.35%",175,5.35,0
2025-11-04,2025-04-23,"5.60%",200,5.6,0
2025-11-04,2025-04-23,"5.85%",225,5.85,0
2025-11-04,2025-04-23,"6.10%",250,6.1,0
2025-11-04,2025-04-25,"0.10%",-300,0.1,0
2025-11-04,2025-04-25,"0.35%",-300,0.35,0
2025-11-04,2025-04-25,"0.60%",-300,0.6,0
2025-11-04,2025-04-25,"0.85%",-275,0.85,0
2025-11-04,2025-04-25,"1.10%",-250,1.1,0
2025-11-04,2025-04-25,"1.35%",-225,1.35,0
2025-11-04,2025-04-25,"1.60%",-200,1.6,0
2025-11-04,2025-04-25,"1.85%",-175,1.85,0
2025-11-04,2025-04-25,"2.10%",-150,2.1,0
2025-11-04,2025-04-25,"2.35%",-125,2.35,0
2025-11-04,2025-04-25,"2.60%",-100,2.6,0.0685626365108167
2025-11-04,2025-04-25,"2.85%",-75,2.85,0.455827666774671
2025-11-04,2025-04-25,"3.10%",-50,3.1,0.421679358284365
2025-11-04,2025-04-25,"3.35%",-25,3.35,0.0539303384301473
2025-11-04,2025-04-25,"3.60%",0,3.6,0
2025-11-04,2025-04-25,"3.85%",25,3.85,0
2025-11-04,2025-04-25,"4.10%",50,4.1,0
2025-11-04,2025-04-25,"4.35%",75,4.35,0
2025-11-04,2025-04-25,"4.60%",100,4.6,0
2025-11-04,2025-04-25,"4.85%",125,4.85,0
2025-11-04,2025-04-25,"5.10%",150,5.1,0
2025-11-04,2025-04-25,"5.35%",175,5.35,0
2025-11-04,2025-04-25,"5.60%",200,5.6,0
2025-11-04,2025-04-25,"5.85%",225,5.85,0
2025-11-04,2025-04-25,"6.10%",250,6.1,0
2025-11-04,2025-04-28,"0.10%",-300,0.1,0
2025-11-04,2025-04-28,"0.35%",-300,0.35,0
2025-11-04,2025-04-28,"0.60%",-300,0.6,0
2025-11-04,2025-04-28,"0.85%",-275,0.85,0
2025-11-04,2025-04-28,"1.10%",-250,1.1,0
2025-11-04,2025-04-28,"1.35%",-225,1.35,0
2025-11-04,2025-04-28,"1.60%",-200,1.6,0
2025-11-04,2025-04-28,"1.85%",-175,1.85,0
2025-11-04,2025-04-28,"2.10%",-150,2.1,0
2025-11-04,2025-04-28,"2.35%",-125,2.35,0
2025-11-04,2025-04-28,"2.60%",-100,2.6,0.0588288786211612
2025-11-04,2025-04-28,"2.85%",-75,2.85,0.491768932830966
2025-11-04,2025-04-28,"3.10%",-50,3.1,0.414855467332688
2025-11-04,2025-04-28,"3.35%",-25,3.35,0.0345467212151848
2025-11-04,2025-04-28,"3.60%",0,3.6,0
2025-11-04,2025-04-28,"3.85%",25,3.85,0
2025-11-04,2025-04-28,"4.10%",50,4.1,0
2025-11-04,2025-04-28,"4.35%",75,4.35,0
2025-11-04,2025-04-28,"4.60%",100,4.6,0
2025-11-04,2025-04-28,"4.85%",125,4.85,0
2025-11-04,2025-04-28,"5.10%",150,5.1,0
2025-11-04,2025-04-28,"5.35%",175,5.35,0
2025-11-04,2025-04-28,"5.60%",200,5.6,0
2025-11-04,2025-04-28,"5.85%",225,5.85,0
2025-11-04,2025-04-28,"6.10%",250,6.1,0
2025-11-04,2025-04-29,"0.10%",-300,0.1,0
2025-11-04,2025-04-29,"0.35%",-300,0.35,0
2025-11-04,2025-04-29,"0.60%",-300,0.6,0
2025-11-04,2025-04-29,"0.85%",-275,0.85,0
2025-11-04,2025-04-29,"1.10%",-250,1.1,0
2025-11-04,2025-04-29,"1.35%",-225,1.35,0
2025-11-04,2025-04-29,"1.60%",-200,1.6,0
2025-11-04,2025-04-29,"1.85%",-175,1.85,0
2025-11-04,2025-04-29,"2.10%",-150,2.1,0
2025-11-04,2025-04-29,"2.35%",-125,2.35,0
2025-11-04,2025-04-29,"2.60%",-100,2.6,0.103102008353201
2025-11-04,2025-04-29,"2.85%",-75,2.85,0.414604527965308
2025-11-04,2025-04-29,"3.10%",-50,3.1,0.39397307576064
2025-11-04,2025-04-29,"3.35%",-25,3.35,0.0883203879208511
2025-11-04,2025-04-29,"3.60%",0,3.6,0
2025-11-04,2025-04-29,"3.85%",25,3.85,0
2025-11-04,2025-04-29,"4.10%",50,4.1,0
2025-11-04,2025-04-29,"4.35%",75,4.35,0
2025-11-04,2025-04-29,"4.60%",100,4.6,0
2025-11-04,2025-04-29,"4.85%",125,4.85,0
2025-11-04,2025-04-29,"5.10%",150,5.1,0
2025-11-04,2025-04-29,"5.35%",175,5.35,0
2025-11-04,2025-04-29,"5.60%",200,5.6,0
2025-11-04,2025-04-29,"5.85%",225,5.85,0
2025-11-04,2025-04-29,"6.10%",250,6.1,0
2025-11-04,2025-04-30,"0.10%",-300,0.1,0
2025-11-04,2025-04-30,"0.35%",-300,0.35,0
2025-11-04,2025-04-30,"0.60%",-300,0.6,0
2025-11-04,2025-04-30,"0.85%",-275,0.85,0
2025-11-04,2025-04-30,"1.10%",-250,1.1,0
2025-11-04,2025-04-30,"1.35%",-225,1.35,0
2025-11-04,2025-04-30,"1.60%",-200,1.6,0
2025-11-04,2025-04-30,"1.85%",-175,1.85,0
2025-11-04,2025-04-30,"2.10%",-150,2.1,0
2025-11-04,2025-04-30,"2.35%",-125,2.35,0
2025-11-04,2025-04-30,"2.60%",-100,2.6,0.0850922725413219
2025-11-04,2025-04-30,"2.85%",-75,2.85,0.335756151534832
2025-11-04,2025-04-30,"3.10%",-50,3.1,0.40819470827086
2025-11-04,2025-04-30,"3.35%",-25,3.35,0.15340345414216
2025-11-04,2025-04-30,"3.60%",0,3.6,0.0175534135108256
2025-11-04,2025-04-30,"3.85%",25,3.85,0
2025-11-04,2025-04-30,"4.10%",50,4.1,0
2025-11-04,2025-04-30,"4.35%",75,4.35,0
2025-11-04,2025-04-30,"4.60%",100,4.6,0
2025-11-04,2025-04-30,"4.85%",125,4.85,0
2025-11-04,2025-04-30,"5.10%",150,5.1,0
2025-11-04,2025-04-30,"5.35%",175,5.35,0
2025-11-04,2025-04-30,"5.60%",200,5.6,0
2025-11-04,2025-04-30,"5.85%",225,5.85,0
2025-11-04,2025-04-30,"6.10%",250,6.1,0
2025-11-04,2025-05-01,"0.10%",-300,0.1,0
2025-11-04,2025-05-01,"0.35%",-300,0.35,0
2025-11-04,2025-05-01,"0.60%",-300,0.6,0
2025-11-04,2025-05-01,"0.85%",-275,0.85,0
2025-11-04,2025-05-01,"1.10%",-250,1.1,0
2025-11-04,2025-05-01,"1.35%",-225,1.35,0
2025-11-04,2025-05-01,"1.60%",-200,1.6,0
2025-11-04,2025-05-01,"1.85%",-175,1.85,0
2025-11-04,2025-05-01,"2.10%",-150,2.1,0
2025-11-04,2025-05-01,"2.35%",-125,2.35,0
2025-11-04,2025-05-01,"2.60%",-100,2.6,0.08269462005358
2025-11-04,2025-05-01,"2.85%",-75,2.85,0.353872035643312
2025-11-04,2025-05-01,"3.10%",-50,3.1,0.416383610911849
2025-11-04,2025-05-01,"3.35%",-25,3.35,0.135205138182445
2025-11-04,2025-05-01,"3.60%",0,3.6,0.011844595208814
2025-11-04,2025-05-01,"3.85%",25,3.85,0
2025-11-04,2025-05-01,"4.10%",50,4.1,0
2025-11-04,2025-05-01,"4.35%",75,4.35,0
2025-11-04,2025-05-01,"4.60%",100,4.6,0
2025-11-04,2025-05-01,"4.85%",125,4.85,0
2025-11-04,2025-05-01,"5.10%",150,5.1,0
2025-11-04,2025-05-01,"5.35%",175,5.35,0
2025-11-04,2025-05-01,"5.60%",200,5.6,0
2025-11-04,2025-05-01,"5.85%",225,5.85,0
2025-11-04,2025-05-01,"6.10%",250,6.1,0
2025-11-04,2025-05-02,"0.10%",-300,0.1,0
2025-11-04,2025-05-02,"0.35%",-300,0.35,0
2025-11-04,2025-05-02,"0.60%",-300,0.6,0
2025-11-04,2025-05-02,"0.85%",-275,0.85,0
2025-11-04,2025-05-02,"1.10%",-250,1.1,0
2025-11-04,2025-05-02,"1.35%",-225,1.35,0
2025-11-04,2025-05-02,"1.60%",-200,1.6,0
2025-11-04,2025-05-02,"1.85%",-175,1.85,0
2025-11-04,2025-05-02,"2.10%",-150,2.1,0
2025-11-04,2025-05-02,"2.35%",-125,2.35,0
2025-11-04,2025-05-02,"2.60%",-100,2.6,0.0538944322374942
2025-11-04,2025-05-02,"2.85%",-75,2.85,0.316270428770817
2025-11-04,2025-05-02,"3.10%",-50,3.1,0.454450449268414
2025-11-04,2025-05-02,"3.35%",-25,3.35,0.161558658870262
2025-11-04,2025-05-02,"3.60%",0,3.6,0.0138260308530126
2025-11-04,2025-05-02,"3.85%",25,3.85,0
2025-11-04,2025-05-02,"4.10%",50,4.1,0
2025-11-04,2025-05-02,"4.35%",75,4.35,0
2025-11-04,2025-05-02,"4.60%",100,4.6,0
2025-11-04,2025-05-02,"4.85%",125,4.85,0
2025-11-04,2025-05-02,"5.10%",150,5.1,0
2025-11-04,2025-05-02,"5.35%",175,5.35,0
2025-11-04,2025-05-02,"5.60%",200,5.6,0
2025-11-04,2025-05-02,"5.85%",225,5.85,0
2025-11-04,2025-05-02,"6.10%",250,6.1,0
2025-11-04,2025-05-05,"0.10%",-300,0.1,0
2025-11-04,2025-05-05,"0.35%",-300,0.35,0
2025-11-04,2025-05-05,"0.60%",-300,0.6,0
2025-11-04,2025-05-05,"0.85%",-275,0.85,0
2025-11-04,2025-05-05,"1.10%",-250,1.1,0
2025-11-04,2025-05-05,"1.35%",-225,1.35,0
2025-11-04,2025-05-05,"1.60%",-200,1.6,0
2025-11-04,2025-05-05,"1.85%",-175,1.85,0.0161093008044683
2025-11-04,2025-05-05,"2.10%",-150,2.1,0.0386793138816265
2025-11-04,2025-05-05,"2.35%",-125,2.35,0.0762694781162017
2025-11-04,2025-05-05,"2.60%",-100,2.6,0.123512702530048
2025-11-04,2025-05-05,"2.85%",-75,2.85,0.164276323623403
2025-11-04,2025-05-05,"3.10%",-50,3.1,0.1794522922306
2025-11-04,2025-05-05,"3.35%",-25,3.35,0.161003856978464
2025-11-04,2025-05-05,"3.60%",0,3.6,0.118640687443701
2025-11-04,2025-05-05,"3.85%",25,3.85,0.0718013121750709
2025-11-04,2025-05-05,"4.10%",50,4.1,0.035687674404314
2025-11-04,2025-05-05,"4.35%",75,4.35,0.014567057812102
2025-11-04,2025-05-05,"4.60%",100,4.6,0
2025-11-04,2025-05-05,"4.85%",125,4.85,0
2025-11-04,2025-05-05,"5.10%",150,5.1,0
2025-11-04,2025-05-05,"5.35%",175,5.35,0
2025-11-04,2025-05-05,"5.60%",200,5.6,0
2025-11-04,2025-05-05,"5.85%",225,5.85,0
2025-11-04,2025-05-05,"6.10%",250,6.1,0
2025-11-04,2025-05-06,"0.10%",-300,0.1,0
2025-11-04,2025-05-06,"0.35%",-300,0.35,0
2025-11-04,2025-05-06,"0.60%",-300,0.6,0
2025-11-04,2025-05-06,"0.85%",-275,0.85,0
2025-11-04,2025-05-06,"1.10%",-250,1.1,0
2025-11-04,2025-05-06,"1.35%",-225,1.35,0
2025-11-04,2025-05-06,"1.60%",-200,1.6,0
2025-11-04,2025-05-06,"1.85%",-175,1.85,0
2025-11-04,2025-05-06,"2.10%",-150,2.1,0
2025-11-04,2025-05-06,"2.35%",-125,2.35,0
2025-11-04,2025-05-06,"2.60%",-100,2.6,0
2025-11-04,2025-05-06,"2.85%",-75,2.85,0.199359756055867
2025-11-04,2025-05-06,"3.10%",-50,3.1,0.559020871492314
2025-11-04,2025-05-06,"3.35%",-25,3.35,0.22882228454797
2025-11-04,2025-05-06,"3.60%",0,3.6,0.0127970879038484
2025-11-04,2025-05-06,"3.85%",25,3.85,0
2025-11-04,2025-05-06,"4.10%",50,4.1,0
2025-11-04,2025-05-06,"4.35%",75,4.35,0
2025-11-04,2025-05-06,"4.60%",100,4.6,0
2025-11-04,2025-05-06,"4.85%",125,4.85,0
2025-11-04,2025-05-06,"5.10%",150,5.1,0
2025-11-04,2025-05-06,"5.35%",175,5.35,0
2025-11-04,2025-05-06,"5.60%",200,5.6,0
2025-11-04,2025-05-06,"5.85%",225,5.85,0
2025-11-04,2025-05-06,"6.10%",250,6.1,0
2025-11-04,2025-05-07,"0.10%",-300,0.1,0
2025-11-04,2025-05-07,"0.35%",-300,0.35,0
2025-11-04,2025-05-07,"0.60%",-300,0.6,0
2025-11-04,2025-05-07,"0.85%",-275,0.85,0
2025-11-04,2025-05-07,"1.10%",-250,1.1,0
2025-11-04,2025-05-07,"1.35%",-225,1.35,0
2025-11-04,2025-05-07,"1.60%",-200,1.6,0
2025-11-04,2025-05-07,"1.85%",-175,1.85,0
2025-11-04,2025-05-07,"2.10%",-150,2.1,0
2025-11-04,2025-05-07,"2.35%",-125,2.35,0
2025-11-04,2025-05-07,"2.60%",-100,2.6,0.025300808519287
2025-11-04,2025-05-07,"2.85%",-75,2.85,0.266381939719928
2025-11-04,2025-05-07,"3.10%",-50,3.1,0.511440375335399
2025-11-04,2025-05-07,"3.35%",-25,3.35,0.184877516473317
2025-11-04,2025-05-07,"3.60%",0,3.6,0.0119993599520688
2025-11-04,2025-05-07,"3.85%",25,3.85,0
2025-11-04,2025-05-07,"4.10%",50,4.1,0
2025-11-04,2025-05-07,"4.35%",75,4.35,0
2025-11-04,2025-05-07,"4.60%",100,4.6,0
2025-11-04,2025-05-07,"4.85%",125,4.85,0
2025-11-04,2025-05-07,"5.10%",150,5.1,0
2025-11-04,2025-05-07,"5.35%",175,5.35,0
2025-11-04,2025-05-07,"5.60%",200,5.6,0
2025-11-04,2025-05-07,"5.85%",225,5.85,0
2025-11-04,2025-05-07,"6.10%",250,6.1,0
2025-11-04,2025-05-08,"0.10%",-300,0.1,0
2025-11-04,2025-05-08,"0.35%",-300,0.35,0
2025-11-04,2025-05-08,"0.60%",-300,0.6,0
2025-11-04,2025-05-08,"0.85%",-275,0.85,0
2025-11-04,2025-05-08,"1.10%",-250,1.1,0
2025-11-04,2025-05-08,"1.35%",-225,1.35,0
2025-11-04,2025-05-08,"1.60%",-200,1.6,0
2025-11-04,2025-05-08,"1.85%",-175,1.85,0
2025-11-04,2025-05-08,"2.10%",-150,2.1,0
2025-11-04,2025-05-08,"2.35%",-125,2.35,0
2025-11-04,2025-05-08,"2.60%",-100,2.6,0
2025-11-04,2025-05-08,"2.85%",-75,2.85,0.193008909990479
2025-11-04,2025-05-08,"3.10%",-50,3.1,0.551714232799449
2025-11-04,2025-05-08,"3.35%",-25,3.35,0.240238244837959
2025-11-04,2025-05-08,"3.60%",0,3.6,0.0150386123721126
2025-11-04,2025-05-08,"3.85%",25,3.85,0
2025-11-04,2025-05-08,"4.10%",50,4.1,0
2025-11-04,2025-05-08,"4.35%",75,4.35,0
2025-11-04,2025-05-08,"4.60%",100,4.6,0
2025-11-04,2025-05-08,"4.85%",125,4.85,0
2025-11-04,2025-05-08,"5.10%",150,5.1,0
2025-11-04,2025-05-08,"5.35%",175,5.35,0
2025-11-04,2025-05-08,"5.60%",200,5.6,0
2025-11-04,2025-05-08,"5.85%",225,5.85,0
2025-11-04,2025-05-08,"6.10%",250,6.1,0
2025-11-04,2025-05-09,"0.10%",-300,0.1,0
2025-11-04,2025-05-09,"0.35%",-300,0.35,0
2025-11-04,2025-05-09,"0.60%",-300,0.6,0
2025-11-04,2025-05-09,"0.85%",-275,0.85,0
2025-11-04,2025-05-09,"1.10%",-250,1.1,0
2025-11-04,2025-05-09,"1.35%",-225,1.35,0
2025-11-04,2025-05-09,"1.60%",-200,1.6,0
2025-11-04,2025-05-09,"1.85%",-175,1.85,0
2025-11-04,2025-05-09,"2.10%",-150,2.1,0
2025-11-04,2025-05-09,"2.35%",-125,2.35,0
2025-11-04,2025-05-09,"2.60%",-100,2.6,0
2025-11-04,2025-05-09,"2.85%",-75,2.85,0.134696389674469
2025-11-04,2025-05-09,"3.10%",-50,3.1,0.529255958291752
2025-11-04,2025-05-09,"3.35%",-25,3.35,0.310025923758582
2025-11-04,2025-05-09,"3.60%",0,3.6,0.0260217282751963
2025-11-04,2025-05-09,"3.85%",25,3.85,0
2025-11-04,2025-05-09,"4.10%",50,4.1,0
2025-11-04,2025-05-09,"4.35%",75,4.35,0
2025-11-04,2025-05-09,"4.60%",100,4.6,0
2025-11-04,2025-05-09,"4.85%",125,4.85,0
2025-11-04,2025-05-09,"5.10%",150,5.1,0
2025-11-04,2025-05-09,"5.35%",175,5.35,0
2025-11-04,2025-05-09,"5.60%",200,5.6,0
2025-11-04,2025-05-09,"5.85%",225,5.85,0
2025-11-04,2025-05-09,"6.10%",250,6.1,0
2025-11-04,2025-05-12,"0.10%",-300,0.1,0
2025-11-04,2025-05-12,"0.35%",-300,0.35,0
2025-11-04,2025-05-12,"0.60%",-300,0.6,0
2025-11-04,2025-05-12,"0.85%",-275,0.85,0
2025-11-04,2025-05-12,"1.10%",-250,1.1,0
2025-11-04,2025-05-12,"1.35%",-225,1.35,0
2025-11-04,2025-05-12,"1.60%",-200,1.6,0
2025-11-04,2025-05-12,"1.85%",-175,1.85,0
2025-11-04,2025-05-12,"2.10%",-150,2.1,0
2025-11-04,2025-05-12,"2.35%",-125,2.35,0
2025-11-04,2025-05-12,"2.60%",-100,2.6,0.0163918774352285
2025-11-04,2025-05-12,"2.85%",-75,2.85,0.135933401090049
2025-11-04,2025-05-12,"3.10%",-50,3.1,0.375703627539647
2025-11-04,2025-05-12,"3.35%",-25,3.35,0.350341068811105
2025-11-04,2025-05-12,"3.60%",0,3.6,0.110119910205737
2025-11-04,2025-05-12,"3.85%",25,3.85,0.0115101149182332
2025-11-04,2025-05-12,"4.10%",50,4.1,0
2025-11-04,2025-05-12,"4.35%",75,4.35,0
2025-11-04,2025-05-12,"4.60%",100,4.6,0
2025-11-04,2025-05-12,"4.85%",125,4.85,0
2025-11-04,2025-05-12,"5.10%",150,5.1,0
2025-11-04,2025-05-12,"5.35%",175,5.35,0
2025-11-04,2025-05-12,"5.60%",200,5.6,0
2025-11-04,2025-05-12,"5.85%",225,5.85,0
2025-11-04,2025-05-12,"6.10%",250,6.1,0
2025-11-04,2025-05-13,"0.10%",-300,0.1,0
2025-11-04,2025-05-13,"0.35%",-300,0.35,0
2025-11-04,2025-05-13,"0.60%",-300,0.6,0
2025-11-04,2025-05-13,"0.85%",-275,0.85,0
2025-11-04,2025-05-13,"1.10%",-250,1.1,0
2025-11-04,2025-05-13,"1.35%",-225,1.35,0
2025-11-04,2025-05-13,"1.60%",-200,1.6,0
2025-11-04,2025-05-13,"1.85%",-175,1.85,0
2025-11-04,2025-05-13,"2.10%",-150,2.1,0
2025-11-04,2025-05-13,"2.35%",-125,2.35,0
2025-11-04,2025-05-13,"2.60%",-100,2.6,0
2025-11-04,2025-05-13,"2.85%",-75,2.85,0.0484710011796291
2025-11-04,2025-05-13,"3.10%",-50,3.1,0.288196163480767
2025-11-04,2025-05-13,"3.35%",-25,3.35,0.45265086705004
2025-11-04,2025-05-13,"3.60%",0,3.6,0.189839285168855
2025-11-04,2025-05-13,"3.85%",25,3.85,0.0208426831207079
2025-11-04,2025-05-13,"4.10%",50,4.1,0
2025-11-04,2025-05-13,"4.35%",75,4.35,0
2025-11-04,2025-05-13,"4.60%",100,4.6,0
2025-11-04,2025-05-13,"4.85%",125,4.85,0
2025-11-04,2025-05-13,"5.10%",150,5.1,0
2025-11-04,2025-05-13,"5.35%",175,5.35,0
2025-11-04,2025-05-13,"5.60%",200,5.6,0
2025-11-04,2025-05-13,"5.85%",225,5.85,0
2025-11-04,2025-05-13,"6.10%",250,6.1,0
2025-11-04,2025-05-14,"0.10%",-300,0.1,0
2025-11-04,2025-05-14,"0.35%",-300,0.35,0
2025-11-04,2025-05-14,"0.60%",-300,0.6,0
2025-11-04,2025-05-14,"0.85%",-275,0.85,0
2025-11-04,2025-05-14,"1.10%",-250,1.1,0
2025-11-04,2025-05-14,"1.35%",-225,1.35,0
2025-11-04,2025-05-14,"1.60%",-200,1.6,0
2025-11-04,2025-05-14,"1.85%",-175,1.85,0
2025-11-04,2025-05-14,"2.10%",-150,2.1,0
2025-11-04,2025-05-14,"2.35%",-125,2.35,0
2025-11-04,2025-05-14,"2.60%",-100,2.6,0
2025-11-04,2025-05-14,"2.85%",-75,2.85,0.0664848942423457
2025-11-04,2025-05-14,"3.10%",-50,3.1,0.251677891793538
2025-11-04,2025-05-14,"3.35%",-25,3.35,0.38455386275715
2025-11-04,2025-05-14,"3.60%",0,3.6,0.237901286062994
2025-11-04,2025-05-14,"3.85%",25,3.85,0.0593820651439732
2025-11-04,2025-05-14,"4.10%",50,4.1,0
2025-11-04,2025-05-14,"4.35%",75,4.35,0
2025-11-04,2025-05-14,"4.60%",100,4.6,0
2025-11-04,2025-05-14,"4.85%",125,4.85,0
2025-11-04,2025-05-14,"5.10%",150,5.1,0
2025-11-04,2025-05-14,"5.35%",175,5.35,0
2025-11-04,2025-05-14,"5.60%",200,5.6,0
2025-11-04,2025-05-14,"5.85%",225,5.85,0
2025-11-04,2025-05-14,"6.10%",250,6.1,0
2025-11-04,2025-05-15,"0.10%",-300,0.1,0
2025-11-04,2025-05-15,"0.35%",-300,0.35,0
2025-11-04,2025-05-15,"0.60%",-300,0.6,0
2025-11-04,2025-05-15,"0.85%",-275,0.85,0
2025-11-04,2025-05-15,"1.10%",-250,1.1,0
2025-11-04,2025-05-15,"1.35%",-225,1.35,0
2025-11-04,2025-05-15,"1.60%",-200,1.6,0
2025-11-04,2025-05-15,"1.85%",-175,1.85,0
2025-11-04,2025-05-15,"2.10%",-150,2.1,0
2025-11-04,2025-05-15,"2.35%",-125,2.35,0
2025-11-04,2025-05-15,"2.60%",-100,2.6,0
2025-11-04,2025-05-15,"2.85%",-75,2.85,0.0317482681217372
2025-11-04,2025-05-15,"3.10%",-50,3.1,0.211287358528894
2025-11-04,2025-05-15,"3.35%",-25,3.35,0.431099480040135
2025-11-04,2025-05-15,"3.60%",0,3.6,0.272752321345642
2025-11-04,2025-05-15,"3.85%",25,3.85,0.0531125719635913
2025-11-04,2025-05-15,"4.10%",50,4.1,0
2025-11-04,2025-05-15,"4.35%",75,4.35,0
2025-11-04,2025-05-15,"4.60%",100,4.6,0
2025-11-04,2025-05-15,"4.85%",125,4.85,0
2025-11-04,2025-05-15,"5.10%",150,5.1,0
2025-11-04,2025-05-15,"5.35%",175,5.35,0
2025-11-04,2025-05-15,"5.60%",200,5.6,0
2025-11-04,2025-05-15,"5.85%",225,5.85,0
2025-11-04,2025-05-15,"6.10%",250,6.1,0
2025-11-04,2025-05-16,"0.10%",-300,0.1,0
2025-11-04,2025-05-16,"0.35%",-300,0.35,0
2025-11-04,2025-05-16,"0.60%",-300,0.6,0
2025-11-04,2025-05-16,"0.85%",-275,0.85,0
2025-11-04,2025-05-16,"1.10%",-250,1.1,0
2025-11-04,2025-05-16,"1.35%",-225,1.35,0
2025-11-04,2025-05-16,"1.60%",-200,1.6,0
2025-11-04,2025-05-16,"1.85%",-175,1.85,0
2025-11-04,2025-05-16,"2.10%",-150,2.1,0
2025-11-04,2025-05-16,"2.35%",-125,2.35,0
2025-11-04,2025-05-16,"2.60%",-100,2.6,0
2025-11-04,2025-05-16,"2.85%",-75,2.85,0.0369471534393233
2025-11-04,2025-05-16,"3.10%",-50,3.1,0.232767586782042
2025-11-04,2025-05-16,"3.35%",-25,3.35,0.438344415289506
2025-11-04,2025-05-16,"3.60%",0,3.6,0.249457549186274
2025-11-04,2025-05-16,"3.85%",25,3.85,0.0424832953028543
2025-11-04,2025-05-16,"4.10%",50,4.1,0
2025-11-04,2025-05-16,"4.35%",75,4.35,0
2025-11-04,2025-05-16,"4.60%",100,4.6,0
2025-11-04,2025-05-16,"4.85%",125,4.85,0
2025-11-04,2025-05-16,"5.10%",150,5.1,0
2025-11-04,2025-05-16,"5.35%",175,5.35,0
2025-11-04,2025-05-16,"5.60%",200,5.6,0
2025-11-04,2025-05-16,"5.85%",225,5.85,0
2025-11-04,2025-05-16,"6.10%",250,6.1,0
2025-11-04,2025-05-19,"0.10%",-300,0.1,0
2025-11-04,2025-05-19,"0.35%",-300,0.35,0
2025-11-04,2025-05-19,"0.60%",-300,0.6,0
2025-11-04,2025-05-19,"0.85%",-275,0.85,0
2025-11-04,2025-05-19,"1.10%",-250,1.1,0
2025-11-04,2025-05-19,"1.35%",-225,1.35,0
2025-11-04,2025-05-19,"1.60%",-200,1.6,0
2025-11-04,2025-05-19,"1.85%",-175,1.85,0
2025-11-04,2025-05-19,"2.10%",-150,2.1,0
2025-11-04,2025-05-19,"2.35%",-125,2.35,0
2025-11-04,2025-05-19,"2.60%",-100,2.6,0
2025-11-04,2025-05-19,"2.85%",-75,2.85,0.0208082920965947
2025-11-04,2025-05-19,"3.10%",-50,3.1,0.195486718386816
2025-11-04,2025-05-19,"3.35%",-25,3.35,0.461352484112051
2025-11-04,2025-05-19,"3.60%",0,3.6,0.279465613327429
2025-11-04,2025-05-19,"3.85%",25,3.85,0.0428868920771095
2025-11-04,2025-05-19,"4.10%",50,4.1,0
2025-11-04,2025-05-19,"4.35%",75,4.35,0
2025-11-04,2025-05-19,"4.60%",100,4.6,0
2025-11-04,2025-05-19,"4.85%",125,4.85,0
2025-11-04,2025-05-19,"5.10%",150,5.1,0
2025-11-04,2025-05-19,"5.35%",175,5.35,0
2025-11-04,2025-05-19,"5.60%",200,5.6,0
2025-11-04,2025-05-19,"5.85%",225,5.85,0
2025-11-04,2025-05-19,"6.10%",250,6.1,0
2025-11-04,2025-05-20,"0.10%",-300,0.1,0
2025-11-04,2025-05-20,"0.35%",-300,0.35,0
2025-11-04,2025-05-20,"0.60%",-300,0.6,0
2025-11-04,2025-05-20,"0.85%",-275,0.85,0
2025-11-04,2025-05-20,"1.10%",-250,1.1,0
2025-11-04,2025-05-20,"1.35%",-225,1.35,0
2025-11-04,2025-05-20,"1.60%",-200,1.6,0
2025-11-04,2025-05-20,"1.85%",-175,1.85,0
2025-11-04,2025-05-20,"2.10%",-150,2.1,0
2025-11-04,2025-05-20,"2.35%",-125,2.35,0
2025-11-04,2025-05-20,"2.60%",-100,2.6,0
2025-11-04,2025-05-20,"2.85%",-75,2.85,0.102229046777482
2025-11-04,2025-05-20,"3.10%",-50,3.1,0.393568547625118
2025-11-04,2025-05-20,"3.35%",-25,3.35,0.398250285314799
2025-11-04,2025-05-20,"3.60%",0,3.6,0.105952120282601
2025-11-04,2025-05-20,"3.85%",25,3.85,0
2025-11-04,2025-05-20,"4.10%",50,4.1,0
2025-11-04,2025-05-20,"4.35%",75,4.35,0
2025-11-04,2025-05-20,"4.60%",100,4.6,0
2025-11-04,2025-05-20,"4.85%",125,4.85,0
2025-11-04,2025-05-20,"5.10%",150,5.1,0
2025-11-04,2025-05-20,"5.35%",175,5.35,0
2025-11-04,2025-05-20,"5.60%",200,5.6,0
2025-11-04,2025-05-20,"5.85%",225,5.85,0
2025-11-04,2025-05-20,"6.10%",250,6.1,0
2025-11-04,2025-05-21,"0.10%",-300,0.1,0
2025-11-04,2025-05-21,"0.35%",-300,0.35,0
2025-11-04,2025-05-21,"0.60%",-300,0.6,0
2025-11-04,2025-05-21,"0.85%",-275,0.85,0
2025-11-04,2025-05-21,"1.10%",-250,1.1,0
2025-11-04,2025-05-21,"1.35%",-225,1.35,0
2025-11-04,2025-05-21,"1.60%",-200,1.6,0
2025-11-04,2025-05-21,"1.85%",-175,1.85,0
2025-11-04,2025-05-21,"2.10%",-150,2.1,0
2025-11-04,2025-05-21,"2.35%",-125,2.35,0
2025-11-04,2025-05-21,"2.60%",-100,2.6,0
2025-11-04,2025-05-21,"2.85%",-75,2.85,0.111724481454896
2025-11-04,2025-05-21,"3.10%",-50,3.1,0.439776913622991
2025-11-04,2025-05-21,"3.35%",-25,3.35,0.377971028701616
2025-11-04,2025-05-21,"3.60%",0,3.6,0.0705275762204971
2025-11-04,2025-05-21,"3.85%",25,3.85,0
2025-11-04,2025-05-21,"4.10%",50,4.1,0
2025-11-04,2025-05-21,"4.35%",75,4.35,0
2025-11-04,2025-05-21,"4.60%",100,4.6,0
2025-11-04,2025-05-21,"4.85%",125,4.85,0
2025-11-04,2025-05-21,"5.10%",150,5.1,0
2025-11-04,2025-05-21,"5.35%",175,5.35,0
2025-11-04,2025-05-21,"5.60%",200,5.6,0
2025-11-04,2025-05-21,"5.85%",225,5.85,0
2025-11-04,2025-05-21,"6.10%",250,6.1,0
2025-11-04,2025-05-22,"0.10%",-300,0.1,0
2025-11-04,2025-05-22,"0.35%",-300,0.35,0
2025-11-04,2025-05-22,"0.60%",-300,0.6,0
2025-11-04,2025-05-22,"0.85%",-275,0.85,0
2025-11-04,2025-05-22,"1.10%",-250,1.1,0
2025-11-04,2025-05-22,"1.35%",-225,1.35,0
2025-11-04,2025-05-22,"1.60%",-200,1.6,0
2025-11-04,2025-05-22,"1.85%",-175,1.85,0
2025-11-04,2025-05-22,"2.10%",-150,2.1,0
2025-11-04,2025-05-22,"2.35%",-125,2.35,0
2025-11-04,2025-05-22,"2.60%",-100,2.6,0
2025-11-04,2025-05-22,"2.85%",-75,2.85,0.118393764770499
2025-11-04,2025-05-22,"3.10%",-50,3.1,0.466112024390158
2025-11-04,2025-05-22,"3.35%",-25,3.35,0.361092813097166
2025-11-04,2025-05-22,"3.60%",0,3.6,0.0544013977421764
2025-11-04,2025-05-22,"3.85%",25,3.85,0
2025-11-04,2025-05-22,"4.10%",50,4.1,0
2025-11-04,2025-05-22,"4.35%",75,4.35,0
2025-11-04,2025-05-22,"4.60%",100,4.6,0
2025-11-04,2025-05-22,"4.85%",125,4.85,0
2025-11-04,2025-05-22,"5.10%",150,5.1,0
2025-11-04,2025-05-22,"5.35%",175,5.35,0
2025-11-04,2025-05-22,"5.60%",200,5.6,0
2025-11-04,2025-05-22,"5.85%",225,5.85,0
2025-11-04,2025-05-22,"6.10%",250,6.1,0
2025-11-04,2025-05-23,"0.10%",-300,0.1,0
2025-11-04,2025-05-23,"0.35%",-300,0.35,0
2025-11-04,2025-05-23,"0.60%",-300,0.6,0
2025-11-04,2025-05-23,"0.85%",-275,0.85,0
2025-11-04,2025-05-23,"1.10%",-250,1.1,0
2025-11-04,2025-05-23,"1.35%",-225,1.35,0
2025-11-04,2025-05-23,"1.60%",-200,1.6,0
2025-11-04,2025-05-23,"1.85%",-175,1.85,0
2025-11-04,2025-05-23,"2.10%",-150,2.1,0
2025-11-04,2025-05-23,"2.35%",-125,2.35,0
2025-11-04,2025-05-23,"2.60%",-100,2.6,0
2025-11-04,2025-05-23,"2.85%",-75,2.85,0.0327857304472593
2025-11-04,2025-05-23,"3.10%",-50,3.1,0.591697430143199
2025-11-04,2025-05-23,"3.35%",-25,3.35,0.375516839409542
2025-11-04,2025-05-23,"3.60%",0,3.6,0
2025-11-04,2025-05-23,"3.85%",25,3.85,0
2025-11-04,2025-05-23,"4.10%",50,4.1,0
2025-11-04,2025-05-23,"4.35%",75,4.35,0
2025-11-04,2025-05-23,"4.60%",100,4.6,0
2025-11-04,2025-05-23,"4.85%",125,4.85,0
2025-11-04,2025-05-23,"5.10%",150,5.1,0
2025-11-04,2025-05-23,"5.35%",175,5.35,0
2025-11-04,2025-05-23,"5.60%",200,5.6,0
2025-11-04,2025-05-23,"5.85%",225,5.85,0
2025-11-04,2025-05-23,"6.10%",250,6.1,0
2025-11-04,2025-05-25,"0.10%",-300,0.1,0
2025-11-04,2025-05-25,"0.35%",-300,0.35,0
2025-11-04,2025-05-25,"0.60%",-300,0.6,0
2025-11-04,2025-05-25,"0.85%",-275,0.85,0
2025-11-04,2025-05-25,"1.10%",-250,1.1,0
2025-11-04,2025-05-25,"1.35%",-225,1.35,0
2025-11-04,2025-05-25,"1.60%",-200,1.6,0
2025-11-04,2025-05-25,"1.85%",-175,1.85,0
2025-11-04,2025-05-25,"2.10%",-150,2.1,0
2025-11-04,2025-05-25,"2.35%",-125,2.35,0
2025-11-04,2025-05-25,"2.60%",-100,2.6,0
2025-11-04,2025-05-25,"2.85%",-75,2.85,0.0277332669546497
2025-11-04,2025-05-25,"3.10%",-50,3.1,0.520890156212498
2025-11-04,2025-05-25,"3.35%",-25,3.35,0.435965701055797
2025-11-04,2025-05-25,"3.60%",0,3.6,0.0154108757770552
2025-11-04,2025-05-25,"3.85%",25,3.85,0
2025-11-04,2025-05-25,"4.10%",50,4.1,0
2025-11-04,2025-05-25,"4.35%",75,4.35,0
2025-11-04,2025-05-25,"4.60%",100,4.6,0
2025-11-04,2025-05-25,"4.85%",125,4.85,0
2025-11-04,2025-05-25,"5.10%",150,5.1,0
2025-11-04,2025-05-25,"5.35%",175,5.35,0
2025-11-04,2025-05-25,"5.60%",200,5.6,0
2025-11-04,2025-05-25,"5.85%",225,5.85,0
2025-11-04,2025-05-25,"6.10%",250,6.1,0
2025-11-04,2025-05-26,"0.10%",-300,0.1,0
2025-11-04,2025-05-26,"0.35%",-300,0.35,0
2025-11-04,2025-05-26,"0.60%",-300,0.6,0
2025-11-04,2025-05-26,"0.85%",-275,0.85,0
2025-11-04,2025-05-26,"1.10%",-250,1.1,0
2025-11-04,2025-05-26,"1.35%",-225,1.35,0
2025-11-04,2025-05-26,"1.60%",-200,1.6,0
2025-11-04,2025-05-26,"1.85%",-175,1.85,0
2025-11-04,2025-05-26,"2.10%",-150,2.1,0
2025-11-04,2025-05-26,"2.35%",-125,2.35,0
2025-11-04,2025-05-26,"2.60%",-100,2.6,0
2025-11-04,2025-05-26,"2.85%",-75,2.85,0.0309928696256397
2025-11-04,2025-05-26,"3.10%",-50,3.1,0.516386414664977
2025-11-04,2025-05-26,"3.35%",-25,3.35,0.434940900546774
2025-11-04,2025-05-26,"3.60%",0,3.6,0.0176798151626092
2025-11-04,2025-05-26,"3.85%",25,3.85,0
2025-11-04,2025-05-26,"4.10%",50,4.1,0
2025-11-04,2025-05-26,"4.35%",75,4.35,0
2025-11-04,2025-05-26,"4.60%",100,4.6,0
2025-11-04,2025-05-26,"4.85%",125,4.85,0
2025-11-04,2025-05-26,"5.10%",150,5.1,0
2025-11-04,2025-05-26,"5.35%",175,5.35,0
2025-11-04,2025-05-26,"5.60%",200,5.6,0
2025-11-04,2025-05-26,"5.85%",225,5.85,0
2025-11-04,2025-05-26,"6.10%",250,6.1,0
2025-11-04,2025-05-27,"0.10%",-300,0.1,0
2025-11-04,2025-05-27,"0.35%",-300,0.35,0
2025-11-04,2025-05-27,"0.60%",-300,0.6,0
2025-11-04,2025-05-27,"0.85%",-275,0.85,0
2025-11-04,2025-05-27,"1.10%",-250,1.1,0
2025-11-04,2025-05-27,"1.35%",-225,1.35,0
2025-11-04,2025-05-27,"1.60%",-200,1.6,0
2025-11-04,2025-05-27,"1.85%",-175,1.85,0
2025-11-04,2025-05-27,"2.10%",-150,2.1,0
2025-11-04,2025-05-27,"2.35%",-125,2.35,0
2025-11-04,2025-05-27,"2.60%",-100,2.6,0
2025-11-04,2025-05-27,"2.85%",-75,2.85,0.104751993130621
2025-11-04,2025-05-27,"3.10%",-50,3.1,0.425784819278568
2025-11-04,2025-05-27,"3.35%",-25,3.35,0.389515690759583
2025-11-04,2025-05-27,"3.60%",0,3.6,0.0799474968312291
2025-11-04,2025-05-27,"3.85%",25,3.85,0
2025-11-04,2025-05-27,"4.10%",50,4.1,0
2025-11-04,2025-05-27,"4.35%",75,4.35,0
2025-11-04,2025-05-27,"4.60%",100,4.6,0
2025-11-04,2025-05-27,"4.85%",125,4.85,0
2025-11-04,2025-05-27,"5.10%",150,5.1,0
2025-11-04,2025-05-27,"5.35%",175,5.35,0
2025-11-04,2025-05-27,"5.60%",200,5.6,0
2025-11-04,2025-05-27,"5.85%",225,5.85,0
2025-11-04,2025-05-27,"6.10%",250,6.1,0
2025-11-04,2025-05-28,"0.10%",-300,0.1,0
2025-11-04,2025-05-28,"0.35%",-300,0.35,0
2025-11-04,2025-05-28,"0.60%",-300,0.6,0
2025-11-04,2025-05-28,"0.85%",-275,0.85,0
2025-11-04,2025-05-28,"1.10%",-250,1.1,0
2025-11-04,2025-05-28,"1.35%",-225,1.35,0
2025-11-04,2025-05-28,"1.60%",-200,1.6,0
2025-11-04,2025-05-28,"1.85%",-175,1.85,0
2025-11-04,2025-05-28,"2.10%",-150,2.1,0
2025-11-04,2025-05-28,"2.35%",-125,2.35,0
2025-11-04,2025-05-28,"2.60%",-100,2.6,0
2025-11-04,2025-05-28,"2.85%",-75,2.85,0.0251139270531217
2025-11-04,2025-05-28,"3.10%",-50,3.1,0.558229472849924
2025-11-04,2025-05-28,"3.35%",-25,3.35,0.416656600096955
2025-11-04,2025-05-28,"3.60%",0,3.6,0
2025-11-04,2025-05-28,"3.85%",25,3.85,0
2025-11-04,2025-05-28,"4.10%",50,4.1,0
2025-11-04,2025-05-28,"4.35%",75,4.35,0
2025-11-04,2025-05-28,"4.60%",100,4.6,0
2025-11-04,2025-05-28,"4.85%",125,4.85,0
2025-11-04,2025-05-28,"5.10%",150,5.1,0
2025-11-04,2025-05-28,"5.35%",175,5.35,0
2025-11-04,2025-05-28,"5.60%",200,5.6,0
2025-11-04,2025-05-28,"5.85%",225,5.85,0
2025-11-04,2025-05-28,"6.10%",250,6.1,0
2025-11-04,2025-05-29,"0.10%",-300,0.1,0
2025-11-04,2025-05-29,"0.35%",-300,0.35,0
2025-11-04,2025-05-29,"0.60%",-300,0.6,0
2025-11-04,2025-05-29,"0.85%",-275,0.85,0
2025-11-04,2025-05-29,"1.10%",-250,1.1,0
2025-11-04,2025-05-29,"1.35%",-225,1.35,0
2025-11-04,2025-05-29,"1.60%",-200,1.6,0
2025-11-04,2025-05-29,"1.85%",-175,1.85,0
2025-11-04,2025-05-29,"2.10%",-150,2.1,0
2025-11-04,2025-05-29,"2.35%",-125,2.35,0
2025-11-04,2025-05-29,"2.60%",-100,2.6,0
2025-11-04,2025-05-29,"2.85%",-75,2.85,0.0694015365401667
2025-11-04,2025-05-29,"3.10%",-50,3.1,0.629371398988195
2025-11-04,2025-05-29,"3.35%",-25,3.35,0.301227064471639
2025-11-04,2025-05-29,"3.60%",0,3.6,0
2025-11-04,2025-05-29,"3.85%",25,3.85,0
2025-11-04,2025-05-29,"4.10%",50,4.1,0
2025-11-04,2025-05-29,"4.35%",75,4.35,0
2025-11-04,2025-05-29,"4.60%",100,4.6,0
2025-11-04,2025-05-29,"4.85%",125,4.85,0
2025-11-04,2025-05-29,"5.10%",150,5.1,0
2025-11-04,2025-05-29,"5.35%",175,5.35,0
2025-11-04,2025-05-29,"5.60%",200,5.6,0
2025-11-04,2025-05-29,"5.85%",225,5.85,0
2025-11-04,2025-05-29,"6.10%",250,6.1,0
2025-11-04,2025-06-01,"0.10%",-300,0.1,0
2025-11-04,2025-06-01,"0.35%",-300,0.35,0
2025-11-04,2025-06-01,"0.60%",-300,0.6,0
2025-11-04,2025-06-01,"0.85%",-275,0.85,0
2025-11-04,2025-06-01,"1.10%",-250,1.1,0
2025-11-04,2025-06-01,"1.35%",-225,1.35,0
2025-11-04,2025-06-01,"1.60%",-200,1.6,0
2025-11-04,2025-06-01,"1.85%",-175,1.85,0
2025-11-04,2025-06-01,"2.10%",-150,2.1,0
2025-11-04,2025-06-01,"2.35%",-125,2.35,0
2025-11-04,2025-06-01,"2.60%",-100,2.6,0
2025-11-04,2025-06-01,"2.85%",-75,2.85,0.134186999505255
2025-11-04,2025-06-01,"3.10%",-50,3.1,0.506114071113405
2025-11-04,2025-06-01,"3.35%",-25,3.35,0.325070068511908
2025-11-04,2025-06-01,"3.60%",0,3.6,0.0346288608694332
2025-11-04,2025-06-01,"3.85%",25,3.85,0
2025-11-04,2025-06-01,"4.10%",50,4.1,0
2025-11-04,2025-06-01,"4.35%",75,4.35,0
2025-11-04,2025-06-01,"4.60%",100,4.6,0
2025-11-04,2025-06-01,"4.85%",125,4.85,0
2025-11-04,2025-06-01,"5.10%",150,5.1,0
2025-11-04,2025-06-01,"5.35%",175,5.35,0
2025-11-04,2025-06-01,"5.60%",200,5.6,0
2025-11-04,2025-06-01,"5.85%",225,5.85,0
2025-11-04,2025-06-01,"6.10%",250,6.1,0
2025-11-04,2025-06-02,"0.10%",-300,0.1,0
2025-11-04,2025-06-02,"0.35%",-300,0.35,0
2025-11-04,2025-06-02,"0.60%",-300,0.6,0
2025-11-04,2025-06-02,"0.85%",-275,0.85,0
2025-11-04,2025-06-02,"1.10%",-250,1.1,0
2025-11-04,2025-06-02,"1.35%",-225,1.35,0
2025-11-04,2025-06-02,"1.60%",-200,1.6,0
2025-11-04,2025-06-02,"1.85%",-175,1.85,0
2025-11-04,2025-06-02,"2.10%",-150,2.1,0
2025-11-04,2025-06-02,"2.35%",-125,2.35,0
2025-11-04,2025-06-02,"2.60%",-100,2.6,0
2025-11-04,2025-06-02,"2.85%",-75,2.85,0.179760368437347
2025-11-04,2025-06-02,"3.10%",-50,3.1,0.527370406262617
2025-11-04,2025-06-02,"3.35%",-25,3.35,0.269713197422964
2025-11-04,2025-06-02,"3.60%",0,3.6,0.023156027877072
2025-11-04,2025-06-02,"3.85%",25,3.85,0
2025-11-04,2025-06-02,"4.10%",50,4.1,0
2025-11-04,2025-06-02,"4.35%",75,4.35,0
2025-11-04,2025-06-02,"4.60%",100,4.6,0
2025-11-04,2025-06-02,"4.85%",125,4.85,0
2025-11-04,2025-06-02,"5.10%",150,5.1,0
2025-11-04,2025-06-02,"5.35%",175,5.35,0
2025-11-04,2025-06-02,"5.60%",200,5.6,0
2025-11-04,2025-06-02,"5.85%",225,5.85,0
2025-11-04,2025-06-02,"6.10%",250,6.1,0
2025-11-04,2025-06-03,"0.10%",-300,0.1,0
2025-11-04,2025-06-03,"0.35%",-300,0.35,0
2025-11-04,2025-06-03,"0.60%",-300,0.6,0
2025-11-04,2025-06-03,"0.85%",-275,0.85,0
2025-11-04,2025-06-03,"1.10%",-250,1.1,0
2025-11-04,2025-06-03,"1.35%",-225,1.35,0
2025-11-04,2025-06-03,"1.60%",-200,1.6,0
2025-11-04,2025-06-03,"1.85%",-175,1.85,0
2025-11-04,2025-06-03,"2.10%",-150,2.1,0
2025-11-04,2025-06-03,"2.35%",-125,2.35,0
2025-11-04,2025-06-03,"2.60%",-100,2.6,0
2025-11-04,2025-06-03,"2.85%",-75,2.85,0.189238035237663
2025-11-04,2025-06-03,"3.10%",-50,3.1,0.55999651064873
2025-11-04,2025-06-03,"3.35%",-25,3.35,0.237286614571707
2025-11-04,2025-06-03,"3.60%",0,3.6,0.0134788395419003
2025-11-04,2025-06-03,"3.85%",25,3.85,0
2025-11-04,2025-06-03,"4.10%",50,4.1,0
2025-11-04,2025-06-03,"4.35%",75,4.35,0
2025-11-04,2025-06-03,"4.60%",100,4.6,0
2025-11-04,2025-06-03,"4.85%",125,4.85,0
2025-11-04,2025-06-03,"5.10%",150,5.1,0
2025-11-04,2025-06-03,"5.35%",175,5.35,0
2025-11-04,2025-06-03,"5.60%",200,5.6,0
2025-11-04,2025-06-03,"5.85%",225,5.85,0
2025-11-04,2025-06-03,"6.10%",250,6.1,0
2025-11-04,2025-06-04,"0.10%",-300,0.1,0
2025-11-04,2025-06-04,"0.35%",-300,0.35,0
2025-11-04,2025-06-04,"0.60%",-300,0.6,0
2025-11-04,2025-06-04,"0.85%",-275,0.85,0
2025-11-04,2025-06-04,"1.10%",-250,1.1,0
2025-11-04,2025-06-04,"1.35%",-225,1.35,0
2025-11-04,2025-06-04,"1.60%",-200,1.6,0
2025-11-04,2025-06-04,"1.85%",-175,1.85,0
2025-11-04,2025-06-04,"2.10%",-150,2.1,0
2025-11-04,2025-06-04,"2.35%",-125,2.35,0
2025-11-04,2025-06-04,"2.60%",-100,2.6,0
2025-11-04,2025-06-04,"2.85%",-75,2.85,0.226946199961579
2025-11-04,2025-06-04,"3.10%",-50,3.1,0.588900318435307
2025-11-04,2025-06-04,"3.35%",-25,3.35,0.184153481603113
2025-11-04,2025-06-04,"3.60%",0,3.6,0
2025-11-04,2025-06-04,"3.85%",25,3.85,0
2025-11-04,2025-06-04,"4.10%",50,4.1,0
2025-11-04,2025-06-04,"4.35%",75,4.35,0
2025-11-04,2025-06-04,"4.60%",100,4.6,0
2025-11-04,2025-06-04,"4.85%",125,4.85,0
2025-11-04,2025-06-04,"5.10%",150,5.1,0
2025-11-04,2025-06-04,"5.35%",175,5.35,0
2025-11-04,2025-06-04,"5.60%",200,5.6,0
2025-11-04,2025-06-04,"5.85%",225,5.85,0
2025-11-04,2025-06-04,"6.10%",250,6.1,0
2025-11-04,2025-06-05,"0.10%",-300,0.1,0
2025-11-04,2025-06-05,"0.35%",-300,0.35,0
2025-11-04,2025-06-05,"0.60%",-300,0.6,0
2025-11-04,2025-06-05,"0.85%",-275,0.85,0
2025-11-04,2025-06-05,"1.10%",-250,1.1,0
2025-11-04,2025-06-05,"1.35%",-225,1.35,0
2025-11-04,2025-06-05,"1.60%",-200,1.6,0
2025-11-04,2025-06-05,"1.85%",-175,1.85,0
2025-11-04,2025-06-05,"2.10%",-150,2.1,0
2025-11-04,2025-06-05,"2.35%",-125,2.35,0
2025-11-04,2025-06-05,"2.60%",-100,2.6,0
2025-11-04,2025-06-05,"2.85%",-75,2.85,0.174345858488003
2025-11-04,2025-06-05,"3.10%",-50,3.1,0.596175130385151
2025-11-04,2025-06-05,"3.35%",-25,3.35,0.229479011126846
2025-11-04,2025-06-05,"3.60%",0,3.6,0
2025-11-04,2025-06-05,"3.85%",25,3.85,0
2025-11-04,2025-06-05,"4.10%",50,4.1,0
2025-11-04,2025-06-05,"4.35%",75,4.35,0
2025-11-04,2025-06-05,"4.60%",100,4.6,0
2025-11-04,2025-06-05,"4.85%",125,4.85,0
2025-11-04,2025-06-05,"5.10%",150,5.1,0
2025-11-04,2025-06-05,"5.35%",175,5.35,0
2025-11-04,2025-06-05,"5.60%",200,5.6,0
2025-11-04,2025-06-05,"5.85%",225,5.85,0
2025-11-04,2025-06-05,"6.10%",250,6.1,0
2025-11-04,2025-06-08,"0.10%",-300,0.1,0
2025-11-04,2025-06-08,"0.35%",-300,0.35,0
2025-11-04,2025-06-08,"0.60%",-300,0.6,0
2025-11-04,2025-06-08,"0.85%",-275,0.85,0
2025-11-04,2025-06-08,"1.10%",-250,1.1,0
2025-11-04,2025-06-08,"1.35%",-225,1.35,0
2025-11-04,2025-06-08,"1.60%",-200,1.6,0
2025-11-04,2025-06-08,"1.85%",-175,1.85,0
2025-11-04,2025-06-08,"2.10%",-150,2.1,0
2025-11-04,2025-06-08,"2.35%",-125,2.35,0
2025-11-04,2025-06-08,"2.60%",-100,2.6,0
2025-11-04,2025-06-08,"2.85%",-75,2.85,0.11777257257666
2025-11-04,2025-06-08,"3.10%",-50,3.1,0.606154725996993
2025-11-04,2025-06-08,"3.35%",-25,3.35,0.276072701426347
2025-11-04,2025-06-08,"3.60%",0,3.6,0
2025-11-04,2025-06-08,"3.85%",25,3.85,0
2025-11-04,2025-06-08,"4.10%",50,4.1,0
2025-11-04,2025-06-08,"4.35%",75,4.35,0
2025-11-04,2025-06-08,"4.60%",100,4.6,0
2025-11-04,2025-06-08,"4.85%",125,4.85,0
2025-11-04,2025-06-08,"5.10%",150,5.1,0
2025-11-04,2025-06-08,"5.35%",175,5.35,0
2025-11-04,2025-06-08,"5.60%",200,5.6,0
2025-11-04,2025-06-08,"5.85%",225,5.85,0
2025-11-04,2025-06-08,"6.10%",250,6.1,0
2025-11-04,2025-06-09,"0.10%",-300,0.1,0
2025-11-04,2025-06-09,"0.35%",-300,0.35,0
2025-11-04,2025-06-09,"0.60%",-300,0.6,0
2025-11-04,2025-06-09,"0.85%",-275,0.85,0
2025-11-04,2025-06-09,"1.10%",-250,1.1,0
2025-11-04,2025-06-09,"1.35%",-225,1.35,0
2025-11-04,2025-06-09,"1.60%",-200,1.6,0
2025-11-04,2025-06-09,"1.85%",-175,1.85,0
2025-11-04,2025-06-09,"2.10%",-150,2.1,0
2025-11-04,2025-06-09,"2.35%",-125,2.35,0
2025-11-04,2025-06-09,"2.60%",-100,2.6,0
2025-11-04,2025-06-09,"2.85%",-75,2.85,0.0644205071202576
2025-11-04,2025-06-09,"3.10%",-50,3.1,0.534578760168497
2025-11-04,2025-06-09,"3.35%",-25,3.35,0.379230134447121
2025-11-04,2025-06-09,"3.60%",0,3.6,0.0217705982641247
2025-11-04,2025-06-09,"3.85%",25,3.85,0
2025-11-04,2025-06-09,"4.10%",50,4.1,0
2025-11-04,2025-06-09,"4.35%",75,4.35,0
2025-11-04,2025-06-09,"4.60%",100,4.6,0
2025-11-04,2025-06-09,"4.85%",125,4.85,0
2025-11-04,2025-06-09,"5.10%",150,5.1,0
2025-11-04,2025-06-09,"5.35%",175,5.35,0
2025-11-04,2025-06-09,"5.60%",200,5.6,0
2025-11-04,2025-06-09,"5.85%",225,5.85,0
2025-11-04,2025-06-09,"6.10%",250,6.1,0
2025-11-04,2025-06-10,"0.10%",-300,0.1,0
2025-11-04,2025-06-10,"0.35%",-300,0.35,0
2025-11-04,2025-06-10,"0.60%",-300,0.6,0
2025-11-04,2025-06-10,"0.85%",-275,0.85,0
2025-11-04,2025-06-10,"1.10%",-250,1.1,0
2025-11-04,2025-06-10,"1.35%",-225,1.35,0
2025-11-04,2025-06-10,"1.60%",-200,1.6,0
2025-11-04,2025-06-10,"1.85%",-175,1.85,0
2025-11-04,2025-06-10,"2.10%",-150,2.1,0
2025-11-04,2025-06-10,"2.35%",-125,2.35,0
2025-11-04,2025-06-10,"2.60%",-100,2.6,0
2025-11-04,2025-06-10,"2.85%",-75,2.85,0.0672612594613801
2025-11-04,2025-06-10,"3.10%",-50,3.1,0.533766625087806
2025-11-04,2025-06-10,"3.35%",-25,3.35,0.376576901220398
2025-11-04,2025-06-10,"3.60%",0,3.6,0.0223952142304164
2025-11-04,2025-06-10,"3.85%",25,3.85,0
2025-11-04,2025-06-10,"4.10%",50,4.1,0
2025-11-04,2025-06-10,"4.35%",75,4.35,0
2025-11-04,2025-06-10,"4.60%",100,4.6,0
2025-11-04,2025-06-10,"4.85%",125,4.85,0
2025-11-04,2025-06-10,"5.10%",150,5.1,0
2025-11-04,2025-06-10,"5.35%",175,5.35,0
2025-11-04,2025-06-10,"5.60%",200,5.6,0
2025-11-04,2025-06-10,"5.85%",225,5.85,0
2025-11-04,2025-06-10,"6.10%",250,6.1,0
2025-11-04,2025-06-11,"0.10%",-300,0.1,0
2025-11-04,2025-06-11,"0.35%",-300,0.35,0
2025-11-04,2025-06-11,"0.60%",-300,0.6,0
2025-11-04,2025-06-11,"0.85%",-275,0.85,0
2025-11-04,2025-06-11,"1.10%",-250,1.1,0
2025-11-04,2025-06-11,"1.35%",-225,1.35,0
2025-11-04,2025-06-11,"1.60%",-200,1.6,0
2025-11-04,2025-06-11,"1.85%",-175,1.85,0
2025-11-04,2025-06-11,"2.10%",-150,2.1,0
2025-11-04,2025-06-11,"2.35%",-125,2.35,0
2025-11-04,2025-06-11,"2.60%",-100,2.6,0
2025-11-04,2025-06-11,"2.85%",-75,2.85,0.0684874888764008
2025-11-04,2025-06-11,"3.10%",-50,3.1,0.524930231682171
2025-11-04,2025-06-11,"3.35%",-25,3.35,0.381458241582388
2025-11-04,2025-06-11,"3.60%",0,3.6,0.0251240378590403
2025-11-04,2025-06-11,"3.85%",25,3.85,0
2025-11-04,2025-06-11,"4.10%",50,4.1,0
2025-11-04,2025-06-11,"4.35%",75,4.35,0
2025-11-04,2025-06-11,"4.60%",100,4.6,0
2025-11-04,2025-06-11,"4.85%",125,4.85,0
2025-11-04,2025-06-11,"5.10%",150,5.1,0
2025-11-04,2025-06-11,"5.35%",175,5.35,0
2025-11-04,2025-06-11,"5.60%",200,5.6,0
2025-11-04,2025-06-11,"5.85%",225,5.85,0
2025-11-04,2025-06-11,"6.10%",250,6.1,0
2025-11-04,2025-06-12,"0.10%",-300,0.1,0
2025-11-04,2025-06-12,"0.35%",-300,0.35,0
2025-11-04,2025-06-12,"0.60%",-300,0.6,0
2025-11-04,2025-06-12,"0.85%",-275,0.85,0
2025-11-04,2025-06-12,"1.10%",-250,1.1,0
2025-11-04,2025-06-12,"1.35%",-225,1.35,0
2025-11-04,2025-06-12,"1.60%",-200,1.6,0
2025-11-04,2025-06-12,"1.85%",-175,1.85,0
2025-11-04,2025-06-12,"2.10%",-150,2.1,0
2025-11-04,2025-06-12,"2.35%",-125,2.35,0
2025-11-04,2025-06-12,"2.60%",-100,2.6,0
2025-11-04,2025-06-12,"2.85%",-75,2.85,0.205156049542613
2025-11-04,2025-06-12,"3.10%",-50,3.1,0.603585643630505
2025-11-04,2025-06-12,"3.35%",-25,3.35,0.191258306826882
2025-11-04,2025-06-12,"3.60%",0,3.6,0
2025-11-04,2025-06-12,"3.85%",25,3.85,0
2025-11-04,2025-06-12,"4.10%",50,4.1,0
2025-11-04,2025-06-12,"4.35%",75,4.35,0
2025-11-04,2025-06-12,"4.60%",100,4.6,0
2025-11-04,2025-06-12,"4.85%",125,4.85,0
2025-11-04,2025-06-12,"5.10%",150,5.1,0
2025-11-04,2025-06-12,"5.35%",175,5.35,0
2025-11-04,2025-06-12,"5.60%",200,5.6,0
2025-11-04,2025-06-12,"5.85%",225,5.85,0
2025-11-04,2025-06-12,"6.10%",250,6.1,0
2025-11-04,2025-06-15,"0.10%",-300,0.1,0
2025-11-04,2025-06-15,"0.35%",-300,0.35,0
2025-11-04,2025-06-15,"0.60%",-300,0.6,0
2025-11-04,2025-06-15,"0.85%",-275,0.85,0
2025-11-04,2025-06-15,"1.10%",-250,1.1,0
2025-11-04,2025-06-15,"1.35%",-225,1.35,0
2025-11-04,2025-06-15,"1.60%",-200,1.6,0
2025-11-04,2025-06-15,"1.85%",-175,1.85,0
2025-11-04,2025-06-15,"2.10%",-150,2.1,0
2025-11-04,2025-06-15,"2.35%",-125,2.35,0
2025-11-04,2025-06-15,"2.60%",-100,2.6,0
2025-11-04,2025-06-15,"2.85%",-75,2.85,0.108569790385583
2025-11-04,2025-06-15,"3.10%",-50,3.1,0.658571295416388
2025-11-04,2025-06-15,"3.35%",-25,3.35,0.232858914198029
2025-11-04,2025-06-15,"3.60%",0,3.6,0
2025-11-04,2025-06-15,"3.85%",25,3.85,0
2025-11-04,2025-06-15,"4.10%",50,4.1,0
2025-11-04,2025-06-15,"4.35%",75,4.35,0
2025-11-04,2025-06-15,"4.60%",100,4.6,0
2025-11-04,2025-06-15,"4.85%",125,4.85,0
2025-11-04,2025-06-15,"5.10%",150,5.1,0
2025-11-04,2025-06-15,"5.35%",175,5.35,0
2025-11-04,2025-06-15,"5.60%",200,5.6,0
2025-11-04,2025-06-15,"5.85%",225,5.85,0
2025-11-04,2025-06-15,"6.10%",250,6.1,0
2025-11-04,2025-06-16,"0.10%",-300,0.1,0
2025-11-04,2025-06-16,"0.35%",-300,0.35,0
2025-11-04,2025-06-16,"0.60%",-300,0.6,0
2025-11-04,2025-06-16,"0.85%",-275,0.85,0
2025-11-04,2025-06-16,"1.10%",-250,1.1,0
2025-11-04,2025-06-16,"1.35%",-225,1.35,0
2025-11-04,2025-06-16,"1.60%",-200,1.6,0
2025-11-04,2025-06-16,"1.85%",-175,1.85,0
2025-11-04,2025-06-16,"2.10%",-150,2.1,0
2025-11-04,2025-06-16,"2.35%",-125,2.35,0
2025-11-04,2025-06-16,"2.60%",-100,2.6,0
2025-11-04,2025-06-16,"2.85%",-75,2.85,0.124089673061593
2025-11-04,2025-06-16,"3.10%",-50,3.1,0.669511529647127
2025-11-04,2025-06-16,"3.35%",-25,3.35,0.20639879729128
2025-11-04,2025-06-16,"3.60%",0,3.6,0
2025-11-04,2025-06-16,"3.85%",25,3.85,0
2025-11-04,2025-06-16,"4.10%",50,4.1,0
2025-11-04,2025-06-16,"4.35%",75,4.35,0
2025-11-04,2025-06-16,"4.60%",100,4.6,0
2025-11-04,2025-06-16,"4.85%",125,4.85,0
2025-11-04,2025-06-16,"5.10%",150,5.1,0
2025-11-04,2025-06-16,"5.35%",175,5.35,0
2025-11-04,2025-06-16,"5.60%",200,5.6,0
2025-11-04,2025-06-16,"5.85%",225,5.85,0
2025-11-04,2025-06-16,"6.10%",250,6.1,0
2025-11-04,2025-06-17,"0.10%",-300,0.1,0
2025-11-04,2025-06-17,"0.35%",-300,0.35,0
2025-11-04,2025-06-17,"0.60%",-300,0.6,0
2025-11-04,2025-06-17,"0.85%",-275,0.85,0
2025-11-04,2025-06-17,"1.10%",-250,1.1,0
2025-11-04,2025-06-17,"1.35%",-225,1.35,0
2025-11-04,2025-06-17,"1.60%",-200,1.6,0
2025-11-04,2025-06-17,"1.85%",-175,1.85,0
2025-11-04,2025-06-17,"2.10%",-150,2.1,0
2025-11-04,2025-06-17,"2.35%",-125,2.35,0
2025-11-04,2025-06-17,"2.60%",-100,2.6,0
2025-11-04,2025-06-17,"2.85%",-75,2.85,0.0657024234341395
2025-11-04,2025-06-17,"3.10%",-50,3.1,0.705516447826777
2025-11-04,2025-06-17,"3.35%",-25,3.35,0.228781128739084
2025-11-04,2025-06-17,"3.60%",0,3.6,0
2025-11-04,2025-06-17,"3.85%",25,3.85,0
2025-11-04,2025-06-17,"4.10%",50,4.1,0
2025-11-04,2025-06-17,"4.35%",75,4.35,0
2025-11-04,2025-06-17,"4.60%",100,4.6,0
2025-11-04,2025-06-17,"4.85%",125,4.85,0
2025-11-04,2025-06-17,"5.10%",150,5.1,0
2025-11-04,2025-06-17,"5.35%",175,5.35,0
2025-11-04,2025-06-17,"5.60%",200,5.6,0
2025-11-04,2025-06-17,"5.85%",225,5.85,0
2025-11-04,2025-06-17,"6.10%",250,6.1,0
2025-11-04,2025-06-18,"0.10%",-300,0.1,0
2025-11-04,2025-06-18,"0.35%",-300,0.35,0
2025-11-04,2025-06-18,"0.60%",-300,0.6,0
2025-11-04,2025-06-18,"0.85%",-275,0.85,0
2025-11-04,2025-06-18,"1.10%",-250,1.1,0
2025-11-04,2025-06-18,"1.35%",-225,1.35,0
2025-11-04,2025-06-18,"1.60%",-200,1.6,0
2025-11-04,2025-06-18,"1.85%",-175,1.85,0
2025-11-04,2025-06-18,"2.10%",-150,2.1,0
2025-11-04,2025-06-18,"2.35%",-125,2.35,0
2025-11-04,2025-06-18,"2.60%",-100,2.6,0
2025-11-04,2025-06-18,"2.85%",-75,2.85,0.0908885335088182
2025-11-04,2025-06-18,"3.10%",-50,3.1,0.655599771208478
2025-11-04,2025-06-18,"3.35%",-25,3.35,0.253511695282704
2025-11-04,2025-06-18,"3.60%",0,3.6,0
2025-11-04,2025-06-18,"3.85%",25,3.85,0
2025-11-04,2025-06-18,"4.10%",50,4.1,0
2025-11-04,2025-06-18,"4.35%",75,4.35,0
2025-11-04,2025-06-18,"4.60%",100,4.6,0
2025-11-04,2025-06-18,"4.85%",125,4.85,0
2025-11-04,2025-06-18,"5.10%",150,5.1,0
2025-11-04,2025-06-18,"5.35%",175,5.35,0
2025-11-04,2025-06-18,"5.60%",200,5.6,0
2025-11-04,2025-06-18,"5.85%",225,5.85,0
2025-11-04,2025-06-18,"6.10%",250,6.1,0
2025-11-04,2025-06-19,"0.10%",-300,0.1,0
2025-11-04,2025-06-19,"0.35%",-300,0.35,0
2025-11-04,2025-06-19,"0.60%",-300,0.6,0
2025-11-04,2025-06-19,"0.85%",-275,0.85,0
2025-11-04,2025-06-19,"1.10%",-250,1.1,0
2025-11-04,2025-06-19,"1.35%",-225,1.35,0
2025-11-04,2025-06-19,"1.60%",-200,1.6,0
2025-11-04,2025-06-19,"1.85%",-175,1.85,0
2025-11-04,2025-06-19,"2.10%",-150,2.1,0
2025-11-04,2025-06-19,"2.35%",-125,2.35,0
2025-11-04,2025-06-19,"2.60%",-100,2.6,0
2025-11-04,2025-06-19,"2.85%",-75,2.85,0.0755587513403543
2025-11-04,2025-06-19,"3.10%",-50,3.1,0.702490497691047
2025-11-04,2025-06-19,"3.35%",-25,3.35,0.221950750968598
2025-11-04,2025-06-19,"3.60%",0,3.6,0
2025-11-04,2025-06-19,"3.85%",25,3.85,0
2025-11-04,2025-06-19,"4.10%",50,4.1,0
2025-11-04,2025-06-19,"4.35%",75,4.35,0
2025-11-04,2025-06-19,"4.60%",100,4.6,0
2025-11-04,2025-06-19,"4.85%",125,4.85,0
2025-11-04,2025-06-19,"5.10%",150,5.1,0
2025-11-04,2025-06-19,"5.35%",175,5.35,0
2025-11-04,2025-06-19,"5.60%",200,5.6,0
2025-11-04,2025-06-19,"5.85%",225,5.85,0
2025-11-04,2025-06-19,"6.10%",250,6.1,0
2025-11-04,2025-06-22,"0.10%",-300,0.1,0
2025-11-04,2025-06-22,"0.35%",-300,0.35,0
2025-11-04,2025-06-22,"0.60%",-300,0.6,0
2025-11-04,2025-06-22,"0.85%",-275,0.85,0
2025-11-04,2025-06-22,"1.10%",-250,1.1,0
2025-11-04,2025-06-22,"1.35%",-225,1.35,0
2025-11-04,2025-06-22,"1.60%",-200,1.6,0
2025-11-04,2025-06-22,"1.85%",-175,1.85,0
2025-11-04,2025-06-22,"2.10%",-150,2.1,0
2025-11-04,2025-06-22,"2.35%",-125,2.35,0
2025-11-04,2025-06-22,"2.60%",-100,2.6,0
2025-11-04,2025-06-22,"2.85%",-75,2.85,0.0542745556279084
2025-11-04,2025-06-22,"3.10%",-50,3.1,0.748855463390787
2025-11-04,2025-06-22,"3.35%",-25,3.35,0.196869980981304
2025-11-04,2025-06-22,"3.60%",0,3.6,0
2025-11-04,2025-06-22,"3.85%",25,3.85,0
2025-11-04,2025-06-22,"4.10%",50,4.1,0
2025-11-04,2025-06-22,"4.35%",75,4.35,0
2025-11-04,2025-06-22,"4.60%",100,4.6,0
2025-11-04,2025-06-22,"4.85%",125,4.85,0
2025-11-04,2025-06-22,"5.10%",150,5.1,0
2025-11-04,2025-06-22,"5.35%",175,5.35,0
2025-11-04,2025-06-22,"5.60%",200,5.6,0
2025-11-04,2025-06-22,"5.85%",225,5.85,0
2025-11-04,2025-06-22,"6.10%",250,6.1,0
2025-11-04,2025-06-23,"0.10%",-300,0.1,0
2025-11-04,2025-06-23,"0.35%",-300,0.35,0
2025-11-04,2025-06-23,"0.60%",-300,0.6,0
2025-11-04,2025-06-23,"0.85%",-275,0.85,0
2025-11-04,2025-06-23,"1.10%",-250,1.1,0
2025-11-04,2025-06-23,"1.35%",-225,1.35,0
2025-11-04,2025-06-23,"1.60%",-200,1.6,0
2025-11-04,2025-06-23,"1.85%",-175,1.85,0
2025-11-04,2025-06-23,"2.10%",-150,2.1,0
2025-11-04,2025-06-23,"2.35%",-125,2.35,0
2025-11-04,2025-06-23,"2.60%",-100,2.6,0
2025-11-04,2025-06-23,"2.85%",-75,2.85,0.0437136962284682
2025-11-04,2025-06-23,"3.10%",-50,3.1,0.774228432981077
2025-11-04,2025-06-23,"3.35%",-25,3.35,0.182057870790455
2025-11-04,2025-06-23,"3.60%",0,3.6,0
2025-11-04,2025-06-23,"3.85%",25,3.85,0
2025-11-04,2025-06-23,"4.10%",50,4.1,0
2025-11-04,2025-06-23,"4.35%",75,4.35,0
2025-11-04,2025-06-23,"4.60%",100,4.6,0
2025-11-04,2025-06-23,"4.85%",125,4.85,0
2025-11-04,2025-06-23,"5.10%",150,5.1,0
2025-11-04,2025-06-23,"5.35%",175,5.35,0
2025-11-04,2025-06-23,"5.60%",200,5.6,0
2025-11-04,2025-06-23,"5.85%",225,5.85,0
2025-11-04,2025-06-23,"6.10%",250,6.1,0
2025-11-04,2025-06-24,"0.10%",-300,0.1,0
2025-11-04,2025-06-24,"0.35%",-300,0.35,0
2025-11-04,2025-06-24,"0.60%",-300,0.6,0
2025-11-04,2025-06-24,"0.85%",-275,0.85,0
2025-11-04,2025-06-24,"1.10%",-250,1.1,0
2025-11-04,2025-06-24,"1.35%",-225,1.35,0
2025-11-04,2025-06-24,"1.60%",-200,1.6,0
2025-11-04,2025-06-24,"1.85%",-175,1.85,0
2025-11-04,2025-06-24,"2.10%",-150,2.1,0
2025-11-04,2025-06-24,"2.35%",-125,2.35,0
2025-11-04,2025-06-24,"2.60%",-100,2.6,0
2025-11-04,2025-06-24,"2.85%",-75,2.85,0.149048586341305
2025-11-04,2025-06-24,"3.10%",-50,3.1,0.712514485126929
2025-11-04,2025-06-24,"3.35%",-25,3.35,0.138436928531765
2025-11-04,2025-06-24,"3.60%",0,3.6,0
2025-11-04,2025-06-24,"3.85%",25,3.85,0
2025-11-04,2025-06-24,"4.10%",50,4.1,0
2025-11-04,2025-06-24,"4.35%",75,4.35,0
2025-11-04,2025-06-24,"4.60%",100,4.6,0
2025-11-04,2025-06-24,"4.85%",125,4.85,0
2025-11-04,2025-06-24,"5.10%",150,5.1,0
2025-11-04,2025-06-24,"5.35%",175,5.35,0
2025-11-04,2025-06-24,"5.60%",200,5.6,0
2025-11-04,2025-06-24,"5.85%",225,5.85,0
2025-11-04,2025-06-24,"6.10%",250,6.1,0
2025-11-04,2025-06-25,"0.10%",-300,0.1,0
2025-11-04,2025-06-25,"0.35%",-300,0.35,0
2025-11-04,2025-06-25,"0.60%",-300,0.6,0
2025-11-04,2025-06-25,"0.85%",-275,0.85,0
2025-11-04,2025-06-25,"1.10%",-250,1.1,0
2025-11-04,2025-06-25,"1.35%",-225,1.35,0
2025-11-04,2025-06-25,"1.60%",-200,1.6,0
2025-11-04,2025-06-25,"1.85%",-175,1.85,0
2025-11-04,2025-06-25,"2.10%",-150,2.1,0
2025-11-04,2025-06-25,"2.35%",-125,2.35,0
2025-11-04,2025-06-25,"2.60%",-100,2.6,0
2025-11-04,2025-06-25,"2.85%",-75,2.85,0.14899842989293
2025-11-04,2025-06-25,"3.10%",-50,3.1,0.670392655635207
2025-11-04,2025-06-25,"3.35%",-25,3.35,0.180608914471863
2025-11-04,2025-06-25,"3.60%",0,3.6,0
2025-11-04,2025-06-25,"3.85%",25,3.85,0
2025-11-04,2025-06-25,"4.10%",50,4.1,0
2025-11-04,2025-06-25,"4.35%",75,4.35,0
2025-11-04,2025-06-25,"4.60%",100,4.6,0
2025-11-04,2025-06-25,"4.85%",125,4.85,0
2025-11-04,2025-06-25,"5.10%",150,5.1,0
2025-11-04,2025-06-25,"5.35%",175,5.35,0
2025-11-04,2025-06-25,"5.60%",200,5.6,0
2025-11-04,2025-06-25,"5.85%",225,5.85,0
2025-11-04,2025-06-25,"6.10%",250,6.1,0
2025-11-04,2025-06-26,"0.10%",-300,0.1,0
2025-11-04,2025-06-26,"0.35%",-300,0.35,0
2025-11-04,2025-06-26,"0.60%",-300,0.6,0
2025-11-04,2025-06-26,"0.85%",-275,0.85,0
2025-11-04,2025-06-26,"1.10%",-250,1.1,0
2025-11-04,2025-06-26,"1.35%",-225,1.35,0
2025-11-04,2025-06-26,"1.60%",-200,1.6,0
2025-11-04,2025-06-26,"1.85%",-175,1.85,0
2025-11-04,2025-06-26,"2.10%",-150,2.1,0
2025-11-04,2025-06-26,"2.35%",-125,2.35,0
2025-11-04,2025-06-26,"2.60%",-100,2.6,0
2025-11-04,2025-06-26,"2.85%",-75,2.85,0.17325367296551
2025-11-04,2025-06-26,"3.10%",-50,3.1,0.626944305490725
2025-11-04,2025-06-26,"3.35%",-25,3.35,0.199802021543765
2025-11-04,2025-06-26,"3.60%",0,3.6,0
2025-11-04,2025-06-26,"3.85%",25,3.85,0
2025-11-04,2025-06-26,"4.10%",50,4.1,0
2025-11-04,2025-06-26,"4.35%",75,4.35,0
2025-11-04,2025-06-26,"4.60%",100,4.6,0
2025-11-04,2025-06-26,"4.85%",125,4.85,0
2025-11-04,2025-06-26,"5.10%",150,5.1,0
2025-11-04,2025-06-26,"5.35%",175,5.35,0
2025-11-04,2025-06-26,"5.60%",200,5.6,0
2025-11-04,2025-06-26,"5.85%",225,5.85,0
2025-11-04,2025-06-26,"6.10%",250,6.1,0
2025-11-04,2025-06-29,"0.10%",-300,0.1,0
2025-11-04,2025-06-29,"0.35%",-300,0.35,0
2025-11-04,2025-06-29,"0.60%",-300,0.6,0
2025-11-04,2025-06-29,"0.85%",-275,0.85,0
2025-11-04,2025-06-29,"1.10%",-250,1.1,0
2025-11-04,2025-06-29,"1.35%",-225,1.35,0
2025-11-04,2025-06-29,"1.60%",-200,1.6,0
2025-11-04,2025-06-29,"1.85%",-175,1.85,0
2025-11-04,2025-06-29,"2.10%",-150,2.1,0
2025-11-04,2025-06-29,"2.35%",-125,2.35,0
2025-11-04,2025-06-29,"2.60%",-100,2.6,0.0120068888709641
2025-11-04,2025-06-29,"2.85%",-75,2.85,0.193732654561017
2025-11-04,2025-06-29,"3.10%",-50,3.1,0.523847365111084
2025-11-04,2025-06-29,"3.35%",-25,3.35,0.250151591149215
2025-11-04,2025-06-29,"3.60%",0,3.6,0.0202615003077192
2025-11-04,2025-06-29,"3.85%",25,3.85,0
2025-11-04,2025-06-29,"4.10%",50,4.1,0
2025-11-04,2025-06-29,"4.35%",75,4.35,0
2025-11-04,2025-06-29,"4.60%",100,4.6,0
2025-11-04,2025-06-29,"4.85%",125,4.85,0
2025-11-04,2025-06-29,"5.10%",150,5.1,0
2025-11-04,2025-06-29,"5.35%",175,5.35,0
2025-11-04,2025-06-29,"5.60%",200,5.6,0
2025-11-04,2025-06-29,"5.85%",225,5.85,0
2025-11-04,2025-06-29,"6.10%",250,6.1,0
2025-11-04,2025-06-30,"0.10%",-300,0.1,0
2025-11-04,2025-06-30,"0.35%",-300,0.35,0
2025-11-04,2025-06-30,"0.60%",-300,0.6,0
2025-11-04,2025-06-30,"0.85%",-275,0.85,0
2025-11-04,2025-06-30,"1.10%",-250,1.1,0
2025-11-04,2025-06-30,"1.35%",-225,1.35,0
2025-11-04,2025-06-30,"1.60%",-200,1.6,0
2025-11-04,2025-06-30,"1.85%",-175,1.85,0
2025-11-04,2025-06-30,"2.10%",-150,2.1,0
2025-11-04,2025-06-30,"2.35%",-125,2.35,0
2025-11-04,2025-06-30,"2.60%",-100,2.6,0.02111247720804
2025-11-04,2025-06-30,"2.85%",-75,2.85,0.210365224798612
2025-11-04,2025-06-30,"3.10%",-50,3.1,0.479839781136396
2025-11-04,2025-06-30,"3.35%",-25,3.35,0.2569934907726
2025-11-04,2025-06-30,"3.60%",0,3.6,0.031689026084353
2025-11-04,2025-06-30,"3.85%",25,3.85,0
2025-11-04,2025-06-30,"4.10%",50,4.1,0
2025-11-04,2025-06-30,"4.35%",75,4.35,0
2025-11-04,2025-06-30,"4.60%",100,4.6,0
2025-11-04,2025-06-30,"4.85%",125,4.85,0
2025-11-04,2025-06-30,"5.10%",150,5.1,0
2025-11-04,2025-06-30,"5.35%",175,5.35,0
2025-11-04,2025-06-30,"5.60%",200,5.6,0
2025-11-04,2025-06-30,"5.85%",225,5.85,0
2025-11-04,2025-06-30,"6.10%",250,6.1,0
2025-11-04,2025-07-01,"0.10%",-300,0.1,0
2025-11-04,2025-07-01,"0.35%",-300,0.35,0
2025-11-04,2025-07-01,"0.60%",-300,0.6,0
2025-11-04,2025-07-01,"0.85%",-275,0.85,0
2025-11-04,2025-07-01,"1.10%",-250,1.1,0
2025-11-04,2025-07-01,"1.35%",-225,1.35,0
2025-11-04,2025-07-01,"1.60%",-200,1.6,0
2025-11-04,2025-07-01,"1.85%",-175,1.85,0
2025-11-04,2025-07-01,"2.10%",-150,2.1,0
2025-11-04,2025-07-01,"2.35%",-125,2.35,0
2025-11-04,2025-07-01,"2.60%",-100,2.6,0
2025-11-04,2025-07-01,"2.85%",-75,2.85,0.173445496646585
2025-11-04,2025-07-01,"3.10%",-50,3.1,0.564510790585478
2025-11-04,2025-07-01,"3.35%",-25,3.35,0.248276588981772
2025-11-04,2025-07-01,"3.60%",0,3.6,0.0137671237861647
2025-11-04,2025-07-01,"3.85%",25,3.85,0
2025-11-04,2025-07-01,"4.10%",50,4.1,0
2025-11-04,2025-07-01,"4.35%",75,4.35,0
2025-11-04,2025-07-01,"4.60%",100,4.6,0
2025-11-04,2025-07-01,"4.85%",125,4.85,0
2025-11-04,2025-07-01,"5.10%",150,5.1,0
2025-11-04,2025-07-01,"5.35%",175,5.35,0
2025-11-04,2025-07-01,"5.60%",200,5.6,0
2025-11-04,2025-07-01,"5.85%",225,5.85,0
2025-11-04,2025-07-01,"6.10%",250,6.1,0
2025-11-04,2025-07-02,"0.10%",-300,0.1,0
2025-11-04,2025-07-02,"0.35%",-300,0.35,0
2025-11-04,2025-07-02,"0.60%",-300,0.6,0
2025-11-04,2025-07-02,"0.85%",-275,0.85,0
2025-11-04,2025-07-02,"1.10%",-250,1.1,0
2025-11-04,2025-07-02,"1.35%",-225,1.35,0
2025-11-04,2025-07-02,"1.60%",-200,1.6,0
2025-11-04,2025-07-02,"1.85%",-175,1.85,0
2025-11-04,2025-07-02,"2.10%",-150,2.1,0
2025-11-04,2025-07-02,"2.35%",-125,2.35,0
2025-11-04,2025-07-02,"2.60%",-100,2.6,0.0116913742660578
2025-11-04,2025-07-02,"2.85%",-75,2.85,0.189025125129562
2025-11-04,2025-07-02,"3.10%",-50,3.1,0.520422290396922
2025-11-04,2025-07-02,"3.35%",-25,3.35,0.256950220914402
2025-11-04,2025-07-02,"3.60%",0,3.6,0.0219109892930556
2025-11-04,2025-07-02,"3.85%",25,3.85,0
2025-11-04,2025-07-02,"4.10%",50,4.1,0
2025-11-04,2025-07-02,"4.35%",75,4.35,0
2025-11-04,2025-07-02,"4.60%",100,4.6,0
2025-11-04,2025-07-02,"4.85%",125,4.85,0
2025-11-04,2025-07-02,"5.10%",150,5.1,0
2025-11-04,2025-07-02,"5.35%",175,5.35,0
2025-11-04,2025-07-02,"5.60%",200,5.6,0
2025-11-04,2025-07-02,"5.85%",225,5.85,0
2025-11-04,2025-07-02,"6.10%",250,6.1,0
2025-11-04,2025-07-03,"0.10%",-300,0.1,0
2025-11-04,2025-07-03,"0.35%",-300,0.35,0
2025-11-04,2025-07-03,"0.60%",-300,0.6,0
2025-11-04,2025-07-03,"0.85%",-275,0.85,0
2025-11-04,2025-07-03,"1.10%",-250,1.1,0
2025-11-04,2025-07-03,"1.35%",-225,1.35,0
2025-11-04,2025-07-03,"1.60%",-200,1.6,0
2025-11-04,2025-07-03,"1.85%",-175,1.85,0
2025-11-04,2025-07-03,"2.10%",-150,2.1,0
2025-11-04,2025-07-03,"2.35%",-125,2.35,0
2025-11-04,2025-07-03,"2.60%",-100,2.6,0
2025-11-04,2025-07-03,"2.85%",-75,2.85,0.107043552640582
2025-11-04,2025-07-03,"3.10%",-50,3.1,0.541902845580879
2025-11-04,2025-07-03,"3.35%",-25,3.35,0.328426988461294
2025-11-04,2025-07-03,"3.60%",0,3.6,0.0226266133172459
2025-11-04,2025-07-03,"3.85%",25,3.85,0
2025-11-04,2025-07-03,"4.10%",50,4.1,0
2025-11-04,2025-07-03,"4.35%",75,4.35,0
2025-11-04,2025-07-03,"4.60%",100,4.6,0
2025-11-04,2025-07-03,"4.85%",125,4.85,0
2025-11-04,2025-07-03,"5.10%",150,5.1,0
2025-11-04,2025-07-03,"5.35%",175,5.35,0
2025-11-04,2025-07-03,"5.60%",200,5.6,0
2025-11-04,2025-07-03,"5.85%",225,5.85,0
2025-11-04,2025-07-03,"6.10%",250,6.1,0
2025-11-04,2025-07-06,"0.10%",-300,0.1,0
2025-11-04,2025-07-06,"0.35%",-300,0.35,0
2025-11-04,2025-07-06,"0.60%",-300,0.6,0
2025-11-04,2025-07-06,"0.85%",-275,0.85,0
2025-11-04,2025-07-06,"1.10%",-250,1.1,0
2025-11-04,2025-07-06,"1.35%",-225,1.35,0
2025-11-04,2025-07-06,"1.60%",-200,1.6,0
2025-11-04,2025-07-06,"1.85%",-175,1.85,0
2025-11-04,2025-07-06,"2.10%",-150,2.1,0
2025-11-04,2025-07-06,"2.35%",-125,2.35,0
2025-11-04,2025-07-06,"2.60%",-100,2.6,0
2025-11-04,2025-07-06,"2.85%",-75,2.85,0.1352636168346
2025-11-04,2025-07-06,"3.10%",-50,3.1,0.549968594175568
2025-11-04,2025-07-06,"3.35%",-25,3.35,0.295016743380426
2025-11-04,2025-07-06,"3.60%",0,3.6,0.0197510456094065
2025-11-04,2025-07-06,"3.85%",25,3.85,0
2025-11-04,2025-07-06,"4.10%",50,4.1,0
2025-11-04,2025-07-06,"4.35%",75,4.35,0
2025-11-04,2025-07-06,"4.60%",100,4.6,0
2025-11-04,2025-07-06,"4.85%",125,4.85,0
2025-11-04,2025-07-06,"5.10%",150,5.1,0
2025-11-04,2025-07-06,"5.35%",175,5.35,0
2025-11-04,2025-07-06,"5.60%",200,5.6,0
2025-11-04,2025-07-06,"5.85%",225,5.85,0
2025-11-04,2025-07-06,"6.10%",250,6.1,0
2025-11-04,2025-07-07,"0.10%",-300,0.1,0
2025-11-04,2025-07-07,"0.35%",-300,0.35,0
2025-11-04,2025-07-07,"0.60%",-300,0.6,0
2025-11-04,2025-07-07,"0.85%",-275,0.85,0
2025-11-04,2025-07-07,"1.10%",-250,1.1,0
2025-11-04,2025-07-07,"1.35%",-225,1.35,0
2025-11-04,2025-07-07,"1.60%",-200,1.6,0
2025-11-04,2025-07-07,"1.85%",-175,1.85,0
2025-11-04,2025-07-07,"2.10%",-150,2.1,0
2025-11-04,2025-07-07,"2.35%",-125,2.35,0
2025-11-04,2025-07-07,"2.60%",-100,2.6,0
2025-11-04,2025-07-07,"2.85%",-75,2.85,0.0224450306049408
2025-11-04,2025-07-07,"3.10%",-50,3.1,0.29708678660234
2025-11-04,2025-07-07,"3.35%",-25,3.35,0.539573030908431
2025-11-04,2025-07-07,"3.60%",0,3.6,0.140895151884288
2025-11-04,2025-07-07,"3.85%",25,3.85,0
2025-11-04,2025-07-07,"4.10%",50,4.1,0
2025-11-04,2025-07-07,"4.35%",75,4.35,0
2025-11-04,2025-07-07,"4.60%",100,4.6,0
2025-11-04,2025-07-07,"4.85%",125,4.85,0
2025-11-04,2025-07-07,"5.10%",150,5.1,0
2025-11-04,2025-07-07,"5.35%",175,5.35,0
2025-11-04,2025-07-07,"5.60%",200,5.6,0
2025-11-04,2025-07-07,"5.85%",225,5.85,0
2025-11-04,2025-07-07,"6.10%",250,6.1,0
2025-11-04,2025-07-08,"0.10%",-300,0.1,0
2025-11-04,2025-07-08,"0.35%",-300,0.35,0
2025-11-04,2025-07-08,"0.60%",-300,0.6,0
2025-11-04,2025-07-08,"0.85%",-275,0.85,0
2025-11-04,2025-07-08,"1.10%",-250,1.1,0
2025-11-04,2025-07-08,"1.35%",-225,1.35,0
2025-11-04,2025-07-08,"1.60%",-200,1.6,0
2025-11-04,2025-07-08,"1.85%",-175,1.85,0
2025-11-04,2025-07-08,"2.10%",-150,2.1,0
2025-11-04,2025-07-08,"2.35%",-125,2.35,0
2025-11-04,2025-07-08,"2.60%",-100,2.6,0
2025-11-04,2025-07-08,"2.85%",-75,2.85,0.0166699559634068
2025-11-04,2025-07-08,"3.10%",-50,3.1,0.241378710295058
2025-11-04,2025-07-08,"3.35%",-25,3.35,0.537605374574684
2025-11-04,2025-07-08,"3.60%",0,3.6,0.193734202925933
2025-11-04,2025-07-08,"3.85%",25,3.85,0.0106117562409189
2025-11-04,2025-07-08,"4.10%",50,4.1,0
2025-11-04,2025-07-08,"4.35%",75,4.35,0
2025-11-04,2025-07-08,"4.60%",100,4.6,0
2025-11-04,2025-07-08,"4.85%",125,4.85,0
2025-11-04,2025-07-08,"5.10%",150,5.1,0
2025-11-04,2025-07-08,"5.35%",175,5.35,0
2025-11-04,2025-07-08,"5.60%",200,5.6,0
2025-11-04,2025-07-08,"5.85%",225,5.85,0
2025-11-04,2025-07-08,"6.10%",250,6.1,0
2025-11-04,2025-07-09,"0.10%",-300,0.1,0
2025-11-04,2025-07-09,"0.35%",-300,0.35,0
2025-11-04,2025-07-09,"0.60%",-300,0.6,0
2025-11-04,2025-07-09,"0.85%",-275,0.85,0
2025-11-04,2025-07-09,"1.10%",-250,1.1,0
2025-11-04,2025-07-09,"1.35%",-225,1.35,0
2025-11-04,2025-07-09,"1.60%",-200,1.6,0
2025-11-04,2025-07-09,"1.85%",-175,1.85,0
2025-11-04,2025-07-09,"2.10%",-150,2.1,0
2025-11-04,2025-07-09,"2.35%",-125,2.35,0
2025-11-04,2025-07-09,"2.60%",-100,2.6,0
2025-11-04,2025-07-09,"2.85%",-75,2.85,0.0130747248256141
2025-11-04,2025-07-09,"3.10%",-50,3.1,0.22114245931825
2025-11-04,2025-07-09,"3.35%",-25,3.35,0.545588211516092
2025-11-04,2025-07-09,"3.60%",0,3.6,0.208600022871959
2025-11-04,2025-07-09,"3.85%",25,3.85,0.0115945814680856
2025-11-04,2025-07-09,"4.10%",50,4.1,0
2025-11-04,2025-07-09,"4.35%",75,4.35,0
2025-11-04,2025-07-09,"4.60%",100,4.6,0
2025-11-04,2025-07-09,"4.85%",125,4.85,0
2025-11-04,2025-07-09,"5.10%",150,5.1,0
2025-11-04,2025-07-09,"5.35%",175,5.35,0
2025-11-04,2025-07-09,"5.60%",200,5.6,0
2025-11-04,2025-07-09,"5.85%",225,5.85,0
2025-11-04,2025-07-09,"6.10%",250,6.1,0
2025-11-04,2025-07-10,"0.10%",-300,0.1,0
2025-11-04,2025-07-10,"0.35%",-300,0.35,0
2025-11-04,2025-07-10,"0.60%",-300,0.6,0
2025-11-04,2025-07-10,"0.85%",-275,0.85,0
2025-11-04,2025-07-10,"1.10%",-250,1.1,0
2025-11-04,2025-07-10,"1.35%",-225,1.35,0
2025-11-04,2025-07-10,"1.60%",-200,1.6,0
2025-11-04,2025-07-10,"1.85%",-175,1.85,0
2025-11-04,2025-07-10,"2.10%",-150,2.1,0
2025-11-04,2025-07-10,"2.35%",-125,2.35,0
2025-11-04,2025-07-10,"2.60%",-100,2.6,0
2025-11-04,2025-07-10,"2.85%",-75,2.85,0.0103304128660149
2025-11-04,2025-07-10,"3.10%",-50,3.1,0.215924357625026
2025-11-04,2025-07-10,"3.35%",-25,3.35,0.569078857437325
2025-11-04,2025-07-10,"3.60%",0,3.6,0.204666372071633
2025-11-04,2025-07-10,"3.85%",25,3.85,0
2025-11-04,2025-07-10,"4.10%",50,4.1,0
2025-11-04,2025-07-10,"4.35%",75,4.35,0
2025-11-04,2025-07-10,"4.60%",100,4.6,0
2025-11-04,2025-07-10,"4.85%",125,4.85,0
2025-11-04,2025-07-10,"5.10%",150,5.1,0
2025-11-04,2025-07-10,"5.35%",175,5.35,0
2025-11-04,2025-07-10,"5.60%",200,5.6,0
2025-11-04,2025-07-10,"5.85%",225,5.85,0
2025-11-04,2025-07-10,"6.10%",250,6.1,0
2025-11-04,2025-07-14,"0.10%",-300,0.1,0
2025-11-04,2025-07-14,"0.35%",-300,0.35,0
2025-11-04,2025-07-14,"0.60%",-300,0.6,0
2025-11-04,2025-07-14,"0.85%",-275,0.85,0
2025-11-04,2025-07-14,"1.10%",-250,1.1,0
2025-11-04,2025-07-14,"1.35%",-225,1.35,0
2025-11-04,2025-07-14,"1.60%",-200,1.6,0
2025-11-04,2025-07-14,"1.85%",-175,1.85,0
2025-11-04,2025-07-14,"2.10%",-150,2.1,0
2025-11-04,2025-07-14,"2.35%",-125,2.35,0
2025-11-04,2025-07-14,"2.60%",-100,2.6,0
2025-11-04,2025-07-14,"2.85%",-75,2.85,0
2025-11-04,2025-07-14,"3.10%",-50,3.1,0.127807829956577
2025-11-04,2025-07-14,"3.35%",-25,3.35,0.652270605385994
2025-11-04,2025-07-14,"3.60%",0,3.6,0.219921564657429
2025-11-04,2025-07-14,"3.85%",25,3.85,0
2025-11-04,2025-07-14,"4.10%",50,4.1,0
2025-11-04,2025-07-14,"4.35%",75,4.35,0
2025-11-04,2025-07-14,"4.60%",100,4.6,0
2025-11-04,2025-07-14,"4.85%",125,4.85,0
2025-11-04,2025-07-14,"5.10%",150,5.1,0
2025-11-04,2025-07-14,"5.35%",175,5.35,0
2025-11-04,2025-07-14,"5.60%",200,5.6,0
2025-11-04,2025-07-14,"5.85%",225,5.85,0
2025-11-04,2025-07-14,"6.10%",250,6.1,0
2025-11-04,2025-07-15,"0.10%",-300,0.1,0
2025-11-04,2025-07-15,"0.35%",-300,0.35,0
2025-11-04,2025-07-15,"0.60%",-300,0.6,0
2025-11-04,2025-07-15,"0.85%",-275,0.85,0
2025-11-04,2025-07-15,"1.10%",-250,1.1,0
2025-11-04,2025-07-15,"1.35%",-225,1.35,0
2025-11-04,2025-07-15,"1.60%",-200,1.6,0
2025-11-04,2025-07-15,"1.85%",-175,1.85,0
2025-11-04,2025-07-15,"2.10%",-150,2.1,0
2025-11-04,2025-07-15,"2.35%",-125,2.35,0
2025-11-04,2025-07-15,"2.60%",-100,2.6,0
2025-11-04,2025-07-15,"2.85%",-75,2.85,0
2025-11-04,2025-07-15,"3.10%",-50,3.1,0.133993157626939
2025-11-04,2025-07-15,"3.35%",-25,3.35,0.646549248125037
2025-11-04,2025-07-15,"3.60%",0,3.6,0.219457594248023
2025-11-04,2025-07-15,"3.85%",25,3.85,0
2025-11-04,2025-07-15,"4.10%",50,4.1,0
2025-11-04,2025-07-15,"4.35%",75,4.35,0
2025-11-04,2025-07-15,"4.60%",100,4.6,0
2025-11-04,2025-07-15,"4.85%",125,4.85,0
2025-11-04,2025-07-15,"5.10%",150,5.1,0
2025-11-04,2025-07-15,"5.35%",175,5.35,0
2025-11-04,2025-07-15,"5.60%",200,5.6,0
2025-11-04,2025-07-15,"5.85%",225,5.85,0
2025-11-04,2025-07-15,"6.10%",250,6.1,0
2025-11-04,2025-07-16,"0.10%",-300,0.1,0
2025-11-04,2025-07-16,"0.35%",-300,0.35,0
2025-11-04,2025-07-16,"0.60%",-300,0.6,0
2025-11-04,2025-07-16,"0.85%",-275,0.85,0
2025-11-04,2025-07-16,"1.10%",-250,1.1,0
2025-11-04,2025-07-16,"1.35%",-225,1.35,0
2025-11-04,2025-07-16,"1.60%",-200,1.6,0
2025-11-04,2025-07-16,"1.85%",-175,1.85,0
2025-11-04,2025-07-16,"2.10%",-150,2.1,0
2025-11-04,2025-07-16,"2.35%",-125,2.35,0
2025-11-04,2025-07-16,"2.60%",-100,2.6,0
2025-11-04,2025-07-16,"2.85%",-75,2.85,0.0101034263435469
2025-11-04,2025-07-16,"3.10%",-50,3.1,0.336709320003356
2025-11-04,2025-07-16,"3.35%",-25,3.35,0.590904418300677
2025-11-04,2025-07-16,"3.60%",0,3.6,0.0622828353524203
2025-11-04,2025-07-16,"3.85%",25,3.85,0
2025-11-04,2025-07-16,"4.10%",50,4.1,0
2025-11-04,2025-07-16,"4.35%",75,4.35,0
2025-11-04,2025-07-16,"4.60%",100,4.6,0
2025-11-04,2025-07-16,"4.85%",125,4.85,0
2025-11-04,2025-07-16,"5.10%",150,5.1,0
2025-11-04,2025-07-16,"5.35%",175,5.35,0
2025-11-04,2025-07-16,"5.60%",200,5.6,0
2025-11-04,2025-07-16,"5.85%",225,5.85,0
2025-11-04,2025-07-16,"6.10%",250,6.1,0
2025-11-04,2025-07-17,"0.10%",-300,0.1,0
2025-11-04,2025-07-17,"0.35%",-300,0.35,0
2025-11-04,2025-07-17,"0.60%",-300,0.6,0
2025-11-04,2025-07-17,"0.85%",-275,0.85,0
2025-11-04,2025-07-17,"1.10%",-250,1.1,0
2025-11-04,2025-07-17,"1.35%",-225,1.35,0
2025-11-04,2025-07-17,"1.60%",-200,1.6,0
2025-11-04,2025-07-17,"1.85%",-175,1.85,0
2025-11-04,2025-07-17,"2.10%",-150,2.1,0
2025-11-04,2025-07-17,"2.35%",-125,2.35,0
2025-11-04,2025-07-17,"2.60%",-100,2.6,0
2025-11-04,2025-07-17,"2.85%",-75,2.85,0
2025-11-04,2025-07-17,"3.10%",-50,3.1,0.3297002622611
2025-11-04,2025-07-17,"3.35%",-25,3.35,0.617862106154512
2025-11-04,2025-07-17,"3.60%",0,3.6,0.0524376315843888
2025-11-04,2025-07-17,"3.85%",25,3.85,0
2025-11-04,2025-07-17,"4.10%",50,4.1,0
2025-11-04,2025-07-17,"4.35%",75,4.35,0
2025-11-04,2025-07-17,"4.60%",100,4.6,0
2025-11-04,2025-07-17,"4.85%",125,4.85,0
2025-11-04,2025-07-17,"5.10%",150,5.1,0
2025-11-04,2025-07-17,"5.35%",175,5.35,0
2025-11-04,2025-07-17,"5.60%",200,5.6,0
2025-11-04,2025-07-17,"5.85%",225,5.85,0
2025-11-04,2025-07-17,"6.10%",250,6.1,0
2025-11-04,2025-07-20,"0.10%",-300,0.1,0
2025-11-04,2025-07-20,"0.35%",-300,0.35,0
2025-11-04,2025-07-20,"0.60%",-300,0.6,0
2025-11-04,2025-07-20,"0.85%",-275,0.85,0
2025-11-04,2025-07-20,"1.10%",-250,1.1,0
2025-11-04,2025-07-20,"1.35%",-225,1.35,0
2025-11-04,2025-07-20,"1.60%",-200,1.6,0
2025-11-04,2025-07-20,"1.85%",-175,1.85,0
2025-11-04,2025-07-20,"2.10%",-150,2.1,0
2025-11-04,2025-07-20,"2.35%",-125,2.35,0
2025-11-04,2025-07-20,"2.60%",-100,2.6,0
2025-11-04,2025-07-20,"2.85%",-75,2.85,0
2025-11-04,2025-07-20,"3.10%",-50,3.1,0.351674880451115
2025-11-04,2025-07-20,"3.35%",-25,3.35,0.594244267426543
2025-11-04,2025-07-20,"3.60%",0,3.6,0.054080852122342
2025-11-04,2025-07-20,"3.85%",25,3.85,0
2025-11-04,2025-07-20,"4.10%",50,4.1,0
2025-11-04,2025-07-20,"4.35%",75,4.35,0
2025-11-04,2025-07-20,"4.60%",100,4.6,0
2025-11-04,2025-07-20,"4.85%",125,4.85,0
2025-11-04,2025-07-20,"5.10%",150,5.1,0
2025-11-04,2025-07-20,"5.35%",175,5.35,0
2025-11-04,2025-07-20,"5.60%",200,5.6,0
2025-11-04,2025-07-20,"5.85%",225,5.85,0
2025-11-04,2025-07-20,"6.10%",250,6.1,0
2025-11-04,2025-07-21,"0.10%",-300,0.1,0
2025-11-04,2025-07-21,"0.35%",-300,0.35,0
2025-11-04,2025-07-21,"0.60%",-300,0.6,0
2025-11-04,2025-07-21,"0.85%",-275,0.85,0
2025-11-04,2025-07-21,"1.10%",-250,1.1,0
2025-11-04,2025-07-21,"1.35%",-225,1.35,0
2025-11-04,2025-07-21,"1.60%",-200,1.6,0
2025-11-04,2025-07-21,"1.85%",-175,1.85,0
2025-11-04,2025-07-21,"2.10%",-150,2.1,0
2025-11-04,2025-07-21,"2.35%",-125,2.35,0
2025-11-04,2025-07-21,"2.60%",-100,2.6,0
2025-11-04,2025-07-21,"2.85%",-75,2.85,0.0111190329296378
2025-11-04,2025-07-21,"3.10%",-50,3.1,0.322958082957712
2025-11-04,2025-07-21,"3.35%",-25,3.35,0.589697301642787
2025-11-04,2025-07-21,"3.60%",0,3.6,0.0762255824698643
2025-11-04,2025-07-21,"3.85%",25,3.85,0
2025-11-04,2025-07-21,"4.10%",50,4.1,0
2025-11-04,2025-07-21,"4.35%",75,4.35,0
2025-11-04,2025-07-21,"4.60%",100,4.6,0
2025-11-04,2025-07-21,"4.85%",125,4.85,0
2025-11-04,2025-07-21,"5.10%",150,5.1,0
2025-11-04,2025-07-21,"5.35%",175,5.35,0
2025-11-04,2025-07-21,"5.60%",200,5.6,0
2025-11-04,2025-07-21,"5.85%",225,5.85,0
2025-11-04,2025-07-21,"6.10%",250,6.1,0
2025-11-04,2025-07-22,"0.10%",-300,0.1,0
2025-11-04,2025-07-22,"0.35%",-300,0.35,0
2025-11-04,2025-07-22,"0.60%",-300,0.6,0
2025-11-04,2025-07-22,"0.85%",-275,0.85,0
2025-11-04,2025-07-22,"1.10%",-250,1.1,0
2025-11-04,2025-07-22,"1.35%",-225,1.35,0
2025-11-04,2025-07-22,"1.60%",-200,1.6,0
2025-11-04,2025-07-22,"1.85%",-175,1.85,0
2025-11-04,2025-07-22,"2.10%",-150,2.1,0
2025-11-04,2025-07-22,"2.35%",-125,2.35,0
2025-11-04,2025-07-22,"2.60%",-100,2.6,0
2025-11-04,2025-07-22,"2.85%",-75,2.85,0.0123948671347624
2025-11-04,2025-07-22,"3.10%",-50,3.1,0.323382230213624
2025-11-04,2025-07-22,"3.35%",-25,3.35,0.583317311488766
2025-11-04,2025-07-22,"3.60%",0,3.6,0.080905591162848
2025-11-04,2025-07-22,"3.85%",25,3.85,0
2025-11-04,2025-07-22,"4.10%",50,4.1,0
2025-11-04,2025-07-22,"4.35%",75,4.35,0
2025-11-04,2025-07-22,"4.60%",100,4.6,0
2025-11-04,2025-07-22,"4.85%",125,4.85,0
2025-11-04,2025-07-22,"5.10%",150,5.1,0
2025-11-04,2025-07-22,"5.35%",175,5.35,0
2025-11-04,2025-07-22,"5.60%",200,5.6,0
2025-11-04,2025-07-22,"5.85%",225,5.85,0
2025-11-04,2025-07-22,"6.10%",250,6.1,0
2025-11-04,2025-07-23,"0.10%",-300,0.1,0
2025-11-04,2025-07-23,"0.35%",-300,0.35,0
2025-11-04,2025-07-23,"0.60%",-300,0.6,0
2025-11-04,2025-07-23,"0.85%",-275,0.85,0
2025-11-04,2025-07-23,"1.10%",-250,1.1,0
2025-11-04,2025-07-23,"1.35%",-225,1.35,0
2025-11-04,2025-07-23,"1.60%",-200,1.6,0
2025-11-04,2025-07-23,"1.85%",-175,1.85,0
2025-11-04,2025-07-23,"2.10%",-150,2.1,0
2025-11-04,2025-07-23,"2.35%",-125,2.35,0
2025-11-04,2025-07-23,"2.60%",-100,2.6,0
2025-11-04,2025-07-23,"2.85%",-75,2.85,0
2025-11-04,2025-07-23,"3.10%",-50,3.1,0.267393699263938
2025-11-04,2025-07-23,"3.35%",-25,3.35,0.651249761307865
2025-11-04,2025-07-23,"3.60%",0,3.6,0.0813565394281978
2025-11-04,2025-07-23,"3.85%",25,3.85,0
2025-11-04,2025-07-23,"4.10%",50,4.1,0
2025-11-04,2025-07-23,"4.35%",75,4.35,0
2025-11-04,2025-07-23,"4.60%",100,4.6,0
2025-11-04,2025-07-23,"4.85%",125,4.85,0
2025-11-04,2025-07-23,"5.10%",150,5.1,0
2025-11-04,2025-07-23,"5.35%",175,5.35,0
2025-11-04,2025-07-23,"5.60%",200,5.6,0
2025-11-04,2025-07-23,"5.85%",225,5.85,0
2025-11-04,2025-07-23,"6.10%",250,6.1,0
2025-11-04,2025-07-24,"0.10%",-300,0.1,0
2025-11-04,2025-07-24,"0.35%",-300,0.35,0
2025-11-04,2025-07-24,"0.60%",-300,0.6,0
2025-11-04,2025-07-24,"0.85%",-275,0.85,0
2025-11-04,2025-07-24,"1.10%",-250,1.1,0
2025-11-04,2025-07-24,"1.35%",-225,1.35,0
2025-11-04,2025-07-24,"1.60%",-200,1.6,0
2025-11-04,2025-07-24,"1.85%",-175,1.85,0
2025-11-04,2025-07-24,"2.10%",-150,2.1,0
2025-11-04,2025-07-24,"2.35%",-125,2.35,0
2025-11-04,2025-07-24,"2.60%",-100,2.6,0
2025-11-04,2025-07-24,"2.85%",-75,2.85,0
2025-11-04,2025-07-24,"3.10%",-50,3.1,0.151030578886172
2025-11-04,2025-07-24,"3.35%",-25,3.35,0.735909564016819
2025-11-04,2025-07-24,"3.60%",0,3.6,0.113059857097009
2025-11-04,2025-07-24,"3.85%",25,3.85,0
2025-11-04,2025-07-24,"4.10%",50,4.1,0
2025-11-04,2025-07-24,"4.35%",75,4.35,0
2025-11-04,2025-07-24,"4.60%",100,4.6,0
2025-11-04,2025-07-24,"4.85%",125,4.85,0
2025-11-04,2025-07-24,"5.10%",150,5.1,0
2025-11-04,2025-07-24,"5.35%",175,5.35,0
2025-11-04,2025-07-24,"5.60%",200,5.6,0
2025-11-04,2025-07-24,"5.85%",225,5.85,0
2025-11-04,2025-07-24,"6.10%",250,6.1,0
2025-11-04,2025-07-27,"0.10%",-300,0.1,0
2025-11-04,2025-07-27,"0.35%",-300,0.35,0
2025-11-04,2025-07-27,"0.60%",-300,0.6,0
2025-11-04,2025-07-27,"0.85%",-275,0.85,0
2025-11-04,2025-07-27,"1.10%",-250,1.1,0
2025-11-04,2025-07-27,"1.35%",-225,1.35,0
2025-11-04,2025-07-27,"1.60%",-200,1.6,0
2025-11-04,2025-07-27,"1.85%",-175,1.85,0
2025-11-04,2025-07-27,"2.10%",-150,2.1,0
2025-11-04,2025-07-27,"2.35%",-125,2.35,0
2025-11-04,2025-07-27,"2.60%",-100,2.6,0
2025-11-04,2025-07-27,"2.85%",-75,2.85,0
2025-11-04,2025-07-27,"3.10%",-50,3.1,0.0799827988003474
2025-11-04,2025-07-27,"3.35%",-25,3.35,0.785327973358545
2025-11-04,2025-07-27,"3.60%",0,3.6,0.134689227841108
2025-11-04,2025-07-27,"3.85%",25,3.85,0
2025-11-04,2025-07-27,"4.10%",50,4.1,0
2025-11-04,2025-07-27,"4.35%",75,4.35,0
2025-11-04,2025-07-27,"4.60%",100,4.6,0
2025-11-04,2025-07-27,"4.85%",125,4.85,0
2025-11-04,2025-07-27,"5.10%",150,5.1,0
2025-11-04,2025-07-27,"5.35%",175,5.35,0
2025-11-04,2025-07-27,"5.60%",200,5.6,0
2025-11-04,2025-07-27,"5.85%",225,5.85,0
2025-11-04,2025-07-27,"6.10%",250,6.1,0
2025-11-04,2025-07-28,"0.10%",-300,0.1,0
2025-11-04,2025-07-28,"0.35%",-300,0.35,0
2025-11-04,2025-07-28,"0.60%",-300,0.6,0
2025-11-04,2025-07-28,"0.85%",-275,0.85,0
2025-11-04,2025-07-28,"1.10%",-250,1.1,0
2025-11-04,2025-07-28,"1.35%",-225,1.35,0
2025-11-04,2025-07-28,"1.60%",-200,1.6,0
2025-11-04,2025-07-28,"1.85%",-175,1.85,0
2025-11-04,2025-07-28,"2.10%",-150,2.1,0
2025-11-04,2025-07-28,"2.35%",-125,2.35,0
2025-11-04,2025-07-28,"2.60%",-100,2.6,0
2025-11-04,2025-07-28,"2.85%",-75,2.85,0
2025-11-04,2025-07-28,"3.10%",-50,3.1,0.0877213906525321
2025-11-04,2025-07-28,"3.35%",-25,3.35,0.766725853664296
2025-11-04,2025-07-28,"3.60%",0,3.6,0.145552755683171
2025-11-04,2025-07-28,"3.85%",25,3.85,0
2025-11-04,2025-07-28,"4.10%",50,4.1,0
2025-11-04,2025-07-28,"4.35%",75,4.35,0
2025-11-04,2025-07-28,"4.60%",100,4.6,0
2025-11-04,2025-07-28,"4.85%",125,4.85,0
2025-11-04,2025-07-28,"5.10%",150,5.1,0
2025-11-04,2025-07-28,"5.35%",175,5.35,0
2025-11-04,2025-07-28,"5.60%",200,5.6,0
2025-11-04,2025-07-28,"5.85%",225,5.85,0
2025-11-04,2025-07-28,"6.10%",250,6.1,0
2025-11-04,2025-07-29,"0.10%",-300,0.1,0
2025-11-04,2025-07-29,"0.35%",-300,0.35,0
2025-11-04,2025-07-29,"0.60%",-300,0.6,0
2025-11-04,2025-07-29,"0.85%",-275,0.85,0
2025-11-04,2025-07-29,"1.10%",-250,1.1,0
2025-11-04,2025-07-29,"1.35%",-225,1.35,0
2025-11-04,2025-07-29,"1.60%",-200,1.6,0
2025-11-04,2025-07-29,"1.85%",-175,1.85,0
2025-11-04,2025-07-29,"2.10%",-150,2.1,0
2025-11-04,2025-07-29,"2.35%",-125,2.35,0
2025-11-04,2025-07-29,"2.60%",-100,2.6,0
2025-11-04,2025-07-29,"2.85%",-75,2.85,0
2025-11-04,2025-07-29,"3.10%",-50,3.1,0.279321675491183
2025-11-04,2025-07-29,"3.35%",-25,3.35,0.621621534284291
2025-11-04,2025-07-29,"3.60%",0,3.6,0.0990567902245259
2025-11-04,2025-07-29,"3.85%",25,3.85,0
2025-11-04,2025-07-29,"4.10%",50,4.1,0
2025-11-04,2025-07-29,"4.35%",75,4.35,0
2025-11-04,2025-07-29,"4.60%",100,4.6,0
2025-11-04,2025-07-29,"4.85%",125,4.85,0
2025-11-04,2025-07-29,"5.10%",150,5.1,0
2025-11-04,2025-07-29,"5.35%",175,5.35,0
2025-11-04,2025-07-29,"5.60%",200,5.6,0
2025-11-04,2025-07-29,"5.85%",225,5.85,0
2025-11-04,2025-07-29,"6.10%",250,6.1,0
2025-11-04,2025-07-30,"0.10%",-300,0.1,0
2025-11-04,2025-07-30,"0.35%",-300,0.35,0
2025-11-04,2025-07-30,"0.60%",-300,0.6,0
2025-11-04,2025-07-30,"0.85%",-275,0.85,0
2025-11-04,2025-07-30,"1.10%",-250,1.1,0
2025-11-04,2025-07-30,"1.35%",-225,1.35,0
2025-11-04,2025-07-30,"1.60%",-200,1.6,0
2025-11-04,2025-07-30,"1.85%",-175,1.85,0
2025-11-04,2025-07-30,"2.10%",-150,2.1,0
2025-11-04,2025-07-30,"2.35%",-125,2.35,0
2025-11-04,2025-07-30,"2.60%",-100,2.6,0
2025-11-04,2025-07-30,"2.85%",-75,2.85,0.0114731098018971
2025-11-04,2025-07-30,"3.10%",-50,3.1,0.288824828161054
2025-11-04,2025-07-30,"3.35%",-25,3.35,0.590615394779796
2025-11-04,2025-07-30,"3.60%",0,3.6,0.109086667257252
2025-11-04,2025-07-30,"3.85%",25,3.85,0
2025-11-04,2025-07-30,"4.10%",50,4.1,0
2025-11-04,2025-07-30,"4.35%",75,4.35,0
2025-11-04,2025-07-30,"4.60%",100,4.6,0
2025-11-04,2025-07-30,"4.85%",125,4.85,0
2025-11-04,2025-07-30,"5.10%",150,5.1,0
2025-11-04,2025-07-30,"5.35%",175,5.35,0
2025-11-04,2025-07-30,"5.60%",200,5.6,0
2025-11-04,2025-07-30,"5.85%",225,5.85,0
2025-11-04,2025-07-30,"6.10%",250,6.1,0
2025-11-04,2025-07-31,"0.10%",-300,0.1,0
2025-11-04,2025-07-31,"0.35%",-300,0.35,0
2025-11-04,2025-07-31,"0.60%",-300,0.6,0
2025-11-04,2025-07-31,"0.85%",-275,0.85,0
2025-11-04,2025-07-31,"1.10%",-250,1.1,0
2025-11-04,2025-07-31,"1.35%",-225,1.35,0
2025-11-04,2025-07-31,"1.60%",-200,1.6,0
2025-11-04,2025-07-31,"1.85%",-175,1.85,0
2025-11-04,2025-07-31,"2.10%",-150,2.1,0
2025-11-04,2025-07-31,"2.35%",-125,2.35,0
2025-11-04,2025-07-31,"2.60%",-100,2.6,0
2025-11-04,2025-07-31,"2.85%",-75,2.85,0.011949196298893
2025-11-04,2025-07-31,"3.10%",-50,3.1,0.289631903908464
2025-11-04,2025-07-31,"3.35%",-25,3.35,0.587826766577905
2025-11-04,2025-07-31,"3.60%",0,3.6,0.110592133214738
2025-11-04,2025-07-31,"3.85%",25,3.85,0
2025-11-04,2025-07-31,"4.10%",50,4.1,0
2025-11-04,2025-07-31,"4.35%",75,4.35,0
2025-11-04,2025-07-31,"4.60%",100,4.6,0
2025-11-04,2025-07-31,"4.85%",125,4.85,0
2025-11-04,2025-07-31,"5.10%",150,5.1,0
2025-11-04,2025-07-31,"5.35%",175,5.35,0
2025-11-04,2025-07-31,"5.60%",200,5.6,0
2025-11-04,2025-07-31,"5.85%",225,5.85,0
2025-11-04,2025-07-31,"6.10%",250,6.1,0
2025-11-04,2025-08-01,"0.10%",-300,0.1,0
2025-11-04,2025-08-01,"0.35%",-300,0.35,0
2025-11-04,2025-08-01,"0.60%",-300,0.6,0
2025-11-04,2025-08-01,"0.85%",-275,0.85,0
2025-11-04,2025-08-01,"1.10%",-250,1.1,0
2025-11-04,2025-08-01,"1.35%",-225,1.35,0
2025-11-04,2025-08-01,"1.60%",-200,1.6,0
2025-11-04,2025-08-01,"1.85%",-175,1.85,0
2025-11-04,2025-08-01,"2.10%",-150,2.1,0
2025-11-04,2025-08-01,"2.35%",-125,2.35,0
2025-11-04,2025-08-01,"2.60%",-100,2.6,0
2025-11-04,2025-08-01,"2.85%",-75,2.85,0
2025-11-04,2025-08-01,"3.10%",-50,3.1,0.268517449833494
2025-11-04,2025-08-01,"3.35%",-25,3.35,0.653502689646173
2025-11-04,2025-08-01,"3.60%",0,3.6,0.0779798605203336
2025-11-04,2025-08-01,"3.85%",25,3.85,0
2025-11-04,2025-08-01,"4.10%",50,4.1,0
2025-11-04,2025-08-01,"4.35%",75,4.35,0
2025-11-04,2025-08-01,"4.60%",100,4.6,0
2025-11-04,2025-08-01,"4.85%",125,4.85,0
2025-11-04,2025-08-01,"5.10%",150,5.1,0
2025-11-04,2025-08-01,"5.35%",175,5.35,0
2025-11-04,2025-08-01,"5.60%",200,5.6,0
2025-11-04,2025-08-01,"5.85%",225,5.85,0
2025-11-04,2025-08-01,"6.10%",250,6.1,0
2025-11-04,2025-08-03,"0.10%",-300,0.1,0
2025-11-04,2025-08-03,"0.35%",-300,0.35,0
2025-11-04,2025-08-03,"0.60%",-300,0.6,0
2025-11-04,2025-08-03,"0.85%",-275,0.85,0
2025-11-04,2025-08-03,"1.10%",-250,1.1,0
2025-11-04,2025-08-03,"1.35%",-225,1.35,0
2025-11-04,2025-08-03,"1.60%",-200,1.6,0
2025-11-04,2025-08-03,"1.85%",-175,1.85,0
2025-11-04,2025-08-03,"2.10%",-150,2.1,0
2025-11-04,2025-08-03,"2.35%",-125,2.35,0
2025-11-04,2025-08-03,"2.60%",-100,2.6,0
2025-11-04,2025-08-03,"2.85%",-75,2.85,0.0237396829204933
2025-11-04,2025-08-03,"3.10%",-50,3.1,0.298829949597145
2025-11-04,2025-08-03,"3.35%",-25,3.35,0.535097054623705
2025-11-04,2025-08-03,"3.60%",0,3.6,0.142333312858657
2025-11-04,2025-08-03,"3.85%",25,3.85,0
2025-11-04,2025-08-03,"4.10%",50,4.1,0
2025-11-04,2025-08-03,"4.35%",75,4.35,0
2025-11-04,2025-08-03,"4.60%",100,4.6,0
2025-11-04,2025-08-03,"4.85%",125,4.85,0
2025-11-04,2025-08-03,"5.10%",150,5.1,0
2025-11-04,2025-08-03,"5.35%",175,5.35,0
2025-11-04,2025-08-03,"5.60%",200,5.6,0
2025-11-04,2025-08-03,"5.85%",225,5.85,0
2025-11-04,2025-08-03,"6.10%",250,6.1,0
2025-11-04,2025-08-04,"0.10%",-300,0.1,0
2025-11-04,2025-08-04,"0.35%",-300,0.35,0
2025-11-04,2025-08-04,"0.60%",-300,0.6,0
2025-11-04,2025-08-04,"0.85%",-275,0.85,0
2025-11-04,2025-08-04,"1.10%",-250,1.1,0
2025-11-04,2025-08-04,"1.35%",-225,1.35,0
2025-11-04,2025-08-04,"1.60%",-200,1.6,0
2025-11-04,2025-08-04,"1.85%",-175,1.85,0
2025-11-04,2025-08-04,"2.10%",-150,2.1,0
2025-11-04,2025-08-04,"2.35%",-125,2.35,0
2025-11-04,2025-08-04,"2.60%",-100,2.6,0
2025-11-04,2025-08-04,"2.85%",-75,2.85,0.0377278885577418
2025-11-04,2025-08-04,"3.10%",-50,3.1,0.298377616363451
2025-11-04,2025-08-04,"3.35%",-25,3.35,0.486072777663483
2025-11-04,2025-08-04,"3.60%",0,3.6,0.166334033161004
2025-11-04,2025-08-04,"3.85%",25,3.85,0.0114876842543207
2025-11-04,2025-08-04,"4.10%",50,4.1,0
2025-11-04,2025-08-04,"4.35%",75,4.35,0
2025-11-04,2025-08-04,"4.60%",100,4.6,0
2025-11-04,2025-08-04,"4.85%",125,4.85,0
2025-11-04,2025-08-04,"5.10%",150,5.1,0
2025-11-04,2025-08-04,"5.35%",175,5.35,0
2025-11-04,2025-08-04,"5.60%",200,5.6,0
2025-11-04,2025-08-04,"5.85%",225,5.85,0
2025-11-04,2025-08-04,"6.10%",250,6.1,0
2025-11-04,2025-08-05,"0.10%",-300,0.1,0
2025-11-04,2025-08-05,"0.35%",-300,0.35,0
2025-11-04,2025-08-05,"0.60%",-300,0.6,0
2025-11-04,2025-08-05,"0.85%",-275,0.85,0
2025-11-04,2025-08-05,"1.10%",-250,1.1,0
2025-11-04,2025-08-05,"1.35%",-225,1.35,0
2025-11-04,2025-08-05,"1.60%",-200,1.6,0
2025-11-04,2025-08-05,"1.85%",-175,1.85,0
2025-11-04,2025-08-05,"2.10%",-150,2.1,0
2025-11-04,2025-08-05,"2.35%",-125,2.35,0
2025-11-04,2025-08-05,"2.60%",-100,2.6,0.0445012719679819
2025-11-04,2025-08-05,"2.85%",-75,2.85,0.126659220624492
2025-11-04,2025-08-05,"3.10%",-50,3.1,0.23087621309261
2025-11-04,2025-08-05,"3.35%",-25,3.35,0.269652554923288
2025-11-04,2025-08-05,"3.60%",0,3.6,0.201821466195604
2025-11-04,2025-08-05,"3.85%",25,3.85,0.0967757253689772
2025-11-04,2025-08-05,"4.10%",50,4.1,0.0297135478270469
2025-11-04,2025-08-05,"4.35%",75,4.35,0
2025-11-04,2025-08-05,"4.60%",100,4.6,0
2025-11-04,2025-08-05,"4.85%",125,4.85,0
2025-11-04,2025-08-05,"5.10%",150,5.1,0
2025-11-04,2025-08-05,"5.35%",175,5.35,0
2025-11-04,2025-08-05,"5.60%",200,5.6,0
2025-11-04,2025-08-05,"5.85%",225,5.85,0
2025-11-04,2025-08-05,"6.10%",250,6.1,0
2025-11-04,2025-08-06,"0.10%",-300,0.1,0
2025-11-04,2025-08-06,"0.35%",-300,0.35,0
2025-11-04,2025-08-06,"0.60%",-300,0.6,0
2025-11-04,2025-08-06,"0.85%",-275,0.85,0
2025-11-04,2025-08-06,"1.10%",-250,1.1,0
2025-11-04,2025-08-06,"1.35%",-225,1.35,0
2025-11-04,2025-08-06,"1.60%",-200,1.6,0
2025-11-04,2025-08-06,"1.85%",-175,1.85,0
2025-11-04,2025-08-06,"2.10%",-150,2.1,0
2025-11-04,2025-08-06,"2.35%",-125,2.35,0
2025-11-04,2025-08-06,"2.60%",-100,2.6,0
2025-11-04,2025-08-06,"2.85%",-75,2.85,0.0386085805451897
2025-11-04,2025-08-06,"3.10%",-50,3.1,0.285716709144855
2025-11-04,2025-08-06,"3.35%",-25,3.35,0.477141375212015
2025-11-04,2025-08-06,"3.60%",0,3.6,0.182916916704117
2025-11-04,2025-08-06,"3.85%",25,3.85,0.0156164183938234
2025-11-04,2025-08-06,"4.10%",50,4.1,0
2025-11-04,2025-08-06,"4.35%",75,4.35,0
2025-11-04,2025-08-06,"4.60%",100,4.6,0
2025-11-04,2025-08-06,"4.85%",125,4.85,0
2025-11-04,2025-08-06,"5.10%",150,5.1,0
2025-11-04,2025-08-06,"5.35%",175,5.35,0
2025-11-04,2025-08-06,"5.60%",200,5.6,0
2025-11-04,2025-08-06,"5.85%",225,5.85,0
2025-11-04,2025-08-06,"6.10%",250,6.1,0
2025-11-04,2025-08-07,"0.10%",-300,0.1,0
2025-11-04,2025-08-07,"0.35%",-300,0.35,0
2025-11-04,2025-08-07,"0.60%",-300,0.6,0
2025-11-04,2025-08-07,"0.85%",-275,0.85,0
2025-11-04,2025-08-07,"1.10%",-250,1.1,0
2025-11-04,2025-08-07,"1.35%",-225,1.35,0
2025-11-04,2025-08-07,"1.60%",-200,1.6,0
2025-11-04,2025-08-07,"1.85%",-175,1.85,0
2025-11-04,2025-08-07,"2.10%",-150,2.1,0
2025-11-04,2025-08-07,"2.35%",-125,2.35,0
2025-11-04,2025-08-07,"2.60%",-100,2.6,0
2025-11-04,2025-08-07,"2.85%",-75,2.85,0.0138976901108403
2025-11-04,2025-08-07,"3.10%",-50,3.1,0.273551251114623
2025-11-04,2025-08-07,"3.35%",-25,3.35,0.573725704200375
2025-11-04,2025-08-07,"3.60%",0,3.6,0.138825354574162
2025-11-04,2025-08-07,"3.85%",25,3.85,0
2025-11-04,2025-08-07,"4.10%",50,4.1,0
2025-11-04,2025-08-07,"4.35%",75,4.35,0
2025-11-04,2025-08-07,"4.60%",100,4.6,0
2025-11-04,2025-08-07,"4.85%",125,4.85,0
2025-11-04,2025-08-07,"5.10%",150,5.1,0
2025-11-04,2025-08-07,"5.35%",175,5.35,0
2025-11-04,2025-08-07,"5.60%",200,5.6,0
2025-11-04,2025-08-07,"5.85%",225,5.85,0
2025-11-04,2025-08-07,"6.10%",250,6.1,0
2025-11-04,2025-08-10,"0.10%",-300,0.1,0
2025-11-04,2025-08-10,"0.35%",-300,0.35,0
2025-11-04,2025-08-10,"0.60%",-300,0.6,0
2025-11-04,2025-08-10,"0.85%",-275,0.85,0
2025-11-04,2025-08-10,"1.10%",-250,1.1,0
2025-11-04,2025-08-10,"1.35%",-225,1.35,0
2025-11-04,2025-08-10,"1.60%",-200,1.6,0
2025-11-04,2025-08-10,"1.85%",-175,1.85,0
2025-11-04,2025-08-10,"2.10%",-150,2.1,0
2025-11-04,2025-08-10,"2.35%",-125,2.35,0
2025-11-04,2025-08-10,"2.60%",-100,2.6,0
2025-11-04,2025-08-10,"2.85%",-75,2.85,0.0139678847327512
2025-11-04,2025-08-10,"3.10%",-50,3.1,0.274564215578284
2025-11-04,2025-08-10,"3.35%",-25,3.35,0.573590671681512
2025-11-04,2025-08-10,"3.60%",0,3.6,0.137877228007452
2025-11-04,2025-08-10,"3.85%",25,3.85,0
2025-11-04,2025-08-10,"4.10%",50,4.1,0
2025-11-04,2025-08-10,"4.35%",75,4.35,0
2025-11-04,2025-08-10,"4.60%",100,4.6,0
2025-11-04,2025-08-10,"4.85%",125,4.85,0
2025-11-04,2025-08-10,"5.10%",150,5.1,0
2025-11-04,2025-08-10,"5.35%",175,5.35,0
2025-11-04,2025-08-10,"5.60%",200,5.6,0
2025-11-04,2025-08-10,"5.85%",225,5.85,0
2025-11-04,2025-08-10,"6.10%",250,6.1,0
2025-11-04,2025-08-11,"0.10%",-300,0.1,0
2025-11-04,2025-08-11,"0.35%",-300,0.35,0
2025-11-04,2025-08-11,"0.60%",-300,0.6,0
2025-11-04,2025-08-11,"0.85%",-275,0.85,0
2025-11-04,2025-08-11,"1.10%",-250,1.1,0
2025-11-04,2025-08-11,"1.35%",-225,1.35,0
2025-11-04,2025-08-11,"1.60%",-200,1.6,0
2025-11-04,2025-08-11,"1.85%",-175,1.85,0
2025-11-04,2025-08-11,"2.10%",-150,2.1,0
2025-11-04,2025-08-11,"2.35%",-125,2.35,0
2025-11-04,2025-08-11,"2.60%",-100,2.6,0
2025-11-04,2025-08-11,"2.85%",-75,2.85,0.0128758896697132
2025-11-04,2025-08-11,"3.10%",-50,3.1,0.238235023067928
2025-11-04,2025-08-11,"3.35%",-25,3.35,0.564786068130315
2025-11-04,2025-08-11,"3.60%",0,3.6,0.184103019132044
2025-11-04,2025-08-11,"3.85%",25,3.85,0
2025-11-04,2025-08-11,"4.10%",50,4.1,0
2025-11-04,2025-08-11,"4.35%",75,4.35,0
2025-11-04,2025-08-11,"4.60%",100,4.6,0
2025-11-04,2025-08-11,"4.85%",125,4.85,0
2025-11-04,2025-08-11,"5.10%",150,5.1,0
2025-11-04,2025-08-11,"5.35%",175,5.35,0
2025-11-04,2025-08-11,"5.60%",200,5.6,0
2025-11-04,2025-08-11,"5.85%",225,5.85,0
2025-11-04,2025-08-11,"6.10%",250,6.1,0
2025-11-04,2025-08-12,"0.10%",-300,0.1,0
2025-11-04,2025-08-12,"0.35%",-300,0.35,0
2025-11-04,2025-08-12,"0.60%",-300,0.6,0
2025-11-04,2025-08-12,"0.85%",-275,0.85,0
2025-11-04,2025-08-12,"1.10%",-250,1.1,0
2025-11-04,2025-08-12,"1.35%",-225,1.35,0
2025-11-04,2025-08-12,"1.60%",-200,1.6,0
2025-11-04,2025-08-12,"1.85%",-175,1.85,0
2025-11-04,2025-08-12,"2.10%",-150,2.1,0
2025-11-04,2025-08-12,"2.35%",-125,2.35,0
2025-11-04,2025-08-12,"2.60%",-100,2.6,0
2025-11-04,2025-08-12,"2.85%",-75,2.85,0.0123971291901787
2025-11-04,2025-08-12,"3.10%",-50,3.1,0.319846575032476
2025-11-04,2025-08-12,"3.35%",-25,3.35,0.583915478548123
2025-11-04,2025-08-12,"3.60%",0,3.6,0.0838408172292223
2025-11-04,2025-08-12,"3.85%",25,3.85,0
2025-11-04,2025-08-12,"4.10%",50,4.1,0
2025-11-04,2025-08-12,"4.35%",75,4.35,0
2025-11-04,2025-08-12,"4.60%",100,4.6,0
2025-11-04,2025-08-12,"4.85%",125,4.85,0
2025-11-04,2025-08-12,"5.10%",150,5.1,0
2025-11-04,2025-08-12,"5.35%",175,5.35,0
2025-11-04,2025-08-12,"5.60%",200,5.6,0
2025-11-04,2025-08-12,"5.85%",225,5.85,0
2025-11-04,2025-08-12,"6.10%",250,6.1,0
2025-11-04,2025-08-13,"0.10%",-300,0.1,0
2025-11-04,2025-08-13,"0.35%",-300,0.35,0
2025-11-04,2025-08-13,"0.60%",-300,0.6,0
2025-11-04,2025-08-13,"0.85%",-275,0.85,0
2025-11-04,2025-08-13,"1.10%",-250,1.1,0
2025-11-04,2025-08-13,"1.35%",-225,1.35,0
2025-11-04,2025-08-13,"1.60%",-200,1.6,0
2025-11-04,2025-08-13,"1.85%",-175,1.85,0
2025-11-04,2025-08-13,"2.10%",-150,2.1,0
2025-11-04,2025-08-13,"2.35%",-125,2.35,0
2025-11-04,2025-08-13,"2.60%",-100,2.6,0
2025-11-04,2025-08-13,"2.85%",-75,2.85,0
2025-11-04,2025-08-13,"3.10%",-50,3.1,0.251173552653387
2025-11-04,2025-08-13,"3.35%",-25,3.35,0.649028793514217
2025-11-04,2025-08-13,"3.60%",0,3.6,0.0997976538323959
2025-11-04,2025-08-13,"3.85%",25,3.85,0
2025-11-04,2025-08-13,"4.10%",50,4.1,0
2025-11-04,2025-08-13,"4.35%",75,4.35,0
2025-11-04,2025-08-13,"4.60%",100,4.6,0
2025-11-04,2025-08-13,"4.85%",125,4.85,0
2025-11-04,2025-08-13,"5.10%",150,5.1,0
2025-11-04,2025-08-13,"5.35%",175,5.35,0
2025-11-04,2025-08-13,"5.60%",200,5.6,0
2025-11-04,2025-08-13,"5.85%",225,5.85,0
2025-11-04,2025-08-13,"6.10%",250,6.1,0
2025-11-04,2025-08-14,"0.10%",-300,0.1,0
2025-11-04,2025-08-14,"0.35%",-300,0.35,0
2025-11-04,2025-08-14,"0.60%",-300,0.6,0
2025-11-04,2025-08-14,"0.85%",-275,0.85,0
2025-11-04,2025-08-14,"1.10%",-250,1.1,0
2025-11-04,2025-08-14,"1.35%",-225,1.35,0
2025-11-04,2025-08-14,"1.60%",-200,1.6,0
2025-11-04,2025-08-14,"1.85%",-175,1.85,0
2025-11-04,2025-08-14,"2.10%",-150,2.1,0
2025-11-04,2025-08-14,"2.35%",-125,2.35,0
2025-11-04,2025-08-14,"2.60%",-100,2.6,0
2025-11-04,2025-08-14,"2.85%",-75,2.85,0
2025-11-04,2025-08-14,"3.10%",-50,3.1,0.105441643189274
2025-11-04,2025-08-14,"3.35%",-25,3.35,0.664503370374383
2025-11-04,2025-08-14,"3.60%",0,3.6,0.230054986436343
2025-11-04,2025-08-14,"3.85%",25,3.85,0
2025-11-04,2025-08-14,"4.10%",50,4.1,0
2025-11-04,2025-08-14,"4.35%",75,4.35,0
2025-11-04,2025-08-14,"4.60%",100,4.6,0
2025-11-04,2025-08-14,"4.85%",125,4.85,0
2025-11-04,2025-08-14,"5.10%",150,5.1,0
2025-11-04,2025-08-14,"5.35%",175,5.35,0
2025-11-04,2025-08-14,"5.60%",200,5.6,0
2025-11-04,2025-08-14,"5.85%",225,5.85,0
2025-11-04,2025-08-14,"6.10%",250,6.1,0
2025-11-04,2025-08-17,"0.10%",-300,0.1,0
2025-11-04,2025-08-17,"0.35%",-300,0.35,0
2025-11-04,2025-08-17,"0.60%",-300,0.6,0
2025-11-04,2025-08-17,"0.85%",-275,0.85,0
2025-11-04,2025-08-17,"1.10%",-250,1.1,0
2025-11-04,2025-08-17,"1.35%",-225,1.35,0
2025-11-04,2025-08-17,"1.60%",-200,1.6,0
2025-11-04,2025-08-17,"1.85%",-175,1.85,0
2025-11-04,2025-08-17,"2.10%",-150,2.1,0
2025-11-04,2025-08-17,"2.35%",-125,2.35,0
2025-11-04,2025-08-17,"2.60%",-100,2.6,0
2025-11-04,2025-08-17,"2.85%",-75,2.85,0
2025-11-04,2025-08-17,"3.10%",-50,3.1,0.068494367202607
2025-11-04,2025-08-17,"3.35%",-25,3.35,0.744104758082579
2025-11-04,2025-08-17,"3.60%",0,3.6,0.187400874714814
2025-11-04,2025-08-17,"3.85%",25,3.85,0
2025-11-04,2025-08-17,"4.10%",50,4.1,0
2025-11-04,2025-08-17,"4.35%",75,4.35,0
2025-11-04,2025-08-17,"4.60%",100,4.6,0
2025-11-04,2025-08-17,"4.85%",125,4.85,0
2025-11-04,2025-08-17,"5.10%",150,5.1,0
2025-11-04,2025-08-17,"5.35%",175,5.35,0
2025-11-04,2025-08-17,"5.60%",200,5.6,0
2025-11-04,2025-08-17,"5.85%",225,5.85,0
2025-11-04,2025-08-17,"6.10%",250,6.1,0
2025-11-04,2025-08-18,"0.10%",-300,0.1,0
2025-11-04,2025-08-18,"0.35%",-300,0.35,0
2025-11-04,2025-08-18,"0.60%",-300,0.6,0
2025-11-04,2025-08-18,"0.85%",-275,0.85,0
2025-11-04,2025-08-18,"1.10%",-250,1.1,0
2025-11-04,2025-08-18,"1.35%",-225,1.35,0
2025-11-04,2025-08-18,"1.60%",-200,1.6,0
2025-11-04,2025-08-18,"1.85%",-175,1.85,0
2025-11-04,2025-08-18,"2.10%",-150,2.1,0
2025-11-04,2025-08-18,"2.35%",-125,2.35,0
2025-11-04,2025-08-18,"2.60%",-100,2.6,0
2025-11-04,2025-08-18,"2.85%",-75,2.85,0
2025-11-04,2025-08-18,"3.10%",-50,3.1,0.152760735536499
2025-11-04,2025-08-18,"3.35%",-25,3.35,0.762793253939747
2025-11-04,2025-08-18,"3.60%",0,3.6,0.0844460105237543
2025-11-04,2025-08-18,"3.85%",25,3.85,0
2025-11-04,2025-08-18,"4.10%",50,4.1,0
2025-11-04,2025-08-18,"4.35%",75,4.35,0
2025-11-04,2025-08-18,"4.60%",100,4.6,0
2025-11-04,2025-08-18,"4.85%",125,4.85,0
2025-11-04,2025-08-18,"5.10%",150,5.1,0
2025-11-04,2025-08-18,"5.35%",175,5.35,0
2025-11-04,2025-08-18,"5.60%",200,5.6,0
2025-11-04,2025-08-18,"5.85%",225,5.85,0
2025-11-04,2025-08-18,"6.10%",250,6.1,0
2025-11-04,2025-08-19,"0.10%",-300,0.1,0
2025-11-04,2025-08-19,"0.35%",-300,0.35,0
2025-11-04,2025-08-19,"0.60%",-300,0.6,0
2025-11-04,2025-08-19,"0.85%",-275,0.85,0
2025-11-04,2025-08-19,"1.10%",-250,1.1,0
2025-11-04,2025-08-19,"1.35%",-225,1.35,0
2025-11-04,2025-08-19,"1.60%",-200,1.6,0
2025-11-04,2025-08-19,"1.85%",-175,1.85,0
2025-11-04,2025-08-19,"2.10%",-150,2.1,0
2025-11-04,2025-08-19,"2.35%",-125,2.35,0
2025-11-04,2025-08-19,"2.60%",-100,2.6,0
2025-11-04,2025-08-19,"2.85%",-75,2.85,0
2025-11-04,2025-08-19,"3.10%",-50,3.1,0.231904377989076
2025-11-04,2025-08-19,"3.35%",-25,3.35,0.689173003514837
2025-11-04,2025-08-19,"3.60%",0,3.6,0.0789226184960873
2025-11-04,2025-08-19,"3.85%",25,3.85,0
2025-11-04,2025-08-19,"4.10%",50,4.1,0
2025-11-04,2025-08-19,"4.35%",75,4.35,0
2025-11-04,2025-08-19,"4.60%",100,4.6,0
2025-11-04,2025-08-19,"4.85%",125,4.85,0
2025-11-04,2025-08-19,"5.10%",150,5.1,0
2025-11-04,2025-08-19,"5.35%",175,5.35,0
2025-11-04,2025-08-19,"5.60%",200,5.6,0
2025-11-04,2025-08-19,"5.85%",225,5.85,0
2025-11-04,2025-08-19,"6.10%",250,6.1,0
2025-11-04,2025-08-20,"0.10%",-300,0.1,0
2025-11-04,2025-08-20,"0.35%",-300,0.35,0
2025-11-04,2025-08-20,"0.60%",-300,0.6,0
2025-11-04,2025-08-20,"0.85%",-275,0.85,0
2025-11-04,2025-08-20,"1.10%",-250,1.1,0
2025-11-04,2025-08-20,"1.35%",-225,1.35,0
2025-11-04,2025-08-20,"1.60%",-200,1.6,0
2025-11-04,2025-08-20,"1.85%",-175,1.85,0
2025-11-04,2025-08-20,"2.10%",-150,2.1,0
2025-11-04,2025-08-20,"2.35%",-125,2.35,0
2025-11-04,2025-08-20,"2.60%",-100,2.6,0
2025-11-04,2025-08-20,"2.85%",-75,2.85,0
2025-11-04,2025-08-20,"3.10%",-50,3.1,0.232469040941923
2025-11-04,2025-08-20,"3.35%",-25,3.35,0.690162878327559
2025-11-04,2025-08-20,"3.60%",0,3.6,0.0773680807305182
2025-11-04,2025-08-20,"3.85%",25,3.85,0
2025-11-04,2025-08-20,"4.10%",50,4.1,0
2025-11-04,2025-08-20,"4.35%",75,4.35,0
2025-11-04,2025-08-20,"4.60%",100,4.6,0
2025-11-04,2025-08-20,"4.85%",125,4.85,0
2025-11-04,2025-08-20,"5.10%",150,5.1,0
2025-11-04,2025-08-20,"5.35%",175,5.35,0
2025-11-04,2025-08-20,"5.60%",200,5.6,0
2025-11-04,2025-08-20,"5.85%",225,5.85,0
2025-11-04,2025-08-20,"6.10%",250,6.1,0
2025-11-04,2025-08-21,"0.10%",-300,0.1,0
2025-11-04,2025-08-21,"0.35%",-300,0.35,0
2025-11-04,2025-08-21,"0.60%",-300,0.6,0
2025-11-04,2025-08-21,"0.85%",-275,0.85,0
2025-11-04,2025-08-21,"1.10%",-250,1.1,0
2025-11-04,2025-08-21,"1.35%",-225,1.35,0
2025-11-04,2025-08-21,"1.60%",-200,1.6,0
2025-11-04,2025-08-21,"1.85%",-175,1.85,0
2025-11-04,2025-08-21,"2.10%",-150,2.1,0
2025-11-04,2025-08-21,"2.35%",-125,2.35,0
2025-11-04,2025-08-21,"2.60%",-100,2.6,0
2025-11-04,2025-08-21,"2.85%",-75,2.85,0
2025-11-04,2025-08-21,"3.10%",-50,3.1,0.161688129564615
2025-11-04,2025-08-21,"3.35%",-25,3.35,0.76704050106948
2025-11-04,2025-08-21,"3.60%",0,3.6,0.0712713693659051
2025-11-04,2025-08-21,"3.85%",25,3.85,0
2025-11-04,2025-08-21,"4.10%",50,4.1,0
2025-11-04,2025-08-21,"4.35%",75,4.35,0
2025-11-04,2025-08-21,"4.60%",100,4.6,0
2025-11-04,2025-08-21,"4.85%",125,4.85,0
2025-11-04,2025-08-21,"5.10%",150,5.1,0
2025-11-04,2025-08-21,"5.35%",175,5.35,0
2025-11-04,2025-08-21,"5.60%",200,5.6,0
2025-11-04,2025-08-21,"5.85%",225,5.85,0
2025-11-04,2025-08-21,"6.10%",250,6.1,0
2025-11-04,2025-08-24,"0.10%",-300,0.1,0
2025-11-04,2025-08-24,"0.35%",-300,0.35,0
2025-11-04,2025-08-24,"0.60%",-300,0.6,0
2025-11-04,2025-08-24,"0.85%",-275,0.85,0
2025-11-04,2025-08-24,"1.10%",-250,1.1,0
2025-11-04,2025-08-24,"1.35%",-225,1.35,0
2025-11-04,2025-08-24,"1.60%",-200,1.6,0
2025-11-04,2025-08-24,"1.85%",-175,1.85,0
2025-11-04,2025-08-24,"2.10%",-150,2.1,0
2025-11-04,2025-08-24,"2.35%",-125,2.35,0
2025-11-04,2025-08-24,"2.60%",-100,2.6,0
2025-11-04,2025-08-24,"2.85%",-75,2.85,0
2025-11-04,2025-08-24,"3.10%",-50,3.1,0.184565639443823
2025-11-04,2025-08-24,"3.35%",-25,3.35,0.721860001376028
2025-11-04,2025-08-24,"3.60%",0,3.6,0.0935743591801495
2025-11-04,2025-08-24,"3.85%",25,3.85,0
2025-11-04,2025-08-24,"4.10%",50,4.1,0
2025-11-04,2025-08-24,"4.35%",75,4.35,0
2025-11-04,2025-08-24,"4.60%",100,4.6,0
2025-11-04,2025-08-24,"4.85%",125,4.85,0
2025-11-04,2025-08-24,"5.10%",150,5.1,0
2025-11-04,2025-08-24,"5.35%",175,5.35,0
2025-11-04,2025-08-24,"5.60%",200,5.6,0
2025-11-04,2025-08-24,"5.85%",225,5.85,0
2025-11-04,2025-08-24,"6.10%",250,6.1,0
2025-11-04,2025-08-25,"0.10%",-300,0.1,0
2025-11-04,2025-08-25,"0.35%",-300,0.35,0
2025-11-04,2025-08-25,"0.60%",-300,0.6,0
2025-11-04,2025-08-25,"0.85%",-275,0.85,0
2025-11-04,2025-08-25,"1.10%",-250,1.1,0
2025-11-04,2025-08-25,"1.35%",-225,1.35,0
2025-11-04,2025-08-25,"1.60%",-200,1.6,0
2025-11-04,2025-08-25,"1.85%",-175,1.85,0
2025-11-04,2025-08-25,"2.10%",-150,2.1,0
2025-11-04,2025-08-25,"2.35%",-125,2.35,0
2025-11-04,2025-08-25,"2.60%",-100,2.6,0
2025-11-04,2025-08-25,"2.85%",-75,2.85,0
2025-11-04,2025-08-25,"3.10%",-50,3.1,0.241091549699141
2025-11-04,2025-08-25,"3.35%",-25,3.35,0.694004255026114
2025-11-04,2025-08-25,"3.60%",0,3.6,0.0649041952747448
2025-11-04,2025-08-25,"3.85%",25,3.85,0
2025-11-04,2025-08-25,"4.10%",50,4.1,0
2025-11-04,2025-08-25,"4.35%",75,4.35,0
2025-11-04,2025-08-25,"4.60%",100,4.6,0
2025-11-04,2025-08-25,"4.85%",125,4.85,0
2025-11-04,2025-08-25,"5.10%",150,5.1,0
2025-11-04,2025-08-25,"5.35%",175,5.35,0
2025-11-04,2025-08-25,"5.60%",200,5.6,0
2025-11-04,2025-08-25,"5.85%",225,5.85,0
2025-11-04,2025-08-25,"6.10%",250,6.1,0
2025-11-04,2025-08-26,"0.10%",-300,0.1,0
2025-11-04,2025-08-26,"0.35%",-300,0.35,0
2025-11-04,2025-08-26,"0.60%",-300,0.6,0
2025-11-04,2025-08-26,"0.85%",-275,0.85,0
2025-11-04,2025-08-26,"1.10%",-250,1.1,0
2025-11-04,2025-08-26,"1.35%",-225,1.35,0
2025-11-04,2025-08-26,"1.60%",-200,1.6,0
2025-11-04,2025-08-26,"1.85%",-175,1.85,0
2025-11-04,2025-08-26,"2.10%",-150,2.1,0
2025-11-04,2025-08-26,"2.35%",-125,2.35,0
2025-11-04,2025-08-26,"2.60%",-100,2.6,0
2025-11-04,2025-08-26,"2.85%",-75,2.85,0
2025-11-04,2025-08-26,"3.10%",-50,3.1,0.173856127753866
2025-11-04,2025-08-26,"3.35%",-25,3.35,0.730392591430403
2025-11-04,2025-08-26,"3.60%",0,3.6,0.0957512808157309
2025-11-04,2025-08-26,"3.85%",25,3.85,0
2025-11-04,2025-08-26,"4.10%",50,4.1,0
2025-11-04,2025-08-26,"4.35%",75,4.35,0
2025-11-04,2025-08-26,"4.60%",100,4.6,0
2025-11-04,2025-08-26,"4.85%",125,4.85,0
2025-11-04,2025-08-26,"5.10%",150,5.1,0
2025-11-04,2025-08-26,"5.35%",175,5.35,0
2025-11-04,2025-08-26,"5.60%",200,5.6,0
2025-11-04,2025-08-26,"5.85%",225,5.85,0
2025-11-04,2025-08-26,"6.10%",250,6.1,0
2025-11-04,2025-08-27,"0.10%",-300,0.1,0
2025-11-04,2025-08-27,"0.35%",-300,0.35,0
2025-11-04,2025-08-27,"0.60%",-300,0.6,0
2025-11-04,2025-08-27,"0.85%",-275,0.85,0
2025-11-04,2025-08-27,"1.10%",-250,1.1,0
2025-11-04,2025-08-27,"1.35%",-225,1.35,0
2025-11-04,2025-08-27,"1.60%",-200,1.6,0
2025-11-04,2025-08-27,"1.85%",-175,1.85,0
2025-11-04,2025-08-27,"2.10%",-150,2.1,0
2025-11-04,2025-08-27,"2.35%",-125,2.35,0
2025-11-04,2025-08-27,"2.60%",-100,2.6,0
2025-11-04,2025-08-27,"2.85%",-75,2.85,0
2025-11-04,2025-08-27,"3.10%",-50,3.1,0.182515245894005
2025-11-04,2025-08-27,"3.35%",-25,3.35,0.77188754822992
2025-11-04,2025-08-27,"3.60%",0,3.6,0.0455972058760742
2025-11-04,2025-08-27,"3.85%",25,3.85,0
2025-11-04,2025-08-27,"4.10%",50,4.1,0
2025-11-04,2025-08-27,"4.35%",75,4.35,0
2025-11-04,2025-08-27,"4.60%",100,4.6,0
2025-11-04,2025-08-27,"4.85%",125,4.85,0
2025-11-04,2025-08-27,"5.10%",150,5.1,0
2025-11-04,2025-08-27,"5.35%",175,5.35,0
2025-11-04,2025-08-27,"5.60%",200,5.6,0
2025-11-04,2025-08-27,"5.85%",225,5.85,0
2025-11-04,2025-08-27,"6.10%",250,6.1,0
2025-11-04,2025-08-28,"0.10%",-300,0.1,0
2025-11-04,2025-08-28,"0.35%",-300,0.35,0
2025-11-04,2025-08-28,"0.60%",-300,0.6,0
2025-11-04,2025-08-28,"0.85%",-275,0.85,0
2025-11-04,2025-08-28,"1.10%",-250,1.1,0
2025-11-04,2025-08-28,"1.35%",-225,1.35,0
2025-11-04,2025-08-28,"1.60%",-200,1.6,0
2025-11-04,2025-08-28,"1.85%",-175,1.85,0
2025-11-04,2025-08-28,"2.10%",-150,2.1,0
2025-11-04,2025-08-28,"2.35%",-125,2.35,0
2025-11-04,2025-08-28,"2.60%",-100,2.6,0
2025-11-04,2025-08-28,"2.85%",-75,2.85,0
2025-11-04,2025-08-28,"3.10%",-50,3.1,0.189884261241104
2025-11-04,2025-08-28,"3.35%",-25,3.35,0.759324732378853
2025-11-04,2025-08-28,"3.60%",0,3.6,0.0507910063800432
2025-11-04,2025-08-28,"3.85%",25,3.85,0
2025-11-04,2025-08-28,"4.10%",50,4.1,0
2025-11-04,2025-08-28,"4.35%",75,4.35,0
2025-11-04,2025-08-28,"4.60%",100,4.6,0
2025-11-04,2025-08-28,"4.85%",125,4.85,0
2025-11-04,2025-08-28,"5.10%",150,5.1,0
2025-11-04,2025-08-28,"5.35%",175,5.35,0
2025-11-04,2025-08-28,"5.60%",200,5.6,0
2025-11-04,2025-08-28,"5.85%",225,5.85,0
2025-11-04,2025-08-28,"6.10%",250,6.1,0
2025-11-04,2025-08-31,"0.10%",-300,0.1,0
2025-11-04,2025-08-31,"0.35%",-300,0.35,0
2025-11-04,2025-08-31,"0.60%",-300,0.6,0
2025-11-04,2025-08-31,"0.85%",-275,0.85,0
2025-11-04,2025-08-31,"1.10%",-250,1.1,0
2025-11-04,2025-08-31,"1.35%",-225,1.35,0
2025-11-04,2025-08-31,"1.60%",-200,1.6,0
2025-11-04,2025-08-31,"1.85%",-175,1.85,0
2025-11-04,2025-08-31,"2.10%",-150,2.1,0
2025-11-04,2025-08-31,"2.35%",-125,2.35,0
2025-11-04,2025-08-31,"2.60%",-100,2.6,0
2025-11-04,2025-08-31,"2.85%",-75,2.85,0
2025-11-04,2025-08-31,"3.10%",-50,3.1,0.133660961914259
2025-11-04,2025-08-31,"3.35%",-25,3.35,0.80860119027086
2025-11-04,2025-08-31,"3.60%",0,3.6,0.0577378478148807
2025-11-04,2025-08-31,"3.85%",25,3.85,0
2025-11-04,2025-08-31,"4.10%",50,4.1,0
2025-11-04,2025-08-31,"4.35%",75,4.35,0
2025-11-04,2025-08-31,"4.60%",100,4.6,0
2025-11-04,2025-08-31,"4.85%",125,4.85,0
2025-11-04,2025-08-31,"5.10%",150,5.1,0
2025-11-04,2025-08-31,"5.35%",175,5.35,0
2025-11-04,2025-08-31,"5.60%",200,5.6,0
2025-11-04,2025-08-31,"5.85%",225,5.85,0
2025-11-04,2025-08-31,"6.10%",250,6.1,0
2025-11-04,2025-09-01,"0.10%",-300,0.1,0
2025-11-04,2025-09-01,"0.35%",-300,0.35,0
2025-11-04,2025-09-01,"0.60%",-300,0.6,0
2025-11-04,2025-09-01,"0.85%",-275,0.85,0
2025-11-04,2025-09-01,"1.10%",-250,1.1,0
2025-11-04,2025-09-01,"1.35%",-225,1.35,0
2025-11-04,2025-09-01,"1.60%",-200,1.6,0
2025-11-04,2025-09-01,"1.85%",-175,1.85,0
2025-11-04,2025-09-01,"2.10%",-150,2.1,0
2025-11-04,2025-09-01,"2.35%",-125,2.35,0
2025-11-04,2025-09-01,"2.60%",-100,2.6,0
2025-11-04,2025-09-01,"2.85%",-75,2.85,0
2025-11-04,2025-09-01,"3.10%",-50,3.1,0.105934717700824
2025-11-04,2025-09-01,"3.35%",-25,3.35,0.82266465021187
2025-11-04,2025-09-01,"3.60%",0,3.6,0.0714006320873053
2025-11-04,2025-09-01,"3.85%",25,3.85,0
2025-11-04,2025-09-01,"4.10%",50,4.1,0
2025-11-04,2025-09-01,"4.35%",75,4.35,0
2025-11-04,2025-09-01,"4.60%",100,4.6,0
2025-11-04,2025-09-01,"4.85%",125,4.85,0
2025-11-04,2025-09-01,"5.10%",150,5.1,0
2025-11-04,2025-09-01,"5.35%",175,5.35,0
2025-11-04,2025-09-01,"5.60%",200,5.6,0
2025-11-04,2025-09-01,"5.85%",225,5.85,0
2025-11-04,2025-09-01,"6.10%",250,6.1,0
2025-11-04,2025-09-02,"0.10%",-300,0.1,0
2025-11-04,2025-09-02,"0.35%",-300,0.35,0
2025-11-04,2025-09-02,"0.60%",-300,0.6,0
2025-11-04,2025-09-02,"0.85%",-275,0.85,0
2025-11-04,2025-09-02,"1.10%",-250,1.1,0
2025-11-04,2025-09-02,"1.35%",-225,1.35,0
2025-11-04,2025-09-02,"1.60%",-200,1.6,0
2025-11-04,2025-09-02,"1.85%",-175,1.85,0
2025-11-04,2025-09-02,"2.10%",-150,2.1,0
2025-11-04,2025-09-02,"2.35%",-125,2.35,0
2025-11-04,2025-09-02,"2.60%",-100,2.6,0
2025-11-04,2025-09-02,"2.85%",-75,2.85,0
2025-11-04,2025-09-02,"3.10%",-50,3.1,0.0479053462619882
2025-11-04,2025-09-02,"3.35%",-25,3.35,0.766244893964662
2025-11-04,2025-09-02,"3.60%",0,3.6,0.185849759773349
2025-11-04,2025-09-02,"3.85%",25,3.85,0
2025-11-04,2025-09-02,"4.10%",50,4.1,0
2025-11-04,2025-09-02,"4.35%",75,4.35,0
2025-11-04,2025-09-02,"4.60%",100,4.6,0
2025-11-04,2025-09-02,"4.85%",125,4.85,0
2025-11-04,2025-09-02,"5.10%",150,5.1,0
2025-11-04,2025-09-02,"5.35%",175,5.35,0
2025-11-04,2025-09-02,"5.60%",200,5.6,0
2025-11-04,2025-09-02,"5.85%",225,5.85,0
2025-11-04,2025-09-02,"6.10%",250,6.1,0
2025-11-04,2025-09-03,"0.10%",-300,0.1,0
2025-11-04,2025-09-03,"0.35%",-300,0.35,0
2025-11-04,2025-09-03,"0.60%",-300,0.6,0
2025-11-04,2025-09-03,"0.85%",-275,0.85,0
2025-11-04,2025-09-03,"1.10%",-250,1.1,0
2025-11-04,2025-09-03,"1.35%",-225,1.35,0
2025-11-04,2025-09-03,"1.60%",-200,1.6,0
2025-11-04,2025-09-03,"1.85%",-175,1.85,0
2025-11-04,2025-09-03,"2.10%",-150,2.1,0
2025-11-04,2025-09-03,"2.35%",-125,2.35,0
2025-11-04,2025-09-03,"2.60%",-100,2.6,0
2025-11-04,2025-09-03,"2.85%",-75,2.85,0
2025-11-04,2025-09-03,"3.10%",-50,3.1,0.0497592437885083
2025-11-04,2025-09-03,"3.35%",-25,3.35,0.759465177012101
2025-11-04,2025-09-03,"3.60%",0,3.6,0.190775579199391
2025-11-04,2025-09-03,"3.85%",25,3.85,0
2025-11-04,2025-09-03,"4.10%",50,4.1,0
2025-11-04,2025-09-03,"4.35%",75,4.35,0
2025-11-04,2025-09-03,"4.60%",100,4.6,0
2025-11-04,2025-09-03,"4.85%",125,4.85,0
2025-11-04,2025-09-03,"5.10%",150,5.1,0
2025-11-04,2025-09-03,"5.35%",175,5.35,0
2025-11-04,2025-09-03,"5.60%",200,5.6,0
2025-11-04,2025-09-03,"5.85%",225,5.85,0
2025-11-04,2025-09-03,"6.10%",250,6.1,0
2025-11-04,2025-09-04,"0.10%",-300,0.1,0
2025-11-04,2025-09-04,"0.35%",-300,0.35,0
2025-11-04,2025-09-04,"0.60%",-300,0.6,0
2025-11-04,2025-09-04,"0.85%",-275,0.85,0
2025-11-04,2025-09-04,"1.10%",-250,1.1,0
2025-11-04,2025-09-04,"1.35%",-225,1.35,0
2025-11-04,2025-09-04,"1.60%",-200,1.6,0
2025-11-04,2025-09-04,"1.85%",-175,1.85,0
2025-11-04,2025-09-04,"2.10%",-150,2.1,0
2025-11-04,2025-09-04,"2.35%",-125,2.35,0
2025-11-04,2025-09-04,"2.60%",-100,2.6,0
2025-11-04,2025-09-04,"2.85%",-75,2.85,0
2025-11-04,2025-09-04,"3.10%",-50,3.1,0.0715970282664605
2025-11-04,2025-09-04,"3.35%",-25,3.35,0.777388079360675
2025-11-04,2025-09-04,"3.60%",0,3.6,0.151014892372865
2025-11-04,2025-09-04,"3.85%",25,3.85,0
2025-11-04,2025-09-04,"4.10%",50,4.1,0
2025-11-04,2025-09-04,"4.35%",75,4.35,0
2025-11-04,2025-09-04,"4.60%",100,4.6,0
2025-11-04,2025-09-04,"4.85%",125,4.85,0
2025-11-04,2025-09-04,"5.10%",150,5.1,0
2025-11-04,2025-09-04,"5.35%",175,5.35,0
2025-11-04,2025-09-04,"5.60%",200,5.6,0
2025-11-04,2025-09-04,"5.85%",225,5.85,0
2025-11-04,2025-09-04,"6.10%",250,6.1,0
2025-11-04,2025-09-07,"0.10%",-300,0.1,0
2025-11-04,2025-09-07,"0.35%",-300,0.35,0
2025-11-04,2025-09-07,"0.60%",-300,0.6,0
2025-11-04,2025-09-07,"0.85%",-275,0.85,0
2025-11-04,2025-09-07,"1.10%",-250,1.1,0
2025-11-04,2025-09-07,"1.35%",-225,1.35,0
2025-11-04,2025-09-07,"1.60%",-200,1.6,0
2025-11-04,2025-09-07,"1.85%",-175,1.85,0
2025-11-04,2025-09-07,"2.10%",-150,2.1,0
2025-11-04,2025-09-07,"2.35%",-125,2.35,0
2025-11-04,2025-09-07,"2.60%",-100,2.6,0
2025-11-04,2025-09-07,"2.85%",-75,2.85,0
2025-11-04,2025-09-07,"3.10%",-50,3.1,0.0838952444883032
2025-11-04,2025-09-07,"3.35%",-25,3.35,0.791941042967625
2025-11-04,2025-09-07,"3.60%",0,3.6,0.124163712544072
2025-11-04,2025-09-07,"3.85%",25,3.85,0
2025-11-04,2025-09-07,"4.10%",50,4.1,0
2025-11-04,2025-09-07,"4.35%",75,4.35,0
2025-11-04,2025-09-07,"4.60%",100,4.6,0
2025-11-04,2025-09-07,"4.85%",125,4.85,0
2025-11-04,2025-09-07,"5.10%",150,5.1,0
2025-11-04,2025-09-07,"5.35%",175,5.35,0
2025-11-04,2025-09-07,"5.60%",200,5.6,0
2025-11-04,2025-09-07,"5.85%",225,5.85,0
2025-11-04,2025-09-07,"6.10%",250,6.1,0
2025-11-04,2025-09-08,"0.10%",-300,0.1,0
2025-11-04,2025-09-08,"0.35%",-300,0.35,0
2025-11-04,2025-09-08,"0.60%",-300,0.6,0
2025-11-04,2025-09-08,"0.85%",-275,0.85,0
2025-11-04,2025-09-08,"1.10%",-250,1.1,0
2025-11-04,2025-09-08,"1.35%",-225,1.35,0
2025-11-04,2025-09-08,"1.60%",-200,1.6,0
2025-11-04,2025-09-08,"1.85%",-175,1.85,0
2025-11-04,2025-09-08,"2.10%",-150,2.1,0
2025-11-04,2025-09-08,"2.35%",-125,2.35,0
2025-11-04,2025-09-08,"2.60%",-100,2.6,0
2025-11-04,2025-09-08,"2.85%",-75,2.85,0
2025-11-04,2025-09-08,"3.10%",-50,3.1,0.0881570934772737
2025-11-04,2025-09-08,"3.35%",-25,3.35,0.787214970111393
2025-11-04,2025-09-08,"3.60%",0,3.6,0.124627936411333
2025-11-04,2025-09-08,"3.85%",25,3.85,0
2025-11-04,2025-09-08,"4.10%",50,4.1,0
2025-11-04,2025-09-08,"4.35%",75,4.35,0
2025-11-04,2025-09-08,"4.60%",100,4.6,0
2025-11-04,2025-09-08,"4.85%",125,4.85,0
2025-11-04,2025-09-08,"5.10%",150,5.1,0
2025-11-04,2025-09-08,"5.35%",175,5.35,0
2025-11-04,2025-09-08,"5.60%",200,5.6,0
2025-11-04,2025-09-08,"5.85%",225,5.85,0
2025-11-04,2025-09-08,"6.10%",250,6.1,0
2025-11-04,2025-09-09,"0.10%",-300,0.1,0
2025-11-04,2025-09-09,"0.35%",-300,0.35,0
2025-11-04,2025-09-09,"0.60%",-300,0.6,0
2025-11-04,2025-09-09,"0.85%",-275,0.85,0
2025-11-04,2025-09-09,"1.10%",-250,1.1,0
2025-11-04,2025-09-09,"1.35%",-225,1.35,0
2025-11-04,2025-09-09,"1.60%",-200,1.6,0
2025-11-04,2025-09-09,"1.85%",-175,1.85,0
2025-11-04,2025-09-09,"2.10%",-150,2.1,0
2025-11-04,2025-09-09,"2.35%",-125,2.35,0
2025-11-04,2025-09-09,"2.60%",-100,2.6,0
2025-11-04,2025-09-09,"2.85%",-75,2.85,0
2025-11-04,2025-09-09,"3.10%",-50,3.1,0.0598034763583897
2025-11-04,2025-09-09,"3.35%",-25,3.35,0.786112433520569
2025-11-04,2025-09-09,"3.60%",0,3.6,0.154084090121042
2025-11-04,2025-09-09,"3.85%",25,3.85,0
2025-11-04,2025-09-09,"4.10%",50,4.1,0
2025-11-04,2025-09-09,"4.35%",75,4.35,0
2025-11-04,2025-09-09,"4.60%",100,4.6,0
2025-11-04,2025-09-09,"4.85%",125,4.85,0
2025-11-04,2025-09-09,"5.10%",150,5.1,0
2025-11-04,2025-09-09,"5.35%",175,5.35,0
2025-11-04,2025-09-09,"5.60%",200,5.6,0
2025-11-04,2025-09-09,"5.85%",225,5.85,0
2025-11-04,2025-09-09,"6.10%",250,6.1,0
2025-11-04,2025-09-10,"0.10%",-300,0.1,0
2025-11-04,2025-09-10,"0.35%",-300,0.35,0
2025-11-04,2025-09-10,"0.60%",-300,0.6,0
2025-11-04,2025-09-10,"0.85%",-275,0.85,0
2025-11-04,2025-09-10,"1.10%",-250,1.1,0
2025-11-04,2025-09-10,"1.35%",-225,1.35,0
2025-11-04,2025-09-10,"1.60%",-200,1.6,0
2025-11-04,2025-09-10,"1.85%",-175,1.85,0
2025-11-04,2025-09-10,"2.10%",-150,2.1,0
2025-11-04,2025-09-10,"2.35%",-125,2.35,0
2025-11-04,2025-09-10,"2.60%",-100,2.6,0
2025-11-04,2025-09-10,"2.85%",-75,2.85,0
2025-11-04,2025-09-10,"3.10%",-50,3.1,0.0341120661038495
2025-11-04,2025-09-10,"3.35%",-25,3.35,0.851693318311586
2025-11-04,2025-09-10,"3.60%",0,3.6,0.114194615584565
2025-11-04,2025-09-10,"3.85%",25,3.85,0
2025-11-04,2025-09-10,"4.10%",50,4.1,0
2025-11-04,2025-09-10,"4.35%",75,4.35,0
2025-11-04,2025-09-10,"4.60%",100,4.6,0
2025-11-04,2025-09-10,"4.85%",125,4.85,0
2025-11-04,2025-09-10,"5.10%",150,5.1,0
2025-11-04,2025-09-10,"5.35%",175,5.35,0
2025-11-04,2025-09-10,"5.60%",200,5.6,0
2025-11-04,2025-09-10,"5.85%",225,5.85,0
2025-11-04,2025-09-10,"6.10%",250,6.1,0
2025-11-04,2025-09-11,"0.10%",-300,0.1,0
2025-11-04,2025-09-11,"0.35%",-300,0.35,0
2025-11-04,2025-09-11,"0.60%",-300,0.6,0
2025-11-04,2025-09-11,"0.85%",-275,0.85,0
2025-11-04,2025-09-11,"1.10%",-250,1.1,0
2025-11-04,2025-09-11,"1.35%",-225,1.35,0
2025-11-04,2025-09-11,"1.60%",-200,1.6,0
2025-11-04,2025-09-11,"1.85%",-175,1.85,0
2025-11-04,2025-09-11,"2.10%",-150,2.1,0
2025-11-04,2025-09-11,"2.35%",-125,2.35,0
2025-11-04,2025-09-11,"2.60%",-100,2.6,0
2025-11-04,2025-09-11,"2.85%",-75,2.85,0
2025-11-04,2025-09-11,"3.10%",-50,3.1,0.0222256362043898
2025-11-04,2025-09-11,"3.35%",-25,3.35,0.86439862423531
2025-11-04,2025-09-11,"3.60%",0,3.6,0.1133757395603
2025-11-04,2025-09-11,"3.85%",25,3.85,0
2025-11-04,2025-09-11,"4.10%",50,4.1,0
2025-11-04,2025-09-11,"4.35%",75,4.35,0
2025-11-04,2025-09-11,"4.60%",100,4.6,0
2025-11-04,2025-09-11,"4.85%",125,4.85,0
2025-11-04,2025-09-11,"5.10%",150,5.1,0
2025-11-04,2025-09-11,"5.35%",175,5.35,0
2025-11-04,2025-09-11,"5.60%",200,5.6,0
2025-11-04,2025-09-11,"5.85%",225,5.85,0
2025-11-04,2025-09-11,"6.10%",250,6.1,0
2025-11-04,2025-09-12,"0.10%",-300,0.1,0
2025-11-04,2025-09-12,"0.35%",-300,0.35,0
2025-11-04,2025-09-12,"0.60%",-300,0.6,0
2025-11-04,2025-09-12,"0.85%",-275,0.85,0
2025-11-04,2025-09-12,"1.10%",-250,1.1,0
2025-11-04,2025-09-12,"1.35%",-225,1.35,0
2025-11-04,2025-09-12,"1.60%",-200,1.6,0
2025-11-04,2025-09-12,"1.85%",-175,1.85,0
2025-11-04,2025-09-12,"2.10%",-150,2.1,0
2025-11-04,2025-09-12,"2.35%",-125,2.35,0
2025-11-04,2025-09-12,"2.60%",-100,2.6,0
2025-11-04,2025-09-12,"2.85%",-75,2.85,0
2025-11-04,2025-09-12,"3.10%",-50,3.1,0.0308928197958826
2025-11-04,2025-09-12,"3.35%",-25,3.35,0.838481149075391
2025-11-04,2025-09-12,"3.60%",0,3.6,0.130626031128727
2025-11-04,2025-09-12,"3.85%",25,3.85,0
2025-11-04,2025-09-12,"4.10%",50,4.1,0
2025-11-04,2025-09-12,"4.35%",75,4.35,0
2025-11-04,2025-09-12,"4.60%",100,4.6,0
2025-11-04,2025-09-12,"4.85%",125,4.85,0
2025-11-04,2025-09-12,"5.10%",150,5.1,0
2025-11-04,2025-09-12,"5.35%",175,5.35,0
2025-11-04,2025-09-12,"5.60%",200,5.6,0
2025-11-04,2025-09-12,"5.85%",225,5.85,0
2025-11-04,2025-09-12,"6.10%",250,6.1,0
2025-11-04,2025-09-14,"0.10%",-300,0.1,0
2025-11-04,2025-09-14,"0.35%",-300,0.35,0
2025-11-04,2025-09-14,"0.60%",-300,0.6,0
2025-11-04,2025-09-14,"0.85%",-275,0.85,0
2025-11-04,2025-09-14,"1.10%",-250,1.1,0
2025-11-04,2025-09-14,"1.35%",-225,1.35,0
2025-11-04,2025-09-14,"1.60%",-200,1.6,0
2025-11-04,2025-09-14,"1.85%",-175,1.85,0
2025-11-04,2025-09-14,"2.10%",-150,2.1,0
2025-11-04,2025-09-14,"2.35%",-125,2.35,0
2025-11-04,2025-09-14,"2.60%",-100,2.6,0
2025-11-04,2025-09-14,"2.85%",-75,2.85,0
2025-11-04,2025-09-14,"3.10%",-50,3.1,0.0333679470787453
2025-11-04,2025-09-14,"3.35%",-25,3.35,0.787092095678808
2025-11-04,2025-09-14,"3.60%",0,3.6,0.179539957242447
2025-11-04,2025-09-14,"3.85%",25,3.85,0
2025-11-04,2025-09-14,"4.10%",50,4.1,0
2025-11-04,2025-09-14,"4.35%",75,4.35,0
2025-11-04,2025-09-14,"4.60%",100,4.6,0
2025-11-04,2025-09-14,"4.85%",125,4.85,0
2025-11-04,2025-09-14,"5.10%",150,5.1,0
2025-11-04,2025-09-14,"5.35%",175,5.35,0
2025-11-04,2025-09-14,"5.60%",200,5.6,0
2025-11-04,2025-09-14,"5.85%",225,5.85,0
2025-11-04,2025-09-14,"6.10%",250,6.1,0
2025-11-04,2025-09-15,"0.10%",-300,0.1,0
2025-11-04,2025-09-15,"0.35%",-300,0.35,0
2025-11-04,2025-09-15,"0.60%",-300,0.6,0
2025-11-04,2025-09-15,"0.85%",-275,0.85,0
2025-11-04,2025-09-15,"1.10%",-250,1.1,0
2025-11-04,2025-09-15,"1.35%",-225,1.35,0
2025-11-04,2025-09-15,"1.60%",-200,1.6,0
2025-11-04,2025-09-15,"1.85%",-175,1.85,0
2025-11-04,2025-09-15,"2.10%",-150,2.1,0
2025-11-04,2025-09-15,"2.35%",-125,2.35,0
2025-11-04,2025-09-15,"2.60%",-100,2.6,0
2025-11-04,2025-09-15,"2.85%",-75,2.85,0
2025-11-04,2025-09-15,"3.10%",-50,3.1,0.0385042935007242
2025-11-04,2025-09-15,"3.35%",-25,3.35,0.770982212787737
2025-11-04,2025-09-15,"3.60%",0,3.6,0.190513493711539
2025-11-04,2025-09-15,"3.85%",25,3.85,0
2025-11-04,2025-09-15,"4.10%",50,4.1,0
2025-11-04,2025-09-15,"4.35%",75,4.35,0
2025-11-04,2025-09-15,"4.60%",100,4.6,0
2025-11-04,2025-09-15,"4.85%",125,4.85,0
2025-11-04,2025-09-15,"5.10%",150,5.1,0
2025-11-04,2025-09-15,"5.35%",175,5.35,0
2025-11-04,2025-09-15,"5.60%",200,5.6,0
2025-11-04,2025-09-15,"5.85%",225,5.85,0
2025-11-04,2025-09-15,"6.10%",250,6.1,0
2025-11-04,2025-09-16,"0.10%",-300,0.1,0
2025-11-04,2025-09-16,"0.35%",-300,0.35,0
2025-11-04,2025-09-16,"0.60%",-300,0.6,0
2025-11-04,2025-09-16,"0.85%",-275,0.85,0
2025-11-04,2025-09-16,"1.10%",-250,1.1,0
2025-11-04,2025-09-16,"1.35%",-225,1.35,0
2025-11-04,2025-09-16,"1.60%",-200,1.6,0
2025-11-04,2025-09-16,"1.85%",-175,1.85,0
2025-11-04,2025-09-16,"2.10%",-150,2.1,0
2025-11-04,2025-09-16,"2.35%",-125,2.35,0
2025-11-04,2025-09-16,"2.60%",-100,2.6,0
2025-11-04,2025-09-16,"2.85%",-75,2.85,0
2025-11-04,2025-09-16,"3.10%",-50,3.1,0.0583578405619359
2025-11-04,2025-09-16,"3.35%",-25,3.35,0.746361877962537
2025-11-04,2025-09-16,"3.60%",0,3.6,0.195280281475527
2025-11-04,2025-09-16,"3.85%",25,3.85,0
2025-11-04,2025-09-16,"4.10%",50,4.1,0
2025-11-04,2025-09-16,"4.35%",75,4.35,0
2025-11-04,2025-09-16,"4.60%",100,4.6,0
2025-11-04,2025-09-16,"4.85%",125,4.85,0
2025-11-04,2025-09-16,"5.10%",150,5.1,0
2025-11-04,2025-09-16,"5.35%",175,5.35,0
2025-11-04,2025-09-16,"5.60%",200,5.6,0
2025-11-04,2025-09-16,"5.85%",225,5.85,0
2025-11-04,2025-09-16,"6.10%",250,6.1,0
2025-11-04,2025-09-17,"0.10%",-300,0.1,0
2025-11-04,2025-09-17,"0.35%",-300,0.35,0
2025-11-04,2025-09-17,"0.60%",-300,0.6,0
2025-11-04,2025-09-17,"0.85%",-275,0.85,0
2025-11-04,2025-09-17,"1.10%",-250,1.1,0
2025-11-04,2025-09-17,"1.35%",-225,1.35,0
2025-11-04,2025-09-17,"1.60%",-200,1.6,0
2025-11-04,2025-09-17,"1.85%",-175,1.85,0
2025-11-04,2025-09-17,"2.10%",-150,2.1,0
2025-11-04,2025-09-17,"2.35%",-125,2.35,0
2025-11-04,2025-09-17,"2.60%",-100,2.6,0
2025-11-04,2025-09-17,"2.85%",-75,2.85,0
2025-11-04,2025-09-17,"3.10%",-50,3.1,0.0447990464298072
2025-11-04,2025-09-17,"3.35%",-25,3.35,0.826347059122504
2025-11-04,2025-09-17,"3.60%",0,3.6,0.128853894447689
2025-11-04,2025-09-17,"3.85%",25,3.85,0
2025-11-04,2025-09-17,"4.10%",50,4.1,0
2025-11-04,2025-09-17,"4.35%",75,4.35,0
2025-11-04,2025-09-17,"4.60%",100,4.6,0
2025-11-04,2025-09-17,"4.85%",125,4.85,0
2025-11-04,2025-09-17,"5.10%",150,5.1,0
2025-11-04,2025-09-17,"5.35%",175,5.35,0
2025-11-04,2025-09-17,"5.60%",200,5.6,0
2025-11-04,2025-09-17,"5.85%",225,5.85,0
2025-11-04,2025-09-17,"6.10%",250,6.1,0
2025-11-04,2025-09-18,"0.10%",-300,0.1,0
2025-11-04,2025-09-18,"0.35%",-300,0.35,0
2025-11-04,2025-09-18,"0.60%",-300,0.6,0
2025-11-04,2025-09-18,"0.85%",-275,0.85,0
2025-11-04,2025-09-18,"1.10%",-250,1.1,0
2025-11-04,2025-09-18,"1.35%",-225,1.35,0
2025-11-04,2025-09-18,"1.60%",-200,1.6,0
2025-11-04,2025-09-18,"1.85%",-175,1.85,0
2025-11-04,2025-09-18,"2.10%",-150,2.1,0
2025-11-04,2025-09-18,"2.35%",-125,2.35,0
2025-11-04,2025-09-18,"2.60%",-100,2.6,0
2025-11-04,2025-09-18,"2.85%",-75,2.85,0
2025-11-04,2025-09-18,"3.10%",-50,3.1,0.0399737401403567
2025-11-04,2025-09-18,"3.35%",-25,3.35,0.769565266430537
2025-11-04,2025-09-18,"3.60%",0,3.6,0.190460993429106
2025-11-04,2025-09-18,"3.85%",25,3.85,0
2025-11-04,2025-09-18,"4.10%",50,4.1,0
2025-11-04,2025-09-18,"4.35%",75,4.35,0
2025-11-04,2025-09-18,"4.60%",100,4.6,0
2025-11-04,2025-09-18,"4.85%",125,4.85,0
2025-11-04,2025-09-18,"5.10%",150,5.1,0
2025-11-04,2025-09-18,"5.35%",175,5.35,0
2025-11-04,2025-09-18,"5.60%",200,5.6,0
2025-11-04,2025-09-18,"5.85%",225,5.85,0
2025-11-04,2025-09-18,"6.10%",250,6.1,0
2025-11-04,2025-09-21,"0.10%",-300,0.1,0
2025-11-04,2025-09-21,"0.35%",-300,0.35,0
2025-11-04,2025-09-21,"0.60%",-300,0.6,0
2025-11-04,2025-09-21,"0.85%",-275,0.85,0
2025-11-04,2025-09-21,"1.10%",-250,1.1,0
2025-11-04,2025-09-21,"1.35%",-225,1.35,0
2025-11-04,2025-09-21,"1.60%",-200,1.6,0
2025-11-04,2025-09-21,"1.85%",-175,1.85,0
2025-11-04,2025-09-21,"2.10%",-150,2.1,0
2025-11-04,2025-09-21,"2.35%",-125,2.35,0
2025-11-04,2025-09-21,"2.60%",-100,2.6,0
2025-11-04,2025-09-21,"2.85%",-75,2.85,0
2025-11-04,2025-09-21,"3.10%",-50,3.1,0.026262095379497
2025-11-04,2025-09-21,"3.35%",-25,3.35,0.760947190066765
2025-11-04,2025-09-21,"3.60%",0,3.6,0.212790714553738
2025-11-04,2025-09-21,"3.85%",25,3.85,0
2025-11-04,2025-09-21,"4.10%",50,4.1,0
2025-11-04,2025-09-21,"4.35%",75,4.35,0
2025-11-04,2025-09-21,"4.60%",100,4.6,0
2025-11-04,2025-09-21,"4.85%",125,4.85,0
2025-11-04,2025-09-21,"5.10%",150,5.1,0
2025-11-04,2025-09-21,"5.35%",175,5.35,0
2025-11-04,2025-09-21,"5.60%",200,5.6,0
2025-11-04,2025-09-21,"5.85%",225,5.85,0
2025-11-04,2025-09-21,"6.10%",250,6.1,0
2025-11-04,2025-09-22,"0.10%",-300,0.1,0
2025-11-04,2025-09-22,"0.35%",-300,0.35,0
2025-11-04,2025-09-22,"0.60%",-300,0.6,0
2025-11-04,2025-09-22,"0.85%",-275,0.85,0
2025-11-04,2025-09-22,"1.10%",-250,1.1,0
2025-11-04,2025-09-22,"1.35%",-225,1.35,0
2025-11-04,2025-09-22,"1.60%",-200,1.6,0
2025-11-04,2025-09-22,"1.85%",-175,1.85,0
2025-11-04,2025-09-22,"2.10%",-150,2.1,0
2025-11-04,2025-09-22,"2.35%",-125,2.35,0
2025-11-04,2025-09-22,"2.60%",-100,2.6,0
2025-11-04,2025-09-22,"2.85%",-75,2.85,0
2025-11-04,2025-09-22,"3.10%",-50,3.1,0.0264562696651329
2025-11-04,2025-09-22,"3.35%",-25,3.35,0.738064413084252
2025-11-04,2025-09-22,"3.60%",0,3.6,0.235479317250615
2025-11-04,2025-09-22,"3.85%",25,3.85,0
2025-11-04,2025-09-22,"4.10%",50,4.1,0
2025-11-04,2025-09-22,"4.35%",75,4.35,0
2025-11-04,2025-09-22,"4.60%",100,4.6,0
2025-11-04,2025-09-22,"4.85%",125,4.85,0
2025-11-04,2025-09-22,"5.10%",150,5.1,0
2025-11-04,2025-09-22,"5.35%",175,5.35,0
2025-11-04,2025-09-22,"5.60%",200,5.6,0
2025-11-04,2025-09-22,"5.85%",225,5.85,0
2025-11-04,2025-09-22,"6.10%",250,6.1,0
2025-11-04,2025-09-23,"0.10%",-300,0.1,0
2025-11-04,2025-09-23,"0.35%",-300,0.35,0
2025-11-04,2025-09-23,"0.60%",-300,0.6,0
2025-11-04,2025-09-23,"0.85%",-275,0.85,0
2025-11-04,2025-09-23,"1.10%",-250,1.1,0
2025-11-04,2025-09-23,"1.35%",-225,1.35,0
2025-11-04,2025-09-23,"1.60%",-200,1.6,0
2025-11-04,2025-09-23,"1.85%",-175,1.85,0
2025-11-04,2025-09-23,"2.10%",-150,2.1,0
2025-11-04,2025-09-23,"2.35%",-125,2.35,0
2025-11-04,2025-09-23,"2.60%",-100,2.6,0
2025-11-04,2025-09-23,"2.85%",-75,2.85,0
2025-11-04,2025-09-23,"3.10%",-50,3.1,0
2025-11-04,2025-09-23,"3.35%",-25,3.35,0.534882044000664
2025-11-04,2025-09-23,"3.60%",0,3.6,0.465117955999336
2025-11-04,2025-09-23,"3.85%",25,3.85,0
2025-11-04,2025-09-23,"4.10%",50,4.1,0
2025-11-04,2025-09-23,"4.35%",75,4.35,0
2025-11-04,2025-09-23,"4.60%",100,4.6,0
2025-11-04,2025-09-23,"4.85%",125,4.85,0
2025-11-04,2025-09-23,"5.10%",150,5.1,0
2025-11-04,2025-09-23,"5.35%",175,5.35,0
2025-11-04,2025-09-23,"5.60%",200,5.6,0
2025-11-04,2025-09-23,"5.85%",225,5.85,0
2025-11-04,2025-09-23,"6.10%",250,6.1,0
2025-11-04,2025-09-24,"0.10%",-300,0.1,0
2025-11-04,2025-09-24,"0.35%",-300,0.35,0
2025-11-04,2025-09-24,"0.60%",-300,0.6,0
2025-11-04,2025-09-24,"0.85%",-275,0.85,0
2025-11-04,2025-09-24,"1.10%",-250,1.1,0
2025-11-04,2025-09-24,"1.35%",-225,1.35,0
2025-11-04,2025-09-24,"1.60%",-200,1.6,0
2025-11-04,2025-09-24,"1.85%",-175,1.85,0
2025-11-04,2025-09-24,"2.10%",-150,2.1,0
2025-11-04,2025-09-24,"2.35%",-125,2.35,0
2025-11-04,2025-09-24,"2.60%",-100,2.6,0
2025-11-04,2025-09-24,"2.85%",-75,2.85,0
2025-11-04,2025-09-24,"3.10%",-50,3.1,0
2025-11-04,2025-09-24,"3.35%",-25,3.35,0.508009114701796
2025-11-04,2025-09-24,"3.60%",0,3.6,0.491990885298204
2025-11-04,2025-09-24,"3.85%",25,3.85,0
2025-11-04,2025-09-24,"4.10%",50,4.1,0
2025-11-04,2025-09-24,"4.35%",75,4.35,0
2025-11-04,2025-09-24,"4.60%",100,4.6,0
2025-11-04,2025-09-24,"4.85%",125,4.85,0
2025-11-04,2025-09-24,"5.10%",150,5.1,0
2025-11-04,2025-09-24,"5.35%",175,5.35,0
2025-11-04,2025-09-24,"5.60%",200,5.6,0
2025-11-04,2025-09-24,"5.85%",225,5.85,0
2025-11-04,2025-09-24,"6.10%",250,6.1,0
2025-11-04,2025-09-25,"0.10%",-300,0.1,0
2025-11-04,2025-09-25,"0.35%",-300,0.35,0
2025-11-04,2025-09-25,"0.60%",-300,0.6,0
2025-11-04,2025-09-25,"0.85%",-275,0.85,0
2025-11-04,2025-09-25,"1.10%",-250,1.1,0
2025-11-04,2025-09-25,"1.35%",-225,1.35,0
2025-11-04,2025-09-25,"1.60%",-200,1.6,0
2025-11-04,2025-09-25,"1.85%",-175,1.85,0
2025-11-04,2025-09-25,"2.10%",-150,2.1,0
2025-11-04,2025-09-25,"2.35%",-125,2.35,0
2025-11-04,2025-09-25,"2.60%",-100,2.6,0
2025-11-04,2025-09-25,"2.85%",-75,2.85,0
2025-11-04,2025-09-25,"3.10%",-50,3.1,0
2025-11-04,2025-09-25,"3.35%",-25,3.35,0.481755347840948
2025-11-04,2025-09-25,"3.60%",0,3.6,0.518244652159052
2025-11-04,2025-09-25,"3.85%",25,3.85,0
2025-11-04,2025-09-25,"4.10%",50,4.1,0
2025-11-04,2025-09-25,"4.35%",75,4.35,0
2025-11-04,2025-09-25,"4.60%",100,4.6,0
2025-11-04,2025-09-25,"4.85%",125,4.85,0
2025-11-04,2025-09-25,"5.10%",150,5.1,0
2025-11-04,2025-09-25,"5.35%",175,5.35,0
2025-11-04,2025-09-25,"5.60%",200,5.6,0
2025-11-04,2025-09-25,"5.85%",225,5.85,0
2025-11-04,2025-09-25,"6.10%",250,6.1,0
2025-11-04,2025-09-28,"0.10%",-300,0.1,0
2025-11-04,2025-09-28,"0.35%",-300,0.35,0
2025-11-04,2025-09-28,"0.60%",-300,0.6,0
2025-11-04,2025-09-28,"0.85%",-275,0.85,0
2025-11-04,2025-09-28,"1.10%",-250,1.1,0
2025-11-04,2025-09-28,"1.35%",-225,1.35,0
2025-11-04,2025-09-28,"1.60%",-200,1.6,0
2025-11-04,2025-09-28,"1.85%",-175,1.85,0
2025-11-04,2025-09-28,"2.10%",-150,2.1,0
2025-11-04,2025-09-28,"2.35%",-125,2.35,0
2025-11-04,2025-09-28,"2.60%",-100,2.6,0
2025-11-04,2025-09-28,"2.85%",-75,2.85,0
2025-11-04,2025-09-28,"3.10%",-50,3.1,0
2025-11-04,2025-09-28,"3.35%",-25,3.35,0.558354826200017
2025-11-04,2025-09-28,"3.60%",0,3.6,0.441645173799983
2025-11-04,2025-09-28,"3.85%",25,3.85,0
2025-11-04,2025-09-28,"4.10%",50,4.1,0
2025-11-04,2025-09-28,"4.35%",75,4.35,0
2025-11-04,2025-09-28,"4.60%",100,4.6,0
2025-11-04,2025-09-28,"4.85%",125,4.85,0
2025-11-04,2025-09-28,"5.10%",150,5.1,0
2025-11-04,2025-09-28,"5.35%",175,5.35,0
2025-11-04,2025-09-28,"5.60%",200,5.6,0
2025-11-04,2025-09-28,"5.85%",225,5.85,0
2025-11-04,2025-09-28,"6.10%",250,6.1,0
2025-11-04,2025-09-29,"0.10%",-300,0.1,0
2025-11-04,2025-09-29,"0.35%",-300,0.35,0
2025-11-04,2025-09-29,"0.60%",-300,0.6,0
2025-11-04,2025-09-29,"0.85%",-275,0.85,0
2025-11-04,2025-09-29,"1.10%",-250,1.1,0
2025-11-04,2025-09-29,"1.35%",-225,1.35,0
2025-11-04,2025-09-29,"1.60%",-200,1.6,0
2025-11-04,2025-09-29,"1.85%",-175,1.85,0
2025-11-04,2025-09-29,"2.10%",-150,2.1,0
2025-11-04,2025-09-29,"2.35%",-125,2.35,0
2025-11-04,2025-09-29,"2.60%",-100,2.6,0
2025-11-04,2025-09-29,"2.85%",-75,2.85,0
2025-11-04,2025-09-29,"3.10%",-50,3.1,0
2025-11-04,2025-09-29,"3.35%",-25,3.35,0.37166628923867
2025-11-04,2025-09-29,"3.60%",0,3.6,0.62833371076133
2025-11-04,2025-09-29,"3.85%",25,3.85,0
2025-11-04,2025-09-29,"4.10%",50,4.1,0
2025-11-04,2025-09-29,"4.35%",75,4.35,0
2025-11-04,2025-09-29,"4.60%",100,4.6,0
2025-11-04,2025-09-29,"4.85%",125,4.85,0
2025-11-04,2025-09-29,"5.10%",150,5.1,0
2025-11-04,2025-09-29,"5.35%",175,5.35,0
2025-11-04,2025-09-29,"5.60%",200,5.6,0
2025-11-04,2025-09-29,"5.85%",225,5.85,0
2025-11-04,2025-09-29,"6.10%",250,6.1,0
2025-11-04,2025-09-30,"0.10%",-300,0.1,0
2025-11-04,2025-09-30,"0.35%",-300,0.35,0
2025-11-04,2025-09-30,"0.60%",-300,0.6,0
2025-11-04,2025-09-30,"0.85%",-275,0.85,0
2025-11-04,2025-09-30,"1.10%",-250,1.1,0
2025-11-04,2025-09-30,"1.35%",-225,1.35,0
2025-11-04,2025-09-30,"1.60%",-200,1.6,0
2025-11-04,2025-09-30,"1.85%",-175,1.85,0
2025-11-04,2025-09-30,"2.10%",-150,2.1,0
2025-11-04,2025-09-30,"2.35%",-125,2.35,0
2025-11-04,2025-09-30,"2.60%",-100,2.6,0
2025-11-04,2025-09-30,"2.85%",-75,2.85,0
2025-11-04,2025-09-30,"3.10%",-50,3.1,0
2025-11-04,2025-09-30,"3.35%",-25,3.35,0.334978169990034
2025-11-04,2025-09-30,"3.60%",0,3.6,0.665021830009966
2025-11-04,2025-09-30,"3.85%",25,3.85,0
2025-11-04,2025-09-30,"4.10%",50,4.1,0
2025-11-04,2025-09-30,"4.35%",75,4.35,0
2025-11-04,2025-09-30,"4.60%",100,4.6,0
2025-11-04,2025-09-30,"4.85%",125,4.85,0
2025-11-04,2025-09-30,"5.10%",150,5.1,0
2025-11-04,2025-09-30,"5.35%",175,5.35,0
2025-11-04,2025-09-30,"5.60%",200,5.6,0
2025-11-04,2025-09-30,"5.85%",225,5.85,0
2025-11-04,2025-09-30,"6.10%",250,6.1,0
2025-11-04,2025-10-01,"0.10%",-300,0.1,0
2025-11-04,2025-10-01,"0.35%",-300,0.35,0
2025-11-04,2025-10-01,"0.60%",-300,0.6,0
2025-11-04,2025-10-01,"0.85%",-275,0.85,0
2025-11-04,2025-10-01,"1.10%",-250,1.1,0
2025-11-04,2025-10-01,"1.35%",-225,1.35,0
2025-11-04,2025-10-01,"1.60%",-200,1.6,0
2025-11-04,2025-10-01,"1.85%",-175,1.85,0
2025-11-04,2025-10-01,"2.10%",-150,2.1,0
2025-11-04,2025-10-01,"2.35%",-125,2.35,0
2025-11-04,2025-10-01,"2.60%",-100,2.6,0
2025-11-04,2025-10-01,"2.85%",-75,2.85,0
2025-11-04,2025-10-01,"3.10%",-50,3.1,0
2025-11-04,2025-10-01,"3.35%",-25,3.35,0.409738779975906
2025-11-04,2025-10-01,"3.60%",0,3.6,0.590261220024094
2025-11-04,2025-10-01,"3.85%",25,3.85,0
2025-11-04,2025-10-01,"4.10%",50,4.1,0
2025-11-04,2025-10-01,"4.35%",75,4.35,0
2025-11-04,2025-10-01,"4.60%",100,4.6,0
2025-11-04,2025-10-01,"4.85%",125,4.85,0
2025-11-04,2025-10-01,"5.10%",150,5.1,0
2025-11-04,2025-10-01,"5.35%",175,5.35,0
2025-11-04,2025-10-01,"5.60%",200,5.6,0
2025-11-04,2025-10-01,"5.85%",225,5.85,0
2025-11-04,2025-10-01,"6.10%",250,6.1,0
2025-11-04,2025-10-02,"0.10%",-300,0.1,0
2025-11-04,2025-10-02,"0.35%",-300,0.35,0
2025-11-04,2025-10-02,"0.60%",-300,0.6,0
2025-11-04,2025-10-02,"0.85%",-275,0.85,0
2025-11-04,2025-10-02,"1.10%",-250,1.1,0
2025-11-04,2025-10-02,"1.35%",-225,1.35,0
2025-11-04,2025-10-02,"1.60%",-200,1.6,0
2025-11-04,2025-10-02,"1.85%",-175,1.85,0
2025-11-04,2025-10-02,"2.10%",-150,2.1,0
2025-11-04,2025-10-02,"2.35%",-125,2.35,0
2025-11-04,2025-10-02,"2.60%",-100,2.6,0
2025-11-04,2025-10-02,"2.85%",-75,2.85,0
2025-11-04,2025-10-02,"3.10%",-50,3.1,0
2025-11-04,2025-10-02,"3.35%",-25,3.35,0.391102234883074
2025-11-04,2025-10-02,"3.60%",0,3.6,0.608897765116926
2025-11-04,2025-10-02,"3.85%",25,3.85,0
2025-11-04,2025-10-02,"4.10%",50,4.1,0
2025-11-04,2025-10-02,"4.35%",75,4.35,0
2025-11-04,2025-10-02,"4.60%",100,4.6,0
2025-11-04,2025-10-02,"4.85%",125,4.85,0
2025-11-04,2025-10-02,"5.10%",150,5.1,0
2025-11-04,2025-10-02,"5.35%",175,5.35,0
2025-11-04,2025-10-02,"5.60%",200,5.6,0
2025-11-04,2025-10-02,"5.85%",225,5.85,0
2025-11-04,2025-10-02,"6.10%",250,6.1,0
2025-11-04,2025-10-05,"0.10%",-300,0.1,0
2025-11-04,2025-10-05,"0.35%",-300,0.35,0
2025-11-04,2025-10-05,"0.60%",-300,0.6,0
2025-11-04,2025-10-05,"0.85%",-275,0.85,0
2025-11-04,2025-10-05,"1.10%",-250,1.1,0
2025-11-04,2025-10-05,"1.35%",-225,1.35,0
2025-11-04,2025-10-05,"1.60%",-200,1.6,0
2025-11-04,2025-10-05,"1.85%",-175,1.85,0
2025-11-04,2025-10-05,"2.10%",-150,2.1,0
2025-11-04,2025-10-05,"2.35%",-125,2.35,0
2025-11-04,2025-10-05,"2.60%",-100,2.6,0
2025-11-04,2025-10-05,"2.85%",-75,2.85,0
2025-11-04,2025-10-05,"3.10%",-50,3.1,0
2025-11-04,2025-10-05,"3.35%",-25,3.35,0.347540399356167
2025-11-04,2025-10-05,"3.60%",0,3.6,0.652459600643833
2025-11-04,2025-10-05,"3.85%",25,3.85,0
2025-11-04,2025-10-05,"4.10%",50,4.1,0
2025-11-04,2025-10-05,"4.35%",75,4.35,0
2025-11-04,2025-10-05,"4.60%",100,4.6,0
2025-11-04,2025-10-05,"4.85%",125,4.85,0
2025-11-04,2025-10-05,"5.10%",150,5.1,0
2025-11-04,2025-10-05,"5.35%",175,5.35,0
2025-11-04,2025-10-05,"5.60%",200,5.6,0
2025-11-04,2025-10-05,"5.85%",225,5.85,0
2025-11-04,2025-10-05,"6.10%",250,6.1,0
2025-11-04,2025-10-06,"0.10%",-300,0.1,0
2025-11-04,2025-10-06,"0.35%",-300,0.35,0
2025-11-04,2025-10-06,"0.60%",-300,0.6,0
2025-11-04,2025-10-06,"0.85%",-275,0.85,0
2025-11-04,2025-10-06,"1.10%",-250,1.1,0
2025-11-04,2025-10-06,"1.35%",-225,1.35,0
2025-11-04,2025-10-06,"1.60%",-200,1.6,0
2025-11-04,2025-10-06,"1.85%",-175,1.85,0
2025-11-04,2025-10-06,"2.10%",-150,2.1,0
2025-11-04,2025-10-06,"2.35%",-125,2.35,0
2025-11-04,2025-10-06,"2.60%",-100,2.6,0
2025-11-04,2025-10-06,"2.85%",-75,2.85,0
2025-11-04,2025-10-06,"3.10%",-50,3.1,0
2025-11-04,2025-10-06,"3.35%",-25,3.35,0.381957690983246
2025-11-04,2025-10-06,"3.60%",0,3.6,0.618042309016754
2025-11-04,2025-10-06,"3.85%",25,3.85,0
2025-11-04,2025-10-06,"4.10%",50,4.1,0
2025-11-04,2025-10-06,"4.35%",75,4.35,0
2025-11-04,2025-10-06,"4.60%",100,4.6,0
2025-11-04,2025-10-06,"4.85%",125,4.85,0
2025-11-04,2025-10-06,"5.10%",150,5.1,0
2025-11-04,2025-10-06,"5.35%",175,5.35,0
2025-11-04,2025-10-06,"5.60%",200,5.6,0
2025-11-04,2025-10-06,"5.85%",225,5.85,0
2025-11-04,2025-10-06,"6.10%",250,6.1,0
2025-11-04,2025-10-07,"0.10%",-300,0.1,0
2025-11-04,2025-10-07,"0.35%",-300,0.35,0
2025-11-04,2025-10-07,"0.60%",-300,0.6,0
2025-11-04,2025-10-07,"0.85%",-275,0.85,0
2025-11-04,2025-10-07,"1.10%",-250,1.1,0
2025-11-04,2025-10-07,"1.35%",-225,1.35,0
2025-11-04,2025-10-07,"1.60%",-200,1.6,0
2025-11-04,2025-10-07,"1.85%",-175,1.85,0
2025-11-04,2025-10-07,"2.10%",-150,2.1,0
2025-11-04,2025-10-07,"2.35%",-125,2.35,0
2025-11-04,2025-10-07,"2.60%",-100,2.6,0
2025-11-04,2025-10-07,"2.85%",-75,2.85,0
2025-11-04,2025-10-07,"3.10%",-50,3.1,0
2025-11-04,2025-10-07,"3.35%",-25,3.35,0.407568408085894
2025-11-04,2025-10-07,"3.60%",0,3.6,0.592431591914106
2025-11-04,2025-10-07,"3.85%",25,3.85,0
2025-11-04,2025-10-07,"4.10%",50,4.1,0
2025-11-04,2025-10-07,"4.35%",75,4.35,0
2025-11-04,2025-10-07,"4.60%",100,4.6,0
2025-11-04,2025-10-07,"4.85%",125,4.85,0
2025-11-04,2025-10-07,"5.10%",150,5.1,0
2025-11-04,2025-10-07,"5.35%",175,5.35,0
2025-11-04,2025-10-07,"5.60%",200,5.6,0
2025-11-04,2025-10-07,"5.85%",225,5.85,0
2025-11-04,2025-10-07,"6.10%",250,6.1,0
2025-11-04,2025-10-08,"0.10%",-300,0.1,0
2025-11-04,2025-10-08,"0.35%",-300,0.35,0
2025-11-04,2025-10-08,"0.60%",-300,0.6,0
2025-11-04,2025-10-08,"0.85%",-275,0.85,0
2025-11-04,2025-10-08,"1.10%",-250,1.1,0
2025-11-04,2025-10-08,"1.35%",-225,1.35,0
2025-11-04,2025-10-08,"1.60%",-200,1.6,0
2025-11-04,2025-10-08,"1.85%",-175,1.85,0
2025-11-04,2025-10-08,"2.10%",-150,2.1,0
2025-11-04,2025-10-08,"2.35%",-125,2.35,0
2025-11-04,2025-10-08,"2.60%",-100,2.6,0
2025-11-04,2025-10-08,"2.85%",-75,2.85,0
2025-11-04,2025-10-08,"3.10%",-50,3.1,0
2025-11-04,2025-10-08,"3.35%",-25,3.35,0.380406069465603
2025-11-04,2025-10-08,"3.60%",0,3.6,0.619593930534397
2025-11-04,2025-10-08,"3.85%",25,3.85,0
2025-11-04,2025-10-08,"4.10%",50,4.1,0
2025-11-04,2025-10-08,"4.35%",75,4.35,0
2025-11-04,2025-10-08,"4.60%",100,4.6,0
2025-11-04,2025-10-08,"4.85%",125,4.85,0
2025-11-04,2025-10-08,"5.10%",150,5.1,0
2025-11-04,2025-10-08,"5.35%",175,5.35,0
2025-11-04,2025-10-08,"5.60%",200,5.6,0
2025-11-04,2025-10-08,"5.85%",225,5.85,0
2025-11-04,2025-10-08,"6.10%",250,6.1,0
2025-11-04,2025-10-09,"0.10%",-300,0.1,0
2025-11-04,2025-10-09,"0.35%",-300,0.35,0
2025-11-04,2025-10-09,"0.60%",-300,0.6,0
2025-11-04,2025-10-09,"0.85%",-275,0.85,0
2025-11-04,2025-10-09,"1.10%",-250,1.1,0
2025-11-04,2025-10-09,"1.35%",-225,1.35,0
2025-11-04,2025-10-09,"1.60%",-200,1.6,0
2025-11-04,2025-10-09,"1.85%",-175,1.85,0
2025-11-04,2025-10-09,"2.10%",-150,2.1,0
2025-11-04,2025-10-09,"2.35%",-125,2.35,0
2025-11-04,2025-10-09,"2.60%",-100,2.6,0
2025-11-04,2025-10-09,"2.85%",-75,2.85,0
2025-11-04,2025-10-09,"3.10%",-50,3.1,0
2025-11-04,2025-10-09,"3.35%",-25,3.35,0.353357185781775
2025-11-04,2025-10-09,"3.60%",0,3.6,0.646642814218225
2025-11-04,2025-10-09,"3.85%",25,3.85,0
2025-11-04,2025-10-09,"4.10%",50,4.1,0
2025-11-04,2025-10-09,"4.35%",75,4.35,0
2025-11-04,2025-10-09,"4.60%",100,4.6,0
2025-11-04,2025-10-09,"4.85%",125,4.85,0
2025-11-04,2025-10-09,"5.10%",150,5.1,0
2025-11-04,2025-10-09,"5.35%",175,5.35,0
2025-11-04,2025-10-09,"5.60%",200,5.6,0
2025-11-04,2025-10-09,"5.85%",225,5.85,0
2025-11-04,2025-10-09,"6.10%",250,6.1,0
2025-11-04,2025-10-10,"0.10%",-300,0.1,0
2025-11-04,2025-10-10,"0.35%",-300,0.35,0
2025-11-04,2025-10-10,"0.60%",-300,0.6,0
2025-11-04,2025-10-10,"0.85%",-275,0.85,0
2025-11-04,2025-10-10,"1.10%",-250,1.1,0
2025-11-04,2025-10-10,"1.35%",-225,1.35,0
2025-11-04,2025-10-10,"1.60%",-200,1.6,0
2025-11-04,2025-10-10,"1.85%",-175,1.85,0
2025-11-04,2025-10-10,"2.10%",-150,2.1,0
2025-11-04,2025-10-10,"2.35%",-125,2.35,0
2025-11-04,2025-10-10,"2.60%",-100,2.6,0
2025-11-04,2025-10-10,"2.85%",-75,2.85,0
2025-11-04,2025-10-10,"3.10%",-50,3.1,0
2025-11-04,2025-10-10,"3.35%",-25,3.35,0.393836222040973
2025-11-04,2025-10-10,"3.60%",0,3.6,0.606163777959027
2025-11-04,2025-10-10,"3.85%",25,3.85,0
2025-11-04,2025-10-10,"4.10%",50,4.1,0
2025-11-04,2025-10-10,"4.35%",75,4.35,0
2025-11-04,2025-10-10,"4.60%",100,4.6,0
2025-11-04,2025-10-10,"4.85%",125,4.85,0
2025-11-04,2025-10-10,"5.10%",150,5.1,0
2025-11-04,2025-10-10,"5.35%",175,5.35,0
2025-11-04,2025-10-10,"5.60%",200,5.6,0
2025-11-04,2025-10-10,"5.85%",225,5.85,0
2025-11-04,2025-10-10,"6.10%",250,6.1,0
2025-11-04,2025-10-11,"0.10%",-300,0.1,0
2025-11-04,2025-10-11,"0.35%",-300,0.35,0
2025-11-04,2025-10-11,"0.60%",-300,0.6,0
2025-11-04,2025-10-11,"0.85%",-275,0.85,0
2025-11-04,2025-10-11,"1.10%",-250,1.1,0
2025-11-04,2025-10-11,"1.35%",-225,1.35,0
2025-11-04,2025-10-11,"1.60%",-200,1.6,0
2025-11-04,2025-10-11,"1.85%",-175,1.85,0
2025-11-04,2025-10-11,"2.10%",-150,2.1,0
2025-11-04,2025-10-11,"2.35%",-125,2.35,0
2025-11-04,2025-10-11,"2.60%",-100,2.6,0
2025-11-04,2025-10-11,"2.85%",-75,2.85,0
2025-11-04,2025-10-11,"3.10%",-50,3.1,0
2025-11-04,2025-10-11,"3.35%",-25,3.35,0.400324726480201
2025-11-04,2025-10-11,"3.60%",0,3.6,0.599675273519799
2025-11-04,2025-10-11,"3.85%",25,3.85,0
2025-11-04,2025-10-11,"4.10%",50,4.1,0
2025-11-04,2025-10-11,"4.35%",75,4.35,0
2025-11-04,2025-10-11,"4.60%",100,4.6,0
2025-11-04,2025-10-11,"4.85%",125,4.85,0
2025-11-04,2025-10-11,"5.10%",150,5.1,0
2025-11-04,2025-10-11,"5.35%",175,5.35,0
2025-11-04,2025-10-11,"5.60%",200,5.6,0
2025-11-04,2025-10-11,"5.85%",225,5.85,0
2025-11-04,2025-10-11,"6.10%",250,6.1,0
2025-11-04,2025-10-12,"0.10%",-300,0.1,0
2025-11-04,2025-10-12,"0.35%",-300,0.35,0
2025-11-04,2025-10-12,"0.60%",-300,0.6,0
2025-11-04,2025-10-12,"0.85%",-275,0.85,0
2025-11-04,2025-10-12,"1.10%",-250,1.1,0
2025-11-04,2025-10-12,"1.35%",-225,1.35,0
2025-11-04,2025-10-12,"1.60%",-200,1.6,0
2025-11-04,2025-10-12,"1.85%",-175,1.85,0
2025-11-04,2025-10-12,"2.10%",-150,2.1,0
2025-11-04,2025-10-12,"2.35%",-125,2.35,0
2025-11-04,2025-10-12,"2.60%",-100,2.6,0
2025-11-04,2025-10-12,"2.85%",-75,2.85,0
2025-11-04,2025-10-12,"3.10%",-50,3.1,0
2025-11-04,2025-10-12,"3.35%",-25,3.35,0.486814160193882
2025-11-04,2025-10-12,"3.60%",0,3.6,0.513185839806118
2025-11-04,2025-10-12,"3.85%",25,3.85,0
2025-11-04,2025-10-12,"4.10%",50,4.1,0
2025-11-04,2025-10-12,"4.35%",75,4.35,0
2025-11-04,2025-10-12,"4.60%",100,4.6,0
2025-11-04,2025-10-12,"4.85%",125,4.85,0
2025-11-04,2025-10-12,"5.10%",150,5.1,0
2025-11-04,2025-10-12,"5.35%",175,5.35,0
2025-11-04,2025-10-12,"5.60%",200,5.6,0
2025-11-04,2025-10-12,"5.85%",225,5.85,0
2025-11-04,2025-10-12,"6.10%",250,6.1,0
2025-11-04,2025-10-13,"0.10%",-300,0.1,0
2025-11-04,2025-10-13,"0.35%",-300,0.35,0
2025-11-04,2025-10-13,"0.60%",-300,0.6,0
2025-11-04,2025-10-13,"0.85%",-275,0.85,0
2025-11-04,2025-10-13,"1.10%",-250,1.1,0
2025-11-04,2025-10-13,"1.35%",-225,1.35,0
2025-11-04,2025-10-13,"1.60%",-200,1.6,0
2025-11-04,2025-10-13,"1.85%",-175,1.85,0
2025-11-04,2025-10-13,"2.10%",-150,2.1,0
2025-11-04,2025-10-13,"2.35%",-125,2.35,0
2025-11-04,2025-10-13,"2.60%",-100,2.6,0
2025-11-04,2025-10-13,"2.85%",-75,2.85,0
2025-11-04,2025-10-13,"3.10%",-50,3.1,0
2025-11-04,2025-10-13,"3.35%",-25,3.35,0.462514646244942
2025-11-04,2025-10-13,"3.60%",0,3.6,0.537485353755057
2025-11-04,2025-10-13,"3.85%",25,3.85,0
2025-11-04,2025-10-13,"4.10%",50,4.1,0
2025-11-04,2025-10-13,"4.35%",75,4.35,0
2025-11-04,2025-10-13,"4.60%",100,4.6,0
2025-11-04,2025-10-13,"4.85%",125,4.85,0
2025-11-04,2025-10-13,"5.10%",150,5.1,0
2025-11-04,2025-10-13,"5.35%",175,5.35,0
2025-11-04,2025-10-13,"5.60%",200,5.6,0
2025-11-04,2025-10-13,"5.85%",225,5.85,0
2025-11-04,2025-10-13,"6.10%",250,6.1,0
2025-11-04,2025-10-14,"0.10%",-300,0.1,0
2025-11-04,2025-10-14,"0.35%",-300,0.35,0
2025-11-04,2025-10-14,"0.60%",-300,0.6,0
2025-11-04,2025-10-14,"0.85%",-275,0.85,0
2025-11-04,2025-10-14,"1.10%",-250,1.1,0
2025-11-04,2025-10-14,"1.35%",-225,1.35,0
2025-11-04,2025-10-14,"1.60%",-200,1.6,0
2025-11-04,2025-10-14,"1.85%",-175,1.85,0
2025-11-04,2025-10-14,"2.10%",-150,2.1,0
2025-11-04,2025-10-14,"2.35%",-125,2.35,0
2025-11-04,2025-10-14,"2.60%",-100,2.6,0
2025-11-04,2025-10-14,"2.85%",-75,2.85,0
2025-11-04,2025-10-14,"3.10%",-50,3.1,0
2025-11-04,2025-10-14,"3.35%",-25,3.35,0.406889374282231
2025-11-04,2025-10-14,"3.60%",0,3.6,0.593110625717769
2025-11-04,2025-10-14,"3.85%",25,3.85,0
2025-11-04,2025-10-14,"4.10%",50,4.1,0
2025-11-04,2025-10-14,"4.35%",75,4.35,0
2025-11-04,2025-10-14,"4.60%",100,4.6,0
2025-11-04,2025-10-14,"4.85%",125,4.85,0
2025-11-04,2025-10-14,"5.10%",150,5.1,0
2025-11-04,2025-10-14,"5.35%",175,5.35,0
2025-11-04,2025-10-14,"5.60%",200,5.6,0
2025-11-04,2025-10-14,"5.85%",225,5.85,0
2025-11-04,2025-10-14,"6.10%",250,6.1,0
2025-11-04,2025-10-15,"0.10%",-300,0.1,0
2025-11-04,2025-10-15,"0.35%",-300,0.35,0
2025-11-04,2025-10-15,"0.60%",-300,0.6,0
2025-11-04,2025-10-15,"0.85%",-275,0.85,0
2025-11-04,2025-10-15,"1.10%",-250,1.1,0
2025-11-04,2025-10-15,"1.35%",-225,1.35,0
2025-11-04,2025-10-15,"1.60%",-200,1.6,0
2025-11-04,2025-10-15,"1.85%",-175,1.85,0
2025-11-04,2025-10-15,"2.10%",-150,2.1,0
2025-11-04,2025-10-15,"2.35%",-125,2.35,0
2025-11-04,2025-10-15,"2.60%",-100,2.6,0
2025-11-04,2025-10-15,"2.85%",-75,2.85,0
2025-11-04,2025-10-15,"3.10%",-50,3.1,0
2025-11-04,2025-10-15,"3.35%",-25,3.35,0.755008485738582
2025-11-04,2025-10-15,"3.60%",0,3.6,0.244991514261418
2025-11-04,2025-10-15,"3.85%",25,3.85,0
2025-11-04,2025-10-15,"4.10%",50,4.1,0
2025-11-04,2025-10-15,"4.35%",75,4.35,0
2025-11-04,2025-10-15,"4.60%",100,4.6,0
2025-11-04,2025-10-15,"4.85%",125,4.85,0
2025-11-04,2025-10-15,"5.10%",150,5.1,0
2025-11-04,2025-10-15,"5.35%",175,5.35,0
2025-11-04,2025-10-15,"5.60%",200,5.6,0
2025-11-04,2025-10-15,"5.85%",225,5.85,0
2025-11-04,2025-10-15,"6.10%",250,6.1,0
2025-11-04,2025-10-16,"0.10%",-300,0.1,0
2025-11-04,2025-10-16,"0.35%",-300,0.35,0
2025-11-04,2025-10-16,"0.60%",-300,0.6,0
2025-11-04,2025-10-16,"0.85%",-275,0.85,0
2025-11-04,2025-10-16,"1.10%",-250,1.1,0
2025-11-04,2025-10-16,"1.35%",-225,1.35,0
2025-11-04,2025-10-16,"1.60%",-200,1.6,0
2025-11-04,2025-10-16,"1.85%",-175,1.85,0
2025-11-04,2025-10-16,"2.10%",-150,2.1,0
2025-11-04,2025-10-16,"2.35%",-125,2.35,0
2025-11-04,2025-10-16,"2.60%",-100,2.6,0
2025-11-04,2025-10-16,"2.85%",-75,2.85,0
2025-11-04,2025-10-16,"3.10%",-50,3.1,0.00652228338433529
2025-11-04,2025-10-16,"3.35%",-25,3.35,0.766217603862113
2025-11-04,2025-10-16,"3.60%",0,3.6,0.227260112753552
2025-11-04,2025-10-16,"3.85%",25,3.85,0
2025-11-04,2025-10-16,"4.10%",50,4.1,0
2025-11-04,2025-10-16,"4.35%",75,4.35,0
2025-11-04,2025-10-16,"4.60%",100,4.6,0
2025-11-04,2025-10-16,"4.85%",125,4.85,0
2025-11-04,2025-10-16,"5.10%",150,5.1,0
2025-11-04,2025-10-16,"5.35%",175,5.35,0
2025-11-04,2025-10-16,"5.60%",200,5.6,0
2025-11-04,2025-10-16,"5.85%",225,5.85,0
2025-11-04,2025-10-16,"6.10%",250,6.1,0
2025-11-04,2025-10-17,"0.10%",-300,0.1,0
2025-11-04,2025-10-17,"0.35%",-300,0.35,0
2025-11-04,2025-10-17,"0.60%",-300,0.6,0
2025-11-04,2025-10-17,"0.85%",-275,0.85,0
2025-11-04,2025-10-17,"1.10%",-250,1.1,0
2025-11-04,2025-10-17,"1.35%",-225,1.35,0
2025-11-04,2025-10-17,"1.60%",-200,1.6,0
2025-11-04,2025-10-17,"1.85%",-175,1.85,0
2025-11-04,2025-10-17,"2.10%",-150,2.1,0
2025-11-04,2025-10-17,"2.35%",-125,2.35,0
2025-11-04,2025-10-17,"2.60%",-100,2.6,0
2025-11-04,2025-10-17,"2.85%",-75,2.85,0
2025-11-04,2025-10-17,"3.10%",-50,3.1,0
2025-11-04,2025-10-17,"3.35%",-25,3.35,0.745649671600246
2025-11-04,2025-10-17,"3.60%",0,3.6,0.254350328399754
2025-11-04,2025-10-17,"3.85%",25,3.85,0
2025-11-04,2025-10-17,"4.10%",50,4.1,0
2025-11-04,2025-10-17,"4.35%",75,4.35,0
2025-11-04,2025-10-17,"4.60%",100,4.6,0
2025-11-04,2025-10-17,"4.85%",125,4.85,0
2025-11-04,2025-10-17,"5.10%",150,5.1,0
2025-11-04,2025-10-17,"5.35%",175,5.35,0
2025-11-04,2025-10-17,"5.60%",200,5.6,0
2025-11-04,2025-10-17,"5.85%",225,5.85,0
2025-11-04,2025-10-17,"6.10%",250,6.1,0
2025-11-04,2025-10-18,"0.10%",-300,0.1,0
2025-11-04,2025-10-18,"0.35%",-300,0.35,0
2025-11-04,2025-10-18,"0.60%",-300,0.6,0
2025-11-04,2025-10-18,"0.85%",-275,0.85,0
2025-11-04,2025-10-18,"1.10%",-250,1.1,0
2025-11-04,2025-10-18,"1.35%",-225,1.35,0
2025-11-04,2025-10-18,"1.60%",-200,1.6,0
2025-11-04,2025-10-18,"1.85%",-175,1.85,0
2025-11-04,2025-10-18,"2.10%",-150,2.1,0
2025-11-04,2025-10-18,"2.35%",-125,2.35,0
2025-11-04,2025-10-18,"2.60%",-100,2.6,0
2025-11-04,2025-10-18,"2.85%",-75,2.85,0
2025-11-04,2025-10-18,"3.10%",-50,3.1,0
2025-11-04,2025-10-18,"3.35%",-25,3.35,0.737061819527444
2025-11-04,2025-10-18,"3.60%",0,3.6,0.262938180472556
2025-11-04,2025-10-18,"3.85%",25,3.85,0
2025-11-04,2025-10-18,"4.10%",50,4.1,0
2025-11-04,2025-10-18,"4.35%",75,4.35,0
2025-11-04,2025-10-18,"4.60%",100,4.6,0
2025-11-04,2025-10-18,"4.85%",125,4.85,0
2025-11-04,2025-10-18,"5.10%",150,5.1,0
2025-11-04,2025-10-18,"5.35%",175,5.35,0
2025-11-04,2025-10-18,"5.60%",200,5.6,0
2025-11-04,2025-10-18,"5.85%",225,5.85,0
2025-11-04,2025-10-18,"6.10%",250,6.1,0
2025-11-04,2025-10-19,"0.10%",-300,0.1,0
2025-11-04,2025-10-19,"0.35%",-300,0.35,0
2025-11-04,2025-10-19,"0.60%",-300,0.6,0
2025-11-04,2025-10-19,"0.85%",-275,0.85,0
2025-11-04,2025-10-19,"1.10%",-250,1.1,0
2025-11-04,2025-10-19,"1.35%",-225,1.35,0
2025-11-04,2025-10-19,"1.60%",-200,1.6,0
2025-11-04,2025-10-19,"1.85%",-175,1.85,0
2025-11-04,2025-10-19,"2.10%",-150,2.1,0
2025-11-04,2025-10-19,"2.35%",-125,2.35,0
2025-11-04,2025-10-19,"2.60%",-100,2.6,0
2025-11-04,2025-10-19,"2.85%",-75,2.85,0
2025-11-04,2025-10-19,"3.10%",-50,3.1,0
2025-11-04,2025-10-19,"3.35%",-25,3.35,0.72961198860767
2025-11-04,2025-10-19,"3.60%",0,3.6,0.27038801139233
2025-11-04,2025-10-19,"3.85%",25,3.85,0
2025-11-04,2025-10-19,"4.10%",50,4.1,0
2025-11-04,2025-10-19,"4.35%",75,4.35,0
2025-11-04,2025-10-19,"4.60%",100,4.6,0
2025-11-04,2025-10-19,"4.85%",125,4.85,0
2025-11-04,2025-10-19,"5.10%",150,5.1,0
2025-11-04,2025-10-19,"5.35%",175,5.35,0
2025-11-04,2025-10-19,"5.60%",200,5.6,0
2025-11-04,2025-10-19,"5.85%",225,5.85,0
2025-11-04,2025-10-19,"6.10%",250,6.1,0
2025-11-04,2025-10-20,"0.10%",-300,0.1,0
2025-11-04,2025-10-20,"0.35%",-300,0.35,0
2025-11-04,2025-10-20,"0.60%",-300,0.6,0
2025-11-04,2025-10-20,"0.85%",-275,0.85,0
2025-11-04,2025-10-20,"1.10%",-250,1.1,0
2025-11-04,2025-10-20,"1.35%",-225,1.35,0
2025-11-04,2025-10-20,"1.60%",-200,1.6,0
2025-11-04,2025-10-20,"1.85%",-175,1.85,0
2025-11-04,2025-10-20,"2.10%",-150,2.1,0
2025-11-04,2025-10-20,"2.35%",-125,2.35,0
2025-11-04,2025-10-20,"2.60%",-100,2.6,0
2025-11-04,2025-10-20,"2.85%",-75,2.85,0
2025-11-04,2025-10-20,"3.10%",-50,3.1,0
2025-11-04,2025-10-20,"3.35%",-25,3.35,0.678103495013704
2025-11-04,2025-10-20,"3.60%",0,3.6,0.321896504986296
2025-11-04,2025-10-20,"3.85%",25,3.85,0
2025-11-04,2025-10-20,"4.10%",50,4.1,0
2025-11-04,2025-10-20,"4.35%",75,4.35,0
2025-11-04,2025-10-20,"4.60%",100,4.6,0
2025-11-04,2025-10-20,"4.85%",125,4.85,0
2025-11-04,2025-10-20,"5.10%",150,5.1,0
2025-11-04,2025-10-20,"5.35%",175,5.35,0
2025-11-04,2025-10-20,"5.60%",200,5.6,0
2025-11-04,2025-10-20,"5.85%",225,5.85,0
2025-11-04,2025-10-20,"6.10%",250,6.1,0
2025-11-04,2025-10-21,"0.10%",-300,0.1,0
2025-11-04,2025-10-21,"0.35%",-300,0.35,0
2025-11-04,2025-10-21,"0.60%",-300,0.6,0
2025-11-04,2025-10-21,"0.85%",-275,0.85,0
2025-11-04,2025-10-21,"1.10%",-250,1.1,0
2025-11-04,2025-10-21,"1.35%",-225,1.35,0
2025-11-04,2025-10-21,"1.60%",-200,1.6,0
2025-11-04,2025-10-21,"1.85%",-175,1.85,0
2025-11-04,2025-10-21,"2.10%",-150,2.1,0
2025-11-04,2025-10-21,"2.35%",-125,2.35,0
2025-11-04,2025-10-21,"2.60%",-100,2.6,0
2025-11-04,2025-10-21,"2.85%",-75,2.85,0
2025-11-04,2025-10-21,"3.10%",-50,3.1,0
2025-11-04,2025-10-21,"3.35%",-25,3.35,0.650754520928705
2025-11-04,2025-10-21,"3.60%",0,3.6,0.349245479071295
2025-11-04,2025-10-21,"3.85%",25,3.85,0
2025-11-04,2025-10-21,"4.10%",50,4.1,0
2025-11-04,2025-10-21,"4.35%",75,4.35,0
2025-11-04,2025-10-21,"4.60%",100,4.6,0
2025-11-04,2025-10-21,"4.85%",125,4.85,0
2025-11-04,2025-10-21,"5.10%",150,5.1,0
2025-11-04,2025-10-21,"5.35%",175,5.35,0
2025-11-04,2025-10-21,"5.60%",200,5.6,0
2025-11-04,2025-10-21,"5.85%",225,5.85,0
2025-11-04,2025-10-21,"6.10%",250,6.1,0
2025-11-04,2025-10-22,"0.10%",-300,0.1,0
2025-11-04,2025-10-22,"0.35%",-300,0.35,0
2025-11-04,2025-10-22,"0.60%",-300,0.6,0
2025-11-04,2025-10-22,"0.85%",-275,0.85,0
2025-11-04,2025-10-22,"1.10%",-250,1.1,0
2025-11-04,2025-10-22,"1.35%",-225,1.35,0
2025-11-04,2025-10-22,"1.60%",-200,1.6,0
2025-11-04,2025-10-22,"1.85%",-175,1.85,0
2025-11-04,2025-10-22,"2.10%",-150,2.1,0
2025-11-04,2025-10-22,"2.35%",-125,2.35,0
2025-11-04,2025-10-22,"2.60%",-100,2.6,0
2025-11-04,2025-10-22,"2.85%",-75,2.85,0
2025-11-04,2025-10-22,"3.10%",-50,3.1,0
2025-11-04,2025-10-22,"3.35%",-25,3.35,0.627645818378129
2025-11-04,2025-10-22,"3.60%",0,3.6,0.372354181621871
2025-11-04,2025-10-22,"3.85%",25,3.85,0
2025-11-04,2025-10-22,"4.10%",50,4.1,0
2025-11-04,2025-10-22,"4.35%",75,4.35,0
2025-11-04,2025-10-22,"4.60%",100,4.6,0
2025-11-04,2025-10-22,"4.85%",125,4.85,0
2025-11-04,2025-10-22,"5.10%",150,5.1,0
2025-11-04,2025-10-22,"5.35%",175,5.35,0
2025-11-04,2025-10-22,"5.60%",200,5.6,0
2025-11-04,2025-10-22,"5.85%",225,5.85,0
2025-11-04,2025-10-22,"6.10%",250,6.1,0
2025-11-04,2025-10-23,"0.10%",-300,0.1,0
2025-11-04,2025-10-23,"0.35%",-300,0.35,0
2025-11-04,2025-10-23,"0.60%",-300,0.6,0
2025-11-04,2025-10-23,"0.85%",-275,0.85,0
2025-11-04,2025-10-23,"1.10%",-250,1.1,0
2025-11-04,2025-10-23,"1.35%",-225,1.35,0
2025-11-04,2025-10-23,"1.60%",-200,1.6,0
2025-11-04,2025-10-23,"1.85%",-175,1.85,0
2025-11-04,2025-10-23,"2.10%",-150,2.1,0
2025-11-04,2025-10-23,"2.35%",-125,2.35,0
2025-11-04,2025-10-23,"2.60%",-100,2.6,0
2025-11-04,2025-10-23,"2.85%",-75,2.85,0
2025-11-04,2025-10-23,"3.10%",-50,3.1,0
2025-11-04,2025-10-23,"3.35%",-25,3.35,0.626972688878305
2025-11-04,2025-10-23,"3.60%",0,3.6,0.373027311121695
2025-11-04,2025-10-23,"3.85%",25,3.85,0
2025-11-04,2025-10-23,"4.10%",50,4.1,0
2025-11-04,2025-10-23,"4.35%",75,4.35,0
2025-11-04,2025-10-23,"4.60%",100,4.6,0
2025-11-04,2025-10-23,"4.85%",125,4.85,0
2025-11-04,2025-10-23,"5.10%",150,5.1,0
2025-11-04,2025-10-23,"5.35%",175,5.35,0
2025-11-04,2025-10-23,"5.60%",200,5.6,0
2025-11-04,2025-10-23,"5.85%",225,5.85,0
2025-11-04,2025-10-23,"6.10%",250,6.1,0
2025-11-04,2025-10-24,"0.10%",-300,0.1,0
2025-11-04,2025-10-24,"0.35%",-300,0.35,0
2025-11-04,2025-10-24,"0.60%",-300,0.6,0
2025-11-04,2025-10-24,"0.85%",-275,0.85,0
2025-11-04,2025-10-24,"1.10%",-250,1.1,0
2025-11-04,2025-10-24,"1.35%",-225,1.35,0
2025-11-04,2025-10-24,"1.60%",-200,1.6,0
2025-11-04,2025-10-24,"1.85%",-175,1.85,0
2025-11-04,2025-10-24,"2.10%",-150,2.1,0
2025-11-04,2025-10-24,"2.35%",-125,2.35,0
2025-11-04,2025-10-24,"2.60%",-100,2.6,0
2025-11-04,2025-10-24,"2.85%",-75,2.85,0
2025-11-04,2025-10-24,"3.10%",-50,3.1,0
2025-11-04,2025-10-24,"3.35%",-25,3.35,0.510213130059923
2025-11-04,2025-10-24,"3.60%",0,3.6,0.489786869940077
2025-11-04,2025-10-24,"3.85%",25,3.85,0
2025-11-04,2025-10-24,"4.10%",50,4.1,0
2025-11-04,2025-10-24,"4.35%",75,4.35,0
2025-11-04,2025-10-24,"4.60%",100,4.6,0
2025-11-04,2025-10-24,"4.85%",125,4.85,0
2025-11-04,2025-10-24,"5.10%",150,5.1,0
2025-11-04,2025-10-24,"5.35%",175,5.35,0
2025-11-04,2025-10-24,"5.60%",200,5.6,0
2025-11-04,2025-10-24,"5.85%",225,5.85,0
2025-11-04,2025-10-24,"6.10%",250,6.1,0
2025-11-04,2025-10-25,"0.10%",-300,0.1,0
2025-11-04,2025-10-25,"0.35%",-300,0.35,0
2025-11-04,2025-10-25,"0.60%",-300,0.6,0
2025-11-04,2025-10-25,"0.85%",-275,0.85,0
2025-11-04,2025-10-25,"1.10%",-250,1.1,0
2025-11-04,2025-10-25,"1.35%",-225,1.35,0
2025-11-04,2025-10-25,"1.60%",-200,1.6,0
2025-11-04,2025-10-25,"1.85%",-175,1.85,0
2025-11-04,2025-10-25,"2.10%",-150,2.1,0
2025-11-04,2025-10-25,"2.35%",-125,2.35,0
2025-11-04,2025-10-25,"2.60%",-100,2.6,0
2025-11-04,2025-10-25,"2.85%",-75,2.85,0
2025-11-04,2025-10-25,"3.10%",-50,3.1,0
2025-11-04,2025-10-25,"3.35%",-25,3.35,0.509818804988517
2025-11-04,2025-10-25,"3.60%",0,3.6,0.490181195011483
2025-11-04,2025-10-25,"3.85%",25,3.85,0
2025-11-04,2025-10-25,"4.10%",50,4.1,0
2025-11-04,2025-10-25,"4.35%",75,4.35,0
2025-11-04,2025-10-25,"4.60%",100,4.6,0
2025-11-04,2025-10-25,"4.85%",125,4.85,0
2025-11-04,2025-10-25,"5.10%",150,5.1,0
2025-11-04,2025-10-25,"5.35%",175,5.35,0
2025-11-04,2025-10-25,"5.60%",200,5.6,0
2025-11-04,2025-10-25,"5.85%",225,5.85,0
2025-11-04,2025-10-25,"6.10%",250,6.1,0
2025-11-04,2025-10-26,"0.10%",-300,0.1,0
2025-11-04,2025-10-26,"0.35%",-300,0.35,0
2025-11-04,2025-10-26,"0.60%",-300,0.6,0
2025-11-04,2025-10-26,"0.85%",-275,0.85,0
2025-11-04,2025-10-26,"1.10%",-250,1.1,0
2025-11-04,2025-10-26,"1.35%",-225,1.35,0
2025-11-04,2025-10-26,"1.60%",-200,1.6,0
2025-11-04,2025-10-26,"1.85%",-175,1.85,0
2025-11-04,2025-10-26,"2.10%",-150,2.1,0
2025-11-04,2025-10-26,"2.35%",-125,2.35,0
2025-11-04,2025-10-26,"2.60%",-100,2.6,0
2025-11-04,2025-10-26,"2.85%",-75,2.85,0
2025-11-04,2025-10-26,"3.10%",-50,3.1,0
2025-11-04,2025-10-26,"3.35%",-25,3.35,0.582893414977356
2025-11-04,2025-10-26,"3.60%",0,3.6,0.417106585022644
2025-11-04,2025-10-26,"3.85%",25,3.85,0
2025-11-04,2025-10-26,"4.10%",50,4.1,0
2025-11-04,2025-10-26,"4.35%",75,4.35,0
2025-11-04,2025-10-26,"4.60%",100,4.6,0
2025-11-04,2025-10-26,"4.85%",125,4.85,0
2025-11-04,2025-10-26,"5.10%",150,5.1,0
2025-11-04,2025-10-26,"5.35%",175,5.35,0
2025-11-04,2025-10-26,"5.60%",200,5.6,0
2025-11-04,2025-10-26,"5.85%",225,5.85,0
2025-11-04,2025-10-26,"6.10%",250,6.1,0
2025-11-04,2025-10-27,"0.10%",-300,0.1,0
2025-11-04,2025-10-27,"0.35%",-300,0.35,0
2025-11-04,2025-10-27,"0.60%",-300,0.6,0
2025-11-04,2025-10-27,"0.85%",-275,0.85,0
2025-11-04,2025-10-27,"1.10%",-250,1.1,0
2025-11-04,2025-10-27,"1.35%",-225,1.35,0
2025-11-04,2025-10-27,"1.60%",-200,1.6,0
2025-11-04,2025-10-27,"1.85%",-175,1.85,0
2025-11-04,2025-10-27,"2.10%",-150,2.1,0
2025-11-04,2025-10-27,"2.35%",-125,2.35,0
2025-11-04,2025-10-27,"2.60%",-100,2.6,0
2025-11-04,2025-10-27,"2.85%",-75,2.85,0
2025-11-04,2025-10-27,"3.10%",-50,3.1,0
2025-11-04,2025-10-27,"3.35%",-25,3.35,0.37348520778261
2025-11-04,2025-10-27,"3.60%",0,3.6,0.62651479221739
2025-11-04,2025-10-27,"3.85%",25,3.85,0
2025-11-04,2025-10-27,"4.10%",50,4.1,0
2025-11-04,2025-10-27,"4.35%",75,4.35,0
2025-11-04,2025-10-27,"4.60%",100,4.6,0
2025-11-04,2025-10-27,"4.85%",125,4.85,0
2025-11-04,2025-10-27,"5.10%",150,5.1,0
2025-11-04,2025-10-27,"5.35%",175,5.35,0
2025-11-04,2025-10-27,"5.60%",200,5.6,0
2025-11-04,2025-10-27,"5.85%",225,5.85,0
2025-11-04,2025-10-27,"6.10%",250,6.1,0
2025-11-04,2025-10-28,"0.10%",-300,0.1,0
2025-11-04,2025-10-28,"0.35%",-300,0.35,0
2025-11-04,2025-10-28,"0.60%",-300,0.6,0
2025-11-04,2025-10-28,"0.85%",-275,0.85,0
2025-11-04,2025-10-28,"1.10%",-250,1.1,0
2025-11-04,2025-10-28,"1.35%",-225,1.35,0
2025-11-04,2025-10-28,"1.60%",-200,1.6,0
2025-11-04,2025-10-28,"1.85%",-175,1.85,0
2025-11-04,2025-10-28,"2.10%",-150,2.1,0
2025-11-04,2025-10-28,"2.35%",-125,2.35,0
2025-11-04,2025-10-28,"2.60%",-100,2.6,0
2025-11-04,2025-10-28,"2.85%",-75,2.85,0
2025-11-04,2025-10-28,"3.10%",-50,3.1,0
2025-11-04,2025-10-28,"3.35%",-25,3.35,0.0576730697963877
2025-11-04,2025-10-28,"3.60%",0,3.6,0.92744507915759
2025-11-04,2025-10-28,"3.85%",25,3.85,0.0148818510460222
2025-11-04,2025-10-28,"4.10%",50,4.1,0
2025-11-04,2025-10-28,"4.35%",75,4.35,0
2025-11-04,2025-10-28,"4.60%",100,4.6,0
2025-11-04,2025-10-28,"4.85%",125,4.85,0
2025-11-04,2025-10-28,"5.10%",150,5.1,0
2025-11-04,2025-10-28,"5.35%",175,5.35,0
2025-11-04,2025-10-28,"5.60%",200,5.6,0
2025-11-04,2025-10-28,"5.85%",225,5.85,0
2025-11-04,2025-10-28,"6.10%",250,6.1,0
2025-11-04,2025-10-29,"0.10%",-300,0.1,0
2025-11-04,2025-10-29,"0.35%",-300,0.35,0
2025-11-04,2025-10-29,"0.60%",-300,0.6,0
2025-11-04,2025-10-29,"0.85%",-275,0.85,0
2025-11-04,2025-10-29,"1.10%",-250,1.1,0
2025-11-04,2025-10-29,"1.35%",-225,1.35,0
2025-11-04,2025-10-29,"1.60%",-200,1.6,0
2025-11-04,2025-10-29,"1.85%",-175,1.85,0
2025-11-04,2025-10-29,"2.10%",-150,2.1,0
2025-11-04,2025-10-29,"2.35%",-125,2.35,0
2025-11-04,2025-10-29,"2.60%",-100,2.6,0
2025-11-04,2025-10-29,"2.85%",-75,2.85,0
2025-11-04,2025-10-29,"3.10%",-50,3.1,0
2025-11-04,2025-10-29,"3.35%",-25,3.35,0.0522396882085753
2025-11-04,2025-10-29,"3.60%",0,3.6,0.936149983697481
2025-11-04,2025-10-29,"3.85%",25,3.85,0.0116103280939438
2025-11-04,2025-10-29,"4.10%",50,4.1,0
2025-11-04,2025-10-29,"4.35%",75,4.35,0
2025-11-04,2025-10-29,"4.60%",100,4.6,0
2025-11-04,2025-10-29,"4.85%",125,4.85,0
2025-11-04,2025-10-29,"5.10%",150,5.1,0
2025-11-04,2025-10-29,"5.35%",175,5.35,0
2025-11-04,2025-10-29,"5.60%",200,5.6,0
2025-11-04,2025-10-29,"5.85%",225,5.85,0
2025-11-04,2025-10-29,"6.10%",250,6.1,0
2025-11-04,2025-10-30,"0.10%",-300,0.1,0
2025-11-04,2025-10-30,"0.35%",-300,0.35,0
2025-11-04,2025-10-30,"0.60%",-300,0.6,0
2025-11-04,2025-10-30,"0.85%",-275,0.85,0
2025-11-04,2025-10-30,"1.10%",-250,1.1,0
2025-11-04,2025-10-30,"1.35%",-225,1.35,0
2025-11-04,2025-10-30,"1.60%",-200,1.6,0
2025-11-04,2025-10-30,"1.85%",-175,1.85,0
2025-11-04,2025-10-30,"2.10%",-150,2.1,0
2025-11-04,2025-10-30,"2.35%",-125,2.35,0
2025-11-04,2025-10-30,"2.60%",-100,2.6,0
2025-11-04,2025-10-30,"2.85%",-75,2.85,0
2025-11-04,2025-10-30,"3.10%",-50,3.1,0
2025-11-04,2025-10-30,"3.35%",-25,3.35,0.0728884619143501
2025-11-04,2025-10-30,"3.60%",0,3.6,0.918805279045561
2025-11-04,2025-10-30,"3.85%",25,3.85,0.00830625904008921
2025-11-04,2025-10-30,"4.10%",50,4.1,0
2025-11-04,2025-10-30,"4.35%",75,4.35,0
2025-11-04,2025-10-30,"4.60%",100,4.6,0
2025-11-04,2025-10-30,"4.85%",125,4.85,0
2025-11-04,2025-10-30,"5.10%",150,5.1,0
2025-11-04,2025-10-30,"5.35%",175,5.35,0
2025-11-04,2025-10-30,"5.60%",200,5.6,0
2025-11-04,2025-10-30,"5.85%",225,5.85,0
2025-11-04,2025-10-30,"6.10%",250,6.1,0
2025-11-04,2025-10-31,"0.10%",-300,0.1,0
2025-11-04,2025-10-31,"0.35%",-300,0.35,0
2025-11-04,2025-10-31,"0.60%",-300,0.6,0
2025-11-04,2025-10-31,"0.85%",-275,0.85,0
2025-11-04,2025-10-31,"1.10%",-250,1.1,0
2025-11-04,2025-10-31,"1.35%",-225,1.35,0
2025-11-04,2025-10-31,"1.60%",-200,1.6,0
2025-11-04,2025-10-31,"1.85%",-175,1.85,0
2025-11-04,2025-10-31,"2.10%",-150,2.1,0
2025-11-04,2025-10-31,"2.35%",-125,2.35,0
2025-11-04,2025-10-31,"2.60%",-100,2.6,0
2025-11-04,2025-10-31,"2.85%",-75,2.85,0
2025-11-04,2025-10-31,"3.10%",-50,3.1,0
2025-11-04,2025-10-31,"3.35%",-25,3.35,0.0471050255202089
2025-11-04,2025-10-31,"3.60%",0,3.6,0.948262296655319
2025-11-04,2025-10-31,"3.85%",25,3.85,0.00463267782447226
2025-11-04,2025-10-31,"4.10%",50,4.1,0
2025-11-04,2025-10-31,"4.35%",75,4.35,0
2025-11-04,2025-10-31,"4.60%",100,4.6,0
2025-11-04,2025-10-31,"4.85%",125,4.85,0
2025-11-04,2025-10-31,"5.10%",150,5.1,0
2025-11-04,2025-10-31,"5.35%",175,5.35,0
2025-11-04,2025-10-31,"5.60%",200,5.6,0
2025-11-04,2025-10-31,"5.85%",225,5.85,0
2025-11-04,2025-10-31,"6.10%",250,6.1,0
2025-11-04,2025-11-01,"0.10%",-300,0.1,0
2025-11-04,2025-11-01,"0.35%",-300,0.35,0
2025-11-04,2025-11-01,"0.60%",-300,0.6,0
2025-11-04,2025-11-01,"0.85%",-275,0.85,0
2025-11-04,2025-11-01,"1.10%",-250,1.1,0
2025-11-04,2025-11-01,"1.35%",-225,1.35,0
2025-11-04,2025-11-01,"1.60%",-200,1.6,0
2025-11-04,2025-11-01,"1.85%",-175,1.85,0
2025-11-04,2025-11-01,"2.10%",-150,2.1,0
2025-11-04,2025-11-01,"2.35%",-125,2.35,0
2025-11-04,2025-11-01,"2.60%",-100,2.6,0
2025-11-04,2025-11-01,"2.85%",-75,2.85,0
2025-11-04,2025-11-01,"3.10%",-50,3.1,0
2025-11-04,2025-11-01,"3.35%",-25,3.35,0.0462084851186229
2025-11-04,2025-11-01,"3.60%",0,3.6,0.950484730296588
2025-11-04,2025-11-01,"3.85%",25,3.85,0.0033067845847893
2025-11-04,2025-11-01,"4.10%",50,4.1,0
2025-11-04,2025-11-01,"4.35%",75,4.35,0
2025-11-04,2025-11-01,"4.60%",100,4.6,0
2025-11-04,2025-11-01,"4.85%",125,4.85,0
2025-11-04,2025-11-01,"5.10%",150,5.1,0
2025-11-04,2025-11-01,"5.35%",175,5.35,0
2025-11-04,2025-11-01,"5.60%",200,5.6,0
2025-11-04,2025-11-01,"5.85%",225,5.85,0
2025-11-04,2025-11-01,"6.10%",250,6.1,0
2025-11-04,2025-11-02,"0.10%",-300,0.1,0
2025-11-04,2025-11-02,"0.35%",-300,0.35,0
2025-11-04,2025-11-02,"0.60%",-300,0.6,0
2025-11-04,2025-11-02,"0.85%",-275,0.85,0
2025-11-04,2025-11-02,"1.10%",-250,1.1,0
2025-11-04,2025-11-02,"1.35%",-225,1.35,0
2025-11-04,2025-11-02,"1.60%",-200,1.6,0
2025-11-04,2025-11-02,"1.85%",-175,1.85,0
2025-11-04,2025-11-02,"2.10%",-150,2.1,0
2025-11-04,2025-11-02,"2.35%",-125,2.35,0
2025-11-04,2025-11-02,"2.60%",-100,2.6,0
2025-11-04,2025-11-02,"2.85%",-75,2.85,0
2025-11-04,2025-11-02,"3.10%",-50,3.1,0
2025-11-04,2025-11-02,"3.35%",-25,3.35,0.0454668940659871
2025-11-04,2025-11-02,"3.60%",0,3.6,0.952438525328664
2025-11-04,2025-11-02,"3.85%",25,3.85,0.00209458060534937
2025-11-04,2025-11-02,"4.10%",50,4.1,0
2025-11-04,2025-11-02,"4.35%",75,4.35,0
2025-11-04,2025-11-02,"4.60%",100,4.6,0
2025-11-04,2025-11-02,"4.85%",125,4.85,0
2025-11-04,2025-11-02,"5.10%",150,5.1,0
2025-11-04,2025-11-02,"5.35%",175,5.35,0
2025-11-04,2025-11-02,"5.60%",200,5.6,0
2025-11-04,2025-11-02,"5.85%",225,5.85,0
2025-11-04,2025-11-02,"6.10%",250,6.1,0
2025-11-04,2025-11-03,"0.10%",-300,0.1,0
2025-11-04,2025-11-03,"0.35%",-300,0.35,0
2025-11-04,2025-11-03,"0.60%",-300,0.6,0
2025-11-04,2025-11-03,"0.85%",-275,0.85,0
2025-11-04,2025-11-03,"1.10%",-250,1.1,0
2025-11-04,2025-11-03,"1.35%",-225,1.35,0
2025-11-04,2025-11-03,"1.60%",-200,1.6,0
2025-11-04,2025-11-03,"1.85%",-175,1.85,0
2025-11-04,2025-11-03,"2.10%",-150,2.1,0
2025-11-04,2025-11-03,"2.35%",-125,2.35,0
2025-11-04,2025-11-03,"2.60%",-100,2.6,0
2025-11-04,2025-11-03,"2.85%",-75,2.85,0
2025-11-04,2025-11-03,"3.10%",-50,3.1,0
2025-11-04,2025-11-03,"3.35%",-25,3.35,0.0231200249612869
2025-11-04,2025-11-03,"3.60%",0,3.6,0.975700252058588
2025-11-04,2025-11-03,"3.85%",25,3.85,0.0011797229801253
2025-11-04,2025-11-03,"4.10%",50,4.1,0
2025-11-04,2025-11-03,"4.35%",75,4.35,0
2025-11-04,2025-11-03,"4.60%",100,4.6,0
2025-11-04,2025-11-03,"4.85%",125,4.85,0
2025-11-04,2025-11-03,"5.10%",150,5.1,0
2025-11-04,2025-11-03,"5.35%",175,5.35,0
2025-11-04,2025-11-03,"5.60%",200,5.6,0
2025-11-04,2025-11-03,"5.85%",225,5.85,0
2025-11-04,2025-11-03,"6.10%",250,6.1,0
2025-11-04,2025-11-04,"0.10%",-300,0.1,0
2025-11-04,2025-11-04,"0.35%",-300,0.35,0
2025-11-04,2025-11-04,"0.60%",-300,0.6,0
2025-11-04,2025-11-04,"0.85%",-275,0.85,0
2025-11-04,2025-11-04,"1.10%",-250,1.1,0
2025-11-04,2025-11-04,"1.35%",-225,1.35,0
2025-11-04,2025-11-04,"1.60%",-200,1.6,0
2025-11-04,2025-11-04,"1.85%",-175,1.85,0
2025-11-04,2025-11-04,"2.10%",-150,2.1,0
2025-11-04,2025-11-04,"2.35%",-125,2.35,0
2025-11-04,2025-11-04,"2.60%",-100,2.6,0
2025-11-04,2025-11-04,"2.85%",-75,2.85,0
2025-11-04,2025-11-04,"3.10%",-50,3.1,0
2025-11-04,2025-11-04,"3.35%",-25,3.35,2.48689957516035e-14
2025-11-04,2025-11-04,"3.60%",0,3.6,0.999999999999975
2025-11-04,2025-11-04,"3.85%",25,3.85,0
2025-11-04,2025-11-04,"4.10%",50,4.1,0
2025-11-04,2025-11-04,"4.35%",75,4.35,0
2025-11-04,2025-11-04,"4.60%",100,4.6,0
2025-11-04,2025-11-04,"4.85%",125,4.85,0
2025-11-04,2025-11-04,"5.10%",150,5.1,0
2025-11-04,2025-11-04,"5.35%",175,5.35,0
2025-11-04,2025-11-04,"5.60%",200,5.6,0
2025-11-04,2025-11-04,"5.85%",225,5.85,0
2025-11-04,2025-11-04,"6.10%",250,6.1,0
