"meeting_date","scrape_date","move","diff_bps","bucket_rate","probability"
2026-08-11,2025-03-04,"0.10%",-300,0.1,0
2026-08-11,2025-03-04,"0.35%",-300,0.35,0
2026-08-11,2025-03-04,"0.60%",-300,0.6,0
2026-08-11,2025-03-04,"0.85%",-275,0.85,0
2026-08-11,2025-03-04,"1.10%",-250,1.1,0
2026-08-11,2025-03-04,"1.35%",-225,1.35,0
2026-08-11,2025-03-04,"1.60%",-200,1.6,0
2026-08-11,2025-03-04,"1.85%",-175,1.85,0
2026-08-11,2025-03-04,"2.10%",-150,2.1,0.0141862260427532
2026-08-11,2025-03-04,"2.35%",-125,2.35,0.0334857841915486
2026-08-11,2025-03-04,"2.60%",-100,2.6,0.0660084556702166
2026-08-11,2025-03-04,"2.85%",-75,2.85,0.108667226972036
2026-08-11,2025-03-04,"3.10%",-50,3.1,0.149406083526649
2026-08-11,2025-03-04,"3.35%",-25,3.35,0.171559836296071
2026-08-11,2025-03-04,"3.60%",0,3.6,0.164529452570685
2026-08-11,2025-03-04,"3.85%",25,3.85,0.131780590092567
2026-08-11,2025-03-04,"4.10%",50,4.1,0.0881523990194755
2026-08-11,2025-03-04,"4.35%",75,4.35,0.0492473616745413
2026-08-11,2025-03-04,"4.60%",100,4.6,0.0229765839434577
2026-08-11,2025-03-04,"4.85%",125,4.85,0
2026-08-11,2025-03-04,"5.10%",150,5.1,0
2026-08-11,2025-03-04,"5.35%",175,5.35,0
2026-08-11,2025-03-04,"5.60%",200,5.6,0
2026-08-11,2025-03-04,"5.85%",225,5.85,0
2026-08-11,2025-03-04,"6.10%",250,6.1,0
2026-08-11,2025-03-05,"0.10%",-300,0.1,0
2026-08-11,2025-03-05,"0.35%",-300,0.35,0
2026-08-11,2025-03-05,"0.60%",-300,0.6,0
2026-08-11,2025-03-05,"0.85%",-275,0.85,0
2026-08-11,2025-03-05,"1.10%",-250,1.1,0
2026-08-11,2025-03-05,"1.35%",-225,1.35,0
2026-08-11,2025-03-05,"1.60%",-200,1.6,0
2026-08-11,2025-03-05,"1.85%",-175,1.85,0
2026-08-11,2025-03-05,"2.10%",-150,2.1,0
2026-08-11,2025-03-05,"2.35%",-125,2.35,0.0260581937554694
2026-08-11,2025-03-05,"2.60%",-100,2.6,0.057534111034078
2026-08-11,2025-03-05,"2.85%",-75,2.85,0.103559926998626
2026-08-11,2025-03-05,"3.10%",-50,3.1,0.15197136063302
2026-08-11,2025-03-05,"3.35%",-25,3.35,0.181822529075556
2026-08-11,2025-03-05,"3.60%",0,3.6,0.177359860827112
2026-08-11,2025-03-05,"3.85%",25,3.85,0.141053505672939
2026-08-11,2025-03-05,"4.10%",50,4.1,0.0914588980820104
2026-08-11,2025-03-05,"4.35%",75,4.35,0.0483468074076663
2026-08-11,2025-03-05,"4.60%",100,4.6,0.0208348065135224
2026-08-11,2025-03-05,"4.85%",125,4.85,0
2026-08-11,2025-03-05,"5.10%",150,5.1,0
2026-08-11,2025-03-05,"5.35%",175,5.35,0
2026-08-11,2025-03-05,"5.60%",200,5.6,0
2026-08-11,2025-03-05,"5.85%",225,5.85,0
2026-08-11,2025-03-05,"6.10%",250,6.1,0
2026-08-11,2025-03-06,"0.10%",-300,0.1,0
2026-08-11,2025-03-06,"0.35%",-300,0.35,0
2026-08-11,2025-03-06,"0.60%",-300,0.6,0
2026-08-11,2025-03-06,"0.85%",-275,0.85,0
2026-08-11,2025-03-06,"1.10%",-250,1.1,0
2026-08-11,2025-03-06,"1.35%",-225,1.35,0
2026-08-11,2025-03-06,"1.60%",-200,1.6,0
2026-08-11,2025-03-06,"1.85%",-175,1.85,0
2026-08-11,2025-03-06,"2.10%",-150,2.1,0
2026-08-11,2025-03-06,"2.35%",-125,2.35,0.0160999768750517
2026-08-11,2025-03-06,"2.60%",-100,2.6,0.0416749768332505
2026-08-11,2025-03-06,"2.85%",-75,2.85,0.0858726304495515
2026-08-11,2025-03-06,"3.10%",-50,3.1,0.14086229403691
2026-08-11,2025-03-06,"3.35%",-25,3.35,0.183957396879296
2026-08-11,2025-03-06,"3.60%",0,3.6,0.19126444735845
2026-08-11,2025-03-06,"3.85%",25,3.85,0.158324272089754
2026-08-11,2025-03-06,"4.10%",50,4.1,0.104339437721259
2026-08-11,2025-03-06,"4.35%",75,4.35,0.054741747005661
2026-08-11,2025-03-06,"4.60%",100,4.6,0.0228628207508168
2026-08-11,2025-03-06,"4.85%",125,4.85,0
2026-08-11,2025-03-06,"5.10%",150,5.1,0
2026-08-11,2025-03-06,"5.35%",175,5.35,0
2026-08-11,2025-03-06,"5.60%",200,5.6,0
2026-08-11,2025-03-06,"5.85%",225,5.85,0
2026-08-11,2025-03-06,"6.10%",250,6.1,0
2026-08-11,2025-03-07,"0.10%",-300,0.1,0
2026-08-11,2025-03-07,"0.35%",-300,0.35,0
2026-08-11,2025-03-07,"0.60%",-300,0.6,0
2026-08-11,2025-03-07,"0.85%",-275,0.85,0
2026-08-11,2025-03-07,"1.10%",-250,1.1,0
2026-08-11,2025-03-07,"1.35%",-225,1.35,0
2026-08-11,2025-03-07,"1.60%",-200,1.6,0
2026-08-11,2025-03-07,"1.85%",-175,1.85,0
2026-08-11,2025-03-07,"2.10%",-150,2.1,0.0128073451372685
2026-08-11,2025-03-07,"2.35%",-125,2.35,0.0311179678750902
2026-08-11,2025-03-07,"2.60%",-100,2.6,0.062909449724227
2026-08-11,2025-03-07,"2.85%",-75,2.85,0.105825160787612
2026-08-11,2025-03-07,"3.10%",-50,3.1,0.148129754676211
2026-08-11,2025-03-07,"3.35%",-25,3.35,0.172537616676196
2026-08-11,2025-03-07,"3.60%",0,3.6,0.167231073509556
2026-08-11,2025-03-07,"3.85%",25,3.85,0.134878000940402
2026-08-11,2025-03-07,"4.10%",50,4.1,0.090521387899919
2026-08-11,2025-03-07,"4.35%",75,4.35,0.0505519605145684
2026-08-11,2025-03-07,"4.60%",100,4.6,0.0234902822589505
2026-08-11,2025-03-07,"4.85%",125,4.85,0
2026-08-11,2025-03-07,"5.10%",150,5.1,0
2026-08-11,2025-03-07,"5.35%",175,5.35,0
2026-08-11,2025-03-07,"5.60%",200,5.6,0
2026-08-11,2025-03-07,"5.85%",225,5.85,0
2026-08-11,2025-03-07,"6.10%",250,6.1,0
2026-08-11,2025-03-10,"0.10%",-300,0.1,0
2026-08-11,2025-03-10,"0.35%",-300,0.35,0
2026-08-11,2025-03-10,"0.60%",-300,0.6,0
2026-08-11,2025-03-10,"0.85%",-275,0.85,0
2026-08-11,2025-03-10,"1.10%",-250,1.1,0
2026-08-11,2025-03-10,"1.35%",-225,1.35,0
2026-08-11,2025-03-10,"1.60%",-200,1.6,0
2026-08-11,2025-03-10,"1.85%",-175,1.85,0
2026-08-11,2025-03-10,"2.10%",-150,2.1,0.0137319032980986
2026-08-11,2025-03-10,"2.35%",-125,2.35,0.0317519184972849
2026-08-11,2025-03-10,"2.60%",-100,2.6,0.0618927882835689
2026-08-11,2025-03-10,"2.85%",-75,2.85,0.101707511565814
2026-08-11,2025-03-10,"3.10%",-50,3.1,0.140902283884986
2026-08-11,2025-03-10,"3.35%",-25,3.35,0.164566378907121
2026-08-11,2025-03-10,"3.60%",0,3.6,0.16204109611168
2026-08-11,2025-03-10,"3.85%",25,3.85,0.134514753622128
2026-08-11,2025-03-10,"4.10%",50,4.1,0.0941394985133959
2026-08-11,2025-03-10,"4.35%",75,4.35,0.0555423736603013
2026-08-11,2025-03-10,"4.60%",100,4.6,0.0276259946531625
2026-08-11,2025-03-10,"4.85%",125,4.85,0.0115834990024594
2026-08-11,2025-03-10,"5.10%",150,5.1,0
2026-08-11,2025-03-10,"5.35%",175,5.35,0
2026-08-11,2025-03-10,"5.60%",200,5.6,0
2026-08-11,2025-03-10,"5.85%",225,5.85,0
2026-08-11,2025-03-10,"6.10%",250,6.1,0
2026-08-11,2025-03-11,"0.10%",-300,0.1,0
2026-08-11,2025-03-11,"0.35%",-300,0.35,0
2026-08-11,2025-03-11,"0.60%",-300,0.6,0
2026-08-11,2025-03-11,"0.85%",-275,0.85,0
2026-08-11,2025-03-11,"1.10%",-250,1.1,0
2026-08-11,2025-03-11,"1.35%",-225,1.35,0
2026-08-11,2025-03-11,"1.60%",-200,1.6,0
2026-08-11,2025-03-11,"1.85%",-175,1.85,0
2026-08-11,2025-03-11,"2.10%",-150,2.1,0.0151988584510545
2026-08-11,2025-03-11,"2.35%",-125,2.35,0.0361684968272942
2026-08-11,2025-03-11,"2.60%",-100,2.6,0.0712733202652318
2026-08-11,2025-03-11,"2.85%",-75,2.85,0.116310018268499
2026-08-11,2025-03-11,"3.10%",-50,3.1,0.15718569821739
2026-08-11,2025-03-11,"3.35%",-25,3.35,0.175922860977477
2026-08-11,2025-03-11,"3.60%",0,3.6,0.163060108229438
2026-08-11,2025-03-11,"3.85%",25,3.85,0.125166309371761
2026-08-11,2025-03-11,"4.10%",50,4.1,0.079567328791834
2026-08-11,2025-03-11,"4.35%",75,4.35,0.0418869203909739
2026-08-11,2025-03-11,"4.60%",100,4.6,0.0182600802090456
2026-08-11,2025-03-11,"4.85%",125,4.85,0
2026-08-11,2025-03-11,"5.10%",150,5.1,0
2026-08-11,2025-03-11,"5.35%",175,5.35,0
2026-08-11,2025-03-11,"5.60%",200,5.6,0
2026-08-11,2025-03-11,"5.85%",225,5.85,0
2026-08-11,2025-03-11,"6.10%",250,6.1,0
2026-08-11,2025-03-12,"0.10%",-300,0.1,0
2026-08-11,2025-03-12,"0.35%",-300,0.35,0
2026-08-11,2025-03-12,"0.60%",-300,0.6,0
2026-08-11,2025-03-12,"0.85%",-275,0.85,0
2026-08-11,2025-03-12,"1.10%",-250,1.1,0
2026-08-11,2025-03-12,"1.35%",-225,1.35,0
2026-08-11,2025-03-12,"1.60%",-200,1.6,0
2026-08-11,2025-03-12,"1.85%",-175,1.85,0
2026-08-11,2025-03-12,"2.10%",-150,2.1,0
2026-08-11,2025-03-12,"2.35%",-125,2.35,0.0271455600289729
2026-08-11,2025-03-12,"2.60%",-100,2.6,0.0616296379436766
2026-08-11,2025-03-12,"2.85%",-75,2.85,0.112084008507018
2026-08-11,2025-03-12,"3.10%",-50,3.1,0.163299567508675
2026-08-11,2025-03-12,"3.35%",-25,3.35,0.190602765468945
2026-08-11,2025-03-12,"3.60%",0,3.6,0.178230714357687
2026-08-11,2025-03-12,"3.85%",25,3.85,0.133518763193684
2026-08-11,2025-03-12,"4.10%",50,4.1,0.0801302595792347
2026-08-11,2025-03-12,"4.35%",75,4.35,0.0385233943495975
2026-08-11,2025-03-12,"4.60%",100,4.6,0.0148353290625086
2026-08-11,2025-03-12,"4.85%",125,4.85,0
2026-08-11,2025-03-12,"5.10%",150,5.1,0
2026-08-11,2025-03-12,"5.35%",175,5.35,0
2026-08-11,2025-03-12,"5.60%",200,5.6,0
2026-08-11,2025-03-12,"5.85%",225,5.85,0
2026-08-11,2025-03-12,"6.10%",250,6.1,0
2026-08-11,2025-03-13,"0.10%",-300,0.1,0
2026-08-11,2025-03-13,"0.35%",-300,0.35,0
2026-08-11,2025-03-13,"0.60%",-300,0.6,0
2026-08-11,2025-03-13,"0.85%",-275,0.85,0
2026-08-11,2025-03-13,"1.10%",-250,1.1,0
2026-08-11,2025-03-13,"1.35%",-225,1.35,0
2026-08-11,2025-03-13,"1.60%",-200,1.6,0
2026-08-11,2025-03-13,"1.85%",-175,1.85,0
2026-08-11,2025-03-13,"2.10%",-150,2.1,0.0129378255273441
2026-08-11,2025-03-13,"2.35%",-125,2.35,0.0316543221297996
2026-08-11,2025-03-13,"2.60%",-100,2.6,0.0642193221334047
2026-08-11,2025-03-13,"2.85%",-75,2.85,0.10803792420108
2026-08-11,2025-03-13,"3.10%",-50,3.1,0.150722182940069
2026-08-11,2025-03-13,"3.35%",-25,3.35,0.174371992200134
2026-08-11,2025-03-13,"3.60%",0,3.6,0.167293281382713
2026-08-11,2025-03-13,"3.85%",25,3.85,0.133101043205277
2026-08-11,2025-03-13,"4.10%",50,4.1,0.0878172766096364
2026-08-11,2025-03-13,"4.35%",75,4.35,0.0480467316785365
2026-08-11,2025-03-13,"4.60%",100,4.6,0.0217980979920061
2026-08-11,2025-03-13,"4.85%",125,4.85,0
2026-08-11,2025-03-13,"5.10%",150,5.1,0
2026-08-11,2025-03-13,"5.35%",175,5.35,0
2026-08-11,2025-03-13,"5.60%",200,5.6,0
2026-08-11,2025-03-13,"5.85%",225,5.85,0
2026-08-11,2025-03-13,"6.10%",250,6.1,0
2026-08-11,2025-03-14,"0.10%",-300,0.1,0
2026-08-11,2025-03-14,"0.35%",-300,0.35,0
2026-08-11,2025-03-14,"0.60%",-300,0.6,0
2026-08-11,2025-03-14,"0.85%",-275,0.85,0
2026-08-11,2025-03-14,"1.10%",-250,1.1,0
2026-08-11,2025-03-14,"1.35%",-225,1.35,0
2026-08-11,2025-03-14,"1.60%",-200,1.6,0
2026-08-11,2025-03-14,"1.85%",-175,1.85,0
2026-08-11,2025-03-14,"2.10%",-150,2.1,0.0168213369353605
2026-08-11,2025-03-14,"2.35%",-125,2.35,0.0375624987173163
2026-08-11,2025-03-14,"2.60%",-100,2.6,0.0706690512171347
2026-08-11,2025-03-14,"2.85%",-75,2.85,0.112020227435352
2026-08-11,2025-03-14,"3.10%",-50,3.1,0.149611374490389
2026-08-11,2025-03-14,"3.35%",-25,3.35,0.16836010506483
2026-08-11,2025-03-14,"3.60%",0,3.6,0.159632901559737
2026-08-11,2025-03-14,"3.85%",25,3.85,0.127530265667635
2026-08-11,2025-03-14,"4.10%",50,4.1,0.0858435217943138
2026-08-11,2025-03-14,"4.35%",75,4.35,0.0486852940568301
2026-08-11,2025-03-14,"4.60%",100,4.6,0.0232634230611011
2026-08-11,2025-03-14,"4.85%",125,4.85,0
2026-08-11,2025-03-14,"5.10%",150,5.1,0
2026-08-11,2025-03-14,"5.35%",175,5.35,0
2026-08-11,2025-03-14,"5.60%",200,5.6,0
2026-08-11,2025-03-14,"5.85%",225,5.85,0
2026-08-11,2025-03-14,"6.10%",250,6.1,0
2026-08-11,2025-03-17,"0.10%",-300,0.1,0
2026-08-11,2025-03-17,"0.35%",-300,0.35,0
2026-08-11,2025-03-17,"0.60%",-300,0.6,0
2026-08-11,2025-03-17,"0.85%",-275,0.85,0
2026-08-11,2025-03-17,"1.10%",-250,1.1,0
2026-08-11,2025-03-17,"1.35%",-225,1.35,0
2026-08-11,2025-03-17,"1.60%",-200,1.6,0
2026-08-11,2025-03-17,"1.85%",-175,1.85,0
2026-08-11,2025-03-17,"2.10%",-150,2.1,0.018863501327872
2026-08-11,2025-03-17,"2.35%",-125,2.35,0.0394321031998599
2026-08-11,2025-03-17,"2.60%",-100,2.6,0.0705698605301936
2026-08-11,2025-03-17,"2.85%",-75,2.85,0.108128011361702
2026-08-11,2025-03-17,"3.10%",-50,3.1,0.141844571249126
2026-08-11,2025-03-17,"3.35%",-25,3.35,0.159311291745294
2026-08-11,2025-03-17,"3.60%",0,3.6,0.153193862341608
2026-08-11,2025-03-17,"3.85%",25,3.85,0.126123666981278
2026-08-11,2025-03-17,"4.10%",50,4.1,0.0889015853835739
2026-08-11,2025-03-17,"4.35%",75,4.35,0.0536506824676175
2026-08-11,2025-03-17,"4.60%",100,4.6,0.027719594536155
2026-08-11,2025-03-17,"4.85%",125,4.85,0.0122612688757207
2026-08-11,2025-03-17,"5.10%",150,5.1,0
2026-08-11,2025-03-17,"5.35%",175,5.35,0
2026-08-11,2025-03-17,"5.60%",200,5.6,0
2026-08-11,2025-03-17,"5.85%",225,5.85,0
2026-08-11,2025-03-17,"6.10%",250,6.1,0
2026-08-11,2025-03-18,"0.10%",-300,0.1,0
2026-08-11,2025-03-18,"0.35%",-300,0.35,0
2026-08-11,2025-03-18,"0.60%",-300,0.6,0
2026-08-11,2025-03-18,"0.85%",-275,0.85,0
2026-08-11,2025-03-18,"1.10%",-250,1.1,0
2026-08-11,2025-03-18,"1.35%",-225,1.35,0
2026-08-11,2025-03-18,"1.60%",-200,1.6,0
2026-08-11,2025-03-18,"1.85%",-175,1.85,0
2026-08-11,2025-03-18,"2.10%",-150,2.1,0
2026-08-11,2025-03-18,"2.35%",-125,2.35,0.0271381812757258
2026-08-11,2025-03-18,"2.60%",-100,2.6,0.060546270211422
2026-08-11,2025-03-18,"2.85%",-75,2.85,0.109113820061209
2026-08-11,2025-03-18,"3.10%",-50,3.1,0.158846988813105
2026-08-11,2025-03-18,"3.35%",-25,3.35,0.186809425271729
2026-08-11,2025-03-18,"3.60%",0,3.6,0.17747824668205
2026-08-11,2025-03-18,"3.85%",25,3.85,0.136212238607435
2026-08-11,2025-03-18,"4.10%",50,4.1,0.0844504695983757
2026-08-11,2025-03-18,"4.35%",75,4.35,0.0422946673631897
2026-08-11,2025-03-18,"4.60%",100,4.6,0.0171096921157586
2026-08-11,2025-03-18,"4.85%",125,4.85,0
2026-08-11,2025-03-18,"5.10%",150,5.1,0
2026-08-11,2025-03-18,"5.35%",175,5.35,0
2026-08-11,2025-03-18,"5.60%",200,5.6,0
2026-08-11,2025-03-18,"5.85%",225,5.85,0
2026-08-11,2025-03-18,"6.10%",250,6.1,0
2026-08-11,2025-03-19,"0.10%",-300,0.1,0
2026-08-11,2025-03-19,"0.35%",-300,0.35,0
2026-08-11,2025-03-19,"0.60%",-300,0.6,0
2026-08-11,2025-03-19,"0.85%",-275,0.85,0
2026-08-11,2025-03-19,"1.10%",-250,1.1,0
2026-08-11,2025-03-19,"1.35%",-225,1.35,0
2026-08-11,2025-03-19,"1.60%",-200,1.6,0
2026-08-11,2025-03-19,"1.85%",-175,1.85,0
2026-08-11,2025-03-19,"2.10%",-150,2.1,0.0141764715927339
2026-08-11,2025-03-19,"2.35%",-125,2.35,0.0327803226760197
2026-08-11,2025-03-19,"2.60%",-100,2.6,0.0637574021535466
2026-08-11,2025-03-19,"2.85%",-75,2.85,0.1043116513749
2026-08-11,2025-03-19,"3.10%",-50,3.1,0.143558611588815
2026-08-11,2025-03-19,"3.35%",-25,3.35,0.166198104925336
2026-08-11,2025-03-19,"3.60%",0,3.6,0.161855000613276
2026-08-11,2025-03-19,"3.85%",25,3.85,0.132595534017654
2026-08-11,2025-03-19,"4.10%",50,4.1,0.0913756588816219
2026-08-11,2025-03-19,"4.35%",75,4.35,0.0529692502575049
2026-08-11,2025-03-19,"4.60%",100,4.6,0.0258284558133445
2026-08-11,2025-03-19,"4.85%",125,4.85,0.0105935361052478
2026-08-11,2025-03-19,"5.10%",150,5.1,0
2026-08-11,2025-03-19,"5.35%",175,5.35,0
2026-08-11,2025-03-19,"5.60%",200,5.6,0
2026-08-11,2025-03-19,"5.85%",225,5.85,0
2026-08-11,2025-03-19,"6.10%",250,6.1,0
2026-08-11,2025-03-20,"0.10%",-300,0.1,0
2026-08-11,2025-03-20,"0.35%",-300,0.35,0
2026-08-11,2025-03-20,"0.60%",-300,0.6,0
2026-08-11,2025-03-20,"0.85%",-275,0.85,0
2026-08-11,2025-03-20,"1.10%",-250,1.1,0
2026-08-11,2025-03-20,"1.35%",-225,1.35,0
2026-08-11,2025-03-20,"1.60%",-200,1.6,0
2026-08-11,2025-03-20,"1.85%",-175,1.85,0
2026-08-11,2025-03-20,"2.10%",-150,2.1,0.0114258327428743
2026-08-11,2025-03-20,"2.35%",-125,2.35,0.0306530117852704
2026-08-11,2025-03-20,"2.60%",-100,2.6,0.0663714050562258
2026-08-11,2025-03-20,"2.85%",-75,2.85,0.11599491051204
2026-08-11,2025-03-20,"3.10%",-50,3.1,0.163631627164804
2026-08-11,2025-03-20,"3.35%",-25,3.35,0.186328240351081
2026-08-11,2025-03-20,"3.60%",0,3.6,0.171268730626616
2026-08-11,2025-03-20,"3.85%",25,3.85,0.127075636183992
2026-08-11,2025-03-20,"4.10%",50,4.1,0.0761062386044421
2026-08-11,2025-03-20,"4.35%",75,4.35,0.0367902919998502
2026-08-11,2025-03-20,"4.60%",100,4.6,0.0143540749728042
2026-08-11,2025-03-20,"4.85%",125,4.85,0
2026-08-11,2025-03-20,"5.10%",150,5.1,0
2026-08-11,2025-03-20,"5.35%",175,5.35,0
2026-08-11,2025-03-20,"5.60%",200,5.6,0
2026-08-11,2025-03-20,"5.85%",225,5.85,0
2026-08-11,2025-03-20,"6.10%",250,6.1,0
2026-08-11,2025-03-21,"0.10%",-300,0.1,0
2026-08-11,2025-03-21,"0.35%",-300,0.35,0
2026-08-11,2025-03-21,"0.60%",-300,0.6,0
2026-08-11,2025-03-21,"0.85%",-275,0.85,0
2026-08-11,2025-03-21,"1.10%",-250,1.1,0
2026-08-11,2025-03-21,"1.35%",-225,1.35,0
2026-08-11,2025-03-21,"1.60%",-200,1.6,0
2026-08-11,2025-03-21,"1.85%",-175,1.85,0
2026-08-11,2025-03-21,"2.10%",-150,2.1,0.0182409311542759
2026-08-11,2025-03-21,"2.35%",-125,2.35,0.0399345927270024
2026-08-11,2025-03-21,"2.60%",-100,2.6,0.0737753728469398
2026-08-11,2025-03-21,"2.85%",-75,2.85,0.115012335896645
2026-08-11,2025-03-21,"3.10%",-50,3.1,0.151306064826479
2026-08-11,2025-03-21,"3.35%",-25,3.35,0.1679779076273
2026-08-11,2025-03-21,"3.60%",0,3.6,0.157374310134869
2026-08-11,2025-03-21,"3.85%",25,3.85,0.124422852214016
2026-08-11,2025-03-21,"4.10%",50,4.1,0.0830131324845144
2026-08-11,2025-03-21,"4.35%",75,4.35,0.0467376031833859
2026-08-11,2025-03-21,"4.60%",100,4.6,0.0222048969045719
2026-08-11,2025-03-21,"4.85%",125,4.85,0
2026-08-11,2025-03-21,"5.10%",150,5.1,0
2026-08-11,2025-03-21,"5.35%",175,5.35,0
2026-08-11,2025-03-21,"5.60%",200,5.6,0
2026-08-11,2025-03-21,"5.85%",225,5.85,0
2026-08-11,2025-03-21,"6.10%",250,6.1,0
2026-08-11,2025-03-24,"0.10%",-300,0.1,0
2026-08-11,2025-03-24,"0.35%",-300,0.35,0
2026-08-11,2025-03-24,"0.60%",-300,0.6,0
2026-08-11,2025-03-24,"0.85%",-275,0.85,0
2026-08-11,2025-03-24,"1.10%",-250,1.1,0
2026-08-11,2025-03-24,"1.35%",-225,1.35,0
2026-08-11,2025-03-24,"1.60%",-200,1.6,0
2026-08-11,2025-03-24,"1.85%",-175,1.85,0
2026-08-11,2025-03-24,"2.10%",-150,2.1,0.0203955040239629
2026-08-11,2025-03-24,"2.35%",-125,2.35,0.0434746824371038
2026-08-11,2025-03-24,"2.60%",-100,2.6,0.0783414537450219
2026-08-11,2025-03-24,"2.85%",-75,2.85,0.119346659285631
2026-08-11,2025-03-24,"3.10%",-50,3.1,0.153709153907553
2026-08-11,2025-03-24,"3.35%",-25,3.35,0.167364947467615
2026-08-11,2025-03-24,"3.60%",0,3.6,0.154065750103649
2026-08-11,2025-03-24,"3.85%",25,3.85,0.119901067460302
2026-08-11,2025-03-24,"4.10%",50,4.1,0.0788879921865395
2026-08-11,2025-03-24,"4.35%",75,4.35,0.0438795646472449
2026-08-11,2025-03-24,"4.60%",100,4.6,0.0206332247353761
2026-08-11,2025-03-24,"4.85%",125,4.85,0
2026-08-11,2025-03-24,"5.10%",150,5.1,0
2026-08-11,2025-03-24,"5.35%",175,5.35,0
2026-08-11,2025-03-24,"5.60%",200,5.6,0
2026-08-11,2025-03-24,"5.85%",225,5.85,0
2026-08-11,2025-03-24,"6.10%",250,6.1,0
2026-08-11,2025-03-25,"0.10%",-300,0.1,0
2026-08-11,2025-03-25,"0.35%",-300,0.35,0
2026-08-11,2025-03-25,"0.60%",-300,0.6,0
2026-08-11,2025-03-25,"0.85%",-275,0.85,0
2026-08-11,2025-03-25,"1.10%",-250,1.1,0
2026-08-11,2025-03-25,"1.35%",-225,1.35,0
2026-08-11,2025-03-25,"1.60%",-200,1.6,0
2026-08-11,2025-03-25,"1.85%",-175,1.85,0
2026-08-11,2025-03-25,"2.10%",-150,2.1,0.0179460135116173
2026-08-11,2025-03-25,"2.35%",-125,2.35,0.0401752998038011
2026-08-11,2025-03-25,"2.60%",-100,2.6,0.0753229149512264
2026-08-11,2025-03-25,"2.85%",-75,2.85,0.118272767258656
2026-08-11,2025-03-25,"3.10%",-50,3.1,0.155539740486396
2026-08-11,2025-03-25,"3.35%",-25,3.35,0.171317872959992
2026-08-11,2025-03-25,"3.60%",0,3.6,0.158041337901463
2026-08-11,2025-03-25,"3.85%",25,3.85,0.12210789593059
2026-08-11,2025-03-25,"4.10%",50,4.1,0.0790162535643691
2026-08-11,2025-03-25,"4.35%",75,4.35,0.0428232625838599
2026-08-11,2025-03-25,"4.60%",100,4.6,0.0194366410480299
2026-08-11,2025-03-25,"4.85%",125,4.85,0
2026-08-11,2025-03-25,"5.10%",150,5.1,0
2026-08-11,2025-03-25,"5.35%",175,5.35,0
2026-08-11,2025-03-25,"5.60%",200,5.6,0
2026-08-11,2025-03-25,"5.85%",225,5.85,0
2026-08-11,2025-03-25,"6.10%",250,6.1,0
2026-08-11,2025-03-26,"0.10%",-300,0.1,0
2026-08-11,2025-03-26,"0.35%",-300,0.35,0
2026-08-11,2025-03-26,"0.60%",-300,0.6,0
2026-08-11,2025-03-26,"0.85%",-275,0.85,0
2026-08-11,2025-03-26,"1.10%",-250,1.1,0
2026-08-11,2025-03-26,"1.35%",-225,1.35,0
2026-08-11,2025-03-26,"1.60%",-200,1.6,0
2026-08-11,2025-03-26,"1.85%",-175,1.85,0
2026-08-11,2025-03-26,"2.10%",-150,2.1,0.0165327774156931
2026-08-11,2025-03-26,"2.35%",-125,2.35,0.0365215616380897
2026-08-11,2025-03-26,"2.60%",-100,2.6,0.0682913943201846
2026-08-11,2025-03-26,"2.85%",-75,2.85,0.108095170734879
2026-08-11,2025-03-26,"3.10%",-50,3.1,0.14483653635325
2026-08-11,2025-03-26,"3.35%",-25,3.35,0.164280702596268
2026-08-11,2025-03-26,"3.60%",0,3.6,0.157737060792379
2026-08-11,2025-03-26,"3.85%",25,3.85,0.128209144095852
2026-08-11,2025-03-26,"4.10%",50,4.1,0.0882142463832874
2026-08-11,2025-03-26,"4.35%",75,4.35,0.0513791001585412
2026-08-11,2025-03-26,"4.60%",100,4.6,0.0253310453142183
2026-08-11,2025-03-26,"4.85%",125,4.85,0.0105712601973571
2026-08-11,2025-03-26,"5.10%",150,5.1,0
2026-08-11,2025-03-26,"5.35%",175,5.35,0
2026-08-11,2025-03-26,"5.60%",200,5.6,0
2026-08-11,2025-03-26,"5.85%",225,5.85,0
2026-08-11,2025-03-26,"6.10%",250,6.1,0
2026-08-11,2025-03-27,"0.10%",-300,0.1,0
2026-08-11,2025-03-27,"0.35%",-300,0.35,0
2026-08-11,2025-03-27,"0.60%",-300,0.6,0
2026-08-11,2025-03-27,"0.85%",-275,0.85,0
2026-08-11,2025-03-27,"1.10%",-250,1.1,0
2026-08-11,2025-03-27,"1.35%",-225,1.35,0
2026-08-11,2025-03-27,"1.60%",-200,1.6,0
2026-08-11,2025-03-27,"1.85%",-175,1.85,0
2026-08-11,2025-03-27,"2.10%",-150,2.1,0.011984737204754
2026-08-11,2025-03-27,"2.35%",-125,2.35,0.0303542972607112
2026-08-11,2025-03-27,"2.60%",-100,2.6,0.063253852590257
2026-08-11,2025-03-27,"2.85%",-75,2.85,0.108454765037257
2026-08-11,2025-03-27,"3.10%",-50,3.1,0.153010039205974
2026-08-11,2025-03-27,"3.35%",-25,3.35,0.177627585475056
2026-08-11,2025-03-27,"3.60%",0,3.6,0.169677506735077
2026-08-11,2025-03-27,"3.85%",25,3.85,0.133370637363451
2026-08-11,2025-03-27,"4.10%",50,4.1,0.0862604156790184
2026-08-11,2025-03-27,"4.35%",75,4.35,0.0459056555950102
2026-08-11,2025-03-27,"4.60%",100,4.6,0.020100507853434
2026-08-11,2025-03-27,"4.85%",125,4.85,0
2026-08-11,2025-03-27,"5.10%",150,5.1,0
2026-08-11,2025-03-27,"5.35%",175,5.35,0
2026-08-11,2025-03-27,"5.60%",200,5.6,0
2026-08-11,2025-03-27,"5.85%",225,5.85,0
2026-08-11,2025-03-27,"6.10%",250,6.1,0
2026-08-11,2025-03-28,"0.10%",-300,0.1,0
2026-08-11,2025-03-28,"0.35%",-300,0.35,0
2026-08-11,2025-03-28,"0.60%",-300,0.6,0
2026-08-11,2025-03-28,"0.85%",-275,0.85,0
2026-08-11,2025-03-28,"1.10%",-250,1.1,0
2026-08-11,2025-03-28,"1.35%",-225,1.35,0
2026-08-11,2025-03-28,"1.60%",-200,1.6,0
2026-08-11,2025-03-28,"1.85%",-175,1.85,0
2026-08-11,2025-03-28,"2.10%",-150,2.1,0.0183230432967106
2026-08-11,2025-03-28,"2.35%",-125,2.35,0.0398803984415532
2026-08-11,2025-03-28,"2.60%",-100,2.6,0.0733884514220963
2026-08-11,2025-03-28,"2.85%",-75,2.85,0.11418599273934
2026-08-11,2025-03-28,"3.10%",-50,3.1,0.150218197724306
2026-08-11,2025-03-28,"3.35%",-25,3.35,0.167094330175884
2026-08-11,2025-03-28,"3.60%",0,3.6,0.157156454441101
2026-08-11,2025-03-28,"3.85%",25,3.85,0.124977831052109
2026-08-11,2025-03-28,"4.10%",50,4.1,0.0840349493241659
2026-08-11,2025-03-28,"4.35%",75,4.35,0.0477755983562407
2026-08-11,2025-03-28,"4.60%",100,4.6,0.022964753026493
2026-08-11,2025-03-28,"4.85%",125,4.85,0
2026-08-11,2025-03-28,"5.10%",150,5.1,0
2026-08-11,2025-03-28,"5.35%",175,5.35,0
2026-08-11,2025-03-28,"5.60%",200,5.6,0
2026-08-11,2025-03-28,"5.85%",225,5.85,0
2026-08-11,2025-03-28,"6.10%",250,6.1,0
2026-08-11,2025-03-31,"0.10%",-300,0.1,0
2026-08-11,2025-03-31,"0.35%",-300,0.35,0
2026-08-11,2025-03-31,"0.60%",-300,0.6,0
2026-08-11,2025-03-31,"0.85%",-275,0.85,0
2026-08-11,2025-03-31,"1.10%",-250,1.1,0
2026-08-11,2025-03-31,"1.35%",-225,1.35,0
2026-08-11,2025-03-31,"1.60%",-200,1.6,0
2026-08-11,2025-03-31,"1.85%",-175,1.85,0.010810850320394
2026-08-11,2025-03-31,"2.10%",-150,2.1,0.0250979162319906
2026-08-11,2025-03-31,"2.35%",-125,2.35,0.0498008231873733
2026-08-11,2025-03-31,"2.60%",-100,2.6,0.0844629010231798
2026-08-11,2025-03-31,"2.85%",-75,2.85,0.12244289090724
2026-08-11,2025-03-31,"3.10%",-50,3.1,0.151720613698975
2026-08-11,2025-03-31,"3.35%",-25,3.35,0.160694917049646
2026-08-11,2025-03-31,"3.60%",0,3.6,0.145481260525246
2026-08-11,2025-03-31,"3.85%",25,3.85,0.112579132015919
2026-08-11,2025-03-31,"4.10%",50,4.1,0.0744647888453602
2026-08-11,2025-03-31,"4.35%",75,4.35,0.0420998299308048
2026-08-11,2025-03-31,"4.60%",100,4.6,0.0203440762638712
2026-08-11,2025-03-31,"4.85%",125,4.85,0
2026-08-11,2025-03-31,"5.10%",150,5.1,0
2026-08-11,2025-03-31,"5.35%",175,5.35,0
2026-08-11,2025-03-31,"5.60%",200,5.6,0
2026-08-11,2025-03-31,"5.85%",225,5.85,0
2026-08-11,2025-03-31,"6.10%",250,6.1,0
2026-08-11,2025-04-01,"0.10%",-300,0.1,0
2026-08-11,2025-04-01,"0.35%",-300,0.35,0
2026-08-11,2025-04-01,"0.60%",-300,0.6,0
2026-08-11,2025-04-01,"0.85%",-275,0.85,0
2026-08-11,2025-04-01,"1.10%",-250,1.1,0
2026-08-11,2025-04-01,"1.35%",-225,1.35,0
2026-08-11,2025-04-01,"1.60%",-200,1.6,0
2026-08-11,2025-04-01,"1.85%",-175,1.85,0
2026-08-11,2025-04-01,"2.10%",-150,2.1,0.0176933501191143
2026-08-11,2025-04-01,"2.35%",-125,2.35,0.0413445589500299
2026-08-11,2025-04-01,"2.60%",-100,2.6,0.0796064513329195
2026-08-11,2025-04-01,"2.85%",-75,2.85,0.126304006665594
2026-08-11,2025-04-01,"3.10%",-50,3.1,0.165134339347932
2026-08-11,2025-04-01,"3.35%",-25,3.35,0.177916558499923
2026-08-11,2025-04-01,"3.60%",0,3.6,0.157963263986521
2026-08-11,2025-04-01,"3.85%",25,3.85,0.115572185081695
2026-08-11,2025-04-01,"4.10%",50,4.1,0.0696786207172948
2026-08-11,2025-04-01,"4.35%",75,4.35,0.0346163418734428
2026-08-11,2025-04-01,"4.60%",100,4.6,0.0141703234255333
2026-08-11,2025-04-01,"4.85%",125,4.85,0
2026-08-11,2025-04-01,"5.10%",150,5.1,0
2026-08-11,2025-04-01,"5.35%",175,5.35,0
2026-08-11,2025-04-01,"5.60%",200,5.6,0
2026-08-11,2025-04-01,"5.85%",225,5.85,0
2026-08-11,2025-04-01,"6.10%",250,6.1,0
2026-08-11,2025-04-02,"0.10%",-300,0.1,0
2026-08-11,2025-04-02,"0.35%",-300,0.35,0
2026-08-11,2025-04-02,"0.60%",-300,0.6,0
2026-08-11,2025-04-02,"0.85%",-275,0.85,0
2026-08-11,2025-04-02,"1.10%",-250,1.1,0
2026-08-11,2025-04-02,"1.35%",-225,1.35,0
2026-08-11,2025-04-02,"1.60%",-200,1.6,0
2026-08-11,2025-04-02,"1.85%",-175,1.85,0
2026-08-11,2025-04-02,"2.10%",-150,2.1,0.0195155939182945
2026-08-11,2025-04-02,"2.35%",-125,2.35,0.044431208335629
2026-08-11,2025-04-02,"2.60%",-100,2.6,0.0835552590833769
2026-08-11,2025-04-02,"2.85%",-75,2.85,0.129794086808014
2026-08-11,2025-04-02,"3.10%",-50,3.1,0.166549340061072
2026-08-11,2025-04-02,"3.35%",-25,3.35,0.176540504490676
2026-08-11,2025-04-02,"3.60%",0,3.6,0.154582663303332
2026-08-11,2025-04-02,"3.85%",25,3.85,0.111812068770479
2026-08-11,2025-04-02,"4.10%",50,4.1,0.0668066325307927
2026-08-11,2025-04-02,"4.35%",75,4.35,0.0329716118720677
2026-08-11,2025-04-02,"4.60%",100,4.6,0.0134410308262661
2026-08-11,2025-04-02,"4.85%",125,4.85,0
2026-08-11,2025-04-02,"5.10%",150,5.1,0
2026-08-11,2025-04-02,"5.35%",175,5.35,0
2026-08-11,2025-04-02,"5.60%",200,5.6,0
2026-08-11,2025-04-02,"5.85%",225,5.85,0
2026-08-11,2025-04-02,"6.10%",250,6.1,0
2026-08-11,2025-04-03,"0.10%",-300,0.1,0
2026-08-11,2025-04-03,"0.35%",-300,0.35,0
2026-08-11,2025-04-03,"0.60%",-300,0.6,0
2026-08-11,2025-04-03,"0.85%",-275,0.85,0
2026-08-11,2025-04-03,"1.10%",-250,1.1,0
2026-08-11,2025-04-03,"1.35%",-225,1.35,0
2026-08-11,2025-04-03,"1.60%",-200,1.6,0
2026-08-11,2025-04-03,"1.85%",-175,1.85,0.0106094925533717
2026-08-11,2025-04-03,"2.10%",-150,2.1,0.0289345517677439
2026-08-11,2025-04-03,"2.35%",-125,2.35,0.0636378384982331
2026-08-11,2025-04-03,"2.60%",-100,2.6,0.112880495463249
2026-08-11,2025-04-03,"2.85%",-75,2.85,0.161490989670671
2026-08-11,2025-04-03,"3.10%",-50,3.1,0.18634466866213
2026-08-11,2025-04-03,"3.35%",-25,3.35,0.173432439237608
2026-08-11,2025-04-03,"3.60%",0,3.6,0.130192409835429
2026-08-11,2025-04-03,"3.85%",25,3.85,0.0788264946506846
2026-08-11,2025-04-03,"4.10%",50,4.1,0.0384920827556125
2026-08-11,2025-04-03,"4.35%",75,4.35,0.0151585369052679
2026-08-11,2025-04-03,"4.60%",100,4.6,0
2026-08-11,2025-04-03,"4.85%",125,4.85,0
2026-08-11,2025-04-03,"5.10%",150,5.1,0
2026-08-11,2025-04-03,"5.35%",175,5.35,0
2026-08-11,2025-04-03,"5.60%",200,5.6,0
2026-08-11,2025-04-03,"5.85%",225,5.85,0
2026-08-11,2025-04-03,"6.10%",250,6.1,0
2026-08-11,2025-04-04,"0.10%",-300,0.1,0
2026-08-11,2025-04-04,"0.35%",-300,0.35,0
2026-08-11,2025-04-04,"0.60%",-300,0.6,0
2026-08-11,2025-04-04,"0.85%",-275,0.85,0
2026-08-11,2025-04-04,"1.10%",-250,1.1,0
2026-08-11,2025-04-04,"1.35%",-225,1.35,0
2026-08-11,2025-04-04,"1.60%",-200,1.6,0
2026-08-11,2025-04-04,"1.85%",-175,1.85,0.018752147574661
2026-08-11,2025-04-04,"2.10%",-150,2.1,0.0471998737128923
2026-08-11,2025-04-04,"2.35%",-125,2.35,0.0943453523053351
2026-08-11,2025-04-04,"2.60%",-100,2.6,0.149768715552922
2026-08-11,2025-04-04,"2.85%",-75,2.85,0.188826874056931
2026-08-11,2025-04-04,"3.10%",-50,3.1,0.18908599667784
2026-08-11,2025-04-04,"3.35%",-25,3.35,0.150386156316288
2026-08-11,2025-04-04,"3.60%",0,3.6,0.0949945403894523
2026-08-11,2025-04-04,"3.85%",25,3.85,0.0476552403915909
2026-08-11,2025-04-04,"4.10%",50,4.1,0.0189851030220884
2026-08-11,2025-04-04,"4.35%",75,4.35,0
2026-08-11,2025-04-04,"4.60%",100,4.6,0
2026-08-11,2025-04-04,"4.85%",125,4.85,0
2026-08-11,2025-04-04,"5.10%",150,5.1,0
2026-08-11,2025-04-04,"5.35%",175,5.35,0
2026-08-11,2025-04-04,"5.60%",200,5.6,0
2026-08-11,2025-04-04,"5.85%",225,5.85,0
2026-08-11,2025-04-04,"6.10%",250,6.1,0
2026-08-11,2025-04-07,"0.10%",-300,0.1,0
2026-08-11,2025-04-07,"0.35%",-300,0.35,0
2026-08-11,2025-04-07,"0.60%",-300,0.6,0
2026-08-11,2025-04-07,"0.85%",-275,0.85,0
2026-08-11,2025-04-07,"1.10%",-250,1.1,0
2026-08-11,2025-04-07,"1.35%",-225,1.35,0
2026-08-11,2025-04-07,"1.60%",-200,1.6,0
2026-08-11,2025-04-07,"1.85%",-175,1.85,0.0290928087335288
2026-08-11,2025-04-07,"2.10%",-150,2.1,0.0694576362928627
2026-08-11,2025-04-07,"2.35%",-125,2.35,0.128582778007444
2026-08-11,2025-04-07,"2.60%",-100,2.6,0.184591496748261
2026-08-11,2025-04-07,"2.85%",-75,2.85,0.205508221416969
2026-08-11,2025-04-07,"3.10%",-50,3.1,0.177436143374727
2026-08-11,2025-04-07,"3.35%",-25,3.35,0.11880675104434
2026-08-11,2025-04-07,"3.60%",0,3.6,0.0616880933625778
2026-08-11,2025-04-07,"3.85%",25,3.85,0.0248360710192901
2026-08-11,2025-04-07,"4.10%",50,4.1,0
2026-08-11,2025-04-07,"4.35%",75,4.35,0
2026-08-11,2025-04-07,"4.60%",100,4.6,0
2026-08-11,2025-04-07,"4.85%",125,4.85,0
2026-08-11,2025-04-07,"5.10%",150,5.1,0
2026-08-11,2025-04-07,"5.35%",175,5.35,0
2026-08-11,2025-04-07,"5.60%",200,5.6,0
2026-08-11,2025-04-07,"5.85%",225,5.85,0
2026-08-11,2025-04-07,"6.10%",250,6.1,0
2026-08-11,2025-04-08,"0.10%",-300,0.1,0
2026-08-11,2025-04-08,"0.35%",-300,0.35,0
2026-08-11,2025-04-08,"0.60%",-300,0.6,0
2026-08-11,2025-04-08,"0.85%",-275,0.85,0
2026-08-11,2025-04-08,"1.10%",-250,1.1,0
2026-08-11,2025-04-08,"1.35%",-225,1.35,0
2026-08-11,2025-04-08,"1.60%",-200,1.6,0
2026-08-11,2025-04-08,"1.85%",-175,1.85,0.0211062277289547
2026-08-11,2025-04-08,"2.10%",-150,2.1,0.0535543809158017
2026-08-11,2025-04-08,"2.35%",-125,2.35,0.10615406437226
2026-08-11,2025-04-08,"2.60%",-100,2.6,0.164389240379647
2026-08-11,2025-04-08,"2.85%",-75,2.85,0.198897837936487
2026-08-11,2025-04-08,"3.10%",-50,3.1,0.188025857836663
2026-08-11,2025-04-08,"3.35%",-25,3.35,0.138877760566085
2026-08-11,2025-04-08,"3.60%",0,3.6,0.0801416239058251
2026-08-11,2025-04-08,"3.85%",25,3.85,0.0361295884539709
2026-08-11,2025-04-08,"4.10%",50,4.1,0.0127234179043053
2026-08-11,2025-04-08,"4.35%",75,4.35,0
2026-08-11,2025-04-08,"4.60%",100,4.6,0
2026-08-11,2025-04-08,"4.85%",125,4.85,0
2026-08-11,2025-04-08,"5.10%",150,5.1,0
2026-08-11,2025-04-08,"5.35%",175,5.35,0
2026-08-11,2025-04-08,"5.60%",200,5.6,0
2026-08-11,2025-04-08,"5.85%",225,5.85,0
2026-08-11,2025-04-08,"6.10%",250,6.1,0
2026-08-11,2025-04-09,"0.10%",-300,0.1,0
2026-08-11,2025-04-09,"0.35%",-300,0.35,0
2026-08-11,2025-04-09,"0.60%",-300,0.6,0
2026-08-11,2025-04-09,"0.85%",-275,0.85,0
2026-08-11,2025-04-09,"1.10%",-250,1.1,0
2026-08-11,2025-04-09,"1.35%",-225,1.35,0
2026-08-11,2025-04-09,"1.60%",-200,1.6,0.0213228150308073
2026-08-11,2025-04-09,"1.85%",-175,1.85,0.0489028992419621
2026-08-11,2025-04-09,"2.10%",-150,2.1,0.0917044242167506
2026-08-11,2025-04-09,"2.35%",-125,2.35,0.140614592898258
2026-08-11,2025-04-09,"2.60%",-100,2.6,0.176306341523506
2026-08-11,2025-04-09,"2.85%",-75,2.85,0.180763135586465
2026-08-11,2025-04-09,"3.10%",-50,3.1,0.151550356593503
2026-08-11,2025-04-09,"3.35%",-25,3.35,0.103897187560615
2026-08-11,2025-04-09,"3.60%",0,3.6,0.0582423413905225
2026-08-11,2025-04-09,"3.85%",25,3.85,0.0266959059576109
2026-08-11,2025-04-09,"4.10%",50,4.1,0
2026-08-11,2025-04-09,"4.35%",75,4.35,0
2026-08-11,2025-04-09,"4.60%",100,4.6,0
2026-08-11,2025-04-09,"4.85%",125,4.85,0
2026-08-11,2025-04-09,"5.10%",150,5.1,0
2026-08-11,2025-04-09,"5.35%",175,5.35,0
2026-08-11,2025-04-09,"5.60%",200,5.6,0
2026-08-11,2025-04-09,"5.85%",225,5.85,0
2026-08-11,2025-04-09,"6.10%",250,6.1,0
2026-08-11,2025-04-10,"0.10%",-300,0.1,0
2026-08-11,2025-04-10,"0.35%",-300,0.35,0
2026-08-11,2025-04-10,"0.60%",-300,0.6,0
2026-08-11,2025-04-10,"0.85%",-275,0.85,0
2026-08-11,2025-04-10,"1.10%",-250,1.1,0
2026-08-11,2025-04-10,"1.35%",-225,1.35,0
2026-08-11,2025-04-10,"1.60%",-200,1.6,0.0145231523762308
2026-08-11,2025-04-10,"1.85%",-175,1.85,0.0343961996180212
2026-08-11,2025-04-10,"2.10%",-150,2.1,0.0678228223681417
2026-08-11,2025-04-10,"2.35%",-125,2.35,0.111345396194462
2026-08-11,2025-04-10,"2.60%",-100,2.6,0.152198704339392
2026-08-11,2025-04-10,"2.85%",-75,2.85,0.173220434584858
2026-08-11,2025-04-10,"3.10%",-50,3.1,0.164149577067004
2026-08-11,2025-04-10,"3.35%",-25,3.35,0.129518450623417
2026-08-11,2025-04-10,"3.60%",0,3.6,0.0850881866752829
2026-08-11,2025-04-10,"3.85%",25,3.85,0.0465417857706423
2026-08-11,2025-04-10,"4.10%",50,4.1,0.0211952903825475
2026-08-11,2025-04-10,"4.35%",75,4.35,0
2026-08-11,2025-04-10,"4.60%",100,4.6,0
2026-08-11,2025-04-10,"4.85%",125,4.85,0
2026-08-11,2025-04-10,"5.10%",150,5.1,0
2026-08-11,2025-04-10,"5.35%",175,5.35,0
2026-08-11,2025-04-10,"5.60%",200,5.6,0
2026-08-11,2025-04-10,"5.85%",225,5.85,0
2026-08-11,2025-04-10,"6.10%",250,6.1,0
2026-08-11,2025-04-11,"0.10%",-300,0.1,0
2026-08-11,2025-04-11,"0.35%",-300,0.35,0
2026-08-11,2025-04-11,"0.60%",-300,0.6,0
2026-08-11,2025-04-11,"0.85%",-275,0.85,0
2026-08-11,2025-04-11,"1.10%",-250,1.1,0
2026-08-11,2025-04-11,"1.35%",-225,1.35,0
2026-08-11,2025-04-11,"1.60%",-200,1.6,0.0167568214368882
2026-08-11,2025-04-11,"1.85%",-175,1.85,0.0388922178872058
2026-08-11,2025-04-11,"2.10%",-150,2.1,0.0749200069962203
2026-08-11,2025-04-11,"2.35%",-125,2.35,0.11978774924585
2026-08-11,2025-04-11,"2.60%",-100,2.6,0.158970944813535
2026-08-11,2025-04-11,"2.85%",-75,2.85,0.175113943199284
2026-08-11,2025-04-11,"3.10%",-50,3.1,0.160111925882205
2026-08-11,2025-04-11,"3.35%",-25,3.35,0.121513472277764
2026-08-11,2025-04-11,"3.60%",0,3.6,0.0765449037895229
2026-08-11,2025-04-11,"3.85%",25,3.85,0.0400210187571688
2026-08-11,2025-04-11,"4.10%",50,4.1,0.0173669957143562
2026-08-11,2025-04-11,"4.35%",75,4.35,0
2026-08-11,2025-04-11,"4.60%",100,4.6,0
2026-08-11,2025-04-11,"4.85%",125,4.85,0
2026-08-11,2025-04-11,"5.10%",150,5.1,0
2026-08-11,2025-04-11,"5.35%",175,5.35,0
2026-08-11,2025-04-11,"5.60%",200,5.6,0
2026-08-11,2025-04-11,"5.85%",225,5.85,0
2026-08-11,2025-04-11,"6.10%",250,6.1,0
2026-08-11,2025-04-14,"0.10%",-300,0.1,0
2026-08-11,2025-04-14,"0.35%",-300,0.35,0
2026-08-11,2025-04-14,"0.60%",-300,0.6,0
2026-08-11,2025-04-14,"0.85%",-275,0.85,0
2026-08-11,2025-04-14,"1.10%",-250,1.1,0
2026-08-11,2025-04-14,"1.35%",-225,1.35,0
2026-08-11,2025-04-14,"1.60%",-200,1.6,0.0101317377558027
2026-08-11,2025-04-14,"1.85%",-175,1.85,0.0275869666381549
2026-08-11,2025-04-14,"2.10%",-150,2.1,0.0608297651927693
2026-08-11,2025-04-14,"2.35%",-125,2.35,0.108629369544932
2026-08-11,2025-04-14,"2.60%",-100,2.6,0.157114902977571
2026-08-11,2025-04-14,"2.85%",-75,2.85,0.18405155543295
2026-08-11,2025-04-14,"3.10%",-50,3.1,0.174630142536503
2026-08-11,2025-04-14,"3.35%",-25,3.35,0.134200663160473
2026-08-11,2025-04-14,"3.60%",0,3.6,0.0835288566382349
2026-08-11,2025-04-14,"3.85%",25,3.85,0.0421064152925451
2026-08-11,2025-04-14,"4.10%",50,4.1,0.0171896248300649
2026-08-11,2025-04-14,"4.35%",75,4.35,0
2026-08-11,2025-04-14,"4.60%",100,4.6,0
2026-08-11,2025-04-14,"4.85%",125,4.85,0
2026-08-11,2025-04-14,"5.10%",150,5.1,0
2026-08-11,2025-04-14,"5.35%",175,5.35,0
2026-08-11,2025-04-14,"5.60%",200,5.6,0
2026-08-11,2025-04-14,"5.85%",225,5.85,0
2026-08-11,2025-04-14,"6.10%",250,6.1,0
2026-08-11,2025-04-15,"0.10%",-300,0.1,0
2026-08-11,2025-04-15,"0.35%",-300,0.35,0
2026-08-11,2025-04-15,"0.60%",-300,0.6,0
2026-08-11,2025-04-15,"0.85%",-275,0.85,0
2026-08-11,2025-04-15,"1.10%",-250,1.1,0
2026-08-11,2025-04-15,"1.35%",-225,1.35,0
2026-08-11,2025-04-15,"1.60%",-200,1.6,0.011506460177697
2026-08-11,2025-04-15,"1.85%",-175,1.85,0.030623630598197
2026-08-11,2025-04-15,"2.10%",-150,2.1,0.0659561198175252
2026-08-11,2025-04-15,"2.35%",-125,2.35,0.114964379716623
2026-08-11,2025-04-15,"2.60%",-100,2.6,0.162181294783707
2026-08-11,2025-04-15,"2.85%",-75,2.85,0.185173884540383
2026-08-11,2025-04-15,"3.10%",-50,3.1,0.171121658623384
2026-08-11,2025-04-15,"3.35%",-25,3.35,0.127989298699356
2026-08-11,2025-04-15,"3.60%",0,3.6,0.0774774652478145
2026-08-11,2025-04-15,"3.85%",25,3.85,0.0379570573422486
2026-08-11,2025-04-15,"4.10%",50,4.1,0.0150487504530649
2026-08-11,2025-04-15,"4.35%",75,4.35,0
2026-08-11,2025-04-15,"4.60%",100,4.6,0
2026-08-11,2025-04-15,"4.85%",125,4.85,0
2026-08-11,2025-04-15,"5.10%",150,5.1,0
2026-08-11,2025-04-15,"5.35%",175,5.35,0
2026-08-11,2025-04-15,"5.60%",200,5.6,0
2026-08-11,2025-04-15,"5.85%",225,5.85,0
2026-08-11,2025-04-15,"6.10%",250,6.1,0
2026-08-11,2025-04-16,"0.10%",-300,0.1,0
2026-08-11,2025-04-16,"0.35%",-300,0.35,0
2026-08-11,2025-04-16,"0.60%",-300,0.6,0
2026-08-11,2025-04-16,"0.85%",-275,0.85,0
2026-08-11,2025-04-16,"1.10%",-250,1.1,0
2026-08-11,2025-04-16,"1.35%",-225,1.35,0
2026-08-11,2025-04-16,"1.60%",-200,1.6,0
2026-08-11,2025-04-16,"1.85%",-175,1.85,0.0280379668168338
2026-08-11,2025-04-16,"2.10%",-150,2.1,0.0627561210622112
2026-08-11,2025-04-16,"2.35%",-125,2.35,0.112875867939925
2026-08-11,2025-04-16,"2.60%",-100,2.6,0.163156443702347
2026-08-11,2025-04-16,"2.85%",-75,2.85,0.189530868387757
2026-08-11,2025-04-16,"3.10%",-50,3.1,0.17694333606719
2026-08-11,2025-04-16,"3.35%",-25,3.35,0.132759093167212
2026-08-11,2025-04-16,"3.60%",0,3.6,0.0800495348389407
2026-08-11,2025-04-16,"3.85%",25,3.85,0.0387880664350654
2026-08-11,2025-04-16,"4.10%",50,4.1,0.0151027015825188
2026-08-11,2025-04-16,"4.35%",75,4.35,0
2026-08-11,2025-04-16,"4.60%",100,4.6,0
2026-08-11,2025-04-16,"4.85%",125,4.85,0
2026-08-11,2025-04-16,"5.10%",150,5.1,0
2026-08-11,2025-04-16,"5.35%",175,5.35,0
2026-08-11,2025-04-16,"5.60%",200,5.6,0
2026-08-11,2025-04-16,"5.85%",225,5.85,0
2026-08-11,2025-04-16,"6.10%",250,6.1,0
2026-08-11,2025-04-17,"0.10%",-300,0.1,0
2026-08-11,2025-04-17,"0.35%",-300,0.35,0
2026-08-11,2025-04-17,"0.60%",-300,0.6,0
2026-08-11,2025-04-17,"0.85%",-275,0.85,0
2026-08-11,2025-04-17,"1.10%",-250,1.1,0
2026-08-11,2025-04-17,"1.35%",-225,1.35,0
2026-08-11,2025-04-17,"1.60%",-200,1.6,0.0105781252279792
2026-08-11,2025-04-17,"1.85%",-175,1.85,0.0289520268709295
2026-08-11,2025-04-17,"2.10%",-150,2.1,0.0638268985503468
2026-08-11,2025-04-17,"2.35%",-125,2.35,0.113347483646615
2026-08-11,2025-04-17,"2.60%",-100,2.6,0.162152957695642
2026-08-11,2025-04-17,"2.85%",-75,2.85,0.18687720451465
2026-08-11,2025-04-17,"3.10%",-50,3.1,0.173504877474809
2026-08-11,2025-04-17,"3.35%",-25,3.35,0.129774122557527
2026-08-11,2025-04-17,"3.60%",0,3.6,0.078194190757297
2026-08-11,2025-04-17,"3.85%",25,3.85,0.0379534966813509
2026-08-11,2025-04-17,"4.10%",50,4.1,0.0148386160228535
2026-08-11,2025-04-17,"4.35%",75,4.35,0
2026-08-11,2025-04-17,"4.60%",100,4.6,0
2026-08-11,2025-04-17,"4.85%",125,4.85,0
2026-08-11,2025-04-17,"5.10%",150,5.1,0
2026-08-11,2025-04-17,"5.35%",175,5.35,0
2026-08-11,2025-04-17,"5.60%",200,5.6,0
2026-08-11,2025-04-17,"5.85%",225,5.85,0
2026-08-11,2025-04-17,"6.10%",250,6.1,0
2026-08-11,2025-04-22,"0.10%",-300,0.1,0
2026-08-11,2025-04-22,"0.35%",-300,0.35,0
2026-08-11,2025-04-22,"0.60%",-300,0.6,0
2026-08-11,2025-04-22,"0.85%",-275,0.85,0
2026-08-11,2025-04-22,"1.10%",-250,1.1,0
2026-08-11,2025-04-22,"1.35%",-225,1.35,0
2026-08-11,2025-04-22,"1.60%",-200,1.6,0.0117269571230418
2026-08-11,2025-04-22,"1.85%",-175,1.85,0.0332360372727567
2026-08-11,2025-04-22,"2.10%",-150,2.1,0.0742000064670509
2026-08-11,2025-04-22,"2.35%",-125,2.35,0.130499526527848
2026-08-11,2025-04-22,"2.60%",-100,2.6,0.18082260022976
2026-08-11,2025-04-22,"2.85%",-75,2.85,0.197402210353966
2026-08-11,2025-04-22,"3.10%",-50,3.1,0.169789715262592
2026-08-11,2025-04-22,"3.35%",-25,3.35,0.115059644235795
2026-08-11,2025-04-22,"3.60%",0,3.6,0.0614280948502139
2026-08-11,2025-04-22,"3.85%",25,3.85,0.0258352076769753
2026-08-11,2025-04-22,"4.10%",50,4.1,0
2026-08-11,2025-04-22,"4.35%",75,4.35,0
2026-08-11,2025-04-22,"4.60%",100,4.6,0
2026-08-11,2025-04-22,"4.85%",125,4.85,0
2026-08-11,2025-04-22,"5.10%",150,5.1,0
2026-08-11,2025-04-22,"5.35%",175,5.35,0
2026-08-11,2025-04-22,"5.60%",200,5.6,0
2026-08-11,2025-04-22,"5.85%",225,5.85,0
2026-08-11,2025-04-22,"6.10%",250,6.1,0
2026-08-11,2025-04-23,"0.10%",-300,0.1,0
2026-08-11,2025-04-23,"0.35%",-300,0.35,0
2026-08-11,2025-04-23,"0.60%",-300,0.6,0
2026-08-11,2025-04-23,"0.85%",-275,0.85,0
2026-08-11,2025-04-23,"1.10%",-250,1.1,0
2026-08-11,2025-04-23,"1.35%",-225,1.35,0
2026-08-11,2025-04-23,"1.60%",-200,1.6,0
2026-08-11,2025-04-23,"1.85%",-175,1.85,0.0164930604418226
2026-08-11,2025-04-23,"2.10%",-150,2.1,0.0495836605912837
2026-08-11,2025-04-23,"2.35%",-125,2.35,0.110272323274235
2026-08-11,2025-04-23,"2.60%",-100,2.6,0.181453478620685
2026-08-11,2025-04-23,"2.85%",-75,2.85,0.220946186413402
2026-08-11,2025-04-23,"3.10%",-50,3.1,0.199090672653706
2026-08-11,2025-04-23,"3.35%",-25,3.35,0.132753966847059
2026-08-11,2025-04-23,"3.60%",0,3.6,0.0654989009103008
2026-08-11,2025-04-23,"3.85%",25,3.85,0.0239077502475056
2026-08-11,2025-04-23,"4.10%",50,4.1,0
2026-08-11,2025-04-23,"4.35%",75,4.35,0
2026-08-11,2025-04-23,"4.60%",100,4.6,0
2026-08-11,2025-04-23,"4.85%",125,4.85,0
2026-08-11,2025-04-23,"5.10%",150,5.1,0
2026-08-11,2025-04-23,"5.35%",175,5.35,0
2026-08-11,2025-04-23,"5.60%",200,5.6,0
2026-08-11,2025-04-23,"5.85%",225,5.85,0
2026-08-11,2025-04-23,"6.10%",250,6.1,0
2026-08-11,2025-04-25,"0.10%",-300,0.1,0
2026-08-11,2025-04-25,"0.35%",-300,0.35,0
2026-08-11,2025-04-25,"0.60%",-300,0.6,0
2026-08-11,2025-04-25,"0.85%",-275,0.85,0
2026-08-11,2025-04-25,"1.10%",-250,1.1,0
2026-08-11,2025-04-25,"1.35%",-225,1.35,0
2026-08-11,2025-04-25,"1.60%",-200,1.6,0
2026-08-11,2025-04-25,"1.85%",-175,1.85,0.0232716626272127
2026-08-11,2025-04-25,"2.10%",-150,2.1,0.058832138647687
2026-08-11,2025-04-25,"2.35%",-125,2.35,0.115221180313975
2026-08-11,2025-04-25,"2.60%",-100,2.6,0.174832323157763
2026-08-11,2025-04-25,"2.85%",-75,2.85,0.205546006485735
2026-08-11,2025-04-25,"3.10%",-50,3.1,0.187242551011609
2026-08-11,2025-04-25,"3.35%",-25,3.35,0.13216069417151
2026-08-11,2025-04-25,"3.60%",0,3.6,0.0722737119027511
2026-08-11,2025-04-25,"3.85%",25,3.85,0.0306197316817582
2026-08-11,2025-04-25,"4.10%",50,4.1,0
2026-08-11,2025-04-25,"4.35%",75,4.35,0
2026-08-11,2025-04-25,"4.60%",100,4.6,0
2026-08-11,2025-04-25,"4.85%",125,4.85,0
2026-08-11,2025-04-25,"5.10%",150,5.1,0
2026-08-11,2025-04-25,"5.35%",175,5.35,0
2026-08-11,2025-04-25,"5.60%",200,5.6,0
2026-08-11,2025-04-25,"5.85%",225,5.85,0
2026-08-11,2025-04-25,"6.10%",250,6.1,0
2026-08-11,2025-04-28,"0.10%",-300,0.1,0
2026-08-11,2025-04-28,"0.35%",-300,0.35,0
2026-08-11,2025-04-28,"0.60%",-300,0.6,0
2026-08-11,2025-04-28,"0.85%",-275,0.85,0
2026-08-11,2025-04-28,"1.10%",-250,1.1,0
2026-08-11,2025-04-28,"1.35%",-225,1.35,0
2026-08-11,2025-04-28,"1.60%",-200,1.6,0.0127702737114625
2026-08-11,2025-04-28,"1.85%",-175,1.85,0.0337491760983738
2026-08-11,2025-04-28,"2.10%",-150,2.1,0.0717783501895488
2026-08-11,2025-04-28,"2.35%",-125,2.35,0.122862439466234
2026-08-11,2025-04-28,"2.60%",-100,2.6,0.169262436139714
2026-08-11,2025-04-28,"2.85%",-75,2.85,0.187685270999741
2026-08-11,2025-04-28,"3.10%",-50,3.1,0.167506615421469
2026-08-11,2025-04-28,"3.35%",-25,3.35,0.120326554807674
2026-08-11,2025-04-28,"3.60%",0,3.6,0.0695674351706259
2026-08-11,2025-04-28,"3.85%",25,3.85,0.032370148365271
2026-08-11,2025-04-28,"4.10%",50,4.1,0.0121212996298876
2026-08-11,2025-04-28,"4.35%",75,4.35,0
2026-08-11,2025-04-28,"4.60%",100,4.6,0
2026-08-11,2025-04-28,"4.85%",125,4.85,0
2026-08-11,2025-04-28,"5.10%",150,5.1,0
2026-08-11,2025-04-28,"5.35%",175,5.35,0
2026-08-11,2025-04-28,"5.60%",200,5.6,0
2026-08-11,2025-04-28,"5.85%",225,5.85,0
2026-08-11,2025-04-28,"6.10%",250,6.1,0
2026-08-11,2025-04-29,"0.10%",-300,0.1,0
2026-08-11,2025-04-29,"0.35%",-300,0.35,0
2026-08-11,2025-04-29,"0.60%",-300,0.6,0
2026-08-11,2025-04-29,"0.85%",-275,0.85,0
2026-08-11,2025-04-29,"1.10%",-250,1.1,0
2026-08-11,2025-04-29,"1.35%",-225,1.35,0
2026-08-11,2025-04-29,"1.60%",-200,1.6,0
2026-08-11,2025-04-29,"1.85%",-175,1.85,0.0218306506473412
2026-08-11,2025-04-29,"2.10%",-150,2.1,0.0599293438837033
2026-08-11,2025-04-29,"2.35%",-125,2.35,0.12311062658161
2026-08-11,2025-04-29,"2.60%",-100,2.6,0.189277749124407
2026-08-11,2025-04-29,"2.85%",-75,2.85,0.217816803586819
2026-08-11,2025-04-29,"3.10%",-50,3.1,0.187622174472657
2026-08-11,2025-04-29,"3.35%",-25,3.35,0.1209661685862
2026-08-11,2025-04-29,"3.60%",0,3.6,0.0583700518760068
2026-08-11,2025-04-29,"3.85%",25,3.85,0.0210764312412551
2026-08-11,2025-04-29,"4.10%",50,4.1,0
2026-08-11,2025-04-29,"4.35%",75,4.35,0
2026-08-11,2025-04-29,"4.60%",100,4.6,0
2026-08-11,2025-04-29,"4.85%",125,4.85,0
2026-08-11,2025-04-29,"5.10%",150,5.1,0
2026-08-11,2025-04-29,"5.35%",175,5.35,0
2026-08-11,2025-04-29,"5.60%",200,5.6,0
2026-08-11,2025-04-29,"5.85%",225,5.85,0
2026-08-11,2025-04-29,"6.10%",250,6.1,0
2026-08-11,2025-04-30,"0.10%",-300,0.1,0
2026-08-11,2025-04-30,"0.35%",-300,0.35,0
2026-08-11,2025-04-30,"0.60%",-300,0.6,0
2026-08-11,2025-04-30,"0.85%",-275,0.85,0
2026-08-11,2025-04-30,"1.10%",-250,1.1,0
2026-08-11,2025-04-30,"1.35%",-225,1.35,0
2026-08-11,2025-04-30,"1.60%",-200,1.6,0.0119767275217192
2026-08-11,2025-04-30,"1.85%",-175,1.85,0.0327506725132049
2026-08-11,2025-04-30,"2.10%",-150,2.1,0.0714392360191837
2026-08-11,2025-04-30,"2.35%",-125,2.35,0.124314135630317
2026-08-11,2025-04-30,"2.60%",-100,2.6,0.172581838441376
2026-08-11,2025-04-30,"2.85%",-75,2.85,0.191150224302919
2026-08-11,2025-04-30,"3.10%",-50,3.1,0.168913422347
2026-08-11,2025-04-30,"3.35%",-25,3.35,0.119085179174508
2026-08-11,2025-04-30,"3.60%",0,3.6,0.0669792488761313
2026-08-11,2025-04-30,"3.85%",25,3.85,0.0300529587373614
2026-08-11,2025-04-30,"4.10%",50,4.1,0.010756356436279
2026-08-11,2025-04-30,"4.35%",75,4.35,0
2026-08-11,2025-04-30,"4.60%",100,4.6,0
2026-08-11,2025-04-30,"4.85%",125,4.85,0
2026-08-11,2025-04-30,"5.10%",150,5.1,0
2026-08-11,2025-04-30,"5.35%",175,5.35,0
2026-08-11,2025-04-30,"5.60%",200,5.6,0
2026-08-11,2025-04-30,"5.85%",225,5.85,0
2026-08-11,2025-04-30,"6.10%",250,6.1,0
2026-08-11,2025-05-01,"0.10%",-300,0.1,0
2026-08-11,2025-05-01,"0.35%",-300,0.35,0
2026-08-11,2025-05-01,"0.60%",-300,0.6,0
2026-08-11,2025-05-01,"0.85%",-275,0.85,0
2026-08-11,2025-05-01,"1.10%",-250,1.1,0
2026-08-11,2025-05-01,"1.35%",-225,1.35,0
2026-08-11,2025-05-01,"1.60%",-200,1.6,0.0140753673560377
2026-08-11,2025-05-01,"1.85%",-175,1.85,0.0361220578743302
2026-08-11,2025-05-01,"2.10%",-150,2.1,0.0749041593806448
2026-08-11,2025-05-01,"2.35%",-125,2.35,0.125512148093029
2026-08-11,2025-05-01,"2.60%",-100,2.6,0.169953663761123
2026-08-11,2025-05-01,"2.85%",-75,2.85,0.185973599594413
2026-08-11,2025-05-01,"3.10%",-50,3.1,0.164456622900083
2026-08-11,2025-05-01,"3.35%",-25,3.35,0.117523909658073
2026-08-11,2025-05-01,"3.60%",0,3.6,0.0678677812112929
2026-08-11,2025-05-01,"3.85%",25,3.85,0.0316696992379383
2026-08-11,2025-05-01,"4.10%",50,4.1,0.0119409909330346
2026-08-11,2025-05-01,"4.35%",75,4.35,0
2026-08-11,2025-05-01,"4.60%",100,4.6,0
2026-08-11,2025-05-01,"4.85%",125,4.85,0
2026-08-11,2025-05-01,"5.10%",150,5.1,0
2026-08-11,2025-05-01,"5.35%",175,5.35,0
2026-08-11,2025-05-01,"5.60%",200,5.6,0
2026-08-11,2025-05-01,"5.85%",225,5.85,0
2026-08-11,2025-05-01,"6.10%",250,6.1,0
2026-08-11,2025-05-02,"0.10%",-300,0.1,0
2026-08-11,2025-05-02,"0.35%",-300,0.35,0
2026-08-11,2025-05-02,"0.60%",-300,0.6,0
2026-08-11,2025-05-02,"0.85%",-275,0.85,0
2026-08-11,2025-05-02,"1.10%",-250,1.1,0
2026-08-11,2025-05-02,"1.35%",-225,1.35,0
2026-08-11,2025-05-02,"1.60%",-200,1.6,0.0127165967673995
2026-08-11,2025-05-02,"1.85%",-175,1.85,0.0323172786030805
2026-08-11,2025-05-02,"2.10%",-150,2.1,0.0671782714035166
2026-08-11,2025-05-02,"2.35%",-125,2.35,0.114228518260008
2026-08-11,2025-05-02,"2.60%",-100,2.6,0.158886818335629
2026-08-11,2025-05-02,"2.85%",-75,2.85,0.18079184726743
2026-08-11,2025-05-02,"3.10%",-50,3.1,0.168287331657158
2026-08-11,2025-05-02,"3.35%",-25,3.35,0.128145516325076
2026-08-11,2025-05-02,"3.60%",0,3.6,0.0798227156856937
2026-08-11,2025-05-02,"3.85%",25,3.85,0.0406730185092773
2026-08-11,2025-05-02,"4.10%",50,4.1,0.0169520871857312
2026-08-11,2025-05-02,"4.35%",75,4.35,0
2026-08-11,2025-05-02,"4.60%",100,4.6,0
2026-08-11,2025-05-02,"4.85%",125,4.85,0
2026-08-11,2025-05-02,"5.10%",150,5.1,0
2026-08-11,2025-05-02,"5.35%",175,5.35,0
2026-08-11,2025-05-02,"5.60%",200,5.6,0
2026-08-11,2025-05-02,"5.85%",225,5.85,0
2026-08-11,2025-05-02,"6.10%",250,6.1,0
2026-08-11,2025-05-05,"0.10%",-300,0.1,0
2026-08-11,2025-05-05,"0.35%",-300,0.35,0
2026-08-11,2025-05-05,"0.60%",-300,0.6,0
2026-08-11,2025-05-05,"0.85%",-275,0.85,0
2026-08-11,2025-05-05,"1.10%",-250,1.1,0
2026-08-11,2025-05-05,"1.35%",-225,1.35,0
2026-08-11,2025-05-05,"1.60%",-200,1.6,0.0118778368815734
2026-08-11,2025-05-05,"1.85%",-175,1.85,0.0292122079379741
2026-08-11,2025-05-05,"2.10%",-150,2.1,0.0598239100143173
2026-08-11,2025-05-05,"2.35%",-125,2.35,0.102019808394672
2026-08-11,2025-05-05,"2.60%",-100,2.6,0.144879046583637
2026-08-11,2025-05-05,"2.85%",-75,2.85,0.171334987257799
2026-08-11,2025-05-05,"3.10%",-50,3.1,0.168736799440348
2026-08-11,2025-05-05,"3.35%",-25,3.35,0.138387376978144
2026-08-11,2025-05-05,"3.60%",0,3.6,0.0945151645413643
2026-08-11,2025-05-05,"3.85%",25,3.85,0.0537546624710174
2026-08-11,2025-05-05,"4.10%",50,4.1,0.0254581994991528
2026-08-11,2025-05-05,"4.35%",75,4.35,0
2026-08-11,2025-05-05,"4.60%",100,4.6,0
2026-08-11,2025-05-05,"4.85%",125,4.85,0
2026-08-11,2025-05-05,"5.10%",150,5.1,0
2026-08-11,2025-05-05,"5.35%",175,5.35,0
2026-08-11,2025-05-05,"5.60%",200,5.6,0
2026-08-11,2025-05-05,"5.85%",225,5.85,0
2026-08-11,2025-05-05,"6.10%",250,6.1,0
2026-08-11,2025-05-06,"0.10%",-300,0.1,0
2026-08-11,2025-05-06,"0.35%",-300,0.35,0
2026-08-11,2025-05-06,"0.60%",-300,0.6,0
2026-08-11,2025-05-06,"0.85%",-275,0.85,0
2026-08-11,2025-05-06,"1.10%",-250,1.1,0
2026-08-11,2025-05-06,"1.35%",-225,1.35,0
2026-08-11,2025-05-06,"1.60%",-200,1.6,0
2026-08-11,2025-05-06,"1.85%",-175,1.85,0.0226665261280633
2026-08-11,2025-05-06,"2.10%",-150,2.1,0.0512071811204685
2026-08-11,2025-05-06,"2.35%",-125,2.35,0.0946620490263183
2026-08-11,2025-05-06,"2.60%",-100,2.6,0.143198430423632
2026-08-11,2025-05-06,"2.85%",-75,2.85,0.177268024361451
2026-08-11,2025-05-06,"3.10%",-50,3.1,0.179580358499316
2026-08-11,2025-05-06,"3.35%",-25,3.35,0.148875743184285
2026-08-11,2025-05-06,"3.60%",0,3.6,0.10099968518468
2026-08-11,2025-05-06,"3.85%",25,3.85,0.0560706206620885
2026-08-11,2025-05-06,"4.10%",50,4.1,0.0254713814096968
2026-08-11,2025-05-06,"4.35%",75,4.35,0
2026-08-11,2025-05-06,"4.60%",100,4.6,0
2026-08-11,2025-05-06,"4.85%",125,4.85,0
2026-08-11,2025-05-06,"5.10%",150,5.1,0
2026-08-11,2025-05-06,"5.35%",175,5.35,0
2026-08-11,2025-05-06,"5.60%",200,5.6,0
2026-08-11,2025-05-06,"5.85%",225,5.85,0
2026-08-11,2025-05-06,"6.10%",250,6.1,0
2026-08-11,2025-05-07,"0.10%",-300,0.1,0
2026-08-11,2025-05-07,"0.35%",-300,0.35,0
2026-08-11,2025-05-07,"0.60%",-300,0.6,0
2026-08-11,2025-05-07,"0.85%",-275,0.85,0
2026-08-11,2025-05-07,"1.10%",-250,1.1,0
2026-08-11,2025-05-07,"1.35%",-225,1.35,0
2026-08-11,2025-05-07,"1.60%",-200,1.6,0.0132261224914104
2026-08-11,2025-05-07,"1.85%",-175,1.85,0.0316754752184783
2026-08-11,2025-05-07,"2.10%",-150,2.1,0.0633227232834222
2026-08-11,2025-05-07,"2.35%",-125,2.35,0.105671209551655
2026-08-11,2025-05-07,"2.60%",-100,2.6,0.147206016056641
2026-08-11,2025-05-07,"2.85%",-75,2.85,0.171188081357423
2026-08-11,2025-05-07,"3.10%",-50,3.1,0.166189629901453
2026-08-11,2025-05-07,"3.35%",-25,3.35,0.134684025909174
2026-08-11,2025-05-07,"3.60%",0,3.6,0.0911182518367048
2026-08-11,2025-05-07,"3.85%",25,3.85,0.0514592218828643
2026-08-11,2025-05-07,"4.10%",50,4.1,0.0242592425107744
2026-08-11,2025-05-07,"4.35%",75,4.35,0
2026-08-11,2025-05-07,"4.60%",100,4.6,0
2026-08-11,2025-05-07,"4.85%",125,4.85,0
2026-08-11,2025-05-07,"5.10%",150,5.1,0
2026-08-11,2025-05-07,"5.35%",175,5.35,0
2026-08-11,2025-05-07,"5.60%",200,5.6,0
2026-08-11,2025-05-07,"5.85%",225,5.85,0
2026-08-11,2025-05-07,"6.10%",250,6.1,0
2026-08-11,2025-05-08,"0.10%",-300,0.1,0
2026-08-11,2025-05-08,"0.35%",-300,0.35,0
2026-08-11,2025-05-08,"0.60%",-300,0.6,0
2026-08-11,2025-05-08,"0.85%",-275,0.85,0
2026-08-11,2025-05-08,"1.10%",-250,1.1,0
2026-08-11,2025-05-08,"1.35%",-225,1.35,0
2026-08-11,2025-05-08,"1.60%",-200,1.6,0
2026-08-11,2025-05-08,"1.85%",-175,1.85,0.0215715723689519
2026-08-11,2025-05-08,"2.10%",-150,2.1,0.051090480911975
2026-08-11,2025-05-08,"2.35%",-125,2.35,0.0974066971081302
2026-08-11,2025-05-08,"2.60%",-100,2.6,0.149503882082185
2026-08-11,2025-05-08,"2.85%",-75,2.85,0.184734203037737
2026-08-11,2025-05-08,"3.10%",-50,3.1,0.183772919556029
2026-08-11,2025-05-08,"3.35%",-25,3.35,0.147182060423257
2026-08-11,2025-05-08,"3.60%",0,3.6,0.0948983865515569
2026-08-11,2025-05-08,"3.85%",25,3.85,0.049257982059265
2026-08-11,2025-05-08,"4.10%",50,4.1,0.0205818159009134
2026-08-11,2025-05-08,"4.35%",75,4.35,0
2026-08-11,2025-05-08,"4.60%",100,4.6,0
2026-08-11,2025-05-08,"4.85%",125,4.85,0
2026-08-11,2025-05-08,"5.10%",150,5.1,0
2026-08-11,2025-05-08,"5.35%",175,5.35,0
2026-08-11,2025-05-08,"5.60%",200,5.6,0
2026-08-11,2025-05-08,"5.85%",225,5.85,0
2026-08-11,2025-05-08,"6.10%",250,6.1,0
2026-08-11,2025-05-09,"0.10%",-300,0.1,0
2026-08-11,2025-05-09,"0.35%",-300,0.35,0
2026-08-11,2025-05-09,"0.60%",-300,0.6,0
2026-08-11,2025-05-09,"0.85%",-275,0.85,0
2026-08-11,2025-05-09,"1.10%",-250,1.1,0
2026-08-11,2025-05-09,"1.35%",-225,1.35,0
2026-08-11,2025-05-09,"1.60%",-200,1.6,0.011991666374655
2026-08-11,2025-05-09,"1.85%",-175,1.85,0.0277336022417093
2026-08-11,2025-05-09,"2.10%",-150,2.1,0.0545489479053444
2026-08-11,2025-05-09,"2.35%",-125,2.35,0.0912494437089306
2026-08-11,2025-05-09,"2.60%",-100,2.6,0.129821270822273
2026-08-11,2025-05-09,"2.85%",-75,2.85,0.157086490746354
2026-08-11,2025-05-09,"3.10%",-50,3.1,0.161663583911275
2026-08-11,2025-05-09,"3.35%",-25,3.35,0.141503247807154
2026-08-11,2025-05-09,"3.60%",0,3.6,0.105341459951522
2026-08-11,2025-05-09,"3.85%",25,3.85,0.0666970005347585
2026-08-11,2025-05-09,"4.10%",50,4.1,0.0359153539701127
2026-08-11,2025-05-09,"4.35%",75,4.35,0.0164479320259106
2026-08-11,2025-05-09,"4.60%",100,4.6,0
2026-08-11,2025-05-09,"4.85%",125,4.85,0
2026-08-11,2025-05-09,"5.10%",150,5.1,0
2026-08-11,2025-05-09,"5.35%",175,5.35,0
2026-08-11,2025-05-09,"5.60%",200,5.6,0
2026-08-11,2025-05-09,"5.85%",225,5.85,0
2026-08-11,2025-05-09,"6.10%",250,6.1,0
2026-08-11,2025-05-12,"0.10%",-300,0.1,0
2026-08-11,2025-05-12,"0.35%",-300,0.35,0
2026-08-11,2025-05-12,"0.60%",-300,0.6,0
2026-08-11,2025-05-12,"0.85%",-275,0.85,0
2026-08-11,2025-05-12,"1.10%",-250,1.1,0
2026-08-11,2025-05-12,"1.35%",-225,1.35,0.0106935999727759
2026-08-11,2025-05-12,"1.60%",-200,1.6,0.0211516950488065
2026-08-11,2025-05-12,"1.85%",-175,1.85,0.0375855328737329
2026-08-11,2025-05-12,"2.10%",-150,2.1,0.0600002550741223
2026-08-11,2025-05-12,"2.35%",-125,2.35,0.0860487229553115
2026-08-11,2025-05-12,"2.60%",-100,2.6,0.110865479395064
2026-08-11,2025-05-12,"2.85%",-75,2.85,0.128324617228633
2026-08-11,2025-05-12,"3.10%",-50,3.1,0.133439993050877
2026-08-11,2025-05-12,"3.35%",-25,3.35,0.124659280879549
2026-08-11,2025-05-12,"3.60%",0,3.6,0.104622594693431
2026-08-11,2025-05-12,"3.85%",25,3.85,0.0788837994760949
2026-08-11,2025-05-12,"4.10%",50,4.1,0.0534330958930973
2026-08-11,2025-05-12,"4.35%",75,4.35,0.032515563242274
2026-08-11,2025-05-12,"4.60%",100,4.6,0.0177757702162305
2026-08-11,2025-05-12,"4.85%",125,4.85,0
2026-08-11,2025-05-12,"5.10%",150,5.1,0
2026-08-11,2025-05-12,"5.35%",175,5.35,0
2026-08-11,2025-05-12,"5.60%",200,5.6,0
2026-08-11,2025-05-12,"5.85%",225,5.85,0
2026-08-11,2025-05-12,"6.10%",250,6.1,0
2026-08-11,2025-05-13,"0.10%",-300,0.1,0
2026-08-11,2025-05-13,"0.35%",-300,0.35,0
2026-08-11,2025-05-13,"0.60%",-300,0.6,0
2026-08-11,2025-05-13,"0.85%",-275,0.85,0
2026-08-11,2025-05-13,"1.10%",-250,1.1,0
2026-08-11,2025-05-13,"1.35%",-225,1.35,0
2026-08-11,2025-05-13,"1.60%",-200,1.6,0
2026-08-11,2025-05-13,"1.85%",-175,1.85,0.0150077235068108
2026-08-11,2025-05-13,"2.10%",-150,2.1,0.0341792592206425
2026-08-11,2025-05-13,"2.35%",-125,2.35,0.0655874102799314
2026-08-11,2025-05-13,"2.60%",-100,2.6,0.106047451577611
2026-08-11,2025-05-13,"2.85%",-75,2.85,0.144481027064579
2026-08-11,2025-05-13,"3.10%",-50,3.1,0.165866253348496
2026-08-11,2025-05-13,"3.35%",-25,3.35,0.160451759918396
2026-08-11,2025-05-13,"3.60%",0,3.6,0.130788495441717
2026-08-11,2025-05-13,"3.85%",25,3.85,0.0898316466354713
2026-08-11,2025-05-13,"4.10%",50,4.1,0.0519896526073842
2026-08-11,2025-05-13,"4.35%",75,4.35,0.0253525774663784
2026-08-11,2025-05-13,"4.60%",100,4.6,0.0104167429325832
2026-08-11,2025-05-13,"4.85%",125,4.85,0
2026-08-11,2025-05-13,"5.10%",150,5.1,0
2026-08-11,2025-05-13,"5.35%",175,5.35,0
2026-08-11,2025-05-13,"5.60%",200,5.6,0
2026-08-11,2025-05-13,"5.85%",225,5.85,0
2026-08-11,2025-05-13,"6.10%",250,6.1,0
2026-08-11,2025-05-14,"0.10%",-300,0.1,0
2026-08-11,2025-05-14,"0.35%",-300,0.35,0
2026-08-11,2025-05-14,"0.60%",-300,0.6,0
2026-08-11,2025-05-14,"0.85%",-275,0.85,0
2026-08-11,2025-05-14,"1.10%",-250,1.1,0
2026-08-11,2025-05-14,"1.35%",-225,1.35,0
2026-08-11,2025-05-14,"1.60%",-200,1.6,0
2026-08-11,2025-05-14,"1.85%",-175,1.85,0.0120219308913386
2026-08-11,2025-05-14,"2.10%",-150,2.1,0.0291759602631883
2026-08-11,2025-05-14,"2.35%",-125,2.35,0.0591637367833955
2026-08-11,2025-05-14,"2.60%",-100,2.6,0.100249074281919
2026-08-11,2025-05-14,"2.85%",-75,2.85,0.141941942677879
2026-08-11,2025-05-14,"3.10%",-50,3.1,0.16794003500725
2026-08-11,2025-05-14,"3.35%",-25,3.35,0.166040686169085
2026-08-11,2025-05-14,"3.60%",0,3.6,0.137180169981348
2026-08-11,2025-05-14,"3.85%",25,3.85,0.094706662698788
2026-08-11,2025-05-14,"4.10%",50,4.1,0.0546353973385872
2026-08-11,2025-05-14,"4.35%",75,4.35,0.0263366377518626
2026-08-11,2025-05-14,"4.60%",100,4.6,0.0106077661553585
2026-08-11,2025-05-14,"4.85%",125,4.85,0
2026-08-11,2025-05-14,"5.10%",150,5.1,0
2026-08-11,2025-05-14,"5.35%",175,5.35,0
2026-08-11,2025-05-14,"5.60%",200,5.6,0
2026-08-11,2025-05-14,"5.85%",225,5.85,0
2026-08-11,2025-05-14,"6.10%",250,6.1,0
2026-08-11,2025-05-15,"0.10%",-300,0.1,0
2026-08-11,2025-05-15,"0.35%",-300,0.35,0
2026-08-11,2025-05-15,"0.60%",-300,0.6,0
2026-08-11,2025-05-15,"0.85%",-275,0.85,0
2026-08-11,2025-05-15,"1.10%",-250,1.1,0
2026-08-11,2025-05-15,"1.35%",-225,1.35,0
2026-08-11,2025-05-15,"1.60%",-200,1.6,0
2026-08-11,2025-05-15,"1.85%",-175,1.85,0
2026-08-11,2025-05-15,"2.10%",-150,2.1,0.0233122428614311
2026-08-11,2025-05-15,"2.35%",-125,2.35,0.0510351316976178
2026-08-11,2025-05-15,"2.60%",-100,2.6,0.0923522959092236
2026-08-11,2025-05-15,"2.85%",-75,2.85,0.138144776609196
2026-08-11,2025-05-15,"3.10%",-50,3.1,0.170820474419494
2026-08-11,2025-05-15,"3.35%",-25,3.35,0.174610188382309
2026-08-11,2025-05-15,"3.60%",0,3.6,0.147544835474367
2026-08-11,2025-05-15,"3.85%",25,3.85,0.10306206374379
2026-08-11,2025-05-15,"4.10%",50,4.1,0.0595092921158447
2026-08-11,2025-05-15,"4.35%",75,4.35,0.0284032396882608
2026-08-11,2025-05-15,"4.60%",100,4.6,0.0112054590984662
2026-08-11,2025-05-15,"4.85%",125,4.85,0
2026-08-11,2025-05-15,"5.10%",150,5.1,0
2026-08-11,2025-05-15,"5.35%",175,5.35,0
2026-08-11,2025-05-15,"5.60%",200,5.6,0
2026-08-11,2025-05-15,"5.85%",225,5.85,0
2026-08-11,2025-05-15,"6.10%",250,6.1,0
2026-08-11,2025-05-16,"0.10%",-300,0.1,0
2026-08-11,2025-05-16,"0.35%",-300,0.35,0
2026-08-11,2025-05-16,"0.60%",-300,0.6,0
2026-08-11,2025-05-16,"0.85%",-275,0.85,0
2026-08-11,2025-05-16,"1.10%",-250,1.1,0
2026-08-11,2025-05-16,"1.35%",-225,1.35,0
2026-08-11,2025-05-16,"1.60%",-200,1.6,0
2026-08-11,2025-05-16,"1.85%",-175,1.85,0.0102056502045253
2026-08-11,2025-05-16,"2.10%",-150,2.1,0.0265409040662999
2026-08-11,2025-05-16,"2.35%",-125,2.35,0.0568722966583143
2026-08-11,2025-05-16,"2.60%",-100,2.6,0.100418975061262
2026-08-11,2025-05-16,"2.85%",-75,2.85,0.1461086584133
2026-08-11,2025-05-16,"3.10%",-50,3.1,0.175182789943641
2026-08-11,2025-05-16,"3.35%",-25,3.35,0.173088097333869
2026-08-11,2025-05-16,"3.60%",0,3.6,0.14092982717962
2026-08-11,2025-05-16,"3.85%",25,3.85,0.0945568439265281
2026-08-11,2025-05-16,"4.10%",50,4.1,0.0522789128973686
2026-08-11,2025-05-16,"4.35%",75,4.35,0.0238170443152719
2026-08-11,2025-05-16,"4.60%",100,4.6,0
2026-08-11,2025-05-16,"4.85%",125,4.85,0
2026-08-11,2025-05-16,"5.10%",150,5.1,0
2026-08-11,2025-05-16,"5.35%",175,5.35,0
2026-08-11,2025-05-16,"5.60%",200,5.6,0
2026-08-11,2025-05-16,"5.85%",225,5.85,0
2026-08-11,2025-05-16,"6.10%",250,6.1,0
2026-08-11,2025-05-19,"0.10%",-300,0.1,0
2026-08-11,2025-05-19,"0.35%",-300,0.35,0
2026-08-11,2025-05-19,"0.60%",-300,0.6,0
2026-08-11,2025-05-19,"0.85%",-275,0.85,0
2026-08-11,2025-05-19,"1.10%",-250,1.1,0
2026-08-11,2025-05-19,"1.35%",-225,1.35,0
2026-08-11,2025-05-19,"1.60%",-200,1.6,0
2026-08-11,2025-05-19,"1.85%",-175,1.85,0
2026-08-11,2025-05-19,"2.10%",-150,2.1,0.0235411392495391
2026-08-11,2025-05-19,"2.35%",-125,2.35,0.0514243934962584
2026-08-11,2025-05-19,"2.60%",-100,2.6,0.0928576545479899
2026-08-11,2025-05-19,"2.85%",-75,2.85,0.138607921611765
2026-08-11,2025-05-19,"3.10%",-50,3.1,0.17103717454091
2026-08-11,2025-05-19,"3.35%",-25,3.35,0.17447393594534
2026-08-11,2025-05-19,"3.60%",0,3.6,0.147132530599344
2026-08-11,2025-05-19,"3.85%",25,3.85,0.102570038500664
2026-08-11,2025-05-19,"4.10%",50,4.1,0.0591094190676645
2026-08-11,2025-05-19,"4.35%",75,4.35,0.0281580904353292
2026-08-11,2025-05-19,"4.60%",100,4.6,0.0110877020051965
2026-08-11,2025-05-19,"4.85%",125,4.85,0
2026-08-11,2025-05-19,"5.10%",150,5.1,0
2026-08-11,2025-05-19,"5.35%",175,5.35,0
2026-08-11,2025-05-19,"5.60%",200,5.6,0
2026-08-11,2025-05-19,"5.85%",225,5.85,0
2026-08-11,2025-05-19,"6.10%",250,6.1,0
2026-08-11,2025-05-20,"0.10%",-300,0.1,0
2026-08-11,2025-05-20,"0.35%",-300,0.35,0
2026-08-11,2025-05-20,"0.60%",-300,0.6,0
2026-08-11,2025-05-20,"0.85%",-275,0.85,0
2026-08-11,2025-05-20,"1.10%",-250,1.1,0
2026-08-11,2025-05-20,"1.35%",-225,1.35,0
2026-08-11,2025-05-20,"1.60%",-200,1.6,0
2026-08-11,2025-05-20,"1.85%",-175,1.85,0.018736481573613
2026-08-11,2025-05-20,"2.10%",-150,2.1,0.0424584665704406
2026-08-11,2025-05-20,"2.35%",-125,2.35,0.0799026525831595
2026-08-11,2025-05-20,"2.60%",-100,2.6,0.124880182553752
2026-08-11,2025-05-20,"2.85%",-75,2.85,0.162095857806858
2026-08-11,2025-05-20,"3.10%",-50,3.1,0.174744150988468
2026-08-11,2025-05-20,"3.35%",-25,3.35,0.156454311029214
2026-08-11,2025-05-20,"3.60%",0,3.6,0.11633861912992
2026-08-11,2025-05-20,"3.85%",25,3.85,0.0718463390406121
2026-08-11,2025-05-20,"4.10%",50,4.1,0.0368483723495976
2026-08-11,2025-05-20,"4.35%",75,4.35,0.0156945663743643
2026-08-11,2025-05-20,"4.60%",100,4.6,0
2026-08-11,2025-05-20,"4.85%",125,4.85,0
2026-08-11,2025-05-20,"5.10%",150,5.1,0
2026-08-11,2025-05-20,"5.35%",175,5.35,0
2026-08-11,2025-05-20,"5.60%",200,5.6,0
2026-08-11,2025-05-20,"5.85%",225,5.85,0
2026-08-11,2025-05-20,"6.10%",250,6.1,0
2026-08-11,2025-05-21,"0.10%",-300,0.1,0
2026-08-11,2025-05-21,"0.35%",-300,0.35,0
2026-08-11,2025-05-21,"0.60%",-300,0.6,0
2026-08-11,2025-05-21,"0.85%",-275,0.85,0
2026-08-11,2025-05-21,"1.10%",-250,1.1,0
2026-08-11,2025-05-21,"1.35%",-225,1.35,0
2026-08-11,2025-05-21,"1.60%",-200,1.6,0
2026-08-11,2025-05-21,"1.85%",-175,1.85,0.0154746909504801
2026-08-11,2025-05-21,"2.10%",-150,2.1,0.0382110204987144
2026-08-11,2025-05-21,"2.35%",-125,2.35,0.0768535408646015
2026-08-11,2025-05-21,"2.60%",-100,2.6,0.125912742727992
2026-08-11,2025-05-21,"2.85%",-75,2.85,0.168043559119908
2026-08-11,2025-05-21,"3.10%",-50,3.1,0.182696327157588
2026-08-11,2025-05-21,"3.35%",-25,3.35,0.161806607470775
2026-08-11,2025-05-21,"3.60%",0,3.6,0.116739334429839
2026-08-11,2025-05-21,"3.85%",25,3.85,0.0686091621837908
2026-08-11,2025-05-21,"4.10%",50,4.1,0.0328453561485574
2026-08-11,2025-05-21,"4.35%",75,4.35,0.0128076584477542
2026-08-11,2025-05-21,"4.60%",100,4.6,0
2026-08-11,2025-05-21,"4.85%",125,4.85,0
2026-08-11,2025-05-21,"5.10%",150,5.1,0
2026-08-11,2025-05-21,"5.35%",175,5.35,0
2026-08-11,2025-05-21,"5.60%",200,5.6,0
2026-08-11,2025-05-21,"5.85%",225,5.85,0
2026-08-11,2025-05-21,"6.10%",250,6.1,0
2026-08-11,2025-05-22,"0.10%",-300,0.1,0
2026-08-11,2025-05-22,"0.35%",-300,0.35,0
2026-08-11,2025-05-22,"0.60%",-300,0.6,0
2026-08-11,2025-05-22,"0.85%",-275,0.85,0
2026-08-11,2025-05-22,"1.10%",-250,1.1,0
2026-08-11,2025-05-22,"1.35%",-225,1.35,0
2026-08-11,2025-05-22,"1.60%",-200,1.6,0
2026-08-11,2025-05-22,"1.85%",-175,1.85,0.0141516593170079
2026-08-11,2025-05-22,"2.10%",-150,2.1,0.036765715014127
2026-08-11,2025-05-22,"2.35%",-125,2.35,0.0767479854336555
2026-08-11,2025-05-22,"2.60%",-100,2.6,0.128738155232353
2026-08-11,2025-05-22,"2.85%",-75,2.85,0.173533783304817
2026-08-11,2025-05-22,"3.10%",-50,3.1,0.18797886940061
2026-08-11,2025-05-22,"3.35%",-25,3.35,0.163638486319472
2026-08-11,2025-05-22,"3.60%",0,3.6,0.114474245704591
2026-08-11,2025-05-22,"3.85%",25,3.85,0.0643519901137109
2026-08-11,2025-05-22,"4.10%",50,4.1,0.0290687081613057
2026-08-11,2025-05-22,"4.35%",75,4.35,0.0105504019983494
2026-08-11,2025-05-22,"4.60%",100,4.6,0
2026-08-11,2025-05-22,"4.85%",125,4.85,0
2026-08-11,2025-05-22,"5.10%",150,5.1,0
2026-08-11,2025-05-22,"5.35%",175,5.35,0
2026-08-11,2025-05-22,"5.60%",200,5.6,0
2026-08-11,2025-05-22,"5.85%",225,5.85,0
2026-08-11,2025-05-22,"6.10%",250,6.1,0
2026-08-11,2025-05-23,"0.10%",-300,0.1,0
2026-08-11,2025-05-23,"0.35%",-300,0.35,0
2026-08-11,2025-05-23,"0.60%",-300,0.6,0
2026-08-11,2025-05-23,"0.85%",-275,0.85,0
2026-08-11,2025-05-23,"1.10%",-250,1.1,0
2026-08-11,2025-05-23,"1.35%",-225,1.35,0
2026-08-11,2025-05-23,"1.60%",-200,1.6,0
2026-08-11,2025-05-23,"1.85%",-175,1.85,0.0123821021832596
2026-08-11,2025-05-23,"2.10%",-150,2.1,0.0341135118563175
2026-08-11,2025-05-23,"2.35%",-125,2.35,0.0745829341563795
2026-08-11,2025-05-23,"2.60%",-100,2.6,0.129410203695438
2026-08-11,2025-05-23,"2.85%",-75,2.85,0.178212802696193
2026-08-11,2025-05-23,"3.10%",-50,3.1,0.194789497333282
2026-08-11,2025-05-23,"3.35%",-25,3.35,0.168986734381143
2026-08-11,2025-05-23,"3.60%",0,3.6,0.116357251417538
2026-08-11,2025-05-23,"3.85%",25,3.85,0.063587345502531
2026-08-11,2025-05-23,"4.10%",50,4.1,0.0275776167779192
2026-08-11,2025-05-23,"4.35%",75,4.35,0
2026-08-11,2025-05-23,"4.60%",100,4.6,0
2026-08-11,2025-05-23,"4.85%",125,4.85,0
2026-08-11,2025-05-23,"5.10%",150,5.1,0
2026-08-11,2025-05-23,"5.35%",175,5.35,0
2026-08-11,2025-05-23,"5.60%",200,5.6,0
2026-08-11,2025-05-23,"5.85%",225,5.85,0
2026-08-11,2025-05-23,"6.10%",250,6.1,0
2026-08-11,2025-07-06,"0.10%",-300,0.1,0
2026-08-11,2025-07-06,"0.35%",-300,0.35,0
2026-08-11,2025-07-06,"0.60%",-300,0.6,0
2026-08-11,2025-07-06,"0.85%",-275,0.85,0
2026-08-11,2025-07-06,"1.10%",-250,1.1,0
2026-08-11,2025-07-06,"1.35%",-225,1.35,0
2026-08-11,2025-07-06,"1.60%",-200,1.6,0
2026-08-11,2025-07-06,"1.85%",-175,1.85,0.0194288466020453
2026-08-11,2025-07-06,"2.10%",-150,2.1,0.050802827164862
2026-08-11,2025-07-06,"2.35%",-125,2.35,0.103232285986614
2026-08-11,2025-07-06,"2.60%",-100,2.6,0.16303158565986
2026-08-11,2025-07-06,"2.85%",-75,2.85,0.200117033346606
2026-08-11,2025-07-06,"3.10%",-50,3.1,0.190925959085426
2026-08-11,2025-07-06,"3.35%",-25,3.35,0.141583174102993
2026-08-11,2025-07-06,"3.60%",0,3.6,0.0816029471307575
2026-08-11,2025-07-06,"3.85%",25,3.85,0.0365522918022883
2026-08-11,2025-07-06,"4.10%",50,4.1,0.0127230491185486
2026-08-11,2025-07-06,"4.35%",75,4.35,0
2026-08-11,2025-07-06,"4.60%",100,4.6,0
2026-08-11,2025-07-06,"4.85%",125,4.85,0
2026-08-11,2025-07-06,"5.10%",150,5.1,0
2026-08-11,2025-07-06,"5.35%",175,5.35,0
2026-08-11,2025-07-06,"5.60%",200,5.6,0
2026-08-11,2025-07-06,"5.85%",225,5.85,0
2026-08-11,2025-07-06,"6.10%",250,6.1,0
2026-08-11,2025-07-07,"0.10%",-300,0.1,0
2026-08-11,2025-07-07,"0.35%",-300,0.35,0
2026-08-11,2025-07-07,"0.60%",-300,0.6,0
2026-08-11,2025-07-07,"0.85%",-275,0.85,0
2026-08-11,2025-07-07,"1.10%",-250,1.1,0
2026-08-11,2025-07-07,"1.35%",-225,1.35,0
2026-08-11,2025-07-07,"1.60%",-200,1.6,0
2026-08-11,2025-07-07,"1.85%",-175,1.85,0.0120008316490582
2026-08-11,2025-07-07,"2.10%",-150,2.1,0.0349825855797587
2026-08-11,2025-07-07,"2.35%",-125,2.35,0.079168570698154
2026-08-11,2025-07-07,"2.60%",-100,2.6,0.139111178779514
2026-08-11,2025-07-07,"2.85%",-75,2.85,0.189807623688405
2026-08-11,2025-07-07,"3.10%",-50,3.1,0.201106815276457
2026-08-11,2025-07-07,"3.35%",-25,3.35,0.16546457402767
2026-08-11,2025-07-07,"3.60%",0,3.6,0.105714924046794
2026-08-11,2025-07-07,"3.85%",25,3.85,0.0524436950900054
2026-08-11,2025-07-07,"4.10%",50,4.1,0.0201992011641839
2026-08-11,2025-07-07,"4.35%",75,4.35,0
2026-08-11,2025-07-07,"4.60%",100,4.6,0
2026-08-11,2025-07-07,"4.85%",125,4.85,0
2026-08-11,2025-07-07,"5.10%",150,5.1,0
2026-08-11,2025-07-07,"5.35%",175,5.35,0
2026-08-11,2025-07-07,"5.60%",200,5.6,0
2026-08-11,2025-07-07,"5.85%",225,5.85,0
2026-08-11,2025-07-07,"6.10%",250,6.1,0
2026-08-11,2025-07-08,"0.10%",-300,0.1,0
2026-08-11,2025-07-08,"0.35%",-300,0.35,0
2026-08-11,2025-07-08,"0.60%",-300,0.6,0
2026-08-11,2025-07-08,"0.85%",-275,0.85,0
2026-08-11,2025-07-08,"1.10%",-250,1.1,0
2026-08-11,2025-07-08,"1.35%",-225,1.35,0
2026-08-11,2025-07-08,"1.60%",-200,1.6,0
2026-08-11,2025-07-08,"1.85%",-175,1.85,0
2026-08-11,2025-07-08,"2.10%",-150,2.1,0.0274900898717367
2026-08-11,2025-07-08,"2.35%",-125,2.35,0.0692465984020381
2026-08-11,2025-07-08,"2.60%",-100,2.6,0.132458482227476
2026-08-11,2025-07-08,"2.85%",-75,2.85,0.1924289429151
2026-08-11,2025-07-08,"3.10%",-50,3.1,0.212324398582639
2026-08-11,2025-07-08,"3.35%",-25,3.35,0.177941063082018
2026-08-11,2025-07-08,"3.60%",0,3.6,0.113262228634042
2026-08-11,2025-07-08,"3.85%",25,3.85,0.0547508735485256
2026-08-11,2025-07-08,"4.10%",50,4.1,0.0200973227364233
2026-08-11,2025-07-08,"4.35%",75,4.35,0
2026-08-11,2025-07-08,"4.60%",100,4.6,0
2026-08-11,2025-07-08,"4.85%",125,4.85,0
2026-08-11,2025-07-08,"5.10%",150,5.1,0
2026-08-11,2025-07-08,"5.35%",175,5.35,0
2026-08-11,2025-07-08,"5.60%",200,5.6,0
2026-08-11,2025-07-08,"5.85%",225,5.85,0
2026-08-11,2025-07-08,"6.10%",250,6.1,0
2026-08-11,2025-07-09,"0.10%",-300,0.1,0
2026-08-11,2025-07-09,"0.35%",-300,0.35,0
2026-08-11,2025-07-09,"0.60%",-300,0.6,0
2026-08-11,2025-07-09,"0.85%",-275,0.85,0
2026-08-11,2025-07-09,"1.10%",-250,1.1,0
2026-08-11,2025-07-09,"1.35%",-225,1.35,0
2026-08-11,2025-07-09,"1.60%",-200,1.6,0
2026-08-11,2025-07-09,"1.85%",-175,1.85,0
2026-08-11,2025-07-09,"2.10%",-150,2.1,0.0304806535472894
2026-08-11,2025-07-09,"2.35%",-125,2.35,0.0735988981900849
2026-08-11,2025-07-09,"2.60%",-100,2.6,0.136090176513564
2026-08-11,2025-07-09,"2.85%",-75,2.85,0.19272326368564
2026-08-11,2025-07-09,"3.10%",-50,3.1,0.209034770457291
2026-08-11,2025-07-09,"3.35%",-25,3.35,0.173654431359902
2026-08-11,2025-07-09,"3.60%",0,3.6,0.110489922932015
2026-08-11,2025-07-09,"3.85%",25,3.85,0.0538389402280694
2026-08-11,2025-07-09,"4.10%",50,4.1,0.0200889430861447
2026-08-11,2025-07-09,"4.35%",75,4.35,0
2026-08-11,2025-07-09,"4.60%",100,4.6,0
2026-08-11,2025-07-09,"4.85%",125,4.85,0
2026-08-11,2025-07-09,"5.10%",150,5.1,0
2026-08-11,2025-07-09,"5.35%",175,5.35,0
2026-08-11,2025-07-09,"5.60%",200,5.6,0
2026-08-11,2025-07-09,"5.85%",225,5.85,0
2026-08-11,2025-07-09,"6.10%",250,6.1,0
2026-08-11,2025-07-10,"0.10%",-300,0.1,0
2026-08-11,2025-07-10,"0.35%",-300,0.35,0
2026-08-11,2025-07-10,"0.60%",-300,0.6,0
2026-08-11,2025-07-10,"0.85%",-275,0.85,0
2026-08-11,2025-07-10,"1.10%",-250,1.1,0
2026-08-11,2025-07-10,"1.35%",-225,1.35,0
2026-08-11,2025-07-10,"1.60%",-200,1.6,0
2026-08-11,2025-07-10,"1.85%",-175,1.85,0.0104590737481756
2026-08-11,2025-07-10,"2.10%",-150,2.1,0.0317281719406802
2026-08-11,2025-07-10,"2.35%",-125,2.35,0.0743622260861351
2026-08-11,2025-07-10,"2.60%",-100,2.6,0.134669109862379
2026-08-11,2025-07-10,"2.85%",-75,2.85,0.188464599591915
2026-08-11,2025-07-10,"3.10%",-50,3.1,0.203826032173931
2026-08-11,2025-07-10,"3.35%",-25,3.35,0.170358076297422
2026-08-11,2025-07-10,"3.60%",0,3.6,0.110034092033622
2026-08-11,2025-07-10,"3.85%",25,3.85,0.0549192991700122
2026-08-11,2025-07-10,"4.10%",50,4.1,0.0211793190957284
2026-08-11,2025-07-10,"4.35%",75,4.35,0
2026-08-11,2025-07-10,"4.60%",100,4.6,0
2026-08-11,2025-07-10,"4.85%",125,4.85,0
2026-08-11,2025-07-10,"5.10%",150,5.1,0
2026-08-11,2025-07-10,"5.35%",175,5.35,0
2026-08-11,2025-07-10,"5.60%",200,5.6,0
2026-08-11,2025-07-10,"5.85%",225,5.85,0
2026-08-11,2025-07-10,"6.10%",250,6.1,0
2026-08-11,2025-07-14,"0.10%",-300,0.1,0
2026-08-11,2025-07-14,"0.35%",-300,0.35,0
2026-08-11,2025-07-14,"0.60%",-300,0.6,0
2026-08-11,2025-07-14,"0.85%",-275,0.85,0
2026-08-11,2025-07-14,"1.10%",-250,1.1,0
2026-08-11,2025-07-14,"1.35%",-225,1.35,0
2026-08-11,2025-07-14,"1.60%",-200,1.6,0
2026-08-11,2025-07-14,"1.85%",-175,1.85,0
2026-08-11,2025-07-14,"2.10%",-150,2.1,0.0207766834917712
2026-08-11,2025-07-14,"2.35%",-125,2.35,0.0582897887359908
2026-08-11,2025-07-14,"2.60%",-100,2.6,0.121767321428059
2026-08-11,2025-07-14,"2.85%",-75,2.85,0.189435240044904
2026-08-11,2025-07-14,"3.10%",-50,3.1,0.219495474581661
2026-08-11,2025-07-14,"3.35%",-25,3.35,0.189426045309857
2026-08-11,2025-07-14,"3.60%",0,3.6,0.121755499784688
2026-08-11,2025-07-14,"3.85%",25,3.85,0.058281298868538
2026-08-11,2025-07-14,"4.10%",50,4.1,0.0207726477545314
2026-08-11,2025-07-14,"4.35%",75,4.35,0
2026-08-11,2025-07-14,"4.60%",100,4.6,0
2026-08-11,2025-07-14,"4.85%",125,4.85,0
2026-08-11,2025-07-14,"5.10%",150,5.1,0
2026-08-11,2025-07-14,"5.35%",175,5.35,0
2026-08-11,2025-07-14,"5.60%",200,5.6,0
2026-08-11,2025-07-14,"5.85%",225,5.85,0
2026-08-11,2025-07-14,"6.10%",250,6.1,0
2026-08-11,2025-07-15,"0.10%",-300,0.1,0
2026-08-11,2025-07-15,"0.35%",-300,0.35,0
2026-08-11,2025-07-15,"0.60%",-300,0.6,0
2026-08-11,2025-07-15,"0.85%",-275,0.85,0
2026-08-11,2025-07-15,"1.10%",-250,1.1,0
2026-08-11,2025-07-15,"1.35%",-225,1.35,0
2026-08-11,2025-07-15,"1.60%",-200,1.6,0
2026-08-11,2025-07-15,"1.85%",-175,1.85,0
2026-08-11,2025-07-15,"2.10%",-150,2.1,0.0201444799853714
2026-08-11,2025-07-15,"2.35%",-125,2.35,0.0555934141102077
2026-08-11,2025-07-15,"2.60%",-100,2.6,0.115693438468639
2026-08-11,2025-07-15,"2.85%",-75,2.85,0.181582047280687
2026-08-11,2025-07-15,"3.10%",-50,3.1,0.214958311668005
2026-08-11,2025-07-15,"3.35%",-25,3.35,0.191940797911355
2026-08-11,2025-07-15,"3.60%",0,3.6,0.129271348776681
2026-08-11,2025-07-15,"3.85%",25,3.85,0.0656637120682679
2026-08-11,2025-07-15,"4.10%",50,4.1,0.0251524497307859
2026-08-11,2025-07-15,"4.35%",75,4.35,0
2026-08-11,2025-07-15,"4.60%",100,4.6,0
2026-08-11,2025-07-15,"4.85%",125,4.85,0
2026-08-11,2025-07-15,"5.10%",150,5.1,0
2026-08-11,2025-07-15,"5.35%",175,5.35,0
2026-08-11,2025-07-15,"5.60%",200,5.6,0
2026-08-11,2025-07-15,"5.85%",225,5.85,0
2026-08-11,2025-07-15,"6.10%",250,6.1,0
2026-08-11,2025-07-16,"0.10%",-300,0.1,0
2026-08-11,2025-07-16,"0.35%",-300,0.35,0
2026-08-11,2025-07-16,"0.60%",-300,0.6,0
2026-08-11,2025-07-16,"0.85%",-275,0.85,0
2026-08-11,2025-07-16,"1.10%",-250,1.1,0
2026-08-11,2025-07-16,"1.35%",-225,1.35,0
2026-08-11,2025-07-16,"1.60%",-200,1.6,0
2026-08-11,2025-07-16,"1.85%",-175,1.85,0
2026-08-11,2025-07-16,"2.10%",-150,2.1,0.0316043133208993
2026-08-11,2025-07-16,"2.35%",-125,2.35,0.0777611340376823
2026-08-11,2025-07-16,"2.60%",-100,2.6,0.144237412560043
2026-08-11,2025-07-16,"2.85%",-75,2.85,0.201717871532156
2026-08-11,2025-07-16,"3.10%",-50,3.1,0.212711419515538
2026-08-11,2025-07-16,"3.35%",-25,3.35,0.16913045478886
2026-08-11,2025-07-16,"3.60%",0,3.6,0.101395244444966
2026-08-11,2025-07-16,"3.85%",25,3.85,0.0458283926970186
2026-08-11,2025-07-16,"4.10%",50,4.1,0.0156137571028376
2026-08-11,2025-07-16,"4.35%",75,4.35,0
2026-08-11,2025-07-16,"4.60%",100,4.6,0
2026-08-11,2025-07-16,"4.85%",125,4.85,0
2026-08-11,2025-07-16,"5.10%",150,5.1,0
2026-08-11,2025-07-16,"5.35%",175,5.35,0
2026-08-11,2025-07-16,"5.60%",200,5.6,0
2026-08-11,2025-07-16,"5.85%",225,5.85,0
2026-08-11,2025-07-16,"6.10%",250,6.1,0
2026-08-11,2025-07-17,"0.10%",-300,0.1,0
2026-08-11,2025-07-17,"0.35%",-300,0.35,0
2026-08-11,2025-07-17,"0.60%",-300,0.6,0
2026-08-11,2025-07-17,"0.85%",-275,0.85,0
2026-08-11,2025-07-17,"1.10%",-250,1.1,0
2026-08-11,2025-07-17,"1.35%",-225,1.35,0
2026-08-11,2025-07-17,"1.60%",-200,1.6,0
2026-08-11,2025-07-17,"1.85%",-175,1.85,0.0123609115758451
2026-08-11,2025-07-17,"2.10%",-150,2.1,0.0375193633123148
2026-08-11,2025-07-17,"2.35%",-125,2.35,0.0865426426676452
2026-08-11,2025-07-17,"2.60%",-100,2.6,0.151718072243497
2026-08-11,2025-07-17,"2.85%",-75,2.85,0.202171723933815
2026-08-11,2025-07-17,"3.10%",-50,3.1,0.204786866771808
2026-08-11,2025-07-17,"3.35%",-25,3.35,0.157682464014022
2026-08-11,2025-07-17,"3.60%",0,3.6,0.0922876644241384
2026-08-11,2025-07-17,"3.85%",25,3.85,0.0410526601914586
2026-08-11,2025-07-17,"4.10%",50,4.1,0.0138776308654547
2026-08-11,2025-07-17,"4.35%",75,4.35,0
2026-08-11,2025-07-17,"4.60%",100,4.6,0
2026-08-11,2025-07-17,"4.85%",125,4.85,0
2026-08-11,2025-07-17,"5.10%",150,5.1,0
2026-08-11,2025-07-17,"5.35%",175,5.35,0
2026-08-11,2025-07-17,"5.60%",200,5.6,0
2026-08-11,2025-07-17,"5.85%",225,5.85,0
2026-08-11,2025-07-17,"6.10%",250,6.1,0
2026-08-11,2025-07-20,"0.10%",-300,0.1,0
2026-08-11,2025-07-20,"0.35%",-300,0.35,0
2026-08-11,2025-07-20,"0.60%",-300,0.6,0
2026-08-11,2025-07-20,"0.85%",-275,0.85,0
2026-08-11,2025-07-20,"1.10%",-250,1.1,0
2026-08-11,2025-07-20,"1.35%",-225,1.35,0
2026-08-11,2025-07-20,"1.60%",-200,1.6,0
2026-08-11,2025-07-20,"1.85%",-175,1.85,0.0104782311155637
2026-08-11,2025-07-20,"2.10%",-150,2.1,0.033323291195437
2026-08-11,2025-07-20,"2.35%",-125,2.35,0.0801375549697413
2026-08-11,2025-07-20,"2.60%",-100,2.6,0.145754409685905
2026-08-11,2025-07-20,"2.85%",-75,2.85,0.200518040419243
2026-08-11,2025-07-20,"3.10%",-50,3.1,0.208668964424914
2026-08-11,2025-07-20,"3.35%",-25,3.35,0.164262440315304
2026-08-11,2025-07-20,"3.60%",0,3.6,0.0978080746508065
2026-08-11,2025-07-20,"3.85%",25,3.85,0.0440478431100514
2026-08-11,2025-07-20,"4.10%",50,4.1,0.0150011501130337
2026-08-11,2025-07-20,"4.35%",75,4.35,0
2026-08-11,2025-07-20,"4.60%",100,4.6,0
2026-08-11,2025-07-20,"4.85%",125,4.85,0
2026-08-11,2025-07-20,"5.10%",150,5.1,0
2026-08-11,2025-07-20,"5.35%",175,5.35,0
2026-08-11,2025-07-20,"5.60%",200,5.6,0
2026-08-11,2025-07-20,"5.85%",225,5.85,0
2026-08-11,2025-07-20,"6.10%",250,6.1,0
2026-08-11,2025-07-21,"0.10%",-300,0.1,0
2026-08-11,2025-07-21,"0.35%",-300,0.35,0
2026-08-11,2025-07-21,"0.60%",-300,0.6,0
2026-08-11,2025-07-21,"0.85%",-275,0.85,0
2026-08-11,2025-07-21,"1.10%",-250,1.1,0
2026-08-11,2025-07-21,"1.35%",-225,1.35,0
2026-08-11,2025-07-21,"1.60%",-200,1.6,0
2026-08-11,2025-07-21,"1.85%",-175,1.85,0.0104259246131134
2026-08-11,2025-07-21,"2.10%",-150,2.1,0.032940006070457
2026-08-11,2025-07-21,"2.35%",-125,2.35,0.078973470401937
2026-08-11,2025-07-21,"2.60%",-100,2.6,0.143698932996186
2026-08-11,2025-07-21,"2.85%",-75,2.85,0.198466653732837
2026-08-11,2025-07-21,"3.10%",-50,3.1,0.208069808733003
2026-08-11,2025-07-21,"3.35%",-25,3.35,0.165585352682238
2026-08-11,2025-07-21,"3.60%",0,3.6,0.100024812501087
2026-08-11,2025-07-21,"3.85%",25,3.85,0.0458592254599407
2026-08-11,2025-07-21,"4.10%",50,4.1,0.015955812809201
2026-08-11,2025-07-21,"4.35%",75,4.35,0
2026-08-11,2025-07-21,"4.60%",100,4.6,0
2026-08-11,2025-07-21,"4.85%",125,4.85,0
2026-08-11,2025-07-21,"5.10%",150,5.1,0
2026-08-11,2025-07-21,"5.35%",175,5.35,0
2026-08-11,2025-07-21,"5.60%",200,5.6,0
2026-08-11,2025-07-21,"5.85%",225,5.85,0
2026-08-11,2025-07-21,"6.10%",250,6.1,0
2026-08-11,2025-07-22,"0.10%",-300,0.1,0
2026-08-11,2025-07-22,"0.35%",-300,0.35,0
2026-08-11,2025-07-22,"0.60%",-300,0.6,0
2026-08-11,2025-07-22,"0.85%",-275,0.85,0
2026-08-11,2025-07-22,"1.10%",-250,1.1,0
2026-08-11,2025-07-22,"1.35%",-225,1.35,0
2026-08-11,2025-07-22,"1.60%",-200,1.6,0
2026-08-11,2025-07-22,"1.85%",-175,1.85,0
2026-08-11,2025-07-22,"2.10%",-150,2.1,0.0316916149362714
2026-08-11,2025-07-22,"2.35%",-125,2.35,0.0791601614419072
2026-08-11,2025-07-22,"2.60%",-100,2.6,0.147734773485112
2026-08-11,2025-07-22,"2.85%",-75,2.85,0.20602991575322
2026-08-11,2025-07-22,"3.10%",-50,3.1,0.214724113139011
2026-08-11,2025-07-22,"3.35%",-25,3.35,0.167239275052775
2026-08-11,2025-07-22,"3.60%",0,3.6,0.097337213583663
2026-08-11,2025-07-22,"3.85%",25,3.85,0.0423303871971823
2026-08-11,2025-07-22,"4.10%",50,4.1,0.0137525454108576
2026-08-11,2025-07-22,"4.35%",75,4.35,0
2026-08-11,2025-07-22,"4.60%",100,4.6,0
2026-08-11,2025-07-22,"4.85%",125,4.85,0
2026-08-11,2025-07-22,"5.10%",150,5.1,0
2026-08-11,2025-07-22,"5.35%",175,5.35,0
2026-08-11,2025-07-22,"5.60%",200,5.6,0
2026-08-11,2025-07-22,"5.85%",225,5.85,0
2026-08-11,2025-07-22,"6.10%",250,6.1,0
2026-08-11,2025-07-23,"0.10%",-300,0.1,0
2026-08-11,2025-07-23,"0.35%",-300,0.35,0
2026-08-11,2025-07-23,"0.60%",-300,0.6,0
2026-08-11,2025-07-23,"0.85%",-275,0.85,0
2026-08-11,2025-07-23,"1.10%",-250,1.1,0
2026-08-11,2025-07-23,"1.35%",-225,1.35,0
2026-08-11,2025-07-23,"1.60%",-200,1.6,0
2026-08-11,2025-07-23,"1.85%",-175,1.85,0
2026-08-11,2025-07-23,"2.10%",-150,2.1,0
2026-08-11,2025-07-23,"2.35%",-125,2.35,0.0381521825260141
2026-08-11,2025-07-23,"2.60%",-100,2.6,0.101242049012035
2026-08-11,2025-07-23,"2.85%",-75,2.85,0.187298915280949
2026-08-11,2025-07-23,"3.10%",-50,3.1,0.241630578344628
2026-08-11,2025-07-23,"3.35%",-25,3.35,0.217398896291141
2026-08-11,2025-07-23,"3.60%",0,3.6,0.136405600586501
2026-08-11,2025-07-23,"3.85%",25,3.85,0.0596750006560304
2026-08-11,2025-07-23,"4.10%",50,4.1,0.0181967773027028
2026-08-11,2025-07-23,"4.35%",75,4.35,0
2026-08-11,2025-07-23,"4.60%",100,4.6,0
2026-08-11,2025-07-23,"4.85%",125,4.85,0
2026-08-11,2025-07-23,"5.10%",150,5.1,0
2026-08-11,2025-07-23,"5.35%",175,5.35,0
2026-08-11,2025-07-23,"5.60%",200,5.6,0
2026-08-11,2025-07-23,"5.85%",225,5.85,0
2026-08-11,2025-07-23,"6.10%",250,6.1,0
2026-08-11,2025-07-24,"0.10%",-300,0.1,0
2026-08-11,2025-07-24,"0.35%",-300,0.35,0
2026-08-11,2025-07-24,"0.60%",-300,0.6,0
2026-08-11,2025-07-24,"0.85%",-275,0.85,0
2026-08-11,2025-07-24,"1.10%",-250,1.1,0
2026-08-11,2025-07-24,"1.35%",-225,1.35,0
2026-08-11,2025-07-24,"1.60%",-200,1.6,0
2026-08-11,2025-07-24,"1.85%",-175,1.85,0
2026-08-11,2025-07-24,"2.10%",-150,2.1,0
2026-08-11,2025-07-24,"2.35%",-125,2.35,0.0363479923833816
2026-08-11,2025-07-24,"2.60%",-100,2.6,0.0953141200444223
2026-08-11,2025-07-24,"2.85%",-75,2.85,0.177320094116411
2026-08-11,2025-07-24,"3.10%",-50,3.1,0.234087043977273
2026-08-11,2025-07-24,"3.35%",-25,3.35,0.21931029586792
2026-08-11,2025-07-24,"3.60%",0,3.6,0.145811778724677
2026-08-11,2025-07-24,"3.85%",25,3.85,0.0687883147609676
2026-08-11,2025-07-24,"4.10%",50,4.1,0.023020360124948
2026-08-11,2025-07-24,"4.35%",75,4.35,0
2026-08-11,2025-07-24,"4.60%",100,4.6,0
2026-08-11,2025-07-24,"4.85%",125,4.85,0
2026-08-11,2025-07-24,"5.10%",150,5.1,0
2026-08-11,2025-07-24,"5.35%",175,5.35,0
2026-08-11,2025-07-24,"5.60%",200,5.6,0
2026-08-11,2025-07-24,"5.85%",225,5.85,0
2026-08-11,2025-07-24,"6.10%",250,6.1,0
2026-08-11,2025-07-27,"0.10%",-300,0.1,0
2026-08-11,2025-07-27,"0.35%",-300,0.35,0
2026-08-11,2025-07-27,"0.60%",-300,0.6,0
2026-08-11,2025-07-27,"0.85%",-275,0.85,0
2026-08-11,2025-07-27,"1.10%",-250,1.1,0
2026-08-11,2025-07-27,"1.35%",-225,1.35,0
2026-08-11,2025-07-27,"1.60%",-200,1.6,0
2026-08-11,2025-07-27,"1.85%",-175,1.85,0
2026-08-11,2025-07-27,"2.10%",-150,2.1,0.0139964184839102
2026-08-11,2025-07-27,"2.35%",-125,2.35,0.0436932931482282
2026-08-11,2025-07-27,"2.60%",-100,2.6,0.100974154779947
2026-08-11,2025-07-27,"2.85%",-75,2.85,0.172777148212085
2026-08-11,2025-07-27,"3.10%",-50,3.1,0.218926362097835
2026-08-11,2025-07-27,"3.35%",-25,3.35,0.205433012094992
2026-08-11,2025-07-27,"3.60%",0,3.6,0.142756584186923
2026-08-11,2025-07-27,"3.85%",25,3.85,0.0734578166885782
2026-08-11,2025-07-27,"4.10%",50,4.1,0.0279852103075023
2026-08-11,2025-07-27,"4.35%",75,4.35,0
2026-08-11,2025-07-27,"4.60%",100,4.6,0
2026-08-11,2025-07-27,"4.85%",125,4.85,0
2026-08-11,2025-07-27,"5.10%",150,5.1,0
2026-08-11,2025-07-27,"5.35%",175,5.35,0
2026-08-11,2025-07-27,"5.60%",200,5.6,0
2026-08-11,2025-07-27,"5.85%",225,5.85,0
2026-08-11,2025-07-27,"6.10%",250,6.1,0
2026-08-11,2025-07-28,"0.10%",-300,0.1,0
2026-08-11,2025-07-28,"0.35%",-300,0.35,0
2026-08-11,2025-07-28,"0.60%",-300,0.6,0
2026-08-11,2025-07-28,"0.85%",-275,0.85,0
2026-08-11,2025-07-28,"1.10%",-250,1.1,0
2026-08-11,2025-07-28,"1.35%",-225,1.35,0
2026-08-11,2025-07-28,"1.60%",-200,1.6,0
2026-08-11,2025-07-28,"1.85%",-175,1.85,0
2026-08-11,2025-07-28,"2.10%",-150,2.1,0.0169763063316957
2026-08-11,2025-07-28,"2.35%",-125,2.35,0.0507577659764322
2026-08-11,2025-07-28,"2.60%",-100,2.6,0.112178626646203
2026-08-11,2025-07-28,"2.85%",-75,2.85,0.183293208129374
2026-08-11,2025-07-28,"3.10%",-50,3.1,0.221443313712385
2026-08-11,2025-07-28,"3.35%",-25,3.35,0.197823923071879
2026-08-11,2025-07-28,"3.60%",0,3.6,0.130672162673384
2026-08-11,2025-07-28,"3.85%",25,3.85,0.0638163257940846
2026-08-11,2025-07-28,"4.10%",50,4.1,0.0230383676645615
2026-08-11,2025-07-28,"4.35%",75,4.35,0
2026-08-11,2025-07-28,"4.60%",100,4.6,0
2026-08-11,2025-07-28,"4.85%",125,4.85,0
2026-08-11,2025-07-28,"5.10%",150,5.1,0
2026-08-11,2025-07-28,"5.35%",175,5.35,0
2026-08-11,2025-07-28,"5.60%",200,5.6,0
2026-08-11,2025-07-28,"5.85%",225,5.85,0
2026-08-11,2025-07-28,"6.10%",250,6.1,0
2026-08-11,2025-07-29,"0.10%",-300,0.1,0
2026-08-11,2025-07-29,"0.35%",-300,0.35,0
2026-08-11,2025-07-29,"0.60%",-300,0.6,0
2026-08-11,2025-07-29,"0.85%",-275,0.85,0
2026-08-11,2025-07-29,"1.10%",-250,1.1,0
2026-08-11,2025-07-29,"1.35%",-225,1.35,0
2026-08-11,2025-07-29,"1.60%",-200,1.6,0
2026-08-11,2025-07-29,"1.85%",-175,1.85,0
2026-08-11,2025-07-29,"2.10%",-150,2.1,0.0152297894649785
2026-08-11,2025-07-29,"2.35%",-125,2.35,0.0594631561729407
2026-08-11,2025-07-29,"2.60%",-100,2.6,0.14991902371102
2026-08-11,2025-07-29,"2.85%",-75,2.85,0.244233665371037
2026-08-11,2025-07-29,"3.10%",-50,3.1,0.257189142946828
2026-08-11,2025-07-29,"3.35%",-25,3.35,0.175071380105596
2026-08-11,2025-07-29,"3.60%",0,3.6,0.0770135933738482
2026-08-11,2025-07-29,"3.85%",25,3.85,0.0218802488537517
2026-08-11,2025-07-29,"4.10%",50,4.1,0
2026-08-11,2025-07-29,"4.35%",75,4.35,0
2026-08-11,2025-07-29,"4.60%",100,4.6,0
2026-08-11,2025-07-29,"4.85%",125,4.85,0
2026-08-11,2025-07-29,"5.10%",150,5.1,0
2026-08-11,2025-07-29,"5.35%",175,5.35,0
2026-08-11,2025-07-29,"5.60%",200,5.6,0
2026-08-11,2025-07-29,"5.85%",225,5.85,0
2026-08-11,2025-07-29,"6.10%",250,6.1,0
2026-08-11,2025-07-30,"0.10%",-300,0.1,0
2026-08-11,2025-07-30,"0.35%",-300,0.35,0
2026-08-11,2025-07-30,"0.60%",-300,0.6,0
2026-08-11,2025-07-30,"0.85%",-275,0.85,0
2026-08-11,2025-07-30,"1.10%",-250,1.1,0
2026-08-11,2025-07-30,"1.35%",-225,1.35,0
2026-08-11,2025-07-30,"1.60%",-200,1.6,0
2026-08-11,2025-07-30,"1.85%",-175,1.85,0
2026-08-11,2025-07-30,"2.10%",-150,2.1,0.020564128737592
2026-08-11,2025-07-30,"2.35%",-125,2.35,0.0607365223068266
2026-08-11,2025-07-30,"2.60%",-100,2.6,0.130083275677819
2026-08-11,2025-07-30,"2.85%",-75,2.85,0.202077711882559
2026-08-11,2025-07-30,"3.10%",-50,3.1,0.227717578392777
2026-08-11,2025-07-30,"3.35%",-25,3.35,0.186153514416221
2026-08-11,2025-07-30,"3.60%",0,3.6,0.110386666755487
2026-08-11,2025-07-30,"3.85%",25,3.85,0.0474752152533885
2026-08-11,2025-07-30,"4.10%",50,4.1,0.0148053865773296
2026-08-11,2025-07-30,"4.35%",75,4.35,0
2026-08-11,2025-07-30,"4.60%",100,4.6,0
2026-08-11,2025-07-30,"4.85%",125,4.85,0
2026-08-11,2025-07-30,"5.10%",150,5.1,0
2026-08-11,2025-07-30,"5.35%",175,5.35,0
2026-08-11,2025-07-30,"5.60%",200,5.6,0
2026-08-11,2025-07-30,"5.85%",225,5.85,0
2026-08-11,2025-07-30,"6.10%",250,6.1,0
2026-08-11,2025-07-31,"0.10%",-300,0.1,0
2026-08-11,2025-07-31,"0.35%",-300,0.35,0
2026-08-11,2025-07-31,"0.60%",-300,0.6,0
2026-08-11,2025-07-31,"0.85%",-275,0.85,0
2026-08-11,2025-07-31,"1.10%",-250,1.1,0
2026-08-11,2025-07-31,"1.35%",-225,1.35,0
2026-08-11,2025-07-31,"1.60%",-200,1.6,0
2026-08-11,2025-07-31,"1.85%",-175,1.85,0
2026-08-11,2025-07-31,"2.10%",-150,2.1,0.0125512618165571
2026-08-11,2025-07-31,"2.35%",-125,2.35,0.0420903226724839
2026-08-11,2025-07-31,"2.60%",-100,2.6,0.102072900914021
2026-08-11,2025-07-31,"2.85%",-75,2.85,0.179053024631229
2026-08-11,2025-07-31,"3.10%",-50,3.1,0.227231288530973
2026-08-11,2025-07-31,"3.35%",-25,3.35,0.208641723812487
2026-08-11,2025-07-31,"3.60%",0,3.6,0.1386020007564
2026-08-11,2025-07-31,"3.85%",25,3.85,0.0666070053717144
2026-08-11,2025-07-31,"4.10%",50,4.1,0.0231504714941349
2026-08-11,2025-07-31,"4.35%",75,4.35,0
2026-08-11,2025-07-31,"4.60%",100,4.6,0
2026-08-11,2025-07-31,"4.85%",125,4.85,0
2026-08-11,2025-07-31,"5.10%",150,5.1,0
2026-08-11,2025-07-31,"5.35%",175,5.35,0
2026-08-11,2025-07-31,"5.60%",200,5.6,0
2026-08-11,2025-07-31,"5.85%",225,5.85,0
2026-08-11,2025-07-31,"6.10%",250,6.1,0
2026-08-11,2025-08-01,"0.10%",-300,0.1,0
2026-08-11,2025-08-01,"0.35%",-300,0.35,0
2026-08-11,2025-08-01,"0.60%",-300,0.6,0
2026-08-11,2025-08-01,"0.85%",-275,0.85,0
2026-08-11,2025-08-01,"1.10%",-250,1.1,0
2026-08-11,2025-08-01,"1.35%",-225,1.35,0
2026-08-11,2025-08-01,"1.60%",-200,1.6,0
2026-08-11,2025-08-01,"1.85%",-175,1.85,0
2026-08-11,2025-08-01,"2.10%",-150,2.1,0
2026-08-11,2025-08-01,"2.35%",-125,2.35,0.0376069177037177
2026-08-11,2025-08-01,"2.60%",-100,2.6,0.0994763165726492
2026-08-11,2025-08-01,"2.85%",-75,2.85,0.184375610911588
2026-08-11,2025-08-01,"3.10%",-50,3.1,0.239510311171588
2026-08-11,2025-08-01,"3.35%",-25,3.35,0.218085935812397
2026-08-11,2025-08-01,"3.60%",0,3.6,0.139186573255113
2026-08-11,2025-08-01,"3.85%",25,3.85,0.0622523305799656
2026-08-11,2025-08-01,"4.10%",50,4.1,0.0195060039929805
2026-08-11,2025-08-01,"4.35%",75,4.35,0
2026-08-11,2025-08-01,"4.60%",100,4.6,0
2026-08-11,2025-08-01,"4.85%",125,4.85,0
2026-08-11,2025-08-01,"5.10%",150,5.1,0
2026-08-11,2025-08-01,"5.35%",175,5.35,0
2026-08-11,2025-08-01,"5.60%",200,5.6,0
2026-08-11,2025-08-01,"5.85%",225,5.85,0
2026-08-11,2025-08-01,"6.10%",250,6.1,0
2026-08-11,2025-08-03,"0.10%",-300,0.1,0
2026-08-11,2025-08-03,"0.35%",-300,0.35,0
2026-08-11,2025-08-03,"0.60%",-300,0.6,0
2026-08-11,2025-08-03,"0.85%",-275,0.85,0
2026-08-11,2025-08-03,"1.10%",-250,1.1,0
2026-08-11,2025-08-03,"1.35%",-225,1.35,0
2026-08-11,2025-08-03,"1.60%",-200,1.6,0
2026-08-11,2025-08-03,"1.85%",-175,1.85,0
2026-08-11,2025-08-03,"2.10%",-150,2.1,0.0206390249544841
2026-08-11,2025-08-03,"2.35%",-125,2.35,0.0637555362211721
2026-08-11,2025-08-03,"2.60%",-100,2.6,0.139172828055743
2026-08-11,2025-08-03,"2.85%",-75,2.85,0.214743458497269
2026-08-11,2025-08-03,"3.10%",-50,3.1,0.234252382854246
2026-08-11,2025-08-03,"3.35%",-25,3.35,0.180659517181768
2026-08-11,2025-08-03,"3.60%",0,3.6,0.098493665268939
2026-08-11,2025-08-03,"3.85%",25,3.85,0.0379516269264429
2026-08-11,2025-08-03,"4.10%",50,4.1,0.0103319600399357
2026-08-11,2025-08-03,"4.35%",75,4.35,0
2026-08-11,2025-08-03,"4.60%",100,4.6,0
2026-08-11,2025-08-03,"4.85%",125,4.85,0
2026-08-11,2025-08-03,"5.10%",150,5.1,0
2026-08-11,2025-08-03,"5.35%",175,5.35,0
2026-08-11,2025-08-03,"5.60%",200,5.6,0
2026-08-11,2025-08-03,"5.85%",225,5.85,0
2026-08-11,2025-08-03,"6.10%",250,6.1,0
2026-08-11,2025-08-04,"0.10%",-300,0.1,0
2026-08-11,2025-08-04,"0.35%",-300,0.35,0
2026-08-11,2025-08-04,"0.60%",-300,0.6,0
2026-08-11,2025-08-04,"0.85%",-275,0.85,0
2026-08-11,2025-08-04,"1.10%",-250,1.1,0
2026-08-11,2025-08-04,"1.35%",-225,1.35,0
2026-08-11,2025-08-04,"1.60%",-200,1.6,0
2026-08-11,2025-08-04,"1.85%",-175,1.85,0
2026-08-11,2025-08-04,"2.10%",-150,2.1,0.0307256726241031
2026-08-11,2025-08-04,"2.35%",-125,2.35,0.0846099122795492
2026-08-11,2025-08-04,"2.60%",-100,2.6,0.16535320869133
2026-08-11,2025-08-04,"2.85%",-75,2.85,0.229391336810717
2026-08-11,2025-08-04,"3.10%",-50,3.1,0.22592556511151
2026-08-11,2025-08-04,"3.35%",-25,3.35,0.157970258930416
2026-08-11,2025-08-04,"3.60%",0,3.6,0.0784063519111744
2026-08-11,2025-08-04,"3.85%",25,3.85,0.0276176936411998
2026-08-11,2025-08-04,"4.10%",50,4.1,0
2026-08-11,2025-08-04,"4.35%",75,4.35,0
2026-08-11,2025-08-04,"4.60%",100,4.6,0
2026-08-11,2025-08-04,"4.85%",125,4.85,0
2026-08-11,2025-08-04,"5.10%",150,5.1,0
2026-08-11,2025-08-04,"5.35%",175,5.35,0
2026-08-11,2025-08-04,"5.60%",200,5.6,0
2026-08-11,2025-08-04,"5.85%",225,5.85,0
2026-08-11,2025-08-04,"6.10%",250,6.1,0
2026-08-11,2025-08-05,"0.10%",-300,0.1,0
2026-08-11,2025-08-05,"0.35%",-300,0.35,0
2026-08-11,2025-08-05,"0.60%",-300,0.6,0
2026-08-11,2025-08-05,"0.85%",-275,0.85,0
2026-08-11,2025-08-05,"1.10%",-250,1.1,0
2026-08-11,2025-08-05,"1.35%",-225,1.35,0
2026-08-11,2025-08-05,"1.60%",-200,1.6,0
2026-08-11,2025-08-05,"1.85%",-175,1.85,0
2026-08-11,2025-08-05,"2.10%",-150,2.1,0.030665070832835
2026-08-11,2025-08-05,"2.35%",-125,2.35,0.0775739536662141
2026-08-11,2025-08-05,"2.60%",-100,2.6,0.146309509315379
2026-08-11,2025-08-05,"2.85%",-75,2.85,0.205766100012362
2026-08-11,2025-08-05,"3.10%",-50,3.1,0.215800644067358
2026-08-11,2025-08-05,"3.35%",-25,3.35,0.168777260924594
2026-08-11,2025-08-05,"3.60%",0,3.6,0.0984313706808023
2026-08-11,2025-08-05,"3.85%",25,3.85,0.0428016094302249
2026-08-11,2025-08-05,"4.10%",50,4.1,0.0138744810702314
2026-08-11,2025-08-05,"4.35%",75,4.35,0
2026-08-11,2025-08-05,"4.60%",100,4.6,0
2026-08-11,2025-08-05,"4.85%",125,4.85,0
2026-08-11,2025-08-05,"5.10%",150,5.1,0
2026-08-11,2025-08-05,"5.35%",175,5.35,0
2026-08-11,2025-08-05,"5.60%",200,5.6,0
2026-08-11,2025-08-05,"5.85%",225,5.85,0
2026-08-11,2025-08-05,"6.10%",250,6.1,0
2026-08-11,2025-08-06,"0.10%",-300,0.1,0
2026-08-11,2025-08-06,"0.35%",-300,0.35,0
2026-08-11,2025-08-06,"0.60%",-300,0.6,0
2026-08-11,2025-08-06,"0.85%",-275,0.85,0
2026-08-11,2025-08-06,"1.10%",-250,1.1,0
2026-08-11,2025-08-06,"1.35%",-225,1.35,0
2026-08-11,2025-08-06,"1.60%",-200,1.6,0
2026-08-11,2025-08-06,"1.85%",-175,1.85,0
2026-08-11,2025-08-06,"2.10%",-150,2.1,0.0337033792720303
2026-08-11,2025-08-06,"2.35%",-125,2.35,0.08501324243384
2026-08-11,2025-08-06,"2.60%",-100,2.6,0.157745706429534
2026-08-11,2025-08-06,"2.85%",-75,2.85,0.21535425427399
2026-08-11,2025-08-06,"3.10%",-50,3.1,0.216326087036725
2026-08-11,2025-08-06,"3.35%",-25,3.35,0.159891128976597
2026-08-11,2025-08-06,"3.60%",0,3.6,0.0869493369841335
2026-08-11,2025-08-06,"3.85%",25,3.85,0.0347831109860035
2026-08-11,2025-08-06,"4.10%",50,4.1,0.0102337536071457
2026-08-11,2025-08-06,"4.35%",75,4.35,0
2026-08-11,2025-08-06,"4.60%",100,4.6,0
2026-08-11,2025-08-06,"4.85%",125,4.85,0
2026-08-11,2025-08-06,"5.10%",150,5.1,0
2026-08-11,2025-08-06,"5.35%",175,5.35,0
2026-08-11,2025-08-06,"5.60%",200,5.6,0
2026-08-11,2025-08-06,"5.85%",225,5.85,0
2026-08-11,2025-08-06,"6.10%",250,6.1,0
2026-08-11,2025-08-07,"0.10%",-300,0.1,0
2026-08-11,2025-08-07,"0.35%",-300,0.35,0
2026-08-11,2025-08-07,"0.60%",-300,0.6,0
2026-08-11,2025-08-07,"0.85%",-275,0.85,0
2026-08-11,2025-08-07,"1.10%",-250,1.1,0
2026-08-11,2025-08-07,"1.35%",-225,1.35,0
2026-08-11,2025-08-07,"1.60%",-200,1.6,0
2026-08-11,2025-08-07,"1.85%",-175,1.85,0
2026-08-11,2025-08-07,"2.10%",-150,2.1,0.0237777349828366
2026-08-11,2025-08-07,"2.35%",-125,2.35,0.0718489197610553
2026-08-11,2025-08-07,"2.60%",-100,2.6,0.15216228644182
2026-08-11,2025-08-07,"2.85%",-75,2.85,0.225920902888524
2026-08-11,2025-08-07,"3.10%",-50,3.1,0.235199715691682
2026-08-11,2025-08-07,"3.35%",-25,3.35,0.171694036363099
2026-08-11,2025-08-07,"3.60%",0,3.6,0.0878733053436188
2026-08-11,2025-08-07,"3.85%",25,3.85,0.0315230985273642
2026-08-11,2025-08-07,"4.10%",50,4.1,0
2026-08-11,2025-08-07,"4.35%",75,4.35,0
2026-08-11,2025-08-07,"4.60%",100,4.6,0
2026-08-11,2025-08-07,"4.85%",125,4.85,0
2026-08-11,2025-08-07,"5.10%",150,5.1,0
2026-08-11,2025-08-07,"5.35%",175,5.35,0
2026-08-11,2025-08-07,"5.60%",200,5.6,0
2026-08-11,2025-08-07,"5.85%",225,5.85,0
2026-08-11,2025-08-07,"6.10%",250,6.1,0
2026-08-11,2025-08-10,"0.10%",-300,0.1,0
2026-08-11,2025-08-10,"0.35%",-300,0.35,0
2026-08-11,2025-08-10,"0.60%",-300,0.6,0
2026-08-11,2025-08-10,"0.85%",-275,0.85,0
2026-08-11,2025-08-10,"1.10%",-250,1.1,0
2026-08-11,2025-08-10,"1.35%",-225,1.35,0
2026-08-11,2025-08-10,"1.60%",-200,1.6,0.0158290184321916
2026-08-11,2025-08-10,"1.85%",-175,1.85,0.033388382217911
2026-08-11,2025-08-10,"2.10%",-150,2.1,0.0608089234799804
2026-08-11,2025-08-10,"2.35%",-125,2.35,0.0956261562877763
2026-08-11,2025-08-10,"2.60%",-100,2.6,0.129846068558243
2026-08-11,2025-08-10,"2.85%",-75,2.85,0.152239457138971
2026-08-11,2025-08-10,"3.10%",-50,3.1,0.154125268486787
2026-08-11,2025-08-10,"3.35%",-25,3.35,0.134731395790534
2026-08-11,2025-08-10,"3.60%",0,3.6,0.101697558002925
2026-08-11,2025-08-10,"3.85%",25,3.85,0.0662820119047133
2026-08-11,2025-08-10,"4.10%",50,4.1,0.0373008978818541
2026-08-11,2025-08-10,"4.35%",75,4.35,0.0181248618181135
2026-08-11,2025-08-10,"4.60%",100,4.6,0
2026-08-11,2025-08-10,"4.85%",125,4.85,0
2026-08-11,2025-08-10,"5.10%",150,5.1,0
2026-08-11,2025-08-10,"5.35%",175,5.35,0
2026-08-11,2025-08-10,"5.60%",200,5.6,0
2026-08-11,2025-08-10,"5.85%",225,5.85,0
2026-08-11,2025-08-10,"6.10%",250,6.1,0
2026-08-11,2025-08-11,"0.10%",-300,0.1,0
2026-08-11,2025-08-11,"0.35%",-300,0.35,0
2026-08-11,2025-08-11,"0.60%",-300,0.6,0
2026-08-11,2025-08-11,"0.85%",-275,0.85,0
2026-08-11,2025-08-11,"1.10%",-250,1.1,0
2026-08-11,2025-08-11,"1.35%",-225,1.35,0.0107064907824153
2026-08-11,2025-08-11,"1.60%",-200,1.6,0.0223038312936823
2026-08-11,2025-08-11,"1.85%",-175,1.85,0.0411084554222272
2026-08-11,2025-08-11,"2.10%",-150,2.1,0.0670357180428084
2026-08-11,2025-08-11,"2.35%",-125,2.35,0.0967181695089288
2026-08-11,2025-08-11,"2.60%",-100,2.6,0.123463631135266
2026-08-11,2025-08-11,"2.85%",-75,2.85,0.139444329217891
2026-08-11,2025-08-11,"3.10%",-50,3.1,0.139345944854884
2026-08-11,2025-08-11,"3.35%",-25,3.35,0.123202486357442
2026-08-11,2025-08-11,"3.60%",0,3.6,0.0963774497849509
2026-08-11,2025-08-11,"3.85%",25,3.85,0.0667053302644717
2026-08-11,2025-08-11,"4.10%",50,4.1,0.0408481422908444
2026-08-11,2025-08-11,"4.35%",75,4.35,0.0221313271484554
2026-08-11,2025-08-11,"4.60%",100,4.6,0.0106086938957332
2026-08-11,2025-08-11,"4.85%",125,4.85,0
2026-08-11,2025-08-11,"5.10%",150,5.1,0
2026-08-11,2025-08-11,"5.35%",175,5.35,0
2026-08-11,2025-08-11,"5.60%",200,5.6,0
2026-08-11,2025-08-11,"5.85%",225,5.85,0
2026-08-11,2025-08-11,"6.10%",250,6.1,0
2026-08-11,2025-08-12,"0.10%",-300,0.1,0
2026-08-11,2025-08-12,"0.35%",-300,0.35,0
2026-08-11,2025-08-12,"0.60%",-300,0.6,0
2026-08-11,2025-08-12,"0.85%",-275,0.85,0
2026-08-11,2025-08-12,"1.10%",-250,1.1,0
2026-08-11,2025-08-12,"1.35%",-225,1.35,0
2026-08-11,2025-08-12,"1.60%",-200,1.6,0
2026-08-11,2025-08-12,"1.85%",-175,1.85,0.0182606093669581
2026-08-11,2025-08-12,"2.10%",-150,2.1,0.0496502496711189
2026-08-11,2025-08-12,"2.35%",-125,2.35,0.103664343772844
2026-08-11,2025-08-12,"2.60%",-100,2.6,0.166222156124105
2026-08-11,2025-08-12,"2.85%",-75,2.85,0.204707004965403
2026-08-11,2025-08-12,"3.10%",-50,3.1,0.193631243865084
2026-08-11,2025-08-12,"3.35%",-25,3.35,0.140673786575416
2026-08-11,2025-08-12,"3.60%",0,3.6,0.0784916676351159
2026-08-11,2025-08-12,"3.85%",25,3.85,0.0336330688236705
2026-08-11,2025-08-12,"4.10%",50,4.1,0.0110658692002846
2026-08-11,2025-08-12,"4.35%",75,4.35,0
2026-08-11,2025-08-12,"4.60%",100,4.6,0
2026-08-11,2025-08-12,"4.85%",125,4.85,0
2026-08-11,2025-08-12,"5.10%",150,5.1,0
2026-08-11,2025-08-12,"5.35%",175,5.35,0
2026-08-11,2025-08-12,"5.60%",200,5.6,0
2026-08-11,2025-08-12,"5.85%",225,5.85,0
2026-08-11,2025-08-12,"6.10%",250,6.1,0
2026-08-11,2025-08-13,"0.10%",-300,0.1,0
2026-08-11,2025-08-13,"0.35%",-300,0.35,0
2026-08-11,2025-08-13,"0.60%",-300,0.6,0
2026-08-11,2025-08-13,"0.85%",-275,0.85,0
2026-08-11,2025-08-13,"1.10%",-250,1.1,0
2026-08-11,2025-08-13,"1.35%",-225,1.35,0
2026-08-11,2025-08-13,"1.60%",-200,1.6,0
2026-08-11,2025-08-13,"1.85%",-175,1.85,0.0206127376990057
2026-08-11,2025-08-13,"2.10%",-150,2.1,0.0536284655375635
2026-08-11,2025-08-13,"2.35%",-125,2.35,0.107968786670224
2026-08-11,2025-08-13,"2.60%",-100,2.6,0.168223872461875
2026-08-11,2025-08-13,"2.85%",-75,2.85,0.202857817678485
2026-08-11,2025-08-13,"3.10%",-50,3.1,0.189331395832456
2026-08-11,2025-08-13,"3.35%",-25,3.35,0.136765273231682
2026-08-11,2025-08-13,"3.60%",0,3.6,0.0764593397057053
2026-08-11,2025-08-13,"3.85%",25,3.85,0.0330788379910604
2026-08-11,2025-08-13,"4.10%",50,4.1,0.0110734731919422
2026-08-11,2025-08-13,"4.35%",75,4.35,0
2026-08-11,2025-08-13,"4.60%",100,4.6,0
2026-08-11,2025-08-13,"4.85%",125,4.85,0
2026-08-11,2025-08-13,"5.10%",150,5.1,0
2026-08-11,2025-08-13,"5.35%",175,5.35,0
2026-08-11,2025-08-13,"5.60%",200,5.6,0
2026-08-11,2025-08-13,"5.85%",225,5.85,0
2026-08-11,2025-08-13,"6.10%",250,6.1,0
2026-08-11,2025-08-14,"0.10%",-300,0.1,0
2026-08-11,2025-08-14,"0.35%",-300,0.35,0
2026-08-11,2025-08-14,"0.60%",-300,0.6,0
2026-08-11,2025-08-14,"0.85%",-275,0.85,0
2026-08-11,2025-08-14,"1.10%",-250,1.1,0
2026-08-11,2025-08-14,"1.35%",-225,1.35,0
2026-08-11,2025-08-14,"1.60%",-200,1.6,0
2026-08-11,2025-08-14,"1.85%",-175,1.85,0.0156048421745877
2026-08-11,2025-08-14,"2.10%",-150,2.1,0.0461379813453086
2026-08-11,2025-08-14,"2.35%",-125,2.35,0.10246018514398
2026-08-11,2025-08-14,"2.60%",-100,2.6,0.170929647462627
2026-08-11,2025-08-14,"2.85%",-75,2.85,0.214235077182617
2026-08-11,2025-08-14,"3.10%",-50,3.1,0.201741377276692
2026-08-11,2025-08-14,"3.35%",-25,3.35,0.142733258015921
2026-08-11,2025-08-14,"3.60%",0,3.6,0.0758665353467468
2026-08-11,2025-08-14,"3.85%",25,3.85,0.0302910960515213
2026-08-11,2025-08-14,"4.10%",50,4.1,0
2026-08-11,2025-08-14,"4.35%",75,4.35,0
2026-08-11,2025-08-14,"4.60%",100,4.6,0
2026-08-11,2025-08-14,"4.85%",125,4.85,0
2026-08-11,2025-08-14,"5.10%",150,5.1,0
2026-08-11,2025-08-14,"5.35%",175,5.35,0
2026-08-11,2025-08-14,"5.60%",200,5.6,0
2026-08-11,2025-08-14,"5.85%",225,5.85,0
2026-08-11,2025-08-14,"6.10%",250,6.1,0
2026-08-11,2025-08-17,"0.10%",-300,0.1,0
2026-08-11,2025-08-17,"0.35%",-300,0.35,0
2026-08-11,2025-08-17,"0.60%",-300,0.6,0
2026-08-11,2025-08-17,"0.85%",-275,0.85,0
2026-08-11,2025-08-17,"1.10%",-250,1.1,0
2026-08-11,2025-08-17,"1.35%",-225,1.35,0
2026-08-11,2025-08-17,"1.60%",-200,1.6,0
2026-08-11,2025-08-17,"1.85%",-175,1.85,0.0156619125364089
2026-08-11,2025-08-17,"2.10%",-150,2.1,0.0447215907504665
2026-08-11,2025-08-17,"2.35%",-125,2.35,0.0974150659908679
2026-08-11,2025-08-17,"2.60%",-100,2.6,0.161892925886597
2026-08-11,2025-08-17,"2.85%",-75,2.85,0.205286473557344
2026-08-11,2025-08-17,"3.10%",-50,3.1,0.198628475702614
2026-08-11,2025-08-17,"3.35%",-25,3.35,0.146645549992303
2026-08-11,2025-08-17,"3.60%",0,3.6,0.0826075129559636
2026-08-11,2025-08-17,"3.85%",25,3.85,0.0355018474254981
2026-08-11,2025-08-17,"4.10%",50,4.1,0.011638645201937
2026-08-11,2025-08-17,"4.35%",75,4.35,0
2026-08-11,2025-08-17,"4.60%",100,4.6,0
2026-08-11,2025-08-17,"4.85%",125,4.85,0
2026-08-11,2025-08-17,"5.10%",150,5.1,0
2026-08-11,2025-08-17,"5.35%",175,5.35,0
2026-08-11,2025-08-17,"5.60%",200,5.6,0
2026-08-11,2025-08-17,"5.85%",225,5.85,0
2026-08-11,2025-08-17,"6.10%",250,6.1,0
2026-08-11,2025-08-18,"0.10%",-300,0.1,0
2026-08-11,2025-08-18,"0.35%",-300,0.35,0
2026-08-11,2025-08-18,"0.60%",-300,0.6,0
2026-08-11,2025-08-18,"0.85%",-275,0.85,0
2026-08-11,2025-08-18,"1.10%",-250,1.1,0
2026-08-11,2025-08-18,"1.35%",-225,1.35,0
2026-08-11,2025-08-18,"1.60%",-200,1.6,0
2026-08-11,2025-08-18,"1.85%",-175,1.85,0.0111930913564596
2026-08-11,2025-08-18,"2.10%",-150,2.1,0.0342319743904051
2026-08-11,2025-08-18,"2.35%",-125,2.35,0.0800730345940141
2026-08-11,2025-08-18,"2.60%",-100,2.6,0.143275610907154
2026-08-11,2025-08-18,"2.85%",-75,2.85,0.196124432986347
2026-08-11,2025-08-18,"3.10%",-50,3.1,0.205393923040842
2026-08-11,2025-08-18,"3.35%",-25,3.35,0.164567225220576
2026-08-11,2025-08-18,"3.60%",0,3.6,0.100874795375434
2026-08-11,2025-08-18,"3.85%",25,3.85,0.0473009755118269
2026-08-11,2025-08-18,"4.10%",50,4.1,0.0169649366169412
2026-08-11,2025-08-18,"4.35%",75,4.35,0
2026-08-11,2025-08-18,"4.60%",100,4.6,0
2026-08-11,2025-08-18,"4.85%",125,4.85,0
2026-08-11,2025-08-18,"5.10%",150,5.1,0
2026-08-11,2025-08-18,"5.35%",175,5.35,0
2026-08-11,2025-08-18,"5.60%",200,5.6,0
2026-08-11,2025-08-18,"5.85%",225,5.85,0
2026-08-11,2025-08-18,"6.10%",250,6.1,0
2026-08-11,2025-08-19,"0.10%",-300,0.1,0
2026-08-11,2025-08-19,"0.35%",-300,0.35,0
2026-08-11,2025-08-19,"0.60%",-300,0.6,0
2026-08-11,2025-08-19,"0.85%",-275,0.85,0
2026-08-11,2025-08-19,"1.10%",-250,1.1,0
2026-08-11,2025-08-19,"1.35%",-225,1.35,0
2026-08-11,2025-08-19,"1.60%",-200,1.6,0
2026-08-11,2025-08-19,"1.85%",-175,1.85,0
2026-08-11,2025-08-19,"2.10%",-150,2.1,0.03369863123015
2026-08-11,2025-08-19,"2.35%",-125,2.35,0.0835693250919132
2026-08-11,2025-08-19,"2.60%",-100,2.6,0.153985108728476
2026-08-11,2025-08-19,"2.85%",-75,2.85,0.210847158612651
2026-08-11,2025-08-19,"3.10%",-50,3.1,0.214558406388837
2026-08-11,2025-08-19,"3.35%",-25,3.35,0.162260883413061
2026-08-11,2025-08-19,"3.60%",0,3.6,0.0911894422703402
2026-08-11,2025-08-19,"3.85%",25,3.85,0.0380785969324829
2026-08-11,2025-08-19,"4.10%",50,4.1,0.0118124473320888
2026-08-11,2025-08-19,"4.35%",75,4.35,0
2026-08-11,2025-08-19,"4.60%",100,4.6,0
2026-08-11,2025-08-19,"4.85%",125,4.85,0
2026-08-11,2025-08-19,"5.10%",150,5.1,0
2026-08-11,2025-08-19,"5.35%",175,5.35,0
2026-08-11,2025-08-19,"5.60%",200,5.6,0
2026-08-11,2025-08-19,"5.85%",225,5.85,0
2026-08-11,2025-08-19,"6.10%",250,6.1,0
2026-08-11,2025-08-20,"0.10%",-300,0.1,0
2026-08-11,2025-08-20,"0.35%",-300,0.35,0
2026-08-11,2025-08-20,"0.60%",-300,0.6,0
2026-08-11,2025-08-20,"0.85%",-275,0.85,0
2026-08-11,2025-08-20,"1.10%",-250,1.1,0
2026-08-11,2025-08-20,"1.35%",-225,1.35,0
2026-08-11,2025-08-20,"1.60%",-200,1.6,0
2026-08-11,2025-08-20,"1.85%",-175,1.85,0
2026-08-11,2025-08-20,"2.10%",-150,2.1,0.0337749964957805
2026-08-11,2025-08-20,"2.35%",-125,2.35,0.0846152850175592
2026-08-11,2025-08-20,"2.60%",-100,2.6,0.156514142347175
2026-08-11,2025-08-20,"2.85%",-75,2.85,0.213783400492498
2026-08-11,2025-08-20,"3.10%",-50,3.1,0.215646990355477
2026-08-11,2025-08-20,"3.35%",-25,3.35,0.160643361931181
2026-08-11,2025-08-20,"3.60%",0,3.6,0.0883691275972481
2026-08-11,2025-08-20,"3.85%",25,3.85,0.0358917046694458
2026-08-11,2025-08-20,"4.10%",50,4.1,0.0107609910936357
2026-08-11,2025-08-20,"4.35%",75,4.35,0
2026-08-11,2025-08-20,"4.60%",100,4.6,0
2026-08-11,2025-08-20,"4.85%",125,4.85,0
2026-08-11,2025-08-20,"5.10%",150,5.1,0
2026-08-11,2025-08-20,"5.35%",175,5.35,0
2026-08-11,2025-08-20,"5.60%",200,5.6,0
2026-08-11,2025-08-20,"5.85%",225,5.85,0
2026-08-11,2025-08-20,"6.10%",250,6.1,0
2026-08-11,2025-08-21,"0.10%",-300,0.1,0
2026-08-11,2025-08-21,"0.35%",-300,0.35,0
2026-08-11,2025-08-21,"0.60%",-300,0.6,0
2026-08-11,2025-08-21,"0.85%",-275,0.85,0
2026-08-11,2025-08-21,"1.10%",-250,1.1,0
2026-08-11,2025-08-21,"1.35%",-225,1.35,0
2026-08-11,2025-08-21,"1.60%",-200,1.6,0
2026-08-11,2025-08-21,"1.85%",-175,1.85,0
2026-08-11,2025-08-21,"2.10%",-150,2.1,0.0274812403791567
2026-08-11,2025-08-21,"2.35%",-125,2.35,0.0730816111695344
2026-08-11,2025-08-21,"2.60%",-100,2.6,0.143224899212594
2026-08-11,2025-08-21,"2.85%",-75,2.85,0.206889701648215
2026-08-11,2025-08-21,"3.10%",-50,3.1,0.220297289383771
2026-08-11,2025-08-21,"3.35%",-25,3.35,0.172916433133089
2026-08-11,2025-08-21,"3.60%",0,3.6,0.100044614684582
2026-08-11,2025-08-21,"3.85%",25,3.85,0.0426601893402393
2026-08-11,2025-08-21,"4.10%",50,4.1,0.0134040210488182
2026-08-11,2025-08-21,"4.35%",75,4.35,0
2026-08-11,2025-08-21,"4.60%",100,4.6,0
2026-08-11,2025-08-21,"4.85%",125,4.85,0
2026-08-11,2025-08-21,"5.10%",150,5.1,0
2026-08-11,2025-08-21,"5.35%",175,5.35,0
2026-08-11,2025-08-21,"5.60%",200,5.6,0
2026-08-11,2025-08-21,"5.85%",225,5.85,0
2026-08-11,2025-08-21,"6.10%",250,6.1,0
2026-08-11,2025-08-24,"0.10%",-300,0.1,0
2026-08-11,2025-08-24,"0.35%",-300,0.35,0
2026-08-11,2025-08-24,"0.60%",-300,0.6,0
2026-08-11,2025-08-24,"0.85%",-275,0.85,0
2026-08-11,2025-08-24,"1.10%",-250,1.1,0
2026-08-11,2025-08-24,"1.35%",-225,1.35,0
2026-08-11,2025-08-24,"1.60%",-200,1.6,0
2026-08-11,2025-08-24,"1.85%",-175,1.85,0
2026-08-11,2025-08-24,"2.10%",-150,2.1,0.0195938114599818
2026-08-11,2025-08-24,"2.35%",-125,2.35,0.0679280885804635
2026-08-11,2025-08-24,"2.60%",-100,2.6,0.15676970580819
2026-08-11,2025-08-24,"2.85%",-75,2.85,0.240972048193403
2026-08-11,2025-08-24,"3.10%",-50,3.1,0.246760298909327
2026-08-11,2025-08-24,"3.35%",-25,3.35,0.168342702783897
2026-08-11,2025-08-24,"3.60%",0,3.6,0.0764933119419197
2026-08-11,2025-08-24,"3.85%",25,3.85,0.0231400323228179
2026-08-11,2025-08-24,"4.10%",50,4.1,0
2026-08-11,2025-08-24,"4.35%",75,4.35,0
2026-08-11,2025-08-24,"4.60%",100,4.6,0
2026-08-11,2025-08-24,"4.85%",125,4.85,0
2026-08-11,2025-08-24,"5.10%",150,5.1,0
2026-08-11,2025-08-24,"5.35%",175,5.35,0
2026-08-11,2025-08-24,"5.60%",200,5.6,0
2026-08-11,2025-08-24,"5.85%",225,5.85,0
2026-08-11,2025-08-24,"6.10%",250,6.1,0
2026-08-11,2025-08-25,"0.10%",-300,0.1,0
2026-08-11,2025-08-25,"0.35%",-300,0.35,0
2026-08-11,2025-08-25,"0.60%",-300,0.6,0
2026-08-11,2025-08-25,"0.85%",-275,0.85,0
2026-08-11,2025-08-25,"1.10%",-250,1.1,0
2026-08-11,2025-08-25,"1.35%",-225,1.35,0
2026-08-11,2025-08-25,"1.60%",-200,1.6,0
2026-08-11,2025-08-25,"1.85%",-175,1.85,0
2026-08-11,2025-08-25,"2.10%",-150,2.1,0.0167738988945087
2026-08-11,2025-08-25,"2.35%",-125,2.35,0.0628380812102586
2026-08-11,2025-08-25,"2.60%",-100,2.6,0.153400055901206
2026-08-11,2025-08-25,"2.85%",-75,2.85,0.244175007647967
2026-08-11,2025-08-25,"3.10%",-50,3.1,0.253507988237422
2026-08-11,2025-08-25,"3.35%",-25,3.35,0.171675559002678
2026-08-11,2025-08-25,"3.60%",0,3.6,0.0758110055245592
2026-08-11,2025-08-25,"3.85%",25,3.85,0.0218184035814004
2026-08-11,2025-08-25,"4.10%",50,4.1,0
2026-08-11,2025-08-25,"4.35%",75,4.35,0
2026-08-11,2025-08-25,"4.60%",100,4.6,0
2026-08-11,2025-08-25,"4.85%",125,4.85,0
2026-08-11,2025-08-25,"5.10%",150,5.1,0
2026-08-11,2025-08-25,"5.35%",175,5.35,0
2026-08-11,2025-08-25,"5.60%",200,5.6,0
2026-08-11,2025-08-25,"5.85%",225,5.85,0
2026-08-11,2025-08-25,"6.10%",250,6.1,0
2026-08-11,2025-08-26,"0.10%",-300,0.1,0
2026-08-11,2025-08-26,"0.35%",-300,0.35,0
2026-08-11,2025-08-26,"0.60%",-300,0.6,0
2026-08-11,2025-08-26,"0.85%",-275,0.85,0
2026-08-11,2025-08-26,"1.10%",-250,1.1,0
2026-08-11,2025-08-26,"1.35%",-225,1.35,0
2026-08-11,2025-08-26,"1.60%",-200,1.6,0
2026-08-11,2025-08-26,"1.85%",-175,1.85,0
2026-08-11,2025-08-26,"2.10%",-150,2.1,0.0137068924853495
2026-08-11,2025-08-26,"2.35%",-125,2.35,0.0531674521882197
2026-08-11,2025-08-26,"2.60%",-100,2.6,0.136072183249623
2026-08-11,2025-08-26,"2.85%",-75,2.85,0.229909593615574
2026-08-11,2025-08-26,"3.10%",-50,3.1,0.256539515890251
2026-08-11,2025-08-26,"3.35%",-25,3.35,0.189056620341377
2026-08-11,2025-08-26,"3.60%",0,3.6,0.0919992263282068
2026-08-11,2025-08-26,"3.85%",25,3.85,0.0295485159013991
2026-08-11,2025-08-26,"4.10%",50,4.1,0
2026-08-11,2025-08-26,"4.35%",75,4.35,0
2026-08-11,2025-08-26,"4.60%",100,4.6,0
2026-08-11,2025-08-26,"4.85%",125,4.85,0
2026-08-11,2025-08-26,"5.10%",150,5.1,0
2026-08-11,2025-08-26,"5.35%",175,5.35,0
2026-08-11,2025-08-26,"5.60%",200,5.6,0
2026-08-11,2025-08-26,"5.85%",225,5.85,0
2026-08-11,2025-08-26,"6.10%",250,6.1,0
2026-08-11,2025-08-27,"0.10%",-300,0.1,0
2026-08-11,2025-08-27,"0.35%",-300,0.35,0
2026-08-11,2025-08-27,"0.60%",-300,0.6,0
2026-08-11,2025-08-27,"0.85%",-275,0.85,0
2026-08-11,2025-08-27,"1.10%",-250,1.1,0
2026-08-11,2025-08-27,"1.35%",-225,1.35,0
2026-08-11,2025-08-27,"1.60%",-200,1.6,0
2026-08-11,2025-08-27,"1.85%",-175,1.85,0
2026-08-11,2025-08-27,"2.10%",-150,2.1,0.0221572266631217
2026-08-11,2025-08-27,"2.35%",-125,2.35,0.0697071522967642
2026-08-11,2025-08-27,"2.60%",-100,2.6,0.151771889326885
2026-08-11,2025-08-27,"2.85%",-75,2.85,0.228771441367907
2026-08-11,2025-08-27,"3.10%",-50,3.1,0.238774349600705
2026-08-11,2025-08-27,"3.35%",-25,3.35,0.172566810537004
2026-08-11,2025-08-27,"3.60%",0,3.6,0.086347114631563
2026-08-11,2025-08-27,"3.85%",25,3.85,0.0299040155760496
2026-08-11,2025-08-27,"4.10%",50,4.1,0
2026-08-11,2025-08-27,"4.35%",75,4.35,0
2026-08-11,2025-08-27,"4.60%",100,4.6,0
2026-08-11,2025-08-27,"4.85%",125,4.85,0
2026-08-11,2025-08-27,"5.10%",150,5.1,0
2026-08-11,2025-08-27,"5.35%",175,5.35,0
2026-08-11,2025-08-27,"5.60%",200,5.6,0
2026-08-11,2025-08-27,"5.85%",225,5.85,0
2026-08-11,2025-08-27,"6.10%",250,6.1,0
2026-08-11,2025-08-28,"0.10%",-300,0.1,0
2026-08-11,2025-08-28,"0.35%",-300,0.35,0
2026-08-11,2025-08-28,"0.60%",-300,0.6,0
2026-08-11,2025-08-28,"0.85%",-275,0.85,0
2026-08-11,2025-08-28,"1.10%",-250,1.1,0
2026-08-11,2025-08-28,"1.35%",-225,1.35,0
2026-08-11,2025-08-28,"1.60%",-200,1.6,0
2026-08-11,2025-08-28,"1.85%",-175,1.85,0
2026-08-11,2025-08-28,"2.10%",-150,2.1,0.0238946081495352
2026-08-11,2025-08-28,"2.35%",-125,2.35,0.0690475742060382
2026-08-11,2025-08-28,"2.60%",-100,2.6,0.143257575634151
2026-08-11,2025-08-28,"2.85%",-75,2.85,0.213454909523864
2026-08-11,2025-08-28,"3.10%",-50,3.1,0.228438702654488
2026-08-11,2025-08-28,"3.35%",-25,3.35,0.175597281758896
2026-08-11,2025-08-28,"3.60%",0,3.6,0.0969423412859701
2026-08-11,2025-08-28,"3.85%",25,3.85,0.0384304344475578
2026-08-11,2025-08-28,"4.10%",50,4.1,0.0109365723394994
2026-08-11,2025-08-28,"4.35%",75,4.35,0
2026-08-11,2025-08-28,"4.60%",100,4.6,0
2026-08-11,2025-08-28,"4.85%",125,4.85,0
2026-08-11,2025-08-28,"5.10%",150,5.1,0
2026-08-11,2025-08-28,"5.35%",175,5.35,0
2026-08-11,2025-08-28,"5.60%",200,5.6,0
2026-08-11,2025-08-28,"5.85%",225,5.85,0
2026-08-11,2025-08-28,"6.10%",250,6.1,0
2026-08-11,2025-08-31,"0.10%",-300,0.1,0
2026-08-11,2025-08-31,"0.35%",-300,0.35,0
2026-08-11,2025-08-31,"0.60%",-300,0.6,0
2026-08-11,2025-08-31,"0.85%",-275,0.85,0
2026-08-11,2025-08-31,"1.10%",-250,1.1,0
2026-08-11,2025-08-31,"1.35%",-225,1.35,0
2026-08-11,2025-08-31,"1.60%",-200,1.6,0
2026-08-11,2025-08-31,"1.85%",-175,1.85,0
2026-08-11,2025-08-31,"2.10%",-150,2.1,0.0182799142094862
2026-08-11,2025-08-31,"2.35%",-125,2.35,0.0604826855297496
2026-08-11,2025-08-31,"2.60%",-100,2.6,0.138658990453737
2026-08-11,2025-08-31,"2.85%",-75,2.85,0.220331428276169
2026-08-11,2025-08-31,"3.10%",-50,3.1,0.242719209105914
2026-08-11,2025-08-31,"3.35%",-25,3.35,0.185374415964851
2026-08-11,2025-08-31,"3.60%",0,3.6,0.0981435299100654
2026-08-11,2025-08-31,"3.85%",25,3.85,0.0360098265500279
2026-08-11,2025-08-31,"4.10%",50,4.1,0
2026-08-11,2025-08-31,"4.35%",75,4.35,0
2026-08-11,2025-08-31,"4.60%",100,4.6,0
2026-08-11,2025-08-31,"4.85%",125,4.85,0
2026-08-11,2025-08-31,"5.10%",150,5.1,0
2026-08-11,2025-08-31,"5.35%",175,5.35,0
2026-08-11,2025-08-31,"5.60%",200,5.6,0
2026-08-11,2025-08-31,"5.85%",225,5.85,0
2026-08-11,2025-08-31,"6.10%",250,6.1,0
2026-08-11,2025-09-01,"0.10%",-300,0.1,0
2026-08-11,2025-09-01,"0.35%",-300,0.35,0
2026-08-11,2025-09-01,"0.60%",-300,0.6,0
2026-08-11,2025-09-01,"0.85%",-275,0.85,0
2026-08-11,2025-09-01,"1.10%",-250,1.1,0
2026-08-11,2025-09-01,"1.35%",-225,1.35,0
2026-08-11,2025-09-01,"1.60%",-200,1.6,0
2026-08-11,2025-09-01,"1.85%",-175,1.85,0
2026-08-11,2025-09-01,"2.10%",-150,2.1,0.0132479852295774
2026-08-11,2025-09-01,"2.35%",-125,2.35,0.0489498405462743
2026-08-11,2025-09-01,"2.60%",-100,2.6,0.123249121787164
2026-08-11,2025-09-01,"2.85%",-75,2.85,0.211562083068189
2026-08-11,2025-09-01,"3.10%",-50,3.1,0.247645165816937
2026-08-11,2025-09-01,"3.35%",-25,3.35,0.197694516956617
2026-08-11,2025-09-01,"3.60%",0,3.6,0.107617417936465
2026-08-11,2025-09-01,"3.85%",25,3.85,0.0399358851905668
2026-08-11,2025-09-01,"4.10%",50,4.1,0.0100979834682105
2026-08-11,2025-09-01,"4.35%",75,4.35,0
2026-08-11,2025-09-01,"4.60%",100,4.6,0
2026-08-11,2025-09-01,"4.85%",125,4.85,0
2026-08-11,2025-09-01,"5.10%",150,5.1,0
2026-08-11,2025-09-01,"5.35%",175,5.35,0
2026-08-11,2025-09-01,"5.60%",200,5.6,0
2026-08-11,2025-09-01,"5.85%",225,5.85,0
2026-08-11,2025-09-01,"6.10%",250,6.1,0
2026-08-11,2025-09-02,"0.10%",-300,0.1,0
2026-08-11,2025-09-02,"0.35%",-300,0.35,0
2026-08-11,2025-09-02,"0.60%",-300,0.6,0
2026-08-11,2025-09-02,"0.85%",-275,0.85,0
2026-08-11,2025-09-02,"1.10%",-250,1.1,0
2026-08-11,2025-09-02,"1.35%",-225,1.35,0
2026-08-11,2025-09-02,"1.60%",-200,1.6,0
2026-08-11,2025-09-02,"1.85%",-175,1.85,0
2026-08-11,2025-09-02,"2.10%",-150,2.1,0.0137348114020998
2026-08-11,2025-09-02,"2.35%",-125,2.35,0.0431926278340194
2026-08-11,2025-09-02,"2.60%",-100,2.6,0.100404655389286
2026-08-11,2025-09-02,"2.85%",-75,2.85,0.172560017875437
2026-08-11,2025-09-02,"3.10%",-50,3.1,0.219293080896433
2026-08-11,2025-09-02,"3.35%",-25,3.35,0.206078894456366
2026-08-11,2025-09-02,"3.60%",0,3.6,0.143205375033512
2026-08-11,2025-09-02,"3.85%",25,3.85,0.0735807117697964
2026-08-11,2025-09-02,"4.10%",50,4.1,0.02794982534305
2026-08-11,2025-09-02,"4.35%",75,4.35,0
2026-08-11,2025-09-02,"4.60%",100,4.6,0
2026-08-11,2025-09-02,"4.85%",125,4.85,0
2026-08-11,2025-09-02,"5.10%",150,5.1,0
2026-08-11,2025-09-02,"5.35%",175,5.35,0
2026-08-11,2025-09-02,"5.60%",200,5.6,0
2026-08-11,2025-09-02,"5.85%",225,5.85,0
2026-08-11,2025-09-02,"6.10%",250,6.1,0
2026-08-11,2025-09-03,"0.10%",-300,0.1,0
2026-08-11,2025-09-03,"0.35%",-300,0.35,0
2026-08-11,2025-09-03,"0.60%",-300,0.6,0
2026-08-11,2025-09-03,"0.85%",-275,0.85,0
2026-08-11,2025-09-03,"1.10%",-250,1.1,0
2026-08-11,2025-09-03,"1.35%",-225,1.35,0
2026-08-11,2025-09-03,"1.60%",-200,1.6,0
2026-08-11,2025-09-03,"1.85%",-175,1.85,0
2026-08-11,2025-09-03,"2.10%",-150,2.1,0.011107924109629
2026-08-11,2025-09-03,"2.35%",-125,2.35,0.0409227206014057
2026-08-11,2025-09-03,"2.60%",-100,2.6,0.105394286351173
2026-08-11,2025-09-03,"2.85%",-75,2.85,0.18982259526622
2026-08-11,2025-09-03,"3.10%",-50,3.1,0.23914389346609
2026-08-11,2025-09-03,"3.35%",-25,3.35,0.210762024037197
2026-08-11,2025-09-03,"3.60%",0,3.6,0.12993451733454
2026-08-11,2025-09-03,"3.85%",25,3.85,0.0560235943569622
2026-08-11,2025-09-03,"4.10%",50,4.1,0.0168884444767833
2026-08-11,2025-09-03,"4.35%",75,4.35,0
2026-08-11,2025-09-03,"4.60%",100,4.6,0
2026-08-11,2025-09-03,"4.85%",125,4.85,0
2026-08-11,2025-09-03,"5.10%",150,5.1,0
2026-08-11,2025-09-03,"5.35%",175,5.35,0
2026-08-11,2025-09-03,"5.60%",200,5.6,0
2026-08-11,2025-09-03,"5.85%",225,5.85,0
2026-08-11,2025-09-03,"6.10%",250,6.1,0
2026-08-11,2025-09-04,"0.10%",-300,0.1,0
2026-08-11,2025-09-04,"0.35%",-300,0.35,0
2026-08-11,2025-09-04,"0.60%",-300,0.6,0
2026-08-11,2025-09-04,"0.85%",-275,0.85,0
2026-08-11,2025-09-04,"1.10%",-250,1.1,0
2026-08-11,2025-09-04,"1.35%",-225,1.35,0
2026-08-11,2025-09-04,"1.60%",-200,1.6,0
2026-08-11,2025-09-04,"1.85%",-175,1.85,0
2026-08-11,2025-09-04,"2.10%",-150,2.1,0
2026-08-11,2025-09-04,"2.35%",-125,2.35,0.0357610659131732
2026-08-11,2025-09-04,"2.60%",-100,2.6,0.103568405443283
2026-08-11,2025-09-04,"2.85%",-75,2.85,0.199728992271993
2026-08-11,2025-09-04,"3.10%",-50,3.1,0.256578361183951
2026-08-11,2025-09-04,"3.35%",-25,3.35,0.219598882747389
2026-08-11,2025-09-04,"3.60%",0,3.6,0.12520746245121
2026-08-11,2025-09-04,"3.85%",25,3.85,0.0475417434725699
2026-08-11,2025-09-04,"4.10%",50,4.1,0.012015086516431
2026-08-11,2025-09-04,"4.35%",75,4.35,0
2026-08-11,2025-09-04,"4.60%",100,4.6,0
2026-08-11,2025-09-04,"4.85%",125,4.85,0
2026-08-11,2025-09-04,"5.10%",150,5.1,0
2026-08-11,2025-09-04,"5.35%",175,5.35,0
2026-08-11,2025-09-04,"5.60%",200,5.6,0
2026-08-11,2025-09-04,"5.85%",225,5.85,0
2026-08-11,2025-09-04,"6.10%",250,6.1,0
2026-08-11,2025-09-07,"0.10%",-300,0.1,0
2026-08-11,2025-09-07,"0.35%",-300,0.35,0
2026-08-11,2025-09-07,"0.60%",-300,0.6,0
2026-08-11,2025-09-07,"0.85%",-275,0.85,0
2026-08-11,2025-09-07,"1.10%",-250,1.1,0
2026-08-11,2025-09-07,"1.35%",-225,1.35,0
2026-08-11,2025-09-07,"1.60%",-200,1.6,0
2026-08-11,2025-09-07,"1.85%",-175,1.85,0
2026-08-11,2025-09-07,"2.10%",-150,2.1,0.0111472423638836
2026-08-11,2025-09-07,"2.35%",-125,2.35,0.0453507260523836
2026-08-11,2025-09-07,"2.60%",-100,2.6,0.122202502619451
2026-08-11,2025-09-07,"2.85%",-75,2.85,0.218226084035085
2026-08-11,2025-09-07,"3.10%",-50,3.1,0.258356308034833
2026-08-11,2025-09-07,"3.35%",-25,3.35,0.202797995187621
2026-08-11,2025-09-07,"3.60%",0,3.6,0.105529562897316
2026-08-11,2025-09-07,"3.85%",25,3.85,0.036389578809428
2026-08-11,2025-09-07,"4.10%",50,4.1,0
2026-08-11,2025-09-07,"4.35%",75,4.35,0
2026-08-11,2025-09-07,"4.60%",100,4.6,0
2026-08-11,2025-09-07,"4.85%",125,4.85,0
2026-08-11,2025-09-07,"5.10%",150,5.1,0
2026-08-11,2025-09-07,"5.35%",175,5.35,0
2026-08-11,2025-09-07,"5.60%",200,5.6,0
2026-08-11,2025-09-07,"5.85%",225,5.85,0
2026-08-11,2025-09-07,"6.10%",250,6.1,0
2026-08-11,2025-09-08,"0.10%",-300,0.1,0
2026-08-11,2025-09-08,"0.35%",-300,0.35,0
2026-08-11,2025-09-08,"0.60%",-300,0.6,0
2026-08-11,2025-09-08,"0.85%",-275,0.85,0
2026-08-11,2025-09-08,"1.10%",-250,1.1,0
2026-08-11,2025-09-08,"1.35%",-225,1.35,0
2026-08-11,2025-09-08,"1.60%",-200,1.6,0
2026-08-11,2025-09-08,"1.85%",-175,1.85,0
2026-08-11,2025-09-08,"2.10%",-150,2.1,0
2026-08-11,2025-09-08,"2.35%",-125,2.35,0.0410803446197082
2026-08-11,2025-09-08,"2.60%",-100,2.6,0.112880940279732
2026-08-11,2025-09-08,"2.85%",-75,2.85,0.207700560459299
2026-08-11,2025-09-08,"3.10%",-50,3.1,0.255997419242927
2026-08-11,2025-09-08,"3.35%",-25,3.35,0.21138167670831
2026-08-11,2025-09-08,"3.60%",0,3.6,0.116918808450824
2026-08-11,2025-09-08,"3.85%",25,3.85,0.0433052386954889
2026-08-11,2025-09-08,"4.10%",50,4.1,0.0107350115437111
2026-08-11,2025-09-08,"4.35%",75,4.35,0
2026-08-11,2025-09-08,"4.60%",100,4.6,0
2026-08-11,2025-09-08,"4.85%",125,4.85,0
2026-08-11,2025-09-08,"5.10%",150,5.1,0
2026-08-11,2025-09-08,"5.35%",175,5.35,0
2026-08-11,2025-09-08,"5.60%",200,5.6,0
2026-08-11,2025-09-08,"5.85%",225,5.85,0
2026-08-11,2025-09-08,"6.10%",250,6.1,0
2026-08-11,2025-09-09,"0.10%",-300,0.1,0
2026-08-11,2025-09-09,"0.35%",-300,0.35,0
2026-08-11,2025-09-09,"0.60%",-300,0.6,0
2026-08-11,2025-09-09,"0.85%",-275,0.85,0
2026-08-11,2025-09-09,"1.10%",-250,1.1,0
2026-08-11,2025-09-09,"1.35%",-225,1.35,0
2026-08-11,2025-09-09,"1.60%",-200,1.6,0
2026-08-11,2025-09-09,"1.85%",-175,1.85,0
2026-08-11,2025-09-09,"2.10%",-150,2.1,0
2026-08-11,2025-09-09,"2.35%",-125,2.35,0.0374954188347038
2026-08-11,2025-09-09,"2.60%",-100,2.6,0.109241534604316
2026-08-11,2025-09-09,"2.85%",-75,2.85,0.209254274327116
2026-08-11,2025-09-09,"3.10%",-50,3.1,0.263645824267716
2026-08-11,2025-09-09,"3.35%",-25,3.35,0.218521688863409
2026-08-11,2025-09-09,"3.60%",0,3.6,0.119135368379478
2026-08-11,2025-09-09,"3.85%",25,3.85,0.0427058907232613
2026-08-11,2025-09-09,"4.10%",50,4.1,0
2026-08-11,2025-09-09,"4.35%",75,4.35,0
2026-08-11,2025-09-09,"4.60%",100,4.6,0
2026-08-11,2025-09-09,"4.85%",125,4.85,0
2026-08-11,2025-09-09,"5.10%",150,5.1,0
2026-08-11,2025-09-09,"5.35%",175,5.35,0
2026-08-11,2025-09-09,"5.60%",200,5.6,0
2026-08-11,2025-09-09,"5.85%",225,5.85,0
2026-08-11,2025-09-09,"6.10%",250,6.1,0
2026-08-11,2025-09-10,"0.10%",-300,0.1,0
2026-08-11,2025-09-10,"0.35%",-300,0.35,0
2026-08-11,2025-09-10,"0.60%",-300,0.6,0
2026-08-11,2025-09-10,"0.85%",-275,0.85,0
2026-08-11,2025-09-10,"1.10%",-250,1.1,0
2026-08-11,2025-09-10,"1.35%",-225,1.35,0
2026-08-11,2025-09-10,"1.60%",-200,1.6,0
2026-08-11,2025-09-10,"1.85%",-175,1.85,0
2026-08-11,2025-09-10,"2.10%",-150,2.1,0
2026-08-11,2025-09-10,"2.35%",-125,2.35,0.0316411630279084
2026-08-11,2025-09-10,"2.60%",-100,2.6,0.105509227179049
2026-08-11,2025-09-10,"2.85%",-75,2.85,0.218050548986424
2026-08-11,2025-09-10,"3.10%",-50,3.1,0.279483763224135
2026-08-11,2025-09-10,"3.35%",-25,3.35,0.22222689708971
2026-08-11,2025-09-10,"3.60%",0,3.6,0.109591657764832
2026-08-11,2025-09-10,"3.85%",25,3.85,0.0334967427279414
2026-08-11,2025-09-10,"4.10%",50,4.1,0
2026-08-11,2025-09-10,"4.35%",75,4.35,0
2026-08-11,2025-09-10,"4.60%",100,4.6,0
2026-08-11,2025-09-10,"4.85%",125,4.85,0
2026-08-11,2025-09-10,"5.10%",150,5.1,0
2026-08-11,2025-09-10,"5.35%",175,5.35,0
2026-08-11,2025-09-10,"5.60%",200,5.6,0
2026-08-11,2025-09-10,"5.85%",225,5.85,0
2026-08-11,2025-09-10,"6.10%",250,6.1,0
2026-08-11,2025-09-11,"0.10%",-300,0.1,0
2026-08-11,2025-09-11,"0.35%",-300,0.35,0
2026-08-11,2025-09-11,"0.60%",-300,0.6,0
2026-08-11,2025-09-11,"0.85%",-275,0.85,0
2026-08-11,2025-09-11,"1.10%",-250,1.1,0
2026-08-11,2025-09-11,"1.35%",-225,1.35,0
2026-08-11,2025-09-11,"1.60%",-200,1.6,0
2026-08-11,2025-09-11,"1.85%",-175,1.85,0
2026-08-11,2025-09-11,"2.10%",-150,2.1,0
2026-08-11,2025-09-11,"2.35%",-125,2.35,0.0192642274777223
2026-08-11,2025-09-11,"2.60%",-100,2.6,0.083987096107256
2026-08-11,2025-09-11,"2.85%",-75,2.85,0.209319459851066
2026-08-11,2025-09-11,"3.10%",-50,3.1,0.298637631466398
2026-08-11,2025-09-11,"3.35%",-25,3.35,0.244042585168179
2026-08-11,2025-09-11,"3.60%",0,3.6,0.114190718124524
2026-08-11,2025-09-11,"3.85%",25,3.85,0.0305582818048556
2026-08-11,2025-09-11,"4.10%",50,4.1,0
2026-08-11,2025-09-11,"4.35%",75,4.35,0
2026-08-11,2025-09-11,"4.60%",100,4.6,0
2026-08-11,2025-09-11,"4.85%",125,4.85,0
2026-08-11,2025-09-11,"5.10%",150,5.1,0
2026-08-11,2025-09-11,"5.35%",175,5.35,0
2026-08-11,2025-09-11,"5.60%",200,5.6,0
2026-08-11,2025-09-11,"5.85%",225,5.85,0
2026-08-11,2025-09-11,"6.10%",250,6.1,0
2026-08-11,2025-09-12,"0.10%",-300,0.1,0
2026-08-11,2025-09-12,"0.35%",-300,0.35,0
2026-08-11,2025-09-12,"0.60%",-300,0.6,0
2026-08-11,2025-09-12,"0.85%",-275,0.85,0
2026-08-11,2025-09-12,"1.10%",-250,1.1,0
2026-08-11,2025-09-12,"1.35%",-225,1.35,0
2026-08-11,2025-09-12,"1.60%",-200,1.6,0
2026-08-11,2025-09-12,"1.85%",-175,1.85,0
2026-08-11,2025-09-12,"2.10%",-150,2.1,0
2026-08-11,2025-09-12,"2.35%",-125,2.35,0.0208914267417911
2026-08-11,2025-09-12,"2.60%",-100,2.6,0.0864126751674281
2026-08-11,2025-09-12,"2.85%",-75,2.85,0.208470425642454
2026-08-11,2025-09-12,"3.10%",-50,3.1,0.293690762074317
2026-08-11,2025-09-12,"3.35%",-25,3.35,0.241729185567799
2026-08-11,2025-09-12,"3.60%",0,3.6,0.116208634031936
2026-08-11,2025-09-12,"3.85%",25,3.85,0.0325968907742751
2026-08-11,2025-09-12,"4.10%",50,4.1,0
2026-08-11,2025-09-12,"4.35%",75,4.35,0
2026-08-11,2025-09-12,"4.60%",100,4.6,0
2026-08-11,2025-09-12,"4.85%",125,4.85,0
2026-08-11,2025-09-12,"5.10%",150,5.1,0
2026-08-11,2025-09-12,"5.35%",175,5.35,0
2026-08-11,2025-09-12,"5.60%",200,5.6,0
2026-08-11,2025-09-12,"5.85%",225,5.85,0
2026-08-11,2025-09-12,"6.10%",250,6.1,0
2026-08-11,2025-09-14,"0.10%",-300,0.1,0
2026-08-11,2025-09-14,"0.35%",-300,0.35,0
2026-08-11,2025-09-14,"0.60%",-300,0.6,0
2026-08-11,2025-09-14,"0.85%",-275,0.85,0
2026-08-11,2025-09-14,"1.10%",-250,1.1,0
2026-08-11,2025-09-14,"1.35%",-225,1.35,0
2026-08-11,2025-09-14,"1.60%",-200,1.6,0
2026-08-11,2025-09-14,"1.85%",-175,1.85,0
2026-08-11,2025-09-14,"2.10%",-150,2.1,0
2026-08-11,2025-09-14,"2.35%",-125,2.35,0.0199148549421455
2026-08-11,2025-09-14,"2.60%",-100,2.6,0.079725958183273
2026-08-11,2025-09-14,"2.85%",-75,2.85,0.192787952862341
2026-08-11,2025-09-14,"3.10%",-50,3.1,0.281865717277232
2026-08-11,2025-09-14,"3.35%",-25,3.35,0.249275346128938
2026-08-11,2025-09-14,"3.60%",0,3.6,0.133330088214457
2026-08-11,2025-09-14,"3.85%",25,3.85,0.0431000823916131
2026-08-11,2025-09-14,"4.10%",50,4.1,0
2026-08-11,2025-09-14,"4.35%",75,4.35,0
2026-08-11,2025-09-14,"4.60%",100,4.6,0
2026-08-11,2025-09-14,"4.85%",125,4.85,0
2026-08-11,2025-09-14,"5.10%",150,5.1,0
2026-08-11,2025-09-14,"5.35%",175,5.35,0
2026-08-11,2025-09-14,"5.60%",200,5.6,0
2026-08-11,2025-09-14,"5.85%",225,5.85,0
2026-08-11,2025-09-14,"6.10%",250,6.1,0
2026-08-11,2025-09-15,"0.10%",-300,0.1,0
2026-08-11,2025-09-15,"0.35%",-300,0.35,0
2026-08-11,2025-09-15,"0.60%",-300,0.6,0
2026-08-11,2025-09-15,"0.85%",-275,0.85,0
2026-08-11,2025-09-15,"1.10%",-250,1.1,0
2026-08-11,2025-09-15,"1.35%",-225,1.35,0
2026-08-11,2025-09-15,"1.60%",-200,1.6,0
2026-08-11,2025-09-15,"1.85%",-175,1.85,0
2026-08-11,2025-09-15,"2.10%",-150,2.1,0
2026-08-11,2025-09-15,"2.35%",-125,2.35,0.0214357221228135
2026-08-11,2025-09-15,"2.60%",-100,2.6,0.0819974678565275
2026-08-11,2025-09-15,"2.85%",-75,2.85,0.192578139314877
2026-08-11,2025-09-15,"3.10%",-50,3.1,0.277926834923918
2026-08-11,2025-09-15,"3.35%",-25,3.35,0.246569355394625
2026-08-11,2025-09-15,"3.60%",0,3.6,0.134455140412858
2026-08-11,2025-09-15,"3.85%",25,3.85,0.0450373399743817
2026-08-11,2025-09-15,"4.10%",50,4.1,0
2026-08-11,2025-09-15,"4.35%",75,4.35,0
2026-08-11,2025-09-15,"4.60%",100,4.6,0
2026-08-11,2025-09-15,"4.85%",125,4.85,0
2026-08-11,2025-09-15,"5.10%",150,5.1,0
2026-08-11,2025-09-15,"5.35%",175,5.35,0
2026-08-11,2025-09-15,"5.60%",200,5.6,0
2026-08-11,2025-09-15,"5.85%",225,5.85,0
2026-08-11,2025-09-15,"6.10%",250,6.1,0
2026-08-11,2025-09-16,"0.10%",-300,0.1,0
2026-08-11,2025-09-16,"0.35%",-300,0.35,0
2026-08-11,2025-09-16,"0.60%",-300,0.6,0
2026-08-11,2025-09-16,"0.85%",-275,0.85,0
2026-08-11,2025-09-16,"1.10%",-250,1.1,0
2026-08-11,2025-09-16,"1.35%",-225,1.35,0
2026-08-11,2025-09-16,"1.60%",-200,1.6,0
2026-08-11,2025-09-16,"1.85%",-175,1.85,0
2026-08-11,2025-09-16,"2.10%",-150,2.1,0.0110674873961712
2026-08-11,2025-09-16,"2.35%",-125,2.35,0.0419506669065302
2026-08-11,2025-09-16,"2.60%",-100,2.6,0.109529115591925
2026-08-11,2025-09-16,"2.85%",-75,2.85,0.197061328606726
2026-08-11,2025-09-16,"3.10%",-50,3.1,0.244382399244398
2026-08-11,2025-09-16,"3.35%",-25,3.35,0.208919288306993
2026-08-11,2025-09-16,"3.60%",0,3.6,0.123110634857815
2026-08-11,2025-09-16,"3.85%",25,3.85,0.0499938281058386
2026-08-11,2025-09-16,"4.10%",50,4.1,0.0139852509836035
2026-08-11,2025-09-16,"4.35%",75,4.35,0
2026-08-11,2025-09-16,"4.60%",100,4.6,0
2026-08-11,2025-09-16,"4.85%",125,4.85,0
2026-08-11,2025-09-16,"5.10%",150,5.1,0
2026-08-11,2025-09-16,"5.35%",175,5.35,0
2026-08-11,2025-09-16,"5.60%",200,5.6,0
2026-08-11,2025-09-16,"5.85%",225,5.85,0
2026-08-11,2025-09-16,"6.10%",250,6.1,0
2026-08-11,2025-09-17,"0.10%",-300,0.1,0
2026-08-11,2025-09-17,"0.35%",-300,0.35,0
2026-08-11,2025-09-17,"0.60%",-300,0.6,0
2026-08-11,2025-09-17,"0.85%",-275,0.85,0
2026-08-11,2025-09-17,"1.10%",-250,1.1,0
2026-08-11,2025-09-17,"1.35%",-225,1.35,0
2026-08-11,2025-09-17,"1.60%",-200,1.6,0
2026-08-11,2025-09-17,"1.85%",-175,1.85,0
2026-08-11,2025-09-17,"2.10%",-150,2.1,0.0202754692016873
2026-08-11,2025-09-17,"2.35%",-125,2.35,0.061183585400743
2026-08-11,2025-09-17,"2.60%",-100,2.6,0.132564039450256
2026-08-11,2025-09-17,"2.85%",-75,2.85,0.20627534108037
2026-08-11,2025-09-17,"3.10%",-50,3.1,0.230547872228414
2026-08-11,2025-09-17,"3.35%",-25,3.35,0.185089948983618
2026-08-11,2025-09-17,"3.60%",0,3.6,0.106728787824954
2026-08-11,2025-09-17,"3.85%",25,3.85,0.0441958515787154
2026-08-11,2025-09-17,"4.10%",50,4.1,0.0131391042512418
2026-08-11,2025-09-17,"4.35%",75,4.35,0
2026-08-11,2025-09-17,"4.60%",100,4.6,0
2026-08-11,2025-09-17,"4.85%",125,4.85,0
2026-08-11,2025-09-17,"5.10%",150,5.1,0
2026-08-11,2025-09-17,"5.35%",175,5.35,0
2026-08-11,2025-09-17,"5.60%",200,5.6,0
2026-08-11,2025-09-17,"5.85%",225,5.85,0
2026-08-11,2025-09-17,"6.10%",250,6.1,0
2026-08-11,2025-09-18,"0.10%",-300,0.1,0
2026-08-11,2025-09-18,"0.35%",-300,0.35,0
2026-08-11,2025-09-18,"0.60%",-300,0.6,0
2026-08-11,2025-09-18,"0.85%",-275,0.85,0
2026-08-11,2025-09-18,"1.10%",-250,1.1,0
2026-08-11,2025-09-18,"1.35%",-225,1.35,0
2026-08-11,2025-09-18,"1.60%",-200,1.6,0
2026-08-11,2025-09-18,"1.85%",-175,1.85,0
2026-08-11,2025-09-18,"2.10%",-150,2.1,0.0176665074077305
2026-08-11,2025-09-18,"2.35%",-125,2.35,0.05325698468675
2026-08-11,2025-09-18,"2.60%",-100,2.6,0.11755516821085
2026-08-11,2025-09-18,"2.85%",-75,2.85,0.190035302954995
2026-08-11,2025-09-18,"3.10%",-50,3.1,0.225013958931872
2026-08-11,2025-09-18,"3.35%",-25,3.35,0.195158283789358
2026-08-11,2025-09-18,"3.60%",0,3.6,0.123979599752306
2026-08-11,2025-09-18,"3.85%",25,3.85,0.0576828787273298
2026-08-11,2025-09-18,"4.10%",50,4.1,0.0196513155388091
2026-08-11,2025-09-18,"4.35%",75,4.35,0
2026-08-11,2025-09-18,"4.60%",100,4.6,0
2026-08-11,2025-09-18,"4.85%",125,4.85,0
2026-08-11,2025-09-18,"5.10%",150,5.1,0
2026-08-11,2025-09-18,"5.35%",175,5.35,0
2026-08-11,2025-09-18,"5.60%",200,5.6,0
2026-08-11,2025-09-18,"5.85%",225,5.85,0
2026-08-11,2025-09-18,"6.10%",250,6.1,0
2026-08-11,2025-09-21,"0.10%",-300,0.1,0
2026-08-11,2025-09-21,"0.35%",-300,0.35,0
2026-08-11,2025-09-21,"0.60%",-300,0.6,0
2026-08-11,2025-09-21,"0.85%",-275,0.85,0
2026-08-11,2025-09-21,"1.10%",-250,1.1,0
2026-08-11,2025-09-21,"1.35%",-225,1.35,0
2026-08-11,2025-09-21,"1.60%",-200,1.6,0
2026-08-11,2025-09-21,"1.85%",-175,1.85,0
2026-08-11,2025-09-21,"2.10%",-150,2.1,0.0206501987371248
2026-08-11,2025-09-21,"2.35%",-125,2.35,0.0551496956906547
2026-08-11,2025-09-21,"2.60%",-100,2.6,0.112605428411562
2026-08-11,2025-09-21,"2.85%",-75,2.85,0.175801963581262
2026-08-11,2025-09-21,"3.10%",-50,3.1,0.209878936976618
2026-08-11,2025-09-21,"3.35%",-25,3.35,0.191605448562274
2026-08-11,2025-09-21,"3.60%",0,3.6,0.133762370724433
2026-08-11,2025-09-21,"3.85%",25,3.85,0.0714037061534124
2026-08-11,2025-09-21,"4.10%",50,4.1,0.0291422511626594
2026-08-11,2025-09-21,"4.35%",75,4.35,0
2026-08-11,2025-09-21,"4.60%",100,4.6,0
2026-08-11,2025-09-21,"4.85%",125,4.85,0
2026-08-11,2025-09-21,"5.10%",150,5.1,0
2026-08-11,2025-09-21,"5.35%",175,5.35,0
2026-08-11,2025-09-21,"5.60%",200,5.6,0
2026-08-11,2025-09-21,"5.85%",225,5.85,0
2026-08-11,2025-09-21,"6.10%",250,6.1,0
2026-08-11,2025-09-22,"0.10%",-300,0.1,0
2026-08-11,2025-09-22,"0.35%",-300,0.35,0
2026-08-11,2025-09-22,"0.60%",-300,0.6,0
2026-08-11,2025-09-22,"0.85%",-275,0.85,0
2026-08-11,2025-09-22,"1.10%",-250,1.1,0
2026-08-11,2025-09-22,"1.35%",-225,1.35,0
2026-08-11,2025-09-22,"1.60%",-200,1.6,0
2026-08-11,2025-09-22,"1.85%",-175,1.85,0
2026-08-11,2025-09-22,"2.10%",-150,2.1,0.0196272149841397
2026-08-11,2025-09-22,"2.35%",-125,2.35,0.0538325311420325
2026-08-11,2025-09-22,"2.60%",-100,2.6,0.112058028739767
2026-08-11,2025-09-22,"2.85%",-75,2.85,0.177055654869323
2026-08-11,2025-09-22,"3.10%",-50,3.1,0.212364310298441
2026-08-11,2025-09-22,"3.35%",-25,3.35,0.193362739070569
2026-08-11,2025-09-22,"3.60%",0,3.6,0.133652172652997
2026-08-11,2025-09-22,"3.85%",25,3.85,0.0701232090979372
2026-08-11,2025-09-22,"4.10%",50,4.1,0.0279241391447938
2026-08-11,2025-09-22,"4.35%",75,4.35,0
2026-08-11,2025-09-22,"4.60%",100,4.6,0
2026-08-11,2025-09-22,"4.85%",125,4.85,0
2026-08-11,2025-09-22,"5.10%",150,5.1,0
2026-08-11,2025-09-22,"5.35%",175,5.35,0
2026-08-11,2025-09-22,"5.60%",200,5.6,0
2026-08-11,2025-09-22,"5.85%",225,5.85,0
2026-08-11,2025-09-22,"6.10%",250,6.1,0
2026-08-11,2025-09-23,"0.10%",-300,0.1,0
2026-08-11,2025-09-23,"0.35%",-300,0.35,0
2026-08-11,2025-09-23,"0.60%",-300,0.6,0
2026-08-11,2025-09-23,"0.85%",-275,0.85,0
2026-08-11,2025-09-23,"1.10%",-250,1.1,0
2026-08-11,2025-09-23,"1.35%",-225,1.35,0
2026-08-11,2025-09-23,"1.60%",-200,1.6,0
2026-08-11,2025-09-23,"1.85%",-175,1.85,0
2026-08-11,2025-09-23,"2.10%",-150,2.1,0.0109048381449236
2026-08-11,2025-09-23,"2.35%",-125,2.35,0.0330658371953938
2026-08-11,2025-09-23,"2.60%",-100,2.6,0.0771759947575013
2026-08-11,2025-09-23,"2.85%",-75,2.85,0.138669914280795
2026-08-11,2025-09-23,"3.10%",-50,3.1,0.191830945059885
2026-08-11,2025-09-23,"3.35%",-25,3.35,0.204321268000066
2026-08-11,2025-09-23,"3.60%",0,3.6,0.167560366315484
2026-08-11,2025-09-23,"3.85%",25,3.85,0.10579819909425
2026-08-11,2025-09-23,"4.10%",50,4.1,0.0514284552018233
2026-08-11,2025-09-23,"4.35%",75,4.35,0.0192441819498779
2026-08-11,2025-09-23,"4.60%",100,4.6,0
2026-08-11,2025-09-23,"4.85%",125,4.85,0
2026-08-11,2025-09-23,"5.10%",150,5.1,0
2026-08-11,2025-09-23,"5.35%",175,5.35,0
2026-08-11,2025-09-23,"5.60%",200,5.6,0
2026-08-11,2025-09-23,"5.85%",225,5.85,0
2026-08-11,2025-09-23,"6.10%",250,6.1,0
2026-08-11,2025-09-24,"0.10%",-300,0.1,0
2026-08-11,2025-09-24,"0.35%",-300,0.35,0
2026-08-11,2025-09-24,"0.60%",-300,0.6,0
2026-08-11,2025-09-24,"0.85%",-275,0.85,0
2026-08-11,2025-09-24,"1.10%",-250,1.1,0
2026-08-11,2025-09-24,"1.35%",-225,1.35,0
2026-08-11,2025-09-24,"1.60%",-200,1.6,0
2026-08-11,2025-09-24,"1.85%",-175,1.85,0
2026-08-11,2025-09-24,"2.10%",-150,2.1,0
2026-08-11,2025-09-24,"2.35%",-125,2.35,0.0275595041663368
2026-08-11,2025-09-24,"2.60%",-100,2.6,0.0689224469169161
2026-08-11,2025-09-24,"2.85%",-75,2.85,0.131354783903858
2026-08-11,2025-09-24,"3.10%",-50,3.1,0.190798546856528
2026-08-11,2025-09-24,"3.35%",-25,3.35,0.211240231348832
2026-08-11,2025-09-24,"3.60%",0,3.6,0.178261864893663
2026-08-11,2025-09-24,"3.85%",25,3.85,0.114658814444932
2026-08-11,2025-09-24,"4.10%",50,4.1,0.0562069693928855
2026-08-11,2025-09-24,"4.35%",75,4.35,0.0209968380760493
2026-08-11,2025-09-24,"4.60%",100,4.6,0
2026-08-11,2025-09-24,"4.85%",125,4.85,0
2026-08-11,2025-09-24,"5.10%",150,5.1,0
2026-08-11,2025-09-24,"5.35%",175,5.35,0
2026-08-11,2025-09-24,"5.60%",200,5.6,0
2026-08-11,2025-09-24,"5.85%",225,5.85,0
2026-08-11,2025-09-24,"6.10%",250,6.1,0
2026-08-11,2025-09-25,"0.10%",-300,0.1,0
2026-08-11,2025-09-25,"0.35%",-300,0.35,0
2026-08-11,2025-09-25,"0.60%",-300,0.6,0
2026-08-11,2025-09-25,"0.85%",-275,0.85,0
2026-08-11,2025-09-25,"1.10%",-250,1.1,0
2026-08-11,2025-09-25,"1.35%",-225,1.35,0
2026-08-11,2025-09-25,"1.60%",-200,1.6,0
2026-08-11,2025-09-25,"1.85%",-175,1.85,0
2026-08-11,2025-09-25,"2.10%",-150,2.1,0
2026-08-11,2025-09-25,"2.35%",-125,2.35,0.0188602699974383
2026-08-11,2025-09-25,"2.60%",-100,2.6,0.0553082849651728
2026-08-11,2025-09-25,"2.85%",-75,2.85,0.119481194916199
2026-08-11,2025-09-25,"3.10%",-50,3.1,0.190176553938357
2026-08-11,2025-09-25,"3.35%",-25,3.35,0.22305544105483
2026-08-11,2025-09-25,"3.60%",0,3.6,0.19279006877401
2026-08-11,2025-09-25,"3.85%",25,3.85,0.122788140898901
2026-08-11,2025-09-25,"4.10%",50,4.1,0.0576207845817488
2026-08-11,2025-09-25,"4.35%",75,4.35,0.0199192608733431
2026-08-11,2025-09-25,"4.60%",100,4.6,0
2026-08-11,2025-09-25,"4.85%",125,4.85,0
2026-08-11,2025-09-25,"5.10%",150,5.1,0
2026-08-11,2025-09-25,"5.35%",175,5.35,0
2026-08-11,2025-09-25,"5.60%",200,5.6,0
2026-08-11,2025-09-25,"5.85%",225,5.85,0
2026-08-11,2025-09-25,"6.10%",250,6.1,0
2026-08-11,2025-09-28,"0.10%",-300,0.1,0
2026-08-11,2025-09-28,"0.35%",-300,0.35,0
2026-08-11,2025-09-28,"0.60%",-300,0.6,0
2026-08-11,2025-09-28,"0.85%",-275,0.85,0
2026-08-11,2025-09-28,"1.10%",-250,1.1,0
2026-08-11,2025-09-28,"1.35%",-225,1.35,0
2026-08-11,2025-09-28,"1.60%",-200,1.6,0
2026-08-11,2025-09-28,"1.85%",-175,1.85,0
2026-08-11,2025-09-28,"2.10%",-150,2.1,0
2026-08-11,2025-09-28,"2.35%",-125,2.35,0.0289127300312224
2026-08-11,2025-09-28,"2.60%",-100,2.6,0.0710071353159572
2026-08-11,2025-09-28,"2.85%",-75,2.85,0.133309839006293
2026-08-11,2025-09-28,"3.10%",-50,3.1,0.1913441161682
2026-08-11,2025-09-28,"3.35%",-25,3.35,0.209984539104822
2026-08-11,2025-09-28,"3.60%",0,3.6,0.176191817979281
2026-08-11,2025-09-28,"3.85%",25,3.85,0.113030940928991
2026-08-11,2025-09-28,"4.10%",50,4.1,0.0554357130200759
2026-08-11,2025-09-28,"4.35%",75,4.35,0.0207831684451578
2026-08-11,2025-09-28,"4.60%",100,4.6,0
2026-08-11,2025-09-28,"4.85%",125,4.85,0
2026-08-11,2025-09-28,"5.10%",150,5.1,0
2026-08-11,2025-09-28,"5.35%",175,5.35,0
2026-08-11,2025-09-28,"5.60%",200,5.6,0
2026-08-11,2025-09-28,"5.85%",225,5.85,0
2026-08-11,2025-09-28,"6.10%",250,6.1,0
2026-08-11,2025-09-29,"0.10%",-300,0.1,0
2026-08-11,2025-09-29,"0.35%",-300,0.35,0
2026-08-11,2025-09-29,"0.60%",-300,0.6,0
2026-08-11,2025-09-29,"0.85%",-275,0.85,0
2026-08-11,2025-09-29,"1.10%",-250,1.1,0
2026-08-11,2025-09-29,"1.35%",-225,1.35,0
2026-08-11,2025-09-29,"1.60%",-200,1.6,0
2026-08-11,2025-09-29,"1.85%",-175,1.85,0
2026-08-11,2025-09-29,"2.10%",-150,2.1,0
2026-08-11,2025-09-29,"2.35%",-125,2.35,0.0240711057871998
2026-08-11,2025-09-29,"2.60%",-100,2.6,0.060540363904902
2026-08-11,2025-09-29,"2.85%",-75,2.85,0.117771508223504
2026-08-11,2025-09-29,"3.10%",-50,3.1,0.177224323950748
2026-08-11,2025-09-29,"3.35%",-25,3.35,0.206310087646292
2026-08-11,2025-09-29,"3.60%",0,3.6,0.185798192842435
2026-08-11,2025-09-29,"3.85%",25,3.85,0.12944330846711
2026-08-11,2025-09-29,"4.10%",50,4.1,0.0697608261804775
2026-08-11,2025-09-29,"4.35%",75,4.35,0.0290802829973322
2026-08-11,2025-09-29,"4.60%",100,4.6,0
2026-08-11,2025-09-29,"4.85%",125,4.85,0
2026-08-11,2025-09-29,"5.10%",150,5.1,0
2026-08-11,2025-09-29,"5.35%",175,5.35,0
2026-08-11,2025-09-29,"5.60%",200,5.6,0
2026-08-11,2025-09-29,"5.85%",225,5.85,0
2026-08-11,2025-09-29,"6.10%",250,6.1,0
2026-08-11,2025-09-30,"0.10%",-300,0.1,0
2026-08-11,2025-09-30,"0.35%",-300,0.35,0
2026-08-11,2025-09-30,"0.60%",-300,0.6,0
2026-08-11,2025-09-30,"0.85%",-275,0.85,0
2026-08-11,2025-09-30,"1.10%",-250,1.1,0
2026-08-11,2025-09-30,"1.35%",-225,1.35,0
2026-08-11,2025-09-30,"1.60%",-200,1.6,0
2026-08-11,2025-09-30,"1.85%",-175,1.85,0
2026-08-11,2025-09-30,"2.10%",-150,2.1,0
2026-08-11,2025-09-30,"2.35%",-125,2.35,0.0195341527605231
2026-08-11,2025-09-30,"2.60%",-100,2.6,0.0546207385236396
2026-08-11,2025-09-30,"2.85%",-75,2.85,0.114835881037501
2026-08-11,2025-09-30,"3.10%",-50,3.1,0.181559138979199
2026-08-11,2025-09-30,"3.35%",-25,3.35,0.215883418112129
2026-08-11,2025-09-30,"3.60%",0,3.6,0.193061883563399
2026-08-11,2025-09-30,"3.85%",25,3.85,0.129849389274536
2026-08-11,2025-09-30,"4.10%",50,4.1,0.0656771729259346
2026-08-11,2025-09-30,"4.35%",75,4.35,0.0249782248231384
2026-08-11,2025-09-30,"4.60%",100,4.6,0
2026-08-11,2025-09-30,"4.85%",125,4.85,0
2026-08-11,2025-09-30,"5.10%",150,5.1,0
2026-08-11,2025-09-30,"5.35%",175,5.35,0
2026-08-11,2025-09-30,"5.60%",200,5.6,0
2026-08-11,2025-09-30,"5.85%",225,5.85,0
2026-08-11,2025-09-30,"6.10%",250,6.1,0
2026-08-11,2025-10-01,"0.10%",-300,0.1,0
2026-08-11,2025-10-01,"0.35%",-300,0.35,0
2026-08-11,2025-10-01,"0.60%",-300,0.6,0
2026-08-11,2025-10-01,"0.85%",-275,0.85,0
2026-08-11,2025-10-01,"1.10%",-250,1.1,0
2026-08-11,2025-10-01,"1.35%",-225,1.35,0
2026-08-11,2025-10-01,"1.60%",-200,1.6,0
2026-08-11,2025-10-01,"1.85%",-175,1.85,0
2026-08-11,2025-10-01,"2.10%",-150,2.1,0
2026-08-11,2025-10-01,"2.35%",-125,2.35,0.0252777819687829
2026-08-11,2025-10-01,"2.60%",-100,2.6,0.0650497033029184
2026-08-11,2025-10-01,"2.85%",-75,2.85,0.127124505125137
2026-08-11,2025-10-01,"3.10%",-50,3.1,0.188687262620901
2026-08-11,2025-10-01,"3.35%",-25,3.35,0.212723997583419
2026-08-11,2025-10-01,"3.60%",0,3.6,0.182163170247779
2026-08-11,2025-10-01,"3.85%",25,3.85,0.11848474902477
2026-08-11,2025-10-01,"4.10%",50,4.1,0.058531300517145
2026-08-11,2025-10-01,"4.35%",75,4.35,0.0219575296091488
2026-08-11,2025-10-01,"4.60%",100,4.6,0
2026-08-11,2025-10-01,"4.85%",125,4.85,0
2026-08-11,2025-10-01,"5.10%",150,5.1,0
2026-08-11,2025-10-01,"5.35%",175,5.35,0
2026-08-11,2025-10-01,"5.60%",200,5.6,0
2026-08-11,2025-10-01,"5.85%",225,5.85,0
2026-08-11,2025-10-01,"6.10%",250,6.1,0
2026-08-11,2025-10-02,"0.10%",-300,0.1,0
2026-08-11,2025-10-02,"0.35%",-300,0.35,0
2026-08-11,2025-10-02,"0.60%",-300,0.6,0
2026-08-11,2025-10-02,"0.85%",-275,0.85,0
2026-08-11,2025-10-02,"1.10%",-250,1.1,0
2026-08-11,2025-10-02,"1.35%",-225,1.35,0
2026-08-11,2025-10-02,"1.60%",-200,1.6,0
2026-08-11,2025-10-02,"1.85%",-175,1.85,0
2026-08-11,2025-10-02,"2.10%",-150,2.1,0
2026-08-11,2025-10-02,"2.35%",-125,2.35,0.0260918594219689
2026-08-11,2025-10-02,"2.60%",-100,2.6,0.0659601378568491
2026-08-11,2025-10-02,"2.85%",-75,2.85,0.127288914307981
2026-08-11,2025-10-02,"3.10%",-50,3.1,0.187534032276859
2026-08-11,2025-10-02,"3.35%",-25,3.35,0.210949751671371
2026-08-11,2025-10-02,"3.60%",0,3.6,0.18117415590434
2026-08-11,2025-10-02,"3.85%",25,3.85,0.118801054518555
2026-08-11,2025-10-02,"4.10%",50,4.1,0.0594729834025668
2026-08-11,2025-10-02,"4.35%",75,4.35,0.0227271106395103
2026-08-11,2025-10-02,"4.60%",100,4.6,0
2026-08-11,2025-10-02,"4.85%",125,4.85,0
2026-08-11,2025-10-02,"5.10%",150,5.1,0
2026-08-11,2025-10-02,"5.35%",175,5.35,0
2026-08-11,2025-10-02,"5.60%",200,5.6,0
2026-08-11,2025-10-02,"5.85%",225,5.85,0
2026-08-11,2025-10-02,"6.10%",250,6.1,0
2026-08-11,2025-10-05,"0.10%",-300,0.1,0
2026-08-11,2025-10-05,"0.35%",-300,0.35,0
2026-08-11,2025-10-05,"0.60%",-300,0.6,0
2026-08-11,2025-10-05,"0.85%",-275,0.85,0
2026-08-11,2025-10-05,"1.10%",-250,1.1,0
2026-08-11,2025-10-05,"1.35%",-225,1.35,0
2026-08-11,2025-10-05,"1.60%",-200,1.6,0
2026-08-11,2025-10-05,"1.85%",-175,1.85,0
2026-08-11,2025-10-05,"2.10%",-150,2.1,0
2026-08-11,2025-10-05,"2.35%",-125,2.35,0.018740844836901
2026-08-11,2025-10-05,"2.60%",-100,2.6,0.0569000927351312
2026-08-11,2025-10-05,"2.85%",-75,2.85,0.125010116190106
2026-08-11,2025-10-05,"3.10%",-50,3.1,0.198785157134396
2026-08-11,2025-10-05,"3.35%",-25,3.35,0.228817470708642
2026-08-11,2025-10-05,"3.60%",0,3.6,0.190668645063204
2026-08-11,2025-10-05,"3.85%",25,3.85,0.115008615603647
2026-08-11,2025-10-05,"4.10%",50,4.1,0.0502085270349545
2026-08-11,2025-10-05,"4.35%",75,4.35,0.0158605306930185
2026-08-11,2025-10-05,"4.60%",100,4.6,0
2026-08-11,2025-10-05,"4.85%",125,4.85,0
2026-08-11,2025-10-05,"5.10%",150,5.1,0
2026-08-11,2025-10-05,"5.35%",175,5.35,0
2026-08-11,2025-10-05,"5.60%",200,5.6,0
2026-08-11,2025-10-05,"5.85%",225,5.85,0
2026-08-11,2025-10-05,"6.10%",250,6.1,0
2026-08-11,2025-10-06,"0.10%",-300,0.1,0
2026-08-11,2025-10-06,"0.35%",-300,0.35,0
2026-08-11,2025-10-06,"0.60%",-300,0.6,0
2026-08-11,2025-10-06,"0.85%",-275,0.85,0
2026-08-11,2025-10-06,"1.10%",-250,1.1,0
2026-08-11,2025-10-06,"1.35%",-225,1.35,0
2026-08-11,2025-10-06,"1.60%",-200,1.6,0
2026-08-11,2025-10-06,"1.85%",-175,1.85,0
2026-08-11,2025-10-06,"2.10%",-150,2.1,0
2026-08-11,2025-10-06,"2.35%",-125,2.35,0.013315783093384
2026-08-11,2025-10-06,"2.60%",-100,2.6,0.0463517498737988
2026-08-11,2025-10-06,"2.85%",-75,2.85,0.113549867085831
2026-08-11,2025-10-06,"3.10%",-50,3.1,0.195825813744829
2026-08-11,2025-10-06,"3.35%",-25,3.35,0.237796736058279
2026-08-11,2025-10-06,"3.60%",0,3.6,0.203342038753069
2026-08-11,2025-10-06,"3.85%",25,3.85,0.122435514393711
2026-08-11,2025-10-06,"4.10%",50,4.1,0.0518994448072087
2026-08-11,2025-10-06,"4.35%",75,4.35,0.0154830521898898
2026-08-11,2025-10-06,"4.60%",100,4.6,0
2026-08-11,2025-10-06,"4.85%",125,4.85,0
2026-08-11,2025-10-06,"5.10%",150,5.1,0
2026-08-11,2025-10-06,"5.35%",175,5.35,0
2026-08-11,2025-10-06,"5.60%",200,5.6,0
2026-08-11,2025-10-06,"5.85%",225,5.85,0
2026-08-11,2025-10-06,"6.10%",250,6.1,0
2026-08-11,2025-10-07,"0.10%",-300,0.1,0
2026-08-11,2025-10-07,"0.35%",-300,0.35,0
2026-08-11,2025-10-07,"0.60%",-300,0.6,0
2026-08-11,2025-10-07,"0.85%",-275,0.85,0
2026-08-11,2025-10-07,"1.10%",-250,1.1,0
2026-08-11,2025-10-07,"1.35%",-225,1.35,0
2026-08-11,2025-10-07,"1.60%",-200,1.6,0
2026-08-11,2025-10-07,"1.85%",-175,1.85,0
2026-08-11,2025-10-07,"2.10%",-150,2.1,0
2026-08-11,2025-10-07,"2.35%",-125,2.35,0.0140347597538379
2026-08-11,2025-10-07,"2.60%",-100,2.6,0.0480743984969703
2026-08-11,2025-10-07,"2.85%",-75,2.85,0.116082690854222
2026-08-11,2025-10-07,"3.10%",-50,3.1,0.197653063151729
2026-08-11,2025-10-07,"3.35%",-25,3.35,0.237360619756304
2026-08-11,2025-10-07,"3.60%",0,3.6,0.201054228624365
2026-08-11,2025-10-07,"3.85%",25,3.85,0.120112888329411
2026-08-11,2025-10-07,"4.10%",50,4.1,0.0506004007510938
2026-08-11,2025-10-07,"4.35%",75,4.35,0.0150269502820673
2026-08-11,2025-10-07,"4.60%",100,4.6,0
2026-08-11,2025-10-07,"4.85%",125,4.85,0
2026-08-11,2025-10-07,"5.10%",150,5.1,0
2026-08-11,2025-10-07,"5.35%",175,5.35,0
2026-08-11,2025-10-07,"5.60%",200,5.6,0
2026-08-11,2025-10-07,"5.85%",225,5.85,0
2026-08-11,2025-10-07,"6.10%",250,6.1,0
2026-08-11,2025-10-08,"0.10%",-300,0.1,0
2026-08-11,2025-10-08,"0.35%",-300,0.35,0
2026-08-11,2025-10-08,"0.60%",-300,0.6,0
2026-08-11,2025-10-08,"0.85%",-275,0.85,0
2026-08-11,2025-10-08,"1.10%",-250,1.1,0
2026-08-11,2025-10-08,"1.35%",-225,1.35,0
2026-08-11,2025-10-08,"1.60%",-200,1.6,0
2026-08-11,2025-10-08,"1.85%",-175,1.85,0
2026-08-11,2025-10-08,"2.10%",-150,2.1,0
2026-08-11,2025-10-08,"2.35%",-125,2.35,0.0132262532015935
2026-08-11,2025-10-08,"2.60%",-100,2.6,0.044686613366961
2026-08-11,2025-10-08,"2.85%",-75,2.85,0.108050898909011
2026-08-11,2025-10-08,"3.10%",-50,3.1,0.187029504734019
2026-08-11,2025-10-08,"3.35%",-25,3.35,0.231793087717389
2026-08-11,2025-10-08,"3.60%",0,3.6,0.205698219312434
2026-08-11,2025-10-08,"3.85%",25,3.85,0.130702211231098
2026-08-11,2025-10-08,"4.10%",50,4.1,0.0594556136411604
2026-08-11,2025-10-08,"4.35%",75,4.35,0.0193575978863338
2026-08-11,2025-10-08,"4.60%",100,4.6,0
2026-08-11,2025-10-08,"4.85%",125,4.85,0
2026-08-11,2025-10-08,"5.10%",150,5.1,0
2026-08-11,2025-10-08,"5.35%",175,5.35,0
2026-08-11,2025-10-08,"5.60%",200,5.6,0
2026-08-11,2025-10-08,"5.85%",225,5.85,0
2026-08-11,2025-10-08,"6.10%",250,6.1,0
2026-08-11,2025-10-09,"0.10%",-300,0.1,0
2026-08-11,2025-10-09,"0.35%",-300,0.35,0
2026-08-11,2025-10-09,"0.60%",-300,0.6,0
2026-08-11,2025-10-09,"0.85%",-275,0.85,0
2026-08-11,2025-10-09,"1.10%",-250,1.1,0
2026-08-11,2025-10-09,"1.35%",-225,1.35,0
2026-08-11,2025-10-09,"1.60%",-200,1.6,0
2026-08-11,2025-10-09,"1.85%",-175,1.85,0
2026-08-11,2025-10-09,"2.10%",-150,2.1,0
2026-08-11,2025-10-09,"2.35%",-125,2.35,0.0132316475982813
2026-08-11,2025-10-09,"2.60%",-100,2.6,0.042997823102126
2026-08-11,2025-10-09,"2.85%",-75,2.85,0.102032291096761
2026-08-11,2025-10-09,"3.10%",-50,3.1,0.176841912432494
2026-08-11,2025-10-09,"3.35%",-25,3.35,0.22389977752654
2026-08-11,2025-10-09,"3.60%",0,3.6,0.207095781139582
2026-08-11,2025-10-09,"3.85%",25,3.85,0.139935723467864
2026-08-11,2025-10-09,"4.10%",50,4.1,0.0690683630676323
2026-08-11,2025-10-09,"4.35%",75,4.35,0.0248966805687199
2026-08-11,2025-10-09,"4.60%",100,4.6,0
2026-08-11,2025-10-09,"4.85%",125,4.85,0
2026-08-11,2025-10-09,"5.10%",150,5.1,0
2026-08-11,2025-10-09,"5.35%",175,5.35,0
2026-08-11,2025-10-09,"5.60%",200,5.6,0
2026-08-11,2025-10-09,"5.85%",225,5.85,0
2026-08-11,2025-10-09,"6.10%",250,6.1,0
2026-08-11,2025-10-10,"0.10%",-300,0.1,0
2026-08-11,2025-10-10,"0.35%",-300,0.35,0
2026-08-11,2025-10-10,"0.60%",-300,0.6,0
2026-08-11,2025-10-10,"0.85%",-275,0.85,0
2026-08-11,2025-10-10,"1.10%",-250,1.1,0
2026-08-11,2025-10-10,"1.35%",-225,1.35,0
2026-08-11,2025-10-10,"1.60%",-200,1.6,0
2026-08-11,2025-10-10,"1.85%",-175,1.85,0
2026-08-11,2025-10-10,"2.10%",-150,2.1,0
2026-08-11,2025-10-10,"2.35%",-125,2.35,0.0107691961571831
2026-08-11,2025-10-10,"2.60%",-100,2.6,0.0387321734488023
2026-08-11,2025-10-10,"2.85%",-75,2.85,0.0989989262632836
2026-08-11,2025-10-10,"3.10%",-50,3.1,0.179884765643101
2026-08-11,2025-10-10,"3.35%",-25,3.35,0.23240922781836
2026-08-11,2025-10-10,"3.60%",0,3.6,0.213524091566614
2026-08-11,2025-10-10,"3.85%",25,3.85,0.139496019909615
2026-08-11,2025-10-10,"4.10%",50,4.1,0.0647937673939091
2026-08-11,2025-10-10,"4.35%",75,4.35,0.0213918317991323
2026-08-11,2025-10-10,"4.60%",100,4.6,0
2026-08-11,2025-10-10,"4.85%",125,4.85,0
2026-08-11,2025-10-10,"5.10%",150,5.1,0
2026-08-11,2025-10-10,"5.35%",175,5.35,0
2026-08-11,2025-10-10,"5.60%",200,5.6,0
2026-08-11,2025-10-10,"5.85%",225,5.85,0
2026-08-11,2025-10-10,"6.10%",250,6.1,0
2026-08-11,2025-10-11,"0.10%",-300,0.1,0
2026-08-11,2025-10-11,"0.35%",-300,0.35,0
2026-08-11,2025-10-11,"0.60%",-300,0.6,0
2026-08-11,2025-10-11,"0.85%",-275,0.85,0
2026-08-11,2025-10-11,"1.10%",-250,1.1,0
2026-08-11,2025-10-11,"1.35%",-225,1.35,0
2026-08-11,2025-10-11,"1.60%",-200,1.6,0
2026-08-11,2025-10-11,"1.85%",-175,1.85,0
2026-08-11,2025-10-11,"2.10%",-150,2.1,0
2026-08-11,2025-10-11,"2.35%",-125,2.35,0
2026-08-11,2025-10-11,"2.60%",-100,2.6,0.0377161356029121
2026-08-11,2025-10-11,"2.85%",-75,2.85,0.0989085135697364
2026-08-11,2025-10-11,"3.10%",-50,3.1,0.182677902634685
2026-08-11,2025-10-11,"3.35%",-25,3.35,0.237675417701608
2026-08-11,2025-10-11,"3.60%",0,3.6,0.217857459422521
2026-08-11,2025-10-11,"3.85%",25,3.85,0.140681143359604
2026-08-11,2025-10-11,"4.10%",50,4.1,0.063988542876984
2026-08-11,2025-10-11,"4.35%",75,4.35,0.02049488483195
2026-08-11,2025-10-11,"4.60%",100,4.6,0
2026-08-11,2025-10-11,"4.85%",125,4.85,0
2026-08-11,2025-10-11,"5.10%",150,5.1,0
2026-08-11,2025-10-11,"5.35%",175,5.35,0
2026-08-11,2025-10-11,"5.60%",200,5.6,0
2026-08-11,2025-10-11,"5.85%",225,5.85,0
2026-08-11,2025-10-11,"6.10%",250,6.1,0
2026-08-11,2025-10-12,"0.10%",-300,0.1,0
2026-08-11,2025-10-12,"0.35%",-300,0.35,0
2026-08-11,2025-10-12,"0.60%",-300,0.6,0
2026-08-11,2025-10-12,"0.85%",-275,0.85,0
2026-08-11,2025-10-12,"1.10%",-250,1.1,0
2026-08-11,2025-10-12,"1.35%",-225,1.35,0
2026-08-11,2025-10-12,"1.60%",-200,1.6,0
2026-08-11,2025-10-12,"1.85%",-175,1.85,0
2026-08-11,2025-10-12,"2.10%",-150,2.1,0
2026-08-11,2025-10-12,"2.35%",-125,2.35,0.0149753900446187
2026-08-11,2025-10-12,"2.60%",-100,2.6,0.051477785115946
2026-08-11,2025-10-12,"2.85%",-75,2.85,0.123387834447041
2026-08-11,2025-10-12,"3.10%",-50,3.1,0.206293643246111
2026-08-11,2025-10-12,"3.35%",-25,3.35,0.240631433089817
2026-08-11,2025-10-12,"3.60%",0,3.6,0.195839361716914
2026-08-11,2025-10-12,"3.85%",25,3.85,0.11119651708214
2026-08-11,2025-10-12,"4.10%",50,4.1,0.0440377492476594
2026-08-11,2025-10-12,"4.35%",75,4.35,0.0121602860097527
2026-08-11,2025-10-12,"4.60%",100,4.6,0
2026-08-11,2025-10-12,"4.85%",125,4.85,0
2026-08-11,2025-10-12,"5.10%",150,5.1,0
2026-08-11,2025-10-12,"5.35%",175,5.35,0
2026-08-11,2025-10-12,"5.60%",200,5.6,0
2026-08-11,2025-10-12,"5.85%",225,5.85,0
2026-08-11,2025-10-12,"6.10%",250,6.1,0
2026-08-11,2025-10-13,"0.10%",-300,0.1,0
2026-08-11,2025-10-13,"0.35%",-300,0.35,0
2026-08-11,2025-10-13,"0.60%",-300,0.6,0
2026-08-11,2025-10-13,"0.85%",-275,0.85,0
2026-08-11,2025-10-13,"1.10%",-250,1.1,0
2026-08-11,2025-10-13,"1.35%",-225,1.35,0
2026-08-11,2025-10-13,"1.60%",-200,1.6,0
2026-08-11,2025-10-13,"1.85%",-175,1.85,0
2026-08-11,2025-10-13,"2.10%",-150,2.1,0
2026-08-11,2025-10-13,"2.35%",-125,2.35,0
2026-08-11,2025-10-13,"2.60%",-100,2.6,0.0294186842982218
2026-08-11,2025-10-13,"2.85%",-75,2.85,0.0856924935851344
2026-08-11,2025-10-13,"3.10%",-50,3.1,0.172327211847411
2026-08-11,2025-10-13,"3.35%",-25,3.35,0.239326160119825
2026-08-11,2025-10-13,"3.60%",0,3.6,0.229570747272029
2026-08-11,2025-10-13,"3.85%",25,3.85,0.152098418878558
2026-08-11,2025-10-13,"4.10%",50,4.1,0.0695879064578584
2026-08-11,2025-10-13,"4.35%",75,4.35,0.0219783775409631
2026-08-11,2025-10-13,"4.60%",100,4.6,0
2026-08-11,2025-10-13,"4.85%",125,4.85,0
2026-08-11,2025-10-13,"5.10%",150,5.1,0
2026-08-11,2025-10-13,"5.35%",175,5.35,0
2026-08-11,2025-10-13,"5.60%",200,5.6,0
2026-08-11,2025-10-13,"5.85%",225,5.85,0
2026-08-11,2025-10-13,"6.10%",250,6.1,0
2026-08-11,2025-10-14,"0.10%",-300,0.1,0
2026-08-11,2025-10-14,"0.35%",-300,0.35,0
2026-08-11,2025-10-14,"0.60%",-300,0.6,0
2026-08-11,2025-10-14,"0.85%",-275,0.85,0
2026-08-11,2025-10-14,"1.10%",-250,1.1,0
2026-08-11,2025-10-14,"1.35%",-225,1.35,0
2026-08-11,2025-10-14,"1.60%",-200,1.6,0
2026-08-11,2025-10-14,"1.85%",-175,1.85,0
2026-08-11,2025-10-14,"2.10%",-150,2.1,0
2026-08-11,2025-10-14,"2.35%",-125,2.35,0
2026-08-11,2025-10-14,"2.60%",-100,2.6,0.0259588977911126
2026-08-11,2025-10-14,"2.85%",-75,2.85,0.076817965322463
2026-08-11,2025-10-14,"3.10%",-50,3.1,0.15896094225683
2026-08-11,2025-10-14,"3.35%",-25,3.35,0.230087811279499
2026-08-11,2025-10-14,"3.60%",0,3.6,0.232990231412818
2026-08-11,2025-10-14,"3.85%",25,3.85,0.165053587613966
2026-08-11,2025-10-14,"4.10%",50,4.1,0.0817888992241356
2026-08-11,2025-10-14,"4.35%",75,4.35,0.0283416650991752
2026-08-11,2025-10-14,"4.60%",100,4.6,0
2026-08-11,2025-10-14,"4.85%",125,4.85,0
2026-08-11,2025-10-14,"5.10%",150,5.1,0
2026-08-11,2025-10-14,"5.35%",175,5.35,0
2026-08-11,2025-10-14,"5.60%",200,5.6,0
2026-08-11,2025-10-14,"5.85%",225,5.85,0
2026-08-11,2025-10-14,"6.10%",250,6.1,0
2026-08-11,2025-10-15,"0.10%",-300,0.1,0
2026-08-11,2025-10-15,"0.35%",-300,0.35,0
2026-08-11,2025-10-15,"0.60%",-300,0.6,0
2026-08-11,2025-10-15,"0.85%",-275,0.85,0
2026-08-11,2025-10-15,"1.10%",-250,1.1,0
2026-08-11,2025-10-15,"1.35%",-225,1.35,0
2026-08-11,2025-10-15,"1.60%",-200,1.6,0
2026-08-11,2025-10-15,"1.85%",-175,1.85,0
2026-08-11,2025-10-15,"2.10%",-150,2.1,0
2026-08-11,2025-10-15,"2.35%",-125,2.35,0.0159436868142422
2026-08-11,2025-10-15,"2.60%",-100,2.6,0.0553113727096009
2026-08-11,2025-10-15,"2.85%",-75,2.85,0.132088785387369
2026-08-11,2025-10-15,"3.10%",-50,3.1,0.217225073033458
2026-08-11,2025-10-15,"3.35%",-25,3.35,0.246062672949767
2026-08-11,2025-10-15,"3.60%",0,3.6,0.191998864776801
2026-08-11,2025-10-15,"3.85%",25,3.85,0.103185445533572
2026-08-11,2025-10-15,"4.10%",50,4.1,0.0381840987951906
2026-08-11,2025-10-15,"4.35%",75,4.35,0
2026-08-11,2025-10-15,"4.60%",100,4.6,0
2026-08-11,2025-10-15,"4.85%",125,4.85,0
2026-08-11,2025-10-15,"5.10%",150,5.1,0
2026-08-11,2025-10-15,"5.35%",175,5.35,0
2026-08-11,2025-10-15,"5.60%",200,5.6,0
2026-08-11,2025-10-15,"5.85%",225,5.85,0
2026-08-11,2025-10-15,"6.10%",250,6.1,0
2026-08-11,2025-10-16,"0.10%",-300,0.1,0
2026-08-11,2025-10-16,"0.35%",-300,0.35,0
2026-08-11,2025-10-16,"0.60%",-300,0.6,0
2026-08-11,2025-10-16,"0.85%",-275,0.85,0
2026-08-11,2025-10-16,"1.10%",-250,1.1,0
2026-08-11,2025-10-16,"1.35%",-225,1.35,0
2026-08-11,2025-10-16,"1.60%",-200,1.6,0
2026-08-11,2025-10-16,"1.85%",-175,1.85,0
2026-08-11,2025-10-16,"2.10%",-150,2.1,0
2026-08-11,2025-10-16,"2.35%",-125,2.35,0.0287154693106759
2026-08-11,2025-10-16,"2.60%",-100,2.6,0.0882761140136512
2026-08-11,2025-10-16,"2.85%",-75,2.85,0.181715943284166
2026-08-11,2025-10-16,"3.10%",-50,3.1,0.250576944149278
2026-08-11,2025-10-16,"3.35%",-25,3.35,0.231509258543057
2026-08-11,2025-10-16,"3.60%",0,3.6,0.143302809377812
2026-08-11,2025-10-16,"3.85%",25,3.85,0.0594128759804124
2026-08-11,2025-10-16,"4.10%",50,4.1,0.0164905853409475
2026-08-11,2025-10-16,"4.35%",75,4.35,0
2026-08-11,2025-10-16,"4.60%",100,4.6,0
2026-08-11,2025-10-16,"4.85%",125,4.85,0
2026-08-11,2025-10-16,"5.10%",150,5.1,0
2026-08-11,2025-10-16,"5.35%",175,5.35,0
2026-08-11,2025-10-16,"5.60%",200,5.6,0
2026-08-11,2025-10-16,"5.85%",225,5.85,0
2026-08-11,2025-10-16,"6.10%",250,6.1,0
2026-08-11,2025-12-08,"0.10%",-300,0.1,0
2026-08-11,2025-12-08,"0.35%",-300,0.35,0
2026-08-11,2025-12-08,"0.60%",-300,0.6,0
2026-08-11,2025-12-08,"0.85%",-275,0.85,0
2026-08-11,2025-12-08,"1.10%",-250,1.1,0
2026-08-11,2025-12-08,"1.35%",-225,1.35,0
2026-08-11,2025-12-08,"1.60%",-200,1.6,0
2026-08-11,2025-12-08,"1.85%",-175,1.85,0
2026-08-11,2025-12-08,"2.10%",-150,2.1,0
2026-08-11,2025-12-08,"2.35%",-125,2.35,0
2026-08-11,2025-12-08,"2.60%",-100,2.6,0
2026-08-11,2025-12-08,"2.85%",-75,2.85,0
2026-08-11,2025-12-08,"3.10%",-50,3.1,0
2026-08-11,2025-12-08,"3.35%",-25,3.35,0
2026-08-11,2025-12-08,"3.60%",0,3.6,0.0643246560335671
2026-08-11,2025-12-08,"3.85%",25,3.85,0.299372064150603
2026-08-11,2025-12-08,"4.10%",50,4.1,0.425659488378722
2026-08-11,2025-12-08,"4.35%",75,4.35,0.18599694778947
2026-08-11,2025-12-08,"4.60%",100,4.6,0.0246468436476379
2026-08-11,2025-12-08,"4.85%",125,4.85,0
2026-08-11,2025-12-08,"5.10%",150,5.1,0
2026-08-11,2025-12-08,"5.35%",175,5.35,0
2026-08-11,2025-12-08,"5.60%",200,5.6,0
2026-08-11,2025-12-08,"5.85%",225,5.85,0
2026-08-11,2025-12-08,"6.10%",250,6.1,0
2026-08-11,2025-12-09,"0.10%",-300,0.1,0
2026-08-11,2025-12-09,"0.35%",-300,0.35,0
2026-08-11,2025-12-09,"0.60%",-300,0.6,0
2026-08-11,2025-12-09,"0.85%",-275,0.85,0
2026-08-11,2025-12-09,"1.10%",-250,1.1,0
2026-08-11,2025-12-09,"1.35%",-225,1.35,0
2026-08-11,2025-12-09,"1.60%",-200,1.6,0
2026-08-11,2025-12-09,"1.85%",-175,1.85,0
2026-08-11,2025-12-09,"2.10%",-150,2.1,0
2026-08-11,2025-12-09,"2.35%",-125,2.35,0
2026-08-11,2025-12-09,"2.60%",-100,2.6,0
2026-08-11,2025-12-09,"2.85%",-75,2.85,0
2026-08-11,2025-12-09,"3.10%",-50,3.1,0
2026-08-11,2025-12-09,"3.35%",-25,3.35,0
2026-08-11,2025-12-09,"3.60%",0,3.6,0.0850685503878482
2026-08-11,2025-12-09,"3.85%",25,3.85,0.346362451874003
2026-08-11,2025-12-09,"4.10%",50,4.1,0.411338084860267
2026-08-11,2025-12-09,"4.35%",75,4.35,0.142958643143818
2026-08-11,2025-12-09,"4.60%",100,4.6,0.0142722697340641
2026-08-11,2025-12-09,"4.85%",125,4.85,0
2026-08-11,2025-12-09,"5.10%",150,5.1,0
2026-08-11,2025-12-09,"5.35%",175,5.35,0
2026-08-11,2025-12-09,"5.60%",200,5.6,0
2026-08-11,2025-12-09,"5.85%",225,5.85,0
2026-08-11,2025-12-09,"6.10%",250,6.1,0
2026-08-11,2025-12-10,"0.10%",-300,0.1,0
2026-08-11,2025-12-10,"0.35%",-300,0.35,0
2026-08-11,2025-12-10,"0.60%",-300,0.6,0
2026-08-11,2025-12-10,"0.85%",-275,0.85,0
2026-08-11,2025-12-10,"1.10%",-250,1.1,0
2026-08-11,2025-12-10,"1.35%",-225,1.35,0
2026-08-11,2025-12-10,"1.60%",-200,1.6,0
2026-08-11,2025-12-10,"1.85%",-175,1.85,0
2026-08-11,2025-12-10,"2.10%",-150,2.1,0
2026-08-11,2025-12-10,"2.35%",-125,2.35,0
2026-08-11,2025-12-10,"2.60%",-100,2.6,0
2026-08-11,2025-12-10,"2.85%",-75,2.85,0
2026-08-11,2025-12-10,"3.10%",-50,3.1,0
2026-08-11,2025-12-10,"3.35%",-25,3.35,0.0208981058549288
2026-08-11,2025-12-10,"3.60%",0,3.6,0.17531829034987
2026-08-11,2025-12-10,"3.85%",25,3.85,0.428345632400635
2026-08-11,2025-12-10,"4.10%",50,4.1,0.30962375114296
2026-08-11,2025-12-10,"4.35%",75,4.35,0.0658142202516067
2026-08-11,2025-12-10,"4.60%",100,4.6,0
2026-08-11,2025-12-10,"4.85%",125,4.85,0
2026-08-11,2025-12-10,"5.10%",150,5.1,0
2026-08-11,2025-12-10,"5.35%",175,5.35,0
2026-08-11,2025-12-10,"5.60%",200,5.6,0
2026-08-11,2025-12-10,"5.85%",225,5.85,0
2026-08-11,2025-12-10,"6.10%",250,6.1,0
2026-08-11,2025-12-11,"0.10%",-300,0.1,0
2026-08-11,2025-12-11,"0.35%",-300,0.35,0
2026-08-11,2025-12-11,"0.60%",-300,0.6,0
2026-08-11,2025-12-11,"0.85%",-275,0.85,0
2026-08-11,2025-12-11,"1.10%",-250,1.1,0
2026-08-11,2025-12-11,"1.35%",-225,1.35,0
2026-08-11,2025-12-11,"1.60%",-200,1.6,0
2026-08-11,2025-12-11,"1.85%",-175,1.85,0
2026-08-11,2025-12-11,"2.10%",-150,2.1,0
2026-08-11,2025-12-11,"2.35%",-125,2.35,0
2026-08-11,2025-12-11,"2.60%",-100,2.6,0
2026-08-11,2025-12-11,"2.85%",-75,2.85,0
2026-08-11,2025-12-11,"3.10%",-50,3.1,0
2026-08-11,2025-12-11,"3.35%",-25,3.35,0
2026-08-11,2025-12-11,"3.60%",0,3.6,0.147828490219129
2026-08-11,2025-12-11,"3.85%",25,3.85,0.481013420225971
2026-08-11,2025-12-11,"4.10%",50,4.1,0.325907663788356
2026-08-11,2025-12-11,"4.35%",75,4.35,0.0452504257665447
2026-08-11,2025-12-11,"4.60%",100,4.6,0
2026-08-11,2025-12-11,"4.85%",125,4.85,0
2026-08-11,2025-12-11,"5.10%",150,5.1,0
2026-08-11,2025-12-11,"5.35%",175,5.35,0
2026-08-11,2025-12-11,"5.60%",200,5.6,0
2026-08-11,2025-12-11,"5.85%",225,5.85,0
2026-08-11,2025-12-11,"6.10%",250,6.1,0
2026-08-11,2025-12-12,"0.10%",-300,0.1,0
2026-08-11,2025-12-12,"0.35%",-300,0.35,0
2026-08-11,2025-12-12,"0.60%",-300,0.6,0
2026-08-11,2025-12-12,"0.85%",-275,0.85,0
2026-08-11,2025-12-12,"1.10%",-250,1.1,0
2026-08-11,2025-12-12,"1.35%",-225,1.35,0
2026-08-11,2025-12-12,"1.60%",-200,1.6,0
2026-08-11,2025-12-12,"1.85%",-175,1.85,0
2026-08-11,2025-12-12,"2.10%",-150,2.1,0
2026-08-11,2025-12-12,"2.35%",-125,2.35,0
2026-08-11,2025-12-12,"2.60%",-100,2.6,0
2026-08-11,2025-12-12,"2.85%",-75,2.85,0
2026-08-11,2025-12-12,"3.10%",-50,3.1,0
2026-08-11,2025-12-12,"3.35%",-25,3.35,0.0121264312284434
2026-08-11,2025-12-12,"3.60%",0,3.6,0.154953069831953
2026-08-11,2025-12-12,"3.85%",25,3.85,0.457535688424374
2026-08-11,2025-12-12,"4.10%",50,4.1,0.321972749777647
2026-08-11,2025-12-12,"4.35%",75,4.35,0.0534120607375833
2026-08-11,2025-12-12,"4.60%",100,4.6,0
2026-08-11,2025-12-12,"4.85%",125,4.85,0
2026-08-11,2025-12-12,"5.10%",150,5.1,0
2026-08-11,2025-12-12,"5.35%",175,5.35,0
2026-08-11,2025-12-12,"5.60%",200,5.6,0
2026-08-11,2025-12-12,"5.85%",225,5.85,0
2026-08-11,2025-12-12,"6.10%",250,6.1,0
2026-08-11,2025-12-13,"0.10%",-300,0.1,0
2026-08-11,2025-12-13,"0.35%",-300,0.35,0
2026-08-11,2025-12-13,"0.60%",-300,0.6,0
2026-08-11,2025-12-13,"0.85%",-275,0.85,0
2026-08-11,2025-12-13,"1.10%",-250,1.1,0
2026-08-11,2025-12-13,"1.35%",-225,1.35,0
2026-08-11,2025-12-13,"1.60%",-200,1.6,0
2026-08-11,2025-12-13,"1.85%",-175,1.85,0
2026-08-11,2025-12-13,"2.10%",-150,2.1,0
2026-08-11,2025-12-13,"2.35%",-125,2.35,0
2026-08-11,2025-12-13,"2.60%",-100,2.6,0
2026-08-11,2025-12-13,"2.85%",-75,2.85,0
2026-08-11,2025-12-13,"3.10%",-50,3.1,0
2026-08-11,2025-12-13,"3.35%",-25,3.35,0.0183226449317164
2026-08-11,2025-12-13,"3.60%",0,3.6,0.167561454907731
2026-08-11,2025-12-13,"3.85%",25,3.85,0.430786195240629
2026-08-11,2025-12-13,"4.10%",50,4.1,0.316985435845909
2026-08-11,2025-12-13,"4.35%",75,4.35,0.0663442690740146
2026-08-11,2025-12-13,"4.60%",100,4.6,0
2026-08-11,2025-12-13,"4.85%",125,4.85,0
2026-08-11,2025-12-13,"5.10%",150,5.1,0
2026-08-11,2025-12-13,"5.35%",175,5.35,0
2026-08-11,2025-12-13,"5.60%",200,5.6,0
2026-08-11,2025-12-13,"5.85%",225,5.85,0
2026-08-11,2025-12-13,"6.10%",250,6.1,0
2026-08-11,2025-12-14,"0.10%",-300,0.1,0
2026-08-11,2025-12-14,"0.35%",-300,0.35,0
2026-08-11,2025-12-14,"0.60%",-300,0.6,0
2026-08-11,2025-12-14,"0.85%",-275,0.85,0
2026-08-11,2025-12-14,"1.10%",-250,1.1,0
2026-08-11,2025-12-14,"1.35%",-225,1.35,0
2026-08-11,2025-12-14,"1.60%",-200,1.6,0
2026-08-11,2025-12-14,"1.85%",-175,1.85,0
2026-08-11,2025-12-14,"2.10%",-150,2.1,0
2026-08-11,2025-12-14,"2.35%",-125,2.35,0
2026-08-11,2025-12-14,"2.60%",-100,2.6,0
2026-08-11,2025-12-14,"2.85%",-75,2.85,0
2026-08-11,2025-12-14,"3.10%",-50,3.1,0
2026-08-11,2025-12-14,"3.35%",-25,3.35,0.0402550138155625
2026-08-11,2025-12-14,"3.60%",0,3.6,0.226265674389759
2026-08-11,2025-12-14,"3.85%",25,3.85,0.420230448130795
2026-08-11,2025-12-14,"4.10%",50,4.1,0.260001707932454
2026-08-11,2025-12-14,"4.35%",75,4.35,0.0532471557314295
2026-08-11,2025-12-14,"4.60%",100,4.6,0
2026-08-11,2025-12-14,"4.85%",125,4.85,0
2026-08-11,2025-12-14,"5.10%",150,5.1,0
2026-08-11,2025-12-14,"5.35%",175,5.35,0
2026-08-11,2025-12-14,"5.60%",200,5.6,0
2026-08-11,2025-12-14,"5.85%",225,5.85,0
2026-08-11,2025-12-14,"6.10%",250,6.1,0
2026-08-11,2025-12-15,"0.10%",-300,0.1,0
2026-08-11,2025-12-15,"0.35%",-300,0.35,0
2026-08-11,2025-12-15,"0.60%",-300,0.6,0
2026-08-11,2025-12-15,"0.85%",-275,0.85,0
2026-08-11,2025-12-15,"1.10%",-250,1.1,0
2026-08-11,2025-12-15,"1.35%",-225,1.35,0
2026-08-11,2025-12-15,"1.60%",-200,1.6,0
2026-08-11,2025-12-15,"1.85%",-175,1.85,0
2026-08-11,2025-12-15,"2.10%",-150,2.1,0
2026-08-11,2025-12-15,"2.35%",-125,2.35,0
2026-08-11,2025-12-15,"2.60%",-100,2.6,0
2026-08-11,2025-12-15,"2.85%",-75,2.85,0
2026-08-11,2025-12-15,"3.10%",-50,3.1,0
2026-08-11,2025-12-15,"3.35%",-25,3.35,0.0422393783104676
2026-08-11,2025-12-15,"3.60%",0,3.6,0.210482302566064
2026-08-11,2025-12-15,"3.85%",25,3.85,0.394109820030138
2026-08-11,2025-12-15,"4.10%",50,4.1,0.278850298038357
2026-08-11,2025-12-15,"4.35%",75,4.35,0.0743182010549745
2026-08-11,2025-12-15,"4.60%",100,4.6,0
2026-08-11,2025-12-15,"4.85%",125,4.85,0
2026-08-11,2025-12-15,"5.10%",150,5.1,0
2026-08-11,2025-12-15,"5.35%",175,5.35,0
2026-08-11,2025-12-15,"5.60%",200,5.6,0
2026-08-11,2025-12-15,"5.85%",225,5.85,0
2026-08-11,2025-12-15,"6.10%",250,6.1,0
2026-08-11,2025-12-16,"0.10%",-300,0.1,0
2026-08-11,2025-12-16,"0.35%",-300,0.35,0
2026-08-11,2025-12-16,"0.60%",-300,0.6,0
2026-08-11,2025-12-16,"0.85%",-275,0.85,0
2026-08-11,2025-12-16,"1.10%",-250,1.1,0
2026-08-11,2025-12-16,"1.35%",-225,1.35,0
2026-08-11,2025-12-16,"1.60%",-200,1.6,0
2026-08-11,2025-12-16,"1.85%",-175,1.85,0
2026-08-11,2025-12-16,"2.10%",-150,2.1,0
2026-08-11,2025-12-16,"2.35%",-125,2.35,0
2026-08-11,2025-12-16,"2.60%",-100,2.6,0
2026-08-11,2025-12-16,"2.85%",-75,2.85,0
2026-08-11,2025-12-16,"3.10%",-50,3.1,0
2026-08-11,2025-12-16,"3.35%",-25,3.35,0.0173172091399353
2026-08-11,2025-12-16,"3.60%",0,3.6,0.157471209837305
2026-08-11,2025-12-16,"3.85%",25,3.85,0.418253268595556
2026-08-11,2025-12-16,"4.10%",50,4.1,0.329972438886432
2026-08-11,2025-12-16,"4.35%",75,4.35,0.0769858735407716
2026-08-11,2025-12-16,"4.60%",100,4.6,0
2026-08-11,2025-12-16,"4.85%",125,4.85,0
2026-08-11,2025-12-16,"5.10%",150,5.1,0
2026-08-11,2025-12-16,"5.35%",175,5.35,0
2026-08-11,2025-12-16,"5.60%",200,5.6,0
2026-08-11,2025-12-16,"5.85%",225,5.85,0
2026-08-11,2025-12-16,"6.10%",250,6.1,0
2026-08-11,2025-12-17,"0.10%",-300,0.1,0
2026-08-11,2025-12-17,"0.35%",-300,0.35,0
2026-08-11,2025-12-17,"0.60%",-300,0.6,0
2026-08-11,2025-12-17,"0.85%",-275,0.85,0
2026-08-11,2025-12-17,"1.10%",-250,1.1,0
2026-08-11,2025-12-17,"1.35%",-225,1.35,0
2026-08-11,2025-12-17,"1.60%",-200,1.6,0
2026-08-11,2025-12-17,"1.85%",-175,1.85,0
2026-08-11,2025-12-17,"2.10%",-150,2.1,0
2026-08-11,2025-12-17,"2.35%",-125,2.35,0
2026-08-11,2025-12-17,"2.60%",-100,2.6,0
2026-08-11,2025-12-17,"2.85%",-75,2.85,0
2026-08-11,2025-12-17,"3.10%",-50,3.1,0
2026-08-11,2025-12-17,"3.35%",-25,3.35,0.033063410591305
2026-08-11,2025-12-17,"3.60%",0,3.6,0.202063154316466
2026-08-11,2025-12-17,"3.85%",25,3.85,0.413253227942523
2026-08-11,2025-12-17,"4.10%",50,4.1,0.285388626489363
2026-08-11,2025-12-17,"4.35%",75,4.35,0.066231580660343
2026-08-11,2025-12-17,"4.60%",100,4.6,0
2026-08-11,2025-12-17,"4.85%",125,4.85,0
2026-08-11,2025-12-17,"5.10%",150,5.1,0
2026-08-11,2025-12-17,"5.35%",175,5.35,0
2026-08-11,2025-12-17,"5.60%",200,5.6,0
2026-08-11,2025-12-17,"5.85%",225,5.85,0
2026-08-11,2025-12-17,"6.10%",250,6.1,0
2026-08-11,2025-12-18,"0.10%",-300,0.1,0
2026-08-11,2025-12-18,"0.35%",-300,0.35,0
2026-08-11,2025-12-18,"0.60%",-300,0.6,0
2026-08-11,2025-12-18,"0.85%",-275,0.85,0
2026-08-11,2025-12-18,"1.10%",-250,1.1,0
2026-08-11,2025-12-18,"1.35%",-225,1.35,0
2026-08-11,2025-12-18,"1.60%",-200,1.6,0
2026-08-11,2025-12-18,"1.85%",-175,1.85,0
2026-08-11,2025-12-18,"2.10%",-150,2.1,0
2026-08-11,2025-12-18,"2.35%",-125,2.35,0
2026-08-11,2025-12-18,"2.60%",-100,2.6,0
2026-08-11,2025-12-18,"2.85%",-75,2.85,0
2026-08-11,2025-12-18,"3.10%",-50,3.1,0
2026-08-11,2025-12-18,"3.35%",-25,3.35,0.0423902461446424
2026-08-11,2025-12-18,"3.60%",0,3.6,0.196901911300327
2026-08-11,2025-12-18,"3.85%",25,3.85,0.371945358514135
2026-08-11,2025-12-18,"4.10%",50,4.1,0.286986954519803
2026-08-11,2025-12-18,"4.35%",75,4.35,0.0902814401496439
2026-08-11,2025-12-18,"4.60%",100,4.6,0.0114940893714477
2026-08-11,2025-12-18,"4.85%",125,4.85,0
2026-08-11,2025-12-18,"5.10%",150,5.1,0
2026-08-11,2025-12-18,"5.35%",175,5.35,0
2026-08-11,2025-12-18,"5.60%",200,5.6,0
2026-08-11,2025-12-18,"5.85%",225,5.85,0
2026-08-11,2025-12-18,"6.10%",250,6.1,0
2026-08-11,2025-12-19,"0.10%",-300,0.1,0
2026-08-11,2025-12-19,"0.35%",-300,0.35,0
2026-08-11,2025-12-19,"0.60%",-300,0.6,0
2026-08-11,2025-12-19,"0.85%",-275,0.85,0
2026-08-11,2025-12-19,"1.10%",-250,1.1,0
2026-08-11,2025-12-19,"1.35%",-225,1.35,0
2026-08-11,2025-12-19,"1.60%",-200,1.6,0
2026-08-11,2025-12-19,"1.85%",-175,1.85,0
2026-08-11,2025-12-19,"2.10%",-150,2.1,0
2026-08-11,2025-12-19,"2.35%",-125,2.35,0
2026-08-11,2025-12-19,"2.60%",-100,2.6,0
2026-08-11,2025-12-19,"2.85%",-75,2.85,0
2026-08-11,2025-12-19,"3.10%",-50,3.1,0
2026-08-11,2025-12-19,"3.35%",-25,3.35,0.038233421664619
2026-08-11,2025-12-19,"3.60%",0,3.6,0.196366141256189
2026-08-11,2025-12-19,"3.85%",25,3.85,0.386541254822593
2026-08-11,2025-12-19,"4.10%",50,4.1,0.293288289875554
2026-08-11,2025-12-19,"4.35%",75,4.35,0.085570892381044
2026-08-11,2025-12-19,"4.60%",100,4.6,0
2026-08-11,2025-12-19,"4.85%",125,4.85,0
2026-08-11,2025-12-19,"5.10%",150,5.1,0
2026-08-11,2025-12-19,"5.35%",175,5.35,0
2026-08-11,2025-12-19,"5.60%",200,5.6,0
2026-08-11,2025-12-19,"5.85%",225,5.85,0
2026-08-11,2025-12-19,"6.10%",250,6.1,0
2026-08-11,2025-12-20,"0.10%",-300,0.1,0
2026-08-11,2025-12-20,"0.35%",-300,0.35,0
2026-08-11,2025-12-20,"0.60%",-300,0.6,0
2026-08-11,2025-12-20,"0.85%",-275,0.85,0
2026-08-11,2025-12-20,"1.10%",-250,1.1,0
2026-08-11,2025-12-20,"1.35%",-225,1.35,0
2026-08-11,2025-12-20,"1.60%",-200,1.6,0
2026-08-11,2025-12-20,"1.85%",-175,1.85,0
2026-08-11,2025-12-20,"2.10%",-150,2.1,0
2026-08-11,2025-12-20,"2.35%",-125,2.35,0
2026-08-11,2025-12-20,"2.60%",-100,2.6,0
2026-08-11,2025-12-20,"2.85%",-75,2.85,0
2026-08-11,2025-12-20,"3.10%",-50,3.1,0
2026-08-11,2025-12-20,"3.35%",-25,3.35,0.0357666970706473
2026-08-11,2025-12-20,"3.60%",0,3.6,0.194651665994329
2026-08-11,2025-12-20,"3.85%",25,3.85,0.392361059255452
2026-08-11,2025-12-20,"4.10%",50,4.1,0.294846251203534
2026-08-11,2025-12-20,"4.35%",75,4.35,0.0823743264760375
2026-08-11,2025-12-20,"4.60%",100,4.6,0
2026-08-11,2025-12-20,"4.85%",125,4.85,0
2026-08-11,2025-12-20,"5.10%",150,5.1,0
2026-08-11,2025-12-20,"5.35%",175,5.35,0
2026-08-11,2025-12-20,"5.60%",200,5.6,0
2026-08-11,2025-12-20,"5.85%",225,5.85,0
2026-08-11,2025-12-20,"6.10%",250,6.1,0
2026-08-11,2025-12-21,"0.10%",-300,0.1,0
2026-08-11,2025-12-21,"0.35%",-300,0.35,0
2026-08-11,2025-12-21,"0.60%",-300,0.6,0
2026-08-11,2025-12-21,"0.85%",-275,0.85,0
2026-08-11,2025-12-21,"1.10%",-250,1.1,0
2026-08-11,2025-12-21,"1.35%",-225,1.35,0
2026-08-11,2025-12-21,"1.60%",-200,1.6,0
2026-08-11,2025-12-21,"1.85%",-175,1.85,0
2026-08-11,2025-12-21,"2.10%",-150,2.1,0
2026-08-11,2025-12-21,"2.35%",-125,2.35,0
2026-08-11,2025-12-21,"2.60%",-100,2.6,0
2026-08-11,2025-12-21,"2.85%",-75,2.85,0
2026-08-11,2025-12-21,"3.10%",-50,3.1,0
2026-08-11,2025-12-21,"3.35%",-25,3.35,0.02336717321558
2026-08-11,2025-12-21,"3.60%",0,3.6,0.157519858147304
2026-08-11,2025-12-21,"3.85%",25,3.85,0.378653988395934
2026-08-11,2025-12-21,"4.10%",50,4.1,0.327487307238338
2026-08-11,2025-12-21,"4.35%",75,4.35,0.101744227010055
2026-08-11,2025-12-21,"4.60%",100,4.6,0.011227445992789
2026-08-11,2025-12-21,"4.85%",125,4.85,0
2026-08-11,2025-12-21,"5.10%",150,5.1,0
2026-08-11,2025-12-21,"5.35%",175,5.35,0
2026-08-11,2025-12-21,"5.60%",200,5.6,0
2026-08-11,2025-12-21,"5.85%",225,5.85,0
2026-08-11,2025-12-21,"6.10%",250,6.1,0
2026-08-11,2025-12-22,"0.10%",-300,0.1,0
2026-08-11,2025-12-22,"0.35%",-300,0.35,0
2026-08-11,2025-12-22,"0.60%",-300,0.6,0
2026-08-11,2025-12-22,"0.85%",-275,0.85,0
2026-08-11,2025-12-22,"1.10%",-250,1.1,0
2026-08-11,2025-12-22,"1.35%",-225,1.35,0
2026-08-11,2025-12-22,"1.60%",-200,1.6,0
2026-08-11,2025-12-22,"1.85%",-175,1.85,0
2026-08-11,2025-12-22,"2.10%",-150,2.1,0
2026-08-11,2025-12-22,"2.35%",-125,2.35,0
2026-08-11,2025-12-22,"2.60%",-100,2.6,0
2026-08-11,2025-12-22,"2.85%",-75,2.85,0
2026-08-11,2025-12-22,"3.10%",-50,3.1,0
2026-08-11,2025-12-22,"3.35%",-25,3.35,0.0291218059535145
2026-08-11,2025-12-22,"3.60%",0,3.6,0.184632451305437
2026-08-11,2025-12-22,"3.85%",25,3.85,0.402432941100483
2026-08-11,2025-12-22,"4.10%",50,4.1,0.304275759761613
2026-08-11,2025-12-22,"4.35%",75,4.35,0.0795370418789533
2026-08-11,2025-12-22,"4.60%",100,4.6,0
2026-08-11,2025-12-22,"4.85%",125,4.85,0
2026-08-11,2025-12-22,"5.10%",150,5.1,0
2026-08-11,2025-12-22,"5.35%",175,5.35,0
2026-08-11,2025-12-22,"5.60%",200,5.6,0
2026-08-11,2025-12-22,"5.85%",225,5.85,0
2026-08-11,2025-12-22,"6.10%",250,6.1,0
2026-08-11,2025-12-23,"0.10%",-300,0.1,0
2026-08-11,2025-12-23,"0.35%",-300,0.35,0
2026-08-11,2025-12-23,"0.60%",-300,0.6,0
2026-08-11,2025-12-23,"0.85%",-275,0.85,0
2026-08-11,2025-12-23,"1.10%",-250,1.1,0
2026-08-11,2025-12-23,"1.35%",-225,1.35,0
2026-08-11,2025-12-23,"1.60%",-200,1.6,0
2026-08-11,2025-12-23,"1.85%",-175,1.85,0
2026-08-11,2025-12-23,"2.10%",-150,2.1,0
2026-08-11,2025-12-23,"2.35%",-125,2.35,0
2026-08-11,2025-12-23,"2.60%",-100,2.6,0
2026-08-11,2025-12-23,"2.85%",-75,2.85,0
2026-08-11,2025-12-23,"3.10%",-50,3.1,0
2026-08-11,2025-12-23,"3.35%",-25,3.35,0.0287832292979717
2026-08-11,2025-12-23,"3.60%",0,3.6,0.187218996946331
2026-08-11,2025-12-23,"3.85%",25,3.85,0.408113916191954
2026-08-11,2025-12-23,"4.10%",50,4.1,0.301038553896814
2026-08-11,2025-12-23,"4.35%",75,4.35,0.0748453036669291
2026-08-11,2025-12-23,"4.60%",100,4.6,0
2026-08-11,2025-12-23,"4.85%",125,4.85,0
2026-08-11,2025-12-23,"5.10%",150,5.1,0
2026-08-11,2025-12-23,"5.35%",175,5.35,0
2026-08-11,2025-12-23,"5.60%",200,5.6,0
2026-08-11,2025-12-23,"5.85%",225,5.85,0
2026-08-11,2025-12-23,"6.10%",250,6.1,0
2026-08-11,2025-12-24,"0.10%",-300,0.1,0
2026-08-11,2025-12-24,"0.35%",-300,0.35,0
2026-08-11,2025-12-24,"0.60%",-300,0.6,0
2026-08-11,2025-12-24,"0.85%",-275,0.85,0
2026-08-11,2025-12-24,"1.10%",-250,1.1,0
2026-08-11,2025-12-24,"1.35%",-225,1.35,0
2026-08-11,2025-12-24,"1.60%",-200,1.6,0
2026-08-11,2025-12-24,"1.85%",-175,1.85,0
2026-08-11,2025-12-24,"2.10%",-150,2.1,0
2026-08-11,2025-12-24,"2.35%",-125,2.35,0
2026-08-11,2025-12-24,"2.60%",-100,2.6,0
2026-08-11,2025-12-24,"2.85%",-75,2.85,0
2026-08-11,2025-12-24,"3.10%",-50,3.1,0
2026-08-11,2025-12-24,"3.35%",-25,3.35,0.041562547887163
2026-08-11,2025-12-24,"3.60%",0,3.6,0.194984911540602
2026-08-11,2025-12-24,"3.85%",25,3.85,0.371524554106444
2026-08-11,2025-12-24,"4.10%",50,4.1,0.288803589406683
2026-08-11,2025-12-24,"4.35%",75,4.35,0.0914250412829563
2026-08-11,2025-12-24,"4.60%",100,4.6,0.0116993557761514
2026-08-11,2025-12-24,"4.85%",125,4.85,0
2026-08-11,2025-12-24,"5.10%",150,5.1,0
2026-08-11,2025-12-24,"5.35%",175,5.35,0
2026-08-11,2025-12-24,"5.60%",200,5.6,0
2026-08-11,2025-12-24,"5.85%",225,5.85,0
2026-08-11,2025-12-24,"6.10%",250,6.1,0
2026-08-11,2025-12-25,"0.10%",-300,0.1,0
2026-08-11,2025-12-25,"0.35%",-300,0.35,0
2026-08-11,2025-12-25,"0.60%",-300,0.6,0
2026-08-11,2025-12-25,"0.85%",-275,0.85,0
2026-08-11,2025-12-25,"1.10%",-250,1.1,0
2026-08-11,2025-12-25,"1.35%",-225,1.35,0
2026-08-11,2025-12-25,"1.60%",-200,1.6,0
2026-08-11,2025-12-25,"1.85%",-175,1.85,0
2026-08-11,2025-12-25,"2.10%",-150,2.1,0
2026-08-11,2025-12-25,"2.35%",-125,2.35,0
2026-08-11,2025-12-25,"2.60%",-100,2.6,0
2026-08-11,2025-12-25,"2.85%",-75,2.85,0
2026-08-11,2025-12-25,"3.10%",-50,3.1,0
2026-08-11,2025-12-25,"3.35%",-25,3.35,0.0383141326328925
2026-08-11,2025-12-25,"3.60%",0,3.6,0.193233225663018
2026-08-11,2025-12-25,"3.85%",25,3.85,0.379360723074695
2026-08-11,2025-12-25,"4.10%",50,4.1,0.291477037439336
2026-08-11,2025-12-25,"4.35%",75,4.35,0.087457306382171
2026-08-11,2025-12-25,"4.60%",100,4.6,0.0101575748078874
2026-08-11,2025-12-25,"4.85%",125,4.85,0
2026-08-11,2025-12-25,"5.10%",150,5.1,0
2026-08-11,2025-12-25,"5.35%",175,5.35,0
2026-08-11,2025-12-25,"5.60%",200,5.6,0
2026-08-11,2025-12-25,"5.85%",225,5.85,0
2026-08-11,2025-12-25,"6.10%",250,6.1,0
2026-08-11,2025-12-26,"0.10%",-300,0.1,0
2026-08-11,2025-12-26,"0.35%",-300,0.35,0
2026-08-11,2025-12-26,"0.60%",-300,0.6,0
2026-08-11,2025-12-26,"0.85%",-275,0.85,0
2026-08-11,2025-12-26,"1.10%",-250,1.1,0
2026-08-11,2025-12-26,"1.35%",-225,1.35,0
2026-08-11,2025-12-26,"1.60%",-200,1.6,0
2026-08-11,2025-12-26,"1.85%",-175,1.85,0
2026-08-11,2025-12-26,"2.10%",-150,2.1,0
2026-08-11,2025-12-26,"2.35%",-125,2.35,0
2026-08-11,2025-12-26,"2.60%",-100,2.6,0
2026-08-11,2025-12-26,"2.85%",-75,2.85,0
2026-08-11,2025-12-26,"3.10%",-50,3.1,0
2026-08-11,2025-12-26,"3.35%",-25,3.35,0.032137124094158
2026-08-11,2025-12-26,"3.60%",0,3.6,0.190284432724417
2026-08-11,2025-12-26,"3.85%",25,3.85,0.399097538859009
2026-08-11,2025-12-26,"4.10%",50,4.1,0.298843942911073
2026-08-11,2025-12-26,"4.35%",75,4.35,0.0796369614113434
2026-08-11,2025-12-26,"4.60%",100,4.6,0
2026-08-11,2025-12-26,"4.85%",125,4.85,0
2026-08-11,2025-12-26,"5.10%",150,5.1,0
2026-08-11,2025-12-26,"5.35%",175,5.35,0
2026-08-11,2025-12-26,"5.60%",200,5.6,0
2026-08-11,2025-12-26,"5.85%",225,5.85,0
2026-08-11,2025-12-26,"6.10%",250,6.1,0
2026-08-11,2025-12-27,"0.10%",-300,0.1,0
2026-08-11,2025-12-27,"0.35%",-300,0.35,0
2026-08-11,2025-12-27,"0.60%",-300,0.6,0
2026-08-11,2025-12-27,"0.85%",-275,0.85,0
2026-08-11,2025-12-27,"1.10%",-250,1.1,0
2026-08-11,2025-12-27,"1.35%",-225,1.35,0
2026-08-11,2025-12-27,"1.60%",-200,1.6,0
2026-08-11,2025-12-27,"1.85%",-175,1.85,0
2026-08-11,2025-12-27,"2.10%",-150,2.1,0
2026-08-11,2025-12-27,"2.35%",-125,2.35,0
2026-08-11,2025-12-27,"2.60%",-100,2.6,0
2026-08-11,2025-12-27,"2.85%",-75,2.85,0
2026-08-11,2025-12-27,"3.10%",-50,3.1,0
2026-08-11,2025-12-27,"3.35%",-25,3.35,0.0305120767033598
2026-08-11,2025-12-27,"3.60%",0,3.6,0.188852669523395
2026-08-11,2025-12-27,"3.85%",25,3.85,0.403375672939307
2026-08-11,2025-12-27,"4.10%",50,4.1,0.299912199509703
2026-08-11,2025-12-27,"4.35%",75,4.35,0.0773473813242362
2026-08-11,2025-12-27,"4.60%",100,4.6,0
2026-08-11,2025-12-27,"4.85%",125,4.85,0
2026-08-11,2025-12-27,"5.10%",150,5.1,0
2026-08-11,2025-12-27,"5.35%",175,5.35,0
2026-08-11,2025-12-27,"5.60%",200,5.6,0
2026-08-11,2025-12-27,"5.85%",225,5.85,0
2026-08-11,2025-12-27,"6.10%",250,6.1,0
2026-08-11,2025-12-28,"0.10%",-300,0.1,0
2026-08-11,2025-12-28,"0.35%",-300,0.35,0
2026-08-11,2025-12-28,"0.60%",-300,0.6,0
2026-08-11,2025-12-28,"0.85%",-275,0.85,0
2026-08-11,2025-12-28,"1.10%",-250,1.1,0
2026-08-11,2025-12-28,"1.35%",-225,1.35,0
2026-08-11,2025-12-28,"1.60%",-200,1.6,0
2026-08-11,2025-12-28,"1.85%",-175,1.85,0
2026-08-11,2025-12-28,"2.10%",-150,2.1,0
2026-08-11,2025-12-28,"2.35%",-125,2.35,0
2026-08-11,2025-12-28,"2.60%",-100,2.6,0
2026-08-11,2025-12-28,"2.85%",-75,2.85,0
2026-08-11,2025-12-28,"3.10%",-50,3.1,0
2026-08-11,2025-12-28,"3.35%",-25,3.35,0.025989751951314
2026-08-11,2025-12-28,"3.60%",0,3.6,0.176746857069151
2026-08-11,2025-12-28,"3.85%",25,3.85,0.403427999405729
2026-08-11,2025-12-28,"4.10%",50,4.1,0.312195711328627
2026-08-11,2025-12-28,"4.35%",75,4.35,0.0816396802451785
2026-08-11,2025-12-28,"4.60%",100,4.6,0
2026-08-11,2025-12-28,"4.85%",125,4.85,0
2026-08-11,2025-12-28,"5.10%",150,5.1,0
2026-08-11,2025-12-28,"5.35%",175,5.35,0
2026-08-11,2025-12-28,"5.60%",200,5.6,0
2026-08-11,2025-12-28,"5.85%",225,5.85,0
2026-08-11,2025-12-28,"6.10%",250,6.1,0
2026-08-11,2025-12-29,"0.10%",-300,0.1,0
2026-08-11,2025-12-29,"0.35%",-300,0.35,0
2026-08-11,2025-12-29,"0.60%",-300,0.6,0
2026-08-11,2025-12-29,"0.85%",-275,0.85,0
2026-08-11,2025-12-29,"1.10%",-250,1.1,0
2026-08-11,2025-12-29,"1.35%",-225,1.35,0
2026-08-11,2025-12-29,"1.60%",-200,1.6,0
2026-08-11,2025-12-29,"1.85%",-175,1.85,0
2026-08-11,2025-12-29,"2.10%",-150,2.1,0
2026-08-11,2025-12-29,"2.35%",-125,2.35,0
2026-08-11,2025-12-29,"2.60%",-100,2.6,0
2026-08-11,2025-12-29,"2.85%",-75,2.85,0
2026-08-11,2025-12-29,"3.10%",-50,3.1,0
2026-08-11,2025-12-29,"3.35%",-25,3.35,0.0237662948185734
2026-08-11,2025-12-29,"3.60%",0,3.6,0.17206535042233
2026-08-11,2025-12-29,"3.85%",25,3.85,0.406381573890708
2026-08-11,2025-12-29,"4.10%",50,4.1,0.316660145558977
2026-08-11,2025-12-29,"4.35%",75,4.35,0.0811266353094119
2026-08-11,2025-12-29,"4.60%",100,4.6,0
2026-08-11,2025-12-29,"4.85%",125,4.85,0
2026-08-11,2025-12-29,"5.10%",150,5.1,0
2026-08-11,2025-12-29,"5.35%",175,5.35,0
2026-08-11,2025-12-29,"5.60%",200,5.6,0
2026-08-11,2025-12-29,"5.85%",225,5.85,0
2026-08-11,2025-12-29,"6.10%",250,6.1,0
2026-08-11,2025-12-30,"0.10%",-300,0.1,0
2026-08-11,2025-12-30,"0.35%",-300,0.35,0
2026-08-11,2025-12-30,"0.60%",-300,0.6,0
2026-08-11,2025-12-30,"0.85%",-275,0.85,0
2026-08-11,2025-12-30,"1.10%",-250,1.1,0
2026-08-11,2025-12-30,"1.35%",-225,1.35,0
2026-08-11,2025-12-30,"1.60%",-200,1.6,0
2026-08-11,2025-12-30,"1.85%",-175,1.85,0
2026-08-11,2025-12-30,"2.10%",-150,2.1,0
2026-08-11,2025-12-30,"2.35%",-125,2.35,0
2026-08-11,2025-12-30,"2.60%",-100,2.6,0
2026-08-11,2025-12-30,"2.85%",-75,2.85,0
2026-08-11,2025-12-30,"3.10%",-50,3.1,0
2026-08-11,2025-12-30,"3.35%",-25,3.35,0.0204980815873076
2026-08-11,2025-12-30,"3.60%",0,3.6,0.166864038768568
2026-08-11,2025-12-30,"3.85%",25,3.85,0.415402150345633
2026-08-11,2025-12-30,"4.10%",50,4.1,0.320747636728093
2026-08-11,2025-12-30,"4.35%",75,4.35,0.0764880925703986
2026-08-11,2025-12-30,"4.60%",100,4.6,0
2026-08-11,2025-12-30,"4.85%",125,4.85,0
2026-08-11,2025-12-30,"5.10%",150,5.1,0
2026-08-11,2025-12-30,"5.35%",175,5.35,0
2026-08-11,2025-12-30,"5.60%",200,5.6,0
2026-08-11,2025-12-30,"5.85%",225,5.85,0
2026-08-11,2025-12-30,"6.10%",250,6.1,0
2026-08-11,2025-12-31,"0.10%",-300,0.1,0
2026-08-11,2025-12-31,"0.35%",-300,0.35,0
2026-08-11,2025-12-31,"0.60%",-300,0.6,0
2026-08-11,2025-12-31,"0.85%",-275,0.85,0
2026-08-11,2025-12-31,"1.10%",-250,1.1,0
2026-08-11,2025-12-31,"1.35%",-225,1.35,0
2026-08-11,2025-12-31,"1.60%",-200,1.6,0
2026-08-11,2025-12-31,"1.85%",-175,1.85,0
2026-08-11,2025-12-31,"2.10%",-150,2.1,0
2026-08-11,2025-12-31,"2.35%",-125,2.35,0
2026-08-11,2025-12-31,"2.60%",-100,2.6,0
2026-08-11,2025-12-31,"2.85%",-75,2.85,0
2026-08-11,2025-12-31,"3.10%",-50,3.1,0
2026-08-11,2025-12-31,"3.35%",-25,3.35,0.0261170587707491
2026-08-11,2025-12-31,"3.60%",0,3.6,0.174278091033984
2026-08-11,2025-12-31,"3.85%",25,3.85,0.398471280419295
2026-08-11,2025-12-31,"4.10%",50,4.1,0.315155322202682
2026-08-11,2025-12-31,"4.35%",75,4.35,0.0859782475732899
2026-08-11,2025-12-31,"4.60%",100,4.6,0
2026-08-11,2025-12-31,"4.85%",125,4.85,0
2026-08-11,2025-12-31,"5.10%",150,5.1,0
2026-08-11,2025-12-31,"5.35%",175,5.35,0
2026-08-11,2025-12-31,"5.60%",200,5.6,0
2026-08-11,2025-12-31,"5.85%",225,5.85,0
2026-08-11,2025-12-31,"6.10%",250,6.1,0
2026-08-11,2026-01-01,"0.10%",-300,0.1,0
2026-08-11,2026-01-01,"0.35%",-300,0.35,0
2026-08-11,2026-01-01,"0.60%",-300,0.6,0
2026-08-11,2026-01-01,"0.85%",-275,0.85,0
2026-08-11,2026-01-01,"1.10%",-250,1.1,0
2026-08-11,2026-01-01,"1.35%",-225,1.35,0
2026-08-11,2026-01-01,"1.60%",-200,1.6,0
2026-08-11,2026-01-01,"1.85%",-175,1.85,0
2026-08-11,2026-01-01,"2.10%",-150,2.1,0
2026-08-11,2026-01-01,"2.35%",-125,2.35,0
2026-08-11,2026-01-01,"2.60%",-100,2.6,0
2026-08-11,2026-01-01,"2.85%",-75,2.85,0
2026-08-11,2026-01-01,"3.10%",-50,3.1,0
2026-08-11,2026-01-01,"3.35%",-25,3.35,0.0197764250554186
2026-08-11,2026-01-01,"3.60%",0,3.6,0.137884423129069
2026-08-11,2026-01-01,"3.85%",25,3.85,0.356475483241161
2026-08-11,2026-01-01,"4.10%",50,4.1,0.344632623612357
2026-08-11,2026-01-01,"4.35%",75,4.35,0.124553175050388
2026-08-11,2026-01-01,"4.60%",100,4.6,0.0166778699116064
2026-08-11,2026-01-01,"4.85%",125,4.85,0
2026-08-11,2026-01-01,"5.10%",150,5.1,0
2026-08-11,2026-01-01,"5.35%",175,5.35,0
2026-08-11,2026-01-01,"5.60%",200,5.6,0
2026-08-11,2026-01-01,"5.85%",225,5.85,0
2026-08-11,2026-01-01,"6.10%",250,6.1,0
2026-08-11,2026-01-02,"0.10%",-300,0.1,0
2026-08-11,2026-01-02,"0.35%",-300,0.35,0
2026-08-11,2026-01-02,"0.60%",-300,0.6,0
2026-08-11,2026-01-02,"0.85%",-275,0.85,0
2026-08-11,2026-01-02,"1.10%",-250,1.1,0
2026-08-11,2026-01-02,"1.35%",-225,1.35,0
2026-08-11,2026-01-02,"1.60%",-200,1.6,0
2026-08-11,2026-01-02,"1.85%",-175,1.85,0
2026-08-11,2026-01-02,"2.10%",-150,2.1,0
2026-08-11,2026-01-02,"2.35%",-125,2.35,0
2026-08-11,2026-01-02,"2.60%",-100,2.6,0
2026-08-11,2026-01-02,"2.85%",-75,2.85,0
2026-08-11,2026-01-02,"3.10%",-50,3.1,0
2026-08-11,2026-01-02,"3.35%",-25,3.35,0
2026-08-11,2026-01-02,"3.60%",0,3.6,0.116716745733546
2026-08-11,2026-01-02,"3.85%",25,3.85,0.399011949698586
2026-08-11,2026-01-02,"4.10%",50,4.1,0.381973278194054
2026-08-11,2026-01-02,"4.35%",75,4.35,0.102298026373814
2026-08-11,2026-01-02,"4.60%",100,4.6,0
2026-08-11,2026-01-02,"4.85%",125,4.85,0
2026-08-11,2026-01-02,"5.10%",150,5.1,0
2026-08-11,2026-01-02,"5.35%",175,5.35,0
2026-08-11,2026-01-02,"5.60%",200,5.6,0
2026-08-11,2026-01-02,"5.85%",225,5.85,0
2026-08-11,2026-01-02,"6.10%",250,6.1,0
2026-08-11,2026-01-03,"0.10%",-300,0.1,0
2026-08-11,2026-01-03,"0.35%",-300,0.35,0
2026-08-11,2026-01-03,"0.60%",-300,0.6,0
2026-08-11,2026-01-03,"0.85%",-275,0.85,0
2026-08-11,2026-01-03,"1.10%",-250,1.1,0
2026-08-11,2026-01-03,"1.35%",-225,1.35,0
2026-08-11,2026-01-03,"1.60%",-200,1.6,0
2026-08-11,2026-01-03,"1.85%",-175,1.85,0
2026-08-11,2026-01-03,"2.10%",-150,2.1,0
2026-08-11,2026-01-03,"2.35%",-125,2.35,0
2026-08-11,2026-01-03,"2.60%",-100,2.6,0
2026-08-11,2026-01-03,"2.85%",-75,2.85,0
2026-08-11,2026-01-03,"3.10%",-50,3.1,0
2026-08-11,2026-01-03,"3.35%",-25,3.35,0
2026-08-11,2026-01-03,"3.60%",0,3.6,0.114513005926917
2026-08-11,2026-01-03,"3.85%",25,3.85,0.401437337126527
2026-08-11,2026-01-03,"4.10%",50,4.1,0.383956405278216
2026-08-11,2026-01-03,"4.35%",75,4.35,0.10009325166834
2026-08-11,2026-01-03,"4.60%",100,4.6,0
2026-08-11,2026-01-03,"4.85%",125,4.85,0
2026-08-11,2026-01-03,"5.10%",150,5.1,0
2026-08-11,2026-01-03,"5.35%",175,5.35,0
2026-08-11,2026-01-03,"5.60%",200,5.6,0
2026-08-11,2026-01-03,"5.85%",225,5.85,0
2026-08-11,2026-01-03,"6.10%",250,6.1,0
2026-08-11,2026-01-04,"0.10%",-300,0.1,0
2026-08-11,2026-01-04,"0.35%",-300,0.35,0
2026-08-11,2026-01-04,"0.60%",-300,0.6,0
2026-08-11,2026-01-04,"0.85%",-275,0.85,0
2026-08-11,2026-01-04,"1.10%",-250,1.1,0
2026-08-11,2026-01-04,"1.35%",-225,1.35,0
2026-08-11,2026-01-04,"1.60%",-200,1.6,0
2026-08-11,2026-01-04,"1.85%",-175,1.85,0
2026-08-11,2026-01-04,"2.10%",-150,2.1,0
2026-08-11,2026-01-04,"2.35%",-125,2.35,0
2026-08-11,2026-01-04,"2.60%",-100,2.6,0
2026-08-11,2026-01-04,"2.85%",-75,2.85,0
2026-08-11,2026-01-04,"3.10%",-50,3.1,0
2026-08-11,2026-01-04,"3.35%",-25,3.35,0.0131003446792067
2026-08-11,2026-01-04,"3.60%",0,3.6,0.147658188203446
2026-08-11,2026-01-04,"3.85%",25,3.85,0.432516713936886
2026-08-11,2026-01-04,"4.10%",50,4.1,0.337185361822082
2026-08-11,2026-01-04,"4.35%",75,4.35,0.0695393913583797
2026-08-11,2026-01-04,"4.60%",100,4.6,0
2026-08-11,2026-01-04,"4.85%",125,4.85,0
2026-08-11,2026-01-04,"5.10%",150,5.1,0
2026-08-11,2026-01-04,"5.35%",175,5.35,0
2026-08-11,2026-01-04,"5.60%",200,5.6,0
2026-08-11,2026-01-04,"5.85%",225,5.85,0
2026-08-11,2026-01-04,"6.10%",250,6.1,0
2026-08-11,2026-01-05,"0.10%",-300,0.1,0
2026-08-11,2026-01-05,"0.35%",-300,0.35,0
2026-08-11,2026-01-05,"0.60%",-300,0.6,0
2026-08-11,2026-01-05,"0.85%",-275,0.85,0
2026-08-11,2026-01-05,"1.10%",-250,1.1,0
2026-08-11,2026-01-05,"1.35%",-225,1.35,0
2026-08-11,2026-01-05,"1.60%",-200,1.6,0
2026-08-11,2026-01-05,"1.85%",-175,1.85,0
2026-08-11,2026-01-05,"2.10%",-150,2.1,0
2026-08-11,2026-01-05,"2.35%",-125,2.35,0
2026-08-11,2026-01-05,"2.60%",-100,2.6,0
2026-08-11,2026-01-05,"2.85%",-75,2.85,0
2026-08-11,2026-01-05,"3.10%",-50,3.1,0
2026-08-11,2026-01-05,"3.35%",-25,3.35,0.010436101240257
2026-08-11,2026-01-05,"3.60%",0,3.6,0.132952288712557
2026-08-11,2026-01-05,"3.85%",25,3.85,0.426604483753973
2026-08-11,2026-01-05,"4.10%",50,4.1,0.354246603376711
2026-08-11,2026-01-05,"4.35%",75,4.35,0.075760522916502
2026-08-11,2026-01-05,"4.60%",100,4.6,0
2026-08-11,2026-01-05,"4.85%",125,4.85,0
2026-08-11,2026-01-05,"5.10%",150,5.1,0
2026-08-11,2026-01-05,"5.35%",175,5.35,0
2026-08-11,2026-01-05,"5.60%",200,5.6,0
2026-08-11,2026-01-05,"5.85%",225,5.85,0
2026-08-11,2026-01-05,"6.10%",250,6.1,0
2026-08-11,2026-01-06,"0.10%",-300,0.1,0
2026-08-11,2026-01-06,"0.35%",-300,0.35,0
2026-08-11,2026-01-06,"0.60%",-300,0.6,0
2026-08-11,2026-01-06,"0.85%",-275,0.85,0
2026-08-11,2026-01-06,"1.10%",-250,1.1,0
2026-08-11,2026-01-06,"1.35%",-225,1.35,0
2026-08-11,2026-01-06,"1.60%",-200,1.6,0
2026-08-11,2026-01-06,"1.85%",-175,1.85,0
2026-08-11,2026-01-06,"2.10%",-150,2.1,0
2026-08-11,2026-01-06,"2.35%",-125,2.35,0
2026-08-11,2026-01-06,"2.60%",-100,2.6,0
2026-08-11,2026-01-06,"2.85%",-75,2.85,0
2026-08-11,2026-01-06,"3.10%",-50,3.1,0
2026-08-11,2026-01-06,"3.35%",-25,3.35,0.0103648635556725
2026-08-11,2026-01-06,"3.60%",0,3.6,0.115702870873498
2026-08-11,2026-01-06,"3.85%",25,3.85,0.381613413675908
2026-08-11,2026-01-06,"4.10%",50,4.1,0.378995146121624
2026-08-11,2026-01-06,"4.35%",75,4.35,0.113323705773298
2026-08-11,2026-01-06,"4.60%",100,4.6,0
2026-08-11,2026-01-06,"4.85%",125,4.85,0
2026-08-11,2026-01-06,"5.10%",150,5.1,0
2026-08-11,2026-01-06,"5.35%",175,5.35,0
2026-08-11,2026-01-06,"5.60%",200,5.6,0
2026-08-11,2026-01-06,"5.85%",225,5.85,0
2026-08-11,2026-01-06,"6.10%",250,6.1,0
2026-08-11,2026-01-07,"0.10%",-300,0.1,0
2026-08-11,2026-01-07,"0.35%",-300,0.35,0
2026-08-11,2026-01-07,"0.60%",-300,0.6,0
2026-08-11,2026-01-07,"0.85%",-275,0.85,0
2026-08-11,2026-01-07,"1.10%",-250,1.1,0
2026-08-11,2026-01-07,"1.35%",-225,1.35,0
2026-08-11,2026-01-07,"1.60%",-200,1.6,0
2026-08-11,2026-01-07,"1.85%",-175,1.85,0
2026-08-11,2026-01-07,"2.10%",-150,2.1,0
2026-08-11,2026-01-07,"2.35%",-125,2.35,0
2026-08-11,2026-01-07,"2.60%",-100,2.6,0
2026-08-11,2026-01-07,"2.85%",-75,2.85,0
2026-08-11,2026-01-07,"3.10%",-50,3.1,0
2026-08-11,2026-01-07,"3.35%",-25,3.35,0.012354980054879
2026-08-11,2026-01-07,"3.60%",0,3.6,0.169298702534525
2026-08-11,2026-01-07,"3.85%",25,3.85,0.482599704506955
2026-08-11,2026-01-07,"4.10%",50,4.1,0.297005516682727
2026-08-11,2026-01-07,"4.35%",75,4.35,0.038741096220914
2026-08-11,2026-01-07,"4.60%",100,4.6,0
2026-08-11,2026-01-07,"4.85%",125,4.85,0
2026-08-11,2026-01-07,"5.10%",150,5.1,0
2026-08-11,2026-01-07,"5.35%",175,5.35,0
2026-08-11,2026-01-07,"5.60%",200,5.6,0
2026-08-11,2026-01-07,"5.85%",225,5.85,0
2026-08-11,2026-01-07,"6.10%",250,6.1,0
2026-08-11,2026-01-08,"0.10%",-300,0.1,0
2026-08-11,2026-01-08,"0.35%",-300,0.35,0
2026-08-11,2026-01-08,"0.60%",-300,0.6,0
2026-08-11,2026-01-08,"0.85%",-275,0.85,0
2026-08-11,2026-01-08,"1.10%",-250,1.1,0
2026-08-11,2026-01-08,"1.35%",-225,1.35,0
2026-08-11,2026-01-08,"1.60%",-200,1.6,0
2026-08-11,2026-01-08,"1.85%",-175,1.85,0
2026-08-11,2026-01-08,"2.10%",-150,2.1,0
2026-08-11,2026-01-08,"2.35%",-125,2.35,0
2026-08-11,2026-01-08,"2.60%",-100,2.6,0
2026-08-11,2026-01-08,"2.85%",-75,2.85,0
2026-08-11,2026-01-08,"3.10%",-50,3.1,0
2026-08-11,2026-01-08,"3.35%",-25,3.35,0.0132216356992795
2026-08-11,2026-01-08,"3.60%",0,3.6,0.177303817607642
2026-08-11,2026-01-08,"3.85%",25,3.85,0.488122676933291
2026-08-11,2026-01-08,"4.10%",50,4.1,0.286307864772451
2026-08-11,2026-01-08,"4.35%",75,4.35,0.0350440049873362
2026-08-11,2026-01-08,"4.60%",100,4.6,0
2026-08-11,2026-01-08,"4.85%",125,4.85,0
2026-08-11,2026-01-08,"5.10%",150,5.1,0
2026-08-11,2026-01-08,"5.35%",175,5.35,0
2026-08-11,2026-01-08,"5.60%",200,5.6,0
2026-08-11,2026-01-08,"5.85%",225,5.85,0
2026-08-11,2026-01-08,"6.10%",250,6.1,0
2026-08-11,2026-01-09,"0.10%",-300,0.1,0
2026-08-11,2026-01-09,"0.35%",-300,0.35,0
2026-08-11,2026-01-09,"0.60%",-300,0.6,0
2026-08-11,2026-01-09,"0.85%",-275,0.85,0
2026-08-11,2026-01-09,"1.10%",-250,1.1,0
2026-08-11,2026-01-09,"1.35%",-225,1.35,0
2026-08-11,2026-01-09,"1.60%",-200,1.6,0
2026-08-11,2026-01-09,"1.85%",-175,1.85,0
2026-08-11,2026-01-09,"2.10%",-150,2.1,0
2026-08-11,2026-01-09,"2.35%",-125,2.35,0
2026-08-11,2026-01-09,"2.60%",-100,2.6,0
2026-08-11,2026-01-09,"2.85%",-75,2.85,0
2026-08-11,2026-01-09,"3.10%",-50,3.1,0
2026-08-11,2026-01-09,"3.35%",-25,3.35,0.0128240172302577
2026-08-11,2026-01-09,"3.60%",0,3.6,0.176052068965886
2026-08-11,2026-01-09,"3.85%",25,3.85,0.489712747835498
2026-08-11,2026-01-09,"4.10%",50,4.1,0.286795518837962
2026-08-11,2026-01-09,"4.35%",75,4.35,0.0346156471303958
2026-08-11,2026-01-09,"4.60%",100,4.6,0
2026-08-11,2026-01-09,"4.85%",125,4.85,0
2026-08-11,2026-01-09,"5.10%",150,5.1,0
2026-08-11,2026-01-09,"5.35%",175,5.35,0
2026-08-11,2026-01-09,"5.60%",200,5.6,0
2026-08-11,2026-01-09,"5.85%",225,5.85,0
2026-08-11,2026-01-09,"6.10%",250,6.1,0
2026-08-11,2026-01-10,"0.10%",-300,0.1,0
2026-08-11,2026-01-10,"0.35%",-300,0.35,0
2026-08-11,2026-01-10,"0.60%",-300,0.6,0
2026-08-11,2026-01-10,"0.85%",-275,0.85,0
2026-08-11,2026-01-10,"1.10%",-250,1.1,0
2026-08-11,2026-01-10,"1.35%",-225,1.35,0
2026-08-11,2026-01-10,"1.60%",-200,1.6,0
2026-08-11,2026-01-10,"1.85%",-175,1.85,0
2026-08-11,2026-01-10,"2.10%",-150,2.1,0
2026-08-11,2026-01-10,"2.35%",-125,2.35,0
2026-08-11,2026-01-10,"2.60%",-100,2.6,0
2026-08-11,2026-01-10,"2.85%",-75,2.85,0
2026-08-11,2026-01-10,"3.10%",-50,3.1,0
2026-08-11,2026-01-10,"3.35%",-25,3.35,0.013537926817933
2026-08-11,2026-01-10,"3.60%",0,3.6,0.177648624523708
2026-08-11,2026-01-10,"3.85%",25,3.85,0.485850717598945
2026-08-11,2026-01-10,"4.10%",50,4.1,0.287048490603839
2026-08-11,2026-01-10,"4.35%",75,4.35,0.0359142404555746
2026-08-11,2026-01-10,"4.60%",100,4.6,0
2026-08-11,2026-01-10,"4.85%",125,4.85,0
2026-08-11,2026-01-10,"5.10%",150,5.1,0
2026-08-11,2026-01-10,"5.35%",175,5.35,0
2026-08-11,2026-01-10,"5.60%",200,5.6,0
2026-08-11,2026-01-10,"5.85%",225,5.85,0
2026-08-11,2026-01-10,"6.10%",250,6.1,0
2026-08-11,2026-01-11,"0.10%",-300,0.1,0
2026-08-11,2026-01-11,"0.35%",-300,0.35,0
2026-08-11,2026-01-11,"0.60%",-300,0.6,0
2026-08-11,2026-01-11,"0.85%",-275,0.85,0
2026-08-11,2026-01-11,"1.10%",-250,1.1,0
2026-08-11,2026-01-11,"1.35%",-225,1.35,0
2026-08-11,2026-01-11,"1.60%",-200,1.6,0
2026-08-11,2026-01-11,"1.85%",-175,1.85,0
2026-08-11,2026-01-11,"2.10%",-150,2.1,0
2026-08-11,2026-01-11,"2.35%",-125,2.35,0
2026-08-11,2026-01-11,"2.60%",-100,2.6,0
2026-08-11,2026-01-11,"2.85%",-75,2.85,0
2026-08-11,2026-01-11,"3.10%",-50,3.1,0
2026-08-11,2026-01-11,"3.35%",-25,3.35,0.0150072053378054
2026-08-11,2026-01-11,"3.60%",0,3.6,0.184003667866009
2026-08-11,2026-01-11,"3.85%",25,3.85,0.483664948670083
2026-08-11,2026-01-11,"4.10%",50,4.1,0.281677418237174
2026-08-11,2026-01-11,"4.35%",75,4.35,0.0356467598889284
2026-08-11,2026-01-11,"4.60%",100,4.6,0
2026-08-11,2026-01-11,"4.85%",125,4.85,0
2026-08-11,2026-01-11,"5.10%",150,5.1,0
2026-08-11,2026-01-11,"5.35%",175,5.35,0
2026-08-11,2026-01-11,"5.60%",200,5.6,0
2026-08-11,2026-01-11,"5.85%",225,5.85,0
2026-08-11,2026-01-11,"6.10%",250,6.1,0
2026-08-11,2026-01-12,"0.10%",-300,0.1,0
2026-08-11,2026-01-12,"0.35%",-300,0.35,0
2026-08-11,2026-01-12,"0.60%",-300,0.6,0
2026-08-11,2026-01-12,"0.85%",-275,0.85,0
2026-08-11,2026-01-12,"1.10%",-250,1.1,0
2026-08-11,2026-01-12,"1.35%",-225,1.35,0
2026-08-11,2026-01-12,"1.60%",-200,1.6,0
2026-08-11,2026-01-12,"1.85%",-175,1.85,0
2026-08-11,2026-01-12,"2.10%",-150,2.1,0
2026-08-11,2026-01-12,"2.35%",-125,2.35,0
2026-08-11,2026-01-12,"2.60%",-100,2.6,0
2026-08-11,2026-01-12,"2.85%",-75,2.85,0
2026-08-11,2026-01-12,"3.10%",-50,3.1,0
2026-08-11,2026-01-12,"3.35%",-25,3.35,0.016838284876758
2026-08-11,2026-01-12,"3.60%",0,3.6,0.191845222186076
2026-08-11,2026-01-12,"3.85%",25,3.85,0.481719500914054
2026-08-11,2026-01-12,"4.10%",50,4.1,0.274696782118123
2026-08-11,2026-01-12,"4.35%",75,4.35,0.0349002099049881
2026-08-11,2026-01-12,"4.60%",100,4.6,0
2026-08-11,2026-01-12,"4.85%",125,4.85,0
2026-08-11,2026-01-12,"5.10%",150,5.1,0
2026-08-11,2026-01-12,"5.35%",175,5.35,0
2026-08-11,2026-01-12,"5.60%",200,5.6,0
2026-08-11,2026-01-12,"5.85%",225,5.85,0
2026-08-11,2026-01-12,"6.10%",250,6.1,0
2026-08-11,2026-01-13,"0.10%",-300,0.1,0
2026-08-11,2026-01-13,"0.35%",-300,0.35,0
2026-08-11,2026-01-13,"0.60%",-300,0.6,0
2026-08-11,2026-01-13,"0.85%",-275,0.85,0
2026-08-11,2026-01-13,"1.10%",-250,1.1,0
2026-08-11,2026-01-13,"1.35%",-225,1.35,0
2026-08-11,2026-01-13,"1.60%",-200,1.6,0
2026-08-11,2026-01-13,"1.85%",-175,1.85,0
2026-08-11,2026-01-13,"2.10%",-150,2.1,0
2026-08-11,2026-01-13,"2.35%",-125,2.35,0
2026-08-11,2026-01-13,"2.60%",-100,2.6,0
2026-08-11,2026-01-13,"2.85%",-75,2.85,0
2026-08-11,2026-01-13,"3.10%",-50,3.1,0
2026-08-11,2026-01-13,"3.35%",-25,3.35,0.0189560963372676
2026-08-11,2026-01-13,"3.60%",0,3.6,0.197829817701088
2026-08-11,2026-01-13,"3.85%",25,3.85,0.476063861411708
2026-08-11,2026-01-13,"4.10%",50,4.1,0.271208374647593
2026-08-11,2026-01-13,"4.35%",75,4.35,0.0359418499023439
2026-08-11,2026-01-13,"4.60%",100,4.6,0
2026-08-11,2026-01-13,"4.85%",125,4.85,0
2026-08-11,2026-01-13,"5.10%",150,5.1,0
2026-08-11,2026-01-13,"5.35%",175,5.35,0
2026-08-11,2026-01-13,"5.60%",200,5.6,0
2026-08-11,2026-01-13,"5.85%",225,5.85,0
2026-08-11,2026-01-13,"6.10%",250,6.1,0
2026-08-11,2026-01-14,"0.10%",-300,0.1,0
2026-08-11,2026-01-14,"0.35%",-300,0.35,0
2026-08-11,2026-01-14,"0.60%",-300,0.6,0
2026-08-11,2026-01-14,"0.85%",-275,0.85,0
2026-08-11,2026-01-14,"1.10%",-250,1.1,0
2026-08-11,2026-01-14,"1.35%",-225,1.35,0
2026-08-11,2026-01-14,"1.60%",-200,1.6,0
2026-08-11,2026-01-14,"1.85%",-175,1.85,0
2026-08-11,2026-01-14,"2.10%",-150,2.1,0
2026-08-11,2026-01-14,"2.35%",-125,2.35,0
2026-08-11,2026-01-14,"2.60%",-100,2.6,0
2026-08-11,2026-01-14,"2.85%",-75,2.85,0
2026-08-11,2026-01-14,"3.10%",-50,3.1,0
2026-08-11,2026-01-14,"3.35%",-25,3.35,0.033909589193354
2026-08-11,2026-01-14,"3.60%",0,3.6,0.230495397797927
2026-08-11,2026-01-14,"3.85%",25,3.85,0.44637232739958
2026-08-11,2026-01-14,"4.10%",50,4.1,0.249449709509804
2026-08-11,2026-01-14,"4.35%",75,4.35,0.0397729760993352
2026-08-11,2026-01-14,"4.60%",100,4.6,0
2026-08-11,2026-01-14,"4.85%",125,4.85,0
2026-08-11,2026-01-14,"5.10%",150,5.1,0
2026-08-11,2026-01-14,"5.35%",175,5.35,0
2026-08-11,2026-01-14,"5.60%",200,5.6,0
2026-08-11,2026-01-14,"5.85%",225,5.85,0
2026-08-11,2026-01-14,"6.10%",250,6.1,0
2026-08-11,2026-01-15,"0.10%",-300,0.1,0
2026-08-11,2026-01-15,"0.35%",-300,0.35,0
2026-08-11,2026-01-15,"0.60%",-300,0.6,0
2026-08-11,2026-01-15,"0.85%",-275,0.85,0
2026-08-11,2026-01-15,"1.10%",-250,1.1,0
2026-08-11,2026-01-15,"1.35%",-225,1.35,0
2026-08-11,2026-01-15,"1.60%",-200,1.6,0
2026-08-11,2026-01-15,"1.85%",-175,1.85,0
2026-08-11,2026-01-15,"2.10%",-150,2.1,0
2026-08-11,2026-01-15,"2.35%",-125,2.35,0
2026-08-11,2026-01-15,"2.60%",-100,2.6,0
2026-08-11,2026-01-15,"2.85%",-75,2.85,0
2026-08-11,2026-01-15,"3.10%",-50,3.1,0
2026-08-11,2026-01-15,"3.35%",-25,3.35,0.0208049006617568
2026-08-11,2026-01-15,"3.60%",0,3.6,0.20012532624211
2026-08-11,2026-01-15,"3.85%",25,3.85,0.468010470746294
2026-08-11,2026-01-15,"4.10%",50,4.1,0.272254328363317
2026-08-11,2026-01-15,"4.35%",75,4.35,0.0388049739865211
2026-08-11,2026-01-15,"4.60%",100,4.6,0
2026-08-11,2026-01-15,"4.85%",125,4.85,0
2026-08-11,2026-01-15,"5.10%",150,5.1,0
2026-08-11,2026-01-15,"5.35%",175,5.35,0
2026-08-11,2026-01-15,"5.60%",200,5.6,0
2026-08-11,2026-01-15,"5.85%",225,5.85,0
2026-08-11,2026-01-15,"6.10%",250,6.1,0
2026-08-11,2026-01-16,"0.10%",-300,0.1,0
2026-08-11,2026-01-16,"0.35%",-300,0.35,0
2026-08-11,2026-01-16,"0.60%",-300,0.6,0
2026-08-11,2026-01-16,"0.85%",-275,0.85,0
2026-08-11,2026-01-16,"1.10%",-250,1.1,0
2026-08-11,2026-01-16,"1.35%",-225,1.35,0
2026-08-11,2026-01-16,"1.60%",-200,1.6,0
2026-08-11,2026-01-16,"1.85%",-175,1.85,0
2026-08-11,2026-01-16,"2.10%",-150,2.1,0
2026-08-11,2026-01-16,"2.35%",-125,2.35,0
2026-08-11,2026-01-16,"2.60%",-100,2.6,0
2026-08-11,2026-01-16,"2.85%",-75,2.85,0
2026-08-11,2026-01-16,"3.10%",-50,3.1,0
2026-08-11,2026-01-16,"3.35%",-25,3.35,0.020931691315245
2026-08-11,2026-01-16,"3.60%",0,3.6,0.200291072077329
2026-08-11,2026-01-16,"3.85%",25,3.85,0.46750299339976
2026-08-11,2026-01-16,"4.10%",50,4.1,0.272289852363713
2026-08-11,2026-01-16,"4.35%",75,4.35,0.0389843908439531
2026-08-11,2026-01-16,"4.60%",100,4.6,0
2026-08-11,2026-01-16,"4.85%",125,4.85,0
2026-08-11,2026-01-16,"5.10%",150,5.1,0
2026-08-11,2026-01-16,"5.35%",175,5.35,0
2026-08-11,2026-01-16,"5.60%",200,5.6,0
2026-08-11,2026-01-16,"5.85%",225,5.85,0
2026-08-11,2026-01-16,"6.10%",250,6.1,0
2026-08-11,2026-01-17,"0.10%",-300,0.1,0
2026-08-11,2026-01-17,"0.35%",-300,0.35,0
2026-08-11,2026-01-17,"0.60%",-300,0.6,0
2026-08-11,2026-01-17,"0.85%",-275,0.85,0
2026-08-11,2026-01-17,"1.10%",-250,1.1,0
2026-08-11,2026-01-17,"1.35%",-225,1.35,0
2026-08-11,2026-01-17,"1.60%",-200,1.6,0
2026-08-11,2026-01-17,"1.85%",-175,1.85,0
2026-08-11,2026-01-17,"2.10%",-150,2.1,0
2026-08-11,2026-01-17,"2.35%",-125,2.35,0
2026-08-11,2026-01-17,"2.60%",-100,2.6,0
2026-08-11,2026-01-17,"2.85%",-75,2.85,0
2026-08-11,2026-01-17,"3.10%",-50,3.1,0
2026-08-11,2026-01-17,"3.35%",-25,3.35,0.021308754444529
2026-08-11,2026-01-17,"3.60%",0,3.6,0.200776859135762
2026-08-11,2026-01-17,"3.85%",25,3.85,0.466007145529405
2026-08-11,2026-01-17,"4.10%",50,4.1,0.272390900297204
2026-08-11,2026-01-17,"4.35%",75,4.35,0.0395163405930995
2026-08-11,2026-01-17,"4.60%",100,4.6,0
2026-08-11,2026-01-17,"4.85%",125,4.85,0
2026-08-11,2026-01-17,"5.10%",150,5.1,0
2026-08-11,2026-01-17,"5.35%",175,5.35,0
2026-08-11,2026-01-17,"5.60%",200,5.6,0
2026-08-11,2026-01-17,"5.85%",225,5.85,0
2026-08-11,2026-01-17,"6.10%",250,6.1,0
2026-08-11,2026-01-18,"0.10%",-300,0.1,0
2026-08-11,2026-01-18,"0.35%",-300,0.35,0
2026-08-11,2026-01-18,"0.60%",-300,0.6,0
2026-08-11,2026-01-18,"0.85%",-275,0.85,0
2026-08-11,2026-01-18,"1.10%",-250,1.1,0
2026-08-11,2026-01-18,"1.35%",-225,1.35,0
2026-08-11,2026-01-18,"1.60%",-200,1.6,0
2026-08-11,2026-01-18,"1.85%",-175,1.85,0
2026-08-11,2026-01-18,"2.10%",-150,2.1,0
2026-08-11,2026-01-18,"2.35%",-125,2.35,0
2026-08-11,2026-01-18,"2.60%",-100,2.6,0
2026-08-11,2026-01-18,"2.85%",-75,2.85,0
2026-08-11,2026-01-18,"3.10%",-50,3.1,0
2026-08-11,2026-01-18,"3.35%",-25,3.35,0.0180400782644883
2026-08-11,2026-01-18,"3.60%",0,3.6,0.182686057091599
2026-08-11,2026-01-18,"3.85%",25,3.85,0.459130297110013
2026-08-11,2026-01-18,"4.10%",50,4.1,0.293156870587703
2026-08-11,2026-01-18,"4.35%",75,4.35,0.0469866969461961
2026-08-11,2026-01-18,"4.60%",100,4.6,0
2026-08-11,2026-01-18,"4.85%",125,4.85,0
2026-08-11,2026-01-18,"5.10%",150,5.1,0
2026-08-11,2026-01-18,"5.35%",175,5.35,0
2026-08-11,2026-01-18,"5.60%",200,5.6,0
2026-08-11,2026-01-18,"5.85%",225,5.85,0
2026-08-11,2026-01-18,"6.10%",250,6.1,0
2026-08-11,2026-01-19,"0.10%",-300,0.1,0
2026-08-11,2026-01-19,"0.35%",-300,0.35,0
2026-08-11,2026-01-19,"0.60%",-300,0.6,0
2026-08-11,2026-01-19,"0.85%",-275,0.85,0
2026-08-11,2026-01-19,"1.10%",-250,1.1,0
2026-08-11,2026-01-19,"1.35%",-225,1.35,0
2026-08-11,2026-01-19,"1.60%",-200,1.6,0
2026-08-11,2026-01-19,"1.85%",-175,1.85,0
2026-08-11,2026-01-19,"2.10%",-150,2.1,0
2026-08-11,2026-01-19,"2.35%",-125,2.35,0
2026-08-11,2026-01-19,"2.60%",-100,2.6,0
2026-08-11,2026-01-19,"2.85%",-75,2.85,0
2026-08-11,2026-01-19,"3.10%",-50,3.1,0
2026-08-11,2026-01-19,"3.35%",-25,3.35,0.0119172916769249
2026-08-11,2026-01-19,"3.60%",0,3.6,0.144640150555126
2026-08-11,2026-01-19,"3.85%",25,3.85,0.437627415128521
2026-08-11,2026-01-19,"4.10%",50,4.1,0.339023661097208
2026-08-11,2026-01-19,"4.35%",75,4.35,0.0667914815422195
2026-08-11,2026-01-19,"4.60%",100,4.6,0
2026-08-11,2026-01-19,"4.85%",125,4.85,0
2026-08-11,2026-01-19,"5.10%",150,5.1,0
2026-08-11,2026-01-19,"5.35%",175,5.35,0
2026-08-11,2026-01-19,"5.60%",200,5.6,0
2026-08-11,2026-01-19,"5.85%",225,5.85,0
2026-08-11,2026-01-19,"6.10%",250,6.1,0
2026-08-11,2026-01-20,"0.10%",-300,0.1,0
2026-08-11,2026-01-20,"0.35%",-300,0.35,0
2026-08-11,2026-01-20,"0.60%",-300,0.6,0
2026-08-11,2026-01-20,"0.85%",-275,0.85,0
2026-08-11,2026-01-20,"1.10%",-250,1.1,0
2026-08-11,2026-01-20,"1.35%",-225,1.35,0
2026-08-11,2026-01-20,"1.60%",-200,1.6,0
2026-08-11,2026-01-20,"1.85%",-175,1.85,0
2026-08-11,2026-01-20,"2.10%",-150,2.1,0
2026-08-11,2026-01-20,"2.35%",-125,2.35,0
2026-08-11,2026-01-20,"2.60%",-100,2.6,0
2026-08-11,2026-01-20,"2.85%",-75,2.85,0
2026-08-11,2026-01-20,"3.10%",-50,3.1,0
2026-08-11,2026-01-20,"3.35%",-25,3.35,0.0123005176448823
2026-08-11,2026-01-20,"3.60%",0,3.6,0.171486640642096
2026-08-11,2026-01-20,"3.85%",25,3.85,0.486969463306925
2026-08-11,2026-01-20,"4.10%",50,4.1,0.292733375611499
2026-08-11,2026-01-20,"4.35%",75,4.35,0.0365100027945971
2026-08-11,2026-01-20,"4.60%",100,4.6,0
2026-08-11,2026-01-20,"4.85%",125,4.85,0
2026-08-11,2026-01-20,"5.10%",150,5.1,0
2026-08-11,2026-01-20,"5.35%",175,5.35,0
2026-08-11,2026-01-20,"5.60%",200,5.6,0
2026-08-11,2026-01-20,"5.85%",225,5.85,0
2026-08-11,2026-01-20,"6.10%",250,6.1,0
2026-08-11,2026-01-21,"0.10%",-300,0.1,0
2026-08-11,2026-01-21,"0.35%",-300,0.35,0
2026-08-11,2026-01-21,"0.60%",-300,0.6,0
2026-08-11,2026-01-21,"0.85%",-275,0.85,0
2026-08-11,2026-01-21,"1.10%",-250,1.1,0
2026-08-11,2026-01-21,"1.35%",-225,1.35,0
2026-08-11,2026-01-21,"1.60%",-200,1.6,0
2026-08-11,2026-01-21,"1.85%",-175,1.85,0
2026-08-11,2026-01-21,"2.10%",-150,2.1,0
2026-08-11,2026-01-21,"2.35%",-125,2.35,0
2026-08-11,2026-01-21,"2.60%",-100,2.6,0
2026-08-11,2026-01-21,"2.85%",-75,2.85,0
2026-08-11,2026-01-21,"3.10%",-50,3.1,0
2026-08-11,2026-01-21,"3.35%",-25,3.35,0
2026-08-11,2026-01-21,"3.60%",0,3.6,0.0500625285913236
2026-08-11,2026-01-21,"3.85%",25,3.85,0.371214346260044
2026-08-11,2026-01-21,"4.10%",50,4.1,0.473419801379849
2026-08-11,2026-01-21,"4.35%",75,4.35,0.105303323768783
2026-08-11,2026-01-21,"4.60%",100,4.6,0
2026-08-11,2026-01-21,"4.85%",125,4.85,0
2026-08-11,2026-01-21,"5.10%",150,5.1,0
2026-08-11,2026-01-21,"5.35%",175,5.35,0
2026-08-11,2026-01-21,"5.60%",200,5.6,0
2026-08-11,2026-01-21,"5.85%",225,5.85,0
2026-08-11,2026-01-21,"6.10%",250,6.1,0
2026-08-11,2026-01-22,"0.10%",-300,0.1,0
2026-08-11,2026-01-22,"0.35%",-300,0.35,0
2026-08-11,2026-01-22,"0.60%",-300,0.6,0
2026-08-11,2026-01-22,"0.85%",-275,0.85,0
2026-08-11,2026-01-22,"1.10%",-250,1.1,0
2026-08-11,2026-01-22,"1.35%",-225,1.35,0
2026-08-11,2026-01-22,"1.60%",-200,1.6,0
2026-08-11,2026-01-22,"1.85%",-175,1.85,0
2026-08-11,2026-01-22,"2.10%",-150,2.1,0
2026-08-11,2026-01-22,"2.35%",-125,2.35,0
2026-08-11,2026-01-22,"2.60%",-100,2.6,0
2026-08-11,2026-01-22,"2.85%",-75,2.85,0
2026-08-11,2026-01-22,"3.10%",-50,3.1,0
2026-08-11,2026-01-22,"3.35%",-25,3.35,0
2026-08-11,2026-01-22,"3.60%",0,3.6,0.0396466217303628
2026-08-11,2026-01-22,"3.85%",25,3.85,0.33098196787098
2026-08-11,2026-01-22,"4.10%",50,4.1,0.494406677810357
2026-08-11,2026-01-22,"4.35%",75,4.35,0.1349647325883
2026-08-11,2026-01-22,"4.60%",100,4.6,0
2026-08-11,2026-01-22,"4.85%",125,4.85,0
2026-08-11,2026-01-22,"5.10%",150,5.1,0
2026-08-11,2026-01-22,"5.35%",175,5.35,0
2026-08-11,2026-01-22,"5.60%",200,5.6,0
2026-08-11,2026-01-22,"5.85%",225,5.85,0
2026-08-11,2026-01-22,"6.10%",250,6.1,0
2026-08-11,2026-01-23,"0.10%",-300,0.1,0
2026-08-11,2026-01-23,"0.35%",-300,0.35,0
2026-08-11,2026-01-23,"0.60%",-300,0.6,0
2026-08-11,2026-01-23,"0.85%",-275,0.85,0
2026-08-11,2026-01-23,"1.10%",-250,1.1,0
2026-08-11,2026-01-23,"1.35%",-225,1.35,0
2026-08-11,2026-01-23,"1.60%",-200,1.6,0
2026-08-11,2026-01-23,"1.85%",-175,1.85,0
2026-08-11,2026-01-23,"2.10%",-150,2.1,0
2026-08-11,2026-01-23,"2.35%",-125,2.35,0
2026-08-11,2026-01-23,"2.60%",-100,2.6,0
2026-08-11,2026-01-23,"2.85%",-75,2.85,0
2026-08-11,2026-01-23,"3.10%",-50,3.1,0
2026-08-11,2026-01-23,"3.35%",-25,3.35,0
2026-08-11,2026-01-23,"3.60%",0,3.6,0.046947398441125
2026-08-11,2026-01-23,"3.85%",25,3.85,0.329639754458739
2026-08-11,2026-01-23,"4.10%",50,4.1,0.478048746648411
2026-08-11,2026-01-23,"4.35%",75,4.35,0.145364100451725
2026-08-11,2026-01-23,"4.60%",100,4.6,0
2026-08-11,2026-01-23,"4.85%",125,4.85,0
2026-08-11,2026-01-23,"5.10%",150,5.1,0
2026-08-11,2026-01-23,"5.35%",175,5.35,0
2026-08-11,2026-01-23,"5.60%",200,5.6,0
2026-08-11,2026-01-23,"5.85%",225,5.85,0
2026-08-11,2026-01-23,"6.10%",250,6.1,0
2026-08-11,2026-01-24,"0.10%",-300,0.1,0
2026-08-11,2026-01-24,"0.35%",-300,0.35,0
2026-08-11,2026-01-24,"0.60%",-300,0.6,0
2026-08-11,2026-01-24,"0.85%",-275,0.85,0
2026-08-11,2026-01-24,"1.10%",-250,1.1,0
2026-08-11,2026-01-24,"1.35%",-225,1.35,0
2026-08-11,2026-01-24,"1.60%",-200,1.6,0
2026-08-11,2026-01-24,"1.85%",-175,1.85,0
2026-08-11,2026-01-24,"2.10%",-150,2.1,0
2026-08-11,2026-01-24,"2.35%",-125,2.35,0
2026-08-11,2026-01-24,"2.60%",-100,2.6,0
2026-08-11,2026-01-24,"2.85%",-75,2.85,0
2026-08-11,2026-01-24,"3.10%",-50,3.1,0
2026-08-11,2026-01-24,"3.35%",-25,3.35,0
2026-08-11,2026-01-24,"3.60%",0,3.6,0.0502697931455887
2026-08-11,2026-01-24,"3.85%",25,3.85,0.325693789162121
2026-08-11,2026-01-24,"4.10%",50,4.1,0.465339736159843
2026-08-11,2026-01-24,"4.35%",75,4.35,0.148497324893698
2026-08-11,2026-01-24,"4.60%",100,4.6,0.0101993566387491
2026-08-11,2026-01-24,"4.85%",125,4.85,0
2026-08-11,2026-01-24,"5.10%",150,5.1,0
2026-08-11,2026-01-24,"5.35%",175,5.35,0
2026-08-11,2026-01-24,"5.60%",200,5.6,0
2026-08-11,2026-01-24,"5.85%",225,5.85,0
2026-08-11,2026-01-24,"6.10%",250,6.1,0
