"meeting_date","scrape_date","move","diff_bps","bucket_rate","probability"
2026-02-03,2024-09-02,"0.10%",-300,0.1,0
2026-02-03,2024-09-02,"0.35%",-300,0.35,0
2026-02-03,2024-09-02,"0.60%",-300,0.6,0
2026-02-03,2024-09-02,"0.85%",-275,0.85,0
2026-02-03,2024-09-02,"1.10%",-250,1.1,0
2026-02-03,2024-09-02,"1.35%",-225,1.35,0
2026-02-03,2024-09-02,"1.60%",-200,1.6,0
2026-02-03,2024-09-02,"1.85%",-175,1.85,0
2026-02-03,2024-09-02,"2.10%",-150,2.1,0.0197647813260265
2026-02-03,2024-09-02,"2.35%",-125,2.35,0.0426945476066683
2026-02-03,2024-09-02,"2.60%",-100,2.6,0.0777479255644749
2026-02-03,2024-09-02,"2.85%",-75,2.85,0.119358156522091
2026-02-03,2024-09-02,"3.10%",-50,3.1,0.154479268289873
2026-02-03,2024-09-02,"3.35%",-25,3.35,0.168557436950897
2026-02-03,2024-09-02,"3.60%",0,3.6,0.155055394627826
2026-02-03,2024-09-02,"3.85%",25,3.85,0.120250122107363
2026-02-03,2024-09-02,"4.10%",50,4.1,0.0786211004867709
2026-02-03,2024-09-02,"4.35%",75,4.35,0.0433351011008762
2026-02-03,2024-09-02,"4.60%",100,4.6,0.0201361654171331
2026-02-03,2024-09-02,"4.85%",125,4.85,0
2026-02-03,2024-09-02,"5.10%",150,5.1,0
2026-02-03,2024-09-02,"5.35%",175,5.35,0
2026-02-03,2024-09-02,"5.60%",200,5.6,0
2026-02-03,2024-09-02,"5.85%",225,5.85,0
2026-02-03,2024-09-02,"6.10%",250,6.1,0
2026-02-03,2024-09-03,"0.10%",-300,0.1,0
2026-02-03,2024-09-03,"0.35%",-300,0.35,0
2026-02-03,2024-09-03,"0.60%",-300,0.6,0
2026-02-03,2024-09-03,"0.85%",-275,0.85,0
2026-02-03,2024-09-03,"1.10%",-250,1.1,0
2026-02-03,2024-09-03,"1.35%",-225,1.35,0
2026-02-03,2024-09-03,"1.60%",-200,1.6,0
2026-02-03,2024-09-03,"1.85%",-175,1.85,0
2026-02-03,2024-09-03,"2.10%",-150,2.1,0.0175083332801286
2026-02-03,2024-09-03,"2.35%",-125,2.35,0.0405063009921837
2026-02-03,2024-09-03,"2.60%",-100,2.6,0.0776032931304828
2026-02-03,2024-09-03,"2.85%",-75,2.85,0.123121365024386
2026-02-03,2024-09-03,"3.10%",-50,3.1,0.161768475131503
2026-02-03,2024-09-03,"3.35%",-25,3.35,0.176022601760992
2026-02-03,2024-09-03,"3.60%",0,3.6,0.158620455491322
2026-02-03,2024-09-03,"3.85%",25,3.85,0.118375963472763
2026-02-03,2024-09-03,"4.10%",50,4.1,0.0731600637255004
2026-02-03,2024-09-03,"4.35%",75,4.35,0.0374437098936818
2026-02-03,2024-09-03,"4.60%",100,4.6,0.0158694380970568
2026-02-03,2024-09-03,"4.85%",125,4.85,0
2026-02-03,2024-09-03,"5.10%",150,5.1,0
2026-02-03,2024-09-03,"5.35%",175,5.35,0
2026-02-03,2024-09-03,"5.60%",200,5.6,0
2026-02-03,2024-09-03,"5.85%",225,5.85,0
2026-02-03,2024-09-03,"6.10%",250,6.1,0
2026-02-03,2024-09-04,"0.10%",-300,0.1,0
2026-02-03,2024-09-04,"0.35%",-300,0.35,0
2026-02-03,2024-09-04,"0.60%",-300,0.6,0
2026-02-03,2024-09-04,"0.85%",-275,0.85,0
2026-02-03,2024-09-04,"1.10%",-250,1.1,0
2026-02-03,2024-09-04,"1.35%",-225,1.35,0
2026-02-03,2024-09-04,"1.60%",-200,1.6,0
2026-02-03,2024-09-04,"1.85%",-175,1.85,0
2026-02-03,2024-09-04,"2.10%",-150,2.1,0.016048621912302
2026-02-03,2024-09-04,"2.35%",-125,2.35,0.040987353126468
2026-02-03,2024-09-04,"2.60%",-100,2.6,0.083851164218722
2026-02-03,2024-09-04,"2.85%",-75,2.85,0.137418093267946
2026-02-03,2024-09-04,"3.10%",-50,3.1,0.180415745766807
2026-02-03,2024-09-04,"3.35%",-25,3.35,0.189763152582319
2026-02-03,2024-09-04,"3.60%",0,3.6,0.159903644060927
2026-02-03,2024-09-04,"3.85%",25,3.85,0.107946054159462
2026-02-03,2024-09-04,"4.10%",50,4.1,0.0583768979894527
2026-02-03,2024-09-04,"4.35%",75,4.35,0.0252892729155942
2026-02-03,2024-09-04,"4.60%",100,4.6,0
2026-02-03,2024-09-04,"4.85%",125,4.85,0
2026-02-03,2024-09-04,"5.10%",150,5.1,0
2026-02-03,2024-09-04,"5.35%",175,5.35,0
2026-02-03,2024-09-04,"5.60%",200,5.6,0
2026-02-03,2024-09-04,"5.85%",225,5.85,0
2026-02-03,2024-09-04,"6.10%",250,6.1,0
2026-02-03,2024-09-05,"0.10%",-300,0.1,0
2026-02-03,2024-09-05,"0.35%",-300,0.35,0
2026-02-03,2024-09-05,"0.60%",-300,0.6,0
2026-02-03,2024-09-05,"0.85%",-275,0.85,0
2026-02-03,2024-09-05,"1.10%",-250,1.1,0
2026-02-03,2024-09-05,"1.35%",-225,1.35,0
2026-02-03,2024-09-05,"1.60%",-200,1.6,0
2026-02-03,2024-09-05,"1.85%",-175,1.85,0
2026-02-03,2024-09-05,"2.10%",-150,2.1,0.0236292859340515
2026-02-03,2024-09-05,"2.35%",-125,2.35,0.0511987493230412
2026-02-03,2024-09-05,"2.60%",-100,2.6,0.0919899690806118
2026-02-03,2024-09-05,"2.85%",-75,2.85,0.137059166839279
2026-02-03,2024-09-05,"3.10%",-50,3.1,0.169344834320914
2026-02-03,2024-09-05,"3.35%",-25,3.35,0.173515108156269
2026-02-03,2024-09-05,"3.60%",0,3.6,0.14743639925104
2026-02-03,2024-09-05,"3.85%",25,3.85,0.1038891484786
2026-02-03,2024-09-05,"4.10%",50,4.1,0.0607050911645052
2026-02-03,2024-09-05,"4.35%",75,4.35,0.0294141627754999
2026-02-03,2024-09-05,"4.60%",100,4.6,0.0118180846761881
2026-02-03,2024-09-05,"4.85%",125,4.85,0
2026-02-03,2024-09-05,"5.10%",150,5.1,0
2026-02-03,2024-09-05,"5.35%",175,5.35,0
2026-02-03,2024-09-05,"5.60%",200,5.6,0
2026-02-03,2024-09-05,"5.85%",225,5.85,0
2026-02-03,2024-09-05,"6.10%",250,6.1,0
2026-02-03,2024-09-06,"0.10%",-300,0.1,0
2026-02-03,2024-09-06,"0.35%",-300,0.35,0
2026-02-03,2024-09-06,"0.60%",-300,0.6,0
2026-02-03,2024-09-06,"0.85%",-275,0.85,0
2026-02-03,2024-09-06,"1.10%",-250,1.1,0
2026-02-03,2024-09-06,"1.35%",-225,1.35,0
2026-02-03,2024-09-06,"1.60%",-200,1.6,0
2026-02-03,2024-09-06,"1.85%",-175,1.85,0.0133852444860598
2026-02-03,2024-09-06,"2.10%",-150,2.1,0.0311455196538793
2026-02-03,2024-09-06,"2.35%",-125,2.35,0.061057984282481
2026-02-03,2024-09-06,"2.60%",-100,2.6,0.100850773935843
2026-02-03,2024-09-06,"2.85%",-75,2.85,0.14035090097195
2026-02-03,2024-09-06,"3.10%",-50,3.1,0.16457223647758
2026-02-03,2024-09-06,"3.35%",-25,3.35,0.162594683378153
2026-02-03,2024-09-06,"3.60%",0,3.6,0.135351877651072
2026-02-03,2024-09-06,"3.85%",25,3.85,0.0949351285002809
2026-02-03,2024-09-06,"4.10%",50,4.1,0.056103204689464
2026-02-03,2024-09-06,"4.35%",75,4.35,0.0279342316783645
2026-02-03,2024-09-06,"4.60%",100,4.6,0.0117182142948711
2026-02-03,2024-09-06,"4.85%",125,4.85,0
2026-02-03,2024-09-06,"5.10%",150,5.1,0
2026-02-03,2024-09-06,"5.35%",175,5.35,0
2026-02-03,2024-09-06,"5.60%",200,5.6,0
2026-02-03,2024-09-06,"5.85%",225,5.85,0
2026-02-03,2024-09-06,"6.10%",250,6.1,0
2026-02-03,2024-09-09,"0.10%",-300,0.1,0
2026-02-03,2024-09-09,"0.35%",-300,0.35,0
2026-02-03,2024-09-09,"0.60%",-300,0.6,0
2026-02-03,2024-09-09,"0.85%",-275,0.85,0
2026-02-03,2024-09-09,"1.10%",-250,1.1,0
2026-02-03,2024-09-09,"1.35%",-225,1.35,0
2026-02-03,2024-09-09,"1.60%",-200,1.6,0
2026-02-03,2024-09-09,"1.85%",-175,1.85,0.0143905622040464
2026-02-03,2024-09-09,"2.10%",-150,2.1,0.0316228296319151
2026-02-03,2024-09-09,"2.35%",-125,2.35,0.059492524486673
2026-02-03,2024-09-09,"2.60%",-100,2.6,0.0958233540085882
2026-02-03,2024-09-09,"2.85%",-75,2.85,0.132139972751958
2026-02-03,2024-09-09,"3.10%",-50,3.1,0.156011068038329
2026-02-03,2024-09-09,"3.35%",-25,3.35,0.157702031178127
2026-02-03,2024-09-09,"3.60%",0,3.6,0.136483451074838
2026-02-03,2024-09-09,"3.85%",25,3.85,0.10113034957868
2026-02-03,2024-09-09,"4.10%",50,4.1,0.0641560541178633
2026-02-03,2024-09-09,"4.35%",75,4.35,0.0348451322859935
2026-02-03,2024-09-09,"4.60%",100,4.6,0.016202670642988
2026-02-03,2024-09-09,"4.85%",125,4.85,0
2026-02-03,2024-09-09,"5.10%",150,5.1,0
2026-02-03,2024-09-09,"5.35%",175,5.35,0
2026-02-03,2024-09-09,"5.60%",200,5.6,0
2026-02-03,2024-09-09,"5.85%",225,5.85,0
2026-02-03,2024-09-09,"6.10%",250,6.1,0
2026-02-03,2024-09-10,"0.10%",-300,0.1,0
2026-02-03,2024-09-10,"0.35%",-300,0.35,0
2026-02-03,2024-09-10,"0.60%",-300,0.6,0
2026-02-03,2024-09-10,"0.85%",-275,0.85,0
2026-02-03,2024-09-10,"1.10%",-250,1.1,0
2026-02-03,2024-09-10,"1.35%",-225,1.35,0
2026-02-03,2024-09-10,"1.60%",-200,1.6,0
2026-02-03,2024-09-10,"1.85%",-175,1.85,0
2026-02-03,2024-09-10,"2.10%",-150,2.1,0.0240870852545126
2026-02-03,2024-09-10,"2.35%",-125,2.35,0.055234622710742
2026-02-03,2024-09-10,"2.60%",-100,2.6,0.102310688514915
2026-02-03,2024-09-10,"2.85%",-75,2.85,0.153085893219062
2026-02-03,2024-09-10,"3.10%",-50,3.1,0.185041259407736
2026-02-03,2024-09-10,"3.35%",-25,3.35,0.180687536888824
2026-02-03,2024-09-10,"3.60%",0,3.6,0.142532256072284
2026-02-03,2024-09-10,"3.85%",25,3.85,0.0908269520606776
2026-02-03,2024-09-10,"4.10%",50,4.1,0.0467537629863308
2026-02-03,2024-09-10,"4.35%",75,4.35,0.0194399428849157
2026-02-03,2024-09-10,"4.60%",100,4.6,0
2026-02-03,2024-09-10,"4.85%",125,4.85,0
2026-02-03,2024-09-10,"5.10%",150,5.1,0
2026-02-03,2024-09-10,"5.35%",175,5.35,0
2026-02-03,2024-09-10,"5.60%",200,5.6,0
2026-02-03,2024-09-10,"5.85%",225,5.85,0
2026-02-03,2024-09-10,"6.10%",250,6.1,0
2026-02-03,2024-09-11,"0.10%",-300,0.1,0
2026-02-03,2024-09-11,"0.35%",-300,0.35,0
2026-02-03,2024-09-11,"0.60%",-300,0.6,0
2026-02-03,2024-09-11,"0.85%",-275,0.85,0
2026-02-03,2024-09-11,"1.10%",-250,1.1,0
2026-02-03,2024-09-11,"1.35%",-225,1.35,0
2026-02-03,2024-09-11,"1.60%",-200,1.6,0
2026-02-03,2024-09-11,"1.85%",-175,1.85,0.0180764488332237
2026-02-03,2024-09-11,"2.10%",-150,2.1,0.0399668894454132
2026-02-03,2024-09-11,"2.35%",-125,2.35,0.0743298788704388
2026-02-03,2024-09-11,"2.60%",-100,2.6,0.116282419182865
2026-02-03,2024-09-11,"2.85%",-75,2.85,0.153024449118089
2026-02-03,2024-09-11,"3.10%",-50,3.1,0.169398296604219
2026-02-03,2024-09-11,"3.35%",-25,3.35,0.157746843987412
2026-02-03,2024-09-11,"3.60%",0,3.6,0.123570373141132
2026-02-03,2024-09-11,"3.85%",25,3.85,0.0814264204117395
2026-02-03,2024-09-11,"4.10%",50,4.1,0.0451341870532967
2026-02-03,2024-09-11,"4.35%",75,4.35,0.0210437933521713
2026-02-03,2024-09-11,"4.60%",100,4.6,0
2026-02-03,2024-09-11,"4.85%",125,4.85,0
2026-02-03,2024-09-11,"5.10%",150,5.1,0
2026-02-03,2024-09-11,"5.35%",175,5.35,0
2026-02-03,2024-09-11,"5.60%",200,5.6,0
2026-02-03,2024-09-11,"5.85%",225,5.85,0
2026-02-03,2024-09-11,"6.10%",250,6.1,0
2026-02-03,2024-09-12,"0.10%",-300,0.1,0
2026-02-03,2024-09-12,"0.35%",-300,0.35,0
2026-02-03,2024-09-12,"0.60%",-300,0.6,0
2026-02-03,2024-09-12,"0.85%",-275,0.85,0
2026-02-03,2024-09-12,"1.10%",-250,1.1,0
2026-02-03,2024-09-12,"1.35%",-225,1.35,0
2026-02-03,2024-09-12,"1.60%",-200,1.6,0
2026-02-03,2024-09-12,"1.85%",-175,1.85,0.0106633942757788
2026-02-03,2024-09-12,"2.10%",-150,2.1,0.0289956959124344
2026-02-03,2024-09-12,"2.35%",-125,2.35,0.0636344390219005
2026-02-03,2024-09-12,"2.60%",-100,2.6,0.112719601215774
2026-02-03,2024-09-12,"2.85%",-75,2.85,0.161166955404129
2026-02-03,2024-09-12,"3.10%",-50,3.1,0.186009492801731
2026-02-03,2024-09-12,"3.35%",-25,3.35,0.173293434365551
2026-02-03,2024-09-12,"3.60%",0,3.6,0.130320986541746
2026-02-03,2024-09-12,"3.85%",25,3.85,0.0791081605799328
2026-02-03,2024-09-12,"4.10%",50,4.1,0.0387600761856969
2026-02-03,2024-09-12,"4.35%",75,4.35,0.0153277636953261
2026-02-03,2024-09-12,"4.60%",100,4.6,0
2026-02-03,2024-09-12,"4.85%",125,4.85,0
2026-02-03,2024-09-12,"5.10%",150,5.1,0
2026-02-03,2024-09-12,"5.35%",175,5.35,0
2026-02-03,2024-09-12,"5.60%",200,5.6,0
2026-02-03,2024-09-12,"5.85%",225,5.85,0
2026-02-03,2024-09-12,"6.10%",250,6.1,0
2026-02-03,2024-09-13,"0.10%",-300,0.1,0
2026-02-03,2024-09-13,"0.35%",-300,0.35,0
2026-02-03,2024-09-13,"0.60%",-300,0.6,0
2026-02-03,2024-09-13,"0.85%",-275,0.85,0
2026-02-03,2024-09-13,"1.10%",-250,1.1,0
2026-02-03,2024-09-13,"1.35%",-225,1.35,0
2026-02-03,2024-09-13,"1.60%",-200,1.6,0
2026-02-03,2024-09-13,"1.85%",-175,1.85,0.0224796106179139
2026-02-03,2024-09-13,"2.10%",-150,2.1,0.047197073350537
2026-02-03,2024-09-13,"2.35%",-125,2.35,0.0836188550721275
2026-02-03,2024-09-13,"2.60%",-100,2.6,0.125016253618347
2026-02-03,2024-09-13,"2.85%",-75,2.85,0.157728134151054
2026-02-03,2024-09-13,"3.10%",-50,3.1,0.167933188265136
2026-02-03,2024-09-13,"3.35%",-25,3.35,0.150886274660261
2026-02-03,2024-09-13,"3.60%",0,3.6,0.114405474268118
2026-02-03,2024-09-13,"3.85%",25,3.85,0.073201954945869
2026-02-03,2024-09-13,"4.10%",50,4.1,0.0395247625651057
2026-02-03,2024-09-13,"4.35%",75,4.35,0.018008418485531
2026-02-03,2024-09-13,"4.60%",100,4.6,0
2026-02-03,2024-09-13,"4.85%",125,4.85,0
2026-02-03,2024-09-13,"5.10%",150,5.1,0
2026-02-03,2024-09-13,"5.35%",175,5.35,0
2026-02-03,2024-09-13,"5.60%",200,5.6,0
2026-02-03,2024-09-13,"5.85%",225,5.85,0
2026-02-03,2024-09-13,"6.10%",250,6.1,0
2026-02-03,2024-09-16,"0.10%",-300,0.1,0
2026-02-03,2024-09-16,"0.35%",-300,0.35,0
2026-02-03,2024-09-16,"0.60%",-300,0.6,0
2026-02-03,2024-09-16,"0.85%",-275,0.85,0
2026-02-03,2024-09-16,"1.10%",-250,1.1,0
2026-02-03,2024-09-16,"1.35%",-225,1.35,0
2026-02-03,2024-09-16,"1.60%",-200,1.6,0.0105460370250371
2026-02-03,2024-09-16,"1.85%",-175,1.85,0.0253739641001742
2026-02-03,2024-09-16,"2.10%",-150,2.1,0.0516097267952116
2026-02-03,2024-09-16,"2.35%",-125,2.35,0.0887423965826222
2026-02-03,2024-09-16,"2.60%",-100,2.6,0.129002025465287
2026-02-03,2024-09-16,"2.85%",-75,2.85,0.158538329236576
2026-02-03,2024-09-16,"3.10%",-50,3.1,0.164720653434577
2026-02-03,2024-09-16,"3.35%",-25,3.35,0.144690010681604
2026-02-03,2024-09-16,"3.60%",0,3.6,0.107449264598163
2026-02-03,2024-09-16,"3.85%",25,3.85,0.067458625785586
2026-02-03,2024-09-16,"4.10%",50,4.1,0.0358040807311207
2026-02-03,2024-09-16,"4.35%",75,4.35,0.0160648855640416
2026-02-03,2024-09-16,"4.60%",100,4.6,0
2026-02-03,2024-09-16,"4.85%",125,4.85,0
2026-02-03,2024-09-16,"5.10%",150,5.1,0
2026-02-03,2024-09-16,"5.35%",175,5.35,0
2026-02-03,2024-09-16,"5.60%",200,5.6,0
2026-02-03,2024-09-16,"5.85%",225,5.85,0
2026-02-03,2024-09-16,"6.10%",250,6.1,0
2026-02-03,2024-09-17,"0.10%",-300,0.1,0
2026-02-03,2024-09-17,"0.35%",-300,0.35,0
2026-02-03,2024-09-17,"0.60%",-300,0.6,0
2026-02-03,2024-09-17,"0.85%",-275,0.85,0
2026-02-03,2024-09-17,"1.10%",-250,1.1,0
2026-02-03,2024-09-17,"1.35%",-225,1.35,0
2026-02-03,2024-09-17,"1.60%",-200,1.6,0
2026-02-03,2024-09-17,"1.85%",-175,1.85,0.0213108291032487
2026-02-03,2024-09-17,"2.10%",-150,2.1,0.0460810013618293
2026-02-03,2024-09-17,"2.35%",-125,2.35,0.0834493758417891
2026-02-03,2024-09-17,"2.60%",-100,2.6,0.126565700430179
2026-02-03,2024-09-17,"2.85%",-75,2.85,0.160771602022623
2026-02-03,2024-09-17,"3.10%",-50,3.1,0.171044074190156
2026-02-03,2024-09-17,"3.35%",-25,3.35,0.152409980575844
2026-02-03,2024-09-17,"3.60%",0,3.6,0.113742571810415
2026-02-03,2024-09-17,"3.85%",25,3.85,0.0710936538362683
2026-02-03,2024-09-17,"4.10%",50,4.1,0.0372157763984215
2026-02-03,2024-09-17,"4.35%",75,4.35,0.0163154344292263
2026-02-03,2024-09-17,"4.60%",100,4.6,0
2026-02-03,2024-09-17,"4.85%",125,4.85,0
2026-02-03,2024-09-17,"5.10%",150,5.1,0
2026-02-03,2024-09-17,"5.35%",175,5.35,0
2026-02-03,2024-09-17,"5.60%",200,5.6,0
2026-02-03,2024-09-17,"5.85%",225,5.85,0
2026-02-03,2024-09-17,"6.10%",250,6.1,0
2026-02-03,2024-09-18,"0.10%",-300,0.1,0
2026-02-03,2024-09-18,"0.35%",-300,0.35,0
2026-02-03,2024-09-18,"0.60%",-300,0.6,0
2026-02-03,2024-09-18,"0.85%",-275,0.85,0
2026-02-03,2024-09-18,"1.10%",-250,1.1,0
2026-02-03,2024-09-18,"1.35%",-225,1.35,0
2026-02-03,2024-09-18,"1.60%",-200,1.6,0
2026-02-03,2024-09-18,"1.85%",-175,1.85,0.0213251276808722
2026-02-03,2024-09-18,"2.10%",-150,2.1,0.0449058848986079
2026-02-03,2024-09-18,"2.35%",-125,2.35,0.080044463235088
2026-02-03,2024-09-18,"2.60%",-100,2.6,0.120777363019971
2026-02-03,2024-09-18,"2.85%",-75,2.85,0.154267008844789
2026-02-03,2024-09-18,"3.10%",-50,3.1,0.166800781509117
2026-02-03,2024-09-18,"3.35%",-25,3.35,0.152672904705121
2026-02-03,2024-09-18,"3.60%",0,3.6,0.118294126558163
2026-02-03,2024-09-18,"3.85%",25,3.85,0.0775884911037367
2026-02-03,2024-09-18,"4.10%",50,4.1,0.0430781562586337
2026-02-03,2024-09-18,"4.35%",75,4.35,0.0202456921859013
2026-02-03,2024-09-18,"4.60%",100,4.6,0
2026-02-03,2024-09-18,"4.85%",125,4.85,0
2026-02-03,2024-09-18,"5.10%",150,5.1,0
2026-02-03,2024-09-18,"5.35%",175,5.35,0
2026-02-03,2024-09-18,"5.60%",200,5.6,0
2026-02-03,2024-09-18,"5.85%",225,5.85,0
2026-02-03,2024-09-18,"6.10%",250,6.1,0
2026-02-03,2024-09-19,"0.10%",-300,0.1,0
2026-02-03,2024-09-19,"0.35%",-300,0.35,0
2026-02-03,2024-09-19,"0.60%",-300,0.6,0
2026-02-03,2024-09-19,"0.85%",-275,0.85,0
2026-02-03,2024-09-19,"1.10%",-250,1.1,0
2026-02-03,2024-09-19,"1.35%",-225,1.35,0
2026-02-03,2024-09-19,"1.60%",-200,1.6,0
2026-02-03,2024-09-19,"1.85%",-175,1.85,0.0112080719677171
2026-02-03,2024-09-19,"2.10%",-150,2.1,0.0287507298008155
2026-02-03,2024-09-19,"2.35%",-125,2.35,0.0606792936865368
2026-02-03,2024-09-19,"2.60%",-100,2.6,0.105372158908898
2026-02-03,2024-09-19,"2.85%",-75,2.85,0.150563625959767
2026-02-03,2024-09-19,"3.10%",-50,3.1,0.177024341884237
2026-02-03,2024-09-19,"3.35%",-25,3.35,0.17126522174586
2026-02-03,2024-09-19,"3.60%",0,3.6,0.136341389370992
2026-02-03,2024-09-19,"3.85%",25,3.85,0.0893104379831888
2026-02-03,2024-09-19,"4.10%",50,4.1,0.0481372187210973
2026-02-03,2024-09-19,"4.35%",75,4.35,0.0213475099708912
2026-02-03,2024-09-19,"4.60%",100,4.6,0
2026-02-03,2024-09-19,"4.85%",125,4.85,0
2026-02-03,2024-09-19,"5.10%",150,5.1,0
2026-02-03,2024-09-19,"5.35%",175,5.35,0
2026-02-03,2024-09-19,"5.60%",200,5.6,0
2026-02-03,2024-09-19,"5.85%",225,5.85,0
2026-02-03,2024-09-19,"6.10%",250,6.1,0
2026-02-03,2024-09-20,"0.10%",-300,0.1,0
2026-02-03,2024-09-20,"0.35%",-300,0.35,0
2026-02-03,2024-09-20,"0.60%",-300,0.6,0
2026-02-03,2024-09-20,"0.85%",-275,0.85,0
2026-02-03,2024-09-20,"1.10%",-250,1.1,0
2026-02-03,2024-09-20,"1.35%",-225,1.35,0
2026-02-03,2024-09-20,"1.60%",-200,1.6,0
2026-02-03,2024-09-20,"1.85%",-175,1.85,0.0174771395224786
2026-02-03,2024-09-20,"2.10%",-150,2.1,0.0383908647738906
2026-02-03,2024-09-20,"2.35%",-125,2.35,0.0713002637372903
2026-02-03,2024-09-20,"2.60%",-100,2.6,0.111962025183094
2026-02-03,2024-09-20,"2.85%",-75,2.85,0.148653319460611
2026-02-03,2024-09-20,"3.10%",-50,3.1,0.166881325147331
2026-02-03,2024-09-20,"3.35%",-25,3.35,0.158406202727881
2026-02-03,2024-09-20,"3.60%",0,3.6,0.127135552962593
2026-02-03,2024-09-20,"3.85%",25,3.85,0.0862756709960385
2026-02-03,2024-09-20,"4.10%",50,4.1,0.0495027543644228
2026-02-03,2024-09-20,"4.35%",75,4.35,0.0240148811243695
2026-02-03,2024-09-20,"4.60%",100,4.6,0
2026-02-03,2024-09-20,"4.85%",125,4.85,0
2026-02-03,2024-09-20,"5.10%",150,5.1,0
2026-02-03,2024-09-20,"5.35%",175,5.35,0
2026-02-03,2024-09-20,"5.60%",200,5.6,0
2026-02-03,2024-09-20,"5.85%",225,5.85,0
2026-02-03,2024-09-20,"6.10%",250,6.1,0
2026-02-03,2024-09-23,"0.10%",-300,0.1,0
2026-02-03,2024-09-23,"0.35%",-300,0.35,0
2026-02-03,2024-09-23,"0.60%",-300,0.6,0
2026-02-03,2024-09-23,"0.85%",-275,0.85,0
2026-02-03,2024-09-23,"1.10%",-250,1.1,0
2026-02-03,2024-09-23,"1.35%",-225,1.35,0
2026-02-03,2024-09-23,"1.60%",-200,1.6,0
2026-02-03,2024-09-23,"1.85%",-175,1.85,0.0170212378188744
2026-02-03,2024-09-23,"2.10%",-150,2.1,0.0364359629663601
2026-02-03,2024-09-23,"2.35%",-125,2.35,0.0666646509472197
2026-02-03,2024-09-23,"2.60%",-100,2.6,0.10425471879239
2026-02-03,2024-09-23,"2.85%",-75,2.85,0.139359625065324
2026-02-03,2024-09-23,"3.10%",-50,3.1,0.159229501207618
2026-02-03,2024-09-23,"3.35%",-25,3.35,0.15550965146631
2026-02-03,2024-09-23,"3.60%",0,3.6,0.129818942312228
2026-02-03,2024-09-23,"3.85%",25,3.85,0.09263243444051
2026-02-03,2024-09-23,"4.10%",50,4.1,0.0564972789209826
2026-02-03,2024-09-23,"4.35%",75,4.35,0.0294526512905867
2026-02-03,2024-09-23,"4.60%",100,4.6,0.0131233447715965
2026-02-03,2024-09-23,"4.85%",125,4.85,0
2026-02-03,2024-09-23,"5.10%",150,5.1,0
2026-02-03,2024-09-23,"5.35%",175,5.35,0
2026-02-03,2024-09-23,"5.60%",200,5.6,0
2026-02-03,2024-09-23,"5.85%",225,5.85,0
2026-02-03,2024-09-23,"6.10%",250,6.1,0
2026-02-03,2024-09-24,"0.10%",-300,0.1,0
2026-02-03,2024-09-24,"0.35%",-300,0.35,0
2026-02-03,2024-09-24,"0.60%",-300,0.6,0
2026-02-03,2024-09-24,"0.85%",-275,0.85,0
2026-02-03,2024-09-24,"1.10%",-250,1.1,0
2026-02-03,2024-09-24,"1.35%",-225,1.35,0
2026-02-03,2024-09-24,"1.60%",-200,1.6,0
2026-02-03,2024-09-24,"1.85%",-175,1.85,0.0200850616772423
2026-02-03,2024-09-24,"2.10%",-150,2.1,0.0457185376972313
2026-02-03,2024-09-24,"2.35%",-125,2.35,0.0857503160588775
2026-02-03,2024-09-24,"2.60%",-100,2.6,0.132531791362966
2026-02-03,2024-09-24,"2.85%",-75,2.85,0.168794038314501
2026-02-03,2024-09-24,"3.10%",-50,3.1,0.177155008905674
2026-02-03,2024-09-24,"3.35%",-25,3.35,0.153218212436831
2026-02-03,2024-09-24,"3.60%",0,3.6,0.109200341172384
2026-02-03,2024-09-24,"3.85%",25,3.85,0.0641335156373163
2026-02-03,2024-09-24,"4.10%",50,4.1,0.0310369677574464
2026-02-03,2024-09-24,"4.35%",75,4.35,0.0123762089795308
2026-02-03,2024-09-24,"4.60%",100,4.6,0
2026-02-03,2024-09-24,"4.85%",125,4.85,0
2026-02-03,2024-09-24,"5.10%",150,5.1,0
2026-02-03,2024-09-24,"5.35%",175,5.35,0
2026-02-03,2024-09-24,"5.60%",200,5.6,0
2026-02-03,2024-09-24,"5.85%",225,5.85,0
2026-02-03,2024-09-24,"6.10%",250,6.1,0
2026-02-03,2024-09-25,"0.10%",-300,0.1,0
2026-02-03,2024-09-25,"0.35%",-300,0.35,0
2026-02-03,2024-09-25,"0.60%",-300,0.6,0
2026-02-03,2024-09-25,"0.85%",-275,0.85,0
2026-02-03,2024-09-25,"1.10%",-250,1.1,0
2026-02-03,2024-09-25,"1.35%",-225,1.35,0
2026-02-03,2024-09-25,"1.60%",-200,1.6,0
2026-02-03,2024-09-25,"1.85%",-175,1.85,0.0190978757298655
2026-02-03,2024-09-25,"2.10%",-150,2.1,0.0436752189701308
2026-02-03,2024-09-25,"2.35%",-125,2.35,0.082501909683542
2026-02-03,2024-09-25,"2.60%",-100,2.6,0.128732450922745
2026-02-03,2024-09-25,"2.85%",-75,2.85,0.165927646681503
2026-02-03,2024-09-25,"3.10%",-50,3.1,0.176670001021388
2026-02-03,2024-09-25,"3.35%",-25,3.35,0.155389570419724
2026-02-03,2024-09-25,"3.60%",0,3.6,0.112899634276997
2026-02-03,2024-09-25,"3.85%",25,3.85,0.0677589174918371
2026-02-03,2024-09-25,"4.10%",50,4.1,0.0335915812401043
2026-02-03,2024-09-25,"4.35%",75,4.35,0.0137551935621631
2026-02-03,2024-09-25,"4.60%",100,4.6,0
2026-02-03,2024-09-25,"4.85%",125,4.85,0
2026-02-03,2024-09-25,"5.10%",150,5.1,0
2026-02-03,2024-09-25,"5.35%",175,5.35,0
2026-02-03,2024-09-25,"5.60%",200,5.6,0
2026-02-03,2024-09-25,"5.85%",225,5.85,0
2026-02-03,2024-09-25,"6.10%",250,6.1,0
2026-02-03,2024-09-26,"0.10%",-300,0.1,0
2026-02-03,2024-09-26,"0.35%",-300,0.35,0
2026-02-03,2024-09-26,"0.60%",-300,0.6,0
2026-02-03,2024-09-26,"0.85%",-275,0.85,0
2026-02-03,2024-09-26,"1.10%",-250,1.1,0
2026-02-03,2024-09-26,"1.35%",-225,1.35,0
2026-02-03,2024-09-26,"1.60%",-200,1.6,0
2026-02-03,2024-09-26,"1.85%",-175,1.85,0.0131475568683581
2026-02-03,2024-09-26,"2.10%",-150,2.1,0.0343681848873035
2026-02-03,2024-09-26,"2.35%",-125,2.35,0.0724520657703628
2026-02-03,2024-09-26,"2.60%",-100,2.6,0.12318406086071
2026-02-03,2024-09-26,"2.85%",-75,2.85,0.168922469083816
2026-02-03,2024-09-26,"3.10%",-50,3.1,0.18683632370397
2026-02-03,2024-09-26,"3.35%",-25,3.35,0.166678659084208
2026-02-03,2024-09-26,"3.60%",0,3.6,0.119933129907847
2026-02-03,2024-09-26,"3.85%",25,3.85,0.0696027663876703
2026-02-03,2024-09-26,"4.10%",50,4.1,0.0325778137247288
2026-02-03,2024-09-26,"4.35%",75,4.35,0.0122969697210261
2026-02-03,2024-09-26,"4.60%",100,4.6,0
2026-02-03,2024-09-26,"4.85%",125,4.85,0
2026-02-03,2024-09-26,"5.10%",150,5.1,0
2026-02-03,2024-09-26,"5.35%",175,5.35,0
2026-02-03,2024-09-26,"5.60%",200,5.6,0
2026-02-03,2024-09-26,"5.85%",225,5.85,0
2026-02-03,2024-09-26,"6.10%",250,6.1,0
2026-02-03,2024-09-27,"0.10%",-300,0.1,0
2026-02-03,2024-09-27,"0.35%",-300,0.35,0
2026-02-03,2024-09-27,"0.60%",-300,0.6,0
2026-02-03,2024-09-27,"0.85%",-275,0.85,0
2026-02-03,2024-09-27,"1.10%",-250,1.1,0
2026-02-03,2024-09-27,"1.35%",-225,1.35,0
2026-02-03,2024-09-27,"1.60%",-200,1.6,0
2026-02-03,2024-09-27,"1.85%",-175,1.85,0
2026-02-03,2024-09-27,"2.10%",-150,2.1,0.0279454399175117
2026-02-03,2024-09-27,"2.35%",-125,2.35,0.0641414854957093
2026-02-03,2024-09-27,"2.60%",-100,2.6,0.116915072060663
2026-02-03,2024-09-27,"2.85%",-75,2.85,0.16925153199113
2026-02-03,2024-09-27,"3.10%",-50,3.1,0.194599803359597
2026-02-03,2024-09-27,"3.35%",-25,3.35,0.177707749275824
2026-02-03,2024-09-27,"3.60%",0,3.6,0.128890314723305
2026-02-03,2024-09-27,"3.85%",25,3.85,0.0742453562714608
2026-02-03,2024-09-27,"4.10%",50,4.1,0.0339647405959112
2026-02-03,2024-09-27,"4.35%",75,4.35,0.012338506308888
2026-02-03,2024-09-27,"4.60%",100,4.6,0
2026-02-03,2024-09-27,"4.85%",125,4.85,0
2026-02-03,2024-09-27,"5.10%",150,5.1,0
2026-02-03,2024-09-27,"5.35%",175,5.35,0
2026-02-03,2024-09-27,"5.60%",200,5.6,0
2026-02-03,2024-09-27,"5.85%",225,5.85,0
2026-02-03,2024-09-27,"6.10%",250,6.1,0
2026-02-03,2024-09-30,"0.10%",-300,0.1,0
2026-02-03,2024-09-30,"0.35%",-300,0.35,0
2026-02-03,2024-09-30,"0.60%",-300,0.6,0
2026-02-03,2024-09-30,"0.85%",-275,0.85,0
2026-02-03,2024-09-30,"1.10%",-250,1.1,0
2026-02-03,2024-09-30,"1.35%",-225,1.35,0
2026-02-03,2024-09-30,"1.60%",-200,1.6,0
2026-02-03,2024-09-30,"1.85%",-175,1.85,0
2026-02-03,2024-09-30,"2.10%",-150,2.1,0.0228631280130076
2026-02-03,2024-09-30,"2.35%",-125,2.35,0.0578023362399553
2026-02-03,2024-09-30,"2.60%",-100,2.6,0.113311281333718
2026-02-03,2024-09-30,"2.85%",-75,2.85,0.17225022711266
2026-02-03,2024-09-30,"3.10%",-50,3.1,0.203063264313169
2026-02-03,2024-09-30,"3.35%",-25,3.35,0.18565137804236
2026-02-03,2024-09-30,"3.60%",0,3.6,0.131629914786181
2026-02-03,2024-09-30,"3.85%",25,3.85,0.0723734329332665
2026-02-03,2024-09-30,"4.10%",50,4.1,0.0308556918559828
2026-02-03,2024-09-30,"4.35%",75,4.35,0.0101993453696999
2026-02-03,2024-09-30,"4.60%",100,4.6,0
2026-02-03,2024-09-30,"4.85%",125,4.85,0
2026-02-03,2024-09-30,"5.10%",150,5.1,0
2026-02-03,2024-09-30,"5.35%",175,5.35,0
2026-02-03,2024-09-30,"5.60%",200,5.6,0
2026-02-03,2024-09-30,"5.85%",225,5.85,0
2026-02-03,2024-09-30,"6.10%",250,6.1,0
2026-02-03,2024-10-01,"0.10%",-300,0.1,0
2026-02-03,2024-10-01,"0.35%",-300,0.35,0
2026-02-03,2024-10-01,"0.60%",-300,0.6,0
2026-02-03,2024-10-01,"0.85%",-275,0.85,0
2026-02-03,2024-10-01,"1.10%",-250,1.1,0
2026-02-03,2024-10-01,"1.35%",-225,1.35,0
2026-02-03,2024-10-01,"1.60%",-200,1.6,0
2026-02-03,2024-10-01,"1.85%",-175,1.85,0
2026-02-03,2024-10-01,"2.10%",-150,2.1,0.0190746957937494
2026-02-03,2024-10-01,"2.35%",-125,2.35,0.0495433324143491
2026-02-03,2024-10-01,"2.60%",-100,2.6,0.100523088344794
2026-02-03,2024-10-01,"2.85%",-75,2.85,0.159345033858006
2026-02-03,2024-10-01,"3.10%",-50,3.1,0.197346485368714
2026-02-03,2024-10-01,"3.35%",-25,3.35,0.190963635197826
2026-02-03,2024-10-01,"3.60%",0,3.6,0.144377817543842
2026-02-03,2024-10-01,"3.85%",25,3.85,0.085283066318049
2026-02-03,2024-10-01,"4.10%",50,4.1,0.0393557380824489
2026-02-03,2024-10-01,"4.35%",75,4.35,0.0141871070782212
2026-02-03,2024-10-01,"4.60%",100,4.6,0
2026-02-03,2024-10-01,"4.85%",125,4.85,0
2026-02-03,2024-10-01,"5.10%",150,5.1,0
2026-02-03,2024-10-01,"5.35%",175,5.35,0
2026-02-03,2024-10-01,"5.60%",200,5.6,0
2026-02-03,2024-10-01,"5.85%",225,5.85,0
2026-02-03,2024-10-01,"6.10%",250,6.1,0
2026-02-03,2024-10-02,"0.10%",-300,0.1,0
2026-02-03,2024-10-02,"0.35%",-300,0.35,0
2026-02-03,2024-10-02,"0.60%",-300,0.6,0
2026-02-03,2024-10-02,"0.85%",-275,0.85,0
2026-02-03,2024-10-02,"1.10%",-250,1.1,0
2026-02-03,2024-10-02,"1.35%",-225,1.35,0
2026-02-03,2024-10-02,"1.60%",-200,1.6,0
2026-02-03,2024-10-02,"1.85%",-175,1.85,0.0113455354233662
2026-02-03,2024-10-02,"2.10%",-150,2.1,0.0295058013160658
2026-02-03,2024-10-02,"2.35%",-125,2.35,0.0627394799268552
2026-02-03,2024-10-02,"2.60%",-100,2.6,0.109080659902414
2026-02-03,2024-10-02,"2.85%",-75,2.85,0.155076006322054
2026-02-03,2024-10-02,"3.10%",-50,3.1,0.180277791122987
2026-02-03,2024-10-02,"3.35%",-25,3.35,0.171374128768145
2026-02-03,2024-10-02,"3.60%",0,3.6,0.133214696317341
2026-02-03,2024-10-02,"3.85%",25,3.85,0.0846749842882921
2026-02-03,2024-10-02,"4.10%",50,4.1,0.0440088935819811
2026-02-03,2024-10-02,"4.35%",75,4.35,0.0187020230304986
2026-02-03,2024-10-02,"4.60%",100,4.6,0
2026-02-03,2024-10-02,"4.85%",125,4.85,0
2026-02-03,2024-10-02,"5.10%",150,5.1,0
2026-02-03,2024-10-02,"5.35%",175,5.35,0
2026-02-03,2024-10-02,"5.60%",200,5.6,0
2026-02-03,2024-10-02,"5.85%",225,5.85,0
2026-02-03,2024-10-02,"6.10%",250,6.1,0
2026-02-03,2024-10-04,"0.10%",-300,0.1,0
2026-02-03,2024-10-04,"0.35%",-300,0.35,0
2026-02-03,2024-10-04,"0.60%",-300,0.6,0
2026-02-03,2024-10-04,"0.85%",-275,0.85,0
2026-02-03,2024-10-04,"1.10%",-250,1.1,0
2026-02-03,2024-10-04,"1.35%",-225,1.35,0
2026-02-03,2024-10-04,"1.60%",-200,1.6,0
2026-02-03,2024-10-04,"1.85%",-175,1.85,0.0112121223145154
2026-02-03,2024-10-04,"2.10%",-150,2.1,0.0281141196441277
2026-02-03,2024-10-04,"2.35%",-125,2.35,0.058508315047399
2026-02-03,2024-10-04,"2.60%",-100,2.6,0.101061159119729
2026-02-03,2024-10-04,"2.85%",-75,2.85,0.144889718782514
2026-02-03,2024-10-04,"3.10%",-50,3.1,0.172419420181662
2026-02-03,2024-10-04,"3.35%",-25,3.35,0.170307724106223
2026-02-03,2024-10-04,"3.60%",0,3.6,0.139630972768377
2026-02-03,2024-10-04,"3.85%",25,3.85,0.0950218760367864
2026-02-03,2024-10-04,"4.10%",50,4.1,0.0536723447451127
2026-02-03,2024-10-04,"4.35%",75,4.35,0.025162227253553
2026-02-03,2024-10-04,"4.60%",100,4.6,0
2026-02-03,2024-10-04,"4.85%",125,4.85,0
2026-02-03,2024-10-04,"5.10%",150,5.1,0
2026-02-03,2024-10-04,"5.35%",175,5.35,0
2026-02-03,2024-10-04,"5.60%",200,5.6,0
2026-02-03,2024-10-04,"5.85%",225,5.85,0
2026-02-03,2024-10-04,"6.10%",250,6.1,0
2026-02-03,2024-10-07,"0.10%",-300,0.1,0
2026-02-03,2024-10-07,"0.35%",-300,0.35,0
2026-02-03,2024-10-07,"0.60%",-300,0.6,0
2026-02-03,2024-10-07,"0.85%",-275,0.85,0
2026-02-03,2024-10-07,"1.10%",-250,1.1,0
2026-02-03,2024-10-07,"1.35%",-225,1.35,0
2026-02-03,2024-10-07,"1.60%",-200,1.6,0
2026-02-03,2024-10-07,"1.85%",-175,1.85,0
2026-02-03,2024-10-07,"2.10%",-150,2.1,0
2026-02-03,2024-10-07,"2.35%",-125,2.35,0.0191345998794653
2026-02-03,2024-10-07,"2.60%",-100,2.6,0.0459074498307748
2026-02-03,2024-10-07,"2.85%",-75,2.85,0.0891981712208209
2026-02-03,2024-10-07,"3.10%",-50,3.1,0.140365550732209
2026-02-03,2024-10-07,"3.35%",-25,3.35,0.178901005739428
2026-02-03,2024-10-07,"3.60%",0,3.6,0.184680602842084
2026-02-03,2024-10-07,"3.85%",25,3.85,0.154414176398857
2026-02-03,2024-10-07,"4.10%",50,4.1,0.104569272962212
2026-02-03,2024-10-07,"4.35%",75,4.35,0.0573532910789927
2026-02-03,2024-10-07,"4.60%",100,4.6,0.0254758793151554
2026-02-03,2024-10-07,"4.85%",125,4.85,0
2026-02-03,2024-10-07,"5.10%",150,5.1,0
2026-02-03,2024-10-07,"5.35%",175,5.35,0
2026-02-03,2024-10-07,"5.60%",200,5.6,0
2026-02-03,2024-10-07,"5.85%",225,5.85,0
2026-02-03,2024-10-07,"6.10%",250,6.1,0
2026-02-03,2024-10-08,"0.10%",-300,0.1,0
2026-02-03,2024-10-08,"0.35%",-300,0.35,0
2026-02-03,2024-10-08,"0.60%",-300,0.6,0
2026-02-03,2024-10-08,"0.85%",-275,0.85,0
2026-02-03,2024-10-08,"1.10%",-250,1.1,0
2026-02-03,2024-10-08,"1.35%",-225,1.35,0
2026-02-03,2024-10-08,"1.60%",-200,1.6,0
2026-02-03,2024-10-08,"1.85%",-175,1.85,0
2026-02-03,2024-10-08,"2.10%",-150,2.1,0
2026-02-03,2024-10-08,"2.35%",-125,2.35,0.0226663610652098
2026-02-03,2024-10-08,"2.60%",-100,2.6,0.0524774272863033
2026-02-03,2024-10-08,"2.85%",-75,2.85,0.098325193363382
2026-02-03,2024-10-08,"3.10%",-50,3.1,0.149100975608646
2026-02-03,2024-10-08,"3.35%",-25,3.35,0.182992933978123
2026-02-03,2024-10-08,"3.60%",0,3.6,0.181774790274439
2026-02-03,2024-10-08,"3.85%",25,3.85,0.146143074867852
2026-02-03,2024-10-08,"4.10%",50,4.1,0.0950955672393024
2026-02-03,2024-10-08,"4.35%",75,4.35,0.0500800246150098
2026-02-03,2024-10-08,"4.60%",100,4.6,0.0213436517017333
2026-02-03,2024-10-08,"4.85%",125,4.85,0
2026-02-03,2024-10-08,"5.10%",150,5.1,0
2026-02-03,2024-10-08,"5.35%",175,5.35,0
2026-02-03,2024-10-08,"5.60%",200,5.6,0
2026-02-03,2024-10-08,"5.85%",225,5.85,0
2026-02-03,2024-10-08,"6.10%",250,6.1,0
2026-02-03,2024-10-09,"0.10%",-300,0.1,0
2026-02-03,2024-10-09,"0.35%",-300,0.35,0
2026-02-03,2024-10-09,"0.60%",-300,0.6,0
2026-02-03,2024-10-09,"0.85%",-275,0.85,0
2026-02-03,2024-10-09,"1.10%",-250,1.1,0
2026-02-03,2024-10-09,"1.35%",-225,1.35,0
2026-02-03,2024-10-09,"1.60%",-200,1.6,0
2026-02-03,2024-10-09,"1.85%",-175,1.85,0
2026-02-03,2024-10-09,"2.10%",-150,2.1,0
2026-02-03,2024-10-09,"2.35%",-125,2.35,0.0218514112652004
2026-02-03,2024-10-09,"2.60%",-100,2.6,0.0518023378354054
2026-02-03,2024-10-09,"2.85%",-75,2.85,0.0986841495839678
2026-02-03,2024-10-09,"3.10%",-50,3.1,0.151077009527566
2026-02-03,2024-10-09,"3.35%",-25,3.35,0.185874135988
2026-02-03,2024-10-09,"3.60%",0,3.6,0.183788087679657
2026-02-03,2024-10-09,"3.85%",25,3.85,0.146047161193646
2026-02-03,2024-10-09,"4.10%",50,4.1,0.0932689638428041
2026-02-03,2024-10-09,"4.35%",75,4.35,0.0478665280336798
2026-02-03,2024-10-09,"4.60%",100,4.6,0.0197402150500736
2026-02-03,2024-10-09,"4.85%",125,4.85,0
2026-02-03,2024-10-09,"5.10%",150,5.1,0
2026-02-03,2024-10-09,"5.35%",175,5.35,0
2026-02-03,2024-10-09,"5.60%",200,5.6,0
2026-02-03,2024-10-09,"5.85%",225,5.85,0
2026-02-03,2024-10-09,"6.10%",250,6.1,0
2026-02-03,2024-10-11,"0.10%",-300,0.1,0
2026-02-03,2024-10-11,"0.35%",-300,0.35,0
2026-02-03,2024-10-11,"0.60%",-300,0.6,0
2026-02-03,2024-10-11,"0.85%",-275,0.85,0
2026-02-03,2024-10-11,"1.10%",-250,1.1,0
2026-02-03,2024-10-11,"1.35%",-225,1.35,0
2026-02-03,2024-10-11,"1.60%",-200,1.6,0
2026-02-03,2024-10-11,"1.85%",-175,1.85,0
2026-02-03,2024-10-11,"2.10%",-150,2.1,0
2026-02-03,2024-10-11,"2.35%",-125,2.35,0.0170751093371059
2026-02-03,2024-10-11,"2.60%",-100,2.6,0.0437212219418113
2026-02-03,2024-10-11,"2.85%",-75,2.85,0.0890414223215615
2026-02-03,2024-10-11,"3.10%",-50,3.1,0.144242775321361
2026-02-03,2024-10-11,"3.35%",-25,3.35,0.185874518378665
2026-02-03,2024-10-11,"3.60%",0,3.6,0.190537722330388
2026-02-03,2024-10-11,"3.85%",25,3.85,0.155374069627463
2026-02-03,2024-10-11,"4.10%",50,4.1,0.100786713649825
2026-02-03,2024-10-11,"4.35%",75,4.35,0.0520038776887765
2026-02-03,2024-10-11,"4.60%",100,4.6,0.0213425694030426
2026-02-03,2024-10-11,"4.85%",125,4.85,0
2026-02-03,2024-10-11,"5.10%",150,5.1,0
2026-02-03,2024-10-11,"5.35%",175,5.35,0
2026-02-03,2024-10-11,"5.60%",200,5.6,0
2026-02-03,2024-10-11,"5.85%",225,5.85,0
2026-02-03,2024-10-11,"6.10%",250,6.1,0
2026-02-03,2024-10-14,"0.10%",-300,0.1,0
2026-02-03,2024-10-14,"0.35%",-300,0.35,0
2026-02-03,2024-10-14,"0.60%",-300,0.6,0
2026-02-03,2024-10-14,"0.85%",-275,0.85,0
2026-02-03,2024-10-14,"1.10%",-250,1.1,0
2026-02-03,2024-10-14,"1.35%",-225,1.35,0
2026-02-03,2024-10-14,"1.60%",-200,1.6,0
2026-02-03,2024-10-14,"1.85%",-175,1.85,0
2026-02-03,2024-10-14,"2.10%",-150,2.1,0
2026-02-03,2024-10-14,"2.35%",-125,2.35,0.0164483912407814
2026-02-03,2024-10-14,"2.60%",-100,2.6,0.0424189024897987
2026-02-03,2024-10-14,"2.85%",-75,2.85,0.0870464787396272
2026-02-03,2024-10-14,"3.10%",-50,3.1,0.14214450548747
2026-02-03,2024-10-14,"3.35%",-25,3.35,0.184721683326955
2026-02-03,2024-10-14,"3.60%",0,3.6,0.191040938168772
2026-02-03,2024-10-14,"3.85%",25,3.85,0.157237922983522
2026-02-03,2024-10-14,"4.10%",50,4.1,0.102991558423704
2026-02-03,2024-10-14,"4.35%",75,4.35,0.053683459820672
2026-02-03,2024-10-14,"4.60%",100,4.6,0.0222661593186992
2026-02-03,2024-10-14,"4.85%",125,4.85,0
2026-02-03,2024-10-14,"5.10%",150,5.1,0
2026-02-03,2024-10-14,"5.35%",175,5.35,0
2026-02-03,2024-10-14,"5.60%",200,5.6,0
2026-02-03,2024-10-14,"5.85%",225,5.85,0
2026-02-03,2024-10-14,"6.10%",250,6.1,0
2026-02-03,2024-10-15,"0.10%",-300,0.1,0
2026-02-03,2024-10-15,"0.35%",-300,0.35,0
2026-02-03,2024-10-15,"0.60%",-300,0.6,0
2026-02-03,2024-10-15,"0.85%",-275,0.85,0
2026-02-03,2024-10-15,"1.10%",-250,1.1,0
2026-02-03,2024-10-15,"1.35%",-225,1.35,0
2026-02-03,2024-10-15,"1.60%",-200,1.6,0
2026-02-03,2024-10-15,"1.85%",-175,1.85,0
2026-02-03,2024-10-15,"2.10%",-150,2.1,0
2026-02-03,2024-10-15,"2.35%",-125,2.35,0.0156841544295829
2026-02-03,2024-10-15,"2.60%",-100,2.6,0.0417915683523232
2026-02-03,2024-10-15,"2.85%",-75,2.85,0.0877199232180969
2026-02-03,2024-10-15,"3.10%",-50,3.1,0.145052947656256
2026-02-03,2024-10-15,"3.35%",-25,3.35,0.188972729100727
2026-02-03,2024-10-15,"3.60%",0,3.6,0.193967779134793
2026-02-03,2024-10-15,"3.85%",25,3.85,0.156862554921104
2026-02-03,2024-10-15,"4.10%",50,4.1,0.0999441208829794
2026-02-03,2024-10-15,"4.35%",75,4.35,0.0501672776356366
2026-02-03,2024-10-15,"4.60%",100,4.6,0.0198369446685
2026-02-03,2024-10-15,"4.85%",125,4.85,0
2026-02-03,2024-10-15,"5.10%",150,5.1,0
2026-02-03,2024-10-15,"5.35%",175,5.35,0
2026-02-03,2024-10-15,"5.60%",200,5.6,0
2026-02-03,2024-10-15,"5.85%",225,5.85,0
2026-02-03,2024-10-15,"6.10%",250,6.1,0
2026-02-03,2024-10-16,"0.10%",-300,0.1,0
2026-02-03,2024-10-16,"0.35%",-300,0.35,0
2026-02-03,2024-10-16,"0.60%",-300,0.6,0
2026-02-03,2024-10-16,"0.85%",-275,0.85,0
2026-02-03,2024-10-16,"1.10%",-250,1.1,0
2026-02-03,2024-10-16,"1.35%",-225,1.35,0
2026-02-03,2024-10-16,"1.60%",-200,1.6,0
2026-02-03,2024-10-16,"1.85%",-175,1.85,0
2026-02-03,2024-10-16,"2.10%",-150,2.1,0
2026-02-03,2024-10-16,"2.35%",-125,2.35,0.0115786980402262
2026-02-03,2024-10-16,"2.60%",-100,2.6,0.0378231329108489
2026-02-03,2024-10-16,"2.85%",-75,2.85,0.0913943136488356
2026-02-03,2024-10-16,"3.10%",-50,3.1,0.163392580266134
2026-02-03,2024-10-16,"3.35%",-25,3.35,0.216150737974353
2026-02-03,2024-10-16,"3.60%",0,3.6,0.211602964191702
2026-02-03,2024-10-16,"3.85%",25,3.85,0.153293999882503
2026-02-03,2024-10-16,"4.10%",50,4.1,0.0821737593607831
2026-02-03,2024-10-16,"4.35%",75,4.35,0.0325898137246134
2026-02-03,2024-10-16,"4.60%",100,4.6,0
2026-02-03,2024-10-16,"4.85%",125,4.85,0
2026-02-03,2024-10-16,"5.10%",150,5.1,0
2026-02-03,2024-10-16,"5.35%",175,5.35,0
2026-02-03,2024-10-16,"5.60%",200,5.6,0
2026-02-03,2024-10-16,"5.85%",225,5.85,0
2026-02-03,2024-10-16,"6.10%",250,6.1,0
2026-02-03,2024-10-17,"0.10%",-300,0.1,0
2026-02-03,2024-10-17,"0.35%",-300,0.35,0
2026-02-03,2024-10-17,"0.60%",-300,0.6,0
2026-02-03,2024-10-17,"0.85%",-275,0.85,0
2026-02-03,2024-10-17,"1.10%",-250,1.1,0
2026-02-03,2024-10-17,"1.35%",-225,1.35,0
2026-02-03,2024-10-17,"1.60%",-200,1.6,0
2026-02-03,2024-10-17,"1.85%",-175,1.85,0
2026-02-03,2024-10-17,"2.10%",-150,2.1,0
2026-02-03,2024-10-17,"2.35%",-125,2.35,0.0117819163901998
2026-02-03,2024-10-17,"2.60%",-100,2.6,0.0352549142872094
2026-02-03,2024-10-17,"2.85%",-75,2.85,0.0810833603609946
2026-02-03,2024-10-17,"3.10%",-50,3.1,0.143353114481803
2026-02-03,2024-10-17,"3.35%",-25,3.35,0.194842901720089
2026-02-03,2024-10-17,"3.60%",0,3.6,0.203603559773241
2026-02-03,2024-10-17,"3.85%",25,3.85,0.163573345879983
2026-02-03,2024-10-17,"4.10%",50,4.1,0.101030121803319
2026-02-03,2024-10-17,"4.35%",75,4.35,0.0479697413343024
2026-02-03,2024-10-17,"4.60%",100,4.6,0.0175070239688589
2026-02-03,2024-10-17,"4.85%",125,4.85,0
2026-02-03,2024-10-17,"5.10%",150,5.1,0
2026-02-03,2024-10-17,"5.35%",175,5.35,0
2026-02-03,2024-10-17,"5.60%",200,5.6,0
2026-02-03,2024-10-17,"5.85%",225,5.85,0
2026-02-03,2024-10-17,"6.10%",250,6.1,0
2026-02-03,2024-10-18,"0.10%",-300,0.1,0
2026-02-03,2024-10-18,"0.35%",-300,0.35,0
2026-02-03,2024-10-18,"0.60%",-300,0.6,0
2026-02-03,2024-10-18,"0.85%",-275,0.85,0
2026-02-03,2024-10-18,"1.10%",-250,1.1,0
2026-02-03,2024-10-18,"1.35%",-225,1.35,0
2026-02-03,2024-10-18,"1.60%",-200,1.6,0
2026-02-03,2024-10-18,"1.85%",-175,1.85,0
2026-02-03,2024-10-18,"2.10%",-150,2.1,0
2026-02-03,2024-10-18,"2.35%",-125,2.35,0.01017635480962
2026-02-03,2024-10-18,"2.60%",-100,2.6,0.0308633922158299
2026-02-03,2024-10-18,"2.85%",-75,2.85,0.0725082770174042
2026-02-03,2024-10-18,"3.10%",-50,3.1,0.131970025630216
2026-02-03,2024-10-18,"3.35%",-25,3.35,0.186098918136644
2026-02-03,2024-10-18,"3.60%",0,3.6,0.20333629512223
2026-02-03,2024-10-18,"3.85%",25,3.85,0.172144880810209
2026-02-03,2024-10-18,"4.10%",50,4.1,0.11292000416626
2026-02-03,2024-10-18,"4.35%",75,4.35,0.0573876920189195
2026-02-03,2024-10-18,"4.60%",100,4.6,0.0225941600726667
2026-02-03,2024-10-18,"4.85%",125,4.85,0
2026-02-03,2024-10-18,"5.10%",150,5.1,0
2026-02-03,2024-10-18,"5.35%",175,5.35,0
2026-02-03,2024-10-18,"5.60%",200,5.6,0
2026-02-03,2024-10-18,"5.85%",225,5.85,0
2026-02-03,2024-10-18,"6.10%",250,6.1,0
2026-02-03,2024-10-21,"0.10%",-300,0.1,0
2026-02-03,2024-10-21,"0.35%",-300,0.35,0
2026-02-03,2024-10-21,"0.60%",-300,0.6,0
2026-02-03,2024-10-21,"0.85%",-275,0.85,0
2026-02-03,2024-10-21,"1.10%",-250,1.1,0
2026-02-03,2024-10-21,"1.35%",-225,1.35,0
2026-02-03,2024-10-21,"1.60%",-200,1.6,0
2026-02-03,2024-10-21,"1.85%",-175,1.85,0
2026-02-03,2024-10-21,"2.10%",-150,2.1,0
2026-02-03,2024-10-21,"2.35%",-125,2.35,0.0171304332309469
2026-02-03,2024-10-21,"2.60%",-100,2.6,0.0426911193332401
2026-02-03,2024-10-21,"2.85%",-75,2.85,0.0856214069211006
2026-02-03,2024-10-21,"3.10%",-50,3.1,0.138206616505363
2026-02-03,2024-10-21,"3.35%",-25,3.35,0.179554068941893
2026-02-03,2024-10-21,"3.60%",0,3.6,0.18775509637931
2026-02-03,2024-10-21,"3.85%",25,3.85,0.158022897588273
2026-02-03,2024-10-21,"4.10%",50,4.1,0.107046733860351
2026-02-03,2024-10-21,"4.35%",75,4.35,0.0583629140288511
2026-02-03,2024-10-21,"4.60%",100,4.6,0.0256087132106709
2026-02-03,2024-10-21,"4.85%",125,4.85,0
2026-02-03,2024-10-21,"5.10%",150,5.1,0
2026-02-03,2024-10-21,"5.35%",175,5.35,0
2026-02-03,2024-10-21,"5.60%",200,5.6,0
2026-02-03,2024-10-21,"5.85%",225,5.85,0
2026-02-03,2024-10-21,"6.10%",250,6.1,0
2026-02-03,2024-10-23,"0.10%",-300,0.1,0
2026-02-03,2024-10-23,"0.35%",-300,0.35,0
2026-02-03,2024-10-23,"0.60%",-300,0.6,0
2026-02-03,2024-10-23,"0.85%",-275,0.85,0
2026-02-03,2024-10-23,"1.10%",-250,1.1,0
2026-02-03,2024-10-23,"1.35%",-225,1.35,0
2026-02-03,2024-10-23,"1.60%",-200,1.6,0
2026-02-03,2024-10-23,"1.85%",-175,1.85,0
2026-02-03,2024-10-23,"2.10%",-150,2.1,0
2026-02-03,2024-10-23,"2.35%",-125,2.35,0
2026-02-03,2024-10-23,"2.60%",-100,2.6,0.0227865337303516
2026-02-03,2024-10-23,"2.85%",-75,2.85,0.0543571296455802
2026-02-03,2024-10-23,"3.10%",-50,3.1,0.103440357407245
2026-02-03,2024-10-23,"3.35%",-25,3.35,0.157038479077246
2026-02-03,2024-10-23,"3.60%",0,3.6,0.190205379641827
2026-02-03,2024-10-23,"3.85%",25,3.85,0.183801287368741
2026-02-03,2024-10-23,"4.10%",50,4.1,0.141703910421216
2026-02-03,2024-10-23,"4.35%",75,4.35,0.0871588104386069
2026-02-03,2024-10-23,"4.60%",100,4.6,0.0427677092395336
2026-02-03,2024-10-23,"4.85%",125,4.85,0.0167404030296524
2026-02-03,2024-10-23,"5.10%",150,5.1,0
2026-02-03,2024-10-23,"5.35%",175,5.35,0
2026-02-03,2024-10-23,"5.60%",200,5.6,0
2026-02-03,2024-10-23,"5.85%",225,5.85,0
2026-02-03,2024-10-23,"6.10%",250,6.1,0
2026-02-03,2024-10-24,"0.10%",-300,0.1,0
2026-02-03,2024-10-24,"0.35%",-300,0.35,0
2026-02-03,2024-10-24,"0.60%",-300,0.6,0
2026-02-03,2024-10-24,"0.85%",-275,0.85,0
2026-02-03,2024-10-24,"1.10%",-250,1.1,0
2026-02-03,2024-10-24,"1.35%",-225,1.35,0
2026-02-03,2024-10-24,"1.60%",-200,1.6,0
2026-02-03,2024-10-24,"1.85%",-175,1.85,0
2026-02-03,2024-10-24,"2.10%",-150,2.1,0
2026-02-03,2024-10-24,"2.35%",-125,2.35,0
2026-02-03,2024-10-24,"2.60%",-100,2.6,0.0264807540142423
2026-02-03,2024-10-24,"2.85%",-75,2.85,0.0593728877868481
2026-02-03,2024-10-24,"3.10%",-50,3.1,0.107568166789984
2026-02-03,2024-10-24,"3.35%",-25,3.35,0.157484694952842
2026-02-03,2024-10-24,"3.60%",0,3.6,0.186322702719986
2026-02-03,2024-10-24,"3.85%",25,3.85,0.178144409263608
2026-02-03,2024-10-24,"4.10%",50,4.1,0.137643583466839
2026-02-03,2024-10-24,"4.35%",75,4.35,0.0859424377575677
2026-02-03,2024-10-24,"4.60%",100,4.6,0.0433620984633546
2026-02-03,2024-10-24,"4.85%",125,4.85,0.0176782647847279
2026-02-03,2024-10-24,"5.10%",150,5.1,0
2026-02-03,2024-10-24,"5.35%",175,5.35,0
2026-02-03,2024-10-24,"5.60%",200,5.6,0
2026-02-03,2024-10-24,"5.85%",225,5.85,0
2026-02-03,2024-10-24,"6.10%",250,6.1,0
2026-02-03,2024-10-25,"0.10%",-300,0.1,0
2026-02-03,2024-10-25,"0.35%",-300,0.35,0
2026-02-03,2024-10-25,"0.60%",-300,0.6,0
2026-02-03,2024-10-25,"0.85%",-275,0.85,0
2026-02-03,2024-10-25,"1.10%",-250,1.1,0
2026-02-03,2024-10-25,"1.35%",-225,1.35,0
2026-02-03,2024-10-25,"1.60%",-200,1.6,0
2026-02-03,2024-10-25,"1.85%",-175,1.85,0
2026-02-03,2024-10-25,"2.10%",-150,2.1,0
2026-02-03,2024-10-25,"2.35%",-125,2.35,0.0128922496339712
2026-02-03,2024-10-25,"2.60%",-100,2.6,0.0326760307298505
2026-02-03,2024-10-25,"2.85%",-75,2.85,0.0677423670641271
2026-02-03,2024-10-25,"3.10%",-50,3.1,0.114879719331535
2026-02-03,2024-10-25,"3.35%",-25,3.35,0.159365439065952
2026-02-03,2024-10-25,"3.60%",0,3.6,0.180851728098614
2026-02-03,2024-10-25,"3.85%",25,3.85,0.167893082148138
2026-02-03,2024-10-25,"4.10%",50,4.1,0.127503550600749
2026-02-03,2024-10-25,"4.35%",75,4.35,0.0792104894686409
2026-02-03,2024-10-25,"4.60%",100,4.6,0.0402531347774922
2026-02-03,2024-10-25,"4.85%",125,4.85,0.0167322090809309
2026-02-03,2024-10-25,"5.10%",150,5.1,0
2026-02-03,2024-10-25,"5.35%",175,5.35,0
2026-02-03,2024-10-25,"5.60%",200,5.6,0
2026-02-03,2024-10-25,"5.85%",225,5.85,0
2026-02-03,2024-10-25,"6.10%",250,6.1,0
2026-02-03,2024-10-28,"0.10%",-300,0.1,0
2026-02-03,2024-10-28,"0.35%",-300,0.35,0
2026-02-03,2024-10-28,"0.60%",-300,0.6,0
2026-02-03,2024-10-28,"0.85%",-275,0.85,0
2026-02-03,2024-10-28,"1.10%",-250,1.1,0
2026-02-03,2024-10-28,"1.35%",-225,1.35,0
2026-02-03,2024-10-28,"1.60%",-200,1.6,0
2026-02-03,2024-10-28,"1.85%",-175,1.85,0
2026-02-03,2024-10-28,"2.10%",-150,2.1,0
2026-02-03,2024-10-28,"2.35%",-125,2.35,0.0127019850799493
2026-02-03,2024-10-28,"2.60%",-100,2.6,0.0308487315252622
2026-02-03,2024-10-28,"2.85%",-75,2.85,0.0623860687014214
2026-02-03,2024-10-28,"3.10%",-50,3.1,0.105060189406758
2026-02-03,2024-10-28,"3.35%",-25,3.35,0.14733325683026
2026-02-03,2024-10-28,"3.60%",0,3.6,0.172061300220141
2026-02-03,2024-10-28,"3.85%",25,3.85,0.167335850823051
2026-02-03,2024-10-28,"4.10%",50,4.1,0.135524412179125
2026-02-03,2024-10-28,"4.35%",75,4.35,0.0914037360334122
2026-02-03,2024-10-28,"4.60%",100,4.6,0.0513356709225237
2026-02-03,2024-10-28,"4.85%",125,4.85,0.0240087982780958
2026-02-03,2024-10-28,"5.10%",150,5.1,0
2026-02-03,2024-10-28,"5.35%",175,5.35,0
2026-02-03,2024-10-28,"5.60%",200,5.6,0
2026-02-03,2024-10-28,"5.85%",225,5.85,0
2026-02-03,2024-10-28,"6.10%",250,6.1,0
2026-02-03,2024-10-29,"0.10%",-300,0.1,0
2026-02-03,2024-10-29,"0.35%",-300,0.35,0
2026-02-03,2024-10-29,"0.60%",-300,0.6,0
2026-02-03,2024-10-29,"0.85%",-275,0.85,0
2026-02-03,2024-10-29,"1.10%",-250,1.1,0
2026-02-03,2024-10-29,"1.35%",-225,1.35,0
2026-02-03,2024-10-29,"1.60%",-200,1.6,0
2026-02-03,2024-10-29,"1.85%",-175,1.85,0
2026-02-03,2024-10-29,"2.10%",-150,2.1,0
2026-02-03,2024-10-29,"2.35%",-125,2.35,0.0109909161833214
2026-02-03,2024-10-29,"2.60%",-100,2.6,0.0287012883265023
2026-02-03,2024-10-29,"2.85%",-75,2.85,0.0613269681969714
2026-02-03,2024-10-29,"3.10%",-50,3.1,0.107227538932115
2026-02-03,2024-10-29,"3.35%",-25,3.35,0.15342020409266
2026-02-03,2024-10-29,"3.60%",0,3.6,0.17963500646286
2026-02-03,2024-10-29,"3.85%",25,3.85,0.172122005883887
2026-02-03,2024-10-29,"4.10%",50,4.1,0.134963870944925
2026-02-03,2024-10-29,"4.35%",75,4.35,0.0866018092796448
2026-02-03,2024-10-29,"4.60%",100,4.6,0.0454727671999865
2026-02-03,2024-10-29,"4.85%",125,4.85,0.0195376244971265
2026-02-03,2024-10-29,"5.10%",150,5.1,0
2026-02-03,2024-10-29,"5.35%",175,5.35,0
2026-02-03,2024-10-29,"5.60%",200,5.6,0
2026-02-03,2024-10-29,"5.85%",225,5.85,0
2026-02-03,2024-10-29,"6.10%",250,6.1,0
2026-02-03,2024-10-30,"0.10%",-300,0.1,0
2026-02-03,2024-10-30,"0.35%",-300,0.35,0
2026-02-03,2024-10-30,"0.60%",-300,0.6,0
2026-02-03,2024-10-30,"0.85%",-275,0.85,0
2026-02-03,2024-10-30,"1.10%",-250,1.1,0
2026-02-03,2024-10-30,"1.35%",-225,1.35,0
2026-02-03,2024-10-30,"1.60%",-200,1.6,0
2026-02-03,2024-10-30,"1.85%",-175,1.85,0
2026-02-03,2024-10-30,"2.10%",-150,2.1,0
2026-02-03,2024-10-30,"2.35%",-125,2.35,0.0122275098262403
2026-02-03,2024-10-30,"2.60%",-100,2.6,0.0296619340780451
2026-02-03,2024-10-30,"2.85%",-75,2.85,0.0600627996239523
2026-02-03,2024-10-30,"3.10%",-50,3.1,0.101524625194519
2026-02-03,2024-10-30,"3.35%",-25,3.35,0.143254521568931
2026-02-03,2024-10-30,"3.60%",0,3.6,0.168742305302692
2026-02-03,2024-10-30,"3.85%",25,3.85,0.165928865038121
2026-02-03,2024-10-30,"4.10%",50,4.1,0.13620776253681
2026-02-03,2024-10-30,"4.35%",75,4.35,0.0933381860311501
2026-02-03,2024-10-30,"4.60%",100,4.6,0.0533932228729201
2026-02-03,2024-10-30,"4.85%",125,4.85,0.0254958854841557
2026-02-03,2024-10-30,"5.10%",150,5.1,0.0101623824424639
2026-02-03,2024-10-30,"5.35%",175,5.35,0
2026-02-03,2024-10-30,"5.60%",200,5.6,0
2026-02-03,2024-10-30,"5.85%",225,5.85,0
2026-02-03,2024-10-30,"6.10%",250,6.1,0
2026-02-03,2024-10-31,"0.10%",-300,0.1,0
2026-02-03,2024-10-31,"0.35%",-300,0.35,0
2026-02-03,2024-10-31,"0.60%",-300,0.6,0
2026-02-03,2024-10-31,"0.85%",-275,0.85,0
2026-02-03,2024-10-31,"1.10%",-250,1.1,0
2026-02-03,2024-10-31,"1.35%",-225,1.35,0
2026-02-03,2024-10-31,"1.60%",-200,1.6,0
2026-02-03,2024-10-31,"1.85%",-175,1.85,0
2026-02-03,2024-10-31,"2.10%",-150,2.1,0
2026-02-03,2024-10-31,"2.35%",-125,2.35,0
2026-02-03,2024-10-31,"2.60%",-100,2.6,0.0178310627566019
2026-02-03,2024-10-31,"2.85%",-75,2.85,0.0440318584164449
2026-02-03,2024-10-31,"3.10%",-50,3.1,0.0875269774494427
2026-02-03,2024-10-31,"3.35%",-25,3.35,0.140064350624865
2026-02-03,2024-10-31,"3.60%",0,3.6,0.180443798449182
2026-02-03,2024-10-31,"3.85%",25,3.85,0.187152117973372
2026-02-03,2024-10-31,"4.10%",50,4.1,0.156274235859163
2026-02-03,2024-10-31,"4.35%",75,4.35,0.105054074733795
2026-02-03,2024-10-31,"4.60%",100,4.6,0.0568533553190065
2026-02-03,2024-10-31,"4.85%",125,4.85,0.0247681684181268
2026-02-03,2024-10-31,"5.10%",150,5.1,0
2026-02-03,2024-10-31,"5.35%",175,5.35,0
2026-02-03,2024-10-31,"5.60%",200,5.6,0
2026-02-03,2024-10-31,"5.85%",225,5.85,0
2026-02-03,2024-10-31,"6.10%",250,6.1,0
2026-02-03,2024-11-01,"0.10%",-300,0.1,0
2026-02-03,2024-11-01,"0.35%",-300,0.35,0
2026-02-03,2024-11-01,"0.60%",-300,0.6,0
2026-02-03,2024-11-01,"0.85%",-275,0.85,0
2026-02-03,2024-11-01,"1.10%",-250,1.1,0
2026-02-03,2024-11-01,"1.35%",-225,1.35,0
2026-02-03,2024-11-01,"1.60%",-200,1.6,0
2026-02-03,2024-11-01,"1.85%",-175,1.85,0
2026-02-03,2024-11-01,"2.10%",-150,2.1,0
2026-02-03,2024-11-01,"2.35%",-125,2.35,0.0120970712883524
2026-02-03,2024-11-01,"2.60%",-100,2.6,0.0279340978625782
2026-02-03,2024-11-01,"2.85%",-75,2.85,0.0548583223023607
2026-02-03,2024-11-01,"3.10%",-50,3.1,0.0916250515467547
2026-02-03,2024-11-01,"3.35%",-25,3.35,0.130154081305699
2026-02-03,2024-11-01,"3.60%",0,3.6,0.157245686994457
2026-02-03,2024-11-01,"3.85%",25,3.85,0.161577205601488
2026-02-03,2024-11-01,"4.10%",50,4.1,0.141208967171827
2026-02-03,2024-11-01,"4.35%",75,4.35,0.104959836850888
2026-02-03,2024-11-01,"4.60%",100,4.6,0.0663526092812131
2026-02-03,2024-11-01,"4.85%",125,4.85,0.0356746451371464
2026-02-03,2024-11-01,"5.10%",150,5.1,0.0163124246572347
2026-02-03,2024-11-01,"5.35%",175,5.35,0
2026-02-03,2024-11-01,"5.60%",200,5.6,0
2026-02-03,2024-11-01,"5.85%",225,5.85,0
2026-02-03,2024-11-01,"6.10%",250,6.1,0
2026-02-03,2024-11-04,"0.10%",-300,0.1,0
2026-02-03,2024-11-04,"0.35%",-300,0.35,0
2026-02-03,2024-11-04,"0.60%",-300,0.6,0
2026-02-03,2024-11-04,"0.85%",-275,0.85,0
2026-02-03,2024-11-04,"1.10%",-250,1.1,0
2026-02-03,2024-11-04,"1.35%",-225,1.35,0
2026-02-03,2024-11-04,"1.60%",-200,1.6,0
2026-02-03,2024-11-04,"1.85%",-175,1.85,0
2026-02-03,2024-11-04,"2.10%",-150,2.1,0.0136147711818129
2026-02-03,2024-11-04,"2.35%",-125,2.35,0.0259718847825793
2026-02-03,2024-11-04,"2.60%",-100,2.6,0.0445094057041874
2026-02-03,2024-11-04,"2.85%",-75,2.85,0.0685263711065034
2026-02-03,2024-11-04,"3.10%",-50,3.1,0.0947814227637416
2026-02-03,2024-11-04,"3.35%",-25,3.35,0.117774083519018
2026-02-03,2024-11-04,"3.60%",0,3.6,0.131473508044978
2026-02-03,2024-11-04,"3.85%",25,3.85,0.131852776343399
2026-02-03,2024-11-04,"4.10%",50,4.1,0.118796276837166
2026-02-03,2024-11-04,"4.35%",75,4.35,0.0961564514958589
2026-02-03,2024-11-04,"4.60%",100,4.6,0.0699222044084984
2026-02-03,2024-11-04,"4.85%",125,4.85,0.0456784583312138
2026-02-03,2024-11-04,"5.10%",150,5.1,0.0268080664027414
2026-02-03,2024-11-04,"5.35%",175,5.35,0.0141343190783013
2026-02-03,2024-11-04,"5.60%",200,5.6,0
2026-02-03,2024-11-04,"5.85%",225,5.85,0
2026-02-03,2024-11-04,"6.10%",250,6.1,0
2026-02-03,2024-11-05,"0.10%",-300,0.1,0
2026-02-03,2024-11-05,"0.35%",-300,0.35,0
2026-02-03,2024-11-05,"0.60%",-300,0.6,0
2026-02-03,2024-11-05,"0.85%",-275,0.85,0
2026-02-03,2024-11-05,"1.10%",-250,1.1,0
2026-02-03,2024-11-05,"1.35%",-225,1.35,0
2026-02-03,2024-11-05,"1.60%",-200,1.6,0
2026-02-03,2024-11-05,"1.85%",-175,1.85,0
2026-02-03,2024-11-05,"2.10%",-150,2.1,0
2026-02-03,2024-11-05,"2.35%",-125,2.35,0
2026-02-03,2024-11-05,"2.60%",-100,2.6,0.0245057559299342
2026-02-03,2024-11-05,"2.85%",-75,2.85,0.0507246611036795
2026-02-03,2024-11-05,"3.10%",-50,3.1,0.0884682051727936
2026-02-03,2024-11-05,"3.35%",-25,3.35,0.130011732315821
2026-02-03,2024-11-05,"3.60%",0,3.6,0.160994978224376
2026-02-03,2024-11-05,"3.85%",25,3.85,0.167988903618901
2026-02-03,2024-11-05,"4.10%",50,4.1,0.14770260218213
2026-02-03,2024-11-05,"4.35%",75,4.35,0.109429030951438
2026-02-03,2024-11-05,"4.60%",100,4.6,0.0683137597326251
2026-02-03,2024-11-05,"4.85%",125,4.85,0.035934061195676
2026-02-03,2024-11-05,"5.10%",150,5.1,0.0159263095726252
2026-02-03,2024-11-05,"5.35%",175,5.35,0
2026-02-03,2024-11-05,"5.60%",200,5.6,0
2026-02-03,2024-11-05,"5.85%",225,5.85,0
2026-02-03,2024-11-05,"6.10%",250,6.1,0
2026-02-03,2024-11-06,"0.10%",-300,0.1,0
2026-02-03,2024-11-06,"0.35%",-300,0.35,0
2026-02-03,2024-11-06,"0.60%",-300,0.6,0
2026-02-03,2024-11-06,"0.85%",-275,0.85,0
2026-02-03,2024-11-06,"1.10%",-250,1.1,0
2026-02-03,2024-11-06,"1.35%",-225,1.35,0
2026-02-03,2024-11-06,"1.60%",-200,1.6,0
2026-02-03,2024-11-06,"1.85%",-175,1.85,0
2026-02-03,2024-11-06,"2.10%",-150,2.1,0
2026-02-03,2024-11-06,"2.35%",-125,2.35,0
2026-02-03,2024-11-06,"2.60%",-100,2.6,0.0190988067120606
2026-02-03,2024-11-06,"2.85%",-75,2.85,0.0424668724430466
2026-02-03,2024-11-06,"3.10%",-50,3.1,0.0789008142934196
2026-02-03,2024-11-06,"3.35%",-25,3.35,0.122493480245227
2026-02-03,2024-11-06,"3.60%",0,3.6,0.158911087996532
2026-02-03,2024-11-06,"3.85%",25,3.85,0.172270462965254
2026-02-03,2024-11-06,"4.10%",50,4.1,0.156057481983824
2026-02-03,2024-11-06,"4.35%",75,4.35,0.118133580486391
2026-02-03,2024-11-06,"4.60%",100,4.6,0.0747258895928709
2026-02-03,2024-11-06,"4.85%",125,4.85,0.0394973484090673
2026-02-03,2024-11-06,"5.10%",150,5.1,0.0174441748723075
2026-02-03,2024-11-06,"5.35%",175,5.35,0
2026-02-03,2024-11-06,"5.60%",200,5.6,0
2026-02-03,2024-11-06,"5.85%",225,5.85,0
2026-02-03,2024-11-06,"6.10%",250,6.1,0
2026-02-03,2024-11-07,"0.10%",-300,0.1,0
2026-02-03,2024-11-07,"0.35%",-300,0.35,0
2026-02-03,2024-11-07,"0.60%",-300,0.6,0
2026-02-03,2024-11-07,"0.85%",-275,0.85,0
2026-02-03,2024-11-07,"1.10%",-250,1.1,0
2026-02-03,2024-11-07,"1.35%",-225,1.35,0
2026-02-03,2024-11-07,"1.60%",-200,1.6,0
2026-02-03,2024-11-07,"1.85%",-175,1.85,0
2026-02-03,2024-11-07,"2.10%",-150,2.1,0
2026-02-03,2024-11-07,"2.35%",-125,2.35,0
2026-02-03,2024-11-07,"2.60%",-100,2.6,0.0174952539663532
2026-02-03,2024-11-07,"2.85%",-75,2.85,0.0406632404779315
2026-02-03,2024-11-07,"3.10%",-50,3.1,0.0781216382167936
2026-02-03,2024-11-07,"3.35%",-25,3.35,0.124063714584966
2026-02-03,2024-11-07,"3.60%",0,3.6,0.16286739839877
2026-02-03,2024-11-07,"3.85%",25,3.85,0.176744755416516
2026-02-03,2024-11-07,"4.10%",50,4.1,0.158556496929774
2026-02-03,2024-11-07,"4.35%",75,4.35,0.117582813584017
2026-02-03,2024-11-07,"4.60%",100,4.6,0.0720805696391686
2026-02-03,2024-11-07,"4.85%",125,4.85,0.0365253685780373
2026-02-03,2024-11-07,"5.10%",150,5.1,0.0152987502076732
2026-02-03,2024-11-07,"5.35%",175,5.35,0
2026-02-03,2024-11-07,"5.60%",200,5.6,0
2026-02-03,2024-11-07,"5.85%",225,5.85,0
2026-02-03,2024-11-07,"6.10%",250,6.1,0
2026-02-03,2024-11-08,"0.10%",-300,0.1,0
2026-02-03,2024-11-08,"0.35%",-300,0.35,0
2026-02-03,2024-11-08,"0.60%",-300,0.6,0
2026-02-03,2024-11-08,"0.85%",-275,0.85,0
2026-02-03,2024-11-08,"1.10%",-250,1.1,0
2026-02-03,2024-11-08,"1.35%",-225,1.35,0
2026-02-03,2024-11-08,"1.60%",-200,1.6,0
2026-02-03,2024-11-08,"1.85%",-175,1.85,0
2026-02-03,2024-11-08,"2.10%",-150,2.1,0
2026-02-03,2024-11-08,"2.35%",-125,2.35,0
2026-02-03,2024-11-08,"2.60%",-100,2.6,0.0197045218395489
2026-02-03,2024-11-08,"2.85%",-75,2.85,0.0450320559332446
2026-02-03,2024-11-08,"3.10%",-50,3.1,0.0848011011087641
2026-02-03,2024-11-08,"3.35%",-25,3.35,0.131589686512143
2026-02-03,2024-11-08,"3.60%",0,3.6,0.168265359869008
2026-02-03,2024-11-08,"3.85%",25,3.85,0.177307374478079
2026-02-03,2024-11-08,"4.10%",50,4.1,0.153964121392215
2026-02-03,2024-11-08,"4.35%",75,4.35,0.110171443913224
2026-02-03,2024-11-08,"4.60%",100,4.6,0.064963025795073
2026-02-03,2024-11-08,"4.85%",125,4.85,0.031564359275952
2026-02-03,2024-11-08,"5.10%",150,5.1,0.0126369498827473
2026-02-03,2024-11-08,"5.35%",175,5.35,0
2026-02-03,2024-11-08,"5.60%",200,5.6,0
2026-02-03,2024-11-08,"5.85%",225,5.85,0
2026-02-03,2024-11-08,"6.10%",250,6.1,0
2026-02-03,2024-11-12,"0.10%",-300,0.1,0
2026-02-03,2024-11-12,"0.35%",-300,0.35,0
2026-02-03,2024-11-12,"0.60%",-300,0.6,0
2026-02-03,2024-11-12,"0.85%",-275,0.85,0
2026-02-03,2024-11-12,"1.10%",-250,1.1,0
2026-02-03,2024-11-12,"1.35%",-225,1.35,0
2026-02-03,2024-11-12,"1.60%",-200,1.6,0
2026-02-03,2024-11-12,"1.85%",-175,1.85,0
2026-02-03,2024-11-12,"2.10%",-150,2.1,0
2026-02-03,2024-11-12,"2.35%",-125,2.35,0
2026-02-03,2024-11-12,"2.60%",-100,2.6,0.0176289044766731
2026-02-03,2024-11-12,"2.85%",-75,2.85,0.0404440683563026
2026-02-03,2024-11-12,"3.10%",-50,3.1,0.0770555366164437
2026-02-03,2024-11-12,"3.35%",-25,3.35,0.121923506166506
2026-02-03,2024-11-12,"3.60%",0,3.6,0.160219927065305
2026-02-03,2024-11-12,"3.85%",25,3.85,0.174862899771346
2026-02-03,2024-11-12,"4.10%",50,4.1,0.158501361259481
2026-02-03,2024-11-12,"4.35%",75,4.35,0.119321887969436
2026-02-03,2024-11-12,"4.60%",100,4.6,0.0746022992184386
2026-02-03,2024-11-12,"4.85%",125,4.85,0.0387362990888527
2026-02-03,2024-11-12,"5.10%",150,5.1,0.0167033100112148
2026-02-03,2024-11-12,"5.35%",175,5.35,0
2026-02-03,2024-11-12,"5.60%",200,5.6,0
2026-02-03,2024-11-12,"5.85%",225,5.85,0
2026-02-03,2024-11-12,"6.10%",250,6.1,0
2026-02-03,2024-11-13,"0.10%",-300,0.1,0
2026-02-03,2024-11-13,"0.35%",-300,0.35,0
2026-02-03,2024-11-13,"0.60%",-300,0.6,0
2026-02-03,2024-11-13,"0.85%",-275,0.85,0
2026-02-03,2024-11-13,"1.10%",-250,1.1,0
2026-02-03,2024-11-13,"1.35%",-225,1.35,0
2026-02-03,2024-11-13,"1.60%",-200,1.6,0
2026-02-03,2024-11-13,"1.85%",-175,1.85,0
2026-02-03,2024-11-13,"2.10%",-150,2.1,0
2026-02-03,2024-11-13,"2.35%",-125,2.35,0
2026-02-03,2024-11-13,"2.60%",-100,2.6,0
2026-02-03,2024-11-13,"2.85%",-75,2.85,0.026078082295714
2026-02-03,2024-11-13,"3.10%",-50,3.1,0.057672975959581
2026-02-03,2024-11-13,"3.35%",-25,3.35,0.10389393745494
2026-02-03,2024-11-13,"3.60%",0,3.6,0.152457185010842
2026-02-03,2024-11-13,"3.85%",25,3.85,0.182245924638603
2026-02-03,2024-11-13,"4.10%",50,4.1,0.177470352861976
2026-02-03,2024-11-13,"4.35%",75,4.35,0.140783251223876
2026-02-03,2024-11-13,"4.60%",100,4.6,0.0909757866069505
2026-02-03,2024-11-13,"4.85%",125,4.85,0.0478890521880302
2026-02-03,2024-11-13,"5.10%",150,5.1,0.0205334517594874
2026-02-03,2024-11-13,"5.35%",175,5.35,0
2026-02-03,2024-11-13,"5.60%",200,5.6,0
2026-02-03,2024-11-13,"5.85%",225,5.85,0
2026-02-03,2024-11-13,"6.10%",250,6.1,0
2026-02-03,2024-11-14,"0.10%",-300,0.1,0
2026-02-03,2024-11-14,"0.35%",-300,0.35,0
2026-02-03,2024-11-14,"0.60%",-300,0.6,0
2026-02-03,2024-11-14,"0.85%",-275,0.85,0
2026-02-03,2024-11-14,"1.10%",-250,1.1,0
2026-02-03,2024-11-14,"1.35%",-225,1.35,0
2026-02-03,2024-11-14,"1.60%",-200,1.6,0
2026-02-03,2024-11-14,"1.85%",-175,1.85,0
2026-02-03,2024-11-14,"2.10%",-150,2.1,0
2026-02-03,2024-11-14,"2.35%",-125,2.35,0
2026-02-03,2024-11-14,"2.60%",-100,2.6,0
2026-02-03,2024-11-14,"2.85%",-75,2.85,0.0278868557844936
2026-02-03,2024-11-14,"3.10%",-50,3.1,0.0625059583378714
2026-02-03,2024-11-14,"3.35%",-25,3.35,0.112577433188709
2026-02-03,2024-11-14,"3.60%",0,3.6,0.162934132810812
2026-02-03,2024-11-14,"3.85%",25,3.85,0.18950389937182
2026-02-03,2024-11-14,"4.10%",50,4.1,0.17712324907577
2026-02-03,2024-11-14,"4.35%",75,4.35,0.133039819160485
2026-02-03,2024-11-14,"4.60%",100,4.6,0.0803017616269715
2026-02-03,2024-11-14,"4.85%",125,4.85,0.0389480918610702
2026-02-03,2024-11-14,"5.10%",150,5.1,0.0151787987819958
2026-02-03,2024-11-14,"5.35%",175,5.35,0
2026-02-03,2024-11-14,"5.60%",200,5.6,0
2026-02-03,2024-11-14,"5.85%",225,5.85,0
2026-02-03,2024-11-14,"6.10%",250,6.1,0
2026-02-03,2024-11-15,"0.10%",-300,0.1,0
2026-02-03,2024-11-15,"0.35%",-300,0.35,0
2026-02-03,2024-11-15,"0.60%",-300,0.6,0
2026-02-03,2024-11-15,"0.85%",-275,0.85,0
2026-02-03,2024-11-15,"1.10%",-250,1.1,0
2026-02-03,2024-11-15,"1.35%",-225,1.35,0
2026-02-03,2024-11-15,"1.60%",-200,1.6,0
2026-02-03,2024-11-15,"1.85%",-175,1.85,0
2026-02-03,2024-11-15,"2.10%",-150,2.1,0
2026-02-03,2024-11-15,"2.35%",-125,2.35,0
2026-02-03,2024-11-15,"2.60%",-100,2.6,0.0103678734340009
2026-02-03,2024-11-15,"2.85%",-75,2.85,0.0295492414353432
2026-02-03,2024-11-15,"3.10%",-50,3.1,0.0668310167331224
2026-02-03,2024-11-15,"3.35%",-25,3.35,0.119955806923221
2026-02-03,2024-11-15,"3.60%",0,3.6,0.170884524828179
2026-02-03,2024-11-15,"3.85%",25,3.85,0.19321414967306
2026-02-03,2024-11-15,"4.10%",50,4.1,0.173394623634676
2026-02-03,2024-11-15,"4.35%",75,4.35,0.123505911443276
2026-02-03,2024-11-15,"4.60%",100,4.6,0.0698199387328053
2026-02-03,2024-11-15,"4.85%",125,4.85,0.0313245355614201
2026-02-03,2024-11-15,"5.10%",150,5.1,0.011152377600895
2026-02-03,2024-11-15,"5.35%",175,5.35,0
2026-02-03,2024-11-15,"5.60%",200,5.6,0
2026-02-03,2024-11-15,"5.85%",225,5.85,0
2026-02-03,2024-11-15,"6.10%",250,6.1,0
2026-02-03,2024-11-19,"0.10%",-300,0.1,0
2026-02-03,2024-11-19,"0.35%",-300,0.35,0
2026-02-03,2024-11-19,"0.60%",-300,0.6,0
2026-02-03,2024-11-19,"0.85%",-275,0.85,0
2026-02-03,2024-11-19,"1.10%",-250,1.1,0
2026-02-03,2024-11-19,"1.35%",-225,1.35,0
2026-02-03,2024-11-19,"1.60%",-200,1.6,0
2026-02-03,2024-11-19,"1.85%",-175,1.85,0
2026-02-03,2024-11-19,"2.10%",-150,2.1,0
2026-02-03,2024-11-19,"2.35%",-125,2.35,0
2026-02-03,2024-11-19,"2.60%",-100,2.6,0.0108426594530992
2026-02-03,2024-11-19,"2.85%",-75,2.85,0.0340890775230811
2026-02-03,2024-11-19,"3.10%",-50,3.1,0.0811967755041019
2026-02-03,2024-11-19,"3.35%",-25,3.35,0.146545840152382
2026-02-03,2024-11-19,"3.60%",0,3.6,0.200431756944701
2026-02-03,2024-11-19,"3.85%",25,3.85,0.207751140396062
2026-02-03,2024-11-19,"4.10%",50,4.1,0.163195090766574
2026-02-03,2024-11-19,"4.35%",75,4.35,0.0971488845779624
2026-02-03,2024-11-19,"4.60%",100,4.6,0.0438221736575235
2026-02-03,2024-11-19,"4.85%",125,4.85,0.0149766010245142
2026-02-03,2024-11-19,"5.10%",150,5.1,0
2026-02-03,2024-11-19,"5.35%",175,5.35,0
2026-02-03,2024-11-19,"5.60%",200,5.6,0
2026-02-03,2024-11-19,"5.85%",225,5.85,0
2026-02-03,2024-11-19,"6.10%",250,6.1,0
2026-02-03,2024-11-21,"0.10%",-300,0.1,0
2026-02-03,2024-11-21,"0.35%",-300,0.35,0
2026-02-03,2024-11-21,"0.60%",-300,0.6,0
2026-02-03,2024-11-21,"0.85%",-275,0.85,0
2026-02-03,2024-11-21,"1.10%",-250,1.1,0
2026-02-03,2024-11-21,"1.35%",-225,1.35,0
2026-02-03,2024-11-21,"1.60%",-200,1.6,0
2026-02-03,2024-11-21,"1.85%",-175,1.85,0
2026-02-03,2024-11-21,"2.10%",-150,2.1,0
2026-02-03,2024-11-21,"2.35%",-125,2.35,0
2026-02-03,2024-11-21,"2.60%",-100,2.6,0.0106156722787152
2026-02-03,2024-11-21,"2.85%",-75,2.85,0.0310813050654342
2026-02-03,2024-11-21,"3.10%",-50,3.1,0.0713116121062027
2026-02-03,2024-11-21,"3.35%",-25,3.35,0.128225371770414
2026-02-03,2024-11-21,"3.60%",0,3.6,0.180705736150739
2026-02-03,2024-11-21,"3.85%",25,3.85,0.199605711041776
2026-02-03,2024-11-21,"4.10%",50,4.1,0.172815438311986
2026-02-03,2024-11-21,"4.35%",75,4.35,0.117271560416476
2026-02-03,2024-11-21,"4.60%",100,4.6,0.0623709386593133
2026-02-03,2024-11-21,"4.85%",125,4.85,0.0259966541989446
2026-02-03,2024-11-21,"5.10%",150,5.1,0
2026-02-03,2024-11-21,"5.35%",175,5.35,0
2026-02-03,2024-11-21,"5.60%",200,5.6,0
2026-02-03,2024-11-21,"5.85%",225,5.85,0
2026-02-03,2024-11-21,"6.10%",250,6.1,0
2026-02-03,2024-11-25,"0.10%",-300,0.1,0
2026-02-03,2024-11-25,"0.35%",-300,0.35,0
2026-02-03,2024-11-25,"0.60%",-300,0.6,0
2026-02-03,2024-11-25,"0.85%",-275,0.85,0
2026-02-03,2024-11-25,"1.10%",-250,1.1,0
2026-02-03,2024-11-25,"1.35%",-225,1.35,0
2026-02-03,2024-11-25,"1.60%",-200,1.6,0
2026-02-03,2024-11-25,"1.85%",-175,1.85,0
2026-02-03,2024-11-25,"2.10%",-150,2.1,0
2026-02-03,2024-11-25,"2.35%",-125,2.35,0
2026-02-03,2024-11-25,"2.60%",-100,2.6,0.0141315238384836
2026-02-03,2024-11-25,"2.85%",-75,2.85,0.0384546048992767
2026-02-03,2024-11-25,"3.10%",-50,3.1,0.0824832254660073
2026-02-03,2024-11-25,"3.35%",-25,3.35,0.139469176042216
2026-02-03,2024-11-25,"3.60%",0,3.6,0.185914188136871
2026-02-03,2024-11-25,"3.85%",25,3.85,0.195381391765535
2026-02-03,2024-11-25,"4.10%",50,4.1,0.161879844778856
2026-02-03,2024-11-25,"4.35%",75,4.35,0.105738133899763
2026-02-03,2024-11-25,"4.60%",100,4.6,0.054447535916449
2026-02-03,2024-11-25,"4.85%",125,4.85,0.0221003752565425
2026-02-03,2024-11-25,"5.10%",150,5.1,0
2026-02-03,2024-11-25,"5.35%",175,5.35,0
2026-02-03,2024-11-25,"5.60%",200,5.6,0
2026-02-03,2024-11-25,"5.85%",225,5.85,0
2026-02-03,2024-11-25,"6.10%",250,6.1,0
2026-02-03,2024-11-26,"0.10%",-300,0.1,0
2026-02-03,2024-11-26,"0.35%",-300,0.35,0
2026-02-03,2024-11-26,"0.60%",-300,0.6,0
2026-02-03,2024-11-26,"0.85%",-275,0.85,0
2026-02-03,2024-11-26,"1.10%",-250,1.1,0
2026-02-03,2024-11-26,"1.35%",-225,1.35,0
2026-02-03,2024-11-26,"1.60%",-200,1.6,0
2026-02-03,2024-11-26,"1.85%",-175,1.85,0
2026-02-03,2024-11-26,"2.10%",-150,2.1,0
2026-02-03,2024-11-26,"2.35%",-125,2.35,0
2026-02-03,2024-11-26,"2.60%",-100,2.6,0.0161923281439537
2026-02-03,2024-11-26,"2.85%",-75,2.85,0.0418244435425636
2026-02-03,2024-11-26,"3.10%",-50,3.1,0.086031316447939
2026-02-03,2024-11-26,"3.35%",-25,3.35,0.140935226051504
2026-02-03,2024-11-26,"3.60%",0,3.6,0.183882702327499
2026-02-03,2024-11-26,"3.85%",25,3.85,0.191087559699761
2026-02-03,2024-11-26,"4.10%",50,4.1,0.158159722146107
2026-02-03,2024-11-26,"4.35%",75,4.35,0.104261229509697
2026-02-03,2024-11-26,"4.60%",100,4.6,0.054738740516107
2026-02-03,2024-11-26,"4.85%",125,4.85,0.0228867316148686
2026-02-03,2024-11-26,"5.10%",150,5.1,0
2026-02-03,2024-11-26,"5.35%",175,5.35,0
2026-02-03,2024-11-26,"5.60%",200,5.6,0
2026-02-03,2024-11-26,"5.85%",225,5.85,0
2026-02-03,2024-11-26,"6.10%",250,6.1,0
2026-02-03,2024-11-27,"0.10%",-300,0.1,0
2026-02-03,2024-11-27,"0.35%",-300,0.35,0
2026-02-03,2024-11-27,"0.60%",-300,0.6,0
2026-02-03,2024-11-27,"0.85%",-275,0.85,0
2026-02-03,2024-11-27,"1.10%",-250,1.1,0
2026-02-03,2024-11-27,"1.35%",-225,1.35,0
2026-02-03,2024-11-27,"1.60%",-200,1.6,0
2026-02-03,2024-11-27,"1.85%",-175,1.85,0
2026-02-03,2024-11-27,"2.10%",-150,2.1,0
2026-02-03,2024-11-27,"2.35%",-125,2.35,0
2026-02-03,2024-11-27,"2.60%",-100,2.6,0.0143016476640453
2026-02-03,2024-11-27,"2.85%",-75,2.85,0.0405093087637869
2026-02-03,2024-11-27,"3.10%",-50,3.1,0.088709878591508
2026-02-03,2024-11-27,"3.35%",-25,3.35,0.150205611726543
2026-02-03,2024-11-27,"3.60%",0,3.6,0.196666742707359
2026-02-03,2024-11-27,"3.85%",25,3.85,0.199124066667084
2026-02-03,2024-11-27,"4.10%",50,4.1,0.155906941923401
2026-02-03,2024-11-27,"4.35%",75,4.35,0.0943930782137351
2026-02-03,2024-11-27,"4.60%",100,4.6,0.0441891640918476
2026-02-03,2024-11-27,"4.85%",125,4.85,0.0159935596506898
2026-02-03,2024-11-27,"5.10%",150,5.1,0
2026-02-03,2024-11-27,"5.35%",175,5.35,0
2026-02-03,2024-11-27,"5.60%",200,5.6,0
2026-02-03,2024-11-27,"5.85%",225,5.85,0
2026-02-03,2024-11-27,"6.10%",250,6.1,0
2026-02-03,2024-11-28,"0.10%",-300,0.1,0
2026-02-03,2024-11-28,"0.35%",-300,0.35,0
2026-02-03,2024-11-28,"0.60%",-300,0.6,0
2026-02-03,2024-11-28,"0.85%",-275,0.85,0
2026-02-03,2024-11-28,"1.10%",-250,1.1,0
2026-02-03,2024-11-28,"1.35%",-225,1.35,0
2026-02-03,2024-11-28,"1.60%",-200,1.6,0
2026-02-03,2024-11-28,"1.85%",-175,1.85,0
2026-02-03,2024-11-28,"2.10%",-150,2.1,0
2026-02-03,2024-11-28,"2.35%",-125,2.35,0
2026-02-03,2024-11-28,"2.60%",-100,2.6,0.022963670625901
2026-02-03,2024-11-28,"2.85%",-75,2.85,0.0551849211877089
2026-02-03,2024-11-28,"3.10%",-50,3.1,0.105336930568536
2026-02-03,2024-11-28,"3.35%",-25,3.35,0.159716976317182
2026-02-03,2024-11-28,"3.60%",0,3.6,0.192375951610426
2026-02-03,2024-11-28,"3.85%",25,3.85,0.184072281010091
2026-02-03,2024-11-28,"4.10%",50,4.1,0.139914223426095
2026-02-03,2024-11-28,"4.35%",75,4.35,0.0844808967484115
2026-02-03,2024-11-28,"4.60%",100,4.6,0.0405186858060751
2026-02-03,2024-11-28,"4.85%",125,4.85,0.015435462699575
2026-02-03,2024-11-28,"5.10%",150,5.1,0
2026-02-03,2024-11-28,"5.35%",175,5.35,0
2026-02-03,2024-11-28,"5.60%",200,5.6,0
2026-02-03,2024-11-28,"5.85%",225,5.85,0
2026-02-03,2024-11-28,"6.10%",250,6.1,0
2026-02-03,2024-11-29,"0.10%",-300,0.1,0
2026-02-03,2024-11-29,"0.35%",-300,0.35,0
2026-02-03,2024-11-29,"0.60%",-300,0.6,0
2026-02-03,2024-11-29,"0.85%",-275,0.85,0
2026-02-03,2024-11-29,"1.10%",-250,1.1,0
2026-02-03,2024-11-29,"1.35%",-225,1.35,0
2026-02-03,2024-11-29,"1.60%",-200,1.6,0
2026-02-03,2024-11-29,"1.85%",-175,1.85,0
2026-02-03,2024-11-29,"2.10%",-150,2.1,0
2026-02-03,2024-11-29,"2.35%",-125,2.35,0
2026-02-03,2024-11-29,"2.60%",-100,2.6,0.0184622568232762
2026-02-03,2024-11-29,"2.85%",-75,2.85,0.0487218041315887
2026-02-03,2024-11-29,"3.10%",-50,3.1,0.100039084269491
2026-02-03,2024-11-29,"3.35%",-25,3.35,0.159832656873906
2026-02-03,2024-11-29,"3.60%",0,3.6,0.19871864216505
2026-02-03,2024-11-29,"3.85%",25,3.85,0.192265824280778
2026-02-03,2024-11-29,"4.10%",50,4.1,0.144761799630667
2026-02-03,2024-11-29,"4.35%",75,4.35,0.0848158873807448
2026-02-03,2024-11-29,"4.60%",100,4.6,0.0386669785734306
2026-02-03,2024-11-29,"4.85%",125,4.85,0.0137150658710677
2026-02-03,2024-11-29,"5.10%",150,5.1,0
2026-02-03,2024-11-29,"5.35%",175,5.35,0
2026-02-03,2024-11-29,"5.60%",200,5.6,0
2026-02-03,2024-11-29,"5.85%",225,5.85,0
2026-02-03,2024-11-29,"6.10%",250,6.1,0
2026-02-03,2024-12-02,"0.10%",-300,0.1,0
2026-02-03,2024-12-02,"0.35%",-300,0.35,0
2026-02-03,2024-12-02,"0.60%",-300,0.6,0
2026-02-03,2024-12-02,"0.85%",-275,0.85,0
2026-02-03,2024-12-02,"1.10%",-250,1.1,0
2026-02-03,2024-12-02,"1.35%",-225,1.35,0
2026-02-03,2024-12-02,"1.60%",-200,1.6,0
2026-02-03,2024-12-02,"1.85%",-175,1.85,0
2026-02-03,2024-12-02,"2.10%",-150,2.1,0
2026-02-03,2024-12-02,"2.35%",-125,2.35,0
2026-02-03,2024-12-02,"2.60%",-100,2.6,0.0221521833182909
2026-02-03,2024-12-02,"2.85%",-75,2.85,0.0521360305157439
2026-02-03,2024-12-02,"3.10%",-50,3.1,0.0987918652831278
2026-02-03,2024-12-02,"3.35%",-25,3.35,0.15072667693318
2026-02-03,2024-12-02,"3.60%",0,3.6,0.185165846170956
2026-02-03,2024-12-02,"3.85%",25,3.85,0.183164538834438
2026-02-03,2024-12-02,"4.10%",50,4.1,0.145891920786688
2026-02-03,2024-12-02,"4.35%",75,4.35,0.093566774163692
2026-02-03,2024-12-02,"4.60%",100,4.6,0.0483165296092847
2026-02-03,2024-12-02,"4.85%",125,4.85,0.020087634384598
2026-02-03,2024-12-02,"5.10%",150,5.1,0
2026-02-03,2024-12-02,"5.35%",175,5.35,0
2026-02-03,2024-12-02,"5.60%",200,5.6,0
2026-02-03,2024-12-02,"5.85%",225,5.85,0
2026-02-03,2024-12-02,"6.10%",250,6.1,0
2026-02-03,2024-12-03,"0.10%",-300,0.1,0
2026-02-03,2024-12-03,"0.35%",-300,0.35,0
2026-02-03,2024-12-03,"0.60%",-300,0.6,0
2026-02-03,2024-12-03,"0.85%",-275,0.85,0
2026-02-03,2024-12-03,"1.10%",-250,1.1,0
2026-02-03,2024-12-03,"1.35%",-225,1.35,0
2026-02-03,2024-12-03,"1.60%",-200,1.6,0
2026-02-03,2024-12-03,"1.85%",-175,1.85,0
2026-02-03,2024-12-03,"2.10%",-150,2.1,0
2026-02-03,2024-12-03,"2.35%",-125,2.35,0
2026-02-03,2024-12-03,"2.60%",-100,2.6,0.0238998863045678
2026-02-03,2024-12-03,"2.85%",-75,2.85,0.0559379813507775
2026-02-03,2024-12-03,"3.10%",-50,3.1,0.104838858930807
2026-02-03,2024-12-03,"3.35%",-25,3.35,0.157350344317587
2026-02-03,2024-12-03,"3.60%",0,3.6,0.18912970115556
2026-02-03,2024-12-03,"3.85%",25,3.85,0.18205644289162
2026-02-03,2024-12-03,"4.10%",50,4.1,0.140347621871243
2026-02-03,2024-12-03,"4.35%",75,4.35,0.0866454894016901
2026-02-03,2024-12-03,"4.60%",100,4.6,0.0428360105419729
2026-02-03,2024-12-03,"4.85%",125,4.85,0.0169576632341741
2026-02-03,2024-12-03,"5.10%",150,5.1,0
2026-02-03,2024-12-03,"5.35%",175,5.35,0
2026-02-03,2024-12-03,"5.60%",200,5.6,0
2026-02-03,2024-12-03,"5.85%",225,5.85,0
2026-02-03,2024-12-03,"6.10%",250,6.1,0
2026-02-03,2024-12-04,"0.10%",-300,0.1,0
2026-02-03,2024-12-04,"0.35%",-300,0.35,0
2026-02-03,2024-12-04,"0.60%",-300,0.6,0
2026-02-03,2024-12-04,"0.85%",-275,0.85,0
2026-02-03,2024-12-04,"1.10%",-250,1.1,0
2026-02-03,2024-12-04,"1.35%",-225,1.35,0
2026-02-03,2024-12-04,"1.60%",-200,1.6,0
2026-02-03,2024-12-04,"1.85%",-175,1.85,0
2026-02-03,2024-12-04,"2.10%",-150,2.1,0
2026-02-03,2024-12-04,"2.35%",-125,2.35,0
2026-02-03,2024-12-04,"2.60%",-100,2.6,0.0279879126983161
2026-02-03,2024-12-04,"2.85%",-75,2.85,0.068618263920408
2026-02-03,2024-12-04,"3.10%",-50,3.1,0.129299355354331
2026-02-03,2024-12-04,"3.35%",-25,3.35,0.187276505016059
2026-02-03,2024-12-04,"3.60%",0,3.6,0.208509647020085
2026-02-03,2024-12-04,"3.85%",25,3.85,0.178456526178983
2026-02-03,2024-12-04,"4.10%",50,4.1,0.117406266630096
2026-02-03,2024-12-04,"4.35%",75,4.35,0.0593709253972332
2026-02-03,2024-12-04,"4.60%",100,4.6,0.0230745977844888
2026-02-03,2024-12-04,"4.85%",125,4.85,0
2026-02-03,2024-12-04,"5.10%",150,5.1,0
2026-02-03,2024-12-04,"5.35%",175,5.35,0
2026-02-03,2024-12-04,"5.60%",200,5.6,0
2026-02-03,2024-12-04,"5.85%",225,5.85,0
2026-02-03,2024-12-04,"6.10%",250,6.1,0
2026-02-03,2024-12-05,"0.10%",-300,0.1,0
2026-02-03,2024-12-05,"0.35%",-300,0.35,0
2026-02-03,2024-12-05,"0.60%",-300,0.6,0
2026-02-03,2024-12-05,"0.85%",-275,0.85,0
2026-02-03,2024-12-05,"1.10%",-250,1.1,0
2026-02-03,2024-12-05,"1.35%",-225,1.35,0
2026-02-03,2024-12-05,"1.60%",-200,1.6,0
2026-02-03,2024-12-05,"1.85%",-175,1.85,0
2026-02-03,2024-12-05,"2.10%",-150,2.1,0
2026-02-03,2024-12-05,"2.35%",-125,2.35,0
2026-02-03,2024-12-05,"2.60%",-100,2.6,0.0266205285462217
2026-02-03,2024-12-05,"2.85%",-75,2.85,0.0680214404950279
2026-02-03,2024-12-05,"3.10%",-50,3.1,0.131559954906056
2026-02-03,2024-12-05,"3.35%",-25,3.35,0.192620828757771
2026-02-03,2024-12-05,"3.60%",0,3.6,0.213508771374993
2026-02-03,2024-12-05,"3.85%",25,3.85,0.179171811886249
2026-02-03,2024-12-05,"4.10%",50,4.1,0.113828393994994
2026-02-03,2024-12-05,"4.35%",75,4.35,0.0547420965314262
2026-02-03,2024-12-05,"4.60%",100,4.6,0.0199261735072617
2026-02-03,2024-12-05,"4.85%",125,4.85,0
2026-02-03,2024-12-05,"5.10%",150,5.1,0
2026-02-03,2024-12-05,"5.35%",175,5.35,0
2026-02-03,2024-12-05,"5.60%",200,5.6,0
2026-02-03,2024-12-05,"5.85%",225,5.85,0
2026-02-03,2024-12-05,"6.10%",250,6.1,0
2026-02-03,2024-12-06,"0.10%",-300,0.1,0
2026-02-03,2024-12-06,"0.35%",-300,0.35,0
2026-02-03,2024-12-06,"0.60%",-300,0.6,0
2026-02-03,2024-12-06,"0.85%",-275,0.85,0
2026-02-03,2024-12-06,"1.10%",-250,1.1,0
2026-02-03,2024-12-06,"1.35%",-225,1.35,0
2026-02-03,2024-12-06,"1.60%",-200,1.6,0
2026-02-03,2024-12-06,"1.85%",-175,1.85,0
2026-02-03,2024-12-06,"2.10%",-150,2.1,0
2026-02-03,2024-12-06,"2.35%",-125,2.35,0.0110189729705002
2026-02-03,2024-12-06,"2.60%",-100,2.6,0.032815056199226
2026-02-03,2024-12-06,"2.85%",-75,2.85,0.0757550573560614
2026-02-03,2024-12-06,"3.10%",-50,3.1,0.13558338515165
2026-02-03,2024-12-06,"3.35%",-25,3.35,0.188145325505402
2026-02-03,2024-12-06,"3.60%",0,3.6,0.202438456771688
2026-02-03,2024-12-06,"3.85%",25,3.85,0.16889229999994
2026-02-03,2024-12-06,"4.10%",50,4.1,0.109252785772809
2026-02-03,2024-12-06,"4.35%",75,4.35,0.0547941183777731
2026-02-03,2024-12-06,"4.60%",100,4.6,0.0213045418949501
2026-02-03,2024-12-06,"4.85%",125,4.85,0
2026-02-03,2024-12-06,"5.10%",150,5.1,0
2026-02-03,2024-12-06,"5.35%",175,5.35,0
2026-02-03,2024-12-06,"5.60%",200,5.6,0
2026-02-03,2024-12-06,"5.85%",225,5.85,0
2026-02-03,2024-12-06,"6.10%",250,6.1,0
2026-02-03,2024-12-09,"0.10%",-300,0.1,0
2026-02-03,2024-12-09,"0.35%",-300,0.35,0
2026-02-03,2024-12-09,"0.60%",-300,0.6,0
2026-02-03,2024-12-09,"0.85%",-275,0.85,0
2026-02-03,2024-12-09,"1.10%",-250,1.1,0
2026-02-03,2024-12-09,"1.35%",-225,1.35,0
2026-02-03,2024-12-09,"1.60%",-200,1.6,0
2026-02-03,2024-12-09,"1.85%",-175,1.85,0
2026-02-03,2024-12-09,"2.10%",-150,2.1,0
2026-02-03,2024-12-09,"2.35%",-125,2.35,0.0175093220778734
2026-02-03,2024-12-09,"2.60%",-100,2.6,0.0431646937423561
2026-02-03,2024-12-09,"2.85%",-75,2.85,0.0858704871152405
2026-02-03,2024-12-09,"3.10%",-50,3.1,0.137860517820594
2026-02-03,2024-12-09,"3.35%",-25,3.35,0.178621612596482
2026-02-03,2024-12-09,"3.60%",0,3.6,0.186782366380721
2026-02-03,2024-12-09,"3.85%",25,3.85,0.157633014179205
2026-02-03,2024-12-09,"4.10%",50,4.1,0.10736471810917
2026-02-03,2024-12-09,"4.35%",75,4.35,0.0590153368435019
2026-02-03,2024-12-09,"4.60%",100,4.6,0.026177931134857
2026-02-03,2024-12-09,"4.85%",125,4.85,0
2026-02-03,2024-12-09,"5.10%",150,5.1,0
2026-02-03,2024-12-09,"5.35%",175,5.35,0
2026-02-03,2024-12-09,"5.60%",200,5.6,0
2026-02-03,2024-12-09,"5.85%",225,5.85,0
2026-02-03,2024-12-09,"6.10%",250,6.1,0
2026-02-03,2024-12-10,"0.10%",-300,0.1,0
2026-02-03,2024-12-10,"0.35%",-300,0.35,0
2026-02-03,2024-12-10,"0.60%",-300,0.6,0
2026-02-03,2024-12-10,"0.85%",-275,0.85,0
2026-02-03,2024-12-10,"1.10%",-250,1.1,0
2026-02-03,2024-12-10,"1.35%",-225,1.35,0
2026-02-03,2024-12-10,"1.60%",-200,1.6,0
2026-02-03,2024-12-10,"1.85%",-175,1.85,0
2026-02-03,2024-12-10,"2.10%",-150,2.1,0
2026-02-03,2024-12-10,"2.35%",-125,2.35,0.0213796637176308
2026-02-03,2024-12-10,"2.60%",-100,2.6,0.0542776694005463
2026-02-03,2024-12-10,"2.85%",-75,2.85,0.107461626515211
2026-02-03,2024-12-10,"3.10%",-50,3.1,0.1659343011859
2026-02-03,2024-12-10,"3.35%",-25,3.35,0.19984561131891
2026-02-03,2024-12-10,"3.60%",0,3.6,0.187732576426308
2026-02-03,2024-12-10,"3.85%",25,3.85,0.137552210019948
2026-02-03,2024-12-10,"4.10%",50,4.1,0.0786068293064897
2026-02-03,2024-12-10,"4.35%",75,4.35,0.0350336756637205
2026-02-03,2024-12-10,"4.60%",100,4.6,0.0121758364453359
2026-02-03,2024-12-10,"4.85%",125,4.85,0
2026-02-03,2024-12-10,"5.10%",150,5.1,0
2026-02-03,2024-12-10,"5.35%",175,5.35,0
2026-02-03,2024-12-10,"5.60%",200,5.6,0
2026-02-03,2024-12-10,"5.85%",225,5.85,0
2026-02-03,2024-12-10,"6.10%",250,6.1,0
2026-02-03,2024-12-12,"0.10%",-300,0.1,0
2026-02-03,2024-12-12,"0.35%",-300,0.35,0
2026-02-03,2024-12-12,"0.60%",-300,0.6,0
2026-02-03,2024-12-12,"0.85%",-275,0.85,0
2026-02-03,2024-12-12,"1.10%",-250,1.1,0
2026-02-03,2024-12-12,"1.35%",-225,1.35,0
2026-02-03,2024-12-12,"1.60%",-200,1.6,0
2026-02-03,2024-12-12,"1.85%",-175,1.85,0
2026-02-03,2024-12-12,"2.10%",-150,2.1,0
2026-02-03,2024-12-12,"2.35%",-125,2.35,0.0197220697508957
2026-02-03,2024-12-12,"2.60%",-100,2.6,0.0459721062841514
2026-02-03,2024-12-12,"2.85%",-75,2.85,0.0875548195672785
2026-02-03,2024-12-12,"3.10%",-50,3.1,0.136247617164315
2026-02-03,2024-12-12,"3.35%",-25,3.35,0.173242551923632
2026-02-03,2024-12-12,"3.60%",0,3.6,0.179996680556454
2026-02-03,2024-12-12,"3.85%",25,3.85,0.152812851946713
2026-02-03,2024-12-12,"4.10%",50,4.1,0.106007263690806
2026-02-03,2024-12-12,"4.35%",75,4.35,0.0600869868738928
2026-02-03,2024-12-12,"4.60%",100,4.6,0.0278276806243596
2026-02-03,2024-12-12,"4.85%",125,4.85,0.0105293716175015
2026-02-03,2024-12-12,"5.10%",150,5.1,0
2026-02-03,2024-12-12,"5.35%",175,5.35,0
2026-02-03,2024-12-12,"5.60%",200,5.6,0
2026-02-03,2024-12-12,"5.85%",225,5.85,0
2026-02-03,2024-12-12,"6.10%",250,6.1,0
2026-02-03,2024-12-13,"0.10%",-300,0.1,0
2026-02-03,2024-12-13,"0.35%",-300,0.35,0
2026-02-03,2024-12-13,"0.60%",-300,0.6,0
2026-02-03,2024-12-13,"0.85%",-275,0.85,0
2026-02-03,2024-12-13,"1.10%",-250,1.1,0
2026-02-03,2024-12-13,"1.35%",-225,1.35,0
2026-02-03,2024-12-13,"1.60%",-200,1.6,0
2026-02-03,2024-12-13,"1.85%",-175,1.85,0
2026-02-03,2024-12-13,"2.10%",-150,2.1,0
2026-02-03,2024-12-13,"2.35%",-125,2.35,0.0209283655085116
2026-02-03,2024-12-13,"2.60%",-100,2.6,0.0460567295600812
2026-02-03,2024-12-13,"2.85%",-75,2.85,0.0844016181155201
2026-02-03,2024-12-13,"3.10%",-50,3.1,0.128801803722843
2026-02-03,2024-12-13,"3.35%",-25,3.35,0.163687776489437
2026-02-03,2024-12-13,"3.60%",0,3.6,0.173236421861634
2026-02-03,2024-12-13,"3.85%",25,3.85,0.152683505625656
2026-02-03,2024-12-13,"4.10%",50,4.1,0.112065539291165
2026-02-03,2024-12-13,"4.35%",75,4.35,0.0684970698234842
2026-02-03,2024-12-13,"4.60%",100,4.6,0.0348642783717407
2026-02-03,2024-12-13,"4.85%",125,4.85,0.0147768916299279
2026-02-03,2024-12-13,"5.10%",150,5.1,0
2026-02-03,2024-12-13,"5.35%",175,5.35,0
2026-02-03,2024-12-13,"5.60%",200,5.6,0
2026-02-03,2024-12-13,"5.85%",225,5.85,0
2026-02-03,2024-12-13,"6.10%",250,6.1,0
2026-02-03,2024-12-16,"0.10%",-300,0.1,0
2026-02-03,2024-12-16,"0.35%",-300,0.35,0
2026-02-03,2024-12-16,"0.60%",-300,0.6,0
2026-02-03,2024-12-16,"0.85%",-275,0.85,0
2026-02-03,2024-12-16,"1.10%",-250,1.1,0
2026-02-03,2024-12-16,"1.35%",-225,1.35,0
2026-02-03,2024-12-16,"1.60%",-200,1.6,0
2026-02-03,2024-12-16,"1.85%",-175,1.85,0
2026-02-03,2024-12-16,"2.10%",-150,2.1,0
2026-02-03,2024-12-16,"2.35%",-125,2.35,0.0146941546833812
2026-02-03,2024-12-16,"2.60%",-100,2.6,0.0380586018185832
2026-02-03,2024-12-16,"2.85%",-75,2.85,0.0791168123070814
2026-02-03,2024-12-16,"3.10%",-50,3.1,0.132014234461813
2026-02-03,2024-12-16,"3.35%",-25,3.35,0.176819033283988
2026-02-03,2024-12-16,"3.60%",0,3.6,0.190110126205831
2026-02-03,2024-12-16,"3.85%",25,3.85,0.164078773913805
2026-02-03,2024-12-16,"4.10%",50,4.1,0.113674887106249
2026-02-03,2024-12-16,"4.35%",75,4.35,0.0632159952197246
2026-02-03,2024-12-16,"4.60%",100,4.6,0.0282173809995436
2026-02-03,2024-12-16,"4.85%",125,4.85,0
2026-02-03,2024-12-16,"5.10%",150,5.1,0
2026-02-03,2024-12-16,"5.35%",175,5.35,0
2026-02-03,2024-12-16,"5.60%",200,5.6,0
2026-02-03,2024-12-16,"5.85%",225,5.85,0
2026-02-03,2024-12-16,"6.10%",250,6.1,0
2026-02-03,2024-12-17,"0.10%",-300,0.1,0
2026-02-03,2024-12-17,"0.35%",-300,0.35,0
2026-02-03,2024-12-17,"0.60%",-300,0.6,0
2026-02-03,2024-12-17,"0.85%",-275,0.85,0
2026-02-03,2024-12-17,"1.10%",-250,1.1,0
2026-02-03,2024-12-17,"1.35%",-225,1.35,0
2026-02-03,2024-12-17,"1.60%",-200,1.6,0
2026-02-03,2024-12-17,"1.85%",-175,1.85,0
2026-02-03,2024-12-17,"2.10%",-150,2.1,0
2026-02-03,2024-12-17,"2.35%",-125,2.35,0.0177353947624389
2026-02-03,2024-12-17,"2.60%",-100,2.6,0.0434347019220137
2026-02-03,2024-12-17,"2.85%",-75,2.85,0.0859853681893831
2026-02-03,2024-12-17,"3.10%",-50,3.1,0.137603038856224
2026-02-03,2024-12-17,"3.35%",-25,3.35,0.178018088859002
2026-02-03,2024-12-17,"3.60%",0,3.6,0.18618395175149
2026-02-03,2024-12-17,"3.85%",25,3.85,0.157421480684266
2026-02-03,2024-12-17,"4.10%",50,4.1,0.107602723140893
2026-02-03,2024-12-17,"4.35%",75,4.35,0.059457453996721
2026-02-03,2024-12-17,"4.60%",100,4.6,0.0265577978375674
2026-02-03,2024-12-17,"4.85%",125,4.85,0
2026-02-03,2024-12-17,"5.10%",150,5.1,0
2026-02-03,2024-12-17,"5.35%",175,5.35,0
2026-02-03,2024-12-17,"5.60%",200,5.6,0
2026-02-03,2024-12-17,"5.85%",225,5.85,0
2026-02-03,2024-12-17,"6.10%",250,6.1,0
2026-02-03,2024-12-18,"0.10%",-300,0.1,0
2026-02-03,2024-12-18,"0.35%",-300,0.35,0
2026-02-03,2024-12-18,"0.60%",-300,0.6,0
2026-02-03,2024-12-18,"0.85%",-275,0.85,0
2026-02-03,2024-12-18,"1.10%",-250,1.1,0
2026-02-03,2024-12-18,"1.35%",-225,1.35,0
2026-02-03,2024-12-18,"1.60%",-200,1.6,0
2026-02-03,2024-12-18,"1.85%",-175,1.85,0
2026-02-03,2024-12-18,"2.10%",-150,2.1,0
2026-02-03,2024-12-18,"2.35%",-125,2.35,0.0210072181164131
2026-02-03,2024-12-18,"2.60%",-100,2.6,0.0491576826431534
2026-02-03,2024-12-18,"2.85%",-75,2.85,0.0933519678587359
2026-02-03,2024-12-18,"3.10%",-50,3.1,0.143875282776404
2026-02-03,2024-12-18,"3.35%",-25,3.35,0.179967568799001
2026-02-03,2024-12-18,"3.60%",0,3.6,0.182707069685656
2026-02-03,2024-12-18,"3.85%",25,3.85,0.15054627683387
2026-02-03,2024-12-18,"4.10%",50,4.1,0.100677306248281
2026-02-03,2024-12-18,"4.35%",75,4.35,0.054641969544108
2026-02-03,2024-12-18,"4.60%",100,4.6,0.0240676574943776
2026-02-03,2024-12-18,"4.85%",125,4.85,0
2026-02-03,2024-12-18,"5.10%",150,5.1,0
2026-02-03,2024-12-18,"5.35%",175,5.35,0
2026-02-03,2024-12-18,"5.60%",200,5.6,0
2026-02-03,2024-12-18,"5.85%",225,5.85,0
2026-02-03,2024-12-18,"6.10%",250,6.1,0
2026-02-03,2024-12-19,"0.10%",-300,0.1,0
2026-02-03,2024-12-19,"0.35%",-300,0.35,0
2026-02-03,2024-12-19,"0.60%",-300,0.6,0
2026-02-03,2024-12-19,"0.85%",-275,0.85,0
2026-02-03,2024-12-19,"1.10%",-250,1.1,0
2026-02-03,2024-12-19,"1.35%",-225,1.35,0
2026-02-03,2024-12-19,"1.60%",-200,1.6,0
2026-02-03,2024-12-19,"1.85%",-175,1.85,0
2026-02-03,2024-12-19,"2.10%",-150,2.1,0
2026-02-03,2024-12-19,"2.35%",-125,2.35,0
2026-02-03,2024-12-19,"2.60%",-100,2.6,0.0264588218773133
2026-02-03,2024-12-19,"2.85%",-75,2.85,0.0643817647266316
2026-02-03,2024-12-19,"3.10%",-50,3.1,0.121780206170183
2026-02-03,2024-12-19,"3.35%",-25,3.35,0.179081069151185
2026-02-03,2024-12-19,"3.60%",0,3.6,0.204741123271933
2026-02-03,2024-12-19,"3.85%",25,3.85,0.181991492374485
2026-02-03,2024-12-19,"4.10%",50,4.1,0.125770996529267
2026-02-03,2024-12-19,"4.35%",75,4.35,0.067572656983202
2026-02-03,2024-12-19,"4.60%",100,4.6,0.0282218689157992
2026-02-03,2024-12-19,"4.85%",125,4.85,0
2026-02-03,2024-12-19,"5.10%",150,5.1,0
2026-02-03,2024-12-19,"5.35%",175,5.35,0
2026-02-03,2024-12-19,"5.60%",200,5.6,0
2026-02-03,2024-12-19,"5.85%",225,5.85,0
2026-02-03,2024-12-19,"6.10%",250,6.1,0
2026-02-03,2024-12-20,"0.10%",-300,0.1,0
2026-02-03,2024-12-20,"0.35%",-300,0.35,0
2026-02-03,2024-12-20,"0.60%",-300,0.6,0
2026-02-03,2024-12-20,"0.85%",-275,0.85,0
2026-02-03,2024-12-20,"1.10%",-250,1.1,0
2026-02-03,2024-12-20,"1.35%",-225,1.35,0
2026-02-03,2024-12-20,"1.60%",-200,1.6,0
2026-02-03,2024-12-20,"1.85%",-175,1.85,0
2026-02-03,2024-12-20,"2.10%",-150,2.1,0
2026-02-03,2024-12-20,"2.35%",-125,2.35,0.0111984412899468
2026-02-03,2024-12-20,"2.60%",-100,2.6,0.0299383842869994
2026-02-03,2024-12-20,"2.85%",-75,2.85,0.0647917509273071
2026-02-03,2024-12-20,"3.10%",-50,3.1,0.113516235114738
2026-02-03,2024-12-20,"3.35%",-25,3.35,0.161013654321008
2026-02-03,2024-12-20,"3.60%",0,3.6,0.184903990523986
2026-02-03,2024-12-20,"3.85%",25,3.85,0.171914953208252
2026-02-03,2024-12-20,"4.10%",50,4.1,0.129408323128909
2026-02-03,2024-12-20,"4.35%",75,4.35,0.0788645548299125
2026-02-03,2024-12-20,"4.60%",100,4.6,0.0389094615678059
2026-02-03,2024-12-20,"4.85%",125,4.85,0.0155402508011345
2026-02-03,2024-12-20,"5.10%",150,5.1,0
2026-02-03,2024-12-20,"5.35%",175,5.35,0
2026-02-03,2024-12-20,"5.60%",200,5.6,0
2026-02-03,2024-12-20,"5.85%",225,5.85,0
2026-02-03,2024-12-20,"6.10%",250,6.1,0
2026-02-03,2024-12-23,"0.10%",-300,0.1,0
2026-02-03,2024-12-23,"0.35%",-300,0.35,0
2026-02-03,2024-12-23,"0.60%",-300,0.6,0
2026-02-03,2024-12-23,"0.85%",-275,0.85,0
2026-02-03,2024-12-23,"1.10%",-250,1.1,0
2026-02-03,2024-12-23,"1.35%",-225,1.35,0
2026-02-03,2024-12-23,"1.60%",-200,1.6,0
2026-02-03,2024-12-23,"1.85%",-175,1.85,0
2026-02-03,2024-12-23,"2.10%",-150,2.1,0
2026-02-03,2024-12-23,"2.35%",-125,2.35,0.0179636996629516
2026-02-03,2024-12-23,"2.60%",-100,2.6,0.0416055983732677
2026-02-03,2024-12-23,"2.85%",-75,2.85,0.0795910879329949
2026-02-03,2024-12-23,"3.10%",-50,3.1,0.12576226457123
2026-02-03,2024-12-23,"3.35%",-25,3.35,0.164142624877776
2026-02-03,2024-12-23,"3.60%",0,3.6,0.176963830174568
2026-02-03,2024-12-23,"3.85%",25,3.85,0.157594748073502
2026-02-03,2024-12-23,"4.10%",50,4.1,0.115928444530642
2026-02-03,2024-12-23,"4.35%",75,4.35,0.070440311563255
2026-02-03,2024-12-23,"4.60%",100,4.6,0.0353527029416142
2026-02-03,2024-12-23,"4.85%",125,4.85,0.0146546872981977
2026-02-03,2024-12-23,"5.10%",150,5.1,0
2026-02-03,2024-12-23,"5.35%",175,5.35,0
2026-02-03,2024-12-23,"5.60%",200,5.6,0
2026-02-03,2024-12-23,"5.85%",225,5.85,0
2026-02-03,2024-12-23,"6.10%",250,6.1,0
2026-02-03,2024-12-24,"0.10%",-300,0.1,0
2026-02-03,2024-12-24,"0.35%",-300,0.35,0
2026-02-03,2024-12-24,"0.60%",-300,0.6,0
2026-02-03,2024-12-24,"0.85%",-275,0.85,0
2026-02-03,2024-12-24,"1.10%",-250,1.1,0
2026-02-03,2024-12-24,"1.35%",-225,1.35,0
2026-02-03,2024-12-24,"1.60%",-200,1.6,0
2026-02-03,2024-12-24,"1.85%",-175,1.85,0
2026-02-03,2024-12-24,"2.10%",-150,2.1,0
2026-02-03,2024-12-24,"2.35%",-125,2.35,0.0161345796056536
2026-02-03,2024-12-24,"2.60%",-100,2.6,0.0406311048774458
2026-02-03,2024-12-24,"2.85%",-75,2.85,0.0824268853863774
2026-02-03,2024-12-24,"3.10%",-50,3.1,0.13471454401388
2026-02-03,2024-12-24,"3.35%",-25,3.35,0.177383776884357
2026-02-03,2024-12-24,"3.60%",0,3.6,0.188181799254053
2026-02-03,2024-12-24,"3.85%",25,3.85,0.160845127088424
2026-02-03,2024-12-24,"4.10%",50,4.1,0.110764033790339
2026-02-03,2024-12-24,"4.35%",75,4.35,0.0614520016832383
2026-02-03,2024-12-24,"4.60%",100,4.6,0.0274661474162313
2026-02-03,2024-12-24,"4.85%",125,4.85,0
2026-02-03,2024-12-24,"5.10%",150,5.1,0
2026-02-03,2024-12-24,"5.35%",175,5.35,0
2026-02-03,2024-12-24,"5.60%",200,5.6,0
2026-02-03,2024-12-24,"5.85%",225,5.85,0
2026-02-03,2024-12-24,"6.10%",250,6.1,0
2026-02-03,2024-12-27,"0.10%",-300,0.1,0
2026-02-03,2024-12-27,"0.35%",-300,0.35,0
2026-02-03,2024-12-27,"0.60%",-300,0.6,0
2026-02-03,2024-12-27,"0.85%",-275,0.85,0
2026-02-03,2024-12-27,"1.10%",-250,1.1,0
2026-02-03,2024-12-27,"1.35%",-225,1.35,0
2026-02-03,2024-12-27,"1.60%",-200,1.6,0
2026-02-03,2024-12-27,"1.85%",-175,1.85,0
2026-02-03,2024-12-27,"2.10%",-150,2.1,0
2026-02-03,2024-12-27,"2.35%",-125,2.35,0.0119605162815694
2026-02-03,2024-12-27,"2.60%",-100,2.6,0.0346730708327001
2026-02-03,2024-12-27,"2.85%",-75,2.85,0.0782533183297576
2026-02-03,2024-12-27,"3.10%",-50,3.1,0.137507870580978
2026-02-03,2024-12-27,"3.35%",-25,3.35,0.188148010225165
2026-02-03,2024-12-27,"3.60%",0,3.6,0.2004645730804
2026-02-03,2024-12-27,"3.85%",25,3.85,0.166320341768606
2026-02-03,2024-12-27,"4.10%",50,4.1,0.10745129918957
2026-02-03,2024-12-27,"4.35%",75,4.35,0.054051872912155
2026-02-03,2024-12-27,"4.60%",100,4.6,0.0211691267990997
2026-02-03,2024-12-27,"4.85%",125,4.85,0
2026-02-03,2024-12-27,"5.10%",150,5.1,0
2026-02-03,2024-12-27,"5.35%",175,5.35,0
2026-02-03,2024-12-27,"5.60%",200,5.6,0
2026-02-03,2024-12-27,"5.85%",225,5.85,0
2026-02-03,2024-12-27,"6.10%",250,6.1,0
2026-02-03,2024-12-30,"0.10%",-300,0.1,0
2026-02-03,2024-12-30,"0.35%",-300,0.35,0
2026-02-03,2024-12-30,"0.60%",-300,0.6,0
2026-02-03,2024-12-30,"0.85%",-275,0.85,0
2026-02-03,2024-12-30,"1.10%",-250,1.1,0
2026-02-03,2024-12-30,"1.35%",-225,1.35,0
2026-02-03,2024-12-30,"1.60%",-200,1.6,0
2026-02-03,2024-12-30,"1.85%",-175,1.85,0
2026-02-03,2024-12-30,"2.10%",-150,2.1,0
2026-02-03,2024-12-30,"2.35%",-125,2.35,0.0105648020545127
2026-02-03,2024-12-30,"2.60%",-100,2.6,0.0316332328665844
2026-02-03,2024-12-30,"2.85%",-75,2.85,0.0735326620631591
2026-02-03,2024-12-30,"3.10%",-50,3.1,0.132715266528842
2026-02-03,2024-12-30,"3.35%",-25,3.35,0.185994867402195
2026-02-03,2024-12-30,"3.60%",0,3.6,0.202414330370874
2026-02-03,2024-12-30,"3.85%",25,3.85,0.171059428141343
2026-02-03,2024-12-30,"4.10%",50,4.1,0.11225555079284
2026-02-03,2024-12-30,"4.35%",75,4.35,0.0572002510287731
2026-02-03,2024-12-30,"4.60%",100,4.6,0.0226296087508764
2026-02-03,2024-12-30,"4.85%",125,4.85,0
2026-02-03,2024-12-30,"5.10%",150,5.1,0
2026-02-03,2024-12-30,"5.35%",175,5.35,0
2026-02-03,2024-12-30,"5.60%",200,5.6,0
2026-02-03,2024-12-30,"5.85%",225,5.85,0
2026-02-03,2024-12-30,"6.10%",250,6.1,0
2026-02-03,2024-12-31,"0.10%",-300,0.1,0
2026-02-03,2024-12-31,"0.35%",-300,0.35,0
2026-02-03,2024-12-31,"0.60%",-300,0.6,0
2026-02-03,2024-12-31,"0.85%",-275,0.85,0
2026-02-03,2024-12-31,"1.10%",-250,1.1,0
2026-02-03,2024-12-31,"1.35%",-225,1.35,0
2026-02-03,2024-12-31,"1.60%",-200,1.6,0
2026-02-03,2024-12-31,"1.85%",-175,1.85,0
2026-02-03,2024-12-31,"2.10%",-150,2.1,0
2026-02-03,2024-12-31,"2.35%",-125,2.35,0.0109954601216943
2026-02-03,2024-12-31,"2.60%",-100,2.6,0.0342993177753896
2026-02-03,2024-12-31,"2.85%",-75,2.85,0.0812389811599634
2026-02-03,2024-12-31,"3.10%",-50,3.1,0.146121946660031
2026-02-03,2024-12-31,"3.35%",-25,3.35,0.199610867890686
2026-02-03,2024-12-31,"3.60%",0,3.6,0.207107333202092
2026-02-03,2024-12-31,"3.85%",25,3.85,0.163212074662095
2026-02-03,2024-12-31,"4.10%",50,4.1,0.0976867370514913
2026-02-03,2024-12-31,"4.35%",75,4.35,0.0444022684647908
2026-02-03,2024-12-31,"4.60%",100,4.6,0.0153250130117665
2026-02-03,2024-12-31,"4.85%",125,4.85,0
2026-02-03,2024-12-31,"5.10%",150,5.1,0
2026-02-03,2024-12-31,"5.35%",175,5.35,0
2026-02-03,2024-12-31,"5.60%",200,5.6,0
2026-02-03,2024-12-31,"5.85%",225,5.85,0
2026-02-03,2024-12-31,"6.10%",250,6.1,0
2026-02-03,2025-01-02,"0.10%",-300,0.1,0
2026-02-03,2025-01-02,"0.35%",-300,0.35,0
2026-02-03,2025-01-02,"0.60%",-300,0.6,0
2026-02-03,2025-01-02,"0.85%",-275,0.85,0
2026-02-03,2025-01-02,"1.10%",-250,1.1,0
2026-02-03,2025-01-02,"1.35%",-225,1.35,0
2026-02-03,2025-01-02,"1.60%",-200,1.6,0
2026-02-03,2025-01-02,"1.85%",-175,1.85,0
2026-02-03,2025-01-02,"2.10%",-150,2.1,0
2026-02-03,2025-01-02,"2.35%",-125,2.35,0.0113801783769003
2026-02-03,2025-01-02,"2.60%",-100,2.6,0.0339136815049026
2026-02-03,2025-01-02,"2.85%",-75,2.85,0.0780837020147208
2026-02-03,2025-01-02,"3.10%",-50,3.1,0.138917588409717
2026-02-03,2025-01-02,"3.35%",-25,3.35,0.190986336565626
2026-02-03,2025-01-02,"3.60%",0,3.6,0.202916015272858
2026-02-03,2025-01-02,"3.85%",25,3.85,0.166610856147233
2026-02-03,2025-01-02,"4.10%",50,4.1,0.105718331463566
2026-02-03,2025-01-02,"4.35%",75,4.35,0.0518355787390537
2026-02-03,2025-01-02,"4.60%",100,4.6,0.0196377315054217
2026-02-03,2025-01-02,"4.85%",125,4.85,0
2026-02-03,2025-01-02,"5.10%",150,5.1,0
2026-02-03,2025-01-02,"5.35%",175,5.35,0
2026-02-03,2025-01-02,"5.60%",200,5.6,0
2026-02-03,2025-01-02,"5.85%",225,5.85,0
2026-02-03,2025-01-02,"6.10%",250,6.1,0
2026-02-03,2025-01-03,"0.10%",-300,0.1,0
2026-02-03,2025-01-03,"0.35%",-300,0.35,0
2026-02-03,2025-01-03,"0.60%",-300,0.6,0
2026-02-03,2025-01-03,"0.85%",-275,0.85,0
2026-02-03,2025-01-03,"1.10%",-250,1.1,0
2026-02-03,2025-01-03,"1.35%",-225,1.35,0
2026-02-03,2025-01-03,"1.60%",-200,1.6,0
2026-02-03,2025-01-03,"1.85%",-175,1.85,0
2026-02-03,2025-01-03,"2.10%",-150,2.1,0
2026-02-03,2025-01-03,"2.35%",-125,2.35,0.0118616021656888
2026-02-03,2025-01-03,"2.60%",-100,2.6,0.036179238117569
2026-02-03,2025-01-03,"2.85%",-75,2.85,0.0840205265143955
2026-02-03,2025-01-03,"3.10%",-50,3.1,0.148587794582164
2026-02-03,2025-01-03,"3.35%",-25,3.35,0.20012244126185
2026-02-03,2025-01-03,"3.60%",0,3.6,0.205279860737058
2026-02-03,2025-01-03,"3.85%",25,3.85,0.160375037689662
2026-02-03,2025-01-03,"4.10%",50,4.1,0.0954218821267184
2026-02-03,2025-01-03,"4.35%",75,4.35,0.0432354995258169
2026-02-03,2025-01-03,"4.60%",100,4.6,0.0149161172790769
2026-02-03,2025-01-03,"4.85%",125,4.85,0
2026-02-03,2025-01-03,"5.10%",150,5.1,0
2026-02-03,2025-01-03,"5.35%",175,5.35,0
2026-02-03,2025-01-03,"5.60%",200,5.6,0
2026-02-03,2025-01-03,"5.85%",225,5.85,0
2026-02-03,2025-01-03,"6.10%",250,6.1,0
2026-02-03,2025-01-06,"0.10%",-300,0.1,0
2026-02-03,2025-01-06,"0.35%",-300,0.35,0
2026-02-03,2025-01-06,"0.60%",-300,0.6,0
2026-02-03,2025-01-06,"0.85%",-275,0.85,0
2026-02-03,2025-01-06,"1.10%",-250,1.1,0
2026-02-03,2025-01-06,"1.35%",-225,1.35,0
2026-02-03,2025-01-06,"1.60%",-200,1.6,0
2026-02-03,2025-01-06,"1.85%",-175,1.85,0
2026-02-03,2025-01-06,"2.10%",-150,2.1,0
2026-02-03,2025-01-06,"2.35%",-125,2.35,0
2026-02-03,2025-01-06,"2.60%",-100,2.6,0.0240078591555506
2026-02-03,2025-01-06,"2.85%",-75,2.85,0.0649291716756501
2026-02-03,2025-01-06,"3.10%",-50,3.1,0.130755011275028
2026-02-03,2025-01-06,"3.35%",-25,3.35,0.196099019315235
2026-02-03,2025-01-06,"3.60%",0,3.6,0.219043647461758
2026-02-03,2025-01-06,"3.85%",25,3.85,0.182236347012491
2026-02-03,2025-01-06,"4.10%",50,4.1,0.112919848668223
2026-02-03,2025-01-06,"4.35%",75,4.35,0.0521062773834255
2026-02-03,2025-01-06,"4.60%",100,4.6,0.0179028180526391
2026-02-03,2025-01-06,"4.85%",125,4.85,0
2026-02-03,2025-01-06,"5.10%",150,5.1,0
2026-02-03,2025-01-06,"5.35%",175,5.35,0
2026-02-03,2025-01-06,"5.60%",200,5.6,0
2026-02-03,2025-01-06,"5.85%",225,5.85,0
2026-02-03,2025-01-06,"6.10%",250,6.1,0
2026-02-03,2025-01-07,"0.10%",-300,0.1,0
2026-02-03,2025-01-07,"0.35%",-300,0.35,0
2026-02-03,2025-01-07,"0.60%",-300,0.6,0
2026-02-03,2025-01-07,"0.85%",-275,0.85,0
2026-02-03,2025-01-07,"1.10%",-250,1.1,0
2026-02-03,2025-01-07,"1.35%",-225,1.35,0
2026-02-03,2025-01-07,"1.60%",-200,1.6,0
2026-02-03,2025-01-07,"1.85%",-175,1.85,0
2026-02-03,2025-01-07,"2.10%",-150,2.1,0
2026-02-03,2025-01-07,"2.35%",-125,2.35,0
2026-02-03,2025-01-07,"2.60%",-100,2.6,0.0216219738957303
2026-02-03,2025-01-07,"2.85%",-75,2.85,0.0586389910786907
2026-02-03,2025-01-07,"3.10%",-50,3.1,0.119922340990464
2026-02-03,2025-01-07,"3.35%",-25,3.35,0.184967547982337
2026-02-03,2025-01-07,"3.60%",0,3.6,0.215183880671181
2026-02-03,2025-01-07,"3.85%",25,3.85,0.188823373623866
2026-02-03,2025-01-07,"4.10%",50,4.1,0.124974756920255
2026-02-03,2025-01-07,"4.35%",75,4.35,0.0623841362618121
2026-02-03,2025-01-07,"4.60%",100,4.6,0.023482998575664
2026-02-03,2025-01-07,"4.85%",125,4.85,0
2026-02-03,2025-01-07,"5.10%",150,5.1,0
2026-02-03,2025-01-07,"5.35%",175,5.35,0
2026-02-03,2025-01-07,"5.60%",200,5.6,0
2026-02-03,2025-01-07,"5.85%",225,5.85,0
2026-02-03,2025-01-07,"6.10%",250,6.1,0
2026-02-03,2025-01-08,"0.10%",-300,0.1,0
2026-02-03,2025-01-08,"0.35%",-300,0.35,0
2026-02-03,2025-01-08,"0.60%",-300,0.6,0
2026-02-03,2025-01-08,"0.85%",-275,0.85,0
2026-02-03,2025-01-08,"1.10%",-250,1.1,0
2026-02-03,2025-01-08,"1.35%",-225,1.35,0
2026-02-03,2025-01-08,"1.60%",-200,1.6,0
2026-02-03,2025-01-08,"1.85%",-175,1.85,0
2026-02-03,2025-01-08,"2.10%",-150,2.1,0
2026-02-03,2025-01-08,"2.35%",-125,2.35,0
2026-02-03,2025-01-08,"2.60%",-100,2.6,0.0247299764323316
2026-02-03,2025-01-08,"2.85%",-75,2.85,0.0648813598798986
2026-02-03,2025-01-08,"3.10%",-50,3.1,0.128321800054419
2026-02-03,2025-01-08,"3.35%",-25,3.35,0.191347247993548
2026-02-03,2025-01-08,"3.60%",0,3.6,0.215139186022259
2026-02-03,2025-01-08,"3.85%",25,3.85,0.182390624522119
2026-02-03,2025-01-08,"4.10%",50,4.1,0.116588812993716
2026-02-03,2025-01-08,"4.35%",75,4.35,0.0561881074108407
2026-02-03,2025-01-08,"4.60%",100,4.6,0.020412884690868
2026-02-03,2025-01-08,"4.85%",125,4.85,0
2026-02-03,2025-01-08,"5.10%",150,5.1,0
2026-02-03,2025-01-08,"5.35%",175,5.35,0
2026-02-03,2025-01-08,"5.60%",200,5.6,0
2026-02-03,2025-01-08,"5.85%",225,5.85,0
2026-02-03,2025-01-08,"6.10%",250,6.1,0
2026-02-03,2025-01-09,"0.10%",-300,0.1,0
2026-02-03,2025-01-09,"0.35%",-300,0.35,0
2026-02-03,2025-01-09,"0.60%",-300,0.6,0
2026-02-03,2025-01-09,"0.85%",-275,0.85,0
2026-02-03,2025-01-09,"1.10%",-250,1.1,0
2026-02-03,2025-01-09,"1.35%",-225,1.35,0
2026-02-03,2025-01-09,"1.60%",-200,1.6,0
2026-02-03,2025-01-09,"1.85%",-175,1.85,0
2026-02-03,2025-01-09,"2.10%",-150,2.1,0
2026-02-03,2025-01-09,"2.35%",-125,2.35,0
2026-02-03,2025-01-09,"2.60%",-100,2.6,0.0289416710506574
2026-02-03,2025-01-09,"2.85%",-75,2.85,0.0718273390194895
2026-02-03,2025-01-09,"3.10%",-50,3.1,0.135479472231369
2026-02-03,2025-01-09,"3.35%",-25,3.35,0.194233234269124
2026-02-03,2025-01-09,"3.60%",0,3.6,0.21167434748384
2026-02-03,2025-01-09,"3.85%",25,3.85,0.175353478846802
2026-02-03,2025-01-09,"4.10%",50,4.1,0.110419836848785
2026-02-03,2025-01-09,"4.35%",75,4.35,0.0528482083548266
2026-02-03,2025-01-09,"4.60%",100,4.6,0.0192224118951061
2026-02-03,2025-01-09,"4.85%",125,4.85,0
2026-02-03,2025-01-09,"5.10%",150,5.1,0
2026-02-03,2025-01-09,"5.35%",175,5.35,0
2026-02-03,2025-01-09,"5.60%",200,5.6,0
2026-02-03,2025-01-09,"5.85%",225,5.85,0
2026-02-03,2025-01-09,"6.10%",250,6.1,0
2026-02-03,2025-01-10,"0.10%",-300,0.1,0
2026-02-03,2025-01-10,"0.35%",-300,0.35,0
2026-02-03,2025-01-10,"0.60%",-300,0.6,0
2026-02-03,2025-01-10,"0.85%",-275,0.85,0
2026-02-03,2025-01-10,"1.10%",-250,1.1,0
2026-02-03,2025-01-10,"1.35%",-225,1.35,0
2026-02-03,2025-01-10,"1.60%",-200,1.6,0
2026-02-03,2025-01-10,"1.85%",-175,1.85,0
2026-02-03,2025-01-10,"2.10%",-150,2.1,0
2026-02-03,2025-01-10,"2.35%",-125,2.35,0
2026-02-03,2025-01-10,"2.60%",-100,2.6,0.0241396958094233
2026-02-03,2025-01-10,"2.85%",-75,2.85,0.0641979581581526
2026-02-03,2025-01-10,"3.10%",-50,3.1,0.128192879406566
2026-02-03,2025-01-10,"3.35%",-25,3.35,0.192229544950591
2026-02-03,2025-01-10,"3.60%",0,3.6,0.216484172992973
2026-02-03,2025-01-10,"3.85%",25,3.85,0.183101835723687
2026-02-03,2025-01-10,"4.10%",50,4.1,0.116306674173148
2026-02-03,2025-01-10,"4.35%",75,4.35,0.0554780930126424
2026-02-03,2025-01-10,"4.60%",100,4.6,0.019869145772817
2026-02-03,2025-01-10,"4.85%",125,4.85,0
2026-02-03,2025-01-10,"5.10%",150,5.1,0
2026-02-03,2025-01-10,"5.35%",175,5.35,0
2026-02-03,2025-01-10,"5.60%",200,5.6,0
2026-02-03,2025-01-10,"5.85%",225,5.85,0
2026-02-03,2025-01-10,"6.10%",250,6.1,0
2026-02-03,2025-01-13,"0.10%",-300,0.1,0
2026-02-03,2025-01-13,"0.35%",-300,0.35,0
2026-02-03,2025-01-13,"0.60%",-300,0.6,0
2026-02-03,2025-01-13,"0.85%",-275,0.85,0
2026-02-03,2025-01-13,"1.10%",-250,1.1,0
2026-02-03,2025-01-13,"1.35%",-225,1.35,0
2026-02-03,2025-01-13,"1.60%",-200,1.6,0
2026-02-03,2025-01-13,"1.85%",-175,1.85,0
2026-02-03,2025-01-13,"2.10%",-150,2.1,0
2026-02-03,2025-01-13,"2.35%",-125,2.35,0
2026-02-03,2025-01-13,"2.60%",-100,2.6,0.0143794274212634
2026-02-03,2025-01-13,"2.85%",-75,2.85,0.0423225657975312
2026-02-03,2025-01-13,"3.10%",-50,3.1,0.0945299874106118
2026-02-03,2025-01-13,"3.35%",-25,3.35,0.160249232387507
2026-02-03,2025-01-13,"3.60%",0,3.6,0.206201914927255
2026-02-03,2025-01-13,"3.85%",25,3.85,0.20140954431781
2026-02-03,2025-01-13,"4.10%",50,4.1,0.149333113120832
2026-02-03,2025-01-13,"4.35%",75,4.35,0.0840421099436705
2026-02-03,2025-01-13,"4.60%",100,4.6,0.0358969359066971
2026-02-03,2025-01-13,"4.85%",125,4.85,0.011635168766822
2026-02-03,2025-01-13,"5.10%",150,5.1,0
2026-02-03,2025-01-13,"5.35%",175,5.35,0
2026-02-03,2025-01-13,"5.60%",200,5.6,0
2026-02-03,2025-01-13,"5.85%",225,5.85,0
2026-02-03,2025-01-13,"6.10%",250,6.1,0
2026-02-03,2025-01-14,"0.10%",-300,0.1,0
2026-02-03,2025-01-14,"0.35%",-300,0.35,0
2026-02-03,2025-01-14,"0.60%",-300,0.6,0
2026-02-03,2025-01-14,"0.85%",-275,0.85,0
2026-02-03,2025-01-14,"1.10%",-250,1.1,0
2026-02-03,2025-01-14,"1.35%",-225,1.35,0
2026-02-03,2025-01-14,"1.60%",-200,1.6,0
2026-02-03,2025-01-14,"1.85%",-175,1.85,0
2026-02-03,2025-01-14,"2.10%",-150,2.1,0
2026-02-03,2025-01-14,"2.35%",-125,2.35,0
2026-02-03,2025-01-14,"2.60%",-100,2.6,0.0131050473226963
2026-02-03,2025-01-14,"2.85%",-75,2.85,0.0407886458253117
2026-02-03,2025-01-14,"3.10%",-50,3.1,0.0948405745582199
2026-02-03,2025-01-14,"3.35%",-25,3.35,0.164770452093009
2026-02-03,2025-01-14,"3.60%",0,3.6,0.213917453747008
2026-02-03,2025-01-14,"3.85%",25,3.85,0.207548516373776
2026-02-03,2025-01-14,"4.10%",50,4.1,0.150486203040542
2026-02-03,2025-01-14,"4.35%",75,4.35,0.0815355348580228
2026-02-03,2025-01-14,"4.60%",100,4.6,0.0330075721814152
2026-02-03,2025-01-14,"4.85%",125,4.85,0
2026-02-03,2025-01-14,"5.10%",150,5.1,0
2026-02-03,2025-01-14,"5.35%",175,5.35,0
2026-02-03,2025-01-14,"5.60%",200,5.6,0
2026-02-03,2025-01-14,"5.85%",225,5.85,0
2026-02-03,2025-01-14,"6.10%",250,6.1,0
2026-02-03,2025-01-15,"0.10%",-300,0.1,0
2026-02-03,2025-01-15,"0.35%",-300,0.35,0
2026-02-03,2025-01-15,"0.60%",-300,0.6,0
2026-02-03,2025-01-15,"0.85%",-275,0.85,0
2026-02-03,2025-01-15,"1.10%",-250,1.1,0
2026-02-03,2025-01-15,"1.35%",-225,1.35,0
2026-02-03,2025-01-15,"1.60%",-200,1.6,0
2026-02-03,2025-01-15,"1.85%",-175,1.85,0
2026-02-03,2025-01-15,"2.10%",-150,2.1,0
2026-02-03,2025-01-15,"2.35%",-125,2.35,0
2026-02-03,2025-01-15,"2.60%",-100,2.6,0
2026-02-03,2025-01-15,"2.85%",-75,2.85,0.0296640274319776
2026-02-03,2025-01-15,"3.10%",-50,3.1,0.0848999264141886
2026-02-03,2025-01-15,"3.35%",-25,3.35,0.169389684012849
2026-02-03,2025-01-15,"3.60%",0,3.6,0.235662784433116
2026-02-03,2025-01-15,"3.85%",25,3.85,0.22865438701486
2026-02-03,2025-01-15,"4.10%",50,4.1,0.15472019921472
2026-02-03,2025-01-15,"4.35%",75,4.35,0.0729999593476072
2026-02-03,2025-01-15,"4.60%",100,4.6,0.0240090321306812
2026-02-03,2025-01-15,"4.85%",125,4.85,0
2026-02-03,2025-01-15,"5.10%",150,5.1,0
2026-02-03,2025-01-15,"5.35%",175,5.35,0
2026-02-03,2025-01-15,"5.60%",200,5.6,0
2026-02-03,2025-01-15,"5.85%",225,5.85,0
2026-02-03,2025-01-15,"6.10%",250,6.1,0
2026-02-03,2025-01-16,"0.10%",-300,0.1,0
2026-02-03,2025-01-16,"0.35%",-300,0.35,0
2026-02-03,2025-01-16,"0.60%",-300,0.6,0
2026-02-03,2025-01-16,"0.85%",-275,0.85,0
2026-02-03,2025-01-16,"1.10%",-250,1.1,0
2026-02-03,2025-01-16,"1.35%",-225,1.35,0
2026-02-03,2025-01-16,"1.60%",-200,1.6,0
2026-02-03,2025-01-16,"1.85%",-175,1.85,0
2026-02-03,2025-01-16,"2.10%",-150,2.1,0
2026-02-03,2025-01-16,"2.35%",-125,2.35,0
2026-02-03,2025-01-16,"2.60%",-100,2.6,0.0136437282191899
2026-02-03,2025-01-16,"2.85%",-75,2.85,0.0465276784410018
2026-02-03,2025-01-16,"3.10%",-50,3.1,0.112540702953059
2026-02-03,2025-01-16,"3.35%",-25,3.35,0.193133870260716
2026-02-03,2025-01-16,"3.60%",0,3.6,0.235201976271966
2026-02-03,2025-01-16,"3.85%",25,3.85,0.203276960345966
2026-02-03,2025-01-16,"4.10%",50,4.1,0.124674335571693
2026-02-03,2025-01-16,"4.35%",75,4.35,0.0542540437031123
2026-02-03,2025-01-16,"4.60%",100,4.6,0.0167467042332962
2026-02-03,2025-01-16,"4.85%",125,4.85,0
2026-02-03,2025-01-16,"5.10%",150,5.1,0
2026-02-03,2025-01-16,"5.35%",175,5.35,0
2026-02-03,2025-01-16,"5.60%",200,5.6,0
2026-02-03,2025-01-16,"5.85%",225,5.85,0
2026-02-03,2025-01-16,"6.10%",250,6.1,0
2026-02-03,2025-01-17,"0.10%",-300,0.1,0
2026-02-03,2025-01-17,"0.35%",-300,0.35,0
2026-02-03,2025-01-17,"0.60%",-300,0.6,0
2026-02-03,2025-01-17,"0.85%",-275,0.85,0
2026-02-03,2025-01-17,"1.10%",-250,1.1,0
2026-02-03,2025-01-17,"1.35%",-225,1.35,0
2026-02-03,2025-01-17,"1.60%",-200,1.6,0
2026-02-03,2025-01-17,"1.85%",-175,1.85,0
2026-02-03,2025-01-17,"2.10%",-150,2.1,0
2026-02-03,2025-01-17,"2.35%",-125,2.35,0
2026-02-03,2025-01-17,"2.60%",-100,2.6,0.0157041235577378
2026-02-03,2025-01-17,"2.85%",-75,2.85,0.0474233159322457
2026-02-03,2025-01-17,"3.10%",-50,3.1,0.10633810937432
2026-02-03,2025-01-17,"3.35%",-25,3.35,0.1770853691966
2026-02-03,2025-01-17,"3.60%",0,3.6,0.219040267813807
2026-02-03,2025-01-17,"3.85%",25,3.85,0.201249278348773
2026-02-03,2025-01-17,"4.10%",50,4.1,0.137342572060414
2026-02-03,2025-01-17,"4.35%",75,4.35,0.0696142390413166
2026-02-03,2025-01-17,"4.60%",100,4.6,0.0262027246747851
2026-02-03,2025-01-17,"4.85%",125,4.85,0
2026-02-03,2025-01-17,"5.10%",150,5.1,0
2026-02-03,2025-01-17,"5.35%",175,5.35,0
2026-02-03,2025-01-17,"5.60%",200,5.6,0
2026-02-03,2025-01-17,"5.85%",225,5.85,0
2026-02-03,2025-01-17,"6.10%",250,6.1,0
2026-02-03,2025-01-20,"0.10%",-300,0.1,0
2026-02-03,2025-01-20,"0.35%",-300,0.35,0
2026-02-03,2025-01-20,"0.60%",-300,0.6,0
2026-02-03,2025-01-20,"0.85%",-275,0.85,0
2026-02-03,2025-01-20,"1.10%",-250,1.1,0
2026-02-03,2025-01-20,"1.35%",-225,1.35,0
2026-02-03,2025-01-20,"1.60%",-200,1.6,0
2026-02-03,2025-01-20,"1.85%",-175,1.85,0
2026-02-03,2025-01-20,"2.10%",-150,2.1,0
2026-02-03,2025-01-20,"2.35%",-125,2.35,0
2026-02-03,2025-01-20,"2.60%",-100,2.6,0.0176568765070779
2026-02-03,2025-01-20,"2.85%",-75,2.85,0.0522885371573674
2026-02-03,2025-01-20,"3.10%",-50,3.1,0.114459117065895
2026-02-03,2025-01-20,"3.35%",-25,3.35,0.185235837678219
2026-02-03,2025-01-20,"3.60%",0,3.6,0.221656620131639
2026-02-03,2025-01-20,"3.85%",25,3.85,0.196126623783786
2026-02-03,2025-01-20,"4.10%",50,4.1,0.128315619029185
2026-02-03,2025-01-20,"4.35%",75,4.35,0.0620676154767917
2026-02-03,2025-01-20,"4.60%",100,4.6,0.0221931531700399
2026-02-03,2025-01-20,"4.85%",125,4.85,0
2026-02-03,2025-01-20,"5.10%",150,5.1,0
2026-02-03,2025-01-20,"5.35%",175,5.35,0
2026-02-03,2025-01-20,"5.60%",200,5.6,0
2026-02-03,2025-01-20,"5.85%",225,5.85,0
2026-02-03,2025-01-20,"6.10%",250,6.1,0
2026-02-03,2025-01-21,"0.10%",-300,0.1,0
2026-02-03,2025-01-21,"0.35%",-300,0.35,0
2026-02-03,2025-01-21,"0.60%",-300,0.6,0
2026-02-03,2025-01-21,"0.85%",-275,0.85,0
2026-02-03,2025-01-21,"1.10%",-250,1.1,0
2026-02-03,2025-01-21,"1.35%",-225,1.35,0
2026-02-03,2025-01-21,"1.60%",-200,1.6,0
2026-02-03,2025-01-21,"1.85%",-175,1.85,0
2026-02-03,2025-01-21,"2.10%",-150,2.1,0
2026-02-03,2025-01-21,"2.35%",-125,2.35,0
2026-02-03,2025-01-21,"2.60%",-100,2.6,0
2026-02-03,2025-01-21,"2.85%",-75,2.85,0.0409941250446156
2026-02-03,2025-01-21,"3.10%",-50,3.1,0.118674410249275
2026-02-03,2025-01-21,"3.35%",-25,3.35,0.221949958506863
2026-02-03,2025-01-21,"3.60%",0,3.6,0.268297199006397
2026-02-03,2025-01-21,"3.85%",25,3.85,0.209653856567176
2026-02-03,2025-01-21,"4.10%",50,4.1,0.105884898021752
2026-02-03,2025-01-21,"4.35%",75,4.35,0.034545552603921
2026-02-03,2025-01-21,"4.60%",100,4.6,0
2026-02-03,2025-01-21,"4.85%",125,4.85,0
2026-02-03,2025-01-21,"5.10%",150,5.1,0
2026-02-03,2025-01-21,"5.35%",175,5.35,0
2026-02-03,2025-01-21,"5.60%",200,5.6,0
2026-02-03,2025-01-21,"5.85%",225,5.85,0
2026-02-03,2025-01-21,"6.10%",250,6.1,0
2026-02-03,2025-01-22,"0.10%",-300,0.1,0
2026-02-03,2025-01-22,"0.35%",-300,0.35,0
2026-02-03,2025-01-22,"0.60%",-300,0.6,0
2026-02-03,2025-01-22,"0.85%",-275,0.85,0
2026-02-03,2025-01-22,"1.10%",-250,1.1,0
2026-02-03,2025-01-22,"1.35%",-225,1.35,0
2026-02-03,2025-01-22,"1.60%",-200,1.6,0
2026-02-03,2025-01-22,"1.85%",-175,1.85,0
2026-02-03,2025-01-22,"2.10%",-150,2.1,0
2026-02-03,2025-01-22,"2.35%",-125,2.35,0
2026-02-03,2025-01-22,"2.60%",-100,2.6,0.0162983919593765
2026-02-03,2025-01-22,"2.85%",-75,2.85,0.0510464431343397
2026-02-03,2025-01-22,"3.10%",-50,3.1,0.115930404755945
2026-02-03,2025-01-22,"3.35%",-25,3.35,0.190959061104365
2026-02-03,2025-01-22,"3.60%",0,3.6,0.22816927385379
2026-02-03,2025-01-22,"3.85%",25,3.85,0.197774760963148
2026-02-03,2025-01-22,"4.10%",50,4.1,0.124354936780947
2026-02-03,2025-01-22,"4.35%",75,4.35,0.0567120036350541
2026-02-03,2025-01-22,"4.60%",100,4.6,0.0187547238130348
2026-02-03,2025-01-22,"4.85%",125,4.85,0
2026-02-03,2025-01-22,"5.10%",150,5.1,0
2026-02-03,2025-01-22,"5.35%",175,5.35,0
2026-02-03,2025-01-22,"5.60%",200,5.6,0
2026-02-03,2025-01-22,"5.85%",225,5.85,0
2026-02-03,2025-01-22,"6.10%",250,6.1,0
2026-02-03,2025-01-23,"0.10%",-300,0.1,0
2026-02-03,2025-01-23,"0.35%",-300,0.35,0
2026-02-03,2025-01-23,"0.60%",-300,0.6,0
2026-02-03,2025-01-23,"0.85%",-275,0.85,0
2026-02-03,2025-01-23,"1.10%",-250,1.1,0
2026-02-03,2025-01-23,"1.35%",-225,1.35,0
2026-02-03,2025-01-23,"1.60%",-200,1.6,0
2026-02-03,2025-01-23,"1.85%",-175,1.85,0
2026-02-03,2025-01-23,"2.10%",-150,2.1,0
2026-02-03,2025-01-23,"2.35%",-125,2.35,0
2026-02-03,2025-01-23,"2.60%",-100,2.6,0.0168663163964325
2026-02-03,2025-01-23,"2.85%",-75,2.85,0.052638482743572
2026-02-03,2025-01-23,"3.10%",-50,3.1,0.11880838934657
2026-02-03,2025-01-23,"3.35%",-25,3.35,0.193978346229186
2026-02-03,2025-01-23,"3.60%",0,3.6,0.229131723092568
2026-02-03,2025-01-23,"3.85%",25,3.85,0.195823559684935
2026-02-03,2025-01-23,"4.10%",50,4.1,0.121079808811874
2026-02-03,2025-01-23,"4.35%",75,4.35,0.0541555948228768
2026-02-03,2025-01-23,"4.60%",100,4.6,0.0175177788719867
2026-02-03,2025-01-23,"4.85%",125,4.85,0
2026-02-03,2025-01-23,"5.10%",150,5.1,0
2026-02-03,2025-01-23,"5.35%",175,5.35,0
2026-02-03,2025-01-23,"5.60%",200,5.6,0
2026-02-03,2025-01-23,"5.85%",225,5.85,0
2026-02-03,2025-01-23,"6.10%",250,6.1,0
2026-02-03,2025-01-24,"0.10%",-300,0.1,0
2026-02-03,2025-01-24,"0.35%",-300,0.35,0
2026-02-03,2025-01-24,"0.60%",-300,0.6,0
2026-02-03,2025-01-24,"0.85%",-275,0.85,0
2026-02-03,2025-01-24,"1.10%",-250,1.1,0
2026-02-03,2025-01-24,"1.35%",-225,1.35,0
2026-02-03,2025-01-24,"1.60%",-200,1.6,0
2026-02-03,2025-01-24,"1.85%",-175,1.85,0
2026-02-03,2025-01-24,"2.10%",-150,2.1,0
2026-02-03,2025-01-24,"2.35%",-125,2.35,0
2026-02-03,2025-01-24,"2.60%",-100,2.6,0.0148526591395981
2026-02-03,2025-01-24,"2.85%",-75,2.85,0.0507367887749582
2026-02-03,2025-01-24,"3.10%",-50,3.1,0.121412866501585
2026-02-03,2025-01-24,"3.35%",-25,3.35,0.203598035542803
2026-02-03,2025-01-24,"3.60%",0,3.6,0.239297684783832
2026-02-03,2025-01-24,"3.85%",25,3.85,0.197145920694824
2026-02-03,2025-01-24,"4.10%",50,4.1,0.113838068688802
2026-02-03,2025-01-24,"4.35%",75,4.35,0.0460620735352242
2026-02-03,2025-01-24,"4.60%",100,4.6,0.0130559023383736
2026-02-03,2025-01-24,"4.85%",125,4.85,0
2026-02-03,2025-01-24,"5.10%",150,5.1,0
2026-02-03,2025-01-24,"5.35%",175,5.35,0
2026-02-03,2025-01-24,"5.60%",200,5.6,0
2026-02-03,2025-01-24,"5.85%",225,5.85,0
2026-02-03,2025-01-24,"6.10%",250,6.1,0
2026-02-03,2025-01-27,"0.10%",-300,0.1,0
2026-02-03,2025-01-27,"0.35%",-300,0.35,0
2026-02-03,2025-01-27,"0.60%",-300,0.6,0
2026-02-03,2025-01-27,"0.85%",-275,0.85,0
2026-02-03,2025-01-27,"1.10%",-250,1.1,0
2026-02-03,2025-01-27,"1.35%",-225,1.35,0
2026-02-03,2025-01-27,"1.60%",-200,1.6,0
2026-02-03,2025-01-27,"1.85%",-175,1.85,0
2026-02-03,2025-01-27,"2.10%",-150,2.1,0
2026-02-03,2025-01-27,"2.35%",-125,2.35,0
2026-02-03,2025-01-27,"2.60%",-100,2.6,0.0165775301463111
2026-02-03,2025-01-27,"2.85%",-75,2.85,0.0538077626680507
2026-02-03,2025-01-27,"3.10%",-50,3.1,0.123930045035037
2026-02-03,2025-01-27,"3.35%",-25,3.35,0.202599646739706
2026-02-03,2025-01-27,"3.60%",0,3.6,0.23512936224224
2026-02-03,2025-01-27,"3.85%",25,3.85,0.193733401891223
2026-02-03,2025-01-27,"4.10%",50,4.1,0.113318618180052
2026-02-03,2025-01-27,"4.35%",75,4.35,0.0470451518822744
2026-02-03,2025-01-27,"4.60%",100,4.6,0.0138584812151068
2026-02-03,2025-01-27,"4.85%",125,4.85,0
2026-02-03,2025-01-27,"5.10%",150,5.1,0
2026-02-03,2025-01-27,"5.35%",175,5.35,0
2026-02-03,2025-01-27,"5.60%",200,5.6,0
2026-02-03,2025-01-27,"5.85%",225,5.85,0
2026-02-03,2025-01-27,"6.10%",250,6.1,0
2026-02-03,2025-01-28,"0.10%",-300,0.1,0
2026-02-03,2025-01-28,"0.35%",-300,0.35,0
2026-02-03,2025-01-28,"0.60%",-300,0.6,0
2026-02-03,2025-01-28,"0.85%",-275,0.85,0
2026-02-03,2025-01-28,"1.10%",-250,1.1,0
2026-02-03,2025-01-28,"1.35%",-225,1.35,0
2026-02-03,2025-01-28,"1.60%",-200,1.6,0
2026-02-03,2025-01-28,"1.85%",-175,1.85,0
2026-02-03,2025-01-28,"2.10%",-150,2.1,0
2026-02-03,2025-01-28,"2.35%",-125,2.35,0
2026-02-03,2025-01-28,"2.60%",-100,2.6,0.0283055671811977
2026-02-03,2025-01-28,"2.85%",-75,2.85,0.0731602765812569
2026-02-03,2025-01-28,"3.10%",-50,3.1,0.140980193396551
2026-02-03,2025-01-28,"3.35%",-25,3.35,0.202573211969878
2026-02-03,2025-01-28,"3.60%",0,3.6,0.217061151061555
2026-02-03,2025-01-28,"3.85%",25,3.85,0.173446327566772
2026-02-03,2025-01-28,"4.10%",50,4.1,0.103349699072784
2026-02-03,2025-01-28,"4.35%",75,4.35,0.0459160953726416
2026-02-03,2025-01-28,"4.60%",100,4.6,0.0152074777973639
2026-02-03,2025-01-28,"4.85%",125,4.85,0
2026-02-03,2025-01-28,"5.10%",150,5.1,0
2026-02-03,2025-01-28,"5.35%",175,5.35,0
2026-02-03,2025-01-28,"5.60%",200,5.6,0
2026-02-03,2025-01-28,"5.85%",225,5.85,0
2026-02-03,2025-01-28,"6.10%",250,6.1,0
2026-02-03,2025-01-29,"0.10%",-300,0.1,0
2026-02-03,2025-01-29,"0.35%",-300,0.35,0
2026-02-03,2025-01-29,"0.60%",-300,0.6,0
2026-02-03,2025-01-29,"0.85%",-275,0.85,0
2026-02-03,2025-01-29,"1.10%",-250,1.1,0
2026-02-03,2025-01-29,"1.35%",-225,1.35,0
2026-02-03,2025-01-29,"1.60%",-200,1.6,0
2026-02-03,2025-01-29,"1.85%",-175,1.85,0
2026-02-03,2025-01-29,"2.10%",-150,2.1,0
2026-02-03,2025-01-29,"2.35%",-125,2.35,0
2026-02-03,2025-01-29,"2.60%",-100,2.6,0.0347015508488523
2026-02-03,2025-01-29,"2.85%",-75,2.85,0.0870600147941334
2026-02-03,2025-01-29,"3.10%",-50,3.1,0.16067483667534
2026-02-03,2025-01-29,"3.35%",-25,3.35,0.218173919699168
2026-02-03,2025-01-29,"3.60%",0,3.6,0.217980496544357
2026-02-03,2025-01-29,"3.85%",25,3.85,0.160247837585735
2026-02-03,2025-01-29,"4.10%",50,4.1,0.0866746828334228
2026-02-03,2025-01-29,"4.35%",75,4.35,0.0344866610189901
2026-02-03,2025-01-29,"4.60%",100,4.6,0
2026-02-03,2025-01-29,"4.85%",125,4.85,0
2026-02-03,2025-01-29,"5.10%",150,5.1,0
2026-02-03,2025-01-29,"5.35%",175,5.35,0
2026-02-03,2025-01-29,"5.60%",200,5.6,0
2026-02-03,2025-01-29,"5.85%",225,5.85,0
2026-02-03,2025-01-29,"6.10%",250,6.1,0
2026-02-03,2025-01-30,"0.10%",-300,0.1,0
2026-02-03,2025-01-30,"0.35%",-300,0.35,0
2026-02-03,2025-01-30,"0.60%",-300,0.6,0
2026-02-03,2025-01-30,"0.85%",-275,0.85,0
2026-02-03,2025-01-30,"1.10%",-250,1.1,0
2026-02-03,2025-01-30,"1.35%",-225,1.35,0
2026-02-03,2025-01-30,"1.60%",-200,1.6,0
2026-02-03,2025-01-30,"1.85%",-175,1.85,0
2026-02-03,2025-01-30,"2.10%",-150,2.1,0
2026-02-03,2025-01-30,"2.35%",-125,2.35,0
2026-02-03,2025-01-30,"2.60%",-100,2.6,0.0282771519481687
2026-02-03,2025-01-30,"2.85%",-75,2.85,0.0813581432335208
2026-02-03,2025-01-30,"3.10%",-50,3.1,0.164067998695479
2026-02-03,2025-01-30,"3.35%",-25,3.35,0.231964909725159
2026-02-03,2025-01-30,"3.60%",0,3.6,0.22996214856414
2026-02-03,2025-01-30,"3.85%",25,3.85,0.159854386037913
2026-02-03,2025-01-30,"4.10%",50,4.1,0.0779047341257836
2026-02-03,2025-01-30,"4.35%",75,4.35,0.0266105276698348
2026-02-03,2025-01-30,"4.60%",100,4.6,0
2026-02-03,2025-01-30,"4.85%",125,4.85,0
2026-02-03,2025-01-30,"5.10%",150,5.1,0
2026-02-03,2025-01-30,"5.35%",175,5.35,0
2026-02-03,2025-01-30,"5.60%",200,5.6,0
2026-02-03,2025-01-30,"5.85%",225,5.85,0
2026-02-03,2025-01-30,"6.10%",250,6.1,0
2026-02-03,2025-01-31,"0.10%",-300,0.1,0
2026-02-03,2025-01-31,"0.35%",-300,0.35,0
2026-02-03,2025-01-31,"0.60%",-300,0.6,0
2026-02-03,2025-01-31,"0.85%",-275,0.85,0
2026-02-03,2025-01-31,"1.10%",-250,1.1,0
2026-02-03,2025-01-31,"1.35%",-225,1.35,0
2026-02-03,2025-01-31,"1.60%",-200,1.6,0
2026-02-03,2025-01-31,"1.85%",-175,1.85,0
2026-02-03,2025-01-31,"2.10%",-150,2.1,0
2026-02-03,2025-01-31,"2.35%",-125,2.35,0.0196703412632647
2026-02-03,2025-01-31,"2.60%",-100,2.6,0.0482606727107
2026-02-03,2025-01-31,"2.85%",-75,2.85,0.0946757862667333
2026-02-03,2025-01-31,"3.10%",-50,3.1,0.148517003646233
2026-02-03,2025-01-31,"3.35%",-25,3.35,0.186304776662923
2026-02-03,2025-01-31,"3.60%",0,3.6,0.186892536809601
2026-02-03,2025-01-31,"3.85%",25,3.85,0.149927127417522
2026-02-03,2025-01-31,"4.10%",50,4.1,0.0961788174533734
2026-02-03,2025-01-31,"4.35%",75,4.35,0.0493368035523188
2026-02-03,2025-01-31,"4.60%",100,4.6,0.0202361342173312
2026-02-03,2025-01-31,"4.85%",125,4.85,0
2026-02-03,2025-01-31,"5.10%",150,5.1,0
2026-02-03,2025-01-31,"5.35%",175,5.35,0
2026-02-03,2025-01-31,"5.60%",200,5.6,0
2026-02-03,2025-01-31,"5.85%",225,5.85,0
2026-02-03,2025-01-31,"6.10%",250,6.1,0
2026-02-03,2025-02-03,"0.10%",-300,0.1,0
2026-02-03,2025-02-03,"0.35%",-300,0.35,0
2026-02-03,2025-02-03,"0.60%",-300,0.6,0
2026-02-03,2025-02-03,"0.85%",-275,0.85,0
2026-02-03,2025-02-03,"1.10%",-250,1.1,0
2026-02-03,2025-02-03,"1.35%",-225,1.35,0
2026-02-03,2025-02-03,"1.60%",-200,1.6,0
2026-02-03,2025-02-03,"1.85%",-175,1.85,0.0126198392565994
2026-02-03,2025-02-03,"2.10%",-150,2.1,0.0256597433501697
2026-02-03,2025-02-03,"2.35%",-125,2.35,0.0461605548762057
2026-02-03,2025-02-03,"2.60%",-100,2.6,0.0734706468357091
2026-02-03,2025-02-03,"2.85%",-75,2.85,0.103462735696192
2026-02-03,2025-02-03,"3.10%",-50,3.1,0.128909113070879
2026-02-03,2025-02-03,"3.35%",-25,3.35,0.142106632623974
2026-02-03,2025-02-03,"3.60%",0,3.6,0.138604333061415
2026-02-03,2025-02-03,"3.85%",25,3.85,0.119610918879416
2026-02-03,2025-02-03,"4.10%",50,4.1,0.0913262028761001
2026-02-03,2025-02-03,"4.35%",75,4.35,0.0616948194604286
2026-02-03,2025-02-03,"4.60%",100,4.6,0.0368746637876195
2026-02-03,2025-02-03,"4.85%",125,4.85,0.0194997962252917
2026-02-03,2025-02-03,"5.10%",150,5.1,0
2026-02-03,2025-02-03,"5.35%",175,5.35,0
2026-02-03,2025-02-03,"5.60%",200,5.6,0
2026-02-03,2025-02-03,"5.85%",225,5.85,0
2026-02-03,2025-02-03,"6.10%",250,6.1,0
2026-02-03,2025-02-04,"0.10%",-300,0.1,0
2026-02-03,2025-02-04,"0.35%",-300,0.35,0
2026-02-03,2025-02-04,"0.60%",-300,0.6,0
2026-02-03,2025-02-04,"0.85%",-275,0.85,0
2026-02-03,2025-02-04,"1.10%",-250,1.1,0
2026-02-03,2025-02-04,"1.35%",-225,1.35,0
2026-02-03,2025-02-04,"1.60%",-200,1.6,0
2026-02-03,2025-02-04,"1.85%",-175,1.85,0
2026-02-03,2025-02-04,"2.10%",-150,2.1,0
2026-02-03,2025-02-04,"2.35%",-125,2.35,0.0161568047111856
2026-02-03,2025-02-04,"2.60%",-100,2.6,0.0451834128449104
2026-02-03,2025-02-04,"2.85%",-75,2.85,0.0970282381086774
2026-02-03,2025-02-04,"3.10%",-50,3.1,0.16001632396298
2026-02-03,2025-02-04,"3.35%",-25,3.35,0.202680551336368
2026-02-03,2025-02-04,"3.60%",0,3.6,0.197177848286167
2026-02-03,2025-02-04,"3.85%",25,3.85,0.147333153234634
2026-02-03,2025-02-04,"4.10%",50,4.1,0.0845509951120014
2026-02-03,2025-02-04,"4.35%",75,4.35,0.0372627239010682
2026-02-03,2025-02-04,"4.60%",100,4.6,0.0126099485020079
2026-02-03,2025-02-04,"4.85%",125,4.85,0
2026-02-03,2025-02-04,"5.10%",150,5.1,0
2026-02-03,2025-02-04,"5.35%",175,5.35,0
2026-02-03,2025-02-04,"5.60%",200,5.6,0
2026-02-03,2025-02-04,"5.85%",225,5.85,0
2026-02-03,2025-02-04,"6.10%",250,6.1,0
2026-02-03,2025-02-05,"0.10%",-300,0.1,0
2026-02-03,2025-02-05,"0.35%",-300,0.35,0
2026-02-03,2025-02-05,"0.60%",-300,0.6,0
2026-02-03,2025-02-05,"0.85%",-275,0.85,0
2026-02-03,2025-02-05,"1.10%",-250,1.1,0
2026-02-03,2025-02-05,"1.35%",-225,1.35,0
2026-02-03,2025-02-05,"1.60%",-200,1.6,0
2026-02-03,2025-02-05,"1.85%",-175,1.85,0
2026-02-03,2025-02-05,"2.10%",-150,2.1,0
2026-02-03,2025-02-05,"2.35%",-125,2.35,0.0183508259569398
2026-02-03,2025-02-05,"2.60%",-100,2.6,0.0490523178870842
2026-02-03,2025-02-05,"2.85%",-75,2.85,0.101461480391427
2026-02-03,2025-02-05,"3.10%",-50,3.1,0.162414774492839
2026-02-03,2025-02-05,"3.35%",-25,3.35,0.201215934202603
2026-02-03,2025-02-05,"3.60%",0,3.6,0.192941422161419
2026-02-03,2025-02-05,"3.85%",25,3.85,0.143189819629245
2026-02-03,2025-02-05,"4.10%",50,4.1,0.0822438180336773
2026-02-03,2025-02-05,"4.35%",75,4.35,0.0365564437958359
2026-02-03,2025-02-05,"4.60%",100,4.6,0.0125731634489296
2026-02-03,2025-02-05,"4.85%",125,4.85,0
2026-02-03,2025-02-05,"5.10%",150,5.1,0
2026-02-03,2025-02-05,"5.35%",175,5.35,0
2026-02-03,2025-02-05,"5.60%",200,5.6,0
2026-02-03,2025-02-05,"5.85%",225,5.85,0
2026-02-03,2025-02-05,"6.10%",250,6.1,0
2026-02-03,2025-02-06,"0.10%",-300,0.1,0
2026-02-03,2025-02-06,"0.35%",-300,0.35,0
2026-02-03,2025-02-06,"0.60%",-300,0.6,0
2026-02-03,2025-02-06,"0.85%",-275,0.85,0
2026-02-03,2025-02-06,"1.10%",-250,1.1,0
2026-02-03,2025-02-06,"1.35%",-225,1.35,0
2026-02-03,2025-02-06,"1.60%",-200,1.6,0
2026-02-03,2025-02-06,"1.85%",-175,1.85,0
2026-02-03,2025-02-06,"2.10%",-150,2.1,0
2026-02-03,2025-02-06,"2.35%",-125,2.35,0.0158585318669779
2026-02-03,2025-02-06,"2.60%",-100,2.6,0.0467104710093996
2026-02-03,2025-02-06,"2.85%",-75,2.85,0.103338915614597
2026-02-03,2025-02-06,"3.10%",-50,3.1,0.171743386508665
2026-02-03,2025-02-06,"3.35%",-25,3.35,0.21444084113961
2026-02-03,2025-02-06,"3.60%",0,3.6,0.201171426978422
2026-02-03,2025-02-06,"3.85%",25,3.85,0.141791645607019
2026-02-03,2025-02-06,"4.10%",50,4.1,0.0750808684040369
2026-02-03,2025-02-06,"4.35%",75,4.35,0.029863912871273
2026-02-03,2025-02-06,"4.60%",100,4.6,0
2026-02-03,2025-02-06,"4.85%",125,4.85,0
2026-02-03,2025-02-06,"5.10%",150,5.1,0
2026-02-03,2025-02-06,"5.35%",175,5.35,0
2026-02-03,2025-02-06,"5.60%",200,5.6,0
2026-02-03,2025-02-06,"5.85%",225,5.85,0
2026-02-03,2025-02-06,"6.10%",250,6.1,0
2026-02-03,2025-02-07,"0.10%",-300,0.1,0
2026-02-03,2025-02-07,"0.35%",-300,0.35,0
2026-02-03,2025-02-07,"0.60%",-300,0.6,0
2026-02-03,2025-02-07,"0.85%",-275,0.85,0
2026-02-03,2025-02-07,"1.10%",-250,1.1,0
2026-02-03,2025-02-07,"1.35%",-225,1.35,0
2026-02-03,2025-02-07,"1.60%",-200,1.6,0
2026-02-03,2025-02-07,"1.85%",-175,1.85,0
2026-02-03,2025-02-07,"2.10%",-150,2.1,0
2026-02-03,2025-02-07,"2.35%",-125,2.35,0.013983984506988
2026-02-03,2025-02-07,"2.60%",-100,2.6,0.0414378565953567
2026-02-03,2025-02-07,"2.85%",-75,2.85,0.0931609055085639
2026-02-03,2025-02-07,"3.10%",-50,3.1,0.158928695343972
2026-02-03,2025-02-07,"3.35%",-25,3.35,0.205752605671055
2026-02-03,2025-02-07,"3.60%",0,3.6,0.202154563846911
2026-02-03,2025-02-07,"3.85%",25,3.85,0.150735487896841
2026-02-03,2025-02-07,"4.10%",50,4.1,0.0852938370231822
2026-02-03,2025-02-07,"4.35%",75,4.35,0.036622257899727
2026-02-03,2025-02-07,"4.60%",100,4.6,0.0119298057074034
2026-02-03,2025-02-07,"4.85%",125,4.85,0
2026-02-03,2025-02-07,"5.10%",150,5.1,0
2026-02-03,2025-02-07,"5.35%",175,5.35,0
2026-02-03,2025-02-07,"5.60%",200,5.6,0
2026-02-03,2025-02-07,"5.85%",225,5.85,0
2026-02-03,2025-02-07,"6.10%",250,6.1,0
2026-02-03,2025-02-10,"0.10%",-300,0.1,0
2026-02-03,2025-02-10,"0.35%",-300,0.35,0
2026-02-03,2025-02-10,"0.60%",-300,0.6,0
2026-02-03,2025-02-10,"0.85%",-275,0.85,0
2026-02-03,2025-02-10,"1.10%",-250,1.1,0
2026-02-03,2025-02-10,"1.35%",-225,1.35,0
2026-02-03,2025-02-10,"1.60%",-200,1.6,0
2026-02-03,2025-02-10,"1.85%",-175,1.85,0
2026-02-03,2025-02-10,"2.10%",-150,2.1,0
2026-02-03,2025-02-10,"2.35%",-125,2.35,0.0126323250360372
2026-02-03,2025-02-10,"2.60%",-100,2.6,0.0376333207426906
2026-02-03,2025-02-10,"2.85%",-75,2.85,0.0857513053471818
2026-02-03,2025-02-10,"3.10%",-50,3.1,0.149467050507329
2026-02-03,2025-02-10,"3.35%",-25,3.35,0.199308921054186
2026-02-03,2025-02-10,"3.60%",0,3.6,0.203331972744668
2026-02-03,2025-02-10,"3.85%",25,3.85,0.158702492966568
2026-02-03,2025-02-10,"4.10%",50,4.1,0.0947638614996822
2026-02-03,2025-02-10,"4.35%",75,4.35,0.0432857955655555
2026-02-03,2025-02-10,"4.60%",100,4.6,0.0151229545361023
2026-02-03,2025-02-10,"4.85%",125,4.85,0
2026-02-03,2025-02-10,"5.10%",150,5.1,0
2026-02-03,2025-02-10,"5.35%",175,5.35,0
2026-02-03,2025-02-10,"5.60%",200,5.6,0
2026-02-03,2025-02-10,"5.85%",225,5.85,0
2026-02-03,2025-02-10,"6.10%",250,6.1,0
2026-02-03,2025-02-11,"0.10%",-300,0.1,0
2026-02-03,2025-02-11,"0.35%",-300,0.35,0
2026-02-03,2025-02-11,"0.60%",-300,0.6,0
2026-02-03,2025-02-11,"0.85%",-275,0.85,0
2026-02-03,2025-02-11,"1.10%",-250,1.1,0
2026-02-03,2025-02-11,"1.35%",-225,1.35,0
2026-02-03,2025-02-11,"1.60%",-200,1.6,0
2026-02-03,2025-02-11,"1.85%",-175,1.85,0
2026-02-03,2025-02-11,"2.10%",-150,2.1,0
2026-02-03,2025-02-11,"2.35%",-125,2.35,0
2026-02-03,2025-02-11,"2.60%",-100,2.6,0.0331334898799431
2026-02-03,2025-02-11,"2.85%",-75,2.85,0.082554031949715
2026-02-03,2025-02-11,"3.10%",-50,3.1,0.152828879535772
2026-02-03,2025-02-11,"3.35%",-25,3.35,0.210246627207147
2026-02-03,2025-02-11,"3.60%",0,3.6,0.214951821998147
2026-02-03,2025-02-11,"3.85%",25,3.85,0.163321721365448
2026-02-03,2025-02-11,"4.10%",50,4.1,0.0922167600157359
2026-02-03,2025-02-11,"4.35%",75,4.35,0.038688557105674
2026-02-03,2025-02-11,"4.60%",100,4.6,0.0120581109424185
2026-02-03,2025-02-11,"4.85%",125,4.85,0
2026-02-03,2025-02-11,"5.10%",150,5.1,0
2026-02-03,2025-02-11,"5.35%",175,5.35,0
2026-02-03,2025-02-11,"5.60%",200,5.6,0
2026-02-03,2025-02-11,"5.85%",225,5.85,0
2026-02-03,2025-02-11,"6.10%",250,6.1,0
2026-02-03,2025-02-12,"0.10%",-300,0.1,0
2026-02-03,2025-02-12,"0.35%",-300,0.35,0
2026-02-03,2025-02-12,"0.60%",-300,0.6,0
2026-02-03,2025-02-12,"0.85%",-275,0.85,0
2026-02-03,2025-02-12,"1.10%",-250,1.1,0
2026-02-03,2025-02-12,"1.35%",-225,1.35,0
2026-02-03,2025-02-12,"1.60%",-200,1.6,0
2026-02-03,2025-02-12,"1.85%",-175,1.85,0
2026-02-03,2025-02-12,"2.10%",-150,2.1,0
2026-02-03,2025-02-12,"2.35%",-125,2.35,0
2026-02-03,2025-02-12,"2.60%",-100,2.6,0.0250313193627787
2026-02-03,2025-02-12,"2.85%",-75,2.85,0.0680128543823555
2026-02-03,2025-02-12,"3.10%",-50,3.1,0.136435496348666
2026-02-03,2025-02-12,"3.35%",-25,3.35,0.202099436521406
2026-02-03,2025-02-12,"3.60%",0,3.6,0.22107827496504
2026-02-03,2025-02-12,"3.85%",25,3.85,0.178599382098268
2026-02-03,2025-02-12,"4.10%",50,4.1,0.106547633637501
2026-02-03,2025-02-12,"4.35%",75,4.35,0.0469335145503104
2026-02-03,2025-02-12,"4.60%",100,4.6,0.0152620881336752
2026-02-03,2025-02-12,"4.85%",125,4.85,0
2026-02-03,2025-02-12,"5.10%",150,5.1,0
2026-02-03,2025-02-12,"5.35%",175,5.35,0
2026-02-03,2025-02-12,"5.60%",200,5.6,0
2026-02-03,2025-02-12,"5.85%",225,5.85,0
2026-02-03,2025-02-12,"6.10%",250,6.1,0
2026-02-03,2025-02-13,"0.10%",-300,0.1,0
2026-02-03,2025-02-13,"0.35%",-300,0.35,0
2026-02-03,2025-02-13,"0.60%",-300,0.6,0
2026-02-03,2025-02-13,"0.85%",-275,0.85,0
2026-02-03,2025-02-13,"1.10%",-250,1.1,0
2026-02-03,2025-02-13,"1.35%",-225,1.35,0
2026-02-03,2025-02-13,"1.60%",-200,1.6,0
2026-02-03,2025-02-13,"1.85%",-175,1.85,0
2026-02-03,2025-02-13,"2.10%",-150,2.1,0
2026-02-03,2025-02-13,"2.35%",-125,2.35,0
2026-02-03,2025-02-13,"2.60%",-100,2.6,0.0236386667659904
2026-02-03,2025-02-13,"2.85%",-75,2.85,0.0654125346076443
2026-02-03,2025-02-13,"3.10%",-50,3.1,0.133390888867095
2026-02-03,2025-02-13,"3.35%",-25,3.35,0.200490466609839
2026-02-03,2025-02-13,"3.60%",0,3.6,0.22213032977471
2026-02-03,2025-02-13,"3.85%",25,3.85,0.181417773343467
2026-02-03,2025-02-13,"4.10%",50,4.1,0.109216297687313
2026-02-03,2025-02-13,"4.35%",75,4.35,0.048459181514369
2026-02-03,2025-02-13,"4.60%",100,4.6,0.0158438608295724
2026-02-03,2025-02-13,"4.85%",125,4.85,0
2026-02-03,2025-02-13,"5.10%",150,5.1,0
2026-02-03,2025-02-13,"5.35%",175,5.35,0
2026-02-03,2025-02-13,"5.60%",200,5.6,0
2026-02-03,2025-02-13,"5.85%",225,5.85,0
2026-02-03,2025-02-13,"6.10%",250,6.1,0
2026-02-03,2025-02-14,"0.10%",-300,0.1,0
2026-02-03,2025-02-14,"0.35%",-300,0.35,0
2026-02-03,2025-02-14,"0.60%",-300,0.6,0
2026-02-03,2025-02-14,"0.85%",-275,0.85,0
2026-02-03,2025-02-14,"1.10%",-250,1.1,0
2026-02-03,2025-02-14,"1.35%",-225,1.35,0
2026-02-03,2025-02-14,"1.60%",-200,1.6,0
2026-02-03,2025-02-14,"1.85%",-175,1.85,0
2026-02-03,2025-02-14,"2.10%",-150,2.1,0
2026-02-03,2025-02-14,"2.35%",-125,2.35,0
2026-02-03,2025-02-14,"2.60%",-100,2.6,0.0168175190790476
2026-02-03,2025-02-14,"2.85%",-75,2.85,0.0570823094855573
2026-02-03,2025-02-14,"3.10%",-50,3.1,0.133980754382291
2026-02-03,2025-02-14,"3.35%",-25,3.35,0.21754159753984
2026-02-03,2025-02-14,"3.60%",0,3.6,0.244396227664109
2026-02-03,2025-02-14,"3.85%",25,3.85,0.189986081467456
2026-02-03,2025-02-14,"4.10%",50,4.1,0.102182146418135
2026-02-03,2025-02-14,"4.35%",75,4.35,0.0380133639635642
2026-02-03,2025-02-14,"4.60%",100,4.6,0
2026-02-03,2025-02-14,"4.85%",125,4.85,0
2026-02-03,2025-02-14,"5.10%",150,5.1,0
2026-02-03,2025-02-14,"5.35%",175,5.35,0
2026-02-03,2025-02-14,"5.60%",200,5.6,0
2026-02-03,2025-02-14,"5.85%",225,5.85,0
2026-02-03,2025-02-14,"6.10%",250,6.1,0
2026-02-03,2025-02-17,"0.10%",-300,0.1,0
2026-02-03,2025-02-17,"0.35%",-300,0.35,0
2026-02-03,2025-02-17,"0.60%",-300,0.6,0
2026-02-03,2025-02-17,"0.85%",-275,0.85,0
2026-02-03,2025-02-17,"1.10%",-250,1.1,0
2026-02-03,2025-02-17,"1.35%",-225,1.35,0
2026-02-03,2025-02-17,"1.60%",-200,1.6,0
2026-02-03,2025-02-17,"1.85%",-175,1.85,0
2026-02-03,2025-02-17,"2.10%",-150,2.1,0
2026-02-03,2025-02-17,"2.35%",-125,2.35,0
2026-02-03,2025-02-17,"2.60%",-100,2.6,0
2026-02-03,2025-02-17,"2.85%",-75,2.85,0.0431964574744039
2026-02-03,2025-02-17,"3.10%",-50,3.1,0.121391776489539
2026-02-03,2025-02-17,"3.35%",-25,3.35,0.222397695952499
2026-02-03,2025-02-17,"3.60%",0,3.6,0.265737851551788
2026-02-03,2025-02-17,"3.85%",25,3.85,0.207116055148377
2026-02-03,2025-02-17,"4.10%",50,4.1,0.10527721748694
2026-02-03,2025-02-17,"4.35%",75,4.35,0.0348829458964533
2026-02-03,2025-02-17,"4.60%",100,4.6,0
2026-02-03,2025-02-17,"4.85%",125,4.85,0
2026-02-03,2025-02-17,"5.10%",150,5.1,0
2026-02-03,2025-02-17,"5.35%",175,5.35,0
2026-02-03,2025-02-17,"5.60%",200,5.6,0
2026-02-03,2025-02-17,"5.85%",225,5.85,0
2026-02-03,2025-02-17,"6.10%",250,6.1,0
2026-02-03,2025-02-19,"0.10%",-300,0.1,0
2026-02-03,2025-02-19,"0.35%",-300,0.35,0
2026-02-03,2025-02-19,"0.60%",-300,0.6,0
2026-02-03,2025-02-19,"0.85%",-275,0.85,0
2026-02-03,2025-02-19,"1.10%",-250,1.1,0
2026-02-03,2025-02-19,"1.35%",-225,1.35,0
2026-02-03,2025-02-19,"1.60%",-200,1.6,0
2026-02-03,2025-02-19,"1.85%",-175,1.85,0
2026-02-03,2025-02-19,"2.10%",-150,2.1,0
2026-02-03,2025-02-19,"2.35%",-125,2.35,0
2026-02-03,2025-02-19,"2.60%",-100,2.6,0.0101005871155588
2026-02-03,2025-02-19,"2.85%",-75,2.85,0.038819450665062
2026-02-03,2025-02-19,"3.10%",-50,3.1,0.103228907984763
2026-02-03,2025-02-19,"3.35%",-25,3.35,0.190011072471764
2026-02-03,2025-02-19,"3.60%",0,3.6,0.242157276347189
2026-02-03,2025-02-19,"3.85%",25,3.85,0.21369986166135
2026-02-03,2025-02-19,"4.10%",50,4.1,0.130579413271614
2026-02-03,2025-02-19,"4.35%",75,4.35,0.0552350522944402
2026-02-03,2025-02-19,"4.60%",100,4.6,0.0161683781882598
2026-02-03,2025-02-19,"4.85%",125,4.85,0
2026-02-03,2025-02-19,"5.10%",150,5.1,0
2026-02-03,2025-02-19,"5.35%",175,5.35,0
2026-02-03,2025-02-19,"5.60%",200,5.6,0
2026-02-03,2025-02-19,"5.85%",225,5.85,0
2026-02-03,2025-02-19,"6.10%",250,6.1,0
2026-02-03,2025-02-20,"0.10%",-300,0.1,0
2026-02-03,2025-02-20,"0.35%",-300,0.35,0
2026-02-03,2025-02-20,"0.60%",-300,0.6,0
2026-02-03,2025-02-20,"0.85%",-275,0.85,0
2026-02-03,2025-02-20,"1.10%",-250,1.1,0
2026-02-03,2025-02-20,"1.35%",-225,1.35,0
2026-02-03,2025-02-20,"1.60%",-200,1.6,0
2026-02-03,2025-02-20,"1.85%",-175,1.85,0
2026-02-03,2025-02-20,"2.10%",-150,2.1,0
2026-02-03,2025-02-20,"2.35%",-125,2.35,0
2026-02-03,2025-02-20,"2.60%",-100,2.6,0.0121536091185278
2026-02-03,2025-02-20,"2.85%",-75,2.85,0.0416559156661356
2026-02-03,2025-02-20,"3.10%",-50,3.1,0.102495003290183
2026-02-03,2025-02-20,"3.35%",-25,3.35,0.181093295168209
2026-02-03,2025-02-20,"3.60%",0,3.6,0.229802117088901
2026-02-03,2025-02-20,"3.85%",25,3.85,0.20945520256369
2026-02-03,2025-02-20,"4.10%",50,4.1,0.137119955357872
2026-02-03,2025-02-20,"4.35%",75,4.35,0.0644649399390727
2026-02-03,2025-02-20,"4.60%",100,4.6,0.0217599618074094
2026-02-03,2025-02-20,"4.85%",125,4.85,0
2026-02-03,2025-02-20,"5.10%",150,5.1,0
2026-02-03,2025-02-20,"5.35%",175,5.35,0
2026-02-03,2025-02-20,"5.60%",200,5.6,0
2026-02-03,2025-02-20,"5.85%",225,5.85,0
2026-02-03,2025-02-20,"6.10%",250,6.1,0
2026-02-03,2025-02-21,"0.10%",-300,0.1,0
2026-02-03,2025-02-21,"0.35%",-300,0.35,0
2026-02-03,2025-02-21,"0.60%",-300,0.6,0
2026-02-03,2025-02-21,"0.85%",-275,0.85,0
2026-02-03,2025-02-21,"1.10%",-250,1.1,0
2026-02-03,2025-02-21,"1.35%",-225,1.35,0
2026-02-03,2025-02-21,"1.60%",-200,1.6,0
2026-02-03,2025-02-21,"1.85%",-175,1.85,0
2026-02-03,2025-02-21,"2.10%",-150,2.1,0
2026-02-03,2025-02-21,"2.35%",-125,2.35,0
2026-02-03,2025-02-21,"2.60%",-100,2.6,0.0123040916545849
2026-02-03,2025-02-21,"2.85%",-75,2.85,0.0424944334776053
2026-02-03,2025-02-21,"3.10%",-50,3.1,0.104781130795935
2026-02-03,2025-02-21,"3.35%",-25,3.35,0.184513502776054
2026-02-03,2025-02-21,"3.60%",0,3.6,0.232086111266092
2026-02-03,2025-02-21,"3.85%",25,3.85,0.20853550506109
2026-02-03,2025-02-21,"4.10%",50,4.1,0.13384582872211
2026-02-03,2025-02-21,"4.35%",75,4.35,0.0613562525631676
2026-02-03,2025-02-21,"4.60%",100,4.6,0.0200831436833613
2026-02-03,2025-02-21,"4.85%",125,4.85,0
2026-02-03,2025-02-21,"5.10%",150,5.1,0
2026-02-03,2025-02-21,"5.35%",175,5.35,0
2026-02-03,2025-02-21,"5.60%",200,5.6,0
2026-02-03,2025-02-21,"5.85%",225,5.85,0
2026-02-03,2025-02-21,"6.10%",250,6.1,0
2026-02-03,2025-02-24,"0.10%",-300,0.1,0
2026-02-03,2025-02-24,"0.35%",-300,0.35,0
2026-02-03,2025-02-24,"0.60%",-300,0.6,0
2026-02-03,2025-02-24,"0.85%",-275,0.85,0
2026-02-03,2025-02-24,"1.10%",-250,1.1,0
2026-02-03,2025-02-24,"1.35%",-225,1.35,0
2026-02-03,2025-02-24,"1.60%",-200,1.6,0
2026-02-03,2025-02-24,"1.85%",-175,1.85,0
2026-02-03,2025-02-24,"2.10%",-150,2.1,0
2026-02-03,2025-02-24,"2.35%",-125,2.35,0
2026-02-03,2025-02-24,"2.60%",-100,2.6,0.0122894185196957
2026-02-03,2025-02-24,"2.85%",-75,2.85,0.0462835559265408
2026-02-03,2025-02-24,"3.10%",-50,3.1,0.118779643648409
2026-02-03,2025-02-24,"3.35%",-25,3.35,0.207812158096842
2026-02-03,2025-02-24,"3.60%",0,3.6,0.247932805745418
2026-02-03,2025-02-24,"3.85%",25,3.85,0.201729799119507
2026-02-03,2025-02-24,"4.10%",50,4.1,0.111926705327316
2026-02-03,2025-02-24,"4.35%",75,4.35,0.0423348929919252
2026-02-03,2025-02-24,"4.60%",100,4.6,0.0109110206243463
2026-02-03,2025-02-24,"4.85%",125,4.85,0
2026-02-03,2025-02-24,"5.10%",150,5.1,0
2026-02-03,2025-02-24,"5.35%",175,5.35,0
2026-02-03,2025-02-24,"5.60%",200,5.6,0
2026-02-03,2025-02-24,"5.85%",225,5.85,0
2026-02-03,2025-02-24,"6.10%",250,6.1,0
2026-02-03,2025-02-25,"0.10%",-300,0.1,0
2026-02-03,2025-02-25,"0.35%",-300,0.35,0
2026-02-03,2025-02-25,"0.60%",-300,0.6,0
2026-02-03,2025-02-25,"0.85%",-275,0.85,0
2026-02-03,2025-02-25,"1.10%",-250,1.1,0
2026-02-03,2025-02-25,"1.35%",-225,1.35,0
2026-02-03,2025-02-25,"1.60%",-200,1.6,0
2026-02-03,2025-02-25,"1.85%",-175,1.85,0
2026-02-03,2025-02-25,"2.10%",-150,2.1,0
2026-02-03,2025-02-25,"2.35%",-125,2.35,0
2026-02-03,2025-02-25,"2.60%",-100,2.6,0.0263732219703591
2026-02-03,2025-02-25,"2.85%",-75,2.85,0.0705125023455467
2026-02-03,2025-02-25,"3.10%",-50,3.1,0.139371909461571
2026-02-03,2025-02-25,"3.35%",-25,3.35,0.20368565474783
2026-02-03,2025-02-25,"3.60%",0,3.6,0.220121088505172
2026-02-03,2025-02-25,"3.85%",25,3.85,0.175908626339146
2026-02-03,2025-02-25,"4.10%",50,4.1,0.103947276312569
2026-02-03,2025-02-25,"4.35%",75,4.35,0.0454134813949655
2026-02-03,2025-02-25,"4.60%",100,4.6,0.014666238922841
2026-02-03,2025-02-25,"4.85%",125,4.85,0
2026-02-03,2025-02-25,"5.10%",150,5.1,0
2026-02-03,2025-02-25,"5.35%",175,5.35,0
2026-02-03,2025-02-25,"5.60%",200,5.6,0
2026-02-03,2025-02-25,"5.85%",225,5.85,0
2026-02-03,2025-02-25,"6.10%",250,6.1,0
2026-02-03,2025-02-26,"0.10%",-300,0.1,0
2026-02-03,2025-02-26,"0.35%",-300,0.35,0
2026-02-03,2025-02-26,"0.60%",-300,0.6,0
2026-02-03,2025-02-26,"0.85%",-275,0.85,0
2026-02-03,2025-02-26,"1.10%",-250,1.1,0
2026-02-03,2025-02-26,"1.35%",-225,1.35,0
2026-02-03,2025-02-26,"1.60%",-200,1.6,0
2026-02-03,2025-02-26,"1.85%",-175,1.85,0
2026-02-03,2025-02-26,"2.10%",-150,2.1,0
2026-02-03,2025-02-26,"2.35%",-125,2.35,0
2026-02-03,2025-02-26,"2.60%",-100,2.6,0.0211210597997189
2026-02-03,2025-02-26,"2.85%",-75,2.85,0.0661951479964772
2026-02-03,2025-02-26,"3.10%",-50,3.1,0.145055732357035
2026-02-03,2025-02-26,"3.35%",-25,3.35,0.222318364968711
2026-02-03,2025-02-26,"3.60%",0,3.6,0.238354148752696
2026-02-03,2025-02-26,"3.85%",25,3.85,0.178767873555338
2026-02-03,2025-02-26,"4.10%",50,4.1,0.0937830857491865
2026-02-03,2025-02-26,"4.35%",75,4.35,0.0344045868208368
2026-02-03,2025-02-26,"4.60%",100,4.6,0
2026-02-03,2025-02-26,"4.85%",125,4.85,0
2026-02-03,2025-02-26,"5.10%",150,5.1,0
2026-02-03,2025-02-26,"5.35%",175,5.35,0
2026-02-03,2025-02-26,"5.60%",200,5.6,0
2026-02-03,2025-02-26,"5.85%",225,5.85,0
2026-02-03,2025-02-26,"6.10%",250,6.1,0
2026-02-03,2025-02-27,"0.10%",-300,0.1,0
2026-02-03,2025-02-27,"0.35%",-300,0.35,0
2026-02-03,2025-02-27,"0.60%",-300,0.6,0
2026-02-03,2025-02-27,"0.85%",-275,0.85,0
2026-02-03,2025-02-27,"1.10%",-250,1.1,0
2026-02-03,2025-02-27,"1.35%",-225,1.35,0
2026-02-03,2025-02-27,"1.60%",-200,1.6,0
2026-02-03,2025-02-27,"1.85%",-175,1.85,0
2026-02-03,2025-02-27,"2.10%",-150,2.1,0
2026-02-03,2025-02-27,"2.35%",-125,2.35,0
2026-02-03,2025-02-27,"2.60%",-100,2.6,0.0160325785457088
2026-02-03,2025-02-27,"2.85%",-75,2.85,0.0587539864798221
2026-02-03,2025-02-27,"3.10%",-50,3.1,0.143327443586279
2026-02-03,2025-02-27,"3.35%",-25,3.35,0.232863295105577
2026-02-03,2025-02-27,"3.60%",0,3.6,0.252045316913065
2026-02-03,2025-02-27,"3.85%",25,3.85,0.181753641238619
2026-02-03,2025-02-27,"4.10%",50,4.1,0.0873028752733613
2026-02-03,2025-02-27,"4.35%",75,4.35,0.0279208628575682
2026-02-03,2025-02-27,"4.60%",100,4.6,0
2026-02-03,2025-02-27,"4.85%",125,4.85,0
2026-02-03,2025-02-27,"5.10%",150,5.1,0
2026-02-03,2025-02-27,"5.35%",175,5.35,0
2026-02-03,2025-02-27,"5.60%",200,5.6,0
2026-02-03,2025-02-27,"5.85%",225,5.85,0
2026-02-03,2025-02-27,"6.10%",250,6.1,0
2026-02-03,2025-02-28,"0.10%",-300,0.1,0
2026-02-03,2025-02-28,"0.35%",-300,0.35,0
2026-02-03,2025-02-28,"0.60%",-300,0.6,0
2026-02-03,2025-02-28,"0.85%",-275,0.85,0
2026-02-03,2025-02-28,"1.10%",-250,1.1,0
2026-02-03,2025-02-28,"1.35%",-225,1.35,0
2026-02-03,2025-02-28,"1.60%",-200,1.6,0
2026-02-03,2025-02-28,"1.85%",-175,1.85,0
2026-02-03,2025-02-28,"2.10%",-150,2.1,0
2026-02-03,2025-02-28,"2.35%",-125,2.35,0
2026-02-03,2025-02-28,"2.60%",-100,2.6,0.0187392608264101
2026-02-03,2025-02-28,"2.85%",-75,2.85,0.0686411188520887
2026-02-03,2025-02-28,"3.10%",-50,3.1,0.162928380401556
2026-02-03,2025-02-28,"3.35%",-25,3.35,0.250756511708086
2026-02-03,2025-02-28,"3.60%",0,3.6,0.250315612213024
2026-02-03,2025-02-28,"3.85%",25,3.85,0.162070258641846
2026-02-03,2025-02-28,"4.10%",50,4.1,0.0680393493948441
2026-02-03,2025-02-28,"4.35%",75,4.35,0.0185095079621456
2026-02-03,2025-02-28,"4.60%",100,4.6,0
2026-02-03,2025-02-28,"4.85%",125,4.85,0
2026-02-03,2025-02-28,"5.10%",150,5.1,0
2026-02-03,2025-02-28,"5.35%",175,5.35,0
2026-02-03,2025-02-28,"5.60%",200,5.6,0
2026-02-03,2025-02-28,"5.85%",225,5.85,0
2026-02-03,2025-02-28,"6.10%",250,6.1,0
2026-02-03,2025-03-03,"0.10%",-300,0.1,0
2026-02-03,2025-03-03,"0.35%",-300,0.35,0
2026-02-03,2025-03-03,"0.60%",-300,0.6,0
2026-02-03,2025-03-03,"0.85%",-275,0.85,0
2026-02-03,2025-03-03,"1.10%",-250,1.1,0
2026-02-03,2025-03-03,"1.35%",-225,1.35,0
2026-02-03,2025-03-03,"1.60%",-200,1.6,0
2026-02-03,2025-03-03,"1.85%",-175,1.85,0
2026-02-03,2025-03-03,"2.10%",-150,2.1,0
2026-02-03,2025-03-03,"2.35%",-125,2.35,0
2026-02-03,2025-03-03,"2.60%",-100,2.6,0.0202559525952549
2026-02-03,2025-03-03,"2.85%",-75,2.85,0.0689518008323868
2026-02-03,2025-03-03,"3.10%",-50,3.1,0.157127671936045
2026-02-03,2025-03-03,"3.35%",-25,3.35,0.239812571761433
2026-02-03,2025-03-03,"3.60%",0,3.6,0.24519372233432
2026-02-03,2025-03-03,"3.85%",25,3.85,0.167946330226211
2026-02-03,2025-03-03,"4.10%",50,4.1,0.0770478250934789
2026-02-03,2025-03-03,"4.35%",75,4.35,0.0236641252208698
2026-02-03,2025-03-03,"4.60%",100,4.6,0
2026-02-03,2025-03-03,"4.85%",125,4.85,0
2026-02-03,2025-03-03,"5.10%",150,5.1,0
2026-02-03,2025-03-03,"5.35%",175,5.35,0
2026-02-03,2025-03-03,"5.60%",200,5.6,0
2026-02-03,2025-03-03,"5.85%",225,5.85,0
2026-02-03,2025-03-03,"6.10%",250,6.1,0
2026-02-03,2025-03-04,"0.10%",-300,0.1,0
2026-02-03,2025-03-04,"0.35%",-300,0.35,0
2026-02-03,2025-03-04,"0.60%",-300,0.6,0
2026-02-03,2025-03-04,"0.85%",-275,0.85,0
2026-02-03,2025-03-04,"1.10%",-250,1.1,0
2026-02-03,2025-03-04,"1.35%",-225,1.35,0
2026-02-03,2025-03-04,"1.60%",-200,1.6,0
2026-02-03,2025-03-04,"1.85%",-175,1.85,0
2026-02-03,2025-03-04,"2.10%",-150,2.1,0
2026-02-03,2025-03-04,"2.35%",-125,2.35,0
2026-02-03,2025-03-04,"2.60%",-100,2.6,0.0268710606679208
2026-02-03,2025-03-04,"2.85%",-75,2.85,0.0866300934509082
2026-02-03,2025-03-04,"3.10%",-50,3.1,0.183598743209094
2026-02-03,2025-03-04,"3.35%",-25,3.35,0.25591554483118
2026-02-03,2025-03-04,"3.60%",0,3.6,0.234663545815432
2026-02-03,2025-03-04,"3.85%",25,3.85,0.141543954868998
2026-02-03,2025-03-04,"4.10%",50,4.1,0.05614219945077
2026-02-03,2025-03-04,"4.35%",75,4.35,0.0146348577056968
2026-02-03,2025-03-04,"4.60%",100,4.6,0
2026-02-03,2025-03-04,"4.85%",125,4.85,0
2026-02-03,2025-03-04,"5.10%",150,5.1,0
2026-02-03,2025-03-04,"5.35%",175,5.35,0
2026-02-03,2025-03-04,"5.60%",200,5.6,0
2026-02-03,2025-03-04,"5.85%",225,5.85,0
2026-02-03,2025-03-04,"6.10%",250,6.1,0
2026-02-03,2025-03-05,"0.10%",-300,0.1,0
2026-02-03,2025-03-05,"0.35%",-300,0.35,0
2026-02-03,2025-03-05,"0.60%",-300,0.6,0
2026-02-03,2025-03-05,"0.85%",-275,0.85,0
2026-02-03,2025-03-05,"1.10%",-250,1.1,0
2026-02-03,2025-03-05,"1.35%",-225,1.35,0
2026-02-03,2025-03-05,"1.60%",-200,1.6,0
2026-02-03,2025-03-05,"1.85%",-175,1.85,0
2026-02-03,2025-03-05,"2.10%",-150,2.1,0
2026-02-03,2025-03-05,"2.35%",-125,2.35,0
2026-02-03,2025-03-05,"2.60%",-100,2.6,0.017646585079828
2026-02-03,2025-03-05,"2.85%",-75,2.85,0.0704248231811478
2026-02-03,2025-03-05,"3.10%",-50,3.1,0.174124998577596
2026-02-03,2025-03-05,"3.35%",-25,3.35,0.266954225039016
2026-02-03,2025-03-05,"3.60%",0,3.6,0.253884873322789
2026-02-03,2025-03-05,"3.85%",25,3.85,0.149774977237119
2026-02-03,2025-03-05,"4.10%",50,4.1,0.0547795675461865
2026-02-03,2025-03-05,"4.35%",75,4.35,0.0124099500163177
2026-02-03,2025-03-05,"4.60%",100,4.6,0
2026-02-03,2025-03-05,"4.85%",125,4.85,0
2026-02-03,2025-03-05,"5.10%",150,5.1,0
2026-02-03,2025-03-05,"5.35%",175,5.35,0
2026-02-03,2025-03-05,"5.60%",200,5.6,0
2026-02-03,2025-03-05,"5.85%",225,5.85,0
2026-02-03,2025-03-05,"6.10%",250,6.1,0
2026-02-03,2025-03-06,"0.10%",-300,0.1,0
2026-02-03,2025-03-06,"0.35%",-300,0.35,0
2026-02-03,2025-03-06,"0.60%",-300,0.6,0
2026-02-03,2025-03-06,"0.85%",-275,0.85,0
2026-02-03,2025-03-06,"1.10%",-250,1.1,0
2026-02-03,2025-03-06,"1.35%",-225,1.35,0
2026-02-03,2025-03-06,"1.60%",-200,1.6,0
2026-02-03,2025-03-06,"1.85%",-175,1.85,0
2026-02-03,2025-03-06,"2.10%",-150,2.1,0
2026-02-03,2025-03-06,"2.35%",-125,2.35,0
2026-02-03,2025-03-06,"2.60%",-100,2.6,0
2026-02-03,2025-03-06,"2.85%",-75,2.85,0.0445112865700585
2026-02-03,2025-03-06,"3.10%",-50,3.1,0.145080115038854
2026-02-03,2025-03-06,"3.35%",-25,3.35,0.270541780305986
2026-02-03,2025-03-06,"3.60%",0,3.6,0.288918584862347
2026-02-03,2025-03-06,"3.85%",25,3.85,0.17671673540689
2026-02-03,2025-03-06,"4.10%",50,4.1,0.0618586995286684
2026-02-03,2025-03-06,"4.35%",75,4.35,0.0123727982871956
2026-02-03,2025-03-06,"4.60%",100,4.6,0
2026-02-03,2025-03-06,"4.85%",125,4.85,0
2026-02-03,2025-03-06,"5.10%",150,5.1,0
2026-02-03,2025-03-06,"5.35%",175,5.35,0
2026-02-03,2025-03-06,"5.60%",200,5.6,0
2026-02-03,2025-03-06,"5.85%",225,5.85,0
2026-02-03,2025-03-06,"6.10%",250,6.1,0
2026-02-03,2025-03-07,"0.10%",-300,0.1,0
2026-02-03,2025-03-07,"0.35%",-300,0.35,0
2026-02-03,2025-03-07,"0.60%",-300,0.6,0
2026-02-03,2025-03-07,"0.85%",-275,0.85,0
2026-02-03,2025-03-07,"1.10%",-250,1.1,0
2026-02-03,2025-03-07,"1.35%",-225,1.35,0
2026-02-03,2025-03-07,"1.60%",-200,1.6,0
2026-02-03,2025-03-07,"1.85%",-175,1.85,0
2026-02-03,2025-03-07,"2.10%",-150,2.1,0
2026-02-03,2025-03-07,"2.35%",-125,2.35,0
2026-02-03,2025-03-07,"2.60%",-100,2.6,0.0147633889015085
2026-02-03,2025-03-07,"2.85%",-75,2.85,0.0680360599165822
2026-02-03,2025-03-07,"3.10%",-50,3.1,0.182815997590396
2026-02-03,2025-03-07,"3.35%",-25,3.35,0.286804940843701
2026-02-03,2025-03-07,"3.60%",0,3.6,0.262866852576719
2026-02-03,2025-03-07,"3.85%",25,3.85,0.14073652714694
2026-02-03,2025-03-07,"4.10%",50,4.1,0.0439762330241528
2026-02-03,2025-03-07,"4.35%",75,4.35,0
2026-02-03,2025-03-07,"4.60%",100,4.6,0
2026-02-03,2025-03-07,"4.85%",125,4.85,0
2026-02-03,2025-03-07,"5.10%",150,5.1,0
2026-02-03,2025-03-07,"5.35%",175,5.35,0
2026-02-03,2025-03-07,"5.60%",200,5.6,0
2026-02-03,2025-03-07,"5.85%",225,5.85,0
2026-02-03,2025-03-07,"6.10%",250,6.1,0
2026-02-03,2025-03-10,"0.10%",-300,0.1,0
2026-02-03,2025-03-10,"0.35%",-300,0.35,0
2026-02-03,2025-03-10,"0.60%",-300,0.6,0
2026-02-03,2025-03-10,"0.85%",-275,0.85,0
2026-02-03,2025-03-10,"1.10%",-250,1.1,0
2026-02-03,2025-03-10,"1.35%",-225,1.35,0
2026-02-03,2025-03-10,"1.60%",-200,1.6,0
2026-02-03,2025-03-10,"1.85%",-175,1.85,0
2026-02-03,2025-03-10,"2.10%",-150,2.1,0
2026-02-03,2025-03-10,"2.35%",-125,2.35,0
2026-02-03,2025-03-10,"2.60%",-100,2.6,0.0162765888360857
2026-02-03,2025-03-10,"2.85%",-75,2.85,0.0674338543290685
2026-02-03,2025-03-10,"3.10%",-50,3.1,0.17149797087294
2026-02-03,2025-03-10,"3.35%",-25,3.35,0.267984201535086
2026-02-03,2025-03-10,"3.60%",0,3.6,0.257413977032932
2026-02-03,2025-03-10,"3.85%",25,3.85,0.151987940830131
2026-02-03,2025-03-10,"4.10%",50,4.1,0.0551317175571606
2026-02-03,2025-03-10,"4.35%",75,4.35,0.0122737490065966
2026-02-03,2025-03-10,"4.60%",100,4.6,0
2026-02-03,2025-03-10,"4.85%",125,4.85,0
2026-02-03,2025-03-10,"5.10%",150,5.1,0
2026-02-03,2025-03-10,"5.35%",175,5.35,0
2026-02-03,2025-03-10,"5.60%",200,5.6,0
2026-02-03,2025-03-10,"5.85%",225,5.85,0
2026-02-03,2025-03-10,"6.10%",250,6.1,0
2026-02-03,2025-03-11,"0.10%",-300,0.1,0
2026-02-03,2025-03-11,"0.35%",-300,0.35,0
2026-02-03,2025-03-11,"0.60%",-300,0.6,0
2026-02-03,2025-03-11,"0.85%",-275,0.85,0
2026-02-03,2025-03-11,"1.10%",-250,1.1,0
2026-02-03,2025-03-11,"1.35%",-225,1.35,0
2026-02-03,2025-03-11,"1.60%",-200,1.6,0
2026-02-03,2025-03-11,"1.85%",-175,1.85,0
2026-02-03,2025-03-11,"2.10%",-150,2.1,0
2026-02-03,2025-03-11,"2.35%",-125,2.35,0.0101836205993875
2026-02-03,2025-03-11,"2.60%",-100,2.6,0.0393931607474303
2026-02-03,2025-03-11,"2.85%",-75,2.85,0.104961215090682
2026-02-03,2025-03-11,"3.10%",-50,3.1,0.19271243645982
2026-02-03,2025-03-11,"3.35%",-25,3.35,0.243883735707431
2026-02-03,2025-03-11,"3.60%",0,3.6,0.212762750372141
2026-02-03,2025-03-11,"3.85%",25,3.85,0.127944145862237
2026-02-03,2025-03-11,"4.10%",50,4.1,0.053022050267236
2026-02-03,2025-03-11,"4.35%",75,4.35,0.0151368848936335
2026-02-03,2025-03-11,"4.60%",100,4.6,0
2026-02-03,2025-03-11,"4.85%",125,4.85,0
2026-02-03,2025-03-11,"5.10%",150,5.1,0
2026-02-03,2025-03-11,"5.35%",175,5.35,0
2026-02-03,2025-03-11,"5.60%",200,5.6,0
2026-02-03,2025-03-11,"5.85%",225,5.85,0
2026-02-03,2025-03-11,"6.10%",250,6.1,0
2026-02-03,2025-03-12,"0.10%",-300,0.1,0
2026-02-03,2025-03-12,"0.35%",-300,0.35,0
2026-02-03,2025-03-12,"0.60%",-300,0.6,0
2026-02-03,2025-03-12,"0.85%",-275,0.85,0
2026-02-03,2025-03-12,"1.10%",-250,1.1,0
2026-02-03,2025-03-12,"1.35%",-225,1.35,0
2026-02-03,2025-03-12,"1.60%",-200,1.6,0
2026-02-03,2025-03-12,"1.85%",-175,1.85,0
2026-02-03,2025-03-12,"2.10%",-150,2.1,0
2026-02-03,2025-03-12,"2.35%",-125,2.35,0.0126181795923986
2026-02-03,2025-03-12,"2.60%",-100,2.6,0.0428582771247555
2026-02-03,2025-03-12,"2.85%",-75,2.85,0.104508844171439
2026-02-03,2025-03-12,"3.10%",-50,3.1,0.183007842717983
2026-02-03,2025-03-12,"3.35%",-25,3.35,0.230176925291464
2026-02-03,2025-03-12,"3.60%",0,3.6,0.207951249974771
2026-02-03,2025-03-12,"3.85%",25,3.85,0.134944325567151
2026-02-03,2025-03-12,"4.10%",50,4.1,0.0628899031274341
2026-02-03,2025-03-12,"4.35%",75,4.35,0.021044452432604
2026-02-03,2025-03-12,"4.60%",100,4.6,0
2026-02-03,2025-03-12,"4.85%",125,4.85,0
2026-02-03,2025-03-12,"5.10%",150,5.1,0
2026-02-03,2025-03-12,"5.35%",175,5.35,0
2026-02-03,2025-03-12,"5.60%",200,5.6,0
2026-02-03,2025-03-12,"5.85%",225,5.85,0
2026-02-03,2025-03-12,"6.10%",250,6.1,0
2026-02-03,2025-03-13,"0.10%",-300,0.1,0
2026-02-03,2025-03-13,"0.35%",-300,0.35,0
2026-02-03,2025-03-13,"0.60%",-300,0.6,0
2026-02-03,2025-03-13,"0.85%",-275,0.85,0
2026-02-03,2025-03-13,"1.10%",-250,1.1,0
2026-02-03,2025-03-13,"1.35%",-225,1.35,0
2026-02-03,2025-03-13,"1.60%",-200,1.6,0
2026-02-03,2025-03-13,"1.85%",-175,1.85,0
2026-02-03,2025-03-13,"2.10%",-150,2.1,0
2026-02-03,2025-03-13,"2.35%",-125,2.35,0.0134745574984763
2026-02-03,2025-03-13,"2.60%",-100,2.6,0.0433723846948947
2026-02-03,2025-03-13,"2.85%",-75,2.85,0.102218380927971
2026-02-03,2025-03-13,"3.10%",-50,3.1,0.176423402475352
2026-02-03,2025-03-13,"3.35%",-25,3.35,0.223026915221588
2026-02-03,2025-03-13,"3.60%",0,3.6,0.206518795024997
2026-02-03,2025-03-13,"3.85%",25,3.85,0.140072895124545
2026-02-03,2025-03-13,"4.10%",50,4.1,0.0695818433592463
2026-02-03,2025-03-13,"4.35%",75,4.35,0.0253108256729296
2026-02-03,2025-03-13,"4.60%",100,4.6,0
2026-02-03,2025-03-13,"4.85%",125,4.85,0
2026-02-03,2025-03-13,"5.10%",150,5.1,0
2026-02-03,2025-03-13,"5.35%",175,5.35,0
2026-02-03,2025-03-13,"5.60%",200,5.6,0
2026-02-03,2025-03-13,"5.85%",225,5.85,0
2026-02-03,2025-03-13,"6.10%",250,6.1,0
2026-02-03,2025-03-14,"0.10%",-300,0.1,0
2026-02-03,2025-03-14,"0.35%",-300,0.35,0
2026-02-03,2025-03-14,"0.60%",-300,0.6,0
2026-02-03,2025-03-14,"0.85%",-275,0.85,0
2026-02-03,2025-03-14,"1.10%",-250,1.1,0
2026-02-03,2025-03-14,"1.35%",-225,1.35,0
2026-02-03,2025-03-14,"1.60%",-200,1.6,0
2026-02-03,2025-03-14,"1.85%",-175,1.85,0
2026-02-03,2025-03-14,"2.10%",-150,2.1,0
2026-02-03,2025-03-14,"2.35%",-125,2.35,0.021713405775822
2026-02-03,2025-03-14,"2.60%",-100,2.6,0.055605338631366
2026-02-03,2025-03-14,"2.85%",-75,2.85,0.110383231290274
2026-02-03,2025-03-14,"3.10%",-50,3.1,0.169875015263199
2026-02-03,2025-03-14,"3.35%",-25,3.35,0.202685438186954
2026-02-03,2025-03-14,"3.60%",0,3.6,0.187496582340795
2026-02-03,2025-03-14,"3.85%",25,3.85,0.134473593444859
2026-02-03,2025-03-14,"4.10%",50,4.1,0.0747709138932959
2026-02-03,2025-03-14,"4.35%",75,4.35,0.0322288132849908
2026-02-03,2025-03-14,"4.60%",100,4.6,0.0107676678884434
2026-02-03,2025-03-14,"4.85%",125,4.85,0
2026-02-03,2025-03-14,"5.10%",150,5.1,0
2026-02-03,2025-03-14,"5.35%",175,5.35,0
2026-02-03,2025-03-14,"5.60%",200,5.6,0
2026-02-03,2025-03-14,"5.85%",225,5.85,0
2026-02-03,2025-03-14,"6.10%",250,6.1,0
2026-02-03,2025-03-17,"0.10%",-300,0.1,0
2026-02-03,2025-03-17,"0.35%",-300,0.35,0
2026-02-03,2025-03-17,"0.60%",-300,0.6,0
2026-02-03,2025-03-17,"0.85%",-275,0.85,0
2026-02-03,2025-03-17,"1.10%",-250,1.1,0
2026-02-03,2025-03-17,"1.35%",-225,1.35,0
2026-02-03,2025-03-17,"1.60%",-200,1.6,0
2026-02-03,2025-03-17,"1.85%",-175,1.85,0
2026-02-03,2025-03-17,"2.10%",-150,2.1,0
2026-02-03,2025-03-17,"2.35%",-125,2.35,0.0172030442111655
2026-02-03,2025-03-17,"2.60%",-100,2.6,0.0486921486662716
2026-02-03,2025-03-17,"2.85%",-75,2.85,0.104596455383974
2026-02-03,2025-03-17,"3.10%",-50,3.1,0.170544681981657
2026-02-03,2025-03-17,"3.35%",-25,3.35,0.211086880180976
2026-02-03,2025-03-17,"3.60%",0,3.6,0.198336789417125
2026-02-03,2025-03-17,"3.85%",25,3.85,0.141468344850171
2026-02-03,2025-03-17,"4.10%",50,4.1,0.0765953191667795
2026-02-03,2025-03-17,"4.35%",75,4.35,0.0314763361418794
2026-02-03,2025-03-17,"4.60%",100,4.6,0
2026-02-03,2025-03-17,"4.85%",125,4.85,0
2026-02-03,2025-03-17,"5.10%",150,5.1,0
2026-02-03,2025-03-17,"5.35%",175,5.35,0
2026-02-03,2025-03-17,"5.60%",200,5.6,0
2026-02-03,2025-03-17,"5.85%",225,5.85,0
2026-02-03,2025-03-17,"6.10%",250,6.1,0
2026-02-03,2025-03-18,"0.10%",-300,0.1,0
2026-02-03,2025-03-18,"0.35%",-300,0.35,0
2026-02-03,2025-03-18,"0.60%",-300,0.6,0
2026-02-03,2025-03-18,"0.85%",-275,0.85,0
2026-02-03,2025-03-18,"1.10%",-250,1.1,0
2026-02-03,2025-03-18,"1.35%",-225,1.35,0
2026-02-03,2025-03-18,"1.60%",-200,1.6,0
2026-02-03,2025-03-18,"1.85%",-175,1.85,0
2026-02-03,2025-03-18,"2.10%",-150,2.1,0
2026-02-03,2025-03-18,"2.35%",-125,2.35,0.0176674799466232
2026-02-03,2025-03-18,"2.60%",-100,2.6,0.0481607931123845
2026-02-03,2025-03-18,"2.85%",-75,2.85,0.101059977323852
2026-02-03,2025-03-18,"3.10%",-50,3.1,0.163260061322791
2026-02-03,2025-03-18,"3.35%",-25,3.35,0.203061791244559
2026-02-03,2025-03-18,"3.60%",0,3.6,0.194463851912113
2026-02-03,2025-03-18,"3.85%",25,3.85,0.143386742939322
2026-02-03,2025-03-18,"4.10%",50,4.1,0.0813987632467637
2026-02-03,2025-03-18,"4.35%",75,4.35,0.0355735696347468
2026-02-03,2025-03-18,"4.60%",100,4.6,0.0119669693168443
2026-02-03,2025-03-18,"4.85%",125,4.85,0
2026-02-03,2025-03-18,"5.10%",150,5.1,0
2026-02-03,2025-03-18,"5.35%",175,5.35,0
2026-02-03,2025-03-18,"5.60%",200,5.6,0
2026-02-03,2025-03-18,"5.85%",225,5.85,0
2026-02-03,2025-03-18,"6.10%",250,6.1,0
2026-02-03,2025-03-19,"0.10%",-300,0.1,0
2026-02-03,2025-03-19,"0.35%",-300,0.35,0
2026-02-03,2025-03-19,"0.60%",-300,0.6,0
2026-02-03,2025-03-19,"0.85%",-275,0.85,0
2026-02-03,2025-03-19,"1.10%",-250,1.1,0
2026-02-03,2025-03-19,"1.35%",-225,1.35,0
2026-02-03,2025-03-19,"1.60%",-200,1.6,0
2026-02-03,2025-03-19,"1.85%",-175,1.85,0
2026-02-03,2025-03-19,"2.10%",-150,2.1,0
2026-02-03,2025-03-19,"2.35%",-125,2.35,0.0159883028616238
2026-02-03,2025-03-19,"2.60%",-100,2.6,0.0455412142399463
2026-02-03,2025-03-19,"2.85%",-75,2.85,0.0988492295055834
2026-02-03,2025-03-19,"3.10%",-50,3.1,0.163517896638923
2026-02-03,2025-03-19,"3.35%",-25,3.35,0.206166742510957
2026-02-03,2025-03-19,"3.60%",0,3.6,0.198130356177042
2026-02-03,2025-03-19,"3.85%",25,3.85,0.14513075761646
2026-02-03,2025-03-19,"4.10%",50,4.1,0.0810252047399395
2026-02-03,2025-03-19,"4.35%",75,4.35,0.0344738156519524
2026-02-03,2025-03-19,"4.60%",100,4.6,0.0111764800575723
2026-02-03,2025-03-19,"4.85%",125,4.85,0
2026-02-03,2025-03-19,"5.10%",150,5.1,0
2026-02-03,2025-03-19,"5.35%",175,5.35,0
2026-02-03,2025-03-19,"5.60%",200,5.6,0
2026-02-03,2025-03-19,"5.85%",225,5.85,0
2026-02-03,2025-03-19,"6.10%",250,6.1,0
2026-02-03,2025-03-20,"0.10%",-300,0.1,0
2026-02-03,2025-03-20,"0.35%",-300,0.35,0
2026-02-03,2025-03-20,"0.60%",-300,0.6,0
2026-02-03,2025-03-20,"0.85%",-275,0.85,0
2026-02-03,2025-03-20,"1.10%",-250,1.1,0
2026-02-03,2025-03-20,"1.35%",-225,1.35,0
2026-02-03,2025-03-20,"1.60%",-200,1.6,0
2026-02-03,2025-03-20,"1.85%",-175,1.85,0
2026-02-03,2025-03-20,"2.10%",-150,2.1,0
2026-02-03,2025-03-20,"2.35%",-125,2.35,0.0152224307346743
2026-02-03,2025-03-20,"2.60%",-100,2.6,0.0470385273267845
2026-02-03,2025-03-20,"2.85%",-75,2.85,0.107071482740304
2026-02-03,2025-03-20,"3.10%",-50,3.1,0.179568517752582
2026-02-03,2025-03-20,"3.35%",-25,3.35,0.221910918703444
2026-02-03,2025-03-20,"3.60%",0,3.6,0.202088923476056
2026-02-03,2025-03-20,"3.85%",25,3.85,0.135616146282175
2026-02-03,2025-03-20,"4.10%",50,4.1,0.067056657209813
2026-02-03,2025-03-20,"4.35%",75,4.35,0.0244263957741667
2026-02-03,2025-03-20,"4.60%",100,4.6,0
2026-02-03,2025-03-20,"4.85%",125,4.85,0
2026-02-03,2025-03-20,"5.10%",150,5.1,0
2026-02-03,2025-03-20,"5.35%",175,5.35,0
2026-02-03,2025-03-20,"5.60%",200,5.6,0
2026-02-03,2025-03-20,"5.85%",225,5.85,0
2026-02-03,2025-03-20,"6.10%",250,6.1,0
2026-02-03,2025-03-21,"0.10%",-300,0.1,0
2026-02-03,2025-03-21,"0.35%",-300,0.35,0
2026-02-03,2025-03-21,"0.60%",-300,0.6,0
2026-02-03,2025-03-21,"0.85%",-275,0.85,0
2026-02-03,2025-03-21,"1.10%",-250,1.1,0
2026-02-03,2025-03-21,"1.35%",-225,1.35,0
2026-02-03,2025-03-21,"1.60%",-200,1.6,0
2026-02-03,2025-03-21,"1.85%",-175,1.85,0
2026-02-03,2025-03-21,"2.10%",-150,2.1,0
2026-02-03,2025-03-21,"2.35%",-125,2.35,0.0169114724156716
2026-02-03,2025-03-21,"2.60%",-100,2.6,0.049885577465241
2026-02-03,2025-03-21,"2.85%",-75,2.85,0.109587544909105
2026-02-03,2025-03-21,"3.10%",-50,3.1,0.179313872352016
2026-02-03,2025-03-21,"3.35%",-25,3.35,0.218565063533638
2026-02-03,2025-03-21,"3.60%",0,3.6,0.198463771911945
2026-02-03,2025-03-21,"3.85%",25,3.85,0.134247393991556
2026-02-03,2025-03-21,"4.10%",50,4.1,0.0676420084567333
2026-02-03,2025-03-21,"4.35%",75,4.35,0.025383294964094
2026-02-03,2025-03-21,"4.60%",100,4.6,0
2026-02-03,2025-03-21,"4.85%",125,4.85,0
2026-02-03,2025-03-21,"5.10%",150,5.1,0
2026-02-03,2025-03-21,"5.35%",175,5.35,0
2026-02-03,2025-03-21,"5.60%",200,5.6,0
2026-02-03,2025-03-21,"5.85%",225,5.85,0
2026-02-03,2025-03-21,"6.10%",250,6.1,0
2026-02-03,2025-03-24,"0.10%",-300,0.1,0
2026-02-03,2025-03-24,"0.35%",-300,0.35,0
2026-02-03,2025-03-24,"0.60%",-300,0.6,0
2026-02-03,2025-03-24,"0.85%",-275,0.85,0
2026-02-03,2025-03-24,"1.10%",-250,1.1,0
2026-02-03,2025-03-24,"1.35%",-225,1.35,0
2026-02-03,2025-03-24,"1.60%",-200,1.6,0
2026-02-03,2025-03-24,"1.85%",-175,1.85,0
2026-02-03,2025-03-24,"2.10%",-150,2.1,0
2026-02-03,2025-03-24,"2.35%",-125,2.35,0.0240518842590113
2026-02-03,2025-03-24,"2.60%",-100,2.6,0.0605038723005338
2026-02-03,2025-03-24,"2.85%",-75,2.85,0.117723569773646
2026-02-03,2025-03-24,"3.10%",-50,3.1,0.177186867743281
2026-02-03,2025-03-24,"3.35%",-25,3.35,0.206306859821756
2026-02-03,2025-03-24,"3.60%",0,3.6,0.185831653932993
2026-02-03,2025-03-24,"3.85%",25,3.85,0.129491965916394
2026-02-03,2025-03-24,"4.10%",50,4.1,0.0698007150670855
2026-02-03,2025-03-24,"4.35%",75,4.35,0.0291026111852996
2026-02-03,2025-03-24,"4.60%",100,4.6,0
2026-02-03,2025-03-24,"4.85%",125,4.85,0
2026-02-03,2025-03-24,"5.10%",150,5.1,0
2026-02-03,2025-03-24,"5.35%",175,5.35,0
2026-02-03,2025-03-24,"5.60%",200,5.6,0
2026-02-03,2025-03-24,"5.85%",225,5.85,0
2026-02-03,2025-03-24,"6.10%",250,6.1,0
2026-02-03,2025-03-25,"0.10%",-300,0.1,0
2026-02-03,2025-03-25,"0.35%",-300,0.35,0
2026-02-03,2025-03-25,"0.60%",-300,0.6,0
2026-02-03,2025-03-25,"0.85%",-275,0.85,0
2026-02-03,2025-03-25,"1.10%",-250,1.1,0
2026-02-03,2025-03-25,"1.35%",-225,1.35,0
2026-02-03,2025-03-25,"1.60%",-200,1.6,0
2026-02-03,2025-03-25,"1.85%",-175,1.85,0
2026-02-03,2025-03-25,"2.10%",-150,2.1,0
2026-02-03,2025-03-25,"2.35%",-125,2.35,0.0176813878912726
2026-02-03,2025-03-25,"2.60%",-100,2.6,0.0506471884601624
2026-02-03,2025-03-25,"2.85%",-75,2.85,0.10907997374865
2026-02-03,2025-03-25,"3.10%",-50,3.1,0.176665067935197
2026-02-03,2025-03-25,"3.35%",-25,3.35,0.215186267491601
2026-02-03,2025-03-25,"3.60%",0,3.6,0.197130661493956
2026-02-03,2025-03-25,"3.85%",25,3.85,0.135819381013994
2026-02-03,2025-03-25,"4.10%",50,4.1,0.0703727263482631
2026-02-03,2025-03-25,"4.35%",75,4.35,0.0274173456169045
2026-02-03,2025-03-25,"4.60%",100,4.6,0
2026-02-03,2025-03-25,"4.85%",125,4.85,0
2026-02-03,2025-03-25,"5.10%",150,5.1,0
2026-02-03,2025-03-25,"5.35%",175,5.35,0
2026-02-03,2025-03-25,"5.60%",200,5.6,0
2026-02-03,2025-03-25,"5.85%",225,5.85,0
2026-02-03,2025-03-25,"6.10%",250,6.1,0
2026-02-03,2025-03-26,"0.10%",-300,0.1,0
2026-02-03,2025-03-26,"0.35%",-300,0.35,0
2026-02-03,2025-03-26,"0.60%",-300,0.6,0
2026-02-03,2025-03-26,"0.85%",-275,0.85,0
2026-02-03,2025-03-26,"1.10%",-250,1.1,0
2026-02-03,2025-03-26,"1.35%",-225,1.35,0
2026-02-03,2025-03-26,"1.60%",-200,1.6,0
2026-02-03,2025-03-26,"1.85%",-175,1.85,0
2026-02-03,2025-03-26,"2.10%",-150,2.1,0
2026-02-03,2025-03-26,"2.35%",-125,2.35,0.0155562132441528
2026-02-03,2025-03-26,"2.60%",-100,2.6,0.044912823392526
2026-02-03,2025-03-26,"2.85%",-75,2.85,0.0984661907973782
2026-02-03,2025-03-26,"3.10%",-50,3.1,0.163950992885763
2026-02-03,2025-03-26,"3.35%",-25,3.35,0.207343817155821
2026-02-03,2025-03-26,"3.60%",0,3.6,0.199175988143515
2026-02-03,2025-03-26,"3.85%",25,3.85,0.14532773481159
2026-02-03,2025-03-26,"4.10%",50,4.1,0.0805379577679405
2026-02-03,2025-03-26,"4.35%",75,4.35,0.0338959132161129
2026-02-03,2025-03-26,"4.60%",100,4.6,0.0108323685852001
2026-02-03,2025-03-26,"4.85%",125,4.85,0
2026-02-03,2025-03-26,"5.10%",150,5.1,0
2026-02-03,2025-03-26,"5.35%",175,5.35,0
2026-02-03,2025-03-26,"5.60%",200,5.6,0
2026-02-03,2025-03-26,"5.85%",225,5.85,0
2026-02-03,2025-03-26,"6.10%",250,6.1,0
2026-02-03,2025-03-27,"0.10%",-300,0.1,0
2026-02-03,2025-03-27,"0.35%",-300,0.35,0
2026-02-03,2025-03-27,"0.60%",-300,0.6,0
2026-02-03,2025-03-27,"0.85%",-275,0.85,0
2026-02-03,2025-03-27,"1.10%",-250,1.1,0
2026-02-03,2025-03-27,"1.35%",-225,1.35,0
2026-02-03,2025-03-27,"1.60%",-200,1.6,0
2026-02-03,2025-03-27,"1.85%",-175,1.85,0
2026-02-03,2025-03-27,"2.10%",-150,2.1,0
2026-02-03,2025-03-27,"2.35%",-125,2.35,0.0150734489742927
2026-02-03,2025-03-27,"2.60%",-100,2.6,0.043361361837733
2026-02-03,2025-03-27,"2.85%",-75,2.85,0.0952130476339783
2026-02-03,2025-03-27,"3.10%",-50,3.1,0.159606230705395
2026-02-03,2025-03-27,"3.35%",-25,3.35,0.204268428749324
2026-02-03,2025-03-27,"3.60%",0,3.6,0.199604002437156
2026-02-03,2025-03-27,"3.85%",25,3.85,0.148919677415311
2026-02-03,2025-03-27,"4.10%",50,4.1,0.0848257647473351
2026-02-03,2025-03-27,"4.35%",75,4.35,0.0368854321238574
2026-02-03,2025-03-27,"4.60%",100,4.6,0.0122426053756182
2026-02-03,2025-03-27,"4.85%",125,4.85,0
2026-02-03,2025-03-27,"5.10%",150,5.1,0
2026-02-03,2025-03-27,"5.35%",175,5.35,0
2026-02-03,2025-03-27,"5.60%",200,5.6,0
2026-02-03,2025-03-27,"5.85%",225,5.85,0
2026-02-03,2025-03-27,"6.10%",250,6.1,0
2026-02-03,2025-03-28,"0.10%",-300,0.1,0
2026-02-03,2025-03-28,"0.35%",-300,0.35,0
2026-02-03,2025-03-28,"0.60%",-300,0.6,0
2026-02-03,2025-03-28,"0.85%",-275,0.85,0
2026-02-03,2025-03-28,"1.10%",-250,1.1,0
2026-02-03,2025-03-28,"1.35%",-225,1.35,0
2026-02-03,2025-03-28,"1.60%",-200,1.6,0
2026-02-03,2025-03-28,"1.85%",-175,1.85,0
2026-02-03,2025-03-28,"2.10%",-150,2.1,0
2026-02-03,2025-03-28,"2.35%",-125,2.35,0.016680263361534
2026-02-03,2025-03-28,"2.60%",-100,2.6,0.0476660240291282
2026-02-03,2025-03-28,"2.85%",-75,2.85,0.103256782022846
2026-02-03,2025-03-28,"3.10%",-50,3.1,0.16958678796215
2026-02-03,2025-03-28,"3.35%",-25,3.35,0.211187847283011
2026-02-03,2025-03-28,"3.60%",0,3.6,0.199419286148368
2026-02-03,2025-03-28,"3.85%",25,3.85,0.142784819044041
2026-02-03,2025-03-28,"4.10%",50,4.1,0.0775151380176198
2026-02-03,2025-03-28,"4.35%",75,4.35,0.0319030521313014
2026-02-03,2025-03-28,"4.60%",100,4.6,0
2026-02-03,2025-03-28,"4.85%",125,4.85,0
2026-02-03,2025-03-28,"5.10%",150,5.1,0
2026-02-03,2025-03-28,"5.35%",175,5.35,0
2026-02-03,2025-03-28,"5.60%",200,5.6,0
2026-02-03,2025-03-28,"5.85%",225,5.85,0
2026-02-03,2025-03-28,"6.10%",250,6.1,0
2026-02-03,2025-03-31,"0.10%",-300,0.1,0
2026-02-03,2025-03-31,"0.35%",-300,0.35,0
2026-02-03,2025-03-31,"0.60%",-300,0.6,0
2026-02-03,2025-03-31,"0.85%",-275,0.85,0
2026-02-03,2025-03-31,"1.10%",-250,1.1,0
2026-02-03,2025-03-31,"1.35%",-225,1.35,0
2026-02-03,2025-03-31,"1.60%",-200,1.6,0
2026-02-03,2025-03-31,"1.85%",-175,1.85,0
2026-02-03,2025-03-31,"2.10%",-150,2.1,0
2026-02-03,2025-03-31,"2.35%",-125,2.35,0.014576620795861
2026-02-03,2025-03-31,"2.60%",-100,2.6,0.0496102015943882
2026-02-03,2025-03-31,"2.85%",-75,2.85,0.11882742969908
2026-02-03,2025-03-31,"3.10%",-50,3.1,0.200369961167992
2026-02-03,2025-03-31,"3.35%",-25,3.35,0.237905790369647
2026-02-03,2025-03-31,"3.60%",0,3.6,0.198912844569139
2026-02-03,2025-03-31,"3.85%",25,3.85,0.117105126628513
2026-02-03,2025-03-31,"4.10%",50,4.1,0.0485351988414126
2026-02-03,2025-03-31,"4.35%",75,4.35,0.0141568263339673
2026-02-03,2025-03-31,"4.60%",100,4.6,0
2026-02-03,2025-03-31,"4.85%",125,4.85,0
2026-02-03,2025-03-31,"5.10%",150,5.1,0
2026-02-03,2025-03-31,"5.35%",175,5.35,0
2026-02-03,2025-03-31,"5.60%",200,5.6,0
2026-02-03,2025-03-31,"5.85%",225,5.85,0
2026-02-03,2025-03-31,"6.10%",250,6.1,0
2026-02-03,2025-04-01,"0.10%",-300,0.1,0
2026-02-03,2025-04-01,"0.35%",-300,0.35,0
2026-02-03,2025-04-01,"0.60%",-300,0.6,0
2026-02-03,2025-04-01,"0.85%",-275,0.85,0
2026-02-03,2025-04-01,"1.10%",-250,1.1,0
2026-02-03,2025-04-01,"1.35%",-225,1.35,0
2026-02-03,2025-04-01,"1.60%",-200,1.6,0
2026-02-03,2025-04-01,"1.85%",-175,1.85,0
2026-02-03,2025-04-01,"2.10%",-150,2.1,0
2026-02-03,2025-04-01,"2.35%",-125,2.35,0.014726533606552
2026-02-03,2025-04-01,"2.60%",-100,2.6,0.0498411273470532
2026-02-03,2025-04-01,"2.85%",-75,2.85,0.118911927603382
2026-02-03,2025-04-01,"3.10%",-50,3.1,0.200054957121435
2026-02-03,2025-04-01,"3.35%",-25,3.35,0.237380066243532
2026-02-03,2025-04-01,"3.60%",0,3.6,0.198672893628945
2026-02-03,2025-04-01,"3.85%",25,3.85,0.117274306667281
2026-02-03,2025-04-01,"4.10%",50,4.1,0.0488147695102252
2026-02-03,2025-04-01,"4.35%",75,4.35,0.0143234182715944
2026-02-03,2025-04-01,"4.60%",100,4.6,0
2026-02-03,2025-04-01,"4.85%",125,4.85,0
2026-02-03,2025-04-01,"5.10%",150,5.1,0
2026-02-03,2025-04-01,"5.35%",175,5.35,0
2026-02-03,2025-04-01,"5.60%",200,5.6,0
2026-02-03,2025-04-01,"5.85%",225,5.85,0
2026-02-03,2025-04-01,"6.10%",250,6.1,0
2026-02-03,2025-04-02,"0.10%",-300,0.1,0
2026-02-03,2025-04-02,"0.35%",-300,0.35,0
2026-02-03,2025-04-02,"0.60%",-300,0.6,0
2026-02-03,2025-04-02,"0.85%",-275,0.85,0
2026-02-03,2025-04-02,"1.10%",-250,1.1,0
2026-02-03,2025-04-02,"1.35%",-225,1.35,0
2026-02-03,2025-04-02,"1.60%",-200,1.6,0
2026-02-03,2025-04-02,"1.85%",-175,1.85,0
2026-02-03,2025-04-02,"2.10%",-150,2.1,0
2026-02-03,2025-04-02,"2.35%",-125,2.35,0.0171331859296913
2026-02-03,2025-04-02,"2.60%",-100,2.6,0.0542937131002543
2026-02-03,2025-04-02,"2.85%",-75,2.85,0.123139503361087
2026-02-03,2025-04-02,"3.10%",-50,3.1,0.199937568721782
2026-02-03,2025-04-02,"3.35%",-25,3.35,0.23243936942136
2026-02-03,2025-04-02,"3.60%",0,3.6,0.193492929484459
2026-02-03,2025-04-02,"3.85%",25,3.85,0.115327812273746
2026-02-03,2025-04-02,"4.10%",50,4.1,0.049208820581198
2026-02-03,2025-04-02,"4.35%",75,4.35,0.0150270971264217
2026-02-03,2025-04-02,"4.60%",100,4.6,0
2026-02-03,2025-04-02,"4.85%",125,4.85,0
2026-02-03,2025-04-02,"5.10%",150,5.1,0
2026-02-03,2025-04-02,"5.35%",175,5.35,0
2026-02-03,2025-04-02,"5.60%",200,5.6,0
2026-02-03,2025-04-02,"5.85%",225,5.85,0
2026-02-03,2025-04-02,"6.10%",250,6.1,0
2026-02-03,2025-04-03,"0.10%",-300,0.1,0
2026-02-03,2025-04-03,"0.35%",-300,0.35,0
2026-02-03,2025-04-03,"0.60%",-300,0.6,0
2026-02-03,2025-04-03,"0.85%",-275,0.85,0
2026-02-03,2025-04-03,"1.10%",-250,1.1,0
2026-02-03,2025-04-03,"1.35%",-225,1.35,0
2026-02-03,2025-04-03,"1.60%",-200,1.6,0
2026-02-03,2025-04-03,"1.85%",-175,1.85,0
2026-02-03,2025-04-03,"2.10%",-150,2.1,0.0119937435192742
2026-02-03,2025-04-03,"2.35%",-125,2.35,0.0398842505202302
2026-02-03,2025-04-03,"2.60%",-100,2.6,0.0968497215042198
2026-02-03,2025-04-03,"2.85%",-75,2.85,0.171769332571293
2026-02-03,2025-04-03,"3.10%",-50,3.1,0.222541110651205
2026-02-03,2025-04-03,"3.35%",-25,3.35,0.21063144461206
2026-02-03,2025-04-03,"3.60%",0,3.6,0.145639065315435
2026-02-03,2025-04-03,"3.85%",25,3.85,0.0735580851571542
2026-02-03,2025-04-03,"4.10%",50,4.1,0.0271332461491288
2026-02-03,2025-04-03,"4.35%",75,4.35,0
2026-02-03,2025-04-03,"4.60%",100,4.6,0
2026-02-03,2025-04-03,"4.85%",125,4.85,0
2026-02-03,2025-04-03,"5.10%",150,5.1,0
2026-02-03,2025-04-03,"5.35%",175,5.35,0
2026-02-03,2025-04-03,"5.60%",200,5.6,0
2026-02-03,2025-04-03,"5.85%",225,5.85,0
2026-02-03,2025-04-03,"6.10%",250,6.1,0
2026-02-03,2025-04-04,"0.10%",-300,0.1,0
2026-02-03,2025-04-04,"0.35%",-300,0.35,0
2026-02-03,2025-04-04,"0.60%",-300,0.6,0
2026-02-03,2025-04-04,"0.85%",-275,0.85,0
2026-02-03,2025-04-04,"1.10%",-250,1.1,0
2026-02-03,2025-04-04,"1.35%",-225,1.35,0
2026-02-03,2025-04-04,"1.60%",-200,1.6,0
2026-02-03,2025-04-04,"1.85%",-175,1.85,0
2026-02-03,2025-04-04,"2.10%",-150,2.1,0.0240175420184922
2026-02-03,2025-04-04,"2.35%",-125,2.35,0.0707005509557075
2026-02-03,2025-04-04,"2.60%",-100,2.6,0.147935202019606
2026-02-03,2025-04-04,"2.85%",-75,2.85,0.220081775295314
2026-02-03,2025-04-04,"3.10%",-50,3.1,0.232820469154539
2026-02-03,2025-04-04,"3.35%",-25,3.35,0.175142472626165
2026-02-03,2025-04-04,"3.60%",0,3.6,0.0936809422612692
2026-02-03,2025-04-04,"3.85%",25,3.85,0.0356210456689067
2026-02-03,2025-04-04,"4.10%",50,4.1,0
2026-02-03,2025-04-04,"4.35%",75,4.35,0
2026-02-03,2025-04-04,"4.60%",100,4.6,0
2026-02-03,2025-04-04,"4.85%",125,4.85,0
2026-02-03,2025-04-04,"5.10%",150,5.1,0
2026-02-03,2025-04-04,"5.35%",175,5.35,0
2026-02-03,2025-04-04,"5.60%",200,5.6,0
2026-02-03,2025-04-04,"5.85%",225,5.85,0
2026-02-03,2025-04-04,"6.10%",250,6.1,0
2026-02-03,2025-04-07,"0.10%",-300,0.1,0
2026-02-03,2025-04-07,"0.35%",-300,0.35,0
2026-02-03,2025-04-07,"0.60%",-300,0.6,0
2026-02-03,2025-04-07,"0.85%",-275,0.85,0
2026-02-03,2025-04-07,"1.10%",-250,1.1,0
2026-02-03,2025-04-07,"1.35%",-225,1.35,0
2026-02-03,2025-04-07,"1.60%",-200,1.6,0
2026-02-03,2025-04-07,"1.85%",-175,1.85,0.0119671697654518
2026-02-03,2025-04-07,"2.10%",-150,2.1,0.0443317358813754
2026-02-03,2025-04-07,"2.35%",-125,2.35,0.11334698928514
2026-02-03,2025-04-07,"2.60%",-100,2.6,0.200101899705817
2026-02-03,2025-04-07,"2.85%",-75,2.85,0.243976861300222
2026-02-03,2025-04-07,"3.10%",-50,3.1,0.205466786905469
2026-02-03,2025-04-07,"3.35%",-25,3.35,0.119507744319185
2026-02-03,2025-04-07,"3.60%",0,3.6,0.0479961658736012
2026-02-03,2025-04-07,"3.85%",25,3.85,0.0133046469637377
2026-02-03,2025-04-07,"4.10%",50,4.1,0
2026-02-03,2025-04-07,"4.35%",75,4.35,0
2026-02-03,2025-04-07,"4.60%",100,4.6,0
2026-02-03,2025-04-07,"4.85%",125,4.85,0
2026-02-03,2025-04-07,"5.10%",150,5.1,0
2026-02-03,2025-04-07,"5.35%",175,5.35,0
2026-02-03,2025-04-07,"5.60%",200,5.6,0
2026-02-03,2025-04-07,"5.85%",225,5.85,0
2026-02-03,2025-04-07,"6.10%",250,6.1,0
2026-02-03,2025-04-08,"0.10%",-300,0.1,0
2026-02-03,2025-04-08,"0.35%",-300,0.35,0
2026-02-03,2025-04-08,"0.60%",-300,0.6,0
2026-02-03,2025-04-08,"0.85%",-275,0.85,0
2026-02-03,2025-04-08,"1.10%",-250,1.1,0
2026-02-03,2025-04-08,"1.35%",-225,1.35,0
2026-02-03,2025-04-08,"1.60%",-200,1.6,0
2026-02-03,2025-04-08,"1.85%",-175,1.85,0
2026-02-03,2025-04-08,"2.10%",-150,2.1,0.0340416647961047
2026-02-03,2025-04-08,"2.35%",-125,2.35,0.093080873384899
2026-02-03,2025-04-08,"2.60%",-100,2.6,0.177989112689377
2026-02-03,2025-04-08,"2.85%",-75,2.85,0.238079336146051
2026-02-03,2025-04-08,"3.10%",-50,3.1,0.222790606658321
2026-02-03,2025-04-08,"3.35%",-25,3.35,0.145850223327772
2026-02-03,2025-04-08,"3.60%",0,3.6,0.0667848192836621
2026-02-03,2025-04-08,"3.85%",25,3.85,0.0213833637138141
2026-02-03,2025-04-08,"4.10%",50,4.1,0
2026-02-03,2025-04-08,"4.35%",75,4.35,0
2026-02-03,2025-04-08,"4.60%",100,4.6,0
2026-02-03,2025-04-08,"4.85%",125,4.85,0
2026-02-03,2025-04-08,"5.10%",150,5.1,0
2026-02-03,2025-04-08,"5.35%",175,5.35,0
2026-02-03,2025-04-08,"5.60%",200,5.6,0
2026-02-03,2025-04-08,"5.85%",225,5.85,0
2026-02-03,2025-04-08,"6.10%",250,6.1,0
2026-02-03,2025-04-09,"0.10%",-300,0.1,0
2026-02-03,2025-04-09,"0.35%",-300,0.35,0
2026-02-03,2025-04-09,"0.60%",-300,0.6,0
2026-02-03,2025-04-09,"0.85%",-275,0.85,0
2026-02-03,2025-04-09,"1.10%",-250,1.1,0
2026-02-03,2025-04-09,"1.35%",-225,1.35,0
2026-02-03,2025-04-09,"1.60%",-200,1.6,0
2026-02-03,2025-04-09,"1.85%",-175,1.85,0.0259331351746719
2026-02-03,2025-04-09,"2.10%",-150,2.1,0.0787000521273641
2026-02-03,2025-04-09,"2.35%",-125,2.35,0.164432512452917
2026-02-03,2025-04-09,"2.60%",-100,2.6,0.236611909556663
2026-02-03,2025-04-09,"2.85%",-75,2.85,0.23452819743109
2026-02-03,2025-04-09,"3.10%",-50,3.1,0.16012579032825
2026-02-03,2025-04-09,"3.35%",-25,3.35,0.0752936686850198
2026-02-03,2025-04-09,"3.60%",0,3.6,0.0243747342440236
2026-02-03,2025-04-09,"3.85%",25,3.85,0
2026-02-03,2025-04-09,"4.10%",50,4.1,0
2026-02-03,2025-04-09,"4.35%",75,4.35,0
2026-02-03,2025-04-09,"4.60%",100,4.6,0
2026-02-03,2025-04-09,"4.85%",125,4.85,0
2026-02-03,2025-04-09,"5.10%",150,5.1,0
2026-02-03,2025-04-09,"5.35%",175,5.35,0
2026-02-03,2025-04-09,"5.60%",200,5.6,0
2026-02-03,2025-04-09,"5.85%",225,5.85,0
2026-02-03,2025-04-09,"6.10%",250,6.1,0
2026-02-03,2025-04-10,"0.10%",-300,0.1,0
2026-02-03,2025-04-10,"0.35%",-300,0.35,0
2026-02-03,2025-04-10,"0.60%",-300,0.6,0
2026-02-03,2025-04-10,"0.85%",-275,0.85,0
2026-02-03,2025-04-10,"1.10%",-250,1.1,0
2026-02-03,2025-04-10,"1.35%",-225,1.35,0
2026-02-03,2025-04-10,"1.60%",-200,1.6,0
2026-02-03,2025-04-10,"1.85%",-175,1.85,0
2026-02-03,2025-04-10,"2.10%",-150,2.1,0.0379287248763243
2026-02-03,2025-04-10,"2.35%",-125,2.35,0.106932728192094
2026-02-03,2025-04-10,"2.60%",-100,2.6,0.201892849023939
2026-02-03,2025-04-10,"2.85%",-75,2.85,0.255361414550721
2026-02-03,2025-04-10,"3.10%",-50,3.1,0.216407881094801
2026-02-03,2025-04-10,"3.35%",-25,3.35,0.122866186560783
2026-02-03,2025-04-10,"3.60%",0,3.6,0.0467189577396723
2026-02-03,2025-04-10,"3.85%",25,3.85,0.0118912579616659
2026-02-03,2025-04-10,"4.10%",50,4.1,0
2026-02-03,2025-04-10,"4.35%",75,4.35,0
2026-02-03,2025-04-10,"4.60%",100,4.6,0
2026-02-03,2025-04-10,"4.85%",125,4.85,0
2026-02-03,2025-04-10,"5.10%",150,5.1,0
2026-02-03,2025-04-10,"5.35%",175,5.35,0
2026-02-03,2025-04-10,"5.60%",200,5.6,0
2026-02-03,2025-04-10,"5.85%",225,5.85,0
2026-02-03,2025-04-10,"6.10%",250,6.1,0
2026-02-03,2025-04-11,"0.10%",-300,0.1,0
2026-02-03,2025-04-11,"0.35%",-300,0.35,0
2026-02-03,2025-04-11,"0.60%",-300,0.6,0
2026-02-03,2025-04-11,"0.85%",-275,0.85,0
2026-02-03,2025-04-11,"1.10%",-250,1.1,0
2026-02-03,2025-04-11,"1.35%",-225,1.35,0
2026-02-03,2025-04-11,"1.60%",-200,1.6,0
2026-02-03,2025-04-11,"1.85%",-175,1.85,0.0117803854747917
2026-02-03,2025-04-11,"2.10%",-150,2.1,0.0472986393066184
2026-02-03,2025-04-11,"2.35%",-125,2.35,0.125700813738862
2026-02-03,2025-04-11,"2.60%",-100,2.6,0.221247180213816
2026-02-03,2025-04-11,"2.85%",-75,2.85,0.25800008208262
2026-02-03,2025-04-11,"3.10%",-50,3.1,0.199345662233747
2026-02-03,2025-04-11,"3.35%",-25,3.35,0.102039347216746
2026-02-03,2025-04-11,"3.60%",0,3.6,0.0345878897327983
2026-02-03,2025-04-11,"3.85%",25,3.85,0
2026-02-03,2025-04-11,"4.10%",50,4.1,0
2026-02-03,2025-04-11,"4.35%",75,4.35,0
2026-02-03,2025-04-11,"4.60%",100,4.6,0
2026-02-03,2025-04-11,"4.85%",125,4.85,0
2026-02-03,2025-04-11,"5.10%",150,5.1,0
2026-02-03,2025-04-11,"5.35%",175,5.35,0
2026-02-03,2025-04-11,"5.60%",200,5.6,0
2026-02-03,2025-04-11,"5.85%",225,5.85,0
2026-02-03,2025-04-11,"6.10%",250,6.1,0
2026-02-03,2025-04-14,"0.10%",-300,0.1,0
2026-02-03,2025-04-14,"0.35%",-300,0.35,0
2026-02-03,2025-04-14,"0.60%",-300,0.6,0
2026-02-03,2025-04-14,"0.85%",-275,0.85,0
2026-02-03,2025-04-14,"1.10%",-250,1.1,0
2026-02-03,2025-04-14,"1.35%",-225,1.35,0
2026-02-03,2025-04-14,"1.60%",-200,1.6,0
2026-02-03,2025-04-14,"1.85%",-175,1.85,0
2026-02-03,2025-04-14,"2.10%",-150,2.1,0.0394570528401257
2026-02-03,2025-04-14,"2.35%",-125,2.35,0.109037690390634
2026-02-03,2025-04-14,"2.60%",-100,2.6,0.2028316463327
2026-02-03,2025-04-14,"2.85%",-75,2.85,0.254067238003207
2026-02-03,2025-04-14,"3.10%",-50,3.1,0.214323726478998
2026-02-03,2025-04-14,"3.35%",-25,3.35,0.121747216322509
2026-02-03,2025-04-14,"3.60%",0,3.6,0.0465565240587132
2026-02-03,2025-04-14,"3.85%",25,3.85,0.0119789055731134
2026-02-03,2025-04-14,"4.10%",50,4.1,0
2026-02-03,2025-04-14,"4.35%",75,4.35,0
2026-02-03,2025-04-14,"4.60%",100,4.6,0
2026-02-03,2025-04-14,"4.85%",125,4.85,0
2026-02-03,2025-04-14,"5.10%",150,5.1,0
2026-02-03,2025-04-14,"5.35%",175,5.35,0
2026-02-03,2025-04-14,"5.60%",200,5.6,0
2026-02-03,2025-04-14,"5.85%",225,5.85,0
2026-02-03,2025-04-14,"6.10%",250,6.1,0
2026-02-03,2025-04-15,"0.10%",-300,0.1,0
2026-02-03,2025-04-15,"0.35%",-300,0.35,0
2026-02-03,2025-04-15,"0.60%",-300,0.6,0
2026-02-03,2025-04-15,"0.85%",-275,0.85,0
2026-02-03,2025-04-15,"1.10%",-250,1.1,0
2026-02-03,2025-04-15,"1.35%",-225,1.35,0
2026-02-03,2025-04-15,"1.60%",-200,1.6,0
2026-02-03,2025-04-15,"1.85%",-175,1.85,0
2026-02-03,2025-04-15,"2.10%",-150,2.1,0.0400268114747768
2026-02-03,2025-04-15,"2.35%",-125,2.35,0.108222568461425
2026-02-03,2025-04-15,"2.60%",-100,2.6,0.199356603870481
2026-02-03,2025-04-15,"2.85%",-75,2.85,0.250276968729083
2026-02-03,2025-04-15,"3.10%",-50,3.1,0.214160266585665
2026-02-03,2025-04-15,"3.35%",-25,3.35,0.124896462175151
2026-02-03,2025-04-15,"3.60%",0,3.6,0.0496292510700863
2026-02-03,2025-04-15,"3.85%",25,3.85,0.0134310676333314
2026-02-03,2025-04-15,"4.10%",50,4.1,0
2026-02-03,2025-04-15,"4.35%",75,4.35,0
2026-02-03,2025-04-15,"4.60%",100,4.6,0
2026-02-03,2025-04-15,"4.85%",125,4.85,0
2026-02-03,2025-04-15,"5.10%",150,5.1,0
2026-02-03,2025-04-15,"5.35%",175,5.35,0
2026-02-03,2025-04-15,"5.60%",200,5.6,0
2026-02-03,2025-04-15,"5.85%",225,5.85,0
2026-02-03,2025-04-15,"6.10%",250,6.1,0
2026-02-03,2025-04-16,"0.10%",-300,0.1,0
2026-02-03,2025-04-16,"0.35%",-300,0.35,0
2026-02-03,2025-04-16,"0.60%",-300,0.6,0
2026-02-03,2025-04-16,"0.85%",-275,0.85,0
2026-02-03,2025-04-16,"1.10%",-250,1.1,0
2026-02-03,2025-04-16,"1.35%",-225,1.35,0
2026-02-03,2025-04-16,"1.60%",-200,1.6,0
2026-02-03,2025-04-16,"1.85%",-175,1.85,0
2026-02-03,2025-04-16,"2.10%",-150,2.1,0.0222311551766629
2026-02-03,2025-04-16,"2.35%",-125,2.35,0.0831059032510681
2026-02-03,2025-04-16,"2.60%",-100,2.6,0.192349072463131
2026-02-03,2025-04-16,"2.85%",-75,2.85,0.275857465457997
2026-02-03,2025-04-16,"3.10%",-50,3.1,0.245229426591238
2026-02-03,2025-04-16,"3.35%",-25,3.35,0.135114498301169
2026-02-03,2025-04-16,"3.60%",0,3.6,0.0461124787587336
2026-02-03,2025-04-16,"3.85%",25,3.85,0
2026-02-03,2025-04-16,"4.10%",50,4.1,0
2026-02-03,2025-04-16,"4.35%",75,4.35,0
2026-02-03,2025-04-16,"4.60%",100,4.6,0
2026-02-03,2025-04-16,"4.85%",125,4.85,0
2026-02-03,2025-04-16,"5.10%",150,5.1,0
2026-02-03,2025-04-16,"5.35%",175,5.35,0
2026-02-03,2025-04-16,"5.60%",200,5.6,0
2026-02-03,2025-04-16,"5.85%",225,5.85,0
2026-02-03,2025-04-16,"6.10%",250,6.1,0
2026-02-03,2025-04-17,"0.10%",-300,0.1,0
2026-02-03,2025-04-17,"0.35%",-300,0.35,0
2026-02-03,2025-04-17,"0.60%",-300,0.6,0
2026-02-03,2025-04-17,"0.85%",-275,0.85,0
2026-02-03,2025-04-17,"1.10%",-250,1.1,0
2026-02-03,2025-04-17,"1.35%",-225,1.35,0
2026-02-03,2025-04-17,"1.60%",-200,1.6,0
2026-02-03,2025-04-17,"1.85%",-175,1.85,0
2026-02-03,2025-04-17,"2.10%",-150,2.1,0.0127211941017051
2026-02-03,2025-04-17,"2.35%",-125,2.35,0.0670916178173565
2026-02-03,2025-04-17,"2.60%",-100,2.6,0.193375027261346
2026-02-03,2025-04-17,"2.85%",-75,2.85,0.305201980824606
2026-02-03,2025-04-17,"3.10%",-50,3.1,0.264015972368347
2026-02-03,2025-04-17,"3.35%",-25,3.35,0.125140975918192
2026-02-03,2025-04-17,"3.60%",0,3.6,0.0324532317084466
2026-02-03,2025-04-17,"3.85%",25,3.85,0
2026-02-03,2025-04-17,"4.10%",50,4.1,0
2026-02-03,2025-04-17,"4.35%",75,4.35,0
2026-02-03,2025-04-17,"4.60%",100,4.6,0
2026-02-03,2025-04-17,"4.85%",125,4.85,0
2026-02-03,2025-04-17,"5.10%",150,5.1,0
2026-02-03,2025-04-17,"5.35%",175,5.35,0
2026-02-03,2025-04-17,"5.60%",200,5.6,0
2026-02-03,2025-04-17,"5.85%",225,5.85,0
2026-02-03,2025-04-17,"6.10%",250,6.1,0
2026-02-03,2025-04-22,"0.10%",-300,0.1,0
2026-02-03,2025-04-22,"0.35%",-300,0.35,0
2026-02-03,2025-04-22,"0.60%",-300,0.6,0
2026-02-03,2025-04-22,"0.85%",-275,0.85,0
2026-02-03,2025-04-22,"1.10%",-250,1.1,0
2026-02-03,2025-04-22,"1.35%",-225,1.35,0
2026-02-03,2025-04-22,"1.60%",-200,1.6,0
2026-02-03,2025-04-22,"1.85%",-175,1.85,0
2026-02-03,2025-04-22,"2.10%",-150,2.1,0.0188468400400078
2026-02-03,2025-04-22,"2.35%",-125,2.35,0.0921376706587517
2026-02-03,2025-04-22,"2.60%",-100,2.6,0.236768997758759
2026-02-03,2025-04-22,"2.85%",-75,2.85,0.320519498364558
2026-02-03,2025-04-22,"3.10%",-50,3.1,0.228745647094544
2026-02-03,2025-04-22,"3.35%",-25,3.35,0.085991735029818
2026-02-03,2025-04-22,"3.60%",0,3.6,0.0169896110535615
2026-02-03,2025-04-22,"3.85%",25,3.85,0
2026-02-03,2025-04-22,"4.10%",50,4.1,0
2026-02-03,2025-04-22,"4.35%",75,4.35,0
2026-02-03,2025-04-22,"4.60%",100,4.6,0
2026-02-03,2025-04-22,"4.85%",125,4.85,0
2026-02-03,2025-04-22,"5.10%",150,5.1,0
2026-02-03,2025-04-22,"5.35%",175,5.35,0
2026-02-03,2025-04-22,"5.60%",200,5.6,0
2026-02-03,2025-04-22,"5.85%",225,5.85,0
2026-02-03,2025-04-22,"6.10%",250,6.1,0
2026-02-03,2025-04-23,"0.10%",-300,0.1,0
2026-02-03,2025-04-23,"0.35%",-300,0.35,0
2026-02-03,2025-04-23,"0.60%",-300,0.6,0
2026-02-03,2025-04-23,"0.85%",-275,0.85,0
2026-02-03,2025-04-23,"1.10%",-250,1.1,0
2026-02-03,2025-04-23,"1.35%",-225,1.35,0
2026-02-03,2025-04-23,"1.60%",-200,1.6,0
2026-02-03,2025-04-23,"1.85%",-175,1.85,0
2026-02-03,2025-04-23,"2.10%",-150,2.1,0.0104856626331254
2026-02-03,2025-04-23,"2.35%",-125,2.35,0.0619288094753163
2026-02-03,2025-04-23,"2.60%",-100,2.6,0.192085531451009
2026-02-03,2025-04-23,"2.85%",-75,2.85,0.313696092276391
2026-02-03,2025-04-23,"3.10%",-50,3.1,0.270059083265618
2026-02-03,2025-04-23,"3.35%",-25,3.35,0.122512706538287
2026-02-03,2025-04-23,"3.60%",0,3.6,0.0292321143602544
2026-02-03,2025-04-23,"3.85%",25,3.85,0
2026-02-03,2025-04-23,"4.10%",50,4.1,0
2026-02-03,2025-04-23,"4.35%",75,4.35,0
2026-02-03,2025-04-23,"4.60%",100,4.6,0
2026-02-03,2025-04-23,"4.85%",125,4.85,0
2026-02-03,2025-04-23,"5.10%",150,5.1,0
2026-02-03,2025-04-23,"5.35%",175,5.35,0
2026-02-03,2025-04-23,"5.60%",200,5.6,0
2026-02-03,2025-04-23,"5.85%",225,5.85,0
2026-02-03,2025-04-23,"6.10%",250,6.1,0
2026-02-03,2025-04-25,"0.10%",-300,0.1,0
2026-02-03,2025-04-25,"0.35%",-300,0.35,0
2026-02-03,2025-04-25,"0.60%",-300,0.6,0
2026-02-03,2025-04-25,"0.85%",-275,0.85,0
2026-02-03,2025-04-25,"1.10%",-250,1.1,0
2026-02-03,2025-04-25,"1.35%",-225,1.35,0
2026-02-03,2025-04-25,"1.60%",-200,1.6,0
2026-02-03,2025-04-25,"1.85%",-175,1.85,0
2026-02-03,2025-04-25,"2.10%",-150,2.1,0.0170850160125669
2026-02-03,2025-04-25,"2.35%",-125,2.35,0.075463963613231
2026-02-03,2025-04-25,"2.60%",-100,2.6,0.194053423880195
2026-02-03,2025-04-25,"2.85%",-75,2.85,0.290883721521303
2026-02-03,2025-04-25,"3.10%",-50,3.1,0.254324545889171
2026-02-03,2025-04-25,"3.35%",-25,3.35,0.129670882081574
2026-02-03,2025-04-25,"3.60%",0,3.6,0.0385184470019606
2026-02-03,2025-04-25,"3.85%",25,3.85,0
2026-02-03,2025-04-25,"4.10%",50,4.1,0
2026-02-03,2025-04-25,"4.35%",75,4.35,0
2026-02-03,2025-04-25,"4.60%",100,4.6,0
2026-02-03,2025-04-25,"4.85%",125,4.85,0
2026-02-03,2025-04-25,"5.10%",150,5.1,0
2026-02-03,2025-04-25,"5.35%",175,5.35,0
2026-02-03,2025-04-25,"5.60%",200,5.6,0
2026-02-03,2025-04-25,"5.85%",225,5.85,0
2026-02-03,2025-04-25,"6.10%",250,6.1,0
2026-02-03,2025-04-28,"0.10%",-300,0.1,0
2026-02-03,2025-04-28,"0.35%",-300,0.35,0
2026-02-03,2025-04-28,"0.60%",-300,0.6,0
2026-02-03,2025-04-28,"0.85%",-275,0.85,0
2026-02-03,2025-04-28,"1.10%",-250,1.1,0
2026-02-03,2025-04-28,"1.35%",-225,1.35,0
2026-02-03,2025-04-28,"1.60%",-200,1.6,0
2026-02-03,2025-04-28,"1.85%",-175,1.85,0
2026-02-03,2025-04-28,"2.10%",-150,2.1,0.0228659034685205
2026-02-03,2025-04-28,"2.35%",-125,2.35,0.0885530571215934
2026-02-03,2025-04-28,"2.60%",-100,2.6,0.205617120528724
2026-02-03,2025-04-28,"2.85%",-75,2.85,0.286537843889406
2026-02-03,2025-04-28,"3.10%",-50,3.1,0.23974426141226
2026-02-03,2025-04-28,"3.35%",-25,3.35,0.120409987465007
2026-02-03,2025-04-28,"3.60%",0,3.6,0.0362718261144889
2026-02-03,2025-04-28,"3.85%",25,3.85,0
2026-02-03,2025-04-28,"4.10%",50,4.1,0
2026-02-03,2025-04-28,"4.35%",75,4.35,0
2026-02-03,2025-04-28,"4.60%",100,4.6,0
2026-02-03,2025-04-28,"4.85%",125,4.85,0
2026-02-03,2025-04-28,"5.10%",150,5.1,0
2026-02-03,2025-04-28,"5.35%",175,5.35,0
2026-02-03,2025-04-28,"5.60%",200,5.6,0
2026-02-03,2025-04-28,"5.85%",225,5.85,0
2026-02-03,2025-04-28,"6.10%",250,6.1,0
2026-02-03,2025-04-29,"0.10%",-300,0.1,0
2026-02-03,2025-04-29,"0.35%",-300,0.35,0
2026-02-03,2025-04-29,"0.60%",-300,0.6,0
2026-02-03,2025-04-29,"0.85%",-275,0.85,0
2026-02-03,2025-04-29,"1.10%",-250,1.1,0
2026-02-03,2025-04-29,"1.35%",-225,1.35,0
2026-02-03,2025-04-29,"1.60%",-200,1.6,0
2026-02-03,2025-04-29,"1.85%",-175,1.85,0
2026-02-03,2025-04-29,"2.10%",-150,2.1,0.0182575986755793
2026-02-03,2025-04-29,"2.35%",-125,2.35,0.080941438156928
2026-02-03,2025-04-29,"2.60%",-100,2.6,0.205181328574924
2026-02-03,2025-04-29,"2.85%",-75,2.85,0.297820694755938
2026-02-03,2025-04-29,"3.10%",-50,3.1,0.247674694936507
2026-02-03,2025-04-29,"3.35%",-25,3.35,0.11797460562288
2026-02-03,2025-04-29,"3.60%",0,3.6,0.032149639277243
2026-02-03,2025-04-29,"3.85%",25,3.85,0
2026-02-03,2025-04-29,"4.10%",50,4.1,0
2026-02-03,2025-04-29,"4.35%",75,4.35,0
2026-02-03,2025-04-29,"4.60%",100,4.6,0
2026-02-03,2025-04-29,"4.85%",125,4.85,0
2026-02-03,2025-04-29,"5.10%",150,5.1,0
2026-02-03,2025-04-29,"5.35%",175,5.35,0
2026-02-03,2025-04-29,"5.60%",200,5.6,0
2026-02-03,2025-04-29,"5.85%",225,5.85,0
2026-02-03,2025-04-29,"6.10%",250,6.1,0
2026-02-03,2025-04-30,"0.10%",-300,0.1,0
2026-02-03,2025-04-30,"0.35%",-300,0.35,0
2026-02-03,2025-04-30,"0.60%",-300,0.6,0
2026-02-03,2025-04-30,"0.85%",-275,0.85,0
2026-02-03,2025-04-30,"1.10%",-250,1.1,0
2026-02-03,2025-04-30,"1.35%",-225,1.35,0
2026-02-03,2025-04-30,"1.60%",-200,1.6,0
2026-02-03,2025-04-30,"1.85%",-175,1.85,0
2026-02-03,2025-04-30,"2.10%",-150,2.1,0.0158381321441924
2026-02-03,2025-04-30,"2.35%",-125,2.35,0.0718807310989299
2026-02-03,2025-04-30,"2.60%",-100,2.6,0.189395634678663
2026-02-03,2025-04-30,"2.85%",-75,2.85,0.290105824355471
2026-02-03,2025-04-30,"3.10%",-50,3.1,0.25848992341976
2026-02-03,2025-04-30,"3.35%",-25,3.35,0.133954378980538
2026-02-03,2025-04-30,"3.60%",0,3.6,0.0403353753224455
2026-02-03,2025-04-30,"3.85%",25,3.85,0
2026-02-03,2025-04-30,"4.10%",50,4.1,0
2026-02-03,2025-04-30,"4.35%",75,4.35,0
2026-02-03,2025-04-30,"4.60%",100,4.6,0
2026-02-03,2025-04-30,"4.85%",125,4.85,0
2026-02-03,2025-04-30,"5.10%",150,5.1,0
2026-02-03,2025-04-30,"5.35%",175,5.35,0
2026-02-03,2025-04-30,"5.60%",200,5.6,0
2026-02-03,2025-04-30,"5.85%",225,5.85,0
2026-02-03,2025-04-30,"6.10%",250,6.1,0
2026-02-03,2025-05-01,"0.10%",-300,0.1,0
2026-02-03,2025-05-01,"0.35%",-300,0.35,0
2026-02-03,2025-05-01,"0.60%",-300,0.6,0
2026-02-03,2025-05-01,"0.85%",-275,0.85,0
2026-02-03,2025-05-01,"1.10%",-250,1.1,0
2026-02-03,2025-05-01,"1.35%",-225,1.35,0
2026-02-03,2025-05-01,"1.60%",-200,1.6,0
2026-02-03,2025-05-01,"1.85%",-175,1.85,0
2026-02-03,2025-05-01,"2.10%",-150,2.1,0.0238593724190177
2026-02-03,2025-05-01,"2.35%",-125,2.35,0.083334227973941
2026-02-03,2025-05-01,"2.60%",-100,2.6,0.185699534382437
2026-02-03,2025-05-01,"2.85%",-75,2.85,0.264177025830754
2026-02-03,2025-05-01,"3.10%",-50,3.1,0.239994787465953
2026-02-03,2025-05-01,"3.35%",-25,3.35,0.139218368699437
2026-02-03,2025-05-01,"3.60%",0,3.6,0.0515451476978977
2026-02-03,2025-05-01,"3.85%",25,3.85,0.0121715355305629
2026-02-03,2025-05-01,"4.10%",50,4.1,0
2026-02-03,2025-05-01,"4.35%",75,4.35,0
2026-02-03,2025-05-01,"4.60%",100,4.6,0
2026-02-03,2025-05-01,"4.85%",125,4.85,0
2026-02-03,2025-05-01,"5.10%",150,5.1,0
2026-02-03,2025-05-01,"5.35%",175,5.35,0
2026-02-03,2025-05-01,"5.60%",200,5.6,0
2026-02-03,2025-05-01,"5.85%",225,5.85,0
2026-02-03,2025-05-01,"6.10%",250,6.1,0
2026-02-03,2025-05-02,"0.10%",-300,0.1,0
2026-02-03,2025-05-02,"0.35%",-300,0.35,0
2026-02-03,2025-05-02,"0.60%",-300,0.6,0
2026-02-03,2025-05-02,"0.85%",-275,0.85,0
2026-02-03,2025-05-02,"1.10%",-250,1.1,0
2026-02-03,2025-05-02,"1.35%",-225,1.35,0
2026-02-03,2025-05-02,"1.60%",-200,1.6,0
2026-02-03,2025-05-02,"1.85%",-175,1.85,0
2026-02-03,2025-05-02,"2.10%",-150,2.1,0.0193142672611142
2026-02-03,2025-05-02,"2.35%",-125,2.35,0.0733128612668801
2026-02-03,2025-05-02,"2.60%",-100,2.6,0.175149087942096
2026-02-03,2025-05-02,"2.85%",-75,2.85,0.263562856106207
2026-02-03,2025-05-02,"3.10%",-50,3.1,0.249901095976811
2026-02-03,2025-05-02,"3.35%",-25,3.35,0.149292761561204
2026-02-03,2025-05-02,"3.60%",0,3.6,0.0561690581747232
2026-02-03,2025-05-02,"3.85%",25,3.85,0.0132980117109641
2026-02-03,2025-05-02,"4.10%",50,4.1,0
2026-02-03,2025-05-02,"4.35%",75,4.35,0
2026-02-03,2025-05-02,"4.60%",100,4.6,0
2026-02-03,2025-05-02,"4.85%",125,4.85,0
2026-02-03,2025-05-02,"5.10%",150,5.1,0
2026-02-03,2025-05-02,"5.35%",175,5.35,0
2026-02-03,2025-05-02,"5.60%",200,5.6,0
2026-02-03,2025-05-02,"5.85%",225,5.85,0
2026-02-03,2025-05-02,"6.10%",250,6.1,0
2026-02-03,2025-05-05,"0.10%",-300,0.1,0
2026-02-03,2025-05-05,"0.35%",-300,0.35,0
2026-02-03,2025-05-05,"0.60%",-300,0.6,0
2026-02-03,2025-05-05,"0.85%",-275,0.85,0
2026-02-03,2025-05-05,"1.10%",-250,1.1,0
2026-02-03,2025-05-05,"1.35%",-225,1.35,0
2026-02-03,2025-05-05,"1.60%",-200,1.6,0.0160174706054659
2026-02-03,2025-05-05,"1.85%",-175,1.85,0.0334911148886836
2026-02-03,2025-05-05,"2.10%",-150,2.1,0.0606063303280697
2026-02-03,2025-05-05,"2.35%",-125,2.35,0.0949217178885722
2026-02-03,2025-05-05,"2.60%",-100,2.6,0.128670025385382
2026-02-03,2025-05-05,"2.85%",-75,2.85,0.150958226731623
2026-02-03,2025-05-05,"3.10%",-50,3.1,0.1532870917337
2026-02-03,2025-05-05,"3.35%",-25,3.35,0.134717481768142
2026-02-03,2025-05-05,"3.60%",0,3.6,0.102473234754086
2026-02-03,2025-05-05,"3.85%",25,3.85,0.067462430915449
2026-02-03,2025-05-05,"4.10%",50,4.1,0.0384391635721036
2026-02-03,2025-05-05,"4.35%",75,4.35,0.0189557114287212
2026-02-03,2025-05-05,"4.60%",100,4.6,0
2026-02-03,2025-05-05,"4.85%",125,4.85,0
2026-02-03,2025-05-05,"5.10%",150,5.1,0
2026-02-03,2025-05-05,"5.35%",175,5.35,0
2026-02-03,2025-05-05,"5.60%",200,5.6,0
2026-02-03,2025-05-05,"5.85%",225,5.85,0
2026-02-03,2025-05-05,"6.10%",250,6.1,0
2026-02-03,2025-05-06,"0.10%",-300,0.1,0
2026-02-03,2025-05-06,"0.35%",-300,0.35,0
2026-02-03,2025-05-06,"0.60%",-300,0.6,0
2026-02-03,2025-05-06,"0.85%",-275,0.85,0
2026-02-03,2025-05-06,"1.10%",-250,1.1,0
2026-02-03,2025-05-06,"1.35%",-225,1.35,0
2026-02-03,2025-05-06,"1.60%",-200,1.6,0
2026-02-03,2025-05-06,"1.85%",-175,1.85,0
2026-02-03,2025-05-06,"2.10%",-150,2.1,0
2026-02-03,2025-05-06,"2.35%",-125,2.35,0.0361456043853003
2026-02-03,2025-05-06,"2.60%",-100,2.6,0.131169505697124
2026-02-03,2025-05-06,"2.85%",-75,2.85,0.265302369245799
2026-02-03,2025-05-06,"3.10%",-50,3.1,0.299453523582379
2026-02-03,2025-05-06,"3.35%",-25,3.35,0.188667045064855
2026-02-03,2025-05-06,"3.60%",0,3.6,0.066293698584229
2026-02-03,2025-05-06,"3.85%",25,3.85,0.0129682534403141
2026-02-03,2025-05-06,"4.10%",50,4.1,0
2026-02-03,2025-05-06,"4.35%",75,4.35,0
2026-02-03,2025-05-06,"4.60%",100,4.6,0
2026-02-03,2025-05-06,"4.85%",125,4.85,0
2026-02-03,2025-05-06,"5.10%",150,5.1,0
2026-02-03,2025-05-06,"5.35%",175,5.35,0
2026-02-03,2025-05-06,"5.60%",200,5.6,0
2026-02-03,2025-05-06,"5.85%",225,5.85,0
2026-02-03,2025-05-06,"6.10%",250,6.1,0
2026-02-03,2025-05-07,"0.10%",-300,0.1,0
2026-02-03,2025-05-07,"0.35%",-300,0.35,0
2026-02-03,2025-05-07,"0.60%",-300,0.6,0
2026-02-03,2025-05-07,"0.85%",-275,0.85,0
2026-02-03,2025-05-07,"1.10%",-250,1.1,0
2026-02-03,2025-05-07,"1.35%",-225,1.35,0
2026-02-03,2025-05-07,"1.60%",-200,1.6,0
2026-02-03,2025-05-07,"1.85%",-175,1.85,0
2026-02-03,2025-05-07,"2.10%",-150,2.1,0.0124837923372368
2026-02-03,2025-05-07,"2.35%",-125,2.35,0.0576670557603941
2026-02-03,2025-05-07,"2.60%",-100,2.6,0.160043814984091
2026-02-03,2025-05-07,"2.85%",-75,2.85,0.267162400207341
2026-02-03,2025-05-07,"3.10%",-50,3.1,0.268412162396793
2026-02-03,2025-05-07,"3.35%",-25,3.35,0.162301272838787
2026-02-03,2025-05-07,"3.60%",0,3.6,0.0590301763484439
2026-02-03,2025-05-07,"3.85%",25,3.85,0.0128993251269127
2026-02-03,2025-05-07,"4.10%",50,4.1,0
2026-02-03,2025-05-07,"4.35%",75,4.35,0
2026-02-03,2025-05-07,"4.60%",100,4.6,0
2026-02-03,2025-05-07,"4.85%",125,4.85,0
2026-02-03,2025-05-07,"5.10%",150,5.1,0
2026-02-03,2025-05-07,"5.35%",175,5.35,0
2026-02-03,2025-05-07,"5.60%",200,5.6,0
2026-02-03,2025-05-07,"5.85%",225,5.85,0
2026-02-03,2025-05-07,"6.10%",250,6.1,0
2026-02-03,2025-05-08,"0.10%",-300,0.1,0
2026-02-03,2025-05-08,"0.35%",-300,0.35,0
2026-02-03,2025-05-08,"0.60%",-300,0.6,0
2026-02-03,2025-05-08,"0.85%",-275,0.85,0
2026-02-03,2025-05-08,"1.10%",-250,1.1,0
2026-02-03,2025-05-08,"1.35%",-225,1.35,0
2026-02-03,2025-05-08,"1.60%",-200,1.6,0
2026-02-03,2025-05-08,"1.85%",-175,1.85,0
2026-02-03,2025-05-08,"2.10%",-150,2.1,0
2026-02-03,2025-05-08,"2.35%",-125,2.35,0.0460522118941398
2026-02-03,2025-05-08,"2.60%",-100,2.6,0.143067602118907
2026-02-03,2025-05-08,"2.85%",-75,2.85,0.262215266486326
2026-02-03,2025-05-08,"3.10%",-50,3.1,0.283758507994034
2026-02-03,2025-05-08,"3.35%",-25,3.35,0.181326315656966
2026-02-03,2025-05-08,"3.60%",0,3.6,0.0683805717359934
2026-02-03,2025-05-08,"3.85%",25,3.85,0.0151995241136332
2026-02-03,2025-05-08,"4.10%",50,4.1,0
2026-02-03,2025-05-08,"4.35%",75,4.35,0
2026-02-03,2025-05-08,"4.60%",100,4.6,0
2026-02-03,2025-05-08,"4.85%",125,4.85,0
2026-02-03,2025-05-08,"5.10%",150,5.1,0
2026-02-03,2025-05-08,"5.35%",175,5.35,0
2026-02-03,2025-05-08,"5.60%",200,5.6,0
2026-02-03,2025-05-08,"5.85%",225,5.85,0
2026-02-03,2025-05-08,"6.10%",250,6.1,0
2026-02-03,2025-05-09,"0.10%",-300,0.1,0
2026-02-03,2025-05-09,"0.35%",-300,0.35,0
2026-02-03,2025-05-09,"0.60%",-300,0.6,0
2026-02-03,2025-05-09,"0.85%",-275,0.85,0
2026-02-03,2025-05-09,"1.10%",-250,1.1,0
2026-02-03,2025-05-09,"1.35%",-225,1.35,0
2026-02-03,2025-05-09,"1.60%",-200,1.6,0
2026-02-03,2025-05-09,"1.85%",-175,1.85,0
2026-02-03,2025-05-09,"2.10%",-150,2.1,0
2026-02-03,2025-05-09,"2.35%",-125,2.35,0.0283505242673803
2026-02-03,2025-05-09,"2.60%",-100,2.6,0.111289583939066
2026-02-03,2025-05-09,"2.85%",-75,2.85,0.245150333359764
2026-02-03,2025-05-09,"3.10%",-50,3.1,0.303446300420694
2026-02-03,2025-05-09,"3.35%",-25,3.35,0.211139216334035
2026-02-03,2025-05-09,"3.60%",0,3.6,0.0825302088642452
2026-02-03,2025-05-09,"3.85%",25,3.85,0.018093832814816
2026-02-03,2025-05-09,"4.10%",50,4.1,0
2026-02-03,2025-05-09,"4.35%",75,4.35,0
2026-02-03,2025-05-09,"4.60%",100,4.6,0
2026-02-03,2025-05-09,"4.85%",125,4.85,0
2026-02-03,2025-05-09,"5.10%",150,5.1,0
2026-02-03,2025-05-09,"5.35%",175,5.35,0
2026-02-03,2025-05-09,"5.60%",200,5.6,0
2026-02-03,2025-05-09,"5.85%",225,5.85,0
2026-02-03,2025-05-09,"6.10%",250,6.1,0
2026-02-03,2025-05-12,"0.10%",-300,0.1,0
2026-02-03,2025-05-12,"0.35%",-300,0.35,0
2026-02-03,2025-05-12,"0.60%",-300,0.6,0
2026-02-03,2025-05-12,"0.85%",-275,0.85,0
2026-02-03,2025-05-12,"1.10%",-250,1.1,0
2026-02-03,2025-05-12,"1.35%",-225,1.35,0
2026-02-03,2025-05-12,"1.60%",-200,1.6,0
2026-02-03,2025-05-12,"1.85%",-175,1.85,0
2026-02-03,2025-05-12,"2.10%",-150,2.1,0
2026-02-03,2025-05-12,"2.35%",-125,2.35,0.0146791471888305
2026-02-03,2025-05-12,"2.60%",-100,2.6,0.0785926904509468
2026-02-03,2025-05-12,"2.85%",-75,2.85,0.219677949637351
2026-02-03,2025-05-12,"3.10%",-50,3.1,0.321343759637108
2026-02-03,2025-05-12,"3.35%",-25,3.35,0.246237228149658
2026-02-03,2025-05-12,"3.60%",0,3.6,0.0987736850865785
2026-02-03,2025-05-12,"3.85%",25,3.85,0.020695539849527
2026-02-03,2025-05-12,"4.10%",50,4.1,0
2026-02-03,2025-05-12,"4.35%",75,4.35,0
2026-02-03,2025-05-12,"4.60%",100,4.6,0
2026-02-03,2025-05-12,"4.85%",125,4.85,0
2026-02-03,2025-05-12,"5.10%",150,5.1,0
2026-02-03,2025-05-12,"5.35%",175,5.35,0
2026-02-03,2025-05-12,"5.60%",200,5.6,0
2026-02-03,2025-05-12,"5.85%",225,5.85,0
2026-02-03,2025-05-12,"6.10%",250,6.1,0
2026-02-03,2025-05-13,"0.10%",-300,0.1,0
2026-02-03,2025-05-13,"0.35%",-300,0.35,0
2026-02-03,2025-05-13,"0.60%",-300,0.6,0
2026-02-03,2025-05-13,"0.85%",-275,0.85,0
2026-02-03,2025-05-13,"1.10%",-250,1.1,0
2026-02-03,2025-05-13,"1.35%",-225,1.35,0
2026-02-03,2025-05-13,"1.60%",-200,1.6,0
2026-02-03,2025-05-13,"1.85%",-175,1.85,0
2026-02-03,2025-05-13,"2.10%",-150,2.1,0
2026-02-03,2025-05-13,"2.35%",-125,2.35,0
2026-02-03,2025-05-13,"2.60%",-100,2.6,0.0412125312521608
2026-02-03,2025-05-13,"2.85%",-75,2.85,0.155032605093412
2026-02-03,2025-05-13,"3.10%",-50,3.1,0.301208595386277
2026-02-03,2025-05-13,"3.35%",-25,3.35,0.302777119621024
2026-02-03,2025-05-13,"3.60%",0,3.6,0.1574694441868
2026-02-03,2025-05-13,"3.85%",25,3.85,0.042299704460326
2026-02-03,2025-05-13,"4.10%",50,4.1,0
2026-02-03,2025-05-13,"4.35%",75,4.35,0
2026-02-03,2025-05-13,"4.60%",100,4.6,0
2026-02-03,2025-05-13,"4.85%",125,4.85,0
2026-02-03,2025-05-13,"5.10%",150,5.1,0
2026-02-03,2025-05-13,"5.35%",175,5.35,0
2026-02-03,2025-05-13,"5.60%",200,5.6,0
2026-02-03,2025-05-13,"5.85%",225,5.85,0
2026-02-03,2025-05-13,"6.10%",250,6.1,0
2026-02-03,2025-05-14,"0.10%",-300,0.1,0
2026-02-03,2025-05-14,"0.35%",-300,0.35,0
2026-02-03,2025-05-14,"0.60%",-300,0.6,0
2026-02-03,2025-05-14,"0.85%",-275,0.85,0
2026-02-03,2025-05-14,"1.10%",-250,1.1,0
2026-02-03,2025-05-14,"1.35%",-225,1.35,0
2026-02-03,2025-05-14,"1.60%",-200,1.6,0
2026-02-03,2025-05-14,"1.85%",-175,1.85,0
2026-02-03,2025-05-14,"2.10%",-150,2.1,0
2026-02-03,2025-05-14,"2.35%",-125,2.35,0
2026-02-03,2025-05-14,"2.60%",-100,2.6,0.0285474835390891
2026-02-03,2025-05-14,"2.85%",-75,2.85,0.131807893466119
2026-02-03,2025-05-14,"3.10%",-50,3.1,0.296123938669624
2026-02-03,2025-05-14,"3.35%",-25,3.35,0.324602165755937
2026-02-03,2025-05-14,"3.60%",0,3.6,0.173666983702599
2026-02-03,2025-05-14,"3.85%",25,3.85,0.045251534866631
2026-02-03,2025-05-14,"4.10%",50,4.1,0
2026-02-03,2025-05-14,"4.35%",75,4.35,0
2026-02-03,2025-05-14,"4.60%",100,4.6,0
2026-02-03,2025-05-14,"4.85%",125,4.85,0
2026-02-03,2025-05-14,"5.10%",150,5.1,0
2026-02-03,2025-05-14,"5.35%",175,5.35,0
2026-02-03,2025-05-14,"5.60%",200,5.6,0
2026-02-03,2025-05-14,"5.85%",225,5.85,0
2026-02-03,2025-05-14,"6.10%",250,6.1,0
2026-02-03,2025-05-15,"0.10%",-300,0.1,0
2026-02-03,2025-05-15,"0.35%",-300,0.35,0
2026-02-03,2025-05-15,"0.60%",-300,0.6,0
2026-02-03,2025-05-15,"0.85%",-275,0.85,0
2026-02-03,2025-05-15,"1.10%",-250,1.1,0
2026-02-03,2025-05-15,"1.35%",-225,1.35,0
2026-02-03,2025-05-15,"1.60%",-200,1.6,0
2026-02-03,2025-05-15,"1.85%",-175,1.85,0
2026-02-03,2025-05-15,"2.10%",-150,2.1,0
2026-02-03,2025-05-15,"2.35%",-125,2.35,0
2026-02-03,2025-05-15,"2.60%",-100,2.6,0.0213113094452653
2026-02-03,2025-05-15,"2.85%",-75,2.85,0.108965013134885
2026-02-03,2025-05-15,"3.10%",-50,3.1,0.272692138886919
2026-02-03,2025-05-15,"3.35%",-25,3.35,0.33500817546093
2026-02-03,2025-05-15,"3.60%",0,3.6,0.2021829005197
2026-02-03,2025-05-15,"3.85%",25,3.85,0.0598404625523009
2026-02-03,2025-05-15,"4.10%",50,4.1,0
2026-02-03,2025-05-15,"4.35%",75,4.35,0
2026-02-03,2025-05-15,"4.60%",100,4.6,0
2026-02-03,2025-05-15,"4.85%",125,4.85,0
2026-02-03,2025-05-15,"5.10%",150,5.1,0
2026-02-03,2025-05-15,"5.35%",175,5.35,0
2026-02-03,2025-05-15,"5.60%",200,5.6,0
2026-02-03,2025-05-15,"5.85%",225,5.85,0
2026-02-03,2025-05-15,"6.10%",250,6.1,0
2026-02-03,2025-05-16,"0.10%",-300,0.1,0
2026-02-03,2025-05-16,"0.35%",-300,0.35,0
2026-02-03,2025-05-16,"0.60%",-300,0.6,0
2026-02-03,2025-05-16,"0.85%",-275,0.85,0
2026-02-03,2025-05-16,"1.10%",-250,1.1,0
2026-02-03,2025-05-16,"1.35%",-225,1.35,0
2026-02-03,2025-05-16,"1.60%",-200,1.6,0
2026-02-03,2025-05-16,"1.85%",-175,1.85,0
2026-02-03,2025-05-16,"2.10%",-150,2.1,0
2026-02-03,2025-05-16,"2.35%",-125,2.35,0
2026-02-03,2025-05-16,"2.60%",-100,2.6,0.0160754466352201
2026-02-03,2025-05-16,"2.85%",-75,2.85,0.112184519504745
2026-02-03,2025-05-16,"3.10%",-50,3.1,0.315272635213249
2026-02-03,2025-05-16,"3.35%",-25,3.35,0.359270168388634
2026-02-03,2025-05-16,"3.60%",0,3.6,0.166169479860191
2026-02-03,2025-05-16,"3.85%",25,3.85,0.0310277503979618
2026-02-03,2025-05-16,"4.10%",50,4.1,0
2026-02-03,2025-05-16,"4.35%",75,4.35,0
2026-02-03,2025-05-16,"4.60%",100,4.6,0
2026-02-03,2025-05-16,"4.85%",125,4.85,0
2026-02-03,2025-05-16,"5.10%",150,5.1,0
2026-02-03,2025-05-16,"5.35%",175,5.35,0
2026-02-03,2025-05-16,"5.60%",200,5.6,0
2026-02-03,2025-05-16,"5.85%",225,5.85,0
2026-02-03,2025-05-16,"6.10%",250,6.1,0
2026-02-03,2025-05-19,"0.10%",-300,0.1,0
2026-02-03,2025-05-19,"0.35%",-300,0.35,0
2026-02-03,2025-05-19,"0.60%",-300,0.6,0
2026-02-03,2025-05-19,"0.85%",-275,0.85,0
2026-02-03,2025-05-19,"1.10%",-250,1.1,0
2026-02-03,2025-05-19,"1.35%",-225,1.35,0
2026-02-03,2025-05-19,"1.60%",-200,1.6,0
2026-02-03,2025-05-19,"1.85%",-175,1.85,0
2026-02-03,2025-05-19,"2.10%",-150,2.1,0
2026-02-03,2025-05-19,"2.35%",-125,2.35,0
2026-02-03,2025-05-19,"2.60%",-100,2.6,0.012231422690911
2026-02-03,2025-05-19,"2.85%",-75,2.85,0.0923287509033685
2026-02-03,2025-05-19,"3.10%",-50,3.1,0.286679984916598
2026-02-03,2025-05-19,"3.35%",-25,3.35,0.368680847175586
2026-02-03,2025-05-19,"3.60%",0,3.6,0.196712386767359
2026-02-03,2025-05-19,"3.85%",25,3.85,0.0433666075461781
2026-02-03,2025-05-19,"4.10%",50,4.1,0
2026-02-03,2025-05-19,"4.35%",75,4.35,0
2026-02-03,2025-05-19,"4.60%",100,4.6,0
2026-02-03,2025-05-19,"4.85%",125,4.85,0
2026-02-03,2025-05-19,"5.10%",150,5.1,0
2026-02-03,2025-05-19,"5.35%",175,5.35,0
2026-02-03,2025-05-19,"5.60%",200,5.6,0
2026-02-03,2025-05-19,"5.85%",225,5.85,0
2026-02-03,2025-05-19,"6.10%",250,6.1,0
2026-02-03,2025-05-20,"0.10%",-300,0.1,0
2026-02-03,2025-05-20,"0.35%",-300,0.35,0
2026-02-03,2025-05-20,"0.60%",-300,0.6,0
2026-02-03,2025-05-20,"0.85%",-275,0.85,0
2026-02-03,2025-05-20,"1.10%",-250,1.1,0
2026-02-03,2025-05-20,"1.35%",-225,1.35,0
2026-02-03,2025-05-20,"1.60%",-200,1.6,0
2026-02-03,2025-05-20,"1.85%",-175,1.85,0
2026-02-03,2025-05-20,"2.10%",-150,2.1,0
2026-02-03,2025-05-20,"2.35%",-125,2.35,0
2026-02-03,2025-05-20,"2.60%",-100,2.6,0.0665841070713235
2026-02-03,2025-05-20,"2.85%",-75,2.85,0.224726724981923
2026-02-03,2025-05-20,"3.10%",-50,3.1,0.352010121785021
2026-02-03,2025-05-20,"3.35%",-25,3.35,0.256395888939572
2026-02-03,2025-05-20,"3.60%",0,3.6,0.086721090719447
2026-02-03,2025-05-20,"3.85%",25,3.85,0.0135620665027138
2026-02-03,2025-05-20,"4.10%",50,4.1,0
2026-02-03,2025-05-20,"4.35%",75,4.35,0
2026-02-03,2025-05-20,"4.60%",100,4.6,0
2026-02-03,2025-05-20,"4.85%",125,4.85,0
2026-02-03,2025-05-20,"5.10%",150,5.1,0
2026-02-03,2025-05-20,"5.35%",175,5.35,0
2026-02-03,2025-05-20,"5.60%",200,5.6,0
2026-02-03,2025-05-20,"5.85%",225,5.85,0
2026-02-03,2025-05-20,"6.10%",250,6.1,0
2026-02-03,2025-05-21,"0.10%",-300,0.1,0
2026-02-03,2025-05-21,"0.35%",-300,0.35,0
2026-02-03,2025-05-21,"0.60%",-300,0.6,0
2026-02-03,2025-05-21,"0.85%",-275,0.85,0
2026-02-03,2025-05-21,"1.10%",-250,1.1,0
2026-02-03,2025-05-21,"1.35%",-225,1.35,0
2026-02-03,2025-05-21,"1.60%",-200,1.6,0
2026-02-03,2025-05-21,"1.85%",-175,1.85,0
2026-02-03,2025-05-21,"2.10%",-150,2.1,0
2026-02-03,2025-05-21,"2.35%",-125,2.35,0
2026-02-03,2025-05-21,"2.60%",-100,2.6,0.0693376689307533
2026-02-03,2025-05-21,"2.85%",-75,2.85,0.252474750907199
2026-02-03,2025-05-21,"3.10%",-50,3.1,0.380006680332706
2026-02-03,2025-05-21,"3.35%",-25,3.35,0.237070819750907
2026-02-03,2025-05-21,"3.60%",0,3.6,0.0611100800784342
2026-02-03,2025-05-21,"3.85%",25,3.85,0
2026-02-03,2025-05-21,"4.10%",50,4.1,0
2026-02-03,2025-05-21,"4.35%",75,4.35,0
2026-02-03,2025-05-21,"4.60%",100,4.6,0
2026-02-03,2025-05-21,"4.85%",125,4.85,0
2026-02-03,2025-05-21,"5.10%",150,5.1,0
2026-02-03,2025-05-21,"5.35%",175,5.35,0
2026-02-03,2025-05-21,"5.60%",200,5.6,0
2026-02-03,2025-05-21,"5.85%",225,5.85,0
2026-02-03,2025-05-21,"6.10%",250,6.1,0
2026-02-03,2025-05-22,"0.10%",-300,0.1,0
2026-02-03,2025-05-22,"0.35%",-300,0.35,0
2026-02-03,2025-05-22,"0.60%",-300,0.6,0
2026-02-03,2025-05-22,"0.85%",-275,0.85,0
2026-02-03,2025-05-22,"1.10%",-250,1.1,0
2026-02-03,2025-05-22,"1.35%",-225,1.35,0
2026-02-03,2025-05-22,"1.60%",-200,1.6,0
2026-02-03,2025-05-22,"1.85%",-175,1.85,0
2026-02-03,2025-05-22,"2.10%",-150,2.1,0
2026-02-03,2025-05-22,"2.35%",-125,2.35,0
2026-02-03,2025-05-22,"2.60%",-100,2.6,0.0737204885454195
2026-02-03,2025-05-22,"2.85%",-75,2.85,0.256694620065555
2026-02-03,2025-05-22,"3.10%",-50,3.1,0.376269832599374
2026-02-03,2025-05-22,"3.35%",-25,3.35,0.232745072977499
2026-02-03,2025-05-22,"3.60%",0,3.6,0.0605699858121522
2026-02-03,2025-05-22,"3.85%",25,3.85,0
2026-02-03,2025-05-22,"4.10%",50,4.1,0
2026-02-03,2025-05-22,"4.35%",75,4.35,0
2026-02-03,2025-05-22,"4.60%",100,4.6,0
2026-02-03,2025-05-22,"4.85%",125,4.85,0
2026-02-03,2025-05-22,"5.10%",150,5.1,0
2026-02-03,2025-05-22,"5.35%",175,5.35,0
2026-02-03,2025-05-22,"5.60%",200,5.6,0
2026-02-03,2025-05-22,"5.85%",225,5.85,0
2026-02-03,2025-05-22,"6.10%",250,6.1,0
2026-02-03,2025-05-23,"0.10%",-300,0.1,0
2026-02-03,2025-05-23,"0.35%",-300,0.35,0
2026-02-03,2025-05-23,"0.60%",-300,0.6,0
2026-02-03,2025-05-23,"0.85%",-275,0.85,0
2026-02-03,2025-05-23,"1.10%",-250,1.1,0
2026-02-03,2025-05-23,"1.35%",-225,1.35,0
2026-02-03,2025-05-23,"1.60%",-200,1.6,0
2026-02-03,2025-05-23,"1.85%",-175,1.85,0
2026-02-03,2025-05-23,"2.10%",-150,2.1,0
2026-02-03,2025-05-23,"2.35%",-125,2.35,0
2026-02-03,2025-05-23,"2.60%",-100,2.6,0.0535835168355177
2026-02-03,2025-05-23,"2.85%",-75,2.85,0.257666184411392
2026-02-03,2025-05-23,"3.10%",-50,3.1,0.417349755404193
2026-02-03,2025-05-23,"3.35%",-25,3.35,0.229099541938177
2026-02-03,2025-05-23,"3.60%",0,3.6,0.0423010014107199
2026-02-03,2025-05-23,"3.85%",25,3.85,0
2026-02-03,2025-05-23,"4.10%",50,4.1,0
2026-02-03,2025-05-23,"4.35%",75,4.35,0
2026-02-03,2025-05-23,"4.60%",100,4.6,0
2026-02-03,2025-05-23,"4.85%",125,4.85,0
2026-02-03,2025-05-23,"5.10%",150,5.1,0
2026-02-03,2025-05-23,"5.35%",175,5.35,0
2026-02-03,2025-05-23,"5.60%",200,5.6,0
2026-02-03,2025-05-23,"5.85%",225,5.85,0
2026-02-03,2025-05-23,"6.10%",250,6.1,0
2026-02-03,2025-05-25,"0.10%",-300,0.1,0
2026-02-03,2025-05-25,"0.35%",-300,0.35,0
2026-02-03,2025-05-25,"0.60%",-300,0.6,0
2026-02-03,2025-05-25,"0.85%",-275,0.85,0
2026-02-03,2025-05-25,"1.10%",-250,1.1,0
2026-02-03,2025-05-25,"1.35%",-225,1.35,0
2026-02-03,2025-05-25,"1.60%",-200,1.6,0
2026-02-03,2025-05-25,"1.85%",-175,1.85,0
2026-02-03,2025-05-25,"2.10%",-150,2.1,0
2026-02-03,2025-05-25,"2.35%",-125,2.35,0
2026-02-03,2025-05-25,"2.60%",-100,2.6,0.0489127508825405
2026-02-03,2025-05-25,"2.85%",-75,2.85,0.243038270203877
2026-02-03,2025-05-25,"3.10%",-50,3.1,0.414489210927807
2026-02-03,2025-05-25,"3.35%",-25,3.35,0.244182657383896
2026-02-03,2025-05-25,"3.60%",0,3.6,0.0493771106018795
2026-02-03,2025-05-25,"3.85%",25,3.85,0
2026-02-03,2025-05-25,"4.10%",50,4.1,0
2026-02-03,2025-05-25,"4.35%",75,4.35,0
2026-02-03,2025-05-25,"4.60%",100,4.6,0
2026-02-03,2025-05-25,"4.85%",125,4.85,0
2026-02-03,2025-05-25,"5.10%",150,5.1,0
2026-02-03,2025-05-25,"5.35%",175,5.35,0
2026-02-03,2025-05-25,"5.60%",200,5.6,0
2026-02-03,2025-05-25,"5.85%",225,5.85,0
2026-02-03,2025-05-25,"6.10%",250,6.1,0
2026-02-03,2025-05-26,"0.10%",-300,0.1,0
2026-02-03,2025-05-26,"0.35%",-300,0.35,0
2026-02-03,2025-05-26,"0.60%",-300,0.6,0
2026-02-03,2025-05-26,"0.85%",-275,0.85,0
2026-02-03,2025-05-26,"1.10%",-250,1.1,0
2026-02-03,2025-05-26,"1.35%",-225,1.35,0
2026-02-03,2025-05-26,"1.60%",-200,1.6,0
2026-02-03,2025-05-26,"1.85%",-175,1.85,0
2026-02-03,2025-05-26,"2.10%",-150,2.1,0
2026-02-03,2025-05-26,"2.35%",-125,2.35,0
2026-02-03,2025-05-26,"2.60%",-100,2.6,0.0464470401251831
2026-02-03,2025-05-26,"2.85%",-75,2.85,0.235193551437213
2026-02-03,2025-05-26,"3.10%",-50,3.1,0.412548187891979
2026-02-03,2025-05-26,"3.35%",-25,3.35,0.2523141879668
2026-02-03,2025-05-26,"3.60%",0,3.6,0.0534970325788254
2026-02-03,2025-05-26,"3.85%",25,3.85,0
2026-02-03,2025-05-26,"4.10%",50,4.1,0
2026-02-03,2025-05-26,"4.35%",75,4.35,0
2026-02-03,2025-05-26,"4.60%",100,4.6,0
2026-02-03,2025-05-26,"4.85%",125,4.85,0
2026-02-03,2025-05-26,"5.10%",150,5.1,0
2026-02-03,2025-05-26,"5.35%",175,5.35,0
2026-02-03,2025-05-26,"5.60%",200,5.6,0
2026-02-03,2025-05-26,"5.85%",225,5.85,0
2026-02-03,2025-05-26,"6.10%",250,6.1,0
2026-02-03,2025-05-27,"0.10%",-300,0.1,0
2026-02-03,2025-05-27,"0.35%",-300,0.35,0
2026-02-03,2025-05-27,"0.60%",-300,0.6,0
2026-02-03,2025-05-27,"0.85%",-275,0.85,0
2026-02-03,2025-05-27,"1.10%",-250,1.1,0
2026-02-03,2025-05-27,"1.35%",-225,1.35,0
2026-02-03,2025-05-27,"1.60%",-200,1.6,0
2026-02-03,2025-05-27,"1.85%",-175,1.85,0
2026-02-03,2025-05-27,"2.10%",-150,2.1,0
2026-02-03,2025-05-27,"2.35%",-125,2.35,0
2026-02-03,2025-05-27,"2.60%",-100,2.6,0.0537412376695589
2026-02-03,2025-05-27,"2.85%",-75,2.85,0.236745642439428
2026-02-03,2025-05-27,"3.10%",-50,3.1,0.395902767922987
2026-02-03,2025-05-27,"3.35%",-25,3.35,0.252463109804174
2026-02-03,2025-05-27,"3.60%",0,3.6,0.0611472421638516
2026-02-03,2025-05-27,"3.85%",25,3.85,0
2026-02-03,2025-05-27,"4.10%",50,4.1,0
2026-02-03,2025-05-27,"4.35%",75,4.35,0
2026-02-03,2025-05-27,"4.60%",100,4.6,0
2026-02-03,2025-05-27,"4.85%",125,4.85,0
2026-02-03,2025-05-27,"5.10%",150,5.1,0
2026-02-03,2025-05-27,"5.35%",175,5.35,0
2026-02-03,2025-05-27,"5.60%",200,5.6,0
2026-02-03,2025-05-27,"5.85%",225,5.85,0
2026-02-03,2025-05-27,"6.10%",250,6.1,0
2026-02-03,2025-05-28,"0.10%",-300,0.1,0
2026-02-03,2025-05-28,"0.35%",-300,0.35,0
2026-02-03,2025-05-28,"0.60%",-300,0.6,0
2026-02-03,2025-05-28,"0.85%",-275,0.85,0
2026-02-03,2025-05-28,"1.10%",-250,1.1,0
2026-02-03,2025-05-28,"1.35%",-225,1.35,0
2026-02-03,2025-05-28,"1.60%",-200,1.6,0
2026-02-03,2025-05-28,"1.85%",-175,1.85,0
2026-02-03,2025-05-28,"2.10%",-150,2.1,0
2026-02-03,2025-05-28,"2.35%",-125,2.35,0
2026-02-03,2025-05-28,"2.60%",-100,2.6,0.0371942499730721
2026-02-03,2025-05-28,"2.85%",-75,2.85,0.238180250844112
2026-02-03,2025-05-28,"3.10%",-50,3.1,0.443348970614543
2026-02-03,2025-05-28,"3.35%",-25,3.35,0.242658104965903
2026-02-03,2025-05-28,"3.60%",0,3.6,0.0386184236023702
2026-02-03,2025-05-28,"3.85%",25,3.85,0
2026-02-03,2025-05-28,"4.10%",50,4.1,0
2026-02-03,2025-05-28,"4.35%",75,4.35,0
2026-02-03,2025-05-28,"4.60%",100,4.6,0
2026-02-03,2025-05-28,"4.85%",125,4.85,0
2026-02-03,2025-05-28,"5.10%",150,5.1,0
2026-02-03,2025-05-28,"5.35%",175,5.35,0
2026-02-03,2025-05-28,"5.60%",200,5.6,0
2026-02-03,2025-05-28,"5.85%",225,5.85,0
2026-02-03,2025-05-28,"6.10%",250,6.1,0
2026-02-03,2025-05-29,"0.10%",-300,0.1,0
2026-02-03,2025-05-29,"0.35%",-300,0.35,0
2026-02-03,2025-05-29,"0.60%",-300,0.6,0
2026-02-03,2025-05-29,"0.85%",-275,0.85,0
2026-02-03,2025-05-29,"1.10%",-250,1.1,0
2026-02-03,2025-05-29,"1.35%",-225,1.35,0
2026-02-03,2025-05-29,"1.60%",-200,1.6,0
2026-02-03,2025-05-29,"1.85%",-175,1.85,0
2026-02-03,2025-05-29,"2.10%",-150,2.1,0
2026-02-03,2025-05-29,"2.35%",-125,2.35,0
2026-02-03,2025-05-29,"2.60%",-100,2.6,0.0930839584020958
2026-02-03,2025-05-29,"2.85%",-75,2.85,0.337564275846582
2026-02-03,2025-05-29,"3.10%",-50,3.1,0.397802613648009
2026-02-03,2025-05-29,"3.35%",-25,3.35,0.152700113349071
2026-02-03,2025-05-29,"3.60%",0,3.6,0.0188490387542419
2026-02-03,2025-05-29,"3.85%",25,3.85,0
2026-02-03,2025-05-29,"4.10%",50,4.1,0
2026-02-03,2025-05-29,"4.35%",75,4.35,0
2026-02-03,2025-05-29,"4.60%",100,4.6,0
2026-02-03,2025-05-29,"4.85%",125,4.85,0
2026-02-03,2025-05-29,"5.10%",150,5.1,0
2026-02-03,2025-05-29,"5.35%",175,5.35,0
2026-02-03,2025-05-29,"5.60%",200,5.6,0
2026-02-03,2025-05-29,"5.85%",225,5.85,0
2026-02-03,2025-05-29,"6.10%",250,6.1,0
2026-02-03,2025-06-01,"0.10%",-300,0.1,0
2026-02-03,2025-06-01,"0.35%",-300,0.35,0
2026-02-03,2025-06-01,"0.60%",-300,0.6,0
2026-02-03,2025-06-01,"0.85%",-275,0.85,0
2026-02-03,2025-06-01,"1.10%",-250,1.1,0
2026-02-03,2025-06-01,"1.35%",-225,1.35,0
2026-02-03,2025-06-01,"1.60%",-200,1.6,0
2026-02-03,2025-06-01,"1.85%",-175,1.85,0
2026-02-03,2025-06-01,"2.10%",-150,2.1,0
2026-02-03,2025-06-01,"2.35%",-125,2.35,0
2026-02-03,2025-06-01,"2.60%",-100,2.6,0.090029612940326
2026-02-03,2025-06-01,"2.85%",-75,2.85,0.339911818166021
2026-02-03,2025-06-01,"3.10%",-50,3.1,0.402658023216413
2026-02-03,2025-06-01,"3.35%",-25,3.35,0.150060450370982
2026-02-03,2025-06-01,"3.60%",0,3.6,0.0173400953062585
2026-02-03,2025-06-01,"3.85%",25,3.85,0
2026-02-03,2025-06-01,"4.10%",50,4.1,0
2026-02-03,2025-06-01,"4.35%",75,4.35,0
2026-02-03,2025-06-01,"4.60%",100,4.6,0
2026-02-03,2025-06-01,"4.85%",125,4.85,0
2026-02-03,2025-06-01,"5.10%",150,5.1,0
2026-02-03,2025-06-01,"5.35%",175,5.35,0
2026-02-03,2025-06-01,"5.60%",200,5.6,0
2026-02-03,2025-06-01,"5.85%",225,5.85,0
2026-02-03,2025-06-01,"6.10%",250,6.1,0
2026-02-03,2025-06-02,"0.10%",-300,0.1,0
2026-02-03,2025-06-02,"0.35%",-300,0.35,0
2026-02-03,2025-06-02,"0.60%",-300,0.6,0
2026-02-03,2025-06-02,"0.85%",-275,0.85,0
2026-02-03,2025-06-02,"1.10%",-250,1.1,0
2026-02-03,2025-06-02,"1.35%",-225,1.35,0
2026-02-03,2025-06-02,"1.60%",-200,1.6,0
2026-02-03,2025-06-02,"1.85%",-175,1.85,0
2026-02-03,2025-06-02,"2.10%",-150,2.1,0
2026-02-03,2025-06-02,"2.35%",-125,2.35,0
2026-02-03,2025-06-02,"2.60%",-100,2.6,0.0896629960350245
2026-02-03,2025-06-02,"2.85%",-75,2.85,0.344121301680846
2026-02-03,2025-06-02,"3.10%",-50,3.1,0.404395539846001
2026-02-03,2025-06-02,"3.35%",-25,3.35,0.145911113441047
2026-02-03,2025-06-02,"3.60%",0,3.6,0.0159090489970812
2026-02-03,2025-06-02,"3.85%",25,3.85,0
2026-02-03,2025-06-02,"4.10%",50,4.1,0
2026-02-03,2025-06-02,"4.35%",75,4.35,0
2026-02-03,2025-06-02,"4.60%",100,4.6,0
2026-02-03,2025-06-02,"4.85%",125,4.85,0
2026-02-03,2025-06-02,"5.10%",150,5.1,0
2026-02-03,2025-06-02,"5.35%",175,5.35,0
2026-02-03,2025-06-02,"5.60%",200,5.6,0
2026-02-03,2025-06-02,"5.85%",225,5.85,0
2026-02-03,2025-06-02,"6.10%",250,6.1,0
2026-02-03,2025-06-03,"0.10%",-300,0.1,0
2026-02-03,2025-06-03,"0.35%",-300,0.35,0
2026-02-03,2025-06-03,"0.60%",-300,0.6,0
2026-02-03,2025-06-03,"0.85%",-275,0.85,0
2026-02-03,2025-06-03,"1.10%",-250,1.1,0
2026-02-03,2025-06-03,"1.35%",-225,1.35,0
2026-02-03,2025-06-03,"1.60%",-200,1.6,0
2026-02-03,2025-06-03,"1.85%",-175,1.85,0
2026-02-03,2025-06-03,"2.10%",-150,2.1,0
2026-02-03,2025-06-03,"2.35%",-125,2.35,0.01204873533093
2026-02-03,2025-06-03,"2.60%",-100,2.6,0.129745789306815
2026-02-03,2025-06-03,"2.85%",-75,2.85,0.400729204558319
2026-02-03,2025-06-03,"3.10%",-50,3.1,0.362009836530571
2026-02-03,2025-06-03,"3.35%",-25,3.35,0.0954664342733657
2026-02-03,2025-06-03,"3.60%",0,3.6,0
2026-02-03,2025-06-03,"3.85%",25,3.85,0
2026-02-03,2025-06-03,"4.10%",50,4.1,0
2026-02-03,2025-06-03,"4.35%",75,4.35,0
2026-02-03,2025-06-03,"4.60%",100,4.6,0
2026-02-03,2025-06-03,"4.85%",125,4.85,0
2026-02-03,2025-06-03,"5.10%",150,5.1,0
2026-02-03,2025-06-03,"5.35%",175,5.35,0
2026-02-03,2025-06-03,"5.60%",200,5.6,0
2026-02-03,2025-06-03,"5.85%",225,5.85,0
2026-02-03,2025-06-03,"6.10%",250,6.1,0
2026-02-03,2025-06-04,"0.10%",-300,0.1,0
2026-02-03,2025-06-04,"0.35%",-300,0.35,0
2026-02-03,2025-06-04,"0.60%",-300,0.6,0
2026-02-03,2025-06-04,"0.85%",-275,0.85,0
2026-02-03,2025-06-04,"1.10%",-250,1.1,0
2026-02-03,2025-06-04,"1.35%",-225,1.35,0
2026-02-03,2025-06-04,"1.60%",-200,1.6,0
2026-02-03,2025-06-04,"1.85%",-175,1.85,0
2026-02-03,2025-06-04,"2.10%",-150,2.1,0
2026-02-03,2025-06-04,"2.35%",-125,2.35,0.0147060984657065
2026-02-03,2025-06-04,"2.60%",-100,2.6,0.144166946724967
2026-02-03,2025-06-04,"2.85%",-75,2.85,0.410328923778849
2026-02-03,2025-06-04,"3.10%",-50,3.1,0.345221421586497
2026-02-03,2025-06-04,"3.35%",-25,3.35,0.085576609443981
2026-02-03,2025-06-04,"3.60%",0,3.6,0
2026-02-03,2025-06-04,"3.85%",25,3.85,0
2026-02-03,2025-06-04,"4.10%",50,4.1,0
2026-02-03,2025-06-04,"4.35%",75,4.35,0
2026-02-03,2025-06-04,"4.60%",100,4.6,0
2026-02-03,2025-06-04,"4.85%",125,4.85,0
2026-02-03,2025-06-04,"5.10%",150,5.1,0
2026-02-03,2025-06-04,"5.35%",175,5.35,0
2026-02-03,2025-06-04,"5.60%",200,5.6,0
2026-02-03,2025-06-04,"5.85%",225,5.85,0
2026-02-03,2025-06-04,"6.10%",250,6.1,0
2026-02-03,2025-06-05,"0.10%",-300,0.1,0
2026-02-03,2025-06-05,"0.35%",-300,0.35,0
2026-02-03,2025-06-05,"0.60%",-300,0.6,0
2026-02-03,2025-06-05,"0.85%",-275,0.85,0
2026-02-03,2025-06-05,"1.10%",-250,1.1,0
2026-02-03,2025-06-05,"1.35%",-225,1.35,0
2026-02-03,2025-06-05,"1.60%",-200,1.6,0
2026-02-03,2025-06-05,"1.85%",-175,1.85,0
2026-02-03,2025-06-05,"2.10%",-150,2.1,0
2026-02-03,2025-06-05,"2.35%",-125,2.35,0
2026-02-03,2025-06-05,"2.60%",-100,2.6,0.095008041944777
2026-02-03,2025-06-05,"2.85%",-75,2.85,0.428109639552212
2026-02-03,2025-06-05,"3.10%",-50,3.1,0.399751549027159
2026-02-03,2025-06-05,"3.35%",-25,3.35,0.0771307694758524
2026-02-03,2025-06-05,"3.60%",0,3.6,0
2026-02-03,2025-06-05,"3.85%",25,3.85,0
2026-02-03,2025-06-05,"4.10%",50,4.1,0
2026-02-03,2025-06-05,"4.35%",75,4.35,0
2026-02-03,2025-06-05,"4.60%",100,4.6,0
2026-02-03,2025-06-05,"4.85%",125,4.85,0
2026-02-03,2025-06-05,"5.10%",150,5.1,0
2026-02-03,2025-06-05,"5.35%",175,5.35,0
2026-02-03,2025-06-05,"5.60%",200,5.6,0
2026-02-03,2025-06-05,"5.85%",225,5.85,0
2026-02-03,2025-06-05,"6.10%",250,6.1,0
2026-02-03,2025-06-08,"0.10%",-300,0.1,0
2026-02-03,2025-06-08,"0.35%",-300,0.35,0
2026-02-03,2025-06-08,"0.60%",-300,0.6,0
2026-02-03,2025-06-08,"0.85%",-275,0.85,0
2026-02-03,2025-06-08,"1.10%",-250,1.1,0
2026-02-03,2025-06-08,"1.35%",-225,1.35,0
2026-02-03,2025-06-08,"1.60%",-200,1.6,0
2026-02-03,2025-06-08,"1.85%",-175,1.85,0
2026-02-03,2025-06-08,"2.10%",-150,2.1,0
2026-02-03,2025-06-08,"2.35%",-125,2.35,0.0153393940590781
2026-02-03,2025-06-08,"2.60%",-100,2.6,0.132456958262422
2026-02-03,2025-06-08,"2.85%",-75,2.85,0.375558315324458
2026-02-03,2025-06-08,"3.10%",-50,3.1,0.354204460345195
2026-02-03,2025-06-08,"3.35%",-25,3.35,0.111034556214195
2026-02-03,2025-06-08,"3.60%",0,3.6,0.0114063157946517
2026-02-03,2025-06-08,"3.85%",25,3.85,0
2026-02-03,2025-06-08,"4.10%",50,4.1,0
2026-02-03,2025-06-08,"4.35%",75,4.35,0
2026-02-03,2025-06-08,"4.60%",100,4.6,0
2026-02-03,2025-06-08,"4.85%",125,4.85,0
2026-02-03,2025-06-08,"5.10%",150,5.1,0
2026-02-03,2025-06-08,"5.35%",175,5.35,0
2026-02-03,2025-06-08,"5.60%",200,5.6,0
2026-02-03,2025-06-08,"5.85%",225,5.85,0
2026-02-03,2025-06-08,"6.10%",250,6.1,0
2026-02-03,2025-06-09,"0.10%",-300,0.1,0
2026-02-03,2025-06-09,"0.35%",-300,0.35,0
2026-02-03,2025-06-09,"0.60%",-300,0.6,0
2026-02-03,2025-06-09,"0.85%",-275,0.85,0
2026-02-03,2025-06-09,"1.10%",-250,1.1,0
2026-02-03,2025-06-09,"1.35%",-225,1.35,0
2026-02-03,2025-06-09,"1.60%",-200,1.6,0
2026-02-03,2025-06-09,"1.85%",-175,1.85,0
2026-02-03,2025-06-09,"2.10%",-150,2.1,0
2026-02-03,2025-06-09,"2.35%",-125,2.35,0.0214911317247972
2026-02-03,2025-06-09,"2.60%",-100,2.6,0.143511787880998
2026-02-03,2025-06-09,"2.85%",-75,2.85,0.358983265377353
2026-02-03,2025-06-09,"3.10%",-50,3.1,0.339053219291465
2026-02-03,2025-06-09,"3.35%",-25,3.35,0.120847634741704
2026-02-03,2025-06-09,"3.60%",0,3.6,0.016112960983683
2026-02-03,2025-06-09,"3.85%",25,3.85,0
2026-02-03,2025-06-09,"4.10%",50,4.1,0
2026-02-03,2025-06-09,"4.35%",75,4.35,0
2026-02-03,2025-06-09,"4.60%",100,4.6,0
2026-02-03,2025-06-09,"4.85%",125,4.85,0
2026-02-03,2025-06-09,"5.10%",150,5.1,0
2026-02-03,2025-06-09,"5.35%",175,5.35,0
2026-02-03,2025-06-09,"5.60%",200,5.6,0
2026-02-03,2025-06-09,"5.85%",225,5.85,0
2026-02-03,2025-06-09,"6.10%",250,6.1,0
2026-02-03,2025-06-10,"0.10%",-300,0.1,0
2026-02-03,2025-06-10,"0.35%",-300,0.35,0
2026-02-03,2025-06-10,"0.60%",-300,0.6,0
2026-02-03,2025-06-10,"0.85%",-275,0.85,0
2026-02-03,2025-06-10,"1.10%",-250,1.1,0
2026-02-03,2025-06-10,"1.35%",-225,1.35,0
2026-02-03,2025-06-10,"1.60%",-200,1.6,0
2026-02-03,2025-06-10,"1.85%",-175,1.85,0
2026-02-03,2025-06-10,"2.10%",-150,2.1,0
2026-02-03,2025-06-10,"2.35%",-125,2.35,0.0119414187369818
2026-02-03,2025-06-10,"2.60%",-100,2.6,0.12743564454933
2026-02-03,2025-06-10,"2.85%",-75,2.85,0.39593746684372
2026-02-03,2025-06-10,"3.10%",-50,3.1,0.364999832145499
2026-02-03,2025-06-10,"3.35%",-25,3.35,0.0996856377244692
2026-02-03,2025-06-10,"3.60%",0,3.6,0
2026-02-03,2025-06-10,"3.85%",25,3.85,0
2026-02-03,2025-06-10,"4.10%",50,4.1,0
2026-02-03,2025-06-10,"4.35%",75,4.35,0
2026-02-03,2025-06-10,"4.60%",100,4.6,0
2026-02-03,2025-06-10,"4.85%",125,4.85,0
2026-02-03,2025-06-10,"5.10%",150,5.1,0
2026-02-03,2025-06-10,"5.35%",175,5.35,0
2026-02-03,2025-06-10,"5.60%",200,5.6,0
2026-02-03,2025-06-10,"5.85%",225,5.85,0
2026-02-03,2025-06-10,"6.10%",250,6.1,0
2026-02-03,2025-06-11,"0.10%",-300,0.1,0
2026-02-03,2025-06-11,"0.35%",-300,0.35,0
2026-02-03,2025-06-11,"0.60%",-300,0.6,0
2026-02-03,2025-06-11,"0.85%",-275,0.85,0
2026-02-03,2025-06-11,"1.10%",-250,1.1,0
2026-02-03,2025-06-11,"1.35%",-225,1.35,0
2026-02-03,2025-06-11,"1.60%",-200,1.6,0
2026-02-03,2025-06-11,"1.85%",-175,1.85,0
2026-02-03,2025-06-11,"2.10%",-150,2.1,0
2026-02-03,2025-06-11,"2.35%",-125,2.35,0.016123341414492
2026-02-03,2025-06-11,"2.60%",-100,2.6,0.134667314692445
2026-02-03,2025-06-11,"2.85%",-75,2.85,0.374705870317657
2026-02-03,2025-06-11,"3.10%",-50,3.1,0.351624388629734
2026-02-03,2025-06-11,"3.35%",-25,3.35,0.111190036567456
2026-02-03,2025-06-11,"3.60%",0,3.6,0.0116890483782156
2026-02-03,2025-06-11,"3.85%",25,3.85,0
2026-02-03,2025-06-11,"4.10%",50,4.1,0
2026-02-03,2025-06-11,"4.35%",75,4.35,0
2026-02-03,2025-06-11,"4.60%",100,4.6,0
2026-02-03,2025-06-11,"4.85%",125,4.85,0
2026-02-03,2025-06-11,"5.10%",150,5.1,0
2026-02-03,2025-06-11,"5.35%",175,5.35,0
2026-02-03,2025-06-11,"5.60%",200,5.6,0
2026-02-03,2025-06-11,"5.85%",225,5.85,0
2026-02-03,2025-06-11,"6.10%",250,6.1,0
2026-02-03,2025-06-12,"0.10%",-300,0.1,0
2026-02-03,2025-06-12,"0.35%",-300,0.35,0
2026-02-03,2025-06-12,"0.60%",-300,0.6,0
2026-02-03,2025-06-12,"0.85%",-275,0.85,0
2026-02-03,2025-06-12,"1.10%",-250,1.1,0
2026-02-03,2025-06-12,"1.35%",-225,1.35,0
2026-02-03,2025-06-12,"1.60%",-200,1.6,0
2026-02-03,2025-06-12,"1.85%",-175,1.85,0
2026-02-03,2025-06-12,"2.10%",-150,2.1,0
2026-02-03,2025-06-12,"2.35%",-125,2.35,0.0252602712862207
2026-02-03,2025-06-12,"2.60%",-100,2.6,0.146573828719208
2026-02-03,2025-06-12,"2.85%",-75,2.85,0.345221583170366
2026-02-03,2025-06-12,"3.10%",-50,3.1,0.331943119828682
2026-02-03,2025-06-12,"3.35%",-25,3.35,0.130266238151178
2026-02-03,2025-06-12,"3.60%",0,3.6,0.0207349588443454
2026-02-03,2025-06-12,"3.85%",25,3.85,0
2026-02-03,2025-06-12,"4.10%",50,4.1,0
2026-02-03,2025-06-12,"4.35%",75,4.35,0
2026-02-03,2025-06-12,"4.60%",100,4.6,0
2026-02-03,2025-06-12,"4.85%",125,4.85,0
2026-02-03,2025-06-12,"5.10%",150,5.1,0
2026-02-03,2025-06-12,"5.35%",175,5.35,0
2026-02-03,2025-06-12,"5.60%",200,5.6,0
2026-02-03,2025-06-12,"5.85%",225,5.85,0
2026-02-03,2025-06-12,"6.10%",250,6.1,0
2026-02-03,2025-06-15,"0.10%",-300,0.1,0
2026-02-03,2025-06-15,"0.35%",-300,0.35,0
2026-02-03,2025-06-15,"0.60%",-300,0.6,0
2026-02-03,2025-06-15,"0.85%",-275,0.85,0
2026-02-03,2025-06-15,"1.10%",-250,1.1,0
2026-02-03,2025-06-15,"1.35%",-225,1.35,0
2026-02-03,2025-06-15,"1.60%",-200,1.6,0
2026-02-03,2025-06-15,"1.85%",-175,1.85,0
2026-02-03,2025-06-15,"2.10%",-150,2.1,0
2026-02-03,2025-06-15,"2.35%",-125,2.35,0.0181250888593866
2026-02-03,2025-06-15,"2.60%",-100,2.6,0.135881574199575
2026-02-03,2025-06-15,"2.85%",-75,2.85,0.362763395122176
2026-02-03,2025-06-15,"3.10%",-50,3.1,0.348280248128933
2026-02-03,2025-06-15,"3.35%",-25,3.35,0.120194666174353
2026-02-03,2025-06-15,"3.60%",0,3.6,0.0147550275155745
2026-02-03,2025-06-15,"3.85%",25,3.85,0
2026-02-03,2025-06-15,"4.10%",50,4.1,0
2026-02-03,2025-06-15,"4.35%",75,4.35,0
2026-02-03,2025-06-15,"4.60%",100,4.6,0
2026-02-03,2025-06-15,"4.85%",125,4.85,0
2026-02-03,2025-06-15,"5.10%",150,5.1,0
2026-02-03,2025-06-15,"5.35%",175,5.35,0
2026-02-03,2025-06-15,"5.60%",200,5.6,0
2026-02-03,2025-06-15,"5.85%",225,5.85,0
2026-02-03,2025-06-15,"6.10%",250,6.1,0
2026-02-03,2025-06-16,"0.10%",-300,0.1,0
2026-02-03,2025-06-16,"0.35%",-300,0.35,0
2026-02-03,2025-06-16,"0.60%",-300,0.6,0
2026-02-03,2025-06-16,"0.85%",-275,0.85,0
2026-02-03,2025-06-16,"1.10%",-250,1.1,0
2026-02-03,2025-06-16,"1.35%",-225,1.35,0
2026-02-03,2025-06-16,"1.60%",-200,1.6,0
2026-02-03,2025-06-16,"1.85%",-175,1.85,0
2026-02-03,2025-06-16,"2.10%",-150,2.1,0
2026-02-03,2025-06-16,"2.35%",-125,2.35,0.0175312954019162
2026-02-03,2025-06-16,"2.60%",-100,2.6,0.137924524083383
2026-02-03,2025-06-16,"2.85%",-75,2.85,0.37194128536865
2026-02-03,2025-06-16,"3.10%",-50,3.1,0.34762964503916
2026-02-03,2025-06-16,"3.35%",-25,3.35,0.112515804260226
2026-02-03,2025-06-16,"3.60%",0,3.6,0.0124574458466651
2026-02-03,2025-06-16,"3.85%",25,3.85,0
2026-02-03,2025-06-16,"4.10%",50,4.1,0
2026-02-03,2025-06-16,"4.35%",75,4.35,0
2026-02-03,2025-06-16,"4.60%",100,4.6,0
2026-02-03,2025-06-16,"4.85%",125,4.85,0
2026-02-03,2025-06-16,"5.10%",150,5.1,0
2026-02-03,2025-06-16,"5.35%",175,5.35,0
2026-02-03,2025-06-16,"5.60%",200,5.6,0
2026-02-03,2025-06-16,"5.85%",225,5.85,0
2026-02-03,2025-06-16,"6.10%",250,6.1,0
2026-02-03,2025-06-17,"0.10%",-300,0.1,0
2026-02-03,2025-06-17,"0.35%",-300,0.35,0
2026-02-03,2025-06-17,"0.60%",-300,0.6,0
2026-02-03,2025-06-17,"0.85%",-275,0.85,0
2026-02-03,2025-06-17,"1.10%",-250,1.1,0
2026-02-03,2025-06-17,"1.35%",-225,1.35,0
2026-02-03,2025-06-17,"1.60%",-200,1.6,0
2026-02-03,2025-06-17,"1.85%",-175,1.85,0
2026-02-03,2025-06-17,"2.10%",-150,2.1,0
2026-02-03,2025-06-17,"2.35%",-125,2.35,0.0162604064657263
2026-02-03,2025-06-17,"2.60%",-100,2.6,0.135051880584644
2026-02-03,2025-06-17,"2.85%",-75,2.85,0.374572772499588
2026-02-03,2025-06-17,"3.10%",-50,3.1,0.351178719243414
2026-02-03,2025-06-17,"3.35%",-25,3.35,0.111201849487089
2026-02-03,2025-06-17,"3.60%",0,3.6,0.0117343717195377
2026-02-03,2025-06-17,"3.85%",25,3.85,0
2026-02-03,2025-06-17,"4.10%",50,4.1,0
2026-02-03,2025-06-17,"4.35%",75,4.35,0
2026-02-03,2025-06-17,"4.60%",100,4.6,0
2026-02-03,2025-06-17,"4.85%",125,4.85,0
2026-02-03,2025-06-17,"5.10%",150,5.1,0
2026-02-03,2025-06-17,"5.35%",175,5.35,0
2026-02-03,2025-06-17,"5.60%",200,5.6,0
2026-02-03,2025-06-17,"5.85%",225,5.85,0
2026-02-03,2025-06-17,"6.10%",250,6.1,0
2026-02-03,2025-06-18,"0.10%",-300,0.1,0
2026-02-03,2025-06-18,"0.35%",-300,0.35,0
2026-02-03,2025-06-18,"0.60%",-300,0.6,0
2026-02-03,2025-06-18,"0.85%",-275,0.85,0
2026-02-03,2025-06-18,"1.10%",-250,1.1,0
2026-02-03,2025-06-18,"1.35%",-225,1.35,0
2026-02-03,2025-06-18,"1.60%",-200,1.6,0
2026-02-03,2025-06-18,"1.85%",-175,1.85,0
2026-02-03,2025-06-18,"2.10%",-150,2.1,0
2026-02-03,2025-06-18,"2.35%",-125,2.35,0.0260758594674569
2026-02-03,2025-06-18,"2.60%",-100,2.6,0.149516050689472
2026-02-03,2025-06-18,"2.85%",-75,2.85,0.347601550893711
2026-02-03,2025-06-18,"3.10%",-50,3.1,0.329532575151609
2026-02-03,2025-06-18,"3.35%",-25,3.35,0.127341913633171
2026-02-03,2025-06-18,"3.60%",0,3.6,0.0199320501645798
2026-02-03,2025-06-18,"3.85%",25,3.85,0
2026-02-03,2025-06-18,"4.10%",50,4.1,0
2026-02-03,2025-06-18,"4.35%",75,4.35,0
2026-02-03,2025-06-18,"4.60%",100,4.6,0
2026-02-03,2025-06-18,"4.85%",125,4.85,0
2026-02-03,2025-06-18,"5.10%",150,5.1,0
2026-02-03,2025-06-18,"5.35%",175,5.35,0
2026-02-03,2025-06-18,"5.60%",200,5.6,0
2026-02-03,2025-06-18,"5.85%",225,5.85,0
2026-02-03,2025-06-18,"6.10%",250,6.1,0
2026-02-03,2025-06-19,"0.10%",-300,0.1,0
2026-02-03,2025-06-19,"0.35%",-300,0.35,0
2026-02-03,2025-06-19,"0.60%",-300,0.6,0
2026-02-03,2025-06-19,"0.85%",-275,0.85,0
2026-02-03,2025-06-19,"1.10%",-250,1.1,0
2026-02-03,2025-06-19,"1.35%",-225,1.35,0
2026-02-03,2025-06-19,"1.60%",-200,1.6,0
2026-02-03,2025-06-19,"1.85%",-175,1.85,0
2026-02-03,2025-06-19,"2.10%",-150,2.1,0
2026-02-03,2025-06-19,"2.35%",-125,2.35,0.0239996606920872
2026-02-03,2025-06-19,"2.60%",-100,2.6,0.148127153101509
2026-02-03,2025-06-19,"2.85%",-75,2.85,0.355190668309958
2026-02-03,2025-06-19,"3.10%",-50,3.1,0.333145800220535
2026-02-03,2025-06-19,"3.35%",-25,3.35,0.122158259702564
2026-02-03,2025-06-19,"3.60%",0,3.6,0.017378457973347
2026-02-03,2025-06-19,"3.85%",25,3.85,0
2026-02-03,2025-06-19,"4.10%",50,4.1,0
2026-02-03,2025-06-19,"4.35%",75,4.35,0
2026-02-03,2025-06-19,"4.60%",100,4.6,0
2026-02-03,2025-06-19,"4.85%",125,4.85,0
2026-02-03,2025-06-19,"5.10%",150,5.1,0
2026-02-03,2025-06-19,"5.35%",175,5.35,0
2026-02-03,2025-06-19,"5.60%",200,5.6,0
2026-02-03,2025-06-19,"5.85%",225,5.85,0
2026-02-03,2025-06-19,"6.10%",250,6.1,0
2026-02-03,2025-06-22,"0.10%",-300,0.1,0
2026-02-03,2025-06-22,"0.35%",-300,0.35,0
2026-02-03,2025-06-22,"0.60%",-300,0.6,0
2026-02-03,2025-06-22,"0.85%",-275,0.85,0
2026-02-03,2025-06-22,"1.10%",-250,1.1,0
2026-02-03,2025-06-22,"1.35%",-225,1.35,0
2026-02-03,2025-06-22,"1.60%",-200,1.6,0
2026-02-03,2025-06-22,"1.85%",-175,1.85,0
2026-02-03,2025-06-22,"2.10%",-150,2.1,0
2026-02-03,2025-06-22,"2.35%",-125,2.35,0.0167339543104454
2026-02-03,2025-06-22,"2.60%",-100,2.6,0.137077230357239
2026-02-03,2025-06-22,"2.85%",-75,2.85,0.375845357414147
2026-02-03,2025-06-22,"3.10%",-50,3.1,0.349091361344888
2026-02-03,2025-06-22,"3.35%",-25,3.35,0.109733734318974
2026-02-03,2025-06-22,"3.60%",0,3.6,0.0115183622543071
2026-02-03,2025-06-22,"3.85%",25,3.85,0
2026-02-03,2025-06-22,"4.10%",50,4.1,0
2026-02-03,2025-06-22,"4.35%",75,4.35,0
2026-02-03,2025-06-22,"4.60%",100,4.6,0
2026-02-03,2025-06-22,"4.85%",125,4.85,0
2026-02-03,2025-06-22,"5.10%",150,5.1,0
2026-02-03,2025-06-22,"5.35%",175,5.35,0
2026-02-03,2025-06-22,"5.60%",200,5.6,0
2026-02-03,2025-06-22,"5.85%",225,5.85,0
2026-02-03,2025-06-22,"6.10%",250,6.1,0
2026-02-03,2025-06-23,"0.10%",-300,0.1,0
2026-02-03,2025-06-23,"0.35%",-300,0.35,0
2026-02-03,2025-06-23,"0.60%",-300,0.6,0
2026-02-03,2025-06-23,"0.85%",-275,0.85,0
2026-02-03,2025-06-23,"1.10%",-250,1.1,0
2026-02-03,2025-06-23,"1.35%",-225,1.35,0
2026-02-03,2025-06-23,"1.60%",-200,1.6,0
2026-02-03,2025-06-23,"1.85%",-175,1.85,0
2026-02-03,2025-06-23,"2.10%",-150,2.1,0
2026-02-03,2025-06-23,"2.35%",-125,2.35,0.0149161239927724
2026-02-03,2025-06-23,"2.60%",-100,2.6,0.131405258146367
2026-02-03,2025-06-23,"2.85%",-75,2.85,0.376467484693637
2026-02-03,2025-06-23,"3.10%",-50,3.1,0.355495391654175
2026-02-03,2025-06-23,"3.35%",-25,3.35,0.110556426036072
2026-02-03,2025-06-23,"3.60%",0,3.6,0.0111593154769766
2026-02-03,2025-06-23,"3.85%",25,3.85,0
2026-02-03,2025-06-23,"4.10%",50,4.1,0
2026-02-03,2025-06-23,"4.35%",75,4.35,0
2026-02-03,2025-06-23,"4.60%",100,4.6,0
2026-02-03,2025-06-23,"4.85%",125,4.85,0
2026-02-03,2025-06-23,"5.10%",150,5.1,0
2026-02-03,2025-06-23,"5.35%",175,5.35,0
2026-02-03,2025-06-23,"5.60%",200,5.6,0
2026-02-03,2025-06-23,"5.85%",225,5.85,0
2026-02-03,2025-06-23,"6.10%",250,6.1,0
2026-02-03,2025-06-24,"0.10%",-300,0.1,0
2026-02-03,2025-06-24,"0.35%",-300,0.35,0
2026-02-03,2025-06-24,"0.60%",-300,0.6,0
2026-02-03,2025-06-24,"0.85%",-275,0.85,0
2026-02-03,2025-06-24,"1.10%",-250,1.1,0
2026-02-03,2025-06-24,"1.35%",-225,1.35,0
2026-02-03,2025-06-24,"1.60%",-200,1.6,0
2026-02-03,2025-06-24,"1.85%",-175,1.85,0
2026-02-03,2025-06-24,"2.10%",-150,2.1,0
2026-02-03,2025-06-24,"2.35%",-125,2.35,0.0120675273704073
2026-02-03,2025-06-24,"2.60%",-100,2.6,0.123347593904348
2026-02-03,2025-06-24,"2.85%",-75,2.85,0.383948004559476
2026-02-03,2025-06-24,"3.10%",-50,3.1,0.370167096184184
2026-02-03,2025-06-24,"3.35%",-25,3.35,0.110469777981584
2026-02-03,2025-06-24,"3.60%",0,3.6,0
2026-02-03,2025-06-24,"3.85%",25,3.85,0
2026-02-03,2025-06-24,"4.10%",50,4.1,0
2026-02-03,2025-06-24,"4.35%",75,4.35,0
2026-02-03,2025-06-24,"4.60%",100,4.6,0
2026-02-03,2025-06-24,"4.85%",125,4.85,0
2026-02-03,2025-06-24,"5.10%",150,5.1,0
2026-02-03,2025-06-24,"5.35%",175,5.35,0
2026-02-03,2025-06-24,"5.60%",200,5.6,0
2026-02-03,2025-06-24,"5.85%",225,5.85,0
2026-02-03,2025-06-24,"6.10%",250,6.1,0
2026-02-03,2025-06-25,"0.10%",-300,0.1,0
2026-02-03,2025-06-25,"0.35%",-300,0.35,0
2026-02-03,2025-06-25,"0.60%",-300,0.6,0
2026-02-03,2025-06-25,"0.85%",-275,0.85,0
2026-02-03,2025-06-25,"1.10%",-250,1.1,0
2026-02-03,2025-06-25,"1.35%",-225,1.35,0
2026-02-03,2025-06-25,"1.60%",-200,1.6,0
2026-02-03,2025-06-25,"1.85%",-175,1.85,0
2026-02-03,2025-06-25,"2.10%",-150,2.1,0
2026-02-03,2025-06-25,"2.35%",-125,2.35,0.015931034892995
2026-02-03,2025-06-25,"2.60%",-100,2.6,0.130693612069563
2026-02-03,2025-06-25,"2.85%",-75,2.85,0.366297586216766
2026-02-03,2025-06-25,"3.10%",-50,3.1,0.354798107265446
2026-02-03,2025-06-25,"3.35%",-25,3.35,0.11872087395492
2026-02-03,2025-06-25,"3.60%",0,3.6,0.0135587856003102
2026-02-03,2025-06-25,"3.85%",25,3.85,0
2026-02-03,2025-06-25,"4.10%",50,4.1,0
2026-02-03,2025-06-25,"4.35%",75,4.35,0
2026-02-03,2025-06-25,"4.60%",100,4.6,0
2026-02-03,2025-06-25,"4.85%",125,4.85,0
2026-02-03,2025-06-25,"5.10%",150,5.1,0
2026-02-03,2025-06-25,"5.35%",175,5.35,0
2026-02-03,2025-06-25,"5.60%",200,5.6,0
2026-02-03,2025-06-25,"5.85%",225,5.85,0
2026-02-03,2025-06-25,"6.10%",250,6.1,0
2026-02-03,2025-06-26,"0.10%",-300,0.1,0
2026-02-03,2025-06-26,"0.35%",-300,0.35,0
2026-02-03,2025-06-26,"0.60%",-300,0.6,0
2026-02-03,2025-06-26,"0.85%",-275,0.85,0
2026-02-03,2025-06-26,"1.10%",-250,1.1,0
2026-02-03,2025-06-26,"1.35%",-225,1.35,0
2026-02-03,2025-06-26,"1.60%",-200,1.6,0
2026-02-03,2025-06-26,"1.85%",-175,1.85,0
2026-02-03,2025-06-26,"2.10%",-150,2.1,0
2026-02-03,2025-06-26,"2.35%",-125,2.35,0.0279943964762501
2026-02-03,2025-06-26,"2.60%",-100,2.6,0.168635431081935
2026-02-03,2025-06-26,"2.85%",-75,2.85,0.377313291930786
2026-02-03,2025-06-26,"3.10%",-50,3.1,0.31586708805162
2026-02-03,2025-06-26,"3.35%",-25,3.35,0.0987684025708702
2026-02-03,2025-06-26,"3.60%",0,3.6,0.0114213898885395
2026-02-03,2025-06-26,"3.85%",25,3.85,0
2026-02-03,2025-06-26,"4.10%",50,4.1,0
2026-02-03,2025-06-26,"4.35%",75,4.35,0
2026-02-03,2025-06-26,"4.60%",100,4.6,0
2026-02-03,2025-06-26,"4.85%",125,4.85,0
2026-02-03,2025-06-26,"5.10%",150,5.1,0
2026-02-03,2025-06-26,"5.35%",175,5.35,0
2026-02-03,2025-06-26,"5.60%",200,5.6,0
2026-02-03,2025-06-26,"5.85%",225,5.85,0
2026-02-03,2025-06-26,"6.10%",250,6.1,0
2026-02-03,2025-06-29,"0.10%",-300,0.1,0
2026-02-03,2025-06-29,"0.35%",-300,0.35,0
2026-02-03,2025-06-29,"0.60%",-300,0.6,0
2026-02-03,2025-06-29,"0.85%",-275,0.85,0
2026-02-03,2025-06-29,"1.10%",-250,1.1,0
2026-02-03,2025-06-29,"1.35%",-225,1.35,0
2026-02-03,2025-06-29,"1.60%",-200,1.6,0
2026-02-03,2025-06-29,"1.85%",-175,1.85,0
2026-02-03,2025-06-29,"2.10%",-150,2.1,0
2026-02-03,2025-06-29,"2.35%",-125,2.35,0
2026-02-03,2025-06-29,"2.60%",-100,2.6,0.120757734667454
2026-02-03,2025-06-29,"2.85%",-75,2.85,0.413105299182708
2026-02-03,2025-06-29,"3.10%",-50,3.1,0.375590846590608
2026-02-03,2025-06-29,"3.35%",-25,3.35,0.0905461195592292
2026-02-03,2025-06-29,"3.60%",0,3.6,0
2026-02-03,2025-06-29,"3.85%",25,3.85,0
2026-02-03,2025-06-29,"4.10%",50,4.1,0
2026-02-03,2025-06-29,"4.35%",75,4.35,0
2026-02-03,2025-06-29,"4.60%",100,4.6,0
2026-02-03,2025-06-29,"4.85%",125,4.85,0
2026-02-03,2025-06-29,"5.10%",150,5.1,0
2026-02-03,2025-06-29,"5.35%",175,5.35,0
2026-02-03,2025-06-29,"5.60%",200,5.6,0
2026-02-03,2025-06-29,"5.85%",225,5.85,0
2026-02-03,2025-06-29,"6.10%",250,6.1,0
2026-02-03,2025-06-30,"0.10%",-300,0.1,0
2026-02-03,2025-06-30,"0.35%",-300,0.35,0
2026-02-03,2025-06-30,"0.60%",-300,0.6,0
2026-02-03,2025-06-30,"0.85%",-275,0.85,0
2026-02-03,2025-06-30,"1.10%",-250,1.1,0
2026-02-03,2025-06-30,"1.35%",-225,1.35,0
2026-02-03,2025-06-30,"1.60%",-200,1.6,0
2026-02-03,2025-06-30,"1.85%",-175,1.85,0
2026-02-03,2025-06-30,"2.10%",-150,2.1,0
2026-02-03,2025-06-30,"2.35%",-125,2.35,0
2026-02-03,2025-06-30,"2.60%",-100,2.6,0.118517976702882
2026-02-03,2025-06-30,"2.85%",-75,2.85,0.415881142144423
2026-02-03,2025-06-30,"3.10%",-50,3.1,0.377315127955445
2026-02-03,2025-06-30,"3.35%",-25,3.35,0.0882857531972498
2026-02-03,2025-06-30,"3.60%",0,3.6,0
2026-02-03,2025-06-30,"3.85%",25,3.85,0
2026-02-03,2025-06-30,"4.10%",50,4.1,0
2026-02-03,2025-06-30,"4.35%",75,4.35,0
2026-02-03,2025-06-30,"4.60%",100,4.6,0
2026-02-03,2025-06-30,"4.85%",125,4.85,0
2026-02-03,2025-06-30,"5.10%",150,5.1,0
2026-02-03,2025-06-30,"5.35%",175,5.35,0
2026-02-03,2025-06-30,"5.60%",200,5.6,0
2026-02-03,2025-06-30,"5.85%",225,5.85,0
2026-02-03,2025-06-30,"6.10%",250,6.1,0
2026-02-03,2025-07-01,"0.10%",-300,0.1,0
2026-02-03,2025-07-01,"0.35%",-300,0.35,0
2026-02-03,2025-07-01,"0.60%",-300,0.6,0
2026-02-03,2025-07-01,"0.85%",-275,0.85,0
2026-02-03,2025-07-01,"1.10%",-250,1.1,0
2026-02-03,2025-07-01,"1.35%",-225,1.35,0
2026-02-03,2025-07-01,"1.60%",-200,1.6,0
2026-02-03,2025-07-01,"1.85%",-175,1.85,0
2026-02-03,2025-07-01,"2.10%",-150,2.1,0
2026-02-03,2025-07-01,"2.35%",-125,2.35,0.0126000947364525
2026-02-03,2025-07-01,"2.60%",-100,2.6,0.129686933316234
2026-02-03,2025-07-01,"2.85%",-75,2.85,0.395034204304988
2026-02-03,2025-07-01,"3.10%",-50,3.1,0.362566143056539
2026-02-03,2025-07-01,"3.35%",-25,3.35,0.100112624585786
2026-02-03,2025-07-01,"3.60%",0,3.6,0
2026-02-03,2025-07-01,"3.85%",25,3.85,0
2026-02-03,2025-07-01,"4.10%",50,4.1,0
2026-02-03,2025-07-01,"4.35%",75,4.35,0
2026-02-03,2025-07-01,"4.60%",100,4.6,0
2026-02-03,2025-07-01,"4.85%",125,4.85,0
2026-02-03,2025-07-01,"5.10%",150,5.1,0
2026-02-03,2025-07-01,"5.35%",175,5.35,0
2026-02-03,2025-07-01,"5.60%",200,5.6,0
2026-02-03,2025-07-01,"5.85%",225,5.85,0
2026-02-03,2025-07-01,"6.10%",250,6.1,0
2026-02-03,2025-07-02,"0.10%",-300,0.1,0
2026-02-03,2025-07-02,"0.35%",-300,0.35,0
2026-02-03,2025-07-02,"0.60%",-300,0.6,0
2026-02-03,2025-07-02,"0.85%",-275,0.85,0
2026-02-03,2025-07-02,"1.10%",-250,1.1,0
2026-02-03,2025-07-02,"1.35%",-225,1.35,0
2026-02-03,2025-07-02,"1.60%",-200,1.6,0
2026-02-03,2025-07-02,"1.85%",-175,1.85,0
2026-02-03,2025-07-02,"2.10%",-150,2.1,0
2026-02-03,2025-07-02,"2.35%",-125,2.35,0
2026-02-03,2025-07-02,"2.60%",-100,2.6,0.103907228251463
2026-02-03,2025-07-02,"2.85%",-75,2.85,0.433299650272915
2026-02-03,2025-07-02,"3.10%",-50,3.1,0.388319217491858
2026-02-03,2025-07-02,"3.35%",-25,3.35,0.074473903983764
2026-02-03,2025-07-02,"3.60%",0,3.6,0
2026-02-03,2025-07-02,"3.85%",25,3.85,0
2026-02-03,2025-07-02,"4.10%",50,4.1,0
2026-02-03,2025-07-02,"4.35%",75,4.35,0
2026-02-03,2025-07-02,"4.60%",100,4.6,0
2026-02-03,2025-07-02,"4.85%",125,4.85,0
2026-02-03,2025-07-02,"5.10%",150,5.1,0
2026-02-03,2025-07-02,"5.35%",175,5.35,0
2026-02-03,2025-07-02,"5.60%",200,5.6,0
2026-02-03,2025-07-02,"5.85%",225,5.85,0
2026-02-03,2025-07-02,"6.10%",250,6.1,0
2026-02-03,2025-07-03,"0.10%",-300,0.1,0
2026-02-03,2025-07-03,"0.35%",-300,0.35,0
2026-02-03,2025-07-03,"0.60%",-300,0.6,0
2026-02-03,2025-07-03,"0.85%",-275,0.85,0
2026-02-03,2025-07-03,"1.10%",-250,1.1,0
2026-02-03,2025-07-03,"1.35%",-225,1.35,0
2026-02-03,2025-07-03,"1.60%",-200,1.6,0
2026-02-03,2025-07-03,"1.85%",-175,1.85,0
2026-02-03,2025-07-03,"2.10%",-150,2.1,0
2026-02-03,2025-07-03,"2.35%",-125,2.35,0
2026-02-03,2025-07-03,"2.60%",-100,2.6,0.10860749269513
2026-02-03,2025-07-03,"2.85%",-75,2.85,0.441492866256169
2026-02-03,2025-07-03,"3.10%",-50,3.1,0.380682094042697
2026-02-03,2025-07-03,"3.35%",-25,3.35,0.0692175470060038
2026-02-03,2025-07-03,"3.60%",0,3.6,0
2026-02-03,2025-07-03,"3.85%",25,3.85,0
2026-02-03,2025-07-03,"4.10%",50,4.1,0
2026-02-03,2025-07-03,"4.35%",75,4.35,0
2026-02-03,2025-07-03,"4.60%",100,4.6,0
2026-02-03,2025-07-03,"4.85%",125,4.85,0
2026-02-03,2025-07-03,"5.10%",150,5.1,0
2026-02-03,2025-07-03,"5.35%",175,5.35,0
2026-02-03,2025-07-03,"5.60%",200,5.6,0
2026-02-03,2025-07-03,"5.85%",225,5.85,0
2026-02-03,2025-07-03,"6.10%",250,6.1,0
2026-02-03,2025-07-06,"0.10%",-300,0.1,0
2026-02-03,2025-07-06,"0.35%",-300,0.35,0
2026-02-03,2025-07-06,"0.60%",-300,0.6,0
2026-02-03,2025-07-06,"0.85%",-275,0.85,0
2026-02-03,2025-07-06,"1.10%",-250,1.1,0
2026-02-03,2025-07-06,"1.35%",-225,1.35,0
2026-02-03,2025-07-06,"1.60%",-200,1.6,0
2026-02-03,2025-07-06,"1.85%",-175,1.85,0
2026-02-03,2025-07-06,"2.10%",-150,2.1,0
2026-02-03,2025-07-06,"2.35%",-125,2.35,0
2026-02-03,2025-07-06,"2.60%",-100,2.6,0.110063188520223
2026-02-03,2025-07-06,"2.85%",-75,2.85,0.435931178489149
2026-02-03,2025-07-06,"3.10%",-50,3.1,0.380929975008772
2026-02-03,2025-07-06,"3.35%",-25,3.35,0.0730756579818569
2026-02-03,2025-07-06,"3.60%",0,3.6,0
2026-02-03,2025-07-06,"3.85%",25,3.85,0
2026-02-03,2025-07-06,"4.10%",50,4.1,0
2026-02-03,2025-07-06,"4.35%",75,4.35,0
2026-02-03,2025-07-06,"4.60%",100,4.6,0
2026-02-03,2025-07-06,"4.85%",125,4.85,0
2026-02-03,2025-07-06,"5.10%",150,5.1,0
2026-02-03,2025-07-06,"5.35%",175,5.35,0
2026-02-03,2025-07-06,"5.60%",200,5.6,0
2026-02-03,2025-07-06,"5.85%",225,5.85,0
2026-02-03,2025-07-06,"6.10%",250,6.1,0
2026-02-03,2025-07-07,"0.10%",-300,0.1,0
2026-02-03,2025-07-07,"0.35%",-300,0.35,0
2026-02-03,2025-07-07,"0.60%",-300,0.6,0
2026-02-03,2025-07-07,"0.85%",-275,0.85,0
2026-02-03,2025-07-07,"1.10%",-250,1.1,0
2026-02-03,2025-07-07,"1.35%",-225,1.35,0
2026-02-03,2025-07-07,"1.60%",-200,1.6,0
2026-02-03,2025-07-07,"1.85%",-175,1.85,0
2026-02-03,2025-07-07,"2.10%",-150,2.1,0
2026-02-03,2025-07-07,"2.35%",-125,2.35,0
2026-02-03,2025-07-07,"2.60%",-100,2.6,0.120040691715952
2026-02-03,2025-07-07,"2.85%",-75,2.85,0.442184950278996
2026-02-03,2025-07-07,"3.10%",-50,3.1,0.368652378088596
2026-02-03,2025-07-07,"3.35%",-25,3.35,0.0691219799164559
2026-02-03,2025-07-07,"3.60%",0,3.6,0
2026-02-03,2025-07-07,"3.85%",25,3.85,0
2026-02-03,2025-07-07,"4.10%",50,4.1,0
2026-02-03,2025-07-07,"4.35%",75,4.35,0
2026-02-03,2025-07-07,"4.60%",100,4.6,0
2026-02-03,2025-07-07,"4.85%",125,4.85,0
2026-02-03,2025-07-07,"5.10%",150,5.1,0
2026-02-03,2025-07-07,"5.35%",175,5.35,0
2026-02-03,2025-07-07,"5.60%",200,5.6,0
2026-02-03,2025-07-07,"5.85%",225,5.85,0
2026-02-03,2025-07-07,"6.10%",250,6.1,0
2026-02-03,2025-07-08,"0.10%",-300,0.1,0
2026-02-03,2025-07-08,"0.35%",-300,0.35,0
2026-02-03,2025-07-08,"0.60%",-300,0.6,0
2026-02-03,2025-07-08,"0.85%",-275,0.85,0
2026-02-03,2025-07-08,"1.10%",-250,1.1,0
2026-02-03,2025-07-08,"1.35%",-225,1.35,0
2026-02-03,2025-07-08,"1.60%",-200,1.6,0
2026-02-03,2025-07-08,"1.85%",-175,1.85,0
2026-02-03,2025-07-08,"2.10%",-150,2.1,0
2026-02-03,2025-07-08,"2.35%",-125,2.35,0
2026-02-03,2025-07-08,"2.60%",-100,2.6,0.129210553331621
2026-02-03,2025-07-08,"2.85%",-75,2.85,0.443361595181111
2026-02-03,2025-07-08,"3.10%",-50,3.1,0.359183978998708
2026-02-03,2025-07-08,"3.35%",-25,3.35,0.0682438724885598
2026-02-03,2025-07-08,"3.60%",0,3.6,0
2026-02-03,2025-07-08,"3.85%",25,3.85,0
2026-02-03,2025-07-08,"4.10%",50,4.1,0
2026-02-03,2025-07-08,"4.35%",75,4.35,0
2026-02-03,2025-07-08,"4.60%",100,4.6,0
2026-02-03,2025-07-08,"4.85%",125,4.85,0
2026-02-03,2025-07-08,"5.10%",150,5.1,0
2026-02-03,2025-07-08,"5.35%",175,5.35,0
2026-02-03,2025-07-08,"5.60%",200,5.6,0
2026-02-03,2025-07-08,"5.85%",225,5.85,0
2026-02-03,2025-07-08,"6.10%",250,6.1,0
2026-02-03,2025-07-09,"0.10%",-300,0.1,0
2026-02-03,2025-07-09,"0.35%",-300,0.35,0
2026-02-03,2025-07-09,"0.60%",-300,0.6,0
2026-02-03,2025-07-09,"0.85%",-275,0.85,0
2026-02-03,2025-07-09,"1.10%",-250,1.1,0
2026-02-03,2025-07-09,"1.35%",-225,1.35,0
2026-02-03,2025-07-09,"1.60%",-200,1.6,0
2026-02-03,2025-07-09,"1.85%",-175,1.85,0
2026-02-03,2025-07-09,"2.10%",-150,2.1,0
2026-02-03,2025-07-09,"2.35%",-125,2.35,0.0138493009021232
2026-02-03,2025-07-09,"2.60%",-100,2.6,0.14243675019641
2026-02-03,2025-07-09,"2.85%",-75,2.85,0.413906278562365
2026-02-03,2025-07-09,"3.10%",-50,3.1,0.346522779434378
2026-02-03,2025-07-09,"3.35%",-25,3.35,0.0832848909047232
2026-02-03,2025-07-09,"3.60%",0,3.6,0
2026-02-03,2025-07-09,"3.85%",25,3.85,0
2026-02-03,2025-07-09,"4.10%",50,4.1,0
2026-02-03,2025-07-09,"4.35%",75,4.35,0
2026-02-03,2025-07-09,"4.60%",100,4.6,0
2026-02-03,2025-07-09,"4.85%",125,4.85,0
2026-02-03,2025-07-09,"5.10%",150,5.1,0
2026-02-03,2025-07-09,"5.35%",175,5.35,0
2026-02-03,2025-07-09,"5.60%",200,5.6,0
2026-02-03,2025-07-09,"5.85%",225,5.85,0
2026-02-03,2025-07-09,"6.10%",250,6.1,0
2026-02-03,2025-07-10,"0.10%",-300,0.1,0
2026-02-03,2025-07-10,"0.35%",-300,0.35,0
2026-02-03,2025-07-10,"0.60%",-300,0.6,0
2026-02-03,2025-07-10,"0.85%",-275,0.85,0
2026-02-03,2025-07-10,"1.10%",-250,1.1,0
2026-02-03,2025-07-10,"1.35%",-225,1.35,0
2026-02-03,2025-07-10,"1.60%",-200,1.6,0
2026-02-03,2025-07-10,"1.85%",-175,1.85,0
2026-02-03,2025-07-10,"2.10%",-150,2.1,0
2026-02-03,2025-07-10,"2.35%",-125,2.35,0
2026-02-03,2025-07-10,"2.60%",-100,2.6,0.134408386194431
2026-02-03,2025-07-10,"2.85%",-75,2.85,0.438853880702755
2026-02-03,2025-07-10,"3.10%",-50,3.1,0.355636088466397
2026-02-03,2025-07-10,"3.35%",-25,3.35,0.071101644636417
2026-02-03,2025-07-10,"3.60%",0,3.6,0
2026-02-03,2025-07-10,"3.85%",25,3.85,0
2026-02-03,2025-07-10,"4.10%",50,4.1,0
2026-02-03,2025-07-10,"4.35%",75,4.35,0
2026-02-03,2025-07-10,"4.60%",100,4.6,0
2026-02-03,2025-07-10,"4.85%",125,4.85,0
2026-02-03,2025-07-10,"5.10%",150,5.1,0
2026-02-03,2025-07-10,"5.35%",175,5.35,0
2026-02-03,2025-07-10,"5.60%",200,5.6,0
2026-02-03,2025-07-10,"5.85%",225,5.85,0
2026-02-03,2025-07-10,"6.10%",250,6.1,0
2026-02-03,2025-07-14,"0.10%",-300,0.1,0
2026-02-03,2025-07-14,"0.35%",-300,0.35,0
2026-02-03,2025-07-14,"0.60%",-300,0.6,0
2026-02-03,2025-07-14,"0.85%",-275,0.85,0
2026-02-03,2025-07-14,"1.10%",-250,1.1,0
2026-02-03,2025-07-14,"1.35%",-225,1.35,0
2026-02-03,2025-07-14,"1.60%",-200,1.6,0
2026-02-03,2025-07-14,"1.85%",-175,1.85,0
2026-02-03,2025-07-14,"2.10%",-150,2.1,0
2026-02-03,2025-07-14,"2.35%",-125,2.35,0.0106367036565233
2026-02-03,2025-07-14,"2.60%",-100,2.6,0.135692022657277
2026-02-03,2025-07-14,"2.85%",-75,2.85,0.430939995430202
2026-02-03,2025-07-14,"3.10%",-50,3.1,0.350268770490549
2026-02-03,2025-07-14,"3.35%",-25,3.35,0.0724625077654484
2026-02-03,2025-07-14,"3.60%",0,3.6,0
2026-02-03,2025-07-14,"3.85%",25,3.85,0
2026-02-03,2025-07-14,"4.10%",50,4.1,0
2026-02-03,2025-07-14,"4.35%",75,4.35,0
2026-02-03,2025-07-14,"4.60%",100,4.6,0
2026-02-03,2025-07-14,"4.85%",125,4.85,0
2026-02-03,2025-07-14,"5.10%",150,5.1,0
2026-02-03,2025-07-14,"5.35%",175,5.35,0
2026-02-03,2025-07-14,"5.60%",200,5.6,0
2026-02-03,2025-07-14,"5.85%",225,5.85,0
2026-02-03,2025-07-14,"6.10%",250,6.1,0
2026-02-03,2025-07-15,"0.10%",-300,0.1,0
2026-02-03,2025-07-15,"0.35%",-300,0.35,0
2026-02-03,2025-07-15,"0.60%",-300,0.6,0
2026-02-03,2025-07-15,"0.85%",-275,0.85,0
2026-02-03,2025-07-15,"1.10%",-250,1.1,0
2026-02-03,2025-07-15,"1.35%",-225,1.35,0
2026-02-03,2025-07-15,"1.60%",-200,1.6,0
2026-02-03,2025-07-15,"1.85%",-175,1.85,0
2026-02-03,2025-07-15,"2.10%",-150,2.1,0
2026-02-03,2025-07-15,"2.35%",-125,2.35,0
2026-02-03,2025-07-15,"2.60%",-100,2.6,0.125521149614394
2026-02-03,2025-07-15,"2.85%",-75,2.85,0.460352650674992
2026-02-03,2025-07-15,"3.10%",-50,3.1,0.356451280164518
2026-02-03,2025-07-15,"3.35%",-25,3.35,0.057674919546096
2026-02-03,2025-07-15,"3.60%",0,3.6,0
2026-02-03,2025-07-15,"3.85%",25,3.85,0
2026-02-03,2025-07-15,"4.10%",50,4.1,0
2026-02-03,2025-07-15,"4.35%",75,4.35,0
2026-02-03,2025-07-15,"4.60%",100,4.6,0
2026-02-03,2025-07-15,"4.85%",125,4.85,0
2026-02-03,2025-07-15,"5.10%",150,5.1,0
2026-02-03,2025-07-15,"5.35%",175,5.35,0
2026-02-03,2025-07-15,"5.60%",200,5.6,0
2026-02-03,2025-07-15,"5.85%",225,5.85,0
2026-02-03,2025-07-15,"6.10%",250,6.1,0
2026-02-03,2025-07-16,"0.10%",-300,0.1,0
2026-02-03,2025-07-16,"0.35%",-300,0.35,0
2026-02-03,2025-07-16,"0.60%",-300,0.6,0
2026-02-03,2025-07-16,"0.85%",-275,0.85,0
2026-02-03,2025-07-16,"1.10%",-250,1.1,0
2026-02-03,2025-07-16,"1.35%",-225,1.35,0
2026-02-03,2025-07-16,"1.60%",-200,1.6,0
2026-02-03,2025-07-16,"1.85%",-175,1.85,0
2026-02-03,2025-07-16,"2.10%",-150,2.1,0
2026-02-03,2025-07-16,"2.35%",-125,2.35,0
2026-02-03,2025-07-16,"2.60%",-100,2.6,0.114524898109502
2026-02-03,2025-07-16,"2.85%",-75,2.85,0.483651244161628
2026-02-03,2025-07-16,"3.10%",-50,3.1,0.356682395757032
2026-02-03,2025-07-16,"3.35%",-25,3.35,0.0451414619718385
2026-02-03,2025-07-16,"3.60%",0,3.6,0
2026-02-03,2025-07-16,"3.85%",25,3.85,0
2026-02-03,2025-07-16,"4.10%",50,4.1,0
2026-02-03,2025-07-16,"4.35%",75,4.35,0
2026-02-03,2025-07-16,"4.60%",100,4.6,0
2026-02-03,2025-07-16,"4.85%",125,4.85,0
2026-02-03,2025-07-16,"5.10%",150,5.1,0
2026-02-03,2025-07-16,"5.35%",175,5.35,0
2026-02-03,2025-07-16,"5.60%",200,5.6,0
2026-02-03,2025-07-16,"5.85%",225,5.85,0
2026-02-03,2025-07-16,"6.10%",250,6.1,0
2026-02-03,2025-07-17,"0.10%",-300,0.1,0
2026-02-03,2025-07-17,"0.35%",-300,0.35,0
2026-02-03,2025-07-17,"0.60%",-300,0.6,0
2026-02-03,2025-07-17,"0.85%",-275,0.85,0
2026-02-03,2025-07-17,"1.10%",-250,1.1,0
2026-02-03,2025-07-17,"1.35%",-225,1.35,0
2026-02-03,2025-07-17,"1.60%",-200,1.6,0
2026-02-03,2025-07-17,"1.85%",-175,1.85,0
2026-02-03,2025-07-17,"2.10%",-150,2.1,0
2026-02-03,2025-07-17,"2.35%",-125,2.35,0
2026-02-03,2025-07-17,"2.60%",-100,2.6,0.105221404527254
2026-02-03,2025-07-17,"2.85%",-75,2.85,0.465402449574438
2026-02-03,2025-07-17,"3.10%",-50,3.1,0.374972269542992
2026-02-03,2025-07-17,"3.35%",-25,3.35,0.0544038763553165
2026-02-03,2025-07-17,"3.60%",0,3.6,0
2026-02-03,2025-07-17,"3.85%",25,3.85,0
2026-02-03,2025-07-17,"4.10%",50,4.1,0
2026-02-03,2025-07-17,"4.35%",75,4.35,0
2026-02-03,2025-07-17,"4.60%",100,4.6,0
2026-02-03,2025-07-17,"4.85%",125,4.85,0
2026-02-03,2025-07-17,"5.10%",150,5.1,0
2026-02-03,2025-07-17,"5.35%",175,5.35,0
2026-02-03,2025-07-17,"5.60%",200,5.6,0
2026-02-03,2025-07-17,"5.85%",225,5.85,0
2026-02-03,2025-07-17,"6.10%",250,6.1,0
2026-02-03,2025-07-20,"0.10%",-300,0.1,0
2026-02-03,2025-07-20,"0.35%",-300,0.35,0
2026-02-03,2025-07-20,"0.60%",-300,0.6,0
2026-02-03,2025-07-20,"0.85%",-275,0.85,0
2026-02-03,2025-07-20,"1.10%",-250,1.1,0
2026-02-03,2025-07-20,"1.35%",-225,1.35,0
2026-02-03,2025-07-20,"1.60%",-200,1.6,0
2026-02-03,2025-07-20,"1.85%",-175,1.85,0
2026-02-03,2025-07-20,"2.10%",-150,2.1,0
2026-02-03,2025-07-20,"2.35%",-125,2.35,0
2026-02-03,2025-07-20,"2.60%",-100,2.6,0.12279436613776
2026-02-03,2025-07-20,"2.85%",-75,2.85,0.436758028781004
2026-02-03,2025-07-20,"3.10%",-50,3.1,0.367621486732843
2026-02-03,2025-07-20,"3.35%",-25,3.35,0.0728261183483936
2026-02-03,2025-07-20,"3.60%",0,3.6,0
2026-02-03,2025-07-20,"3.85%",25,3.85,0
2026-02-03,2025-07-20,"4.10%",50,4.1,0
2026-02-03,2025-07-20,"4.35%",75,4.35,0
2026-02-03,2025-07-20,"4.60%",100,4.6,0
2026-02-03,2025-07-20,"4.85%",125,4.85,0
2026-02-03,2025-07-20,"5.10%",150,5.1,0
2026-02-03,2025-07-20,"5.35%",175,5.35,0
2026-02-03,2025-07-20,"5.60%",200,5.6,0
2026-02-03,2025-07-20,"5.85%",225,5.85,0
2026-02-03,2025-07-20,"6.10%",250,6.1,0
2026-02-03,2025-07-21,"0.10%",-300,0.1,0
2026-02-03,2025-07-21,"0.35%",-300,0.35,0
2026-02-03,2025-07-21,"0.60%",-300,0.6,0
2026-02-03,2025-07-21,"0.85%",-275,0.85,0
2026-02-03,2025-07-21,"1.10%",-250,1.1,0
2026-02-03,2025-07-21,"1.35%",-225,1.35,0
2026-02-03,2025-07-21,"1.60%",-200,1.6,0
2026-02-03,2025-07-21,"1.85%",-175,1.85,0
2026-02-03,2025-07-21,"2.10%",-150,2.1,0
2026-02-03,2025-07-21,"2.35%",-125,2.35,0
2026-02-03,2025-07-21,"2.60%",-100,2.6,0.130057254505969
2026-02-03,2025-07-21,"2.85%",-75,2.85,0.433273720948736
2026-02-03,2025-07-21,"3.10%",-50,3.1,0.36150691833836
2026-02-03,2025-07-21,"3.35%",-25,3.35,0.0751621062069362
2026-02-03,2025-07-21,"3.60%",0,3.6,0
2026-02-03,2025-07-21,"3.85%",25,3.85,0
2026-02-03,2025-07-21,"4.10%",50,4.1,0
2026-02-03,2025-07-21,"4.35%",75,4.35,0
2026-02-03,2025-07-21,"4.60%",100,4.6,0
2026-02-03,2025-07-21,"4.85%",125,4.85,0
2026-02-03,2025-07-21,"5.10%",150,5.1,0
2026-02-03,2025-07-21,"5.35%",175,5.35,0
2026-02-03,2025-07-21,"5.60%",200,5.6,0
2026-02-03,2025-07-21,"5.85%",225,5.85,0
2026-02-03,2025-07-21,"6.10%",250,6.1,0
2026-02-03,2025-07-22,"0.10%",-300,0.1,0
2026-02-03,2025-07-22,"0.35%",-300,0.35,0
2026-02-03,2025-07-22,"0.60%",-300,0.6,0
2026-02-03,2025-07-22,"0.85%",-275,0.85,0
2026-02-03,2025-07-22,"1.10%",-250,1.1,0
2026-02-03,2025-07-22,"1.35%",-225,1.35,0
2026-02-03,2025-07-22,"1.60%",-200,1.6,0
2026-02-03,2025-07-22,"1.85%",-175,1.85,0
2026-02-03,2025-07-22,"2.10%",-150,2.1,0
2026-02-03,2025-07-22,"2.35%",-125,2.35,0
2026-02-03,2025-07-22,"2.60%",-100,2.6,0.120735244197484
2026-02-03,2025-07-22,"2.85%",-75,2.85,0.446148453080829
2026-02-03,2025-07-22,"3.10%",-50,3.1,0.366603641236182
2026-02-03,2025-07-22,"3.35%",-25,3.35,0.0665126614855045
2026-02-03,2025-07-22,"3.60%",0,3.6,0
2026-02-03,2025-07-22,"3.85%",25,3.85,0
2026-02-03,2025-07-22,"4.10%",50,4.1,0
2026-02-03,2025-07-22,"4.35%",75,4.35,0
2026-02-03,2025-07-22,"4.60%",100,4.6,0
2026-02-03,2025-07-22,"4.85%",125,4.85,0
2026-02-03,2025-07-22,"5.10%",150,5.1,0
2026-02-03,2025-07-22,"5.35%",175,5.35,0
2026-02-03,2025-07-22,"5.60%",200,5.6,0
2026-02-03,2025-07-22,"5.85%",225,5.85,0
2026-02-03,2025-07-22,"6.10%",250,6.1,0
2026-02-03,2025-07-23,"0.10%",-300,0.1,0
2026-02-03,2025-07-23,"0.35%",-300,0.35,0
2026-02-03,2025-07-23,"0.60%",-300,0.6,0
2026-02-03,2025-07-23,"0.85%",-275,0.85,0
2026-02-03,2025-07-23,"1.10%",-250,1.1,0
2026-02-03,2025-07-23,"1.35%",-225,1.35,0
2026-02-03,2025-07-23,"1.60%",-200,1.6,0
2026-02-03,2025-07-23,"1.85%",-175,1.85,0
2026-02-03,2025-07-23,"2.10%",-150,2.1,0
2026-02-03,2025-07-23,"2.35%",-125,2.35,0
2026-02-03,2025-07-23,"2.60%",-100,2.6,0.123461931737307
2026-02-03,2025-07-23,"2.85%",-75,2.85,0.455110576120364
2026-02-03,2025-07-23,"3.10%",-50,3.1,0.360577374908089
2026-02-03,2025-07-23,"3.35%",-25,3.35,0.060850117234239
2026-02-03,2025-07-23,"3.60%",0,3.6,0
2026-02-03,2025-07-23,"3.85%",25,3.85,0
2026-02-03,2025-07-23,"4.10%",50,4.1,0
2026-02-03,2025-07-23,"4.35%",75,4.35,0
2026-02-03,2025-07-23,"4.60%",100,4.6,0
2026-02-03,2025-07-23,"4.85%",125,4.85,0
2026-02-03,2025-07-23,"5.10%",150,5.1,0
2026-02-03,2025-07-23,"5.35%",175,5.35,0
2026-02-03,2025-07-23,"5.60%",200,5.6,0
2026-02-03,2025-07-23,"5.85%",225,5.85,0
2026-02-03,2025-07-23,"6.10%",250,6.1,0
2026-02-03,2025-07-24,"0.10%",-300,0.1,0
2026-02-03,2025-07-24,"0.35%",-300,0.35,0
2026-02-03,2025-07-24,"0.60%",-300,0.6,0
2026-02-03,2025-07-24,"0.85%",-275,0.85,0
2026-02-03,2025-07-24,"1.10%",-250,1.1,0
2026-02-03,2025-07-24,"1.35%",-225,1.35,0
2026-02-03,2025-07-24,"1.60%",-200,1.6,0
2026-02-03,2025-07-24,"1.85%",-175,1.85,0
2026-02-03,2025-07-24,"2.10%",-150,2.1,0
2026-02-03,2025-07-24,"2.35%",-125,2.35,0
2026-02-03,2025-07-24,"2.60%",-100,2.6,0.09860697019806
2026-02-03,2025-07-24,"2.85%",-75,2.85,0.488233740967026
2026-02-03,2025-07-24,"3.10%",-50,3.1,0.370802053803865
2026-02-03,2025-07-24,"3.35%",-25,3.35,0.0423572350310492
2026-02-03,2025-07-24,"3.60%",0,3.6,0
2026-02-03,2025-07-24,"3.85%",25,3.85,0
2026-02-03,2025-07-24,"4.10%",50,4.1,0
2026-02-03,2025-07-24,"4.35%",75,4.35,0
2026-02-03,2025-07-24,"4.60%",100,4.6,0
2026-02-03,2025-07-24,"4.85%",125,4.85,0
2026-02-03,2025-07-24,"5.10%",150,5.1,0
2026-02-03,2025-07-24,"5.35%",175,5.35,0
2026-02-03,2025-07-24,"5.60%",200,5.6,0
2026-02-03,2025-07-24,"5.85%",225,5.85,0
2026-02-03,2025-07-24,"6.10%",250,6.1,0
2026-02-03,2025-07-27,"0.10%",-300,0.1,0
2026-02-03,2025-07-27,"0.35%",-300,0.35,0
2026-02-03,2025-07-27,"0.60%",-300,0.6,0
2026-02-03,2025-07-27,"0.85%",-275,0.85,0
2026-02-03,2025-07-27,"1.10%",-250,1.1,0
2026-02-03,2025-07-27,"1.35%",-225,1.35,0
2026-02-03,2025-07-27,"1.60%",-200,1.6,0
2026-02-03,2025-07-27,"1.85%",-175,1.85,0
2026-02-03,2025-07-27,"2.10%",-150,2.1,0
2026-02-03,2025-07-27,"2.35%",-125,2.35,0
2026-02-03,2025-07-27,"2.60%",-100,2.6,0.0799907476427492
2026-02-03,2025-07-27,"2.85%",-75,2.85,0.513505080169087
2026-02-03,2025-07-27,"3.10%",-50,3.1,0.376134278057277
2026-02-03,2025-07-27,"3.35%",-25,3.35,0.0303698941308867
2026-02-03,2025-07-27,"3.60%",0,3.6,0
2026-02-03,2025-07-27,"3.85%",25,3.85,0
2026-02-03,2025-07-27,"4.10%",50,4.1,0
2026-02-03,2025-07-27,"4.35%",75,4.35,0
2026-02-03,2025-07-27,"4.60%",100,4.6,0
2026-02-03,2025-07-27,"4.85%",125,4.85,0
2026-02-03,2025-07-27,"5.10%",150,5.1,0
2026-02-03,2025-07-27,"5.35%",175,5.35,0
2026-02-03,2025-07-27,"5.60%",200,5.6,0
2026-02-03,2025-07-27,"5.85%",225,5.85,0
2026-02-03,2025-07-27,"6.10%",250,6.1,0
2026-02-03,2025-07-28,"0.10%",-300,0.1,0
2026-02-03,2025-07-28,"0.35%",-300,0.35,0
2026-02-03,2025-07-28,"0.60%",-300,0.6,0
2026-02-03,2025-07-28,"0.85%",-275,0.85,0
2026-02-03,2025-07-28,"1.10%",-250,1.1,0
2026-02-03,2025-07-28,"1.35%",-225,1.35,0
2026-02-03,2025-07-28,"1.60%",-200,1.6,0
2026-02-03,2025-07-28,"1.85%",-175,1.85,0
2026-02-03,2025-07-28,"2.10%",-150,2.1,0
2026-02-03,2025-07-28,"2.35%",-125,2.35,0
2026-02-03,2025-07-28,"2.60%",-100,2.6,0.0737573264867276
2026-02-03,2025-07-28,"2.85%",-75,2.85,0.522741064852524
2026-02-03,2025-07-28,"3.10%",-50,3.1,0.376981135010315
2026-02-03,2025-07-28,"3.35%",-25,3.35,0.0265204736504332
2026-02-03,2025-07-28,"3.60%",0,3.6,0
2026-02-03,2025-07-28,"3.85%",25,3.85,0
2026-02-03,2025-07-28,"4.10%",50,4.1,0
2026-02-03,2025-07-28,"4.35%",75,4.35,0
2026-02-03,2025-07-28,"4.60%",100,4.6,0
2026-02-03,2025-07-28,"4.85%",125,4.85,0
2026-02-03,2025-07-28,"5.10%",150,5.1,0
2026-02-03,2025-07-28,"5.35%",175,5.35,0
2026-02-03,2025-07-28,"5.60%",200,5.6,0
2026-02-03,2025-07-28,"5.85%",225,5.85,0
2026-02-03,2025-07-28,"6.10%",250,6.1,0
2026-02-03,2025-07-29,"0.10%",-300,0.1,0
2026-02-03,2025-07-29,"0.35%",-300,0.35,0
2026-02-03,2025-07-29,"0.60%",-300,0.6,0
2026-02-03,2025-07-29,"0.85%",-275,0.85,0
2026-02-03,2025-07-29,"1.10%",-250,1.1,0
2026-02-03,2025-07-29,"1.35%",-225,1.35,0
2026-02-03,2025-07-29,"1.60%",-200,1.6,0
2026-02-03,2025-07-29,"1.85%",-175,1.85,0
2026-02-03,2025-07-29,"2.10%",-150,2.1,0
2026-02-03,2025-07-29,"2.35%",-125,2.35,0
2026-02-03,2025-07-29,"2.60%",-100,2.6,0.130890235318925
2026-02-03,2025-07-29,"2.85%",-75,2.85,0.444341388559119
2026-02-03,2025-07-29,"3.10%",-50,3.1,0.357224745583315
2026-02-03,2025-07-29,"3.35%",-25,3.35,0.0675436305386407
2026-02-03,2025-07-29,"3.60%",0,3.6,0
2026-02-03,2025-07-29,"3.85%",25,3.85,0
2026-02-03,2025-07-29,"4.10%",50,4.1,0
2026-02-03,2025-07-29,"4.35%",75,4.35,0
2026-02-03,2025-07-29,"4.60%",100,4.6,0
2026-02-03,2025-07-29,"4.85%",125,4.85,0
2026-02-03,2025-07-29,"5.10%",150,5.1,0
2026-02-03,2025-07-29,"5.35%",175,5.35,0
2026-02-03,2025-07-29,"5.60%",200,5.6,0
2026-02-03,2025-07-29,"5.85%",225,5.85,0
2026-02-03,2025-07-29,"6.10%",250,6.1,0
2026-02-03,2025-07-30,"0.10%",-300,0.1,0
2026-02-03,2025-07-30,"0.35%",-300,0.35,0
2026-02-03,2025-07-30,"0.60%",-300,0.6,0
2026-02-03,2025-07-30,"0.85%",-275,0.85,0
2026-02-03,2025-07-30,"1.10%",-250,1.1,0
2026-02-03,2025-07-30,"1.35%",-225,1.35,0
2026-02-03,2025-07-30,"1.60%",-200,1.6,0
2026-02-03,2025-07-30,"1.85%",-175,1.85,0
2026-02-03,2025-07-30,"2.10%",-150,2.1,0
2026-02-03,2025-07-30,"2.35%",-125,2.35,0.0168651704757272
2026-02-03,2025-07-30,"2.60%",-100,2.6,0.14997698497348
2026-02-03,2025-07-30,"2.85%",-75,2.85,0.405955366824824
2026-02-03,2025-07-30,"3.10%",-50,3.1,0.339635938342566
2026-02-03,2025-07-30,"3.35%",-25,3.35,0.0875665393834032
2026-02-03,2025-07-30,"3.60%",0,3.6,0
2026-02-03,2025-07-30,"3.85%",25,3.85,0
2026-02-03,2025-07-30,"4.10%",50,4.1,0
2026-02-03,2025-07-30,"4.35%",75,4.35,0
2026-02-03,2025-07-30,"4.60%",100,4.6,0
2026-02-03,2025-07-30,"4.85%",125,4.85,0
2026-02-03,2025-07-30,"5.10%",150,5.1,0
2026-02-03,2025-07-30,"5.35%",175,5.35,0
2026-02-03,2025-07-30,"5.60%",200,5.6,0
2026-02-03,2025-07-30,"5.85%",225,5.85,0
2026-02-03,2025-07-30,"6.10%",250,6.1,0
2026-02-03,2025-07-31,"0.10%",-300,0.1,0
2026-02-03,2025-07-31,"0.35%",-300,0.35,0
2026-02-03,2025-07-31,"0.60%",-300,0.6,0
2026-02-03,2025-07-31,"0.85%",-275,0.85,0
2026-02-03,2025-07-31,"1.10%",-250,1.1,0
2026-02-03,2025-07-31,"1.35%",-225,1.35,0
2026-02-03,2025-07-31,"1.60%",-200,1.6,0
2026-02-03,2025-07-31,"1.85%",-175,1.85,0
2026-02-03,2025-07-31,"2.10%",-150,2.1,0
2026-02-03,2025-07-31,"2.35%",-125,2.35,0.0128087396668611
2026-02-03,2025-07-31,"2.60%",-100,2.6,0.141346738520857
2026-02-03,2025-07-31,"2.85%",-75,2.85,0.421153958444252
2026-02-03,2025-07-31,"3.10%",-50,3.1,0.346389421654115
2026-02-03,2025-07-31,"3.35%",-25,3.35,0.0783011417139148
2026-02-03,2025-07-31,"3.60%",0,3.6,0
2026-02-03,2025-07-31,"3.85%",25,3.85,0
2026-02-03,2025-07-31,"4.10%",50,4.1,0
2026-02-03,2025-07-31,"4.35%",75,4.35,0
2026-02-03,2025-07-31,"4.60%",100,4.6,0
2026-02-03,2025-07-31,"4.85%",125,4.85,0
2026-02-03,2025-07-31,"5.10%",150,5.1,0
2026-02-03,2025-07-31,"5.35%",175,5.35,0
2026-02-03,2025-07-31,"5.60%",200,5.6,0
2026-02-03,2025-07-31,"5.85%",225,5.85,0
2026-02-03,2025-07-31,"6.10%",250,6.1,0
2026-02-03,2025-08-01,"0.10%",-300,0.1,0
2026-02-03,2025-08-01,"0.35%",-300,0.35,0
2026-02-03,2025-08-01,"0.60%",-300,0.6,0
2026-02-03,2025-08-01,"0.85%",-275,0.85,0
2026-02-03,2025-08-01,"1.10%",-250,1.1,0
2026-02-03,2025-08-01,"1.35%",-225,1.35,0
2026-02-03,2025-08-01,"1.60%",-200,1.6,0
2026-02-03,2025-08-01,"1.85%",-175,1.85,0
2026-02-03,2025-08-01,"2.10%",-150,2.1,0
2026-02-03,2025-08-01,"2.35%",-125,2.35,0
2026-02-03,2025-08-01,"2.60%",-100,2.6,0.1342702620358
2026-02-03,2025-08-01,"2.85%",-75,2.85,0.439556634958139
2026-02-03,2025-08-01,"3.10%",-50,3.1,0.355546246225176
2026-02-03,2025-08-01,"3.35%",-25,3.35,0.0706268567808854
2026-02-03,2025-08-01,"3.60%",0,3.6,0
2026-02-03,2025-08-01,"3.85%",25,3.85,0
2026-02-03,2025-08-01,"4.10%",50,4.1,0
2026-02-03,2025-08-01,"4.35%",75,4.35,0
2026-02-03,2025-08-01,"4.60%",100,4.6,0
2026-02-03,2025-08-01,"4.85%",125,4.85,0
2026-02-03,2025-08-01,"5.10%",150,5.1,0
2026-02-03,2025-08-01,"5.35%",175,5.35,0
2026-02-03,2025-08-01,"5.60%",200,5.6,0
2026-02-03,2025-08-01,"5.85%",225,5.85,0
2026-02-03,2025-08-01,"6.10%",250,6.1,0
2026-02-03,2025-08-03,"0.10%",-300,0.1,0
2026-02-03,2025-08-03,"0.35%",-300,0.35,0
2026-02-03,2025-08-03,"0.60%",-300,0.6,0
2026-02-03,2025-08-03,"0.85%",-275,0.85,0
2026-02-03,2025-08-03,"1.10%",-250,1.1,0
2026-02-03,2025-08-03,"1.35%",-225,1.35,0
2026-02-03,2025-08-03,"1.60%",-200,1.6,0
2026-02-03,2025-08-03,"1.85%",-175,1.85,0.0114129280547213
2026-02-03,2025-08-03,"2.10%",-150,2.1,0.0385677243353247
2026-02-03,2025-08-03,"2.35%",-125,2.35,0.094952132378516
2026-02-03,2025-08-03,"2.60%",-100,2.6,0.170350288579544
2026-02-03,2025-08-03,"2.85%",-75,2.85,0.222745186882625
2026-02-03,2025-08-03,"3.10%",-50,3.1,0.212292110286731
2026-02-03,2025-08-03,"3.35%",-25,3.35,0.147473349390822
2026-02-03,2025-08-03,"3.60%",0,3.6,0.0746625991360817
2026-02-03,2025-08-03,"3.85%",25,3.85,0.0275436809556355
2026-02-03,2025-08-03,"4.10%",50,4.1,0
2026-02-03,2025-08-03,"4.35%",75,4.35,0
2026-02-03,2025-08-03,"4.60%",100,4.6,0
2026-02-03,2025-08-03,"4.85%",125,4.85,0
2026-02-03,2025-08-03,"5.10%",150,5.1,0
2026-02-03,2025-08-03,"5.35%",175,5.35,0
2026-02-03,2025-08-03,"5.60%",200,5.6,0
2026-02-03,2025-08-03,"5.85%",225,5.85,0
2026-02-03,2025-08-03,"6.10%",250,6.1,0
2026-02-03,2025-08-04,"0.10%",-300,0.1,0
2026-02-03,2025-08-04,"0.35%",-300,0.35,0
2026-02-03,2025-08-04,"0.60%",-300,0.6,0
2026-02-03,2025-08-04,"0.85%",-275,0.85,0
2026-02-03,2025-08-04,"1.10%",-250,1.1,0
2026-02-03,2025-08-04,"1.35%",-225,1.35,0
2026-02-03,2025-08-04,"1.60%",-200,1.6,0.0104366910118603
2026-02-03,2025-08-04,"1.85%",-175,1.85,0.02726506148521
2026-02-03,2025-08-04,"2.10%",-150,2.1,0.0584938850659485
2026-02-03,2025-08-04,"2.35%",-125,2.35,0.103061348293137
2026-02-03,2025-08-04,"2.60%",-100,2.6,0.149134622401153
2026-02-03,2025-08-04,"2.85%",-75,2.85,0.177242962522353
2026-02-03,2025-08-04,"3.10%",-50,3.1,0.173010459451387
2026-02-03,2025-08-04,"3.35%",-25,3.35,0.138703639866347
2026-02-03,2025-08-04,"3.60%",0,3.6,0.091329091557449
2026-02-03,2025-08-04,"3.85%",25,3.85,0.0493883251865467
2026-02-03,2025-08-04,"4.10%",50,4.1,0.0219339131586086
2026-02-03,2025-08-04,"4.35%",75,4.35,0
2026-02-03,2025-08-04,"4.60%",100,4.6,0
2026-02-03,2025-08-04,"4.85%",125,4.85,0
2026-02-03,2025-08-04,"5.10%",150,5.1,0
2026-02-03,2025-08-04,"5.35%",175,5.35,0
2026-02-03,2025-08-04,"5.60%",200,5.6,0
2026-02-03,2025-08-04,"5.85%",225,5.85,0
2026-02-03,2025-08-04,"6.10%",250,6.1,0
2026-02-03,2025-08-05,"0.10%",-300,0.1,0
2026-02-03,2025-08-05,"0.35%",-300,0.35,0
2026-02-03,2025-08-05,"0.60%",-300,0.6,0
2026-02-03,2025-08-05,"0.85%",-275,0.85,0
2026-02-03,2025-08-05,"1.10%",-250,1.1,0
2026-02-03,2025-08-05,"1.35%",-225,1.35,0
2026-02-03,2025-08-05,"1.60%",-200,1.6,0
2026-02-03,2025-08-05,"1.85%",-175,1.85,0
2026-02-03,2025-08-05,"2.10%",-150,2.1,0
2026-02-03,2025-08-05,"2.35%",-125,2.35,0
2026-02-03,2025-08-05,"2.60%",-100,2.6,0.0883825657106724
2026-02-03,2025-08-05,"2.85%",-75,2.85,0.484778796324075
2026-02-03,2025-08-05,"3.10%",-50,3.1,0.383783717402819
2026-02-03,2025-08-05,"3.35%",-25,3.35,0.0430549205624327
2026-02-03,2025-08-05,"3.60%",0,3.6,0
2026-02-03,2025-08-05,"3.85%",25,3.85,0
2026-02-03,2025-08-05,"4.10%",50,4.1,0
2026-02-03,2025-08-05,"4.35%",75,4.35,0
2026-02-03,2025-08-05,"4.60%",100,4.6,0
2026-02-03,2025-08-05,"4.85%",125,4.85,0
2026-02-03,2025-08-05,"5.10%",150,5.1,0
2026-02-03,2025-08-05,"5.35%",175,5.35,0
2026-02-03,2025-08-05,"5.60%",200,5.6,0
2026-02-03,2025-08-05,"5.85%",225,5.85,0
2026-02-03,2025-08-05,"6.10%",250,6.1,0
2026-02-03,2025-08-06,"0.10%",-300,0.1,0
2026-02-03,2025-08-06,"0.35%",-300,0.35,0
2026-02-03,2025-08-06,"0.60%",-300,0.6,0
2026-02-03,2025-08-06,"0.85%",-275,0.85,0
2026-02-03,2025-08-06,"1.10%",-250,1.1,0
2026-02-03,2025-08-06,"1.35%",-225,1.35,0
2026-02-03,2025-08-06,"1.60%",-200,1.6,0
2026-02-03,2025-08-06,"1.85%",-175,1.85,0
2026-02-03,2025-08-06,"2.10%",-150,2.1,0
2026-02-03,2025-08-06,"2.35%",-125,2.35,0
2026-02-03,2025-08-06,"2.60%",-100,2.6,0.105717137774694
2026-02-03,2025-08-06,"2.85%",-75,2.85,0.461017122463038
2026-02-03,2025-08-06,"3.10%",-50,3.1,0.376342615513846
2026-02-03,2025-08-06,"3.35%",-25,3.35,0.0569231242484223
2026-02-03,2025-08-06,"3.60%",0,3.6,0
2026-02-03,2025-08-06,"3.85%",25,3.85,0
2026-02-03,2025-08-06,"4.10%",50,4.1,0
2026-02-03,2025-08-06,"4.35%",75,4.35,0
2026-02-03,2025-08-06,"4.60%",100,4.6,0
2026-02-03,2025-08-06,"4.85%",125,4.85,0
2026-02-03,2025-08-06,"5.10%",150,5.1,0
2026-02-03,2025-08-06,"5.35%",175,5.35,0
2026-02-03,2025-08-06,"5.60%",200,5.6,0
2026-02-03,2025-08-06,"5.85%",225,5.85,0
2026-02-03,2025-08-06,"6.10%",250,6.1,0
2026-02-03,2025-08-07,"0.10%",-300,0.1,0
2026-02-03,2025-08-07,"0.35%",-300,0.35,0
2026-02-03,2025-08-07,"0.60%",-300,0.6,0
2026-02-03,2025-08-07,"0.85%",-275,0.85,0
2026-02-03,2025-08-07,"1.10%",-250,1.1,0
2026-02-03,2025-08-07,"1.35%",-225,1.35,0
2026-02-03,2025-08-07,"1.60%",-200,1.6,0
2026-02-03,2025-08-07,"1.85%",-175,1.85,0
2026-02-03,2025-08-07,"2.10%",-150,2.1,0
2026-02-03,2025-08-07,"2.35%",-125,2.35,0
2026-02-03,2025-08-07,"2.60%",-100,2.6,0.0973171222839882
2026-02-03,2025-08-07,"2.85%",-75,2.85,0.489369286276836
2026-02-03,2025-08-07,"3.10%",-50,3.1,0.371565696039307
2026-02-03,2025-08-07,"3.35%",-25,3.35,0.0417478953998693
2026-02-03,2025-08-07,"3.60%",0,3.6,0
2026-02-03,2025-08-07,"3.85%",25,3.85,0
2026-02-03,2025-08-07,"4.10%",50,4.1,0
2026-02-03,2025-08-07,"4.35%",75,4.35,0
2026-02-03,2025-08-07,"4.60%",100,4.6,0
2026-02-03,2025-08-07,"4.85%",125,4.85,0
2026-02-03,2025-08-07,"5.10%",150,5.1,0
2026-02-03,2025-08-07,"5.35%",175,5.35,0
2026-02-03,2025-08-07,"5.60%",200,5.6,0
2026-02-03,2025-08-07,"5.85%",225,5.85,0
2026-02-03,2025-08-07,"6.10%",250,6.1,0
2026-02-03,2025-08-10,"0.10%",-300,0.1,0
2026-02-03,2025-08-10,"0.35%",-300,0.35,0
2026-02-03,2025-08-10,"0.60%",-300,0.6,0
2026-02-03,2025-08-10,"0.85%",-275,0.85,0
2026-02-03,2025-08-10,"1.10%",-250,1.1,0
2026-02-03,2025-08-10,"1.35%",-225,1.35,0
2026-02-03,2025-08-10,"1.60%",-200,1.6,0
2026-02-03,2025-08-10,"1.85%",-175,1.85,0
2026-02-03,2025-08-10,"2.10%",-150,2.1,0
2026-02-03,2025-08-10,"2.35%",-125,2.35,0.0124812318159932
2026-02-03,2025-08-10,"2.60%",-100,2.6,0.139760224277261
2026-02-03,2025-08-10,"2.85%",-75,2.85,0.420703249043969
2026-02-03,2025-08-10,"3.10%",-50,3.1,0.34817141106249
2026-02-03,2025-08-10,"3.35%",-25,3.35,0.0788838838002864
2026-02-03,2025-08-10,"3.60%",0,3.6,0
2026-02-03,2025-08-10,"3.85%",25,3.85,0
2026-02-03,2025-08-10,"4.10%",50,4.1,0
2026-02-03,2025-08-10,"4.35%",75,4.35,0
2026-02-03,2025-08-10,"4.60%",100,4.6,0
2026-02-03,2025-08-10,"4.85%",125,4.85,0
2026-02-03,2025-08-10,"5.10%",150,5.1,0
2026-02-03,2025-08-10,"5.35%",175,5.35,0
2026-02-03,2025-08-10,"5.60%",200,5.6,0
2026-02-03,2025-08-10,"5.85%",225,5.85,0
2026-02-03,2025-08-10,"6.10%",250,6.1,0
2026-02-03,2025-08-11,"0.10%",-300,0.1,0
2026-02-03,2025-08-11,"0.35%",-300,0.35,0
2026-02-03,2025-08-11,"0.60%",-300,0.6,0
2026-02-03,2025-08-11,"0.85%",-275,0.85,0
2026-02-03,2025-08-11,"1.10%",-250,1.1,0
2026-02-03,2025-08-11,"1.35%",-225,1.35,0
2026-02-03,2025-08-11,"1.60%",-200,1.6,0
2026-02-03,2025-08-11,"1.85%",-175,1.85,0
2026-02-03,2025-08-11,"2.10%",-150,2.1,0
2026-02-03,2025-08-11,"2.35%",-125,2.35,0.0212928675410112
2026-02-03,2025-08-11,"2.60%",-100,2.6,0.158678893415429
2026-02-03,2025-08-11,"2.85%",-75,2.85,0.394755298483767
2026-02-03,2025-08-11,"3.10%",-50,3.1,0.331509592130759
2026-02-03,2025-08-11,"3.35%",-25,3.35,0.0937633484290336
2026-02-03,2025-08-11,"3.60%",0,3.6,0
2026-02-03,2025-08-11,"3.85%",25,3.85,0
2026-02-03,2025-08-11,"4.10%",50,4.1,0
2026-02-03,2025-08-11,"4.35%",75,4.35,0
2026-02-03,2025-08-11,"4.60%",100,4.6,0
2026-02-03,2025-08-11,"4.85%",125,4.85,0
2026-02-03,2025-08-11,"5.10%",150,5.1,0
2026-02-03,2025-08-11,"5.35%",175,5.35,0
2026-02-03,2025-08-11,"5.60%",200,5.6,0
2026-02-03,2025-08-11,"5.85%",225,5.85,0
2026-02-03,2025-08-11,"6.10%",250,6.1,0
2026-02-03,2025-08-12,"0.10%",-300,0.1,0
2026-02-03,2025-08-12,"0.35%",-300,0.35,0
2026-02-03,2025-08-12,"0.60%",-300,0.6,0
2026-02-03,2025-08-12,"0.85%",-275,0.85,0
2026-02-03,2025-08-12,"1.10%",-250,1.1,0
2026-02-03,2025-08-12,"1.35%",-225,1.35,0
2026-02-03,2025-08-12,"1.60%",-200,1.6,0
2026-02-03,2025-08-12,"1.85%",-175,1.85,0
2026-02-03,2025-08-12,"2.10%",-150,2.1,0
2026-02-03,2025-08-12,"2.35%",-125,2.35,0.0112890127985021
2026-02-03,2025-08-12,"2.60%",-100,2.6,0.135546950092668
2026-02-03,2025-08-12,"2.85%",-75,2.85,0.423189764370025
2026-02-03,2025-08-12,"3.10%",-50,3.1,0.35219074260829
2026-02-03,2025-08-12,"3.35%",-25,3.35,0.0777835301305155
2026-02-03,2025-08-12,"3.60%",0,3.6,0
2026-02-03,2025-08-12,"3.85%",25,3.85,0
2026-02-03,2025-08-12,"4.10%",50,4.1,0
2026-02-03,2025-08-12,"4.35%",75,4.35,0
2026-02-03,2025-08-12,"4.60%",100,4.6,0
2026-02-03,2025-08-12,"4.85%",125,4.85,0
2026-02-03,2025-08-12,"5.10%",150,5.1,0
2026-02-03,2025-08-12,"5.35%",175,5.35,0
2026-02-03,2025-08-12,"5.60%",200,5.6,0
2026-02-03,2025-08-12,"5.85%",225,5.85,0
2026-02-03,2025-08-12,"6.10%",250,6.1,0
2026-02-03,2025-08-13,"0.10%",-300,0.1,0
2026-02-03,2025-08-13,"0.35%",-300,0.35,0
2026-02-03,2025-08-13,"0.60%",-300,0.6,0
2026-02-03,2025-08-13,"0.85%",-275,0.85,0
2026-02-03,2025-08-13,"1.10%",-250,1.1,0
2026-02-03,2025-08-13,"1.35%",-225,1.35,0
2026-02-03,2025-08-13,"1.60%",-200,1.6,0
2026-02-03,2025-08-13,"1.85%",-175,1.85,0
2026-02-03,2025-08-13,"2.10%",-150,2.1,0
2026-02-03,2025-08-13,"2.35%",-125,2.35,0.0300053286061435
2026-02-03,2025-08-13,"2.60%",-100,2.6,0.163430675317542
2026-02-03,2025-08-13,"2.85%",-75,2.85,0.358271337409591
2026-02-03,2025-08-13,"3.10%",-50,3.1,0.317849422965048
2026-02-03,2025-08-13,"3.35%",-25,3.35,0.114019378320425
2026-02-03,2025-08-13,"3.60%",0,3.6,0.0164238573812502
2026-02-03,2025-08-13,"3.85%",25,3.85,0
2026-02-03,2025-08-13,"4.10%",50,4.1,0
2026-02-03,2025-08-13,"4.35%",75,4.35,0
2026-02-03,2025-08-13,"4.60%",100,4.6,0
2026-02-03,2025-08-13,"4.85%",125,4.85,0
2026-02-03,2025-08-13,"5.10%",150,5.1,0
2026-02-03,2025-08-13,"5.35%",175,5.35,0
2026-02-03,2025-08-13,"5.60%",200,5.6,0
2026-02-03,2025-08-13,"5.85%",225,5.85,0
2026-02-03,2025-08-13,"6.10%",250,6.1,0
2026-02-03,2025-08-14,"0.10%",-300,0.1,0
2026-02-03,2025-08-14,"0.35%",-300,0.35,0
2026-02-03,2025-08-14,"0.60%",-300,0.6,0
2026-02-03,2025-08-14,"0.85%",-275,0.85,0
2026-02-03,2025-08-14,"1.10%",-250,1.1,0
2026-02-03,2025-08-14,"1.35%",-225,1.35,0
2026-02-03,2025-08-14,"1.60%",-200,1.6,0
2026-02-03,2025-08-14,"1.85%",-175,1.85,0
2026-02-03,2025-08-14,"2.10%",-150,2.1,0
2026-02-03,2025-08-14,"2.35%",-125,2.35,0.0159798128495396
2026-02-03,2025-08-14,"2.60%",-100,2.6,0.145185816830212
2026-02-03,2025-08-14,"2.85%",-75,2.85,0.4022303361669
2026-02-03,2025-08-14,"3.10%",-50,3.1,0.345124591519786
2026-02-03,2025-08-14,"3.35%",-25,3.35,0.0914794426335625
2026-02-03,2025-08-14,"3.60%",0,3.6,0
2026-02-03,2025-08-14,"3.85%",25,3.85,0
2026-02-03,2025-08-14,"4.10%",50,4.1,0
2026-02-03,2025-08-14,"4.35%",75,4.35,0
2026-02-03,2025-08-14,"4.60%",100,4.6,0
2026-02-03,2025-08-14,"4.85%",125,4.85,0
2026-02-03,2025-08-14,"5.10%",150,5.1,0
2026-02-03,2025-08-14,"5.35%",175,5.35,0
2026-02-03,2025-08-14,"5.60%",200,5.6,0
2026-02-03,2025-08-14,"5.85%",225,5.85,0
2026-02-03,2025-08-14,"6.10%",250,6.1,0
2026-02-03,2025-08-17,"0.10%",-300,0.1,0
2026-02-03,2025-08-17,"0.35%",-300,0.35,0
2026-02-03,2025-08-17,"0.60%",-300,0.6,0
2026-02-03,2025-08-17,"0.85%",-275,0.85,0
2026-02-03,2025-08-17,"1.10%",-250,1.1,0
2026-02-03,2025-08-17,"1.35%",-225,1.35,0
2026-02-03,2025-08-17,"1.60%",-200,1.6,0
2026-02-03,2025-08-17,"1.85%",-175,1.85,0
2026-02-03,2025-08-17,"2.10%",-150,2.1,0
2026-02-03,2025-08-17,"2.35%",-125,2.35,0.0116620357966525
2026-02-03,2025-08-17,"2.60%",-100,2.6,0.13594432200693
2026-02-03,2025-08-17,"2.85%",-75,2.85,0.420104525018424
2026-02-03,2025-08-17,"3.10%",-50,3.1,0.35238475146476
2026-02-03,2025-08-17,"3.35%",-25,3.35,0.0799043657132333
2026-02-03,2025-08-17,"3.60%",0,3.6,0
2026-02-03,2025-08-17,"3.85%",25,3.85,0
2026-02-03,2025-08-17,"4.10%",50,4.1,0
2026-02-03,2025-08-17,"4.35%",75,4.35,0
2026-02-03,2025-08-17,"4.60%",100,4.6,0
2026-02-03,2025-08-17,"4.85%",125,4.85,0
2026-02-03,2025-08-17,"5.10%",150,5.1,0
2026-02-03,2025-08-17,"5.35%",175,5.35,0
2026-02-03,2025-08-17,"5.60%",200,5.6,0
2026-02-03,2025-08-17,"5.85%",225,5.85,0
2026-02-03,2025-08-17,"6.10%",250,6.1,0
2026-02-03,2025-08-18,"0.10%",-300,0.1,0
2026-02-03,2025-08-18,"0.35%",-300,0.35,0
2026-02-03,2025-08-18,"0.60%",-300,0.6,0
2026-02-03,2025-08-18,"0.85%",-275,0.85,0
2026-02-03,2025-08-18,"1.10%",-250,1.1,0
2026-02-03,2025-08-18,"1.35%",-225,1.35,0
2026-02-03,2025-08-18,"1.60%",-200,1.6,0
2026-02-03,2025-08-18,"1.85%",-175,1.85,0
2026-02-03,2025-08-18,"2.10%",-150,2.1,0
2026-02-03,2025-08-18,"2.35%",-125,2.35,0.0104639695864405
2026-02-03,2025-08-18,"2.60%",-100,2.6,0.134331312239931
2026-02-03,2025-08-18,"2.85%",-75,2.85,0.429665597006328
2026-02-03,2025-08-18,"3.10%",-50,3.1,0.352041908796919
2026-02-03,2025-08-18,"3.35%",-25,3.35,0.0734972123703821
2026-02-03,2025-08-18,"3.60%",0,3.6,0
2026-02-03,2025-08-18,"3.85%",25,3.85,0
2026-02-03,2025-08-18,"4.10%",50,4.1,0
2026-02-03,2025-08-18,"4.35%",75,4.35,0
2026-02-03,2025-08-18,"4.60%",100,4.6,0
2026-02-03,2025-08-18,"4.85%",125,4.85,0
2026-02-03,2025-08-18,"5.10%",150,5.1,0
2026-02-03,2025-08-18,"5.35%",175,5.35,0
2026-02-03,2025-08-18,"5.60%",200,5.6,0
2026-02-03,2025-08-18,"5.85%",225,5.85,0
2026-02-03,2025-08-18,"6.10%",250,6.1,0
2026-02-03,2025-08-19,"0.10%",-300,0.1,0
2026-02-03,2025-08-19,"0.35%",-300,0.35,0
2026-02-03,2025-08-19,"0.60%",-300,0.6,0
2026-02-03,2025-08-19,"0.85%",-275,0.85,0
2026-02-03,2025-08-19,"1.10%",-250,1.1,0
2026-02-03,2025-08-19,"1.35%",-225,1.35,0
2026-02-03,2025-08-19,"1.60%",-200,1.6,0
2026-02-03,2025-08-19,"1.85%",-175,1.85,0
2026-02-03,2025-08-19,"2.10%",-150,2.1,0
2026-02-03,2025-08-19,"2.35%",-125,2.35,0
2026-02-03,2025-08-19,"2.60%",-100,2.6,0.0227374822680084
2026-02-03,2025-08-19,"2.85%",-75,2.85,0.200515294702583
2026-02-03,2025-08-19,"3.10%",-50,3.1,0.457701565991332
2026-02-03,2025-08-19,"3.35%",-25,3.35,0.27574150346919
2026-02-03,2025-08-19,"3.60%",0,3.6,0.0433041535688872
2026-02-03,2025-08-19,"3.85%",25,3.85,0
2026-02-03,2025-08-19,"4.10%",50,4.1,0
2026-02-03,2025-08-19,"4.35%",75,4.35,0
2026-02-03,2025-08-19,"4.60%",100,4.6,0
2026-02-03,2025-08-19,"4.85%",125,4.85,0
2026-02-03,2025-08-19,"5.10%",150,5.1,0
2026-02-03,2025-08-19,"5.35%",175,5.35,0
2026-02-03,2025-08-19,"5.60%",200,5.6,0
2026-02-03,2025-08-19,"5.85%",225,5.85,0
2026-02-03,2025-08-19,"6.10%",250,6.1,0
2026-02-03,2025-08-20,"0.10%",-300,0.1,0
2026-02-03,2025-08-20,"0.35%",-300,0.35,0
2026-02-03,2025-08-20,"0.60%",-300,0.6,0
2026-02-03,2025-08-20,"0.85%",-275,0.85,0
2026-02-03,2025-08-20,"1.10%",-250,1.1,0
2026-02-03,2025-08-20,"1.35%",-225,1.35,0
2026-02-03,2025-08-20,"1.60%",-200,1.6,0
2026-02-03,2025-08-20,"1.85%",-175,1.85,0
2026-02-03,2025-08-20,"2.10%",-150,2.1,0
2026-02-03,2025-08-20,"2.35%",-125,2.35,0
2026-02-03,2025-08-20,"2.60%",-100,2.6,0.0162046534044499
2026-02-03,2025-08-20,"2.85%",-75,2.85,0.193007313849516
2026-02-03,2025-08-20,"3.10%",-50,3.1,0.488005083559
2026-02-03,2025-08-20,"3.35%",-25,3.35,0.270583379549006
2026-02-03,2025-08-20,"3.60%",0,3.6,0.032199569638028
2026-02-03,2025-08-20,"3.85%",25,3.85,0
2026-02-03,2025-08-20,"4.10%",50,4.1,0
2026-02-03,2025-08-20,"4.35%",75,4.35,0
2026-02-03,2025-08-20,"4.60%",100,4.6,0
2026-02-03,2025-08-20,"4.85%",125,4.85,0
2026-02-03,2025-08-20,"5.10%",150,5.1,0
2026-02-03,2025-08-20,"5.35%",175,5.35,0
2026-02-03,2025-08-20,"5.60%",200,5.6,0
2026-02-03,2025-08-20,"5.85%",225,5.85,0
2026-02-03,2025-08-20,"6.10%",250,6.1,0
2026-02-03,2025-08-21,"0.10%",-300,0.1,0
2026-02-03,2025-08-21,"0.35%",-300,0.35,0
2026-02-03,2025-08-21,"0.60%",-300,0.6,0
2026-02-03,2025-08-21,"0.85%",-275,0.85,0
2026-02-03,2025-08-21,"1.10%",-250,1.1,0
2026-02-03,2025-08-21,"1.35%",-225,1.35,0
2026-02-03,2025-08-21,"1.60%",-200,1.6,0
2026-02-03,2025-08-21,"1.85%",-175,1.85,0
2026-02-03,2025-08-21,"2.10%",-150,2.1,0
2026-02-03,2025-08-21,"2.35%",-125,2.35,0
2026-02-03,2025-08-21,"2.60%",-100,2.6,0.0130605919047822
2026-02-03,2025-08-21,"2.85%",-75,2.85,0.186418039920887
2026-02-03,2025-08-21,"3.10%",-50,3.1,0.50385452231812
2026-02-03,2025-08-21,"3.35%",-25,3.35,0.269065177418565
2026-02-03,2025-08-21,"3.60%",0,3.6,0.0276016684376453
2026-02-03,2025-08-21,"3.85%",25,3.85,0
2026-02-03,2025-08-21,"4.10%",50,4.1,0
2026-02-03,2025-08-21,"4.35%",75,4.35,0
2026-02-03,2025-08-21,"4.60%",100,4.6,0
2026-02-03,2025-08-21,"4.85%",125,4.85,0
2026-02-03,2025-08-21,"5.10%",150,5.1,0
2026-02-03,2025-08-21,"5.35%",175,5.35,0
2026-02-03,2025-08-21,"5.60%",200,5.6,0
2026-02-03,2025-08-21,"5.85%",225,5.85,0
2026-02-03,2025-08-21,"6.10%",250,6.1,0
2026-02-03,2025-08-24,"0.10%",-300,0.1,0
2026-02-03,2025-08-24,"0.35%",-300,0.35,0
2026-02-03,2025-08-24,"0.60%",-300,0.6,0
2026-02-03,2025-08-24,"0.85%",-275,0.85,0
2026-02-03,2025-08-24,"1.10%",-250,1.1,0
2026-02-03,2025-08-24,"1.35%",-225,1.35,0
2026-02-03,2025-08-24,"1.60%",-200,1.6,0
2026-02-03,2025-08-24,"1.85%",-175,1.85,0
2026-02-03,2025-08-24,"2.10%",-150,2.1,0
2026-02-03,2025-08-24,"2.35%",-125,2.35,0
2026-02-03,2025-08-24,"2.60%",-100,2.6,0
2026-02-03,2025-08-24,"2.85%",-75,2.85,0.105029573310837
2026-02-03,2025-08-24,"3.10%",-50,3.1,0.680371696064593
2026-02-03,2025-08-24,"3.35%",-25,3.35,0.21459873062457
2026-02-03,2025-08-24,"3.60%",0,3.6,0
2026-02-03,2025-08-24,"3.85%",25,3.85,0
2026-02-03,2025-08-24,"4.10%",50,4.1,0
2026-02-03,2025-08-24,"4.35%",75,4.35,0
2026-02-03,2025-08-24,"4.60%",100,4.6,0
2026-02-03,2025-08-24,"4.85%",125,4.85,0
2026-02-03,2025-08-24,"5.10%",150,5.1,0
2026-02-03,2025-08-24,"5.35%",175,5.35,0
2026-02-03,2025-08-24,"5.60%",200,5.6,0
2026-02-03,2025-08-24,"5.85%",225,5.85,0
2026-02-03,2025-08-24,"6.10%",250,6.1,0
2026-02-03,2025-08-25,"0.10%",-300,0.1,0
2026-02-03,2025-08-25,"0.35%",-300,0.35,0
2026-02-03,2025-08-25,"0.60%",-300,0.6,0
2026-02-03,2025-08-25,"0.85%",-275,0.85,0
2026-02-03,2025-08-25,"1.10%",-250,1.1,0
2026-02-03,2025-08-25,"1.35%",-225,1.35,0
2026-02-03,2025-08-25,"1.60%",-200,1.6,0
2026-02-03,2025-08-25,"1.85%",-175,1.85,0
2026-02-03,2025-08-25,"2.10%",-150,2.1,0
2026-02-03,2025-08-25,"2.35%",-125,2.35,0
2026-02-03,2025-08-25,"2.60%",-100,2.6,0
2026-02-03,2025-08-25,"2.85%",-75,2.85,0.111802542918576
2026-02-03,2025-08-25,"3.10%",-50,3.1,0.669445009841052
2026-02-03,2025-08-25,"3.35%",-25,3.35,0.218752447240372
2026-02-03,2025-08-25,"3.60%",0,3.6,0
2026-02-03,2025-08-25,"3.85%",25,3.85,0
2026-02-03,2025-08-25,"4.10%",50,4.1,0
2026-02-03,2025-08-25,"4.35%",75,4.35,0
2026-02-03,2025-08-25,"4.60%",100,4.6,0
2026-02-03,2025-08-25,"4.85%",125,4.85,0
2026-02-03,2025-08-25,"5.10%",150,5.1,0
2026-02-03,2025-08-25,"5.35%",175,5.35,0
2026-02-03,2025-08-25,"5.60%",200,5.6,0
2026-02-03,2025-08-25,"5.85%",225,5.85,0
2026-02-03,2025-08-25,"6.10%",250,6.1,0
2026-02-03,2025-08-26,"0.10%",-300,0.1,0
2026-02-03,2025-08-26,"0.35%",-300,0.35,0
2026-02-03,2025-08-26,"0.60%",-300,0.6,0
2026-02-03,2025-08-26,"0.85%",-275,0.85,0
2026-02-03,2025-08-26,"1.10%",-250,1.1,0
2026-02-03,2025-08-26,"1.35%",-225,1.35,0
2026-02-03,2025-08-26,"1.60%",-200,1.6,0
2026-02-03,2025-08-26,"1.85%",-175,1.85,0
2026-02-03,2025-08-26,"2.10%",-150,2.1,0
2026-02-03,2025-08-26,"2.35%",-125,2.35,0
2026-02-03,2025-08-26,"2.60%",-100,2.6,0.0176866261958817
2026-02-03,2025-08-26,"2.85%",-75,2.85,0.197401970287382
2026-02-03,2025-08-26,"3.10%",-50,3.1,0.483792874952003
2026-02-03,2025-08-26,"3.35%",-25,3.35,0.268170342951114
2026-02-03,2025-08-26,"3.60%",0,3.6,0.0329481856136193
2026-02-03,2025-08-26,"3.85%",25,3.85,0
2026-02-03,2025-08-26,"4.10%",50,4.1,0
2026-02-03,2025-08-26,"4.35%",75,4.35,0
2026-02-03,2025-08-26,"4.60%",100,4.6,0
2026-02-03,2025-08-26,"4.85%",125,4.85,0
2026-02-03,2025-08-26,"5.10%",150,5.1,0
2026-02-03,2025-08-26,"5.35%",175,5.35,0
2026-02-03,2025-08-26,"5.60%",200,5.6,0
2026-02-03,2025-08-26,"5.85%",225,5.85,0
2026-02-03,2025-08-26,"6.10%",250,6.1,0
2026-02-03,2025-08-27,"0.10%",-300,0.1,0
2026-02-03,2025-08-27,"0.35%",-300,0.35,0
2026-02-03,2025-08-27,"0.60%",-300,0.6,0
2026-02-03,2025-08-27,"0.85%",-275,0.85,0
2026-02-03,2025-08-27,"1.10%",-250,1.1,0
2026-02-03,2025-08-27,"1.35%",-225,1.35,0
2026-02-03,2025-08-27,"1.60%",-200,1.6,0
2026-02-03,2025-08-27,"1.85%",-175,1.85,0
2026-02-03,2025-08-27,"2.10%",-150,2.1,0
2026-02-03,2025-08-27,"2.35%",-125,2.35,0
2026-02-03,2025-08-27,"2.60%",-100,2.6,0
2026-02-03,2025-08-27,"2.85%",-75,2.85,0.0971982368852717
2026-02-03,2025-08-27,"3.10%",-50,3.1,0.709252955901884
2026-02-03,2025-08-27,"3.35%",-25,3.35,0.193548807212844
2026-02-03,2025-08-27,"3.60%",0,3.6,0
2026-02-03,2025-08-27,"3.85%",25,3.85,0
2026-02-03,2025-08-27,"4.10%",50,4.1,0
2026-02-03,2025-08-27,"4.35%",75,4.35,0
2026-02-03,2025-08-27,"4.60%",100,4.6,0
2026-02-03,2025-08-27,"4.85%",125,4.85,0
2026-02-03,2025-08-27,"5.10%",150,5.1,0
2026-02-03,2025-08-27,"5.35%",175,5.35,0
2026-02-03,2025-08-27,"5.60%",200,5.6,0
2026-02-03,2025-08-27,"5.85%",225,5.85,0
2026-02-03,2025-08-27,"6.10%",250,6.1,0
2026-02-03,2025-08-28,"0.10%",-300,0.1,0
2026-02-03,2025-08-28,"0.35%",-300,0.35,0
2026-02-03,2025-08-28,"0.60%",-300,0.6,0
2026-02-03,2025-08-28,"0.85%",-275,0.85,0
2026-02-03,2025-08-28,"1.10%",-250,1.1,0
2026-02-03,2025-08-28,"1.35%",-225,1.35,0
2026-02-03,2025-08-28,"1.60%",-200,1.6,0
2026-02-03,2025-08-28,"1.85%",-175,1.85,0
2026-02-03,2025-08-28,"2.10%",-150,2.1,0
2026-02-03,2025-08-28,"2.35%",-125,2.35,0
2026-02-03,2025-08-28,"2.60%",-100,2.6,0
2026-02-03,2025-08-28,"2.85%",-75,2.85,0.115518048339998
2026-02-03,2025-08-28,"3.10%",-50,3.1,0.6729414103277
2026-02-03,2025-08-28,"3.35%",-25,3.35,0.211540541332302
2026-02-03,2025-08-28,"3.60%",0,3.6,0
2026-02-03,2025-08-28,"3.85%",25,3.85,0
2026-02-03,2025-08-28,"4.10%",50,4.1,0
2026-02-03,2025-08-28,"4.35%",75,4.35,0
2026-02-03,2025-08-28,"4.60%",100,4.6,0
2026-02-03,2025-08-28,"4.85%",125,4.85,0
2026-02-03,2025-08-28,"5.10%",150,5.1,0
2026-02-03,2025-08-28,"5.35%",175,5.35,0
2026-02-03,2025-08-28,"5.60%",200,5.6,0
2026-02-03,2025-08-28,"5.85%",225,5.85,0
2026-02-03,2025-08-28,"6.10%",250,6.1,0
2026-02-03,2025-08-31,"0.10%",-300,0.1,0
2026-02-03,2025-08-31,"0.35%",-300,0.35,0
2026-02-03,2025-08-31,"0.60%",-300,0.6,0
2026-02-03,2025-08-31,"0.85%",-275,0.85,0
2026-02-03,2025-08-31,"1.10%",-250,1.1,0
2026-02-03,2025-08-31,"1.35%",-225,1.35,0
2026-02-03,2025-08-31,"1.60%",-200,1.6,0
2026-02-03,2025-08-31,"1.85%",-175,1.85,0
2026-02-03,2025-08-31,"2.10%",-150,2.1,0
2026-02-03,2025-08-31,"2.35%",-125,2.35,0
2026-02-03,2025-08-31,"2.60%",-100,2.6,0.0100516376628058
2026-02-03,2025-08-31,"2.85%",-75,2.85,0.181277932702906
2026-02-03,2025-08-31,"3.10%",-50,3.1,0.526393560967783
2026-02-03,2025-08-31,"3.35%",-25,3.35,0.261050937064659
2026-02-03,2025-08-31,"3.60%",0,3.6,0.0212259316018455
2026-02-03,2025-08-31,"3.85%",25,3.85,0
2026-02-03,2025-08-31,"4.10%",50,4.1,0
2026-02-03,2025-08-31,"4.35%",75,4.35,0
2026-02-03,2025-08-31,"4.60%",100,4.6,0
2026-02-03,2025-08-31,"4.85%",125,4.85,0
2026-02-03,2025-08-31,"5.10%",150,5.1,0
2026-02-03,2025-08-31,"5.35%",175,5.35,0
2026-02-03,2025-08-31,"5.60%",200,5.6,0
2026-02-03,2025-08-31,"5.85%",225,5.85,0
2026-02-03,2025-08-31,"6.10%",250,6.1,0
2026-02-03,2025-09-01,"0.10%",-300,0.1,0
2026-02-03,2025-09-01,"0.35%",-300,0.35,0
2026-02-03,2025-09-01,"0.60%",-300,0.6,0
2026-02-03,2025-09-01,"0.85%",-275,0.85,0
2026-02-03,2025-09-01,"1.10%",-250,1.1,0
2026-02-03,2025-09-01,"1.35%",-225,1.35,0
2026-02-03,2025-09-01,"1.60%",-200,1.6,0
2026-02-03,2025-09-01,"1.85%",-175,1.85,0
2026-02-03,2025-09-01,"2.10%",-150,2.1,0
2026-02-03,2025-09-01,"2.35%",-125,2.35,0
2026-02-03,2025-09-01,"2.60%",-100,2.6,0.0106886413794035
2026-02-03,2025-09-01,"2.85%",-75,2.85,0.184271573513917
2026-02-03,2025-09-01,"3.10%",-50,3.1,0.52382684900707
2026-02-03,2025-09-01,"3.35%",-25,3.35,0.259639793908095
2026-02-03,2025-09-01,"3.60%",0,3.6,0.0215731421915146
2026-02-03,2025-09-01,"3.85%",25,3.85,0
2026-02-03,2025-09-01,"4.10%",50,4.1,0
2026-02-03,2025-09-01,"4.35%",75,4.35,0
2026-02-03,2025-09-01,"4.60%",100,4.6,0
2026-02-03,2025-09-01,"4.85%",125,4.85,0
2026-02-03,2025-09-01,"5.10%",150,5.1,0
2026-02-03,2025-09-01,"5.35%",175,5.35,0
2026-02-03,2025-09-01,"5.60%",200,5.6,0
2026-02-03,2025-09-01,"5.85%",225,5.85,0
2026-02-03,2025-09-01,"6.10%",250,6.1,0
2026-02-03,2025-09-02,"0.10%",-300,0.1,0
2026-02-03,2025-09-02,"0.35%",-300,0.35,0
2026-02-03,2025-09-02,"0.60%",-300,0.6,0
2026-02-03,2025-09-02,"0.85%",-275,0.85,0
2026-02-03,2025-09-02,"1.10%",-250,1.1,0
2026-02-03,2025-09-02,"1.35%",-225,1.35,0
2026-02-03,2025-09-02,"1.60%",-200,1.6,0
2026-02-03,2025-09-02,"1.85%",-175,1.85,0
2026-02-03,2025-09-02,"2.10%",-150,2.1,0
2026-02-03,2025-09-02,"2.35%",-125,2.35,0
2026-02-03,2025-09-02,"2.60%",-100,2.6,0
2026-02-03,2025-09-02,"2.85%",-75,2.85,0.179698014422227
2026-02-03,2025-09-02,"3.10%",-50,3.1,0.557717599243927
2026-02-03,2025-09-02,"3.35%",-25,3.35,0.247782916223424
2026-02-03,2025-09-02,"3.60%",0,3.6,0.0148014701104218
2026-02-03,2025-09-02,"3.85%",25,3.85,0
2026-02-03,2025-09-02,"4.10%",50,4.1,0
2026-02-03,2025-09-02,"4.35%",75,4.35,0
2026-02-03,2025-09-02,"4.60%",100,4.6,0
2026-02-03,2025-09-02,"4.85%",125,4.85,0
2026-02-03,2025-09-02,"5.10%",150,5.1,0
2026-02-03,2025-09-02,"5.35%",175,5.35,0
2026-02-03,2025-09-02,"5.60%",200,5.6,0
2026-02-03,2025-09-02,"5.85%",225,5.85,0
2026-02-03,2025-09-02,"6.10%",250,6.1,0
2026-02-03,2025-09-03,"0.10%",-300,0.1,0
2026-02-03,2025-09-03,"0.35%",-300,0.35,0
2026-02-03,2025-09-03,"0.60%",-300,0.6,0
2026-02-03,2025-09-03,"0.85%",-275,0.85,0
2026-02-03,2025-09-03,"1.10%",-250,1.1,0
2026-02-03,2025-09-03,"1.35%",-225,1.35,0
2026-02-03,2025-09-03,"1.60%",-200,1.6,0
2026-02-03,2025-09-03,"1.85%",-175,1.85,0
2026-02-03,2025-09-03,"2.10%",-150,2.1,0
2026-02-03,2025-09-03,"2.35%",-125,2.35,0
2026-02-03,2025-09-03,"2.60%",-100,2.6,0
2026-02-03,2025-09-03,"2.85%",-75,2.85,0.0570242652328927
2026-02-03,2025-09-03,"3.10%",-50,3.1,0.459713557949321
2026-02-03,2025-09-03,"3.35%",-25,3.35,0.435171458086352
2026-02-03,2025-09-03,"3.60%",0,3.6,0.0480907187314342
2026-02-03,2025-09-03,"3.85%",25,3.85,0
2026-02-03,2025-09-03,"4.10%",50,4.1,0
2026-02-03,2025-09-03,"4.35%",75,4.35,0
2026-02-03,2025-09-03,"4.60%",100,4.6,0
2026-02-03,2025-09-03,"4.85%",125,4.85,0
2026-02-03,2025-09-03,"5.10%",150,5.1,0
2026-02-03,2025-09-03,"5.35%",175,5.35,0
2026-02-03,2025-09-03,"5.60%",200,5.6,0
2026-02-03,2025-09-03,"5.85%",225,5.85,0
2026-02-03,2025-09-03,"6.10%",250,6.1,0
2026-02-03,2025-09-04,"0.10%",-300,0.1,0
2026-02-03,2025-09-04,"0.35%",-300,0.35,0
2026-02-03,2025-09-04,"0.60%",-300,0.6,0
2026-02-03,2025-09-04,"0.85%",-275,0.85,0
2026-02-03,2025-09-04,"1.10%",-250,1.1,0
2026-02-03,2025-09-04,"1.35%",-225,1.35,0
2026-02-03,2025-09-04,"1.60%",-200,1.6,0
2026-02-03,2025-09-04,"1.85%",-175,1.85,0
2026-02-03,2025-09-04,"2.10%",-150,2.1,0
2026-02-03,2025-09-04,"2.35%",-125,2.35,0
2026-02-03,2025-09-04,"2.60%",-100,2.6,0
2026-02-03,2025-09-04,"2.85%",-75,2.85,0.0539295718839218
2026-02-03,2025-09-04,"3.10%",-50,3.1,0.464323350018089
2026-02-03,2025-09-04,"3.35%",-25,3.35,0.437079619160364
2026-02-03,2025-09-04,"3.60%",0,3.6,0.0446674589376249
2026-02-03,2025-09-04,"3.85%",25,3.85,0
2026-02-03,2025-09-04,"4.10%",50,4.1,0
2026-02-03,2025-09-04,"4.35%",75,4.35,0
2026-02-03,2025-09-04,"4.60%",100,4.6,0
2026-02-03,2025-09-04,"4.85%",125,4.85,0
2026-02-03,2025-09-04,"5.10%",150,5.1,0
2026-02-03,2025-09-04,"5.35%",175,5.35,0
2026-02-03,2025-09-04,"5.60%",200,5.6,0
2026-02-03,2025-09-04,"5.85%",225,5.85,0
2026-02-03,2025-09-04,"6.10%",250,6.1,0
2026-02-03,2025-09-07,"0.10%",-300,0.1,0
2026-02-03,2025-09-07,"0.35%",-300,0.35,0
2026-02-03,2025-09-07,"0.60%",-300,0.6,0
2026-02-03,2025-09-07,"0.85%",-275,0.85,0
2026-02-03,2025-09-07,"1.10%",-250,1.1,0
2026-02-03,2025-09-07,"1.35%",-225,1.35,0
2026-02-03,2025-09-07,"1.60%",-200,1.6,0
2026-02-03,2025-09-07,"1.85%",-175,1.85,0
2026-02-03,2025-09-07,"2.10%",-150,2.1,0
2026-02-03,2025-09-07,"2.35%",-125,2.35,0
2026-02-03,2025-09-07,"2.60%",-100,2.6,0
2026-02-03,2025-09-07,"2.85%",-75,2.85,0.0418694855936109
2026-02-03,2025-09-07,"3.10%",-50,3.1,0.471171138198987
2026-02-03,2025-09-07,"3.35%",-25,3.35,0.450596923555548
2026-02-03,2025-09-07,"3.60%",0,3.6,0.0363624526518542
2026-02-03,2025-09-07,"3.85%",25,3.85,0
2026-02-03,2025-09-07,"4.10%",50,4.1,0
2026-02-03,2025-09-07,"4.35%",75,4.35,0
2026-02-03,2025-09-07,"4.60%",100,4.6,0
2026-02-03,2025-09-07,"4.85%",125,4.85,0
2026-02-03,2025-09-07,"5.10%",150,5.1,0
2026-02-03,2025-09-07,"5.35%",175,5.35,0
2026-02-03,2025-09-07,"5.60%",200,5.6,0
2026-02-03,2025-09-07,"5.85%",225,5.85,0
2026-02-03,2025-09-07,"6.10%",250,6.1,0
2026-02-03,2025-09-08,"0.10%",-300,0.1,0
2026-02-03,2025-09-08,"0.35%",-300,0.35,0
2026-02-03,2025-09-08,"0.60%",-300,0.6,0
2026-02-03,2025-09-08,"0.85%",-275,0.85,0
2026-02-03,2025-09-08,"1.10%",-250,1.1,0
2026-02-03,2025-09-08,"1.35%",-225,1.35,0
2026-02-03,2025-09-08,"1.60%",-200,1.6,0
2026-02-03,2025-09-08,"1.85%",-175,1.85,0
2026-02-03,2025-09-08,"2.10%",-150,2.1,0
2026-02-03,2025-09-08,"2.35%",-125,2.35,0
2026-02-03,2025-09-08,"2.60%",-100,2.6,0
2026-02-03,2025-09-08,"2.85%",-75,2.85,0.0578297521499612
2026-02-03,2025-09-08,"3.10%",-50,3.1,0.519826155773204
2026-02-03,2025-09-08,"3.35%",-25,3.35,0.397562964891095
2026-02-03,2025-09-08,"3.60%",0,3.6,0.0247811271857389
2026-02-03,2025-09-08,"3.85%",25,3.85,0
2026-02-03,2025-09-08,"4.10%",50,4.1,0
2026-02-03,2025-09-08,"4.35%",75,4.35,0
2026-02-03,2025-09-08,"4.60%",100,4.6,0
2026-02-03,2025-09-08,"4.85%",125,4.85,0
2026-02-03,2025-09-08,"5.10%",150,5.1,0
2026-02-03,2025-09-08,"5.35%",175,5.35,0
2026-02-03,2025-09-08,"5.60%",200,5.6,0
2026-02-03,2025-09-08,"5.85%",225,5.85,0
2026-02-03,2025-09-08,"6.10%",250,6.1,0
2026-02-03,2025-09-09,"0.10%",-300,0.1,0
2026-02-03,2025-09-09,"0.35%",-300,0.35,0
2026-02-03,2025-09-09,"0.60%",-300,0.6,0
2026-02-03,2025-09-09,"0.85%",-275,0.85,0
2026-02-03,2025-09-09,"1.10%",-250,1.1,0
2026-02-03,2025-09-09,"1.35%",-225,1.35,0
2026-02-03,2025-09-09,"1.60%",-200,1.6,0
2026-02-03,2025-09-09,"1.85%",-175,1.85,0
2026-02-03,2025-09-09,"2.10%",-150,2.1,0
2026-02-03,2025-09-09,"2.35%",-125,2.35,0
2026-02-03,2025-09-09,"2.60%",-100,2.6,0
2026-02-03,2025-09-09,"2.85%",-75,2.85,0.0588140957210889
2026-02-03,2025-09-09,"3.10%",-50,3.1,0.515479240612491
2026-02-03,2025-09-09,"3.35%",-25,3.35,0.39939868374357
2026-02-03,2025-09-09,"3.60%",0,3.6,0.0263079799228494
2026-02-03,2025-09-09,"3.85%",25,3.85,0
2026-02-03,2025-09-09,"4.10%",50,4.1,0
2026-02-03,2025-09-09,"4.35%",75,4.35,0
2026-02-03,2025-09-09,"4.60%",100,4.6,0
2026-02-03,2025-09-09,"4.85%",125,4.85,0
2026-02-03,2025-09-09,"5.10%",150,5.1,0
2026-02-03,2025-09-09,"5.35%",175,5.35,0
2026-02-03,2025-09-09,"5.60%",200,5.6,0
2026-02-03,2025-09-09,"5.85%",225,5.85,0
2026-02-03,2025-09-09,"6.10%",250,6.1,0
2026-02-03,2025-09-10,"0.10%",-300,0.1,0
2026-02-03,2025-09-10,"0.35%",-300,0.35,0
2026-02-03,2025-09-10,"0.60%",-300,0.6,0
2026-02-03,2025-09-10,"0.85%",-275,0.85,0
2026-02-03,2025-09-10,"1.10%",-250,1.1,0
2026-02-03,2025-09-10,"1.35%",-225,1.35,0
2026-02-03,2025-09-10,"1.60%",-200,1.6,0
2026-02-03,2025-09-10,"1.85%",-175,1.85,0
2026-02-03,2025-09-10,"2.10%",-150,2.1,0
2026-02-03,2025-09-10,"2.35%",-125,2.35,0
2026-02-03,2025-09-10,"2.60%",-100,2.6,0
2026-02-03,2025-09-10,"2.85%",-75,2.85,0.0623370343584203
2026-02-03,2025-09-10,"3.10%",-50,3.1,0.512123473425949
2026-02-03,2025-09-10,"3.35%",-25,3.35,0.397431383880038
2026-02-03,2025-09-10,"3.60%",0,3.6,0.0281081083355931
2026-02-03,2025-09-10,"3.85%",25,3.85,0
2026-02-03,2025-09-10,"4.10%",50,4.1,0
2026-02-03,2025-09-10,"4.35%",75,4.35,0
2026-02-03,2025-09-10,"4.60%",100,4.6,0
2026-02-03,2025-09-10,"4.85%",125,4.85,0
2026-02-03,2025-09-10,"5.10%",150,5.1,0
2026-02-03,2025-09-10,"5.35%",175,5.35,0
2026-02-03,2025-09-10,"5.60%",200,5.6,0
2026-02-03,2025-09-10,"5.85%",225,5.85,0
2026-02-03,2025-09-10,"6.10%",250,6.1,0
2026-02-03,2025-09-11,"0.10%",-300,0.1,0
2026-02-03,2025-09-11,"0.35%",-300,0.35,0
2026-02-03,2025-09-11,"0.60%",-300,0.6,0
2026-02-03,2025-09-11,"0.85%",-275,0.85,0
2026-02-03,2025-09-11,"1.10%",-250,1.1,0
2026-02-03,2025-09-11,"1.35%",-225,1.35,0
2026-02-03,2025-09-11,"1.60%",-200,1.6,0
2026-02-03,2025-09-11,"1.85%",-175,1.85,0
2026-02-03,2025-09-11,"2.10%",-150,2.1,0
2026-02-03,2025-09-11,"2.35%",-125,2.35,0
2026-02-03,2025-09-11,"2.60%",-100,2.6,0
2026-02-03,2025-09-11,"2.85%",-75,2.85,0.0684958335514889
2026-02-03,2025-09-11,"3.10%",-50,3.1,0.506122503365522
2026-02-03,2025-09-11,"3.35%",-25,3.35,0.394039835956086
2026-02-03,2025-09-11,"3.60%",0,3.6,0.0313418271269034
2026-02-03,2025-09-11,"3.85%",25,3.85,0
2026-02-03,2025-09-11,"4.10%",50,4.1,0
2026-02-03,2025-09-11,"4.35%",75,4.35,0
2026-02-03,2025-09-11,"4.60%",100,4.6,0
2026-02-03,2025-09-11,"4.85%",125,4.85,0
2026-02-03,2025-09-11,"5.10%",150,5.1,0
2026-02-03,2025-09-11,"5.35%",175,5.35,0
2026-02-03,2025-09-11,"5.60%",200,5.6,0
2026-02-03,2025-09-11,"5.85%",225,5.85,0
2026-02-03,2025-09-11,"6.10%",250,6.1,0
2026-02-03,2025-09-12,"0.10%",-300,0.1,0
2026-02-03,2025-09-12,"0.35%",-300,0.35,0
2026-02-03,2025-09-12,"0.60%",-300,0.6,0
2026-02-03,2025-09-12,"0.85%",-275,0.85,0
2026-02-03,2025-09-12,"1.10%",-250,1.1,0
2026-02-03,2025-09-12,"1.35%",-225,1.35,0
2026-02-03,2025-09-12,"1.60%",-200,1.6,0
2026-02-03,2025-09-12,"1.85%",-175,1.85,0
2026-02-03,2025-09-12,"2.10%",-150,2.1,0
2026-02-03,2025-09-12,"2.35%",-125,2.35,0
2026-02-03,2025-09-12,"2.60%",-100,2.6,0
2026-02-03,2025-09-12,"2.85%",-75,2.85,0.0431740941192497
2026-02-03,2025-09-12,"3.10%",-50,3.1,0.543181081925801
2026-02-03,2025-09-12,"3.35%",-25,3.35,0.397894097819168
2026-02-03,2025-09-12,"3.60%",0,3.6,0.0157507261357812
2026-02-03,2025-09-12,"3.85%",25,3.85,0
2026-02-03,2025-09-12,"4.10%",50,4.1,0
2026-02-03,2025-09-12,"4.35%",75,4.35,0
2026-02-03,2025-09-12,"4.60%",100,4.6,0
2026-02-03,2025-09-12,"4.85%",125,4.85,0
2026-02-03,2025-09-12,"5.10%",150,5.1,0
2026-02-03,2025-09-12,"5.35%",175,5.35,0
2026-02-03,2025-09-12,"5.60%",200,5.6,0
2026-02-03,2025-09-12,"5.85%",225,5.85,0
2026-02-03,2025-09-12,"6.10%",250,6.1,0
2026-02-03,2025-09-14,"0.10%",-300,0.1,0
2026-02-03,2025-09-14,"0.35%",-300,0.35,0
2026-02-03,2025-09-14,"0.60%",-300,0.6,0
2026-02-03,2025-09-14,"0.85%",-275,0.85,0
2026-02-03,2025-09-14,"1.10%",-250,1.1,0
2026-02-03,2025-09-14,"1.35%",-225,1.35,0
2026-02-03,2025-09-14,"1.60%",-200,1.6,0
2026-02-03,2025-09-14,"1.85%",-175,1.85,0
2026-02-03,2025-09-14,"2.10%",-150,2.1,0
2026-02-03,2025-09-14,"2.35%",-125,2.35,0
2026-02-03,2025-09-14,"2.60%",-100,2.6,0
2026-02-03,2025-09-14,"2.85%",-75,2.85,0.0419801014440203
2026-02-03,2025-09-14,"3.10%",-50,3.1,0.547626662252789
2026-02-03,2025-09-14,"3.35%",-25,3.35,0.395787073340167
2026-02-03,2025-09-14,"3.60%",0,3.6,0.0146061629630235
2026-02-03,2025-09-14,"3.85%",25,3.85,0
2026-02-03,2025-09-14,"4.10%",50,4.1,0
2026-02-03,2025-09-14,"4.35%",75,4.35,0
2026-02-03,2025-09-14,"4.60%",100,4.6,0
2026-02-03,2025-09-14,"4.85%",125,4.85,0
2026-02-03,2025-09-14,"5.10%",150,5.1,0
2026-02-03,2025-09-14,"5.35%",175,5.35,0
2026-02-03,2025-09-14,"5.60%",200,5.6,0
2026-02-03,2025-09-14,"5.85%",225,5.85,0
2026-02-03,2025-09-14,"6.10%",250,6.1,0
2026-02-03,2025-09-15,"0.10%",-300,0.1,0
2026-02-03,2025-09-15,"0.35%",-300,0.35,0
2026-02-03,2025-09-15,"0.60%",-300,0.6,0
2026-02-03,2025-09-15,"0.85%",-275,0.85,0
2026-02-03,2025-09-15,"1.10%",-250,1.1,0
2026-02-03,2025-09-15,"1.35%",-225,1.35,0
2026-02-03,2025-09-15,"1.60%",-200,1.6,0
2026-02-03,2025-09-15,"1.85%",-175,1.85,0
2026-02-03,2025-09-15,"2.10%",-150,2.1,0
2026-02-03,2025-09-15,"2.35%",-125,2.35,0
2026-02-03,2025-09-15,"2.60%",-100,2.6,0
2026-02-03,2025-09-15,"2.85%",-75,2.85,0.0449686013690619
2026-02-03,2025-09-15,"3.10%",-50,3.1,0.561449532771129
2026-02-03,2025-09-15,"3.35%",-25,3.35,0.380873914713718
2026-02-03,2025-09-15,"3.60%",0,3.6,0.0127079511460913
2026-02-03,2025-09-15,"3.85%",25,3.85,0
2026-02-03,2025-09-15,"4.10%",50,4.1,0
2026-02-03,2025-09-15,"4.35%",75,4.35,0
2026-02-03,2025-09-15,"4.60%",100,4.6,0
2026-02-03,2025-09-15,"4.85%",125,4.85,0
2026-02-03,2025-09-15,"5.10%",150,5.1,0
2026-02-03,2025-09-15,"5.35%",175,5.35,0
2026-02-03,2025-09-15,"5.60%",200,5.6,0
2026-02-03,2025-09-15,"5.85%",225,5.85,0
2026-02-03,2025-09-15,"6.10%",250,6.1,0
2026-02-03,2025-09-16,"0.10%",-300,0.1,0
2026-02-03,2025-09-16,"0.35%",-300,0.35,0
2026-02-03,2025-09-16,"0.60%",-300,0.6,0
2026-02-03,2025-09-16,"0.85%",-275,0.85,0
2026-02-03,2025-09-16,"1.10%",-250,1.1,0
2026-02-03,2025-09-16,"1.35%",-225,1.35,0
2026-02-03,2025-09-16,"1.60%",-200,1.6,0
2026-02-03,2025-09-16,"1.85%",-175,1.85,0
2026-02-03,2025-09-16,"2.10%",-150,2.1,0
2026-02-03,2025-09-16,"2.35%",-125,2.35,0
2026-02-03,2025-09-16,"2.60%",-100,2.6,0
2026-02-03,2025-09-16,"2.85%",-75,2.85,0.0233891013344534
2026-02-03,2025-09-16,"3.10%",-50,3.1,0.581847466109726
2026-02-03,2025-09-16,"3.35%",-25,3.35,0.39476343255582
2026-02-03,2025-09-16,"3.60%",0,3.6,0
2026-02-03,2025-09-16,"3.85%",25,3.85,0
2026-02-03,2025-09-16,"4.10%",50,4.1,0
2026-02-03,2025-09-16,"4.35%",75,4.35,0
2026-02-03,2025-09-16,"4.60%",100,4.6,0
2026-02-03,2025-09-16,"4.85%",125,4.85,0
2026-02-03,2025-09-16,"5.10%",150,5.1,0
2026-02-03,2025-09-16,"5.35%",175,5.35,0
2026-02-03,2025-09-16,"5.60%",200,5.6,0
2026-02-03,2025-09-16,"5.85%",225,5.85,0
2026-02-03,2025-09-16,"6.10%",250,6.1,0
2026-02-03,2025-09-17,"0.10%",-300,0.1,0
2026-02-03,2025-09-17,"0.35%",-300,0.35,0
2026-02-03,2025-09-17,"0.60%",-300,0.6,0
2026-02-03,2025-09-17,"0.85%",-275,0.85,0
2026-02-03,2025-09-17,"1.10%",-250,1.1,0
2026-02-03,2025-09-17,"1.35%",-225,1.35,0
2026-02-03,2025-09-17,"1.60%",-200,1.6,0
2026-02-03,2025-09-17,"1.85%",-175,1.85,0
2026-02-03,2025-09-17,"2.10%",-150,2.1,0
2026-02-03,2025-09-17,"2.35%",-125,2.35,0
2026-02-03,2025-09-17,"2.60%",-100,2.6,0
2026-02-03,2025-09-17,"2.85%",-75,2.85,0.0551011414978702
2026-02-03,2025-09-17,"3.10%",-50,3.1,0.601999443436385
2026-02-03,2025-09-17,"3.35%",-25,3.35,0.342899415065745
2026-02-03,2025-09-17,"3.60%",0,3.6,0
2026-02-03,2025-09-17,"3.85%",25,3.85,0
2026-02-03,2025-09-17,"4.10%",50,4.1,0
2026-02-03,2025-09-17,"4.35%",75,4.35,0
2026-02-03,2025-09-17,"4.60%",100,4.6,0
2026-02-03,2025-09-17,"4.85%",125,4.85,0
2026-02-03,2025-09-17,"5.10%",150,5.1,0
2026-02-03,2025-09-17,"5.35%",175,5.35,0
2026-02-03,2025-09-17,"5.60%",200,5.6,0
2026-02-03,2025-09-17,"5.85%",225,5.85,0
2026-02-03,2025-09-17,"6.10%",250,6.1,0
2026-02-03,2025-09-18,"0.10%",-300,0.1,0
2026-02-03,2025-09-18,"0.35%",-300,0.35,0
2026-02-03,2025-09-18,"0.60%",-300,0.6,0
2026-02-03,2025-09-18,"0.85%",-275,0.85,0
2026-02-03,2025-09-18,"1.10%",-250,1.1,0
2026-02-03,2025-09-18,"1.35%",-225,1.35,0
2026-02-03,2025-09-18,"1.60%",-200,1.6,0
2026-02-03,2025-09-18,"1.85%",-175,1.85,0
2026-02-03,2025-09-18,"2.10%",-150,2.1,0
2026-02-03,2025-09-18,"2.35%",-125,2.35,0
2026-02-03,2025-09-18,"2.60%",-100,2.6,0
2026-02-03,2025-09-18,"2.85%",-75,2.85,0.0391544226668522
2026-02-03,2025-09-18,"3.10%",-50,3.1,0.631926861629808
2026-02-03,2025-09-18,"3.35%",-25,3.35,0.328918715703339
2026-02-03,2025-09-18,"3.60%",0,3.6,0
2026-02-03,2025-09-18,"3.85%",25,3.85,0
2026-02-03,2025-09-18,"4.10%",50,4.1,0
2026-02-03,2025-09-18,"4.35%",75,4.35,0
2026-02-03,2025-09-18,"4.60%",100,4.6,0
2026-02-03,2025-09-18,"4.85%",125,4.85,0
2026-02-03,2025-09-18,"5.10%",150,5.1,0
2026-02-03,2025-09-18,"5.35%",175,5.35,0
2026-02-03,2025-09-18,"5.60%",200,5.6,0
2026-02-03,2025-09-18,"5.85%",225,5.85,0
2026-02-03,2025-09-18,"6.10%",250,6.1,0
2026-02-03,2025-09-21,"0.10%",-300,0.1,0
2026-02-03,2025-09-21,"0.35%",-300,0.35,0
2026-02-03,2025-09-21,"0.60%",-300,0.6,0
2026-02-03,2025-09-21,"0.85%",-275,0.85,0
2026-02-03,2025-09-21,"1.10%",-250,1.1,0
2026-02-03,2025-09-21,"1.35%",-225,1.35,0
2026-02-03,2025-09-21,"1.60%",-200,1.6,0
2026-02-03,2025-09-21,"1.85%",-175,1.85,0
2026-02-03,2025-09-21,"2.10%",-150,2.1,0
2026-02-03,2025-09-21,"2.35%",-125,2.35,0
2026-02-03,2025-09-21,"2.60%",-100,2.6,0
2026-02-03,2025-09-21,"2.85%",-75,2.85,0.0251849475746103
2026-02-03,2025-09-21,"3.10%",-50,3.1,0.666965522766764
2026-02-03,2025-09-21,"3.35%",-25,3.35,0.307849529658625
2026-02-03,2025-09-21,"3.60%",0,3.6,0
2026-02-03,2025-09-21,"3.85%",25,3.85,0
2026-02-03,2025-09-21,"4.10%",50,4.1,0
2026-02-03,2025-09-21,"4.35%",75,4.35,0
2026-02-03,2025-09-21,"4.60%",100,4.6,0
2026-02-03,2025-09-21,"4.85%",125,4.85,0
2026-02-03,2025-09-21,"5.10%",150,5.1,0
2026-02-03,2025-09-21,"5.35%",175,5.35,0
2026-02-03,2025-09-21,"5.60%",200,5.6,0
2026-02-03,2025-09-21,"5.85%",225,5.85,0
2026-02-03,2025-09-21,"6.10%",250,6.1,0
2026-02-03,2025-09-22,"0.10%",-300,0.1,0
2026-02-03,2025-09-22,"0.35%",-300,0.35,0
2026-02-03,2025-09-22,"0.60%",-300,0.6,0
2026-02-03,2025-09-22,"0.85%",-275,0.85,0
2026-02-03,2025-09-22,"1.10%",-250,1.1,0
2026-02-03,2025-09-22,"1.35%",-225,1.35,0
2026-02-03,2025-09-22,"1.60%",-200,1.6,0
2026-02-03,2025-09-22,"1.85%",-175,1.85,0
2026-02-03,2025-09-22,"2.10%",-150,2.1,0
2026-02-03,2025-09-22,"2.35%",-125,2.35,0
2026-02-03,2025-09-22,"2.60%",-100,2.6,0
2026-02-03,2025-09-22,"2.85%",-75,2.85,0.0195029986930293
2026-02-03,2025-09-22,"3.10%",-50,3.1,0.69044264255473
2026-02-03,2025-09-22,"3.35%",-25,3.35,0.29005435875224
2026-02-03,2025-09-22,"3.60%",0,3.6,0
2026-02-03,2025-09-22,"3.85%",25,3.85,0
2026-02-03,2025-09-22,"4.10%",50,4.1,0
2026-02-03,2025-09-22,"4.35%",75,4.35,0
2026-02-03,2025-09-22,"4.60%",100,4.6,0
2026-02-03,2025-09-22,"4.85%",125,4.85,0
2026-02-03,2025-09-22,"5.10%",150,5.1,0
2026-02-03,2025-09-22,"5.35%",175,5.35,0
2026-02-03,2025-09-22,"5.60%",200,5.6,0
2026-02-03,2025-09-22,"5.85%",225,5.85,0
2026-02-03,2025-09-22,"6.10%",250,6.1,0
2026-02-03,2025-09-23,"0.10%",-300,0.1,0
2026-02-03,2025-09-23,"0.35%",-300,0.35,0
2026-02-03,2025-09-23,"0.60%",-300,0.6,0
2026-02-03,2025-09-23,"0.85%",-275,0.85,0
2026-02-03,2025-09-23,"1.10%",-250,1.1,0
2026-02-03,2025-09-23,"1.35%",-225,1.35,0
2026-02-03,2025-09-23,"1.60%",-200,1.6,0
2026-02-03,2025-09-23,"1.85%",-175,1.85,0
2026-02-03,2025-09-23,"2.10%",-150,2.1,0
2026-02-03,2025-09-23,"2.35%",-125,2.35,0
2026-02-03,2025-09-23,"2.60%",-100,2.6,0
2026-02-03,2025-09-23,"2.85%",-75,2.85,0
2026-02-03,2025-09-23,"3.10%",-50,3.1,0.166935505166245
2026-02-03,2025-09-23,"3.35%",-25,3.35,0.710369270361861
2026-02-03,2025-09-23,"3.60%",0,3.6,0.122695224471893
2026-02-03,2025-09-23,"3.85%",25,3.85,0
2026-02-03,2025-09-23,"4.10%",50,4.1,0
2026-02-03,2025-09-23,"4.35%",75,4.35,0
2026-02-03,2025-09-23,"4.60%",100,4.6,0
2026-02-03,2025-09-23,"4.85%",125,4.85,0
2026-02-03,2025-09-23,"5.10%",150,5.1,0
2026-02-03,2025-09-23,"5.35%",175,5.35,0
2026-02-03,2025-09-23,"5.60%",200,5.6,0
2026-02-03,2025-09-23,"5.85%",225,5.85,0
2026-02-03,2025-09-23,"6.10%",250,6.1,0
2026-02-03,2025-09-24,"0.10%",-300,0.1,0
2026-02-03,2025-09-24,"0.35%",-300,0.35,0
2026-02-03,2025-09-24,"0.60%",-300,0.6,0
2026-02-03,2025-09-24,"0.85%",-275,0.85,0
2026-02-03,2025-09-24,"1.10%",-250,1.1,0
2026-02-03,2025-09-24,"1.35%",-225,1.35,0
2026-02-03,2025-09-24,"1.60%",-200,1.6,0
2026-02-03,2025-09-24,"1.85%",-175,1.85,0
2026-02-03,2025-09-24,"2.10%",-150,2.1,0
2026-02-03,2025-09-24,"2.35%",-125,2.35,0
2026-02-03,2025-09-24,"2.60%",-100,2.6,0
2026-02-03,2025-09-24,"2.85%",-75,2.85,0
2026-02-03,2025-09-24,"3.10%",-50,3.1,0.191169583508685
2026-02-03,2025-09-24,"3.35%",-25,3.35,0.668821918062267
2026-02-03,2025-09-24,"3.60%",0,3.6,0.140008498429048
2026-02-03,2025-09-24,"3.85%",25,3.85,0
2026-02-03,2025-09-24,"4.10%",50,4.1,0
2026-02-03,2025-09-24,"4.35%",75,4.35,0
2026-02-03,2025-09-24,"4.60%",100,4.6,0
2026-02-03,2025-09-24,"4.85%",125,4.85,0
2026-02-03,2025-09-24,"5.10%",150,5.1,0
2026-02-03,2025-09-24,"5.35%",175,5.35,0
2026-02-03,2025-09-24,"5.60%",200,5.6,0
2026-02-03,2025-09-24,"5.85%",225,5.85,0
2026-02-03,2025-09-24,"6.10%",250,6.1,0
2026-02-03,2025-09-25,"0.10%",-300,0.1,0
2026-02-03,2025-09-25,"0.35%",-300,0.35,0
2026-02-03,2025-09-25,"0.60%",-300,0.6,0
2026-02-03,2025-09-25,"0.85%",-275,0.85,0
2026-02-03,2025-09-25,"1.10%",-250,1.1,0
2026-02-03,2025-09-25,"1.35%",-225,1.35,0
2026-02-03,2025-09-25,"1.60%",-200,1.6,0
2026-02-03,2025-09-25,"1.85%",-175,1.85,0
2026-02-03,2025-09-25,"2.10%",-150,2.1,0
2026-02-03,2025-09-25,"2.35%",-125,2.35,0
2026-02-03,2025-09-25,"2.60%",-100,2.6,0
2026-02-03,2025-09-25,"2.85%",-75,2.85,0
2026-02-03,2025-09-25,"3.10%",-50,3.1,0.212757281786785
2026-02-03,2025-09-25,"3.35%",-25,3.35,0.62541178702071
2026-02-03,2025-09-25,"3.60%",0,3.6,0.161830931192504
2026-02-03,2025-09-25,"3.85%",25,3.85,0
2026-02-03,2025-09-25,"4.10%",50,4.1,0
2026-02-03,2025-09-25,"4.35%",75,4.35,0
2026-02-03,2025-09-25,"4.60%",100,4.6,0
2026-02-03,2025-09-25,"4.85%",125,4.85,0
2026-02-03,2025-09-25,"5.10%",150,5.1,0
2026-02-03,2025-09-25,"5.35%",175,5.35,0
2026-02-03,2025-09-25,"5.60%",200,5.6,0
2026-02-03,2025-09-25,"5.85%",225,5.85,0
2026-02-03,2025-09-25,"6.10%",250,6.1,0
2026-02-03,2025-09-28,"0.10%",-300,0.1,0
2026-02-03,2025-09-28,"0.35%",-300,0.35,0
2026-02-03,2025-09-28,"0.60%",-300,0.6,0
2026-02-03,2025-09-28,"0.85%",-275,0.85,0
2026-02-03,2025-09-28,"1.10%",-250,1.1,0
2026-02-03,2025-09-28,"1.35%",-225,1.35,0
2026-02-03,2025-09-28,"1.60%",-200,1.6,0
2026-02-03,2025-09-28,"1.85%",-175,1.85,0
2026-02-03,2025-09-28,"2.10%",-150,2.1,0
2026-02-03,2025-09-28,"2.35%",-125,2.35,0
2026-02-03,2025-09-28,"2.60%",-100,2.6,0
2026-02-03,2025-09-28,"2.85%",-75,2.85,0.0180930293329914
2026-02-03,2025-09-28,"3.10%",-50,3.1,0.237073421792039
2026-02-03,2025-09-28,"3.35%",-25,3.35,0.525523523810547
2026-02-03,2025-09-28,"3.60%",0,3.6,0.205770421289966
2026-02-03,2025-09-28,"3.85%",25,3.85,0.0135396037744566
2026-02-03,2025-09-28,"4.10%",50,4.1,0
2026-02-03,2025-09-28,"4.35%",75,4.35,0
2026-02-03,2025-09-28,"4.60%",100,4.6,0
2026-02-03,2025-09-28,"4.85%",125,4.85,0
2026-02-03,2025-09-28,"5.10%",150,5.1,0
2026-02-03,2025-09-28,"5.35%",175,5.35,0
2026-02-03,2025-09-28,"5.60%",200,5.6,0
2026-02-03,2025-09-28,"5.85%",225,5.85,0
2026-02-03,2025-09-28,"6.10%",250,6.1,0
2026-02-03,2025-09-29,"0.10%",-300,0.1,0
2026-02-03,2025-09-29,"0.35%",-300,0.35,0
2026-02-03,2025-09-29,"0.60%",-300,0.6,0
2026-02-03,2025-09-29,"0.85%",-275,0.85,0
2026-02-03,2025-09-29,"1.10%",-250,1.1,0
2026-02-03,2025-09-29,"1.35%",-225,1.35,0
2026-02-03,2025-09-29,"1.60%",-200,1.6,0
2026-02-03,2025-09-29,"1.85%",-175,1.85,0
2026-02-03,2025-09-29,"2.10%",-150,2.1,0
2026-02-03,2025-09-29,"2.35%",-125,2.35,0
2026-02-03,2025-09-29,"2.60%",-100,2.6,0
2026-02-03,2025-09-29,"2.85%",-75,2.85,0.0321581031803716
2026-02-03,2025-09-29,"3.10%",-50,3.1,0.258794279282748
2026-02-03,2025-09-29,"3.35%",-25,3.35,0.479587817591025
2026-02-03,2025-09-29,"3.60%",0,3.6,0.208678300605802
2026-02-03,2025-09-29,"3.85%",25,3.85,0.0207814993400542
2026-02-03,2025-09-29,"4.10%",50,4.1,0
2026-02-03,2025-09-29,"4.35%",75,4.35,0
2026-02-03,2025-09-29,"4.60%",100,4.6,0
2026-02-03,2025-09-29,"4.85%",125,4.85,0
2026-02-03,2025-09-29,"5.10%",150,5.1,0
2026-02-03,2025-09-29,"5.35%",175,5.35,0
2026-02-03,2025-09-29,"5.60%",200,5.6,0
2026-02-03,2025-09-29,"5.85%",225,5.85,0
2026-02-03,2025-09-29,"6.10%",250,6.1,0
2026-02-03,2025-09-30,"0.10%",-300,0.1,0
2026-02-03,2025-09-30,"0.35%",-300,0.35,0
2026-02-03,2025-09-30,"0.60%",-300,0.6,0
2026-02-03,2025-09-30,"0.85%",-275,0.85,0
2026-02-03,2025-09-30,"1.10%",-250,1.1,0
2026-02-03,2025-09-30,"1.35%",-225,1.35,0
2026-02-03,2025-09-30,"1.60%",-200,1.6,0
2026-02-03,2025-09-30,"1.85%",-175,1.85,0
2026-02-03,2025-09-30,"2.10%",-150,2.1,0
2026-02-03,2025-09-30,"2.35%",-125,2.35,0
2026-02-03,2025-09-30,"2.60%",-100,2.6,0
2026-02-03,2025-09-30,"2.85%",-75,2.85,0
2026-02-03,2025-09-30,"3.10%",-50,3.1,0.155906226370109
2026-02-03,2025-09-30,"3.35%",-25,3.35,0.557983871824796
2026-02-03,2025-09-30,"3.60%",0,3.6,0.26958578231942
2026-02-03,2025-09-30,"3.85%",25,3.85,0.016524119485675
2026-02-03,2025-09-30,"4.10%",50,4.1,0
2026-02-03,2025-09-30,"4.35%",75,4.35,0
2026-02-03,2025-09-30,"4.60%",100,4.6,0
2026-02-03,2025-09-30,"4.85%",125,4.85,0
2026-02-03,2025-09-30,"5.10%",150,5.1,0
2026-02-03,2025-09-30,"5.35%",175,5.35,0
2026-02-03,2025-09-30,"5.60%",200,5.6,0
2026-02-03,2025-09-30,"5.85%",225,5.85,0
2026-02-03,2025-09-30,"6.10%",250,6.1,0
2026-02-03,2025-10-01,"0.10%",-300,0.1,0
2026-02-03,2025-10-01,"0.35%",-300,0.35,0
2026-02-03,2025-10-01,"0.60%",-300,0.6,0
2026-02-03,2025-10-01,"0.85%",-275,0.85,0
2026-02-03,2025-10-01,"1.10%",-250,1.1,0
2026-02-03,2025-10-01,"1.35%",-225,1.35,0
2026-02-03,2025-10-01,"1.60%",-200,1.6,0
2026-02-03,2025-10-01,"1.85%",-175,1.85,0
2026-02-03,2025-10-01,"2.10%",-150,2.1,0
2026-02-03,2025-10-01,"2.35%",-125,2.35,0
2026-02-03,2025-10-01,"2.60%",-100,2.6,0
2026-02-03,2025-10-01,"2.85%",-75,2.85,0
2026-02-03,2025-10-01,"3.10%",-50,3.1,0.150673372666367
2026-02-03,2025-10-01,"3.35%",-25,3.35,0.50903420433873
2026-02-03,2025-10-01,"3.60%",0,3.6,0.307859891180627
2026-02-03,2025-10-01,"3.85%",25,3.85,0.0324325318142757
2026-02-03,2025-10-01,"4.10%",50,4.1,0
2026-02-03,2025-10-01,"4.35%",75,4.35,0
2026-02-03,2025-10-01,"4.60%",100,4.6,0
2026-02-03,2025-10-01,"4.85%",125,4.85,0
2026-02-03,2025-10-01,"5.10%",150,5.1,0
2026-02-03,2025-10-01,"5.35%",175,5.35,0
2026-02-03,2025-10-01,"5.60%",200,5.6,0
2026-02-03,2025-10-01,"5.85%",225,5.85,0
2026-02-03,2025-10-01,"6.10%",250,6.1,0
2026-02-03,2025-10-02,"0.10%",-300,0.1,0
2026-02-03,2025-10-02,"0.35%",-300,0.35,0
2026-02-03,2025-10-02,"0.60%",-300,0.6,0
2026-02-03,2025-10-02,"0.85%",-275,0.85,0
2026-02-03,2025-10-02,"1.10%",-250,1.1,0
2026-02-03,2025-10-02,"1.35%",-225,1.35,0
2026-02-03,2025-10-02,"1.60%",-200,1.6,0
2026-02-03,2025-10-02,"1.85%",-175,1.85,0
2026-02-03,2025-10-02,"2.10%",-150,2.1,0
2026-02-03,2025-10-02,"2.35%",-125,2.35,0
2026-02-03,2025-10-02,"2.60%",-100,2.6,0
2026-02-03,2025-10-02,"2.85%",-75,2.85,0
2026-02-03,2025-10-02,"3.10%",-50,3.1,0.123927401814084
2026-02-03,2025-10-02,"3.35%",-25,3.35,0.55707012441961
2026-02-03,2025-10-02,"3.60%",0,3.6,0.300703128984109
2026-02-03,2025-10-02,"3.85%",25,3.85,0.0182993447821971
2026-02-03,2025-10-02,"4.10%",50,4.1,0
2026-02-03,2025-10-02,"4.35%",75,4.35,0
2026-02-03,2025-10-02,"4.60%",100,4.6,0
2026-02-03,2025-10-02,"4.85%",125,4.85,0
2026-02-03,2025-10-02,"5.10%",150,5.1,0
2026-02-03,2025-10-02,"5.35%",175,5.35,0
2026-02-03,2025-10-02,"5.60%",200,5.6,0
2026-02-03,2025-10-02,"5.85%",225,5.85,0
2026-02-03,2025-10-02,"6.10%",250,6.1,0
2026-02-03,2025-10-05,"0.10%",-300,0.1,0
2026-02-03,2025-10-05,"0.35%",-300,0.35,0
2026-02-03,2025-10-05,"0.60%",-300,0.6,0
2026-02-03,2025-10-05,"0.85%",-275,0.85,0
2026-02-03,2025-10-05,"1.10%",-250,1.1,0
2026-02-03,2025-10-05,"1.35%",-225,1.35,0
2026-02-03,2025-10-05,"1.60%",-200,1.6,0
2026-02-03,2025-10-05,"1.85%",-175,1.85,0
2026-02-03,2025-10-05,"2.10%",-150,2.1,0
2026-02-03,2025-10-05,"2.35%",-125,2.35,0
2026-02-03,2025-10-05,"2.60%",-100,2.6,0
2026-02-03,2025-10-05,"2.85%",-75,2.85,0
2026-02-03,2025-10-05,"3.10%",-50,3.1,0.132417850290487
2026-02-03,2025-10-05,"3.35%",-25,3.35,0.548036615498949
2026-02-03,2025-10-05,"3.60%",0,3.6,0.29914348075777
2026-02-03,2025-10-05,"3.85%",25,3.85,0.0204020534527939
2026-02-03,2025-10-05,"4.10%",50,4.1,0
2026-02-03,2025-10-05,"4.35%",75,4.35,0
2026-02-03,2025-10-05,"4.60%",100,4.6,0
2026-02-03,2025-10-05,"4.85%",125,4.85,0
2026-02-03,2025-10-05,"5.10%",150,5.1,0
2026-02-03,2025-10-05,"5.35%",175,5.35,0
2026-02-03,2025-10-05,"5.60%",200,5.6,0
2026-02-03,2025-10-05,"5.85%",225,5.85,0
2026-02-03,2025-10-05,"6.10%",250,6.1,0
2026-02-03,2025-10-06,"0.10%",-300,0.1,0
2026-02-03,2025-10-06,"0.35%",-300,0.35,0
2026-02-03,2025-10-06,"0.60%",-300,0.6,0
2026-02-03,2025-10-06,"0.85%",-275,0.85,0
2026-02-03,2025-10-06,"1.10%",-250,1.1,0
2026-02-03,2025-10-06,"1.35%",-225,1.35,0
2026-02-03,2025-10-06,"1.60%",-200,1.6,0
2026-02-03,2025-10-06,"1.85%",-175,1.85,0
2026-02-03,2025-10-06,"2.10%",-150,2.1,0
2026-02-03,2025-10-06,"2.35%",-125,2.35,0
2026-02-03,2025-10-06,"2.60%",-100,2.6,0
2026-02-03,2025-10-06,"2.85%",-75,2.85,0
2026-02-03,2025-10-06,"3.10%",-50,3.1,0.137571847261544
2026-02-03,2025-10-06,"3.35%",-25,3.35,0.537417462920301
2026-02-03,2025-10-06,"3.60%",0,3.6,0.301738409433267
2026-02-03,2025-10-06,"3.85%",25,3.85,0.0232722803848879
2026-02-03,2025-10-06,"4.10%",50,4.1,0
2026-02-03,2025-10-06,"4.35%",75,4.35,0
2026-02-03,2025-10-06,"4.60%",100,4.6,0
2026-02-03,2025-10-06,"4.85%",125,4.85,0
2026-02-03,2025-10-06,"5.10%",150,5.1,0
2026-02-03,2025-10-06,"5.35%",175,5.35,0
2026-02-03,2025-10-06,"5.60%",200,5.6,0
2026-02-03,2025-10-06,"5.85%",225,5.85,0
2026-02-03,2025-10-06,"6.10%",250,6.1,0
2026-02-03,2025-10-07,"0.10%",-300,0.1,0
2026-02-03,2025-10-07,"0.35%",-300,0.35,0
2026-02-03,2025-10-07,"0.60%",-300,0.6,0
2026-02-03,2025-10-07,"0.85%",-275,0.85,0
2026-02-03,2025-10-07,"1.10%",-250,1.1,0
2026-02-03,2025-10-07,"1.35%",-225,1.35,0
2026-02-03,2025-10-07,"1.60%",-200,1.6,0
2026-02-03,2025-10-07,"1.85%",-175,1.85,0
2026-02-03,2025-10-07,"2.10%",-150,2.1,0
2026-02-03,2025-10-07,"2.35%",-125,2.35,0
2026-02-03,2025-10-07,"2.60%",-100,2.6,0
2026-02-03,2025-10-07,"2.85%",-75,2.85,0
2026-02-03,2025-10-07,"3.10%",-50,3.1,0.144213422275433
2026-02-03,2025-10-07,"3.35%",-25,3.35,0.522453499551825
2026-02-03,2025-10-07,"3.60%",0,3.6,0.305490717594446
2026-02-03,2025-10-07,"3.85%",25,3.85,0.027842360578297
2026-02-03,2025-10-07,"4.10%",50,4.1,0
2026-02-03,2025-10-07,"4.35%",75,4.35,0
2026-02-03,2025-10-07,"4.60%",100,4.6,0
2026-02-03,2025-10-07,"4.85%",125,4.85,0
2026-02-03,2025-10-07,"5.10%",150,5.1,0
2026-02-03,2025-10-07,"5.35%",175,5.35,0
2026-02-03,2025-10-07,"5.60%",200,5.6,0
2026-02-03,2025-10-07,"5.85%",225,5.85,0
2026-02-03,2025-10-07,"6.10%",250,6.1,0
2026-02-03,2025-10-08,"0.10%",-300,0.1,0
2026-02-03,2025-10-08,"0.35%",-300,0.35,0
2026-02-03,2025-10-08,"0.60%",-300,0.6,0
2026-02-03,2025-10-08,"0.85%",-275,0.85,0
2026-02-03,2025-10-08,"1.10%",-250,1.1,0
2026-02-03,2025-10-08,"1.35%",-225,1.35,0
2026-02-03,2025-10-08,"1.60%",-200,1.6,0
2026-02-03,2025-10-08,"1.85%",-175,1.85,0
2026-02-03,2025-10-08,"2.10%",-150,2.1,0
2026-02-03,2025-10-08,"2.35%",-125,2.35,0
2026-02-03,2025-10-08,"2.60%",-100,2.6,0
2026-02-03,2025-10-08,"2.85%",-75,2.85,0
2026-02-03,2025-10-08,"3.10%",-50,3.1,0.141740161435889
2026-02-03,2025-10-08,"3.35%",-25,3.35,0.528141753056702
2026-02-03,2025-10-08,"3.60%",0,3.6,0.304087144734847
2026-02-03,2025-10-08,"3.85%",25,3.85,0.0260309407725615
2026-02-03,2025-10-08,"4.10%",50,4.1,0
2026-02-03,2025-10-08,"4.35%",75,4.35,0
2026-02-03,2025-10-08,"4.60%",100,4.6,0
2026-02-03,2025-10-08,"4.85%",125,4.85,0
2026-02-03,2025-10-08,"5.10%",150,5.1,0
2026-02-03,2025-10-08,"5.35%",175,5.35,0
2026-02-03,2025-10-08,"5.60%",200,5.6,0
2026-02-03,2025-10-08,"5.85%",225,5.85,0
2026-02-03,2025-10-08,"6.10%",250,6.1,0
2026-02-03,2025-10-09,"0.10%",-300,0.1,0
2026-02-03,2025-10-09,"0.35%",-300,0.35,0
2026-02-03,2025-10-09,"0.60%",-300,0.6,0
2026-02-03,2025-10-09,"0.85%",-275,0.85,0
2026-02-03,2025-10-09,"1.10%",-250,1.1,0
2026-02-03,2025-10-09,"1.35%",-225,1.35,0
2026-02-03,2025-10-09,"1.60%",-200,1.6,0
2026-02-03,2025-10-09,"1.85%",-175,1.85,0
2026-02-03,2025-10-09,"2.10%",-150,2.1,0
2026-02-03,2025-10-09,"2.35%",-125,2.35,0
2026-02-03,2025-10-09,"2.60%",-100,2.6,0
2026-02-03,2025-10-09,"2.85%",-75,2.85,0
2026-02-03,2025-10-09,"3.10%",-50,3.1,0.134393523756652
2026-02-03,2025-10-09,"3.35%",-25,3.35,0.544429139661374
2026-02-03,2025-10-09,"3.60%",0,3.6,0.299841029745229
2026-02-03,2025-10-09,"3.85%",25,3.85,0.0213363068367443
2026-02-03,2025-10-09,"4.10%",50,4.1,0
2026-02-03,2025-10-09,"4.35%",75,4.35,0
2026-02-03,2025-10-09,"4.60%",100,4.6,0
2026-02-03,2025-10-09,"4.85%",125,4.85,0
2026-02-03,2025-10-09,"5.10%",150,5.1,0
2026-02-03,2025-10-09,"5.35%",175,5.35,0
2026-02-03,2025-10-09,"5.60%",200,5.6,0
2026-02-03,2025-10-09,"5.85%",225,5.85,0
2026-02-03,2025-10-09,"6.10%",250,6.1,0
2026-02-03,2025-10-10,"0.10%",-300,0.1,0
2026-02-03,2025-10-10,"0.35%",-300,0.35,0
2026-02-03,2025-10-10,"0.60%",-300,0.6,0
2026-02-03,2025-10-10,"0.85%",-275,0.85,0
2026-02-03,2025-10-10,"1.10%",-250,1.1,0
2026-02-03,2025-10-10,"1.35%",-225,1.35,0
2026-02-03,2025-10-10,"1.60%",-200,1.6,0
2026-02-03,2025-10-10,"1.85%",-175,1.85,0
2026-02-03,2025-10-10,"2.10%",-150,2.1,0
2026-02-03,2025-10-10,"2.35%",-125,2.35,0
2026-02-03,2025-10-10,"2.60%",-100,2.6,0
2026-02-03,2025-10-10,"2.85%",-75,2.85,0
2026-02-03,2025-10-10,"3.10%",-50,3.1,0.062259125835004
2026-02-03,2025-10-10,"3.35%",-25,3.35,0.685653799820007
2026-02-03,2025-10-10,"3.60%",0,3.6,0.25208707434499
2026-02-03,2025-10-10,"3.85%",25,3.85,0
2026-02-03,2025-10-10,"4.10%",50,4.1,0
2026-02-03,2025-10-10,"4.35%",75,4.35,0
2026-02-03,2025-10-10,"4.60%",100,4.6,0
2026-02-03,2025-10-10,"4.85%",125,4.85,0
2026-02-03,2025-10-10,"5.10%",150,5.1,0
2026-02-03,2025-10-10,"5.35%",175,5.35,0
2026-02-03,2025-10-10,"5.60%",200,5.6,0
2026-02-03,2025-10-10,"5.85%",225,5.85,0
2026-02-03,2025-10-10,"6.10%",250,6.1,0
2026-02-03,2025-10-11,"0.10%",-300,0.1,0
2026-02-03,2025-10-11,"0.35%",-300,0.35,0
2026-02-03,2025-10-11,"0.60%",-300,0.6,0
2026-02-03,2025-10-11,"0.85%",-275,0.85,0
2026-02-03,2025-10-11,"1.10%",-250,1.1,0
2026-02-03,2025-10-11,"1.35%",-225,1.35,0
2026-02-03,2025-10-11,"1.60%",-200,1.6,0
2026-02-03,2025-10-11,"1.85%",-175,1.85,0
2026-02-03,2025-10-11,"2.10%",-150,2.1,0
2026-02-03,2025-10-11,"2.35%",-125,2.35,0
2026-02-03,2025-10-11,"2.60%",-100,2.6,0
2026-02-03,2025-10-11,"2.85%",-75,2.85,0
2026-02-03,2025-10-11,"3.10%",-50,3.1,0.072346758578616
2026-02-03,2025-10-11,"3.35%",-25,3.35,0.665563190413836
2026-02-03,2025-10-11,"3.60%",0,3.6,0.262090051007548
2026-02-03,2025-10-11,"3.85%",25,3.85,0
2026-02-03,2025-10-11,"4.10%",50,4.1,0
2026-02-03,2025-10-11,"4.35%",75,4.35,0
2026-02-03,2025-10-11,"4.60%",100,4.6,0
2026-02-03,2025-10-11,"4.85%",125,4.85,0
2026-02-03,2025-10-11,"5.10%",150,5.1,0
2026-02-03,2025-10-11,"5.35%",175,5.35,0
2026-02-03,2025-10-11,"5.60%",200,5.6,0
2026-02-03,2025-10-11,"5.85%",225,5.85,0
2026-02-03,2025-10-11,"6.10%",250,6.1,0
2026-02-03,2025-10-12,"0.10%",-300,0.1,0
2026-02-03,2025-10-12,"0.35%",-300,0.35,0
2026-02-03,2025-10-12,"0.60%",-300,0.6,0
2026-02-03,2025-10-12,"0.85%",-275,0.85,0
2026-02-03,2025-10-12,"1.10%",-250,1.1,0
2026-02-03,2025-10-12,"1.35%",-225,1.35,0
2026-02-03,2025-10-12,"1.60%",-200,1.6,0
2026-02-03,2025-10-12,"1.85%",-175,1.85,0
2026-02-03,2025-10-12,"2.10%",-150,2.1,0
2026-02-03,2025-10-12,"2.35%",-125,2.35,0
2026-02-03,2025-10-12,"2.60%",-100,2.6,0
2026-02-03,2025-10-12,"2.85%",-75,2.85,0
2026-02-03,2025-10-12,"3.10%",-50,3.1,0.0781708180590727
2026-02-03,2025-10-12,"3.35%",-25,3.35,0.641215684889662
2026-02-03,2025-10-12,"3.60%",0,3.6,0.280613497051265
2026-02-03,2025-10-12,"3.85%",25,3.85,0
2026-02-03,2025-10-12,"4.10%",50,4.1,0
2026-02-03,2025-10-12,"4.35%",75,4.35,0
2026-02-03,2025-10-12,"4.60%",100,4.6,0
2026-02-03,2025-10-12,"4.85%",125,4.85,0
2026-02-03,2025-10-12,"5.10%",150,5.1,0
2026-02-03,2025-10-12,"5.35%",175,5.35,0
2026-02-03,2025-10-12,"5.60%",200,5.6,0
2026-02-03,2025-10-12,"5.85%",225,5.85,0
2026-02-03,2025-10-12,"6.10%",250,6.1,0
2026-02-03,2025-10-13,"0.10%",-300,0.1,0
2026-02-03,2025-10-13,"0.35%",-300,0.35,0
2026-02-03,2025-10-13,"0.60%",-300,0.6,0
2026-02-03,2025-10-13,"0.85%",-275,0.85,0
2026-02-03,2025-10-13,"1.10%",-250,1.1,0
2026-02-03,2025-10-13,"1.35%",-225,1.35,0
2026-02-03,2025-10-13,"1.60%",-200,1.6,0
2026-02-03,2025-10-13,"1.85%",-175,1.85,0
2026-02-03,2025-10-13,"2.10%",-150,2.1,0
2026-02-03,2025-10-13,"2.35%",-125,2.35,0
2026-02-03,2025-10-13,"2.60%",-100,2.6,0
2026-02-03,2025-10-13,"2.85%",-75,2.85,0
2026-02-03,2025-10-13,"3.10%",-50,3.1,0.090427598262467
2026-02-03,2025-10-13,"3.35%",-25,3.35,0.626218369612307
2026-02-03,2025-10-13,"3.60%",0,3.6,0.283354032125226
2026-02-03,2025-10-13,"3.85%",25,3.85,0
2026-02-03,2025-10-13,"4.10%",50,4.1,0
2026-02-03,2025-10-13,"4.35%",75,4.35,0
2026-02-03,2025-10-13,"4.60%",100,4.6,0
2026-02-03,2025-10-13,"4.85%",125,4.85,0
2026-02-03,2025-10-13,"5.10%",150,5.1,0
2026-02-03,2025-10-13,"5.35%",175,5.35,0
2026-02-03,2025-10-13,"5.60%",200,5.6,0
2026-02-03,2025-10-13,"5.85%",225,5.85,0
2026-02-03,2025-10-13,"6.10%",250,6.1,0
2026-02-03,2025-10-14,"0.10%",-300,0.1,0
2026-02-03,2025-10-14,"0.35%",-300,0.35,0
2026-02-03,2025-10-14,"0.60%",-300,0.6,0
2026-02-03,2025-10-14,"0.85%",-275,0.85,0
2026-02-03,2025-10-14,"1.10%",-250,1.1,0
2026-02-03,2025-10-14,"1.35%",-225,1.35,0
2026-02-03,2025-10-14,"1.60%",-200,1.6,0
2026-02-03,2025-10-14,"1.85%",-175,1.85,0
2026-02-03,2025-10-14,"2.10%",-150,2.1,0
2026-02-03,2025-10-14,"2.35%",-125,2.35,0
2026-02-03,2025-10-14,"2.60%",-100,2.6,0
2026-02-03,2025-10-14,"2.85%",-75,2.85,0
2026-02-03,2025-10-14,"3.10%",-50,3.1,0.0940347785990262
2026-02-03,2025-10-14,"3.35%",-25,3.35,0.620709638931879
2026-02-03,2025-10-14,"3.60%",0,3.6,0.285255582469095
2026-02-03,2025-10-14,"3.85%",25,3.85,0
2026-02-03,2025-10-14,"4.10%",50,4.1,0
2026-02-03,2025-10-14,"4.35%",75,4.35,0
2026-02-03,2025-10-14,"4.60%",100,4.6,0
2026-02-03,2025-10-14,"4.85%",125,4.85,0
2026-02-03,2025-10-14,"5.10%",150,5.1,0
2026-02-03,2025-10-14,"5.35%",175,5.35,0
2026-02-03,2025-10-14,"5.60%",200,5.6,0
2026-02-03,2025-10-14,"5.85%",225,5.85,0
2026-02-03,2025-10-14,"6.10%",250,6.1,0
2026-02-03,2025-10-15,"0.10%",-300,0.1,0
2026-02-03,2025-10-15,"0.35%",-300,0.35,0
2026-02-03,2025-10-15,"0.60%",-300,0.6,0
2026-02-03,2025-10-15,"0.85%",-275,0.85,0
2026-02-03,2025-10-15,"1.10%",-250,1.1,0
2026-02-03,2025-10-15,"1.35%",-225,1.35,0
2026-02-03,2025-10-15,"1.60%",-200,1.6,0
2026-02-03,2025-10-15,"1.85%",-175,1.85,0
2026-02-03,2025-10-15,"2.10%",-150,2.1,0
2026-02-03,2025-10-15,"2.35%",-125,2.35,0
2026-02-03,2025-10-15,"2.60%",-100,2.6,0
2026-02-03,2025-10-15,"2.85%",-75,2.85,0.0240146263204175
2026-02-03,2025-10-15,"3.10%",-50,3.1,0.456731387837055
2026-02-03,2025-10-15,"3.35%",-25,3.35,0.489247135995203
2026-02-03,2025-10-15,"3.60%",0,3.6,0.030006849847325
2026-02-03,2025-10-15,"3.85%",25,3.85,0
2026-02-03,2025-10-15,"4.10%",50,4.1,0
2026-02-03,2025-10-15,"4.35%",75,4.35,0
2026-02-03,2025-10-15,"4.60%",100,4.6,0
2026-02-03,2025-10-15,"4.85%",125,4.85,0
2026-02-03,2025-10-15,"5.10%",150,5.1,0
2026-02-03,2025-10-15,"5.35%",175,5.35,0
2026-02-03,2025-10-15,"5.60%",200,5.6,0
2026-02-03,2025-10-15,"5.85%",225,5.85,0
2026-02-03,2025-10-15,"6.10%",250,6.1,0
2026-02-03,2025-10-16,"0.10%",-300,0.1,0
2026-02-03,2025-10-16,"0.35%",-300,0.35,0
2026-02-03,2025-10-16,"0.60%",-300,0.6,0
2026-02-03,2025-10-16,"0.85%",-275,0.85,0
2026-02-03,2025-10-16,"1.10%",-250,1.1,0
2026-02-03,2025-10-16,"1.35%",-225,1.35,0
2026-02-03,2025-10-16,"1.60%",-200,1.6,0
2026-02-03,2025-10-16,"1.85%",-175,1.85,0
2026-02-03,2025-10-16,"2.10%",-150,2.1,0
2026-02-03,2025-10-16,"2.35%",-125,2.35,0
2026-02-03,2025-10-16,"2.60%",-100,2.6,0
2026-02-03,2025-10-16,"2.85%",-75,2.85,0.0287599137084667
2026-02-03,2025-10-16,"3.10%",-50,3.1,0.53235228158752
2026-02-03,2025-10-16,"3.35%",-25,3.35,0.425219630399314
2026-02-03,2025-10-16,"3.60%",0,3.6,0.0136681743046992
2026-02-03,2025-10-16,"3.85%",25,3.85,0
2026-02-03,2025-10-16,"4.10%",50,4.1,0
2026-02-03,2025-10-16,"4.35%",75,4.35,0
2026-02-03,2025-10-16,"4.60%",100,4.6,0
2026-02-03,2025-10-16,"4.85%",125,4.85,0
2026-02-03,2025-10-16,"5.10%",150,5.1,0
2026-02-03,2025-10-16,"5.35%",175,5.35,0
2026-02-03,2025-10-16,"5.60%",200,5.6,0
2026-02-03,2025-10-16,"5.85%",225,5.85,0
2026-02-03,2025-10-16,"6.10%",250,6.1,0
2026-02-03,2025-10-17,"0.10%",-300,0.1,0
2026-02-03,2025-10-17,"0.35%",-300,0.35,0
2026-02-03,2025-10-17,"0.60%",-300,0.6,0
2026-02-03,2025-10-17,"0.85%",-275,0.85,0
2026-02-03,2025-10-17,"1.10%",-250,1.1,0
2026-02-03,2025-10-17,"1.35%",-225,1.35,0
2026-02-03,2025-10-17,"1.60%",-200,1.6,0
2026-02-03,2025-10-17,"1.85%",-175,1.85,0
2026-02-03,2025-10-17,"2.10%",-150,2.1,0
2026-02-03,2025-10-17,"2.35%",-125,2.35,0
2026-02-03,2025-10-17,"2.60%",-100,2.6,0
2026-02-03,2025-10-17,"2.85%",-75,2.85,0.0194079611582861
2026-02-03,2025-10-17,"3.10%",-50,3.1,0.560092083054607
2026-02-03,2025-10-17,"3.35%",-25,3.35,0.420499955787107
2026-02-03,2025-10-17,"3.60%",0,3.6,0
2026-02-03,2025-10-17,"3.85%",25,3.85,0
2026-02-03,2025-10-17,"4.10%",50,4.1,0
2026-02-03,2025-10-17,"4.35%",75,4.35,0
2026-02-03,2025-10-17,"4.60%",100,4.6,0
2026-02-03,2025-10-17,"4.85%",125,4.85,0
2026-02-03,2025-10-17,"5.10%",150,5.1,0
2026-02-03,2025-10-17,"5.35%",175,5.35,0
2026-02-03,2025-10-17,"5.60%",200,5.6,0
2026-02-03,2025-10-17,"5.85%",225,5.85,0
2026-02-03,2025-10-17,"6.10%",250,6.1,0
2026-02-03,2025-10-18,"0.10%",-300,0.1,0
2026-02-03,2025-10-18,"0.35%",-300,0.35,0
2026-02-03,2025-10-18,"0.60%",-300,0.6,0
2026-02-03,2025-10-18,"0.85%",-275,0.85,0
2026-02-03,2025-10-18,"1.10%",-250,1.1,0
2026-02-03,2025-10-18,"1.35%",-225,1.35,0
2026-02-03,2025-10-18,"1.60%",-200,1.6,0
2026-02-03,2025-10-18,"1.85%",-175,1.85,0
2026-02-03,2025-10-18,"2.10%",-150,2.1,0
2026-02-03,2025-10-18,"2.35%",-125,2.35,0
2026-02-03,2025-10-18,"2.60%",-100,2.6,0
2026-02-03,2025-10-18,"2.85%",-75,2.85,0.0268011975015456
2026-02-03,2025-10-18,"3.10%",-50,3.1,0.543523130404555
2026-02-03,2025-10-18,"3.35%",-25,3.35,0.418496802549716
2026-02-03,2025-10-18,"3.60%",0,3.6,0.0111788695441834
2026-02-03,2025-10-18,"3.85%",25,3.85,0
2026-02-03,2025-10-18,"4.10%",50,4.1,0
2026-02-03,2025-10-18,"4.35%",75,4.35,0
2026-02-03,2025-10-18,"4.60%",100,4.6,0
2026-02-03,2025-10-18,"4.85%",125,4.85,0
2026-02-03,2025-10-18,"5.10%",150,5.1,0
2026-02-03,2025-10-18,"5.35%",175,5.35,0
2026-02-03,2025-10-18,"5.60%",200,5.6,0
2026-02-03,2025-10-18,"5.85%",225,5.85,0
2026-02-03,2025-10-18,"6.10%",250,6.1,0
2026-02-03,2025-10-19,"0.10%",-300,0.1,0
2026-02-03,2025-10-19,"0.35%",-300,0.35,0
2026-02-03,2025-10-19,"0.60%",-300,0.6,0
2026-02-03,2025-10-19,"0.85%",-275,0.85,0
2026-02-03,2025-10-19,"1.10%",-250,1.1,0
2026-02-03,2025-10-19,"1.35%",-225,1.35,0
2026-02-03,2025-10-19,"1.60%",-200,1.6,0
2026-02-03,2025-10-19,"1.85%",-175,1.85,0
2026-02-03,2025-10-19,"2.10%",-150,2.1,0
2026-02-03,2025-10-19,"2.35%",-125,2.35,0
2026-02-03,2025-10-19,"2.60%",-100,2.6,0
2026-02-03,2025-10-19,"2.85%",-75,2.85,0.0139363331299961
2026-02-03,2025-10-19,"3.10%",-50,3.1,0.397170014175084
2026-02-03,2025-10-19,"3.35%",-25,3.35,0.548853479021855
2026-02-03,2025-10-19,"3.60%",0,3.6,0.040040173673065
2026-02-03,2025-10-19,"3.85%",25,3.85,0
2026-02-03,2025-10-19,"4.10%",50,4.1,0
2026-02-03,2025-10-19,"4.35%",75,4.35,0
2026-02-03,2025-10-19,"4.60%",100,4.6,0
2026-02-03,2025-10-19,"4.85%",125,4.85,0
2026-02-03,2025-10-19,"5.10%",150,5.1,0
2026-02-03,2025-10-19,"5.35%",175,5.35,0
2026-02-03,2025-10-19,"5.60%",200,5.6,0
2026-02-03,2025-10-19,"5.85%",225,5.85,0
2026-02-03,2025-10-19,"6.10%",250,6.1,0
2026-02-03,2025-10-20,"0.10%",-300,0.1,0
2026-02-03,2025-10-20,"0.35%",-300,0.35,0
2026-02-03,2025-10-20,"0.60%",-300,0.6,0
2026-02-03,2025-10-20,"0.85%",-275,0.85,0
2026-02-03,2025-10-20,"1.10%",-250,1.1,0
2026-02-03,2025-10-20,"1.35%",-225,1.35,0
2026-02-03,2025-10-20,"1.60%",-200,1.6,0
2026-02-03,2025-10-20,"1.85%",-175,1.85,0
2026-02-03,2025-10-20,"2.10%",-150,2.1,0
2026-02-03,2025-10-20,"2.35%",-125,2.35,0
2026-02-03,2025-10-20,"2.60%",-100,2.6,0
2026-02-03,2025-10-20,"2.85%",-75,2.85,0.0261891549502836
2026-02-03,2025-10-20,"3.10%",-50,3.1,0.44111196140792
2026-02-03,2025-10-20,"3.35%",-25,3.35,0.494853645078592
2026-02-03,2025-10-20,"3.60%",0,3.6,0.0378452385632042
2026-02-03,2025-10-20,"3.85%",25,3.85,0
2026-02-03,2025-10-20,"4.10%",50,4.1,0
2026-02-03,2025-10-20,"4.35%",75,4.35,0
2026-02-03,2025-10-20,"4.60%",100,4.6,0
2026-02-03,2025-10-20,"4.85%",125,4.85,0
2026-02-03,2025-10-20,"5.10%",150,5.1,0
2026-02-03,2025-10-20,"5.35%",175,5.35,0
2026-02-03,2025-10-20,"5.60%",200,5.6,0
2026-02-03,2025-10-20,"5.85%",225,5.85,0
2026-02-03,2025-10-20,"6.10%",250,6.1,0
2026-02-03,2025-10-21,"0.10%",-300,0.1,0
2026-02-03,2025-10-21,"0.35%",-300,0.35,0
2026-02-03,2025-10-21,"0.60%",-300,0.6,0
2026-02-03,2025-10-21,"0.85%",-275,0.85,0
2026-02-03,2025-10-21,"1.10%",-250,1.1,0
2026-02-03,2025-10-21,"1.35%",-225,1.35,0
2026-02-03,2025-10-21,"1.60%",-200,1.6,0
2026-02-03,2025-10-21,"1.85%",-175,1.85,0
2026-02-03,2025-10-21,"2.10%",-150,2.1,0
2026-02-03,2025-10-21,"2.35%",-125,2.35,0
2026-02-03,2025-10-21,"2.60%",-100,2.6,0
2026-02-03,2025-10-21,"2.85%",-75,2.85,0.0199345022723486
2026-02-03,2025-10-21,"3.10%",-50,3.1,0.387446415400062
2026-02-03,2025-10-21,"3.35%",-25,3.35,0.536450880101935
2026-02-03,2025-10-21,"3.60%",0,3.6,0.0561682022256538
2026-02-03,2025-10-21,"3.85%",25,3.85,0
2026-02-03,2025-10-21,"4.10%",50,4.1,0
2026-02-03,2025-10-21,"4.35%",75,4.35,0
2026-02-03,2025-10-21,"4.60%",100,4.6,0
2026-02-03,2025-10-21,"4.85%",125,4.85,0
2026-02-03,2025-10-21,"5.10%",150,5.1,0
2026-02-03,2025-10-21,"5.35%",175,5.35,0
2026-02-03,2025-10-21,"5.60%",200,5.6,0
2026-02-03,2025-10-21,"5.85%",225,5.85,0
2026-02-03,2025-10-21,"6.10%",250,6.1,0
2026-02-03,2025-10-22,"0.10%",-300,0.1,0
2026-02-03,2025-10-22,"0.35%",-300,0.35,0
2026-02-03,2025-10-22,"0.60%",-300,0.6,0
2026-02-03,2025-10-22,"0.85%",-275,0.85,0
2026-02-03,2025-10-22,"1.10%",-250,1.1,0
2026-02-03,2025-10-22,"1.35%",-225,1.35,0
2026-02-03,2025-10-22,"1.60%",-200,1.6,0
2026-02-03,2025-10-22,"1.85%",-175,1.85,0
2026-02-03,2025-10-22,"2.10%",-150,2.1,0
2026-02-03,2025-10-22,"2.35%",-125,2.35,0
2026-02-03,2025-10-22,"2.60%",-100,2.6,0
2026-02-03,2025-10-22,"2.85%",-75,2.85,0.0117980834912775
2026-02-03,2025-10-22,"3.10%",-50,3.1,0.387278232008693
2026-02-03,2025-10-22,"3.35%",-25,3.35,0.561095722996407
2026-02-03,2025-10-22,"3.60%",0,3.6,0.0398279615036227
2026-02-03,2025-10-22,"3.85%",25,3.85,0
2026-02-03,2025-10-22,"4.10%",50,4.1,0
2026-02-03,2025-10-22,"4.35%",75,4.35,0
2026-02-03,2025-10-22,"4.60%",100,4.6,0
2026-02-03,2025-10-22,"4.85%",125,4.85,0
2026-02-03,2025-10-22,"5.10%",150,5.1,0
2026-02-03,2025-10-22,"5.35%",175,5.35,0
2026-02-03,2025-10-22,"5.60%",200,5.6,0
2026-02-03,2025-10-22,"5.85%",225,5.85,0
2026-02-03,2025-10-22,"6.10%",250,6.1,0
2026-02-03,2025-10-23,"0.10%",-300,0.1,0
2026-02-03,2025-10-23,"0.35%",-300,0.35,0
2026-02-03,2025-10-23,"0.60%",-300,0.6,0
2026-02-03,2025-10-23,"0.85%",-275,0.85,0
2026-02-03,2025-10-23,"1.10%",-250,1.1,0
2026-02-03,2025-10-23,"1.35%",-225,1.35,0
2026-02-03,2025-10-23,"1.60%",-200,1.6,0
2026-02-03,2025-10-23,"1.85%",-175,1.85,0
2026-02-03,2025-10-23,"2.10%",-150,2.1,0
2026-02-03,2025-10-23,"2.35%",-125,2.35,0
2026-02-03,2025-10-23,"2.60%",-100,2.6,0
2026-02-03,2025-10-23,"2.85%",-75,2.85,0
2026-02-03,2025-10-23,"3.10%",-50,3.1,0.348434387207822
2026-02-03,2025-10-23,"3.35%",-25,3.35,0.619849608842908
2026-02-03,2025-10-23,"3.60%",0,3.6,0.0317160039492701
2026-02-03,2025-10-23,"3.85%",25,3.85,0
2026-02-03,2025-10-23,"4.10%",50,4.1,0
2026-02-03,2025-10-23,"4.35%",75,4.35,0
2026-02-03,2025-10-23,"4.60%",100,4.6,0
2026-02-03,2025-10-23,"4.85%",125,4.85,0
2026-02-03,2025-10-23,"5.10%",150,5.1,0
2026-02-03,2025-10-23,"5.35%",175,5.35,0
2026-02-03,2025-10-23,"5.60%",200,5.6,0
2026-02-03,2025-10-23,"5.85%",225,5.85,0
2026-02-03,2025-10-23,"6.10%",250,6.1,0
2026-02-03,2025-10-24,"0.10%",-300,0.1,0
2026-02-03,2025-10-24,"0.35%",-300,0.35,0
2026-02-03,2025-10-24,"0.60%",-300,0.6,0
2026-02-03,2025-10-24,"0.85%",-275,0.85,0
2026-02-03,2025-10-24,"1.10%",-250,1.1,0
2026-02-03,2025-10-24,"1.35%",-225,1.35,0
2026-02-03,2025-10-24,"1.60%",-200,1.6,0
2026-02-03,2025-10-24,"1.85%",-175,1.85,0
2026-02-03,2025-10-24,"2.10%",-150,2.1,0
2026-02-03,2025-10-24,"2.35%",-125,2.35,0
2026-02-03,2025-10-24,"2.60%",-100,2.6,0
2026-02-03,2025-10-24,"2.85%",-75,2.85,0
2026-02-03,2025-10-24,"3.10%",-50,3.1,0.321177094355358
2026-02-03,2025-10-24,"3.35%",-25,3.35,0.667266928824069
2026-02-03,2025-10-24,"3.60%",0,3.6,0.0115559768205726
2026-02-03,2025-10-24,"3.85%",25,3.85,0
2026-02-03,2025-10-24,"4.10%",50,4.1,0
2026-02-03,2025-10-24,"4.35%",75,4.35,0
2026-02-03,2025-10-24,"4.60%",100,4.6,0
2026-02-03,2025-10-24,"4.85%",125,4.85,0
2026-02-03,2025-10-24,"5.10%",150,5.1,0
2026-02-03,2025-10-24,"5.35%",175,5.35,0
2026-02-03,2025-10-24,"5.60%",200,5.6,0
2026-02-03,2025-10-24,"5.85%",225,5.85,0
2026-02-03,2025-10-24,"6.10%",250,6.1,0
2026-02-03,2025-10-25,"0.10%",-300,0.1,0
2026-02-03,2025-10-25,"0.35%",-300,0.35,0
2026-02-03,2025-10-25,"0.60%",-300,0.6,0
2026-02-03,2025-10-25,"0.85%",-275,0.85,0
2026-02-03,2025-10-25,"1.10%",-250,1.1,0
2026-02-03,2025-10-25,"1.35%",-225,1.35,0
2026-02-03,2025-10-25,"1.60%",-200,1.6,0
2026-02-03,2025-10-25,"1.85%",-175,1.85,0
2026-02-03,2025-10-25,"2.10%",-150,2.1,0
2026-02-03,2025-10-25,"2.35%",-125,2.35,0
2026-02-03,2025-10-25,"2.60%",-100,2.6,0
2026-02-03,2025-10-25,"2.85%",-75,2.85,0
2026-02-03,2025-10-25,"3.10%",-50,3.1,0.328090085952643
2026-02-03,2025-10-25,"3.35%",-25,3.35,0.657038367526259
2026-02-03,2025-10-25,"3.60%",0,3.6,0.0148715465210979
2026-02-03,2025-10-25,"3.85%",25,3.85,0
2026-02-03,2025-10-25,"4.10%",50,4.1,0
2026-02-03,2025-10-25,"4.35%",75,4.35,0
2026-02-03,2025-10-25,"4.60%",100,4.6,0
2026-02-03,2025-10-25,"4.85%",125,4.85,0
2026-02-03,2025-10-25,"5.10%",150,5.1,0
2026-02-03,2025-10-25,"5.35%",175,5.35,0
2026-02-03,2025-10-25,"5.60%",200,5.6,0
2026-02-03,2025-10-25,"5.85%",225,5.85,0
2026-02-03,2025-10-25,"6.10%",250,6.1,0
2026-02-03,2025-10-26,"0.10%",-300,0.1,0
2026-02-03,2025-10-26,"0.35%",-300,0.35,0
2026-02-03,2025-10-26,"0.60%",-300,0.6,0
2026-02-03,2025-10-26,"0.85%",-275,0.85,0
2026-02-03,2025-10-26,"1.10%",-250,1.1,0
2026-02-03,2025-10-26,"1.35%",-225,1.35,0
2026-02-03,2025-10-26,"1.60%",-200,1.6,0
2026-02-03,2025-10-26,"1.85%",-175,1.85,0
2026-02-03,2025-10-26,"2.10%",-150,2.1,0
2026-02-03,2025-10-26,"2.35%",-125,2.35,0
2026-02-03,2025-10-26,"2.60%",-100,2.6,0
2026-02-03,2025-10-26,"2.85%",-75,2.85,0
2026-02-03,2025-10-26,"3.10%",-50,3.1,0.29961098547589
2026-02-03,2025-10-26,"3.35%",-25,3.35,0.676837751516206
2026-02-03,2025-10-26,"3.60%",0,3.6,0.0235512630079046
2026-02-03,2025-10-26,"3.85%",25,3.85,0
2026-02-03,2025-10-26,"4.10%",50,4.1,0
2026-02-03,2025-10-26,"4.35%",75,4.35,0
2026-02-03,2025-10-26,"4.60%",100,4.6,0
2026-02-03,2025-10-26,"4.85%",125,4.85,0
2026-02-03,2025-10-26,"5.10%",150,5.1,0
2026-02-03,2025-10-26,"5.35%",175,5.35,0
2026-02-03,2025-10-26,"5.60%",200,5.6,0
2026-02-03,2025-10-26,"5.85%",225,5.85,0
2026-02-03,2025-10-26,"6.10%",250,6.1,0
2026-02-03,2025-10-27,"0.10%",-300,0.1,0
2026-02-03,2025-10-27,"0.35%",-300,0.35,0
2026-02-03,2025-10-27,"0.60%",-300,0.6,0
2026-02-03,2025-10-27,"0.85%",-275,0.85,0
2026-02-03,2025-10-27,"1.10%",-250,1.1,0
2026-02-03,2025-10-27,"1.35%",-225,1.35,0
2026-02-03,2025-10-27,"1.60%",-200,1.6,0
2026-02-03,2025-10-27,"1.85%",-175,1.85,0
2026-02-03,2025-10-27,"2.10%",-150,2.1,0
2026-02-03,2025-10-27,"2.35%",-125,2.35,0
2026-02-03,2025-10-27,"2.60%",-100,2.6,0
2026-02-03,2025-10-27,"2.85%",-75,2.85,0
2026-02-03,2025-10-27,"3.10%",-50,3.1,0.149851229373455
2026-02-03,2025-10-27,"3.35%",-25,3.35,0.765360655310468
2026-02-03,2025-10-27,"3.60%",0,3.6,0.0847881153160766
2026-02-03,2025-10-27,"3.85%",25,3.85,0
2026-02-03,2025-10-27,"4.10%",50,4.1,0
2026-02-03,2025-10-27,"4.35%",75,4.35,0
2026-02-03,2025-10-27,"4.60%",100,4.6,0
2026-02-03,2025-10-27,"4.85%",125,4.85,0
2026-02-03,2025-10-27,"5.10%",150,5.1,0
2026-02-03,2025-10-27,"5.35%",175,5.35,0
2026-02-03,2025-10-27,"5.60%",200,5.6,0
2026-02-03,2025-10-27,"5.85%",225,5.85,0
2026-02-03,2025-10-27,"6.10%",250,6.1,0
2026-02-03,2025-10-28,"0.10%",-300,0.1,0
2026-02-03,2025-10-28,"0.35%",-300,0.35,0
2026-02-03,2025-10-28,"0.60%",-300,0.6,0
2026-02-03,2025-10-28,"0.85%",-275,0.85,0
2026-02-03,2025-10-28,"1.10%",-250,1.1,0
2026-02-03,2025-10-28,"1.35%",-225,1.35,0
2026-02-03,2025-10-28,"1.60%",-200,1.6,0
2026-02-03,2025-10-28,"1.85%",-175,1.85,0
2026-02-03,2025-10-28,"2.10%",-150,2.1,0
2026-02-03,2025-10-28,"2.35%",-125,2.35,0
2026-02-03,2025-10-28,"2.60%",-100,2.6,0
2026-02-03,2025-10-28,"2.85%",-75,2.85,0
2026-02-03,2025-10-28,"3.10%",-50,3.1,0.0379459198707866
2026-02-03,2025-10-28,"3.35%",-25,3.35,0.495016972611615
2026-02-03,2025-10-28,"3.60%",0,3.6,0.440854222622028
2026-02-03,2025-10-28,"3.85%",25,3.85,0.0261828848955704
2026-02-03,2025-10-28,"4.10%",50,4.1,0
2026-02-03,2025-10-28,"4.35%",75,4.35,0
2026-02-03,2025-10-28,"4.60%",100,4.6,0
2026-02-03,2025-10-28,"4.85%",125,4.85,0
2026-02-03,2025-10-28,"5.10%",150,5.1,0
2026-02-03,2025-10-28,"5.35%",175,5.35,0
2026-02-03,2025-10-28,"5.60%",200,5.6,0
2026-02-03,2025-10-28,"5.85%",225,5.85,0
2026-02-03,2025-10-28,"6.10%",250,6.1,0
2026-02-03,2025-10-29,"0.10%",-300,0.1,0
2026-02-03,2025-10-29,"0.35%",-300,0.35,0
2026-02-03,2025-10-29,"0.60%",-300,0.6,0
2026-02-03,2025-10-29,"0.85%",-275,0.85,0
2026-02-03,2025-10-29,"1.10%",-250,1.1,0
2026-02-03,2025-10-29,"1.35%",-225,1.35,0
2026-02-03,2025-10-29,"1.60%",-200,1.6,0
2026-02-03,2025-10-29,"1.85%",-175,1.85,0
2026-02-03,2025-10-29,"2.10%",-150,2.1,0
2026-02-03,2025-10-29,"2.35%",-125,2.35,0
2026-02-03,2025-10-29,"2.60%",-100,2.6,0
2026-02-03,2025-10-29,"2.85%",-75,2.85,0
2026-02-03,2025-10-29,"3.10%",-50,3.1,0.0372923764488463
2026-02-03,2025-10-29,"3.35%",-25,3.35,0.450170098104453
2026-02-03,2025-10-29,"3.60%",0,3.6,0.469855240458841
2026-02-03,2025-10-29,"3.85%",25,3.85,0.0426822849878605
2026-02-03,2025-10-29,"4.10%",50,4.1,0
2026-02-03,2025-10-29,"4.35%",75,4.35,0
2026-02-03,2025-10-29,"4.60%",100,4.6,0
2026-02-03,2025-10-29,"4.85%",125,4.85,0
2026-02-03,2025-10-29,"5.10%",150,5.1,0
2026-02-03,2025-10-29,"5.35%",175,5.35,0
2026-02-03,2025-10-29,"5.60%",200,5.6,0
2026-02-03,2025-10-29,"5.85%",225,5.85,0
2026-02-03,2025-10-29,"6.10%",250,6.1,0
2026-02-03,2025-10-30,"0.10%",-300,0.1,0
2026-02-03,2025-10-30,"0.35%",-300,0.35,0
2026-02-03,2025-10-30,"0.60%",-300,0.6,0
2026-02-03,2025-10-30,"0.85%",-275,0.85,0
2026-02-03,2025-10-30,"1.10%",-250,1.1,0
2026-02-03,2025-10-30,"1.35%",-225,1.35,0
2026-02-03,2025-10-30,"1.60%",-200,1.6,0
2026-02-03,2025-10-30,"1.85%",-175,1.85,0
2026-02-03,2025-10-30,"2.10%",-150,2.1,0
2026-02-03,2025-10-30,"2.35%",-125,2.35,0
2026-02-03,2025-10-30,"2.60%",-100,2.6,0
2026-02-03,2025-10-30,"2.85%",-75,2.85,0
2026-02-03,2025-10-30,"3.10%",-50,3.1,0.0419016692892422
2026-02-03,2025-10-30,"3.35%",-25,3.35,0.462432174232062
2026-02-03,2025-10-30,"3.60%",0,3.6,0.455665292042652
2026-02-03,2025-10-30,"3.85%",25,3.85,0.0400008644360437
2026-02-03,2025-10-30,"4.10%",50,4.1,0
2026-02-03,2025-10-30,"4.35%",75,4.35,0
2026-02-03,2025-10-30,"4.60%",100,4.6,0
2026-02-03,2025-10-30,"4.85%",125,4.85,0
2026-02-03,2025-10-30,"5.10%",150,5.1,0
2026-02-03,2025-10-30,"5.35%",175,5.35,0
2026-02-03,2025-10-30,"5.60%",200,5.6,0
2026-02-03,2025-10-30,"5.85%",225,5.85,0
2026-02-03,2025-10-30,"6.10%",250,6.1,0
2026-02-03,2025-10-31,"0.10%",-300,0.1,0
2026-02-03,2025-10-31,"0.35%",-300,0.35,0
2026-02-03,2025-10-31,"0.60%",-300,0.6,0
2026-02-03,2025-10-31,"0.85%",-275,0.85,0
2026-02-03,2025-10-31,"1.10%",-250,1.1,0
2026-02-03,2025-10-31,"1.35%",-225,1.35,0
2026-02-03,2025-10-31,"1.60%",-200,1.6,0
2026-02-03,2025-10-31,"1.85%",-175,1.85,0
2026-02-03,2025-10-31,"2.10%",-150,2.1,0
2026-02-03,2025-10-31,"2.35%",-125,2.35,0
2026-02-03,2025-10-31,"2.60%",-100,2.6,0
2026-02-03,2025-10-31,"2.85%",-75,2.85,0
2026-02-03,2025-10-31,"3.10%",-50,3.1,0.0218751467585889
2026-02-03,2025-10-31,"3.35%",-25,3.35,0.482710546725277
2026-02-03,2025-10-31,"3.60%",0,3.6,0.474711483843144
2026-02-03,2025-10-31,"3.85%",25,3.85,0.02070282267299
2026-02-03,2025-10-31,"4.10%",50,4.1,0
2026-02-03,2025-10-31,"4.35%",75,4.35,0
2026-02-03,2025-10-31,"4.60%",100,4.6,0
2026-02-03,2025-10-31,"4.85%",125,4.85,0
2026-02-03,2025-10-31,"5.10%",150,5.1,0
2026-02-03,2025-10-31,"5.35%",175,5.35,0
2026-02-03,2025-10-31,"5.60%",200,5.6,0
2026-02-03,2025-10-31,"5.85%",225,5.85,0
2026-02-03,2025-10-31,"6.10%",250,6.1,0
2026-02-03,2025-11-01,"0.10%",-300,0.1,0
2026-02-03,2025-11-01,"0.35%",-300,0.35,0
2026-02-03,2025-11-01,"0.60%",-300,0.6,0
2026-02-03,2025-11-01,"0.85%",-275,0.85,0
2026-02-03,2025-11-01,"1.10%",-250,1.1,0
2026-02-03,2025-11-01,"1.35%",-225,1.35,0
2026-02-03,2025-11-01,"1.60%",-200,1.6,0
2026-02-03,2025-11-01,"1.85%",-175,1.85,0
2026-02-03,2025-11-01,"2.10%",-150,2.1,0
2026-02-03,2025-11-01,"2.35%",-125,2.35,0
2026-02-03,2025-11-01,"2.60%",-100,2.6,0
2026-02-03,2025-11-01,"2.85%",-75,2.85,0
2026-02-03,2025-11-01,"3.10%",-50,3.1,0.0420536084247034
2026-02-03,2025-11-01,"3.35%",-25,3.35,0.461862552227426
2026-02-03,2025-11-01,"3.60%",0,3.6,0.455755937946992
2026-02-03,2025-11-01,"3.85%",25,3.85,0.040327901400878
2026-02-03,2025-11-01,"4.10%",50,4.1,0
2026-02-03,2025-11-01,"4.35%",75,4.35,0
2026-02-03,2025-11-01,"4.60%",100,4.6,0
2026-02-03,2025-11-01,"4.85%",125,4.85,0
2026-02-03,2025-11-01,"5.10%",150,5.1,0
2026-02-03,2025-11-01,"5.35%",175,5.35,0
2026-02-03,2025-11-01,"5.60%",200,5.6,0
2026-02-03,2025-11-01,"5.85%",225,5.85,0
2026-02-03,2025-11-01,"6.10%",250,6.1,0
2026-02-03,2025-11-02,"0.10%",-300,0.1,0
2026-02-03,2025-11-02,"0.35%",-300,0.35,0
2026-02-03,2025-11-02,"0.60%",-300,0.6,0
2026-02-03,2025-11-02,"0.85%",-275,0.85,0
2026-02-03,2025-11-02,"1.10%",-250,1.1,0
2026-02-03,2025-11-02,"1.35%",-225,1.35,0
2026-02-03,2025-11-02,"1.60%",-200,1.6,0
2026-02-03,2025-11-02,"1.85%",-175,1.85,0
2026-02-03,2025-11-02,"2.10%",-150,2.1,0
2026-02-03,2025-11-02,"2.35%",-125,2.35,0
2026-02-03,2025-11-02,"2.60%",-100,2.6,0
2026-02-03,2025-11-02,"2.85%",-75,2.85,0
2026-02-03,2025-11-02,"3.10%",-50,3.1,0.0535147734370794
2026-02-03,2025-11-02,"3.35%",-25,3.35,0.411173531963266
2026-02-03,2025-11-02,"3.60%",0,3.6,0.459823664223888
2026-02-03,2025-11-02,"3.85%",25,3.85,0.0754880303757663
2026-02-03,2025-11-02,"4.10%",50,4.1,0
2026-02-03,2025-11-02,"4.35%",75,4.35,0
2026-02-03,2025-11-02,"4.60%",100,4.6,0
2026-02-03,2025-11-02,"4.85%",125,4.85,0
2026-02-03,2025-11-02,"5.10%",150,5.1,0
2026-02-03,2025-11-02,"5.35%",175,5.35,0
2026-02-03,2025-11-02,"5.60%",200,5.6,0
2026-02-03,2025-11-02,"5.85%",225,5.85,0
2026-02-03,2025-11-02,"6.10%",250,6.1,0
2026-02-03,2025-11-03,"0.10%",-300,0.1,0
2026-02-03,2025-11-03,"0.35%",-300,0.35,0
2026-02-03,2025-11-03,"0.60%",-300,0.6,0
2026-02-03,2025-11-03,"0.85%",-275,0.85,0
2026-02-03,2025-11-03,"1.10%",-250,1.1,0
2026-02-03,2025-11-03,"1.35%",-225,1.35,0
2026-02-03,2025-11-03,"1.60%",-200,1.6,0
2026-02-03,2025-11-03,"1.85%",-175,1.85,0
2026-02-03,2025-11-03,"2.10%",-150,2.1,0
2026-02-03,2025-11-03,"2.35%",-125,2.35,0
2026-02-03,2025-11-03,"2.60%",-100,2.6,0
2026-02-03,2025-11-03,"2.85%",-75,2.85,0
2026-02-03,2025-11-03,"3.10%",-50,3.1,0.0608033500843496
2026-02-03,2025-11-03,"3.35%",-25,3.35,0.365184673963731
2026-02-03,2025-11-03,"3.60%",0,3.6,0.455193744915005
2026-02-03,2025-11-03,"3.85%",25,3.85,0.118818231036914
2026-02-03,2025-11-03,"4.10%",50,4.1,0
2026-02-03,2025-11-03,"4.35%",75,4.35,0
2026-02-03,2025-11-03,"4.60%",100,4.6,0
2026-02-03,2025-11-03,"4.85%",125,4.85,0
2026-02-03,2025-11-03,"5.10%",150,5.1,0
2026-02-03,2025-11-03,"5.35%",175,5.35,0
2026-02-03,2025-11-03,"5.60%",200,5.6,0
2026-02-03,2025-11-03,"5.85%",225,5.85,0
2026-02-03,2025-11-03,"6.10%",250,6.1,0
2026-02-03,2025-11-04,"0.10%",-300,0.1,0
2026-02-03,2025-11-04,"0.35%",-300,0.35,0
2026-02-03,2025-11-04,"0.60%",-300,0.6,0
2026-02-03,2025-11-04,"0.85%",-275,0.85,0
2026-02-03,2025-11-04,"1.10%",-250,1.1,0
2026-02-03,2025-11-04,"1.35%",-225,1.35,0
2026-02-03,2025-11-04,"1.60%",-200,1.6,0
2026-02-03,2025-11-04,"1.85%",-175,1.85,0
2026-02-03,2025-11-04,"2.10%",-150,2.1,0
2026-02-03,2025-11-04,"2.35%",-125,2.35,0
2026-02-03,2025-11-04,"2.60%",-100,2.6,0.0159349533607076
2026-02-03,2025-11-04,"2.85%",-75,2.85,0.0622952372104768
2026-02-03,2025-11-04,"3.10%",-50,3.1,0.155886868430466
2026-02-03,2025-11-04,"3.35%",-25,3.35,0.249871066601196
2026-02-03,2025-11-04,"3.60%",0,3.6,0.256647524726636
2026-02-03,2025-11-04,"3.85%",25,3.85,0.168920466481438
2026-02-03,2025-11-04,"4.10%",50,4.1,0.0712207499867974
2026-02-03,2025-11-04,"4.35%",75,4.35,0.019223133202282
2026-02-03,2025-11-04,"4.60%",100,4.6,0
2026-02-03,2025-11-04,"4.85%",125,4.85,0
2026-02-03,2025-11-04,"5.10%",150,5.1,0
2026-02-03,2025-11-04,"5.35%",175,5.35,0
2026-02-03,2025-11-04,"5.60%",200,5.6,0
2026-02-03,2025-11-04,"5.85%",225,5.85,0
2026-02-03,2025-11-04,"6.10%",250,6.1,0
2026-02-03,2025-11-05,"0.10%",-300,0.1,0
2026-02-03,2025-11-05,"0.35%",-300,0.35,0
2026-02-03,2025-11-05,"0.60%",-300,0.6,0
2026-02-03,2025-11-05,"0.85%",-275,0.85,0
2026-02-03,2025-11-05,"1.10%",-250,1.1,0
2026-02-03,2025-11-05,"1.35%",-225,1.35,0
2026-02-03,2025-11-05,"1.60%",-200,1.6,0
2026-02-03,2025-11-05,"1.85%",-175,1.85,0
2026-02-03,2025-11-05,"2.10%",-150,2.1,0
2026-02-03,2025-11-05,"2.35%",-125,2.35,0
2026-02-03,2025-11-05,"2.60%",-100,2.6,0
2026-02-03,2025-11-05,"2.85%",-75,2.85,0
2026-02-03,2025-11-05,"3.10%",-50,3.1,0.0810536592957807
2026-02-03,2025-11-05,"3.35%",-25,3.35,0.388552079011235
2026-02-03,2025-11-05,"3.60%",0,3.6,0.424431136564205
2026-02-03,2025-11-05,"3.85%",25,3.85,0.10596312512878
2026-02-03,2025-11-05,"4.10%",50,4.1,0
2026-02-03,2025-11-05,"4.35%",75,4.35,0
2026-02-03,2025-11-05,"4.60%",100,4.6,0
2026-02-03,2025-11-05,"4.85%",125,4.85,0
2026-02-03,2025-11-05,"5.10%",150,5.1,0
2026-02-03,2025-11-05,"5.35%",175,5.35,0
2026-02-03,2025-11-05,"5.60%",200,5.6,0
2026-02-03,2025-11-05,"5.85%",225,5.85,0
2026-02-03,2025-11-05,"6.10%",250,6.1,0
2026-02-03,2025-11-06,"0.10%",-300,0.1,0
2026-02-03,2025-11-06,"0.35%",-300,0.35,0
2026-02-03,2025-11-06,"0.60%",-300,0.6,0
2026-02-03,2025-11-06,"0.85%",-275,0.85,0
2026-02-03,2025-11-06,"1.10%",-250,1.1,0
2026-02-03,2025-11-06,"1.35%",-225,1.35,0
2026-02-03,2025-11-06,"1.60%",-200,1.6,0
2026-02-03,2025-11-06,"1.85%",-175,1.85,0
2026-02-03,2025-11-06,"2.10%",-150,2.1,0
2026-02-03,2025-11-06,"2.35%",-125,2.35,0
2026-02-03,2025-11-06,"2.60%",-100,2.6,0
2026-02-03,2025-11-06,"2.85%",-75,2.85,0
2026-02-03,2025-11-06,"3.10%",-50,3.1,0.035550829498293
2026-02-03,2025-11-06,"3.35%",-25,3.35,0.398978038784438
2026-02-03,2025-11-06,"3.60%",0,3.6,0.495643504518005
2026-02-03,2025-11-06,"3.85%",25,3.85,0.0698276271992636
2026-02-03,2025-11-06,"4.10%",50,4.1,0
2026-02-03,2025-11-06,"4.35%",75,4.35,0
2026-02-03,2025-11-06,"4.60%",100,4.6,0
2026-02-03,2025-11-06,"4.85%",125,4.85,0
2026-02-03,2025-11-06,"5.10%",150,5.1,0
2026-02-03,2025-11-06,"5.35%",175,5.35,0
2026-02-03,2025-11-06,"5.60%",200,5.6,0
2026-02-03,2025-11-06,"5.85%",225,5.85,0
2026-02-03,2025-11-06,"6.10%",250,6.1,0
2026-02-03,2025-11-07,"0.10%",-300,0.1,0
2026-02-03,2025-11-07,"0.35%",-300,0.35,0
2026-02-03,2025-11-07,"0.60%",-300,0.6,0
2026-02-03,2025-11-07,"0.85%",-275,0.85,0
2026-02-03,2025-11-07,"1.10%",-250,1.1,0
2026-02-03,2025-11-07,"1.35%",-225,1.35,0
2026-02-03,2025-11-07,"1.60%",-200,1.6,0
2026-02-03,2025-11-07,"1.85%",-175,1.85,0
2026-02-03,2025-11-07,"2.10%",-150,2.1,0
2026-02-03,2025-11-07,"2.35%",-125,2.35,0
2026-02-03,2025-11-07,"2.60%",-100,2.6,0
2026-02-03,2025-11-07,"2.85%",-75,2.85,0
2026-02-03,2025-11-07,"3.10%",-50,3.1,0.0214238709455857
2026-02-03,2025-11-07,"3.35%",-25,3.35,0.403549371743897
2026-02-03,2025-11-07,"3.60%",0,3.6,0.525324609325238
2026-02-03,2025-11-07,"3.85%",25,3.85,0.049702147985279
2026-02-03,2025-11-07,"4.10%",50,4.1,0
2026-02-03,2025-11-07,"4.35%",75,4.35,0
2026-02-03,2025-11-07,"4.60%",100,4.6,0
2026-02-03,2025-11-07,"4.85%",125,4.85,0
2026-02-03,2025-11-07,"5.10%",150,5.1,0
2026-02-03,2025-11-07,"5.35%",175,5.35,0
2026-02-03,2025-11-07,"5.60%",200,5.6,0
2026-02-03,2025-11-07,"5.85%",225,5.85,0
2026-02-03,2025-11-07,"6.10%",250,6.1,0
2026-02-03,2025-11-08,"0.10%",-300,0.1,0
2026-02-03,2025-11-08,"0.35%",-300,0.35,0
2026-02-03,2025-11-08,"0.60%",-300,0.6,0
2026-02-03,2025-11-08,"0.85%",-275,0.85,0
2026-02-03,2025-11-08,"1.10%",-250,1.1,0
2026-02-03,2025-11-08,"1.35%",-225,1.35,0
2026-02-03,2025-11-08,"1.60%",-200,1.6,0
2026-02-03,2025-11-08,"1.85%",-175,1.85,0
2026-02-03,2025-11-08,"2.10%",-150,2.1,0
2026-02-03,2025-11-08,"2.35%",-125,2.35,0
2026-02-03,2025-11-08,"2.60%",-100,2.6,0
2026-02-03,2025-11-08,"2.85%",-75,2.85,0
2026-02-03,2025-11-08,"3.10%",-50,3.1,0.0280056306010275
2026-02-03,2025-11-08,"3.35%",-25,3.35,0.401260698833897
2026-02-03,2025-11-08,"3.60%",0,3.6,0.510865941443353
2026-02-03,2025-11-08,"3.85%",25,3.85,0.0598677291217228
2026-02-03,2025-11-08,"4.10%",50,4.1,0
2026-02-03,2025-11-08,"4.35%",75,4.35,0
2026-02-03,2025-11-08,"4.60%",100,4.6,0
2026-02-03,2025-11-08,"4.85%",125,4.85,0
2026-02-03,2025-11-08,"5.10%",150,5.1,0
2026-02-03,2025-11-08,"5.35%",175,5.35,0
2026-02-03,2025-11-08,"5.60%",200,5.6,0
2026-02-03,2025-11-08,"5.85%",225,5.85,0
2026-02-03,2025-11-08,"6.10%",250,6.1,0
2026-02-03,2025-11-09,"0.10%",-300,0.1,0
2026-02-03,2025-11-09,"0.35%",-300,0.35,0
2026-02-03,2025-11-09,"0.60%",-300,0.6,0
2026-02-03,2025-11-09,"0.85%",-275,0.85,0
2026-02-03,2025-11-09,"1.10%",-250,1.1,0
2026-02-03,2025-11-09,"1.35%",-225,1.35,0
2026-02-03,2025-11-09,"1.60%",-200,1.6,0
2026-02-03,2025-11-09,"1.85%",-175,1.85,0
2026-02-03,2025-11-09,"2.10%",-150,2.1,0
2026-02-03,2025-11-09,"2.35%",-125,2.35,0
2026-02-03,2025-11-09,"2.60%",-100,2.6,0
2026-02-03,2025-11-09,"2.85%",-75,2.85,0
2026-02-03,2025-11-09,"3.10%",-50,3.1,0.0306157597341142
2026-02-03,2025-11-09,"3.35%",-25,3.35,0.378088150730472
2026-02-03,2025-11-09,"3.60%",0,3.6,0.512440051437252
2026-02-03,2025-11-09,"3.85%",25,3.85,0.0788560380981613
2026-02-03,2025-11-09,"4.10%",50,4.1,0
2026-02-03,2025-11-09,"4.35%",75,4.35,0
2026-02-03,2025-11-09,"4.60%",100,4.6,0
2026-02-03,2025-11-09,"4.85%",125,4.85,0
2026-02-03,2025-11-09,"5.10%",150,5.1,0
2026-02-03,2025-11-09,"5.35%",175,5.35,0
2026-02-03,2025-11-09,"5.60%",200,5.6,0
2026-02-03,2025-11-09,"5.85%",225,5.85,0
2026-02-03,2025-11-09,"6.10%",250,6.1,0
2026-02-03,2025-11-10,"0.10%",-300,0.1,0
2026-02-03,2025-11-10,"0.35%",-300,0.35,0
2026-02-03,2025-11-10,"0.60%",-300,0.6,0
2026-02-03,2025-11-10,"0.85%",-275,0.85,0
2026-02-03,2025-11-10,"1.10%",-250,1.1,0
2026-02-03,2025-11-10,"1.35%",-225,1.35,0
2026-02-03,2025-11-10,"1.60%",-200,1.6,0
2026-02-03,2025-11-10,"1.85%",-175,1.85,0
2026-02-03,2025-11-10,"2.10%",-150,2.1,0
2026-02-03,2025-11-10,"2.35%",-125,2.35,0
2026-02-03,2025-11-10,"2.60%",-100,2.6,0
2026-02-03,2025-11-10,"2.85%",-75,2.85,0
2026-02-03,2025-11-10,"3.10%",-50,3.1,0.0349958810532082
2026-02-03,2025-11-10,"3.35%",-25,3.35,0.365260535257362
2026-02-03,2025-11-10,"3.60%",0,3.6,0.504774467304449
2026-02-03,2025-11-10,"3.85%",25,3.85,0.0949691163849811
2026-02-03,2025-11-10,"4.10%",50,4.1,0
2026-02-03,2025-11-10,"4.35%",75,4.35,0
2026-02-03,2025-11-10,"4.60%",100,4.6,0
2026-02-03,2025-11-10,"4.85%",125,4.85,0
2026-02-03,2025-11-10,"5.10%",150,5.1,0
2026-02-03,2025-11-10,"5.35%",175,5.35,0
2026-02-03,2025-11-10,"5.60%",200,5.6,0
2026-02-03,2025-11-10,"5.85%",225,5.85,0
2026-02-03,2025-11-10,"6.10%",250,6.1,0
2026-02-03,2025-11-11,"0.10%",-300,0.1,0
2026-02-03,2025-11-11,"0.35%",-300,0.35,0
2026-02-03,2025-11-11,"0.60%",-300,0.6,0
2026-02-03,2025-11-11,"0.85%",-275,0.85,0
2026-02-03,2025-11-11,"1.10%",-250,1.1,0
2026-02-03,2025-11-11,"1.35%",-225,1.35,0
2026-02-03,2025-11-11,"1.60%",-200,1.6,0
2026-02-03,2025-11-11,"1.85%",-175,1.85,0
2026-02-03,2025-11-11,"2.10%",-150,2.1,0
2026-02-03,2025-11-11,"2.35%",-125,2.35,0
2026-02-03,2025-11-11,"2.60%",-100,2.6,0
2026-02-03,2025-11-11,"2.85%",-75,2.85,0
2026-02-03,2025-11-11,"3.10%",-50,3.1,0.0191475096245365
2026-02-03,2025-11-11,"3.35%",-25,3.35,0.378025895361015
2026-02-03,2025-11-11,"3.60%",0,3.6,0.542472414964711
2026-02-03,2025-11-11,"3.85%",25,3.85,0.0603541800497379
2026-02-03,2025-11-11,"4.10%",50,4.1,0
2026-02-03,2025-11-11,"4.35%",75,4.35,0
2026-02-03,2025-11-11,"4.60%",100,4.6,0
2026-02-03,2025-11-11,"4.85%",125,4.85,0
2026-02-03,2025-11-11,"5.10%",150,5.1,0
2026-02-03,2025-11-11,"5.35%",175,5.35,0
2026-02-03,2025-11-11,"5.60%",200,5.6,0
2026-02-03,2025-11-11,"5.85%",225,5.85,0
2026-02-03,2025-11-11,"6.10%",250,6.1,0
2026-02-03,2025-11-12,"0.10%",-300,0.1,0
2026-02-03,2025-11-12,"0.35%",-300,0.35,0
2026-02-03,2025-11-12,"0.60%",-300,0.6,0
2026-02-03,2025-11-12,"0.85%",-275,0.85,0
2026-02-03,2025-11-12,"1.10%",-250,1.1,0
2026-02-03,2025-11-12,"1.35%",-225,1.35,0
2026-02-03,2025-11-12,"1.60%",-200,1.6,0
2026-02-03,2025-11-12,"1.85%",-175,1.85,0
2026-02-03,2025-11-12,"2.10%",-150,2.1,0
2026-02-03,2025-11-12,"2.35%",-125,2.35,0
2026-02-03,2025-11-12,"2.60%",-100,2.6,0
2026-02-03,2025-11-12,"2.85%",-75,2.85,0
2026-02-03,2025-11-12,"3.10%",-50,3.1,0
2026-02-03,2025-11-12,"3.35%",-25,3.35,0.257774421684703
2026-02-03,2025-11-12,"3.60%",0,3.6,0.646017806924565
2026-02-03,2025-11-12,"3.85%",25,3.85,0.0962077713907316
2026-02-03,2025-11-12,"4.10%",50,4.1,0
2026-02-03,2025-11-12,"4.35%",75,4.35,0
2026-02-03,2025-11-12,"4.60%",100,4.6,0
2026-02-03,2025-11-12,"4.85%",125,4.85,0
2026-02-03,2025-11-12,"5.10%",150,5.1,0
2026-02-03,2025-11-12,"5.35%",175,5.35,0
2026-02-03,2025-11-12,"5.60%",200,5.6,0
2026-02-03,2025-11-12,"5.85%",225,5.85,0
2026-02-03,2025-11-12,"6.10%",250,6.1,0
2026-02-03,2025-11-13,"0.10%",-300,0.1,0
2026-02-03,2025-11-13,"0.35%",-300,0.35,0
2026-02-03,2025-11-13,"0.60%",-300,0.6,0
2026-02-03,2025-11-13,"0.85%",-275,0.85,0
2026-02-03,2025-11-13,"1.10%",-250,1.1,0
2026-02-03,2025-11-13,"1.35%",-225,1.35,0
2026-02-03,2025-11-13,"1.60%",-200,1.6,0
2026-02-03,2025-11-13,"1.85%",-175,1.85,0
2026-02-03,2025-11-13,"2.10%",-150,2.1,0
2026-02-03,2025-11-13,"2.35%",-125,2.35,0
2026-02-03,2025-11-13,"2.60%",-100,2.6,0
2026-02-03,2025-11-13,"2.85%",-75,2.85,0
2026-02-03,2025-11-13,"3.10%",-50,3.1,0
2026-02-03,2025-11-13,"3.35%",-25,3.35,0.281278753613091
2026-02-03,2025-11-13,"3.60%",0,3.6,0.639764156649322
2026-02-03,2025-11-13,"3.85%",25,3.85,0.0789570897375873
2026-02-03,2025-11-13,"4.10%",50,4.1,0
2026-02-03,2025-11-13,"4.35%",75,4.35,0
2026-02-03,2025-11-13,"4.60%",100,4.6,0
2026-02-03,2025-11-13,"4.85%",125,4.85,0
2026-02-03,2025-11-13,"5.10%",150,5.1,0
2026-02-03,2025-11-13,"5.35%",175,5.35,0
2026-02-03,2025-11-13,"5.60%",200,5.6,0
2026-02-03,2025-11-13,"5.85%",225,5.85,0
2026-02-03,2025-11-13,"6.10%",250,6.1,0
2026-02-03,2025-11-14,"0.10%",-300,0.1,0
2026-02-03,2025-11-14,"0.35%",-300,0.35,0
2026-02-03,2025-11-14,"0.60%",-300,0.6,0
2026-02-03,2025-11-14,"0.85%",-275,0.85,0
2026-02-03,2025-11-14,"1.10%",-250,1.1,0
2026-02-03,2025-11-14,"1.35%",-225,1.35,0
2026-02-03,2025-11-14,"1.60%",-200,1.6,0
2026-02-03,2025-11-14,"1.85%",-175,1.85,0
2026-02-03,2025-11-14,"2.10%",-150,2.1,0
2026-02-03,2025-11-14,"2.35%",-125,2.35,0
2026-02-03,2025-11-14,"2.60%",-100,2.6,0
2026-02-03,2025-11-14,"2.85%",-75,2.85,0
2026-02-03,2025-11-14,"3.10%",-50,3.1,0
2026-02-03,2025-11-14,"3.35%",-25,3.35,0.25175228127171
2026-02-03,2025-11-14,"3.60%",0,3.6,0.699389706221729
2026-02-03,2025-11-14,"3.85%",25,3.85,0.048858012506561
2026-02-03,2025-11-14,"4.10%",50,4.1,0
2026-02-03,2025-11-14,"4.35%",75,4.35,0
2026-02-03,2025-11-14,"4.60%",100,4.6,0
2026-02-03,2025-11-14,"4.85%",125,4.85,0
2026-02-03,2025-11-14,"5.10%",150,5.1,0
2026-02-03,2025-11-14,"5.35%",175,5.35,0
2026-02-03,2025-11-14,"5.60%",200,5.6,0
2026-02-03,2025-11-14,"5.85%",225,5.85,0
2026-02-03,2025-11-14,"6.10%",250,6.1,0
2026-02-03,2025-11-15,"0.10%",-300,0.1,0
2026-02-03,2025-11-15,"0.35%",-300,0.35,0
2026-02-03,2025-11-15,"0.60%",-300,0.6,0
2026-02-03,2025-11-15,"0.85%",-275,0.85,0
2026-02-03,2025-11-15,"1.10%",-250,1.1,0
2026-02-03,2025-11-15,"1.35%",-225,1.35,0
2026-02-03,2025-11-15,"1.60%",-200,1.6,0
2026-02-03,2025-11-15,"1.85%",-175,1.85,0
2026-02-03,2025-11-15,"2.10%",-150,2.1,0
2026-02-03,2025-11-15,"2.35%",-125,2.35,0
2026-02-03,2025-11-15,"2.60%",-100,2.6,0
2026-02-03,2025-11-15,"2.85%",-75,2.85,0
2026-02-03,2025-11-15,"3.10%",-50,3.1,0
2026-02-03,2025-11-15,"3.35%",-25,3.35,0.249559043801317
2026-02-03,2025-11-15,"3.60%",0,3.6,0.703371882073256
2026-02-03,2025-11-15,"3.85%",25,3.85,0.0470690741254272
2026-02-03,2025-11-15,"4.10%",50,4.1,0
2026-02-03,2025-11-15,"4.35%",75,4.35,0
2026-02-03,2025-11-15,"4.60%",100,4.6,0
2026-02-03,2025-11-15,"4.85%",125,4.85,0
2026-02-03,2025-11-15,"5.10%",150,5.1,0
2026-02-03,2025-11-15,"5.35%",175,5.35,0
2026-02-03,2025-11-15,"5.60%",200,5.6,0
2026-02-03,2025-11-15,"5.85%",225,5.85,0
2026-02-03,2025-11-15,"6.10%",250,6.1,0
2026-02-03,2025-11-16,"0.10%",-300,0.1,0
2026-02-03,2025-11-16,"0.35%",-300,0.35,0
2026-02-03,2025-11-16,"0.60%",-300,0.6,0
2026-02-03,2025-11-16,"0.85%",-275,0.85,0
2026-02-03,2025-11-16,"1.10%",-250,1.1,0
2026-02-03,2025-11-16,"1.35%",-225,1.35,0
2026-02-03,2025-11-16,"1.60%",-200,1.6,0
2026-02-03,2025-11-16,"1.85%",-175,1.85,0
2026-02-03,2025-11-16,"2.10%",-150,2.1,0
2026-02-03,2025-11-16,"2.35%",-125,2.35,0
2026-02-03,2025-11-16,"2.60%",-100,2.6,0
2026-02-03,2025-11-16,"2.85%",-75,2.85,0
2026-02-03,2025-11-16,"3.10%",-50,3.1,0
2026-02-03,2025-11-16,"3.35%",-25,3.35,0.231547800129633
2026-02-03,2025-11-16,"3.60%",0,3.6,0.718083102457967
2026-02-03,2025-11-16,"3.85%",25,3.85,0.0503690974124001
2026-02-03,2025-11-16,"4.10%",50,4.1,0
2026-02-03,2025-11-16,"4.35%",75,4.35,0
2026-02-03,2025-11-16,"4.60%",100,4.6,0
2026-02-03,2025-11-16,"4.85%",125,4.85,0
2026-02-03,2025-11-16,"5.10%",150,5.1,0
2026-02-03,2025-11-16,"5.35%",175,5.35,0
2026-02-03,2025-11-16,"5.60%",200,5.6,0
2026-02-03,2025-11-16,"5.85%",225,5.85,0
2026-02-03,2025-11-16,"6.10%",250,6.1,0
2026-02-03,2025-11-17,"0.10%",-300,0.1,0
2026-02-03,2025-11-17,"0.35%",-300,0.35,0
2026-02-03,2025-11-17,"0.60%",-300,0.6,0
2026-02-03,2025-11-17,"0.85%",-275,0.85,0
2026-02-03,2025-11-17,"1.10%",-250,1.1,0
2026-02-03,2025-11-17,"1.35%",-225,1.35,0
2026-02-03,2025-11-17,"1.60%",-200,1.6,0
2026-02-03,2025-11-17,"1.85%",-175,1.85,0
2026-02-03,2025-11-17,"2.10%",-150,2.1,0
2026-02-03,2025-11-17,"2.35%",-125,2.35,0
2026-02-03,2025-11-17,"2.60%",-100,2.6,0
2026-02-03,2025-11-17,"2.85%",-75,2.85,0
2026-02-03,2025-11-17,"3.10%",-50,3.1,0
2026-02-03,2025-11-17,"3.35%",-25,3.35,0.330459463511807
2026-02-03,2025-11-17,"3.60%",0,3.6,0.644763588791617
2026-02-03,2025-11-17,"3.85%",25,3.85,0.0247769476965761
2026-02-03,2025-11-17,"4.10%",50,4.1,0
2026-02-03,2025-11-17,"4.35%",75,4.35,0
2026-02-03,2025-11-17,"4.60%",100,4.6,0
2026-02-03,2025-11-17,"4.85%",125,4.85,0
2026-02-03,2025-11-17,"5.10%",150,5.1,0
2026-02-03,2025-11-17,"5.35%",175,5.35,0
2026-02-03,2025-11-17,"5.60%",200,5.6,0
2026-02-03,2025-11-17,"5.85%",225,5.85,0
2026-02-03,2025-11-17,"6.10%",250,6.1,0
2026-02-03,2025-11-18,"0.10%",-300,0.1,0
2026-02-03,2025-11-18,"0.35%",-300,0.35,0
2026-02-03,2025-11-18,"0.60%",-300,0.6,0
2026-02-03,2025-11-18,"0.85%",-275,0.85,0
2026-02-03,2025-11-18,"1.10%",-250,1.1,0
2026-02-03,2025-11-18,"1.35%",-225,1.35,0
2026-02-03,2025-11-18,"1.60%",-200,1.6,0
2026-02-03,2025-11-18,"1.85%",-175,1.85,0
2026-02-03,2025-11-18,"2.10%",-150,2.1,0
2026-02-03,2025-11-18,"2.35%",-125,2.35,0
2026-02-03,2025-11-18,"2.60%",-100,2.6,0
2026-02-03,2025-11-18,"2.85%",-75,2.85,0
2026-02-03,2025-11-18,"3.10%",-50,3.1,0
2026-02-03,2025-11-18,"3.35%",-25,3.35,0.343862553830843
2026-02-03,2025-11-18,"3.60%",0,3.6,0.615716854240034
2026-02-03,2025-11-18,"3.85%",25,3.85,0.040420591929123
2026-02-03,2025-11-18,"4.10%",50,4.1,0
2026-02-03,2025-11-18,"4.35%",75,4.35,0
2026-02-03,2025-11-18,"4.60%",100,4.6,0
2026-02-03,2025-11-18,"4.85%",125,4.85,0
2026-02-03,2025-11-18,"5.10%",150,5.1,0
2026-02-03,2025-11-18,"5.35%",175,5.35,0
2026-02-03,2025-11-18,"5.60%",200,5.6,0
2026-02-03,2025-11-18,"5.85%",225,5.85,0
2026-02-03,2025-11-18,"6.10%",250,6.1,0
2026-02-03,2025-11-19,"0.10%",-300,0.1,0
2026-02-03,2025-11-19,"0.35%",-300,0.35,0
2026-02-03,2025-11-19,"0.60%",-300,0.6,0
2026-02-03,2025-11-19,"0.85%",-275,0.85,0
2026-02-03,2025-11-19,"1.10%",-250,1.1,0
2026-02-03,2025-11-19,"1.35%",-225,1.35,0
2026-02-03,2025-11-19,"1.60%",-200,1.6,0
2026-02-03,2025-11-19,"1.85%",-175,1.85,0
2026-02-03,2025-11-19,"2.10%",-150,2.1,0
2026-02-03,2025-11-19,"2.35%",-125,2.35,0
2026-02-03,2025-11-19,"2.60%",-100,2.6,0
2026-02-03,2025-11-19,"2.85%",-75,2.85,0
2026-02-03,2025-11-19,"3.10%",-50,3.1,0
2026-02-03,2025-11-19,"3.35%",-25,3.35,0.282099424070764
2026-02-03,2025-11-19,"3.60%",0,3.6,0.660636873144378
2026-02-03,2025-11-19,"3.85%",25,3.85,0.0572637027848572
2026-02-03,2025-11-19,"4.10%",50,4.1,0
2026-02-03,2025-11-19,"4.35%",75,4.35,0
2026-02-03,2025-11-19,"4.60%",100,4.6,0
2026-02-03,2025-11-19,"4.85%",125,4.85,0
2026-02-03,2025-11-19,"5.10%",150,5.1,0
2026-02-03,2025-11-19,"5.35%",175,5.35,0
2026-02-03,2025-11-19,"5.60%",200,5.6,0
2026-02-03,2025-11-19,"5.85%",225,5.85,0
2026-02-03,2025-11-19,"6.10%",250,6.1,0
2026-02-03,2025-11-20,"0.10%",-300,0.1,0
2026-02-03,2025-11-20,"0.35%",-300,0.35,0
2026-02-03,2025-11-20,"0.60%",-300,0.6,0
2026-02-03,2025-11-20,"0.85%",-275,0.85,0
2026-02-03,2025-11-20,"1.10%",-250,1.1,0
2026-02-03,2025-11-20,"1.35%",-225,1.35,0
2026-02-03,2025-11-20,"1.60%",-200,1.6,0
2026-02-03,2025-11-20,"1.85%",-175,1.85,0
2026-02-03,2025-11-20,"2.10%",-150,2.1,0
2026-02-03,2025-11-20,"2.35%",-125,2.35,0
2026-02-03,2025-11-20,"2.60%",-100,2.6,0
2026-02-03,2025-11-20,"2.85%",-75,2.85,0
2026-02-03,2025-11-20,"3.10%",-50,3.1,0
2026-02-03,2025-11-20,"3.35%",-25,3.35,0.310290553078705
2026-02-03,2025-11-20,"3.60%",0,3.6,0.664730875311404
2026-02-03,2025-11-20,"3.85%",25,3.85,0.0249785716098901
2026-02-03,2025-11-20,"4.10%",50,4.1,0
2026-02-03,2025-11-20,"4.35%",75,4.35,0
2026-02-03,2025-11-20,"4.60%",100,4.6,0
2026-02-03,2025-11-20,"4.85%",125,4.85,0
2026-02-03,2025-11-20,"5.10%",150,5.1,0
2026-02-03,2025-11-20,"5.35%",175,5.35,0
2026-02-03,2025-11-20,"5.60%",200,5.6,0
2026-02-03,2025-11-20,"5.85%",225,5.85,0
2026-02-03,2025-11-20,"6.10%",250,6.1,0
2026-02-03,2025-11-21,"0.10%",-300,0.1,0
2026-02-03,2025-11-21,"0.35%",-300,0.35,0
2026-02-03,2025-11-21,"0.60%",-300,0.6,0
2026-02-03,2025-11-21,"0.85%",-275,0.85,0
2026-02-03,2025-11-21,"1.10%",-250,1.1,0
2026-02-03,2025-11-21,"1.35%",-225,1.35,0
2026-02-03,2025-11-21,"1.60%",-200,1.6,0
2026-02-03,2025-11-21,"1.85%",-175,1.85,0
2026-02-03,2025-11-21,"2.10%",-150,2.1,0
2026-02-03,2025-11-21,"2.35%",-125,2.35,0
2026-02-03,2025-11-21,"2.60%",-100,2.6,0
2026-02-03,2025-11-21,"2.85%",-75,2.85,0
2026-02-03,2025-11-21,"3.10%",-50,3.1,0
2026-02-03,2025-11-21,"3.35%",-25,3.35,0.325862969850073
2026-02-03,2025-11-21,"3.60%",0,3.6,0.635682846804861
2026-02-03,2025-11-21,"3.85%",25,3.85,0.0384541833450663
2026-02-03,2025-11-21,"4.10%",50,4.1,0
2026-02-03,2025-11-21,"4.35%",75,4.35,0
2026-02-03,2025-11-21,"4.60%",100,4.6,0
2026-02-03,2025-11-21,"4.85%",125,4.85,0
2026-02-03,2025-11-21,"5.10%",150,5.1,0
2026-02-03,2025-11-21,"5.35%",175,5.35,0
2026-02-03,2025-11-21,"5.60%",200,5.6,0
2026-02-03,2025-11-21,"5.85%",225,5.85,0
2026-02-03,2025-11-21,"6.10%",250,6.1,0
2026-02-03,2025-11-22,"0.10%",-300,0.1,0
2026-02-03,2025-11-22,"0.35%",-300,0.35,0
2026-02-03,2025-11-22,"0.60%",-300,0.6,0
2026-02-03,2025-11-22,"0.85%",-275,0.85,0
2026-02-03,2025-11-22,"1.10%",-250,1.1,0
2026-02-03,2025-11-22,"1.35%",-225,1.35,0
2026-02-03,2025-11-22,"1.60%",-200,1.6,0
2026-02-03,2025-11-22,"1.85%",-175,1.85,0
2026-02-03,2025-11-22,"2.10%",-150,2.1,0
2026-02-03,2025-11-22,"2.35%",-125,2.35,0
2026-02-03,2025-11-22,"2.60%",-100,2.6,0
2026-02-03,2025-11-22,"2.85%",-75,2.85,0
2026-02-03,2025-11-22,"3.10%",-50,3.1,0
2026-02-03,2025-11-22,"3.35%",-25,3.35,0.32588044688667
2026-02-03,2025-11-22,"3.60%",0,3.6,0.635646865528287
2026-02-03,2025-11-22,"3.85%",25,3.85,0.038472687585043
2026-02-03,2025-11-22,"4.10%",50,4.1,0
2026-02-03,2025-11-22,"4.35%",75,4.35,0
2026-02-03,2025-11-22,"4.60%",100,4.6,0
2026-02-03,2025-11-22,"4.85%",125,4.85,0
2026-02-03,2025-11-22,"5.10%",150,5.1,0
2026-02-03,2025-11-22,"5.35%",175,5.35,0
2026-02-03,2025-11-22,"5.60%",200,5.6,0
2026-02-03,2025-11-22,"5.85%",225,5.85,0
2026-02-03,2025-11-22,"6.10%",250,6.1,0
2026-02-03,2025-11-23,"0.10%",-300,0.1,0
2026-02-03,2025-11-23,"0.35%",-300,0.35,0
2026-02-03,2025-11-23,"0.60%",-300,0.6,0
2026-02-03,2025-11-23,"0.85%",-275,0.85,0
2026-02-03,2025-11-23,"1.10%",-250,1.1,0
2026-02-03,2025-11-23,"1.35%",-225,1.35,0
2026-02-03,2025-11-23,"1.60%",-200,1.6,0
2026-02-03,2025-11-23,"1.85%",-175,1.85,0
2026-02-03,2025-11-23,"2.10%",-150,2.1,0
2026-02-03,2025-11-23,"2.35%",-125,2.35,0
2026-02-03,2025-11-23,"2.60%",-100,2.6,0
2026-02-03,2025-11-23,"2.85%",-75,2.85,0
2026-02-03,2025-11-23,"3.10%",-50,3.1,0
2026-02-03,2025-11-23,"3.35%",-25,3.35,0.30800757004306
2026-02-03,2025-11-23,"3.60%",0,3.6,0.649074710867244
2026-02-03,2025-11-23,"3.85%",25,3.85,0.0429177190896962
2026-02-03,2025-11-23,"4.10%",50,4.1,0
2026-02-03,2025-11-23,"4.35%",75,4.35,0
2026-02-03,2025-11-23,"4.60%",100,4.6,0
2026-02-03,2025-11-23,"4.85%",125,4.85,0
2026-02-03,2025-11-23,"5.10%",150,5.1,0
2026-02-03,2025-11-23,"5.35%",175,5.35,0
2026-02-03,2025-11-23,"5.60%",200,5.6,0
2026-02-03,2025-11-23,"5.85%",225,5.85,0
2026-02-03,2025-11-23,"6.10%",250,6.1,0
2026-02-03,2025-11-24,"0.10%",-300,0.1,0
2026-02-03,2025-11-24,"0.35%",-300,0.35,0
2026-02-03,2025-11-24,"0.60%",-300,0.6,0
2026-02-03,2025-11-24,"0.85%",-275,0.85,0
2026-02-03,2025-11-24,"1.10%",-250,1.1,0
2026-02-03,2025-11-24,"1.35%",-225,1.35,0
2026-02-03,2025-11-24,"1.60%",-200,1.6,0
2026-02-03,2025-11-24,"1.85%",-175,1.85,0
2026-02-03,2025-11-24,"2.10%",-150,2.1,0
2026-02-03,2025-11-24,"2.35%",-125,2.35,0
2026-02-03,2025-11-24,"2.60%",-100,2.6,0
2026-02-03,2025-11-24,"2.85%",-75,2.85,0
2026-02-03,2025-11-24,"3.10%",-50,3.1,0
2026-02-03,2025-11-24,"3.35%",-25,3.35,0.291671101168131
2026-02-03,2025-11-24,"3.60%",0,3.6,0.660882597987118
2026-02-03,2025-11-24,"3.85%",25,3.85,0.0474463008447516
2026-02-03,2025-11-24,"4.10%",50,4.1,0
2026-02-03,2025-11-24,"4.35%",75,4.35,0
2026-02-03,2025-11-24,"4.60%",100,4.6,0
2026-02-03,2025-11-24,"4.85%",125,4.85,0
2026-02-03,2025-11-24,"5.10%",150,5.1,0
2026-02-03,2025-11-24,"5.35%",175,5.35,0
2026-02-03,2025-11-24,"5.60%",200,5.6,0
2026-02-03,2025-11-24,"5.85%",225,5.85,0
2026-02-03,2025-11-24,"6.10%",250,6.1,0
2026-02-03,2025-11-25,"0.10%",-300,0.1,0
2026-02-03,2025-11-25,"0.35%",-300,0.35,0
2026-02-03,2025-11-25,"0.60%",-300,0.6,0
2026-02-03,2025-11-25,"0.85%",-275,0.85,0
2026-02-03,2025-11-25,"1.10%",-250,1.1,0
2026-02-03,2025-11-25,"1.35%",-225,1.35,0
2026-02-03,2025-11-25,"1.60%",-200,1.6,0
2026-02-03,2025-11-25,"1.85%",-175,1.85,0
2026-02-03,2025-11-25,"2.10%",-150,2.1,0
2026-02-03,2025-11-25,"2.35%",-125,2.35,0
2026-02-03,2025-11-25,"2.60%",-100,2.6,0
2026-02-03,2025-11-25,"2.85%",-75,2.85,0
2026-02-03,2025-11-25,"3.10%",-50,3.1,0
2026-02-03,2025-11-25,"3.35%",-25,3.35,0.187570564934284
2026-02-03,2025-11-25,"3.60%",0,3.6,0.725264474285067
2026-02-03,2025-11-25,"3.85%",25,3.85,0.0871649607806489
2026-02-03,2025-11-25,"4.10%",50,4.1,0
2026-02-03,2025-11-25,"4.35%",75,4.35,0
2026-02-03,2025-11-25,"4.60%",100,4.6,0
2026-02-03,2025-11-25,"4.85%",125,4.85,0
2026-02-03,2025-11-25,"5.10%",150,5.1,0
2026-02-03,2025-11-25,"5.35%",175,5.35,0
2026-02-03,2025-11-25,"5.60%",200,5.6,0
2026-02-03,2025-11-25,"5.85%",225,5.85,0
2026-02-03,2025-11-25,"6.10%",250,6.1,0
2026-02-03,2025-11-26,"0.10%",-300,0.1,0
2026-02-03,2025-11-26,"0.35%",-300,0.35,0
2026-02-03,2025-11-26,"0.60%",-300,0.6,0
2026-02-03,2025-11-26,"0.85%",-275,0.85,0
2026-02-03,2025-11-26,"1.10%",-250,1.1,0
2026-02-03,2025-11-26,"1.35%",-225,1.35,0
2026-02-03,2025-11-26,"1.60%",-200,1.6,0
2026-02-03,2025-11-26,"1.85%",-175,1.85,0
2026-02-03,2025-11-26,"2.10%",-150,2.1,0
2026-02-03,2025-11-26,"2.35%",-125,2.35,0
2026-02-03,2025-11-26,"2.60%",-100,2.6,0
2026-02-03,2025-11-26,"2.85%",-75,2.85,0
2026-02-03,2025-11-26,"3.10%",-50,3.1,0
2026-02-03,2025-11-26,"3.35%",-25,3.35,0.165219976353676
2026-02-03,2025-11-26,"3.60%",0,3.6,0.782340810260681
2026-02-03,2025-11-26,"3.85%",25,3.85,0.0524392133856434
2026-02-03,2025-11-26,"4.10%",50,4.1,0
2026-02-03,2025-11-26,"4.35%",75,4.35,0
2026-02-03,2025-11-26,"4.60%",100,4.6,0
2026-02-03,2025-11-26,"4.85%",125,4.85,0
2026-02-03,2025-11-26,"5.10%",150,5.1,0
2026-02-03,2025-11-26,"5.35%",175,5.35,0
2026-02-03,2025-11-26,"5.60%",200,5.6,0
2026-02-03,2025-11-26,"5.85%",225,5.85,0
2026-02-03,2025-11-26,"6.10%",250,6.1,0
2026-02-03,2025-11-27,"0.10%",-300,0.1,0
2026-02-03,2025-11-27,"0.35%",-300,0.35,0
2026-02-03,2025-11-27,"0.60%",-300,0.6,0
2026-02-03,2025-11-27,"0.85%",-275,0.85,0
2026-02-03,2025-11-27,"1.10%",-250,1.1,0
2026-02-03,2025-11-27,"1.35%",-225,1.35,0
2026-02-03,2025-11-27,"1.60%",-200,1.6,0
2026-02-03,2025-11-27,"1.85%",-175,1.85,0
2026-02-03,2025-11-27,"2.10%",-150,2.1,0
2026-02-03,2025-11-27,"2.35%",-125,2.35,0
2026-02-03,2025-11-27,"2.60%",-100,2.6,0
2026-02-03,2025-11-27,"2.85%",-75,2.85,0
2026-02-03,2025-11-27,"3.10%",-50,3.1,0
2026-02-03,2025-11-27,"3.35%",-25,3.35,0.135539596766146
2026-02-03,2025-11-27,"3.60%",0,3.6,0.785886014434215
2026-02-03,2025-11-27,"3.85%",25,3.85,0.078574388799639
2026-02-03,2025-11-27,"4.10%",50,4.1,0
2026-02-03,2025-11-27,"4.35%",75,4.35,0
2026-02-03,2025-11-27,"4.60%",100,4.6,0
2026-02-03,2025-11-27,"4.85%",125,4.85,0
2026-02-03,2025-11-27,"5.10%",150,5.1,0
2026-02-03,2025-11-27,"5.35%",175,5.35,0
2026-02-03,2025-11-27,"5.60%",200,5.6,0
2026-02-03,2025-11-27,"5.85%",225,5.85,0
2026-02-03,2025-11-27,"6.10%",250,6.1,0
2026-02-03,2025-11-28,"0.10%",-300,0.1,0
2026-02-03,2025-11-28,"0.35%",-300,0.35,0
2026-02-03,2025-11-28,"0.60%",-300,0.6,0
2026-02-03,2025-11-28,"0.85%",-275,0.85,0
2026-02-03,2025-11-28,"1.10%",-250,1.1,0
2026-02-03,2025-11-28,"1.35%",-225,1.35,0
2026-02-03,2025-11-28,"1.60%",-200,1.6,0
2026-02-03,2025-11-28,"1.85%",-175,1.85,0
2026-02-03,2025-11-28,"2.10%",-150,2.1,0
2026-02-03,2025-11-28,"2.35%",-125,2.35,0
2026-02-03,2025-11-28,"2.60%",-100,2.6,0
2026-02-03,2025-11-28,"2.85%",-75,2.85,0
2026-02-03,2025-11-28,"3.10%",-50,3.1,0
2026-02-03,2025-11-28,"3.35%",-25,3.35,0.124350736961286
2026-02-03,2025-11-28,"3.60%",0,3.6,0.804947360370164
2026-02-03,2025-11-28,"3.85%",25,3.85,0.0707019026685502
2026-02-03,2025-11-28,"4.10%",50,4.1,0
2026-02-03,2025-11-28,"4.35%",75,4.35,0
2026-02-03,2025-11-28,"4.60%",100,4.6,0
2026-02-03,2025-11-28,"4.85%",125,4.85,0
2026-02-03,2025-11-28,"5.10%",150,5.1,0
2026-02-03,2025-11-28,"5.35%",175,5.35,0
2026-02-03,2025-11-28,"5.60%",200,5.6,0
2026-02-03,2025-11-28,"5.85%",225,5.85,0
2026-02-03,2025-11-28,"6.10%",250,6.1,0
2026-02-03,2025-11-29,"0.10%",-300,0.1,0
2026-02-03,2025-11-29,"0.35%",-300,0.35,0
2026-02-03,2025-11-29,"0.60%",-300,0.6,0
2026-02-03,2025-11-29,"0.85%",-275,0.85,0
2026-02-03,2025-11-29,"1.10%",-250,1.1,0
2026-02-03,2025-11-29,"1.35%",-225,1.35,0
2026-02-03,2025-11-29,"1.60%",-200,1.6,0
2026-02-03,2025-11-29,"1.85%",-175,1.85,0
2026-02-03,2025-11-29,"2.10%",-150,2.1,0
2026-02-03,2025-11-29,"2.35%",-125,2.35,0
2026-02-03,2025-11-29,"2.60%",-100,2.6,0
2026-02-03,2025-11-29,"2.85%",-75,2.85,0
2026-02-03,2025-11-29,"3.10%",-50,3.1,0
2026-02-03,2025-11-29,"3.35%",-25,3.35,0.121736529947454
2026-02-03,2025-11-29,"3.60%",0,3.6,0.809755929953782
2026-02-03,2025-11-29,"3.85%",25,3.85,0.068507540098764
2026-02-03,2025-11-29,"4.10%",50,4.1,0
2026-02-03,2025-11-29,"4.35%",75,4.35,0
2026-02-03,2025-11-29,"4.60%",100,4.6,0
2026-02-03,2025-11-29,"4.85%",125,4.85,0
2026-02-03,2025-11-29,"5.10%",150,5.1,0
2026-02-03,2025-11-29,"5.35%",175,5.35,0
2026-02-03,2025-11-29,"5.60%",200,5.6,0
2026-02-03,2025-11-29,"5.85%",225,5.85,0
2026-02-03,2025-11-29,"6.10%",250,6.1,0
2026-02-03,2025-11-30,"0.10%",-300,0.1,0
2026-02-03,2025-11-30,"0.35%",-300,0.35,0
2026-02-03,2025-11-30,"0.60%",-300,0.6,0
2026-02-03,2025-11-30,"0.85%",-275,0.85,0
2026-02-03,2025-11-30,"1.10%",-250,1.1,0
2026-02-03,2025-11-30,"1.35%",-225,1.35,0
2026-02-03,2025-11-30,"1.60%",-200,1.6,0
2026-02-03,2025-11-30,"1.85%",-175,1.85,0
2026-02-03,2025-11-30,"2.10%",-150,2.1,0
2026-02-03,2025-11-30,"2.35%",-125,2.35,0
2026-02-03,2025-11-30,"2.60%",-100,2.6,0
2026-02-03,2025-11-30,"2.85%",-75,2.85,0
2026-02-03,2025-11-30,"3.10%",-50,3.1,0
2026-02-03,2025-11-30,"3.35%",-25,3.35,0.120212059122076
2026-02-03,2025-11-30,"3.60%",0,3.6,0.814183154114543
2026-02-03,2025-11-30,"3.85%",25,3.85,0.0656047867633813
2026-02-03,2025-11-30,"4.10%",50,4.1,0
2026-02-03,2025-11-30,"4.35%",75,4.35,0
2026-02-03,2025-11-30,"4.60%",100,4.6,0
2026-02-03,2025-11-30,"4.85%",125,4.85,0
2026-02-03,2025-11-30,"5.10%",150,5.1,0
2026-02-03,2025-11-30,"5.35%",175,5.35,0
2026-02-03,2025-11-30,"5.60%",200,5.6,0
2026-02-03,2025-11-30,"5.85%",225,5.85,0
2026-02-03,2025-11-30,"6.10%",250,6.1,0
2026-02-03,2025-12-01,"0.10%",-300,0.1,0
2026-02-03,2025-12-01,"0.35%",-300,0.35,0
2026-02-03,2025-12-01,"0.60%",-300,0.6,0
2026-02-03,2025-12-01,"0.85%",-275,0.85,0
2026-02-03,2025-12-01,"1.10%",-250,1.1,0
2026-02-03,2025-12-01,"1.35%",-225,1.35,0
2026-02-03,2025-12-01,"1.60%",-200,1.6,0
2026-02-03,2025-12-01,"1.85%",-175,1.85,0
2026-02-03,2025-12-01,"2.10%",-150,2.1,0
2026-02-03,2025-12-01,"2.35%",-125,2.35,0
2026-02-03,2025-12-01,"2.60%",-100,2.6,0
2026-02-03,2025-12-01,"2.85%",-75,2.85,0
2026-02-03,2025-12-01,"3.10%",-50,3.1,0
2026-02-03,2025-12-01,"3.35%",-25,3.35,0.105404474507583
2026-02-03,2025-12-01,"3.60%",0,3.6,0.822798264903715
2026-02-03,2025-12-01,"3.85%",25,3.85,0.0717972605887022
2026-02-03,2025-12-01,"4.10%",50,4.1,0
2026-02-03,2025-12-01,"4.35%",75,4.35,0
2026-02-03,2025-12-01,"4.60%",100,4.6,0
2026-02-03,2025-12-01,"4.85%",125,4.85,0
2026-02-03,2025-12-01,"5.10%",150,5.1,0
2026-02-03,2025-12-01,"5.35%",175,5.35,0
2026-02-03,2025-12-01,"5.60%",200,5.6,0
2026-02-03,2025-12-01,"5.85%",225,5.85,0
2026-02-03,2025-12-01,"6.10%",250,6.1,0
2026-02-03,2025-12-02,"0.10%",-300,0.1,0
2026-02-03,2025-12-02,"0.35%",-300,0.35,0
2026-02-03,2025-12-02,"0.60%",-300,0.6,0
2026-02-03,2025-12-02,"0.85%",-275,0.85,0
2026-02-03,2025-12-02,"1.10%",-250,1.1,0
2026-02-03,2025-12-02,"1.35%",-225,1.35,0
2026-02-03,2025-12-02,"1.60%",-200,1.6,0
2026-02-03,2025-12-02,"1.85%",-175,1.85,0
2026-02-03,2025-12-02,"2.10%",-150,2.1,0
2026-02-03,2025-12-02,"2.35%",-125,2.35,0
2026-02-03,2025-12-02,"2.60%",-100,2.6,0
2026-02-03,2025-12-02,"2.85%",-75,2.85,0
2026-02-03,2025-12-02,"3.10%",-50,3.1,0
2026-02-03,2025-12-02,"3.35%",-25,3.35,0.109435967650696
2026-02-03,2025-12-02,"3.60%",0,3.6,0.798643294762519
2026-02-03,2025-12-02,"3.85%",25,3.85,0.0919207375867844
2026-02-03,2025-12-02,"4.10%",50,4.1,0
2026-02-03,2025-12-02,"4.35%",75,4.35,0
2026-02-03,2025-12-02,"4.60%",100,4.6,0
2026-02-03,2025-12-02,"4.85%",125,4.85,0
2026-02-03,2025-12-02,"5.10%",150,5.1,0
2026-02-03,2025-12-02,"5.35%",175,5.35,0
2026-02-03,2025-12-02,"5.60%",200,5.6,0
2026-02-03,2025-12-02,"5.85%",225,5.85,0
2026-02-03,2025-12-02,"6.10%",250,6.1,0
2026-02-03,2025-12-03,"0.10%",-300,0.1,0
2026-02-03,2025-12-03,"0.35%",-300,0.35,0
2026-02-03,2025-12-03,"0.60%",-300,0.6,0
2026-02-03,2025-12-03,"0.85%",-275,0.85,0
2026-02-03,2025-12-03,"1.10%",-250,1.1,0
2026-02-03,2025-12-03,"1.35%",-225,1.35,0
2026-02-03,2025-12-03,"1.60%",-200,1.6,0
2026-02-03,2025-12-03,"1.85%",-175,1.85,0
2026-02-03,2025-12-03,"2.10%",-150,2.1,0
2026-02-03,2025-12-03,"2.35%",-125,2.35,0
2026-02-03,2025-12-03,"2.60%",-100,2.6,0
2026-02-03,2025-12-03,"2.85%",-75,2.85,0
2026-02-03,2025-12-03,"3.10%",-50,3.1,0
2026-02-03,2025-12-03,"3.35%",-25,3.35,0.0504263617363284
2026-02-03,2025-12-03,"3.60%",0,3.6,0.760547386552166
2026-02-03,2025-12-03,"3.85%",25,3.85,0.189026251711506
2026-02-03,2025-12-03,"4.10%",50,4.1,0
2026-02-03,2025-12-03,"4.35%",75,4.35,0
2026-02-03,2025-12-03,"4.60%",100,4.6,0
2026-02-03,2025-12-03,"4.85%",125,4.85,0
2026-02-03,2025-12-03,"5.10%",150,5.1,0
2026-02-03,2025-12-03,"5.35%",175,5.35,0
2026-02-03,2025-12-03,"5.60%",200,5.6,0
2026-02-03,2025-12-03,"5.85%",225,5.85,0
2026-02-03,2025-12-03,"6.10%",250,6.1,0
2026-02-03,2025-12-04,"0.10%",-300,0.1,0
2026-02-03,2025-12-04,"0.35%",-300,0.35,0
2026-02-03,2025-12-04,"0.60%",-300,0.6,0
2026-02-03,2025-12-04,"0.85%",-275,0.85,0
2026-02-03,2025-12-04,"1.10%",-250,1.1,0
2026-02-03,2025-12-04,"1.35%",-225,1.35,0
2026-02-03,2025-12-04,"1.60%",-200,1.6,0
2026-02-03,2025-12-04,"1.85%",-175,1.85,0
2026-02-03,2025-12-04,"2.10%",-150,2.1,0
2026-02-03,2025-12-04,"2.35%",-125,2.35,0
2026-02-03,2025-12-04,"2.60%",-100,2.6,0
2026-02-03,2025-12-04,"2.85%",-75,2.85,0
2026-02-03,2025-12-04,"3.10%",-50,3.1,0
2026-02-03,2025-12-04,"3.35%",-25,3.35,0.0640573788989927
2026-02-03,2025-12-04,"3.60%",0,3.6,0.771056806775585
2026-02-03,2025-12-04,"3.85%",25,3.85,0.164885814325423
2026-02-03,2025-12-04,"4.10%",50,4.1,0
2026-02-03,2025-12-04,"4.35%",75,4.35,0
2026-02-03,2025-12-04,"4.60%",100,4.6,0
2026-02-03,2025-12-04,"4.85%",125,4.85,0
2026-02-03,2025-12-04,"5.10%",150,5.1,0
2026-02-03,2025-12-04,"5.35%",175,5.35,0
2026-02-03,2025-12-04,"5.60%",200,5.6,0
2026-02-03,2025-12-04,"5.85%",225,5.85,0
2026-02-03,2025-12-04,"6.10%",250,6.1,0
2026-02-03,2025-12-05,"0.10%",-300,0.1,0
2026-02-03,2025-12-05,"0.35%",-300,0.35,0
2026-02-03,2025-12-05,"0.60%",-300,0.6,0
2026-02-03,2025-12-05,"0.85%",-275,0.85,0
2026-02-03,2025-12-05,"1.10%",-250,1.1,0
2026-02-03,2025-12-05,"1.35%",-225,1.35,0
2026-02-03,2025-12-05,"1.60%",-200,1.6,0
2026-02-03,2025-12-05,"1.85%",-175,1.85,0
2026-02-03,2025-12-05,"2.10%",-150,2.1,0
2026-02-03,2025-12-05,"2.35%",-125,2.35,0
2026-02-03,2025-12-05,"2.60%",-100,2.6,0
2026-02-03,2025-12-05,"2.85%",-75,2.85,0
2026-02-03,2025-12-05,"3.10%",-50,3.1,0
2026-02-03,2025-12-05,"3.35%",-25,3.35,0.0568322078791334
2026-02-03,2025-12-05,"3.60%",0,3.6,0.787615340550041
2026-02-03,2025-12-05,"3.85%",25,3.85,0.155552451570825
2026-02-03,2025-12-05,"4.10%",50,4.1,0
2026-02-03,2025-12-05,"4.35%",75,4.35,0
2026-02-03,2025-12-05,"4.60%",100,4.6,0
2026-02-03,2025-12-05,"4.85%",125,4.85,0
2026-02-03,2025-12-05,"5.10%",150,5.1,0
2026-02-03,2025-12-05,"5.35%",175,5.35,0
2026-02-03,2025-12-05,"5.60%",200,5.6,0
2026-02-03,2025-12-05,"5.85%",225,5.85,0
2026-02-03,2025-12-05,"6.10%",250,6.1,0
2026-02-03,2025-12-06,"0.10%",-300,0.1,0
2026-02-03,2025-12-06,"0.35%",-300,0.35,0
2026-02-03,2025-12-06,"0.60%",-300,0.6,0
2026-02-03,2025-12-06,"0.85%",-275,0.85,0
2026-02-03,2025-12-06,"1.10%",-250,1.1,0
2026-02-03,2025-12-06,"1.35%",-225,1.35,0
2026-02-03,2025-12-06,"1.60%",-200,1.6,0
2026-02-03,2025-12-06,"1.85%",-175,1.85,0
2026-02-03,2025-12-06,"2.10%",-150,2.1,0
2026-02-03,2025-12-06,"2.35%",-125,2.35,0
2026-02-03,2025-12-06,"2.60%",-100,2.6,0
2026-02-03,2025-12-06,"2.85%",-75,2.85,0
2026-02-03,2025-12-06,"3.10%",-50,3.1,0
2026-02-03,2025-12-06,"3.35%",-25,3.35,0.0590175006363764
2026-02-03,2025-12-06,"3.60%",0,3.6,0.782548673112769
2026-02-03,2025-12-06,"3.85%",25,3.85,0.158433826250854
2026-02-03,2025-12-06,"4.10%",50,4.1,0
2026-02-03,2025-12-06,"4.35%",75,4.35,0
2026-02-03,2025-12-06,"4.60%",100,4.6,0
2026-02-03,2025-12-06,"4.85%",125,4.85,0
2026-02-03,2025-12-06,"5.10%",150,5.1,0
2026-02-03,2025-12-06,"5.35%",175,5.35,0
2026-02-03,2025-12-06,"5.60%",200,5.6,0
2026-02-03,2025-12-06,"5.85%",225,5.85,0
2026-02-03,2025-12-06,"6.10%",250,6.1,0
2026-02-03,2025-12-07,"0.10%",-300,0.1,0
2026-02-03,2025-12-07,"0.35%",-300,0.35,0
2026-02-03,2025-12-07,"0.60%",-300,0.6,0
2026-02-03,2025-12-07,"0.85%",-275,0.85,0
2026-02-03,2025-12-07,"1.10%",-250,1.1,0
2026-02-03,2025-12-07,"1.35%",-225,1.35,0
2026-02-03,2025-12-07,"1.60%",-200,1.6,0
2026-02-03,2025-12-07,"1.85%",-175,1.85,0
2026-02-03,2025-12-07,"2.10%",-150,2.1,0
2026-02-03,2025-12-07,"2.35%",-125,2.35,0
2026-02-03,2025-12-07,"2.60%",-100,2.6,0
2026-02-03,2025-12-07,"2.85%",-75,2.85,0
2026-02-03,2025-12-07,"3.10%",-50,3.1,0
2026-02-03,2025-12-07,"3.35%",-25,3.35,0.049631200517802
2026-02-03,2025-12-07,"3.60%",0,3.6,0.762445412191499
2026-02-03,2025-12-07,"3.85%",25,3.85,0.187923387290699
2026-02-03,2025-12-07,"4.10%",50,4.1,0
2026-02-03,2025-12-07,"4.35%",75,4.35,0
2026-02-03,2025-12-07,"4.60%",100,4.6,0
2026-02-03,2025-12-07,"4.85%",125,4.85,0
2026-02-03,2025-12-07,"5.10%",150,5.1,0
2026-02-03,2025-12-07,"5.35%",175,5.35,0
2026-02-03,2025-12-07,"5.60%",200,5.6,0
2026-02-03,2025-12-07,"5.85%",225,5.85,0
2026-02-03,2025-12-07,"6.10%",250,6.1,0
2026-02-03,2025-12-08,"0.10%",-300,0.1,0
2026-02-03,2025-12-08,"0.35%",-300,0.35,0
2026-02-03,2025-12-08,"0.60%",-300,0.6,0
2026-02-03,2025-12-08,"0.85%",-275,0.85,0
2026-02-03,2025-12-08,"1.10%",-250,1.1,0
2026-02-03,2025-12-08,"1.35%",-225,1.35,0
2026-02-03,2025-12-08,"1.60%",-200,1.6,0
2026-02-03,2025-12-08,"1.85%",-175,1.85,0
2026-02-03,2025-12-08,"2.10%",-150,2.1,0
2026-02-03,2025-12-08,"2.35%",-125,2.35,0
2026-02-03,2025-12-08,"2.60%",-100,2.6,0
2026-02-03,2025-12-08,"2.85%",-75,2.85,0
2026-02-03,2025-12-08,"3.10%",-50,3.1,0
2026-02-03,2025-12-08,"3.35%",-25,3.35,0.0172647514871726
2026-02-03,2025-12-08,"3.60%",0,3.6,0.63534976734564
2026-02-03,2025-12-08,"3.85%",25,3.85,0.347385481167187
2026-02-03,2025-12-08,"4.10%",50,4.1,0
2026-02-03,2025-12-08,"4.35%",75,4.35,0
2026-02-03,2025-12-08,"4.60%",100,4.6,0
2026-02-03,2025-12-08,"4.85%",125,4.85,0
2026-02-03,2025-12-08,"5.10%",150,5.1,0
2026-02-03,2025-12-08,"5.35%",175,5.35,0
2026-02-03,2025-12-08,"5.60%",200,5.6,0
2026-02-03,2025-12-08,"5.85%",225,5.85,0
2026-02-03,2025-12-08,"6.10%",250,6.1,0
2026-02-03,2025-12-09,"0.10%",-300,0.1,0
2026-02-03,2025-12-09,"0.35%",-300,0.35,0
2026-02-03,2025-12-09,"0.60%",-300,0.6,0
2026-02-03,2025-12-09,"0.85%",-275,0.85,0
2026-02-03,2025-12-09,"1.10%",-250,1.1,0
2026-02-03,2025-12-09,"1.35%",-225,1.35,0
2026-02-03,2025-12-09,"1.60%",-200,1.6,0
2026-02-03,2025-12-09,"1.85%",-175,1.85,0
2026-02-03,2025-12-09,"2.10%",-150,2.1,0
2026-02-03,2025-12-09,"2.35%",-125,2.35,0
2026-02-03,2025-12-09,"2.60%",-100,2.6,0
2026-02-03,2025-12-09,"2.85%",-75,2.85,0
2026-02-03,2025-12-09,"3.10%",-50,3.1,0
2026-02-03,2025-12-09,"3.35%",-25,3.35,0.0148442951122357
2026-02-03,2025-12-09,"3.60%",0,3.6,0.641573784396915
2026-02-03,2025-12-09,"3.85%",25,3.85,0.343581920490849
2026-02-03,2025-12-09,"4.10%",50,4.1,0
2026-02-03,2025-12-09,"4.35%",75,4.35,0
2026-02-03,2025-12-09,"4.60%",100,4.6,0
2026-02-03,2025-12-09,"4.85%",125,4.85,0
2026-02-03,2025-12-09,"5.10%",150,5.1,0
2026-02-03,2025-12-09,"5.35%",175,5.35,0
2026-02-03,2025-12-09,"5.60%",200,5.6,0
2026-02-03,2025-12-09,"5.85%",225,5.85,0
2026-02-03,2025-12-09,"6.10%",250,6.1,0
2026-02-03,2025-12-10,"0.10%",-300,0.1,0
2026-02-03,2025-12-10,"0.35%",-300,0.35,0
2026-02-03,2025-12-10,"0.60%",-300,0.6,0
2026-02-03,2025-12-10,"0.85%",-275,0.85,0
2026-02-03,2025-12-10,"1.10%",-250,1.1,0
2026-02-03,2025-12-10,"1.35%",-225,1.35,0
2026-02-03,2025-12-10,"1.60%",-200,1.6,0
2026-02-03,2025-12-10,"1.85%",-175,1.85,0
2026-02-03,2025-12-10,"2.10%",-150,2.1,0
2026-02-03,2025-12-10,"2.35%",-125,2.35,0
2026-02-03,2025-12-10,"2.60%",-100,2.6,0
2026-02-03,2025-12-10,"2.85%",-75,2.85,0
2026-02-03,2025-12-10,"3.10%",-50,3.1,0
2026-02-03,2025-12-10,"3.35%",-25,3.35,0.0149113893318454
2026-02-03,2025-12-10,"3.60%",0,3.6,0.789001865178708
2026-02-03,2025-12-10,"3.85%",25,3.85,0.196086745489447
2026-02-03,2025-12-10,"4.10%",50,4.1,0
2026-02-03,2025-12-10,"4.35%",75,4.35,0
2026-02-03,2025-12-10,"4.60%",100,4.6,0
2026-02-03,2025-12-10,"4.85%",125,4.85,0
2026-02-03,2025-12-10,"5.10%",150,5.1,0
2026-02-03,2025-12-10,"5.35%",175,5.35,0
2026-02-03,2025-12-10,"5.60%",200,5.6,0
2026-02-03,2025-12-10,"5.85%",225,5.85,0
2026-02-03,2025-12-10,"6.10%",250,6.1,0
2026-02-03,2025-12-11,"0.10%",-300,0.1,0
2026-02-03,2025-12-11,"0.35%",-300,0.35,0
2026-02-03,2025-12-11,"0.60%",-300,0.6,0
2026-02-03,2025-12-11,"0.85%",-275,0.85,0
2026-02-03,2025-12-11,"1.10%",-250,1.1,0
2026-02-03,2025-12-11,"1.35%",-225,1.35,0
2026-02-03,2025-12-11,"1.60%",-200,1.6,0
2026-02-03,2025-12-11,"1.85%",-175,1.85,0
2026-02-03,2025-12-11,"2.10%",-150,2.1,0
2026-02-03,2025-12-11,"2.35%",-125,2.35,0
2026-02-03,2025-12-11,"2.60%",-100,2.6,0
2026-02-03,2025-12-11,"2.85%",-75,2.85,0
2026-02-03,2025-12-11,"3.10%",-50,3.1,0
2026-02-03,2025-12-11,"3.35%",-25,3.35,0
2026-02-03,2025-12-11,"3.60%",0,3.6,0.779954577043206
2026-02-03,2025-12-11,"3.85%",25,3.85,0.220045422956794
2026-02-03,2025-12-11,"4.10%",50,4.1,0
2026-02-03,2025-12-11,"4.35%",75,4.35,0
2026-02-03,2025-12-11,"4.60%",100,4.6,0
2026-02-03,2025-12-11,"4.85%",125,4.85,0
2026-02-03,2025-12-11,"5.10%",150,5.1,0
2026-02-03,2025-12-11,"5.35%",175,5.35,0
2026-02-03,2025-12-11,"5.60%",200,5.6,0
2026-02-03,2025-12-11,"5.85%",225,5.85,0
2026-02-03,2025-12-11,"6.10%",250,6.1,0
2026-02-03,2025-12-12,"0.10%",-300,0.1,0
2026-02-03,2025-12-12,"0.35%",-300,0.35,0
2026-02-03,2025-12-12,"0.60%",-300,0.6,0
2026-02-03,2025-12-12,"0.85%",-275,0.85,0
2026-02-03,2025-12-12,"1.10%",-250,1.1,0
2026-02-03,2025-12-12,"1.35%",-225,1.35,0
2026-02-03,2025-12-12,"1.60%",-200,1.6,0
2026-02-03,2025-12-12,"1.85%",-175,1.85,0
2026-02-03,2025-12-12,"2.10%",-150,2.1,0
2026-02-03,2025-12-12,"2.35%",-125,2.35,0
2026-02-03,2025-12-12,"2.60%",-100,2.6,0
2026-02-03,2025-12-12,"2.85%",-75,2.85,0
2026-02-03,2025-12-12,"3.10%",-50,3.1,0
2026-02-03,2025-12-12,"3.35%",-25,3.35,0
2026-02-03,2025-12-12,"3.60%",0,3.6,0.721445089455331
2026-02-03,2025-12-12,"3.85%",25,3.85,0.278554910544669
2026-02-03,2025-12-12,"4.10%",50,4.1,0
2026-02-03,2025-12-12,"4.35%",75,4.35,0
2026-02-03,2025-12-12,"4.60%",100,4.6,0
2026-02-03,2025-12-12,"4.85%",125,4.85,0
2026-02-03,2025-12-12,"5.10%",150,5.1,0
2026-02-03,2025-12-12,"5.35%",175,5.35,0
2026-02-03,2025-12-12,"5.60%",200,5.6,0
2026-02-03,2025-12-12,"5.85%",225,5.85,0
2026-02-03,2025-12-12,"6.10%",250,6.1,0
2026-02-03,2025-12-13,"0.10%",-300,0.1,0
2026-02-03,2025-12-13,"0.35%",-300,0.35,0
2026-02-03,2025-12-13,"0.60%",-300,0.6,0
2026-02-03,2025-12-13,"0.85%",-275,0.85,0
2026-02-03,2025-12-13,"1.10%",-250,1.1,0
2026-02-03,2025-12-13,"1.35%",-225,1.35,0
2026-02-03,2025-12-13,"1.60%",-200,1.6,0
2026-02-03,2025-12-13,"1.85%",-175,1.85,0
2026-02-03,2025-12-13,"2.10%",-150,2.1,0
2026-02-03,2025-12-13,"2.35%",-125,2.35,0
2026-02-03,2025-12-13,"2.60%",-100,2.6,0
2026-02-03,2025-12-13,"2.85%",-75,2.85,0
2026-02-03,2025-12-13,"3.10%",-50,3.1,0
2026-02-03,2025-12-13,"3.35%",-25,3.35,0.0108146752726317
2026-02-03,2025-12-13,"3.60%",0,3.6,0.704624628285566
2026-02-03,2025-12-13,"3.85%",25,3.85,0.284560696441802
2026-02-03,2025-12-13,"4.10%",50,4.1,0
2026-02-03,2025-12-13,"4.35%",75,4.35,0
2026-02-03,2025-12-13,"4.60%",100,4.6,0
2026-02-03,2025-12-13,"4.85%",125,4.85,0
2026-02-03,2025-12-13,"5.10%",150,5.1,0
2026-02-03,2025-12-13,"5.35%",175,5.35,0
2026-02-03,2025-12-13,"5.60%",200,5.6,0
2026-02-03,2025-12-13,"5.85%",225,5.85,0
2026-02-03,2025-12-13,"6.10%",250,6.1,0
2026-02-03,2025-12-14,"0.10%",-300,0.1,0
2026-02-03,2025-12-14,"0.35%",-300,0.35,0
2026-02-03,2025-12-14,"0.60%",-300,0.6,0
2026-02-03,2025-12-14,"0.85%",-275,0.85,0
2026-02-03,2025-12-14,"1.10%",-250,1.1,0
2026-02-03,2025-12-14,"1.35%",-225,1.35,0
2026-02-03,2025-12-14,"1.60%",-200,1.6,0
2026-02-03,2025-12-14,"1.85%",-175,1.85,0
2026-02-03,2025-12-14,"2.10%",-150,2.1,0
2026-02-03,2025-12-14,"2.35%",-125,2.35,0
2026-02-03,2025-12-14,"2.60%",-100,2.6,0
2026-02-03,2025-12-14,"2.85%",-75,2.85,0
2026-02-03,2025-12-14,"3.10%",-50,3.1,0
2026-02-03,2025-12-14,"3.35%",-25,3.35,0.0182410444136125
2026-02-03,2025-12-14,"3.60%",0,3.6,0.726918810040668
2026-02-03,2025-12-14,"3.85%",25,3.85,0.254840145545719
2026-02-03,2025-12-14,"4.10%",50,4.1,0
2026-02-03,2025-12-14,"4.35%",75,4.35,0
2026-02-03,2025-12-14,"4.60%",100,4.6,0
2026-02-03,2025-12-14,"4.85%",125,4.85,0
2026-02-03,2025-12-14,"5.10%",150,5.1,0
2026-02-03,2025-12-14,"5.35%",175,5.35,0
2026-02-03,2025-12-14,"5.60%",200,5.6,0
2026-02-03,2025-12-14,"5.85%",225,5.85,0
2026-02-03,2025-12-14,"6.10%",250,6.1,0
2026-02-03,2025-12-15,"0.10%",-300,0.1,0
2026-02-03,2025-12-15,"0.35%",-300,0.35,0
2026-02-03,2025-12-15,"0.60%",-300,0.6,0
2026-02-03,2025-12-15,"0.85%",-275,0.85,0
2026-02-03,2025-12-15,"1.10%",-250,1.1,0
2026-02-03,2025-12-15,"1.35%",-225,1.35,0
2026-02-03,2025-12-15,"1.60%",-200,1.6,0
2026-02-03,2025-12-15,"1.85%",-175,1.85,0
2026-02-03,2025-12-15,"2.10%",-150,2.1,0
2026-02-03,2025-12-15,"2.35%",-125,2.35,0
2026-02-03,2025-12-15,"2.60%",-100,2.6,0
2026-02-03,2025-12-15,"2.85%",-75,2.85,0
2026-02-03,2025-12-15,"3.10%",-50,3.1,0
2026-02-03,2025-12-15,"3.35%",-25,3.35,0.0126112134211186
2026-02-03,2025-12-15,"3.60%",0,3.6,0.645519700967898
2026-02-03,2025-12-15,"3.85%",25,3.85,0.341869085610983
2026-02-03,2025-12-15,"4.10%",50,4.1,0
2026-02-03,2025-12-15,"4.35%",75,4.35,0
2026-02-03,2025-12-15,"4.60%",100,4.6,0
2026-02-03,2025-12-15,"4.85%",125,4.85,0
2026-02-03,2025-12-15,"5.10%",150,5.1,0
2026-02-03,2025-12-15,"5.35%",175,5.35,0
2026-02-03,2025-12-15,"5.60%",200,5.6,0
2026-02-03,2025-12-15,"5.85%",225,5.85,0
2026-02-03,2025-12-15,"6.10%",250,6.1,0
2026-02-03,2025-12-16,"0.10%",-300,0.1,0
2026-02-03,2025-12-16,"0.35%",-300,0.35,0
2026-02-03,2025-12-16,"0.60%",-300,0.6,0
2026-02-03,2025-12-16,"0.85%",-275,0.85,0
2026-02-03,2025-12-16,"1.10%",-250,1.1,0
2026-02-03,2025-12-16,"1.35%",-225,1.35,0
2026-02-03,2025-12-16,"1.60%",-200,1.6,0
2026-02-03,2025-12-16,"1.85%",-175,1.85,0
2026-02-03,2025-12-16,"2.10%",-150,2.1,0
2026-02-03,2025-12-16,"2.35%",-125,2.35,0
2026-02-03,2025-12-16,"2.60%",-100,2.6,0
2026-02-03,2025-12-16,"2.85%",-75,2.85,0
2026-02-03,2025-12-16,"3.10%",-50,3.1,0
2026-02-03,2025-12-16,"3.35%",-25,3.35,0.0176450643791565
2026-02-03,2025-12-16,"3.60%",0,3.6,0.6096351248139
2026-02-03,2025-12-16,"3.85%",25,3.85,0.372719810806943
2026-02-03,2025-12-16,"4.10%",50,4.1,0
2026-02-03,2025-12-16,"4.35%",75,4.35,0
2026-02-03,2025-12-16,"4.60%",100,4.6,0
2026-02-03,2025-12-16,"4.85%",125,4.85,0
2026-02-03,2025-12-16,"5.10%",150,5.1,0
2026-02-03,2025-12-16,"5.35%",175,5.35,0
2026-02-03,2025-12-16,"5.60%",200,5.6,0
2026-02-03,2025-12-16,"5.85%",225,5.85,0
2026-02-03,2025-12-16,"6.10%",250,6.1,0
2026-02-03,2025-12-17,"0.10%",-300,0.1,0
2026-02-03,2025-12-17,"0.35%",-300,0.35,0
2026-02-03,2025-12-17,"0.60%",-300,0.6,0
2026-02-03,2025-12-17,"0.85%",-275,0.85,0
2026-02-03,2025-12-17,"1.10%",-250,1.1,0
2026-02-03,2025-12-17,"1.35%",-225,1.35,0
2026-02-03,2025-12-17,"1.60%",-200,1.6,0
2026-02-03,2025-12-17,"1.85%",-175,1.85,0
2026-02-03,2025-12-17,"2.10%",-150,2.1,0
2026-02-03,2025-12-17,"2.35%",-125,2.35,0
2026-02-03,2025-12-17,"2.60%",-100,2.6,0
2026-02-03,2025-12-17,"2.85%",-75,2.85,0
2026-02-03,2025-12-17,"3.10%",-50,3.1,0
2026-02-03,2025-12-17,"3.35%",-25,3.35,0.0115000235702362
2026-02-03,2025-12-17,"3.60%",0,3.6,0.699516878690259
2026-02-03,2025-12-17,"3.85%",25,3.85,0.288983097739505
2026-02-03,2025-12-17,"4.10%",50,4.1,0
2026-02-03,2025-12-17,"4.35%",75,4.35,0
2026-02-03,2025-12-17,"4.60%",100,4.6,0
2026-02-03,2025-12-17,"4.85%",125,4.85,0
2026-02-03,2025-12-17,"5.10%",150,5.1,0
2026-02-03,2025-12-17,"5.35%",175,5.35,0
2026-02-03,2025-12-17,"5.60%",200,5.6,0
2026-02-03,2025-12-17,"5.85%",225,5.85,0
2026-02-03,2025-12-17,"6.10%",250,6.1,0
2026-02-03,2025-12-18,"0.10%",-300,0.1,0
2026-02-03,2025-12-18,"0.35%",-300,0.35,0
2026-02-03,2025-12-18,"0.60%",-300,0.6,0
2026-02-03,2025-12-18,"0.85%",-275,0.85,0
2026-02-03,2025-12-18,"1.10%",-250,1.1,0
2026-02-03,2025-12-18,"1.35%",-225,1.35,0
2026-02-03,2025-12-18,"1.60%",-200,1.6,0
2026-02-03,2025-12-18,"1.85%",-175,1.85,0
2026-02-03,2025-12-18,"2.10%",-150,2.1,0
2026-02-03,2025-12-18,"2.35%",-125,2.35,0
2026-02-03,2025-12-18,"2.60%",-100,2.6,0
2026-02-03,2025-12-18,"2.85%",-75,2.85,0
2026-02-03,2025-12-18,"3.10%",-50,3.1,0
2026-02-03,2025-12-18,"3.35%",-25,3.35,0.0202576861230367
2026-02-03,2025-12-18,"3.60%",0,3.6,0.69854237024544
2026-02-03,2025-12-18,"3.85%",25,3.85,0.281199943631523
2026-02-03,2025-12-18,"4.10%",50,4.1,0
2026-02-03,2025-12-18,"4.35%",75,4.35,0
2026-02-03,2025-12-18,"4.60%",100,4.6,0
2026-02-03,2025-12-18,"4.85%",125,4.85,0
2026-02-03,2025-12-18,"5.10%",150,5.1,0
2026-02-03,2025-12-18,"5.35%",175,5.35,0
2026-02-03,2025-12-18,"5.60%",200,5.6,0
2026-02-03,2025-12-18,"5.85%",225,5.85,0
2026-02-03,2025-12-18,"6.10%",250,6.1,0
2026-02-03,2025-12-19,"0.10%",-300,0.1,0
2026-02-03,2025-12-19,"0.35%",-300,0.35,0
2026-02-03,2025-12-19,"0.60%",-300,0.6,0
2026-02-03,2025-12-19,"0.85%",-275,0.85,0
2026-02-03,2025-12-19,"1.10%",-250,1.1,0
2026-02-03,2025-12-19,"1.35%",-225,1.35,0
2026-02-03,2025-12-19,"1.60%",-200,1.6,0
2026-02-03,2025-12-19,"1.85%",-175,1.85,0
2026-02-03,2025-12-19,"2.10%",-150,2.1,0
2026-02-03,2025-12-19,"2.35%",-125,2.35,0
2026-02-03,2025-12-19,"2.60%",-100,2.6,0
2026-02-03,2025-12-19,"2.85%",-75,2.85,0
2026-02-03,2025-12-19,"3.10%",-50,3.1,0
2026-02-03,2025-12-19,"3.35%",-25,3.35,0.0116387228732589
2026-02-03,2025-12-19,"3.60%",0,3.6,0.727402307200093
2026-02-03,2025-12-19,"3.85%",25,3.85,0.260958969926649
2026-02-03,2025-12-19,"4.10%",50,4.1,0
2026-02-03,2025-12-19,"4.35%",75,4.35,0
2026-02-03,2025-12-19,"4.60%",100,4.6,0
2026-02-03,2025-12-19,"4.85%",125,4.85,0
2026-02-03,2025-12-19,"5.10%",150,5.1,0
2026-02-03,2025-12-19,"5.35%",175,5.35,0
2026-02-03,2025-12-19,"5.60%",200,5.6,0
2026-02-03,2025-12-19,"5.85%",225,5.85,0
2026-02-03,2025-12-19,"6.10%",250,6.1,0
2026-02-03,2025-12-20,"0.10%",-300,0.1,0
2026-02-03,2025-12-20,"0.35%",-300,0.35,0
2026-02-03,2025-12-20,"0.60%",-300,0.6,0
2026-02-03,2025-12-20,"0.85%",-275,0.85,0
2026-02-03,2025-12-20,"1.10%",-250,1.1,0
2026-02-03,2025-12-20,"1.35%",-225,1.35,0
2026-02-03,2025-12-20,"1.60%",-200,1.6,0
2026-02-03,2025-12-20,"1.85%",-175,1.85,0
2026-02-03,2025-12-20,"2.10%",-150,2.1,0
2026-02-03,2025-12-20,"2.35%",-125,2.35,0
2026-02-03,2025-12-20,"2.60%",-100,2.6,0
2026-02-03,2025-12-20,"2.85%",-75,2.85,0
2026-02-03,2025-12-20,"3.10%",-50,3.1,0
2026-02-03,2025-12-20,"3.35%",-25,3.35,0.0139406249049346
2026-02-03,2025-12-20,"3.60%",0,3.6,0.718725413311222
2026-02-03,2025-12-20,"3.85%",25,3.85,0.267333961783844
2026-02-03,2025-12-20,"4.10%",50,4.1,0
2026-02-03,2025-12-20,"4.35%",75,4.35,0
2026-02-03,2025-12-20,"4.60%",100,4.6,0
2026-02-03,2025-12-20,"4.85%",125,4.85,0
2026-02-03,2025-12-20,"5.10%",150,5.1,0
2026-02-03,2025-12-20,"5.35%",175,5.35,0
2026-02-03,2025-12-20,"5.60%",200,5.6,0
2026-02-03,2025-12-20,"5.85%",225,5.85,0
2026-02-03,2025-12-20,"6.10%",250,6.1,0
2026-02-03,2025-12-21,"0.10%",-300,0.1,0
2026-02-03,2025-12-21,"0.35%",-300,0.35,0
2026-02-03,2025-12-21,"0.60%",-300,0.6,0
2026-02-03,2025-12-21,"0.85%",-275,0.85,0
2026-02-03,2025-12-21,"1.10%",-250,1.1,0
2026-02-03,2025-12-21,"1.35%",-225,1.35,0
2026-02-03,2025-12-21,"1.60%",-200,1.6,0
2026-02-03,2025-12-21,"1.85%",-175,1.85,0
2026-02-03,2025-12-21,"2.10%",-150,2.1,0
2026-02-03,2025-12-21,"2.35%",-125,2.35,0
2026-02-03,2025-12-21,"2.60%",-100,2.6,0
2026-02-03,2025-12-21,"2.85%",-75,2.85,0
2026-02-03,2025-12-21,"3.10%",-50,3.1,0
2026-02-03,2025-12-21,"3.35%",-25,3.35,0.0120158634154686
2026-02-03,2025-12-21,"3.60%",0,3.6,0.672189599673999
2026-02-03,2025-12-21,"3.85%",25,3.85,0.315794536910533
2026-02-03,2025-12-21,"4.10%",50,4.1,0
2026-02-03,2025-12-21,"4.35%",75,4.35,0
2026-02-03,2025-12-21,"4.60%",100,4.6,0
2026-02-03,2025-12-21,"4.85%",125,4.85,0
2026-02-03,2025-12-21,"5.10%",150,5.1,0
2026-02-03,2025-12-21,"5.35%",175,5.35,0
2026-02-03,2025-12-21,"5.60%",200,5.6,0
2026-02-03,2025-12-21,"5.85%",225,5.85,0
2026-02-03,2025-12-21,"6.10%",250,6.1,0
2026-02-03,2025-12-22,"0.10%",-300,0.1,0
2026-02-03,2025-12-22,"0.35%",-300,0.35,0
2026-02-03,2025-12-22,"0.60%",-300,0.6,0
2026-02-03,2025-12-22,"0.85%",-275,0.85,0
2026-02-03,2025-12-22,"1.10%",-250,1.1,0
2026-02-03,2025-12-22,"1.35%",-225,1.35,0
2026-02-03,2025-12-22,"1.60%",-200,1.6,0
2026-02-03,2025-12-22,"1.85%",-175,1.85,0
2026-02-03,2025-12-22,"2.10%",-150,2.1,0
2026-02-03,2025-12-22,"2.35%",-125,2.35,0
2026-02-03,2025-12-22,"2.60%",-100,2.6,0
2026-02-03,2025-12-22,"2.85%",-75,2.85,0
2026-02-03,2025-12-22,"3.10%",-50,3.1,0
2026-02-03,2025-12-22,"3.35%",-25,3.35,0.0142234422657716
2026-02-03,2025-12-22,"3.60%",0,3.6,0.665195281628384
2026-02-03,2025-12-22,"3.85%",25,3.85,0.320581276105844
2026-02-03,2025-12-22,"4.10%",50,4.1,0
2026-02-03,2025-12-22,"4.35%",75,4.35,0
2026-02-03,2025-12-22,"4.60%",100,4.6,0
2026-02-03,2025-12-22,"4.85%",125,4.85,0
2026-02-03,2025-12-22,"5.10%",150,5.1,0
2026-02-03,2025-12-22,"5.35%",175,5.35,0
2026-02-03,2025-12-22,"5.60%",200,5.6,0
2026-02-03,2025-12-22,"5.85%",225,5.85,0
2026-02-03,2025-12-22,"6.10%",250,6.1,0
2026-02-03,2025-12-23,"0.10%",-300,0.1,0
2026-02-03,2025-12-23,"0.35%",-300,0.35,0
2026-02-03,2025-12-23,"0.60%",-300,0.6,0
2026-02-03,2025-12-23,"0.85%",-275,0.85,0
2026-02-03,2025-12-23,"1.10%",-250,1.1,0
2026-02-03,2025-12-23,"1.35%",-225,1.35,0
2026-02-03,2025-12-23,"1.60%",-200,1.6,0
2026-02-03,2025-12-23,"1.85%",-175,1.85,0
2026-02-03,2025-12-23,"2.10%",-150,2.1,0
2026-02-03,2025-12-23,"2.35%",-125,2.35,0
2026-02-03,2025-12-23,"2.60%",-100,2.6,0
2026-02-03,2025-12-23,"2.85%",-75,2.85,0
2026-02-03,2025-12-23,"3.10%",-50,3.1,0
2026-02-03,2025-12-23,"3.35%",-25,3.35,0
2026-02-03,2025-12-23,"3.60%",0,3.6,0.688301369307243
2026-02-03,2025-12-23,"3.85%",25,3.85,0.311698630692757
2026-02-03,2025-12-23,"4.10%",50,4.1,0
2026-02-03,2025-12-23,"4.35%",75,4.35,0
2026-02-03,2025-12-23,"4.60%",100,4.6,0
2026-02-03,2025-12-23,"4.85%",125,4.85,0
2026-02-03,2025-12-23,"5.10%",150,5.1,0
2026-02-03,2025-12-23,"5.35%",175,5.35,0
2026-02-03,2025-12-23,"5.60%",200,5.6,0
2026-02-03,2025-12-23,"5.85%",225,5.85,0
2026-02-03,2025-12-23,"6.10%",250,6.1,0
2026-02-03,2025-12-24,"0.10%",-300,0.1,0
2026-02-03,2025-12-24,"0.35%",-300,0.35,0
2026-02-03,2025-12-24,"0.60%",-300,0.6,0
2026-02-03,2025-12-24,"0.85%",-275,0.85,0
2026-02-03,2025-12-24,"1.10%",-250,1.1,0
2026-02-03,2025-12-24,"1.35%",-225,1.35,0
2026-02-03,2025-12-24,"1.60%",-200,1.6,0
2026-02-03,2025-12-24,"1.85%",-175,1.85,0
2026-02-03,2025-12-24,"2.10%",-150,2.1,0
2026-02-03,2025-12-24,"2.35%",-125,2.35,0
2026-02-03,2025-12-24,"2.60%",-100,2.6,0
2026-02-03,2025-12-24,"2.85%",-75,2.85,0
2026-02-03,2025-12-24,"3.10%",-50,3.1,0
2026-02-03,2025-12-24,"3.35%",-25,3.35,0
2026-02-03,2025-12-24,"3.60%",0,3.6,0.70044599026363
2026-02-03,2025-12-24,"3.85%",25,3.85,0.29955400973637
2026-02-03,2025-12-24,"4.10%",50,4.1,0
2026-02-03,2025-12-24,"4.35%",75,4.35,0
2026-02-03,2025-12-24,"4.60%",100,4.6,0
2026-02-03,2025-12-24,"4.85%",125,4.85,0
2026-02-03,2025-12-24,"5.10%",150,5.1,0
2026-02-03,2025-12-24,"5.35%",175,5.35,0
2026-02-03,2025-12-24,"5.60%",200,5.6,0
2026-02-03,2025-12-24,"5.85%",225,5.85,0
2026-02-03,2025-12-24,"6.10%",250,6.1,0
