"meeting_date","scrape_date","move","diff_bps","bucket_rate","probability"
2026-05-05,2024-12-02,"0.10%",-300,0.1,0
2026-05-05,2024-12-02,"0.35%",-300,0.35,0
2026-05-05,2024-12-02,"0.60%",-300,0.6,0
2026-05-05,2024-12-02,"0.85%",-275,0.85,0
2026-05-05,2024-12-02,"1.10%",-250,1.1,0
2026-05-05,2024-12-02,"1.35%",-225,1.35,0
2026-05-05,2024-12-02,"1.60%",-200,1.6,0
2026-05-05,2024-12-02,"1.85%",-175,1.85,0
2026-05-05,2024-12-02,"2.10%",-150,2.1,0
2026-05-05,2024-12-02,"2.35%",-125,2.35,0.016082691310125
2026-05-05,2024-12-02,"2.60%",-100,2.6,0.0361710373357022
2026-05-05,2024-12-02,"2.85%",-75,2.85,0.0685797969277495
2026-05-05,2024-12-02,"3.10%",-50,3.1,0.109616520609823
2026-05-05,2024-12-02,"3.35%",-25,3.35,0.147709710740163
2026-05-05,2024-12-02,"3.60%",0,3.6,0.167803434639093
2026-05-05,2024-12-02,"3.85%",25,3.85,0.160714030617078
2026-05-05,2024-12-02,"4.10%",50,4.1,0.129767841566864
2026-05-05,2024-12-02,"4.35%",75,4.35,0.0883357943015168
2026-05-05,2024-12-02,"4.60%",100,4.6,0.050693886403352
2026-05-05,2024-12-02,"4.85%",125,4.85,0.0245252555485334
2026-05-05,2024-12-02,"5.10%",150,5.1,0
2026-05-05,2024-12-02,"5.35%",175,5.35,0
2026-05-05,2024-12-02,"5.60%",200,5.6,0
2026-05-05,2024-12-02,"5.85%",225,5.85,0
2026-05-05,2024-12-02,"6.10%",250,6.1,0
2026-05-05,2024-12-03,"0.10%",-300,0.1,0
2026-05-05,2024-12-03,"0.35%",-300,0.35,0
2026-05-05,2024-12-03,"0.60%",-300,0.6,0
2026-05-05,2024-12-03,"0.85%",-275,0.85,0
2026-05-05,2024-12-03,"1.10%",-250,1.1,0
2026-05-05,2024-12-03,"1.35%",-225,1.35,0
2026-05-05,2024-12-03,"1.60%",-200,1.6,0
2026-05-05,2024-12-03,"1.85%",-175,1.85,0
2026-05-05,2024-12-03,"2.10%",-150,2.1,0
2026-05-05,2024-12-03,"2.35%",-125,2.35,0.0150137185019668
2026-05-05,2024-12-03,"2.60%",-100,2.6,0.0358140444402238
2026-05-05,2024-12-03,"2.85%",-75,2.85,0.0707449217675817
2026-05-05,2024-12-03,"3.10%",-50,3.1,0.1157259063795
2026-05-05,2024-12-03,"3.35%",-25,3.35,0.156773103574699
2026-05-05,2024-12-03,"3.60%",0,3.6,0.175883783776406
2026-05-05,2024-12-03,"3.85%",25,3.85,0.16341662394251
2026-05-05,2024-12-03,"4.10%",50,4.1,0.125742183142476
2026-05-05,2024-12-03,"4.35%",75,4.35,0.080126003896663
2026-05-05,2024-12-03,"4.60%",100,4.6,0.0422826760161564
2026-05-05,2024-12-03,"4.85%",125,4.85,0.0184770345618175
2026-05-05,2024-12-03,"5.10%",150,5.1,0
2026-05-05,2024-12-03,"5.35%",175,5.35,0
2026-05-05,2024-12-03,"5.60%",200,5.6,0
2026-05-05,2024-12-03,"5.85%",225,5.85,0
2026-05-05,2024-12-03,"6.10%",250,6.1,0
2026-05-05,2024-12-04,"0.10%",-300,0.1,0
2026-05-05,2024-12-04,"0.35%",-300,0.35,0
2026-05-05,2024-12-04,"0.60%",-300,0.6,0
2026-05-05,2024-12-04,"0.85%",-275,0.85,0
2026-05-05,2024-12-04,"1.10%",-250,1.1,0
2026-05-05,2024-12-04,"1.35%",-225,1.35,0
2026-05-05,2024-12-04,"1.60%",-200,1.6,0
2026-05-05,2024-12-04,"1.85%",-175,1.85,0
2026-05-05,2024-12-04,"2.10%",-150,2.1,0
2026-05-05,2024-12-04,"2.35%",-125,2.35,0.0166909810751593
2026-05-05,2024-12-04,"2.60%",-100,2.6,0.042272097432671
2026-05-05,2024-12-04,"2.85%",-75,2.85,0.0857578820905337
2026-05-05,2024-12-04,"3.10%",-50,3.1,0.13937048469288
2026-05-05,2024-12-04,"3.35%",-25,3.35,0.181452877568175
2026-05-05,2024-12-04,"3.60%",0,3.6,0.189262287456679
2026-05-05,2024-12-04,"3.85%",25,3.85,0.158151470275495
2026-05-05,2024-12-04,"4.10%",50,4.1,0.105872671796047
2026-05-05,2024-12-04,"4.35%",75,4.35,0.0567779310278278
2026-05-05,2024-12-04,"4.60%",100,4.6,0.0243913165845313
2026-05-05,2024-12-04,"4.85%",125,4.85,0
2026-05-05,2024-12-04,"5.10%",150,5.1,0
2026-05-05,2024-12-04,"5.35%",175,5.35,0
2026-05-05,2024-12-04,"5.60%",200,5.6,0
2026-05-05,2024-12-04,"5.85%",225,5.85,0
2026-05-05,2024-12-04,"6.10%",250,6.1,0
2026-05-05,2024-12-05,"0.10%",-300,0.1,0
2026-05-05,2024-12-05,"0.35%",-300,0.35,0
2026-05-05,2024-12-05,"0.60%",-300,0.6,0
2026-05-05,2024-12-05,"0.85%",-275,0.85,0
2026-05-05,2024-12-05,"1.10%",-250,1.1,0
2026-05-05,2024-12-05,"1.35%",-225,1.35,0
2026-05-05,2024-12-05,"1.60%",-200,1.6,0
2026-05-05,2024-12-05,"1.85%",-175,1.85,0
2026-05-05,2024-12-05,"2.10%",-150,2.1,0
2026-05-05,2024-12-05,"2.35%",-125,2.35,0.0232115010154225
2026-05-05,2024-12-05,"2.60%",-100,2.6,0.050485610626533
2026-05-05,2024-12-05,"2.85%",-75,2.85,0.0910550496928366
2026-05-05,2024-12-05,"3.10%",-50,3.1,0.136184194763212
2026-05-05,2024-12-05,"3.35%",-25,3.35,0.168906155247028
2026-05-05,2024-12-05,"3.60%",0,3.6,0.17372633622286
2026-05-05,2024-12-05,"3.85%",25,3.85,0.148179442996709
2026-05-05,2024-12-05,"4.10%",50,4.1,0.10481137856835
2026-05-05,2024-12-05,"4.35%",75,4.35,0.0614778380205076
2026-05-05,2024-12-05,"4.60%",100,4.6,0.0299023619340712
2026-05-05,2024-12-05,"4.85%",125,4.85,0.0120601309124708
2026-05-05,2024-12-05,"5.10%",150,5.1,0
2026-05-05,2024-12-05,"5.35%",175,5.35,0
2026-05-05,2024-12-05,"5.60%",200,5.6,0
2026-05-05,2024-12-05,"5.85%",225,5.85,0
2026-05-05,2024-12-05,"6.10%",250,6.1,0
2026-05-05,2024-12-06,"0.10%",-300,0.1,0
2026-05-05,2024-12-06,"0.35%",-300,0.35,0
2026-05-05,2024-12-06,"0.60%",-300,0.6,0
2026-05-05,2024-12-06,"0.85%",-275,0.85,0
2026-05-05,2024-12-06,"1.10%",-250,1.1,0
2026-05-05,2024-12-06,"1.35%",-225,1.35,0
2026-05-05,2024-12-06,"1.60%",-200,1.6,0
2026-05-05,2024-12-06,"1.85%",-175,1.85,0
2026-05-05,2024-12-06,"2.10%",-150,2.1,0.0115379433657103
2026-05-05,2024-12-06,"2.35%",-125,2.35,0.0275811608984043
2026-05-05,2024-12-06,"2.60%",-100,2.6,0.0555484691640782
2026-05-05,2024-12-06,"2.85%",-75,2.85,0.0942583427101418
2026-05-05,2024-12-06,"3.10%",-50,3.1,0.134761376877773
2026-05-05,2024-12-06,"3.35%",-25,3.35,0.162336325150176
2026-05-05,2024-12-06,"3.60%",0,3.6,0.164768476298426
2026-05-05,2024-12-06,"3.85%",25,3.85,0.140909724635208
2026-05-05,2024-12-06,"4.10%",50,4.1,0.101534416656204
2026-05-05,2024-12-06,"4.35%",75,4.35,0.0616431626663115
2026-05-05,2024-12-06,"4.60%",100,4.6,0.0315316439244029
2026-05-05,2024-12-06,"4.85%",125,4.85,0.0135889576531639
2026-05-05,2024-12-06,"5.10%",150,5.1,0
2026-05-05,2024-12-06,"5.35%",175,5.35,0
2026-05-05,2024-12-06,"5.60%",200,5.6,0
2026-05-05,2024-12-06,"5.85%",225,5.85,0
2026-05-05,2024-12-06,"6.10%",250,6.1,0
2026-05-05,2024-12-09,"0.10%",-300,0.1,0
2026-05-05,2024-12-09,"0.35%",-300,0.35,0
2026-05-05,2024-12-09,"0.60%",-300,0.6,0
2026-05-05,2024-12-09,"0.85%",-275,0.85,0
2026-05-05,2024-12-09,"1.10%",-250,1.1,0
2026-05-05,2024-12-09,"1.35%",-225,1.35,0
2026-05-05,2024-12-09,"1.60%",-200,1.6,0
2026-05-05,2024-12-09,"1.85%",-175,1.85,0
2026-05-05,2024-12-09,"2.10%",-150,2.1,0.0157088942352223
2026-05-05,2024-12-09,"2.35%",-125,2.35,0.0339754948641515
2026-05-05,2024-12-09,"2.60%",-100,2.6,0.062910862442906
2026-05-05,2024-12-09,"2.85%",-75,2.85,0.0997317762615774
2026-05-05,2024-12-09,"3.10%",-50,3.1,0.135361731061864
2026-05-05,2024-12-09,"3.35%",-25,3.35,0.157295730596374
2026-05-05,2024-12-09,"3.60%",0,3.6,0.156494387185736
2026-05-05,2024-12-09,"3.85%",25,3.85,0.133303428834908
2026-05-05,2024-12-09,"4.10%",50,4.1,0.0972170302847003
2026-05-05,2024-12-09,"4.35%",75,4.35,0.0607012250936916
2026-05-05,2024-12-09,"4.60%",100,4.6,0.0324489119206943
2026-05-05,2024-12-09,"4.85%",125,4.85,0.0148505272181752
2026-05-05,2024-12-09,"5.10%",150,5.1,0
2026-05-05,2024-12-09,"5.35%",175,5.35,0
2026-05-05,2024-12-09,"5.60%",200,5.6,0
2026-05-05,2024-12-09,"5.85%",225,5.85,0
2026-05-05,2024-12-09,"6.10%",250,6.1,0
2026-05-05,2024-12-10,"0.10%",-300,0.1,0
2026-05-05,2024-12-10,"0.35%",-300,0.35,0
2026-05-05,2024-12-10,"0.60%",-300,0.6,0
2026-05-05,2024-12-10,"0.85%",-275,0.85,0
2026-05-05,2024-12-10,"1.10%",-250,1.1,0
2026-05-05,2024-12-10,"1.35%",-225,1.35,0
2026-05-05,2024-12-10,"1.60%",-200,1.6,0
2026-05-05,2024-12-10,"1.85%",-175,1.85,0
2026-05-05,2024-12-10,"2.10%",-150,2.1,0.0128272360162251
2026-05-05,2024-12-10,"2.35%",-125,2.35,0.0335688651757271
2026-05-05,2024-12-10,"2.60%",-100,2.6,0.0709586834796242
2026-05-05,2024-12-10,"2.85%",-75,2.85,0.121161927896648
2026-05-05,2024-12-10,"3.10%",-50,3.1,0.167123623723777
2026-05-05,2024-12-10,"3.35%",-25,3.35,0.186222577612326
2026-05-05,2024-12-10,"3.60%",0,3.6,0.167630730338268
2026-05-05,2024-12-10,"3.85%",25,3.85,0.121898362975899
2026-05-05,2024-12-10,"4.10%",50,4.1,0.0716066527547862
2026-05-05,2024-12-10,"4.35%",75,4.35,0.033978244283958
2026-05-05,2024-12-10,"4.60%",100,4.6,0.0130230957427614
2026-05-05,2024-12-10,"4.85%",125,4.85,0
2026-05-05,2024-12-10,"5.10%",150,5.1,0
2026-05-05,2024-12-10,"5.35%",175,5.35,0
2026-05-05,2024-12-10,"5.60%",200,5.6,0
2026-05-05,2024-12-10,"5.85%",225,5.85,0
2026-05-05,2024-12-10,"6.10%",250,6.1,0
2026-05-05,2024-12-12,"0.10%",-300,0.1,0
2026-05-05,2024-12-12,"0.35%",-300,0.35,0
2026-05-05,2024-12-12,"0.60%",-300,0.6,0
2026-05-05,2024-12-12,"0.85%",-275,0.85,0
2026-05-05,2024-12-12,"1.10%",-250,1.1,0
2026-05-05,2024-12-12,"1.35%",-225,1.35,0
2026-05-05,2024-12-12,"1.60%",-200,1.6,0
2026-05-05,2024-12-12,"1.85%",-175,1.85,0
2026-05-05,2024-12-12,"2.10%",-150,2.1,0
2026-05-05,2024-12-12,"2.35%",-125,2.35,0.0211949329223208
2026-05-05,2024-12-12,"2.60%",-100,2.6,0.0501032007818365
2026-05-05,2024-12-12,"2.85%",-75,2.85,0.0955957385153594
2026-05-05,2024-12-12,"3.10%",-50,3.1,0.147222624805329
2026-05-05,2024-12-12,"3.35%",-25,3.35,0.183016154783071
2026-05-05,2024-12-12,"3.60%",0,3.6,0.18365012948721
2026-05-05,2024-12-12,"3.85%",25,3.85,0.148757928767545
2026-05-05,2024-12-12,"4.10%",50,4.1,0.09726312915128
2026-05-05,2024-12-12,"4.35%",75,4.35,0.0513310261317526
2026-05-05,2024-12-12,"4.60%",100,4.6,0.0218651346542953
2026-05-05,2024-12-12,"4.85%",125,4.85,0
2026-05-05,2024-12-12,"5.10%",150,5.1,0
2026-05-05,2024-12-12,"5.35%",175,5.35,0
2026-05-05,2024-12-12,"5.60%",200,5.6,0
2026-05-05,2024-12-12,"5.85%",225,5.85,0
2026-05-05,2024-12-12,"6.10%",250,6.1,0
2026-05-05,2024-12-13,"0.10%",-300,0.1,0
2026-05-05,2024-12-13,"0.35%",-300,0.35,0
2026-05-05,2024-12-13,"0.60%",-300,0.6,0
2026-05-05,2024-12-13,"0.85%",-275,0.85,0
2026-05-05,2024-12-13,"1.10%",-250,1.1,0
2026-05-05,2024-12-13,"1.35%",-225,1.35,0
2026-05-05,2024-12-13,"1.60%",-200,1.6,0
2026-05-05,2024-12-13,"1.85%",-175,1.85,0
2026-05-05,2024-12-13,"2.10%",-150,2.1,0.011298751784747
2026-05-05,2024-12-13,"2.35%",-125,2.35,0.0269935298213119
2026-05-05,2024-12-13,"2.60%",-100,2.6,0.0544179356781763
2026-05-05,2024-12-13,"2.85%",-75,2.85,0.0925742120507275
2026-05-05,2024-12-13,"3.10%",-50,3.1,0.132896371081884
2026-05-05,2024-12-13,"3.35%",-25,3.35,0.160997058607743
2026-05-05,2024-12-13,"3.60%",0,3.6,0.164591727281521
2026-05-05,2024-12-13,"3.85%",25,3.85,0.141998485494145
2026-05-05,2024-12-13,"4.10%",50,4.1,0.103381387623213
2026-05-05,2024-12-13,"4.35%",75,4.35,0.0635152691174552
2026-05-05,2024-12-13,"4.60%",100,4.6,0.032929282828381
2026-05-05,2024-12-13,"4.85%",125,4.85,0.0144059886306963
2026-05-05,2024-12-13,"5.10%",150,5.1,0
2026-05-05,2024-12-13,"5.35%",175,5.35,0
2026-05-05,2024-12-13,"5.60%",200,5.6,0
2026-05-05,2024-12-13,"5.85%",225,5.85,0
2026-05-05,2024-12-13,"6.10%",250,6.1,0
2026-05-05,2024-12-16,"0.10%",-300,0.1,0
2026-05-05,2024-12-16,"0.35%",-300,0.35,0
2026-05-05,2024-12-16,"0.60%",-300,0.6,0
2026-05-05,2024-12-16,"0.85%",-275,0.85,0
2026-05-05,2024-12-16,"1.10%",-250,1.1,0
2026-05-05,2024-12-16,"1.35%",-225,1.35,0
2026-05-05,2024-12-16,"1.60%",-200,1.6,0
2026-05-05,2024-12-16,"1.85%",-175,1.85,0
2026-05-05,2024-12-16,"2.10%",-150,2.1,0.0106981649047815
2026-05-05,2024-12-16,"2.35%",-125,2.35,0.0256753645035319
2026-05-05,2024-12-16,"2.60%",-100,2.6,0.0520916793165237
2026-05-05,2024-12-16,"2.85%",-75,2.85,0.0893463086548609
2026-05-05,2024-12-16,"3.10%",-50,3.1,0.129553984105343
2026-05-05,2024-12-16,"3.35%",-25,3.35,0.158817143401839
2026-05-05,2024-12-16,"3.60%",0,3.6,0.164596293440049
2026-05-05,2024-12-16,"3.85%",25,3.85,0.14421798464772
2026-05-05,2024-12-16,"4.10%",50,4.1,0.106829978966601
2026-05-05,2024-12-16,"4.35%",75,4.35,0.0669015078635741
2026-05-05,2024-12-16,"4.60%",100,4.6,0.0354192631290777
2026-05-05,2024-12-16,"4.85%",125,4.85,0.0158523270660968
2026-05-05,2024-12-16,"5.10%",150,5.1,0
2026-05-05,2024-12-16,"5.35%",175,5.35,0
2026-05-05,2024-12-16,"5.60%",200,5.6,0
2026-05-05,2024-12-16,"5.85%",225,5.85,0
2026-05-05,2024-12-16,"6.10%",250,6.1,0
2026-05-05,2024-12-17,"0.10%",-300,0.1,0
2026-05-05,2024-12-17,"0.35%",-300,0.35,0
2026-05-05,2024-12-17,"0.60%",-300,0.6,0
2026-05-05,2024-12-17,"0.85%",-275,0.85,0
2026-05-05,2024-12-17,"1.10%",-250,1.1,0
2026-05-05,2024-12-17,"1.35%",-225,1.35,0
2026-05-05,2024-12-17,"1.60%",-200,1.6,0
2026-05-05,2024-12-17,"1.85%",-175,1.85,0
2026-05-05,2024-12-17,"2.10%",-150,2.1,0.0107867137484602
2026-05-05,2024-12-17,"2.35%",-125,2.35,0.026533879783338
2026-05-05,2024-12-17,"2.60%",-100,2.6,0.0546614408272554
2026-05-05,2024-12-17,"2.85%",-75,2.85,0.0943071600375896
2026-05-05,2024-12-17,"3.10%",-50,3.1,0.136270772675343
2026-05-05,2024-12-17,"3.35%",-25,3.35,0.164916032894346
2026-05-05,2024-12-17,"3.60%",0,3.6,0.167158761790368
2026-05-05,2024-12-17,"3.85%",25,3.85,0.141906340713046
2026-05-05,2024-12-17,"4.10%",50,4.1,0.100896804736468
2026-05-05,2024-12-17,"4.35%",75,4.35,0.0600826227340446
2026-05-05,2024-12-17,"4.60%",100,4.6,0.0299643976839215
2026-05-05,2024-12-17,"4.85%",125,4.85,0.0125150723758205
2026-05-05,2024-12-17,"5.10%",150,5.1,0
2026-05-05,2024-12-17,"5.35%",175,5.35,0
2026-05-05,2024-12-17,"5.60%",200,5.6,0
2026-05-05,2024-12-17,"5.85%",225,5.85,0
2026-05-05,2024-12-17,"6.10%",250,6.1,0
2026-05-05,2024-12-18,"0.10%",-300,0.1,0
2026-05-05,2024-12-18,"0.35%",-300,0.35,0
2026-05-05,2024-12-18,"0.60%",-300,0.6,0
2026-05-05,2024-12-18,"0.85%",-275,0.85,0
2026-05-05,2024-12-18,"1.10%",-250,1.1,0
2026-05-05,2024-12-18,"1.35%",-225,1.35,0
2026-05-05,2024-12-18,"1.60%",-200,1.6,0
2026-05-05,2024-12-18,"1.85%",-175,1.85,0
2026-05-05,2024-12-18,"2.10%",-150,2.1,0.0137814229812879
2026-05-05,2024-12-18,"2.35%",-125,2.35,0.0314933236921893
2026-05-05,2024-12-18,"2.60%",-100,2.6,0.060919115292536
2026-05-05,2024-12-18,"2.85%",-75,2.85,0.0997494290527772
2026-05-05,2024-12-18,"3.10%",-50,3.1,0.138260270682934
2026-05-05,2024-12-18,"3.35%",-25,3.35,0.162225892452699
2026-05-05,2024-12-18,"3.60%",0,3.6,0.161131890201768
2026-05-05,2024-12-18,"3.85%",25,3.85,0.13548189864225
2026-05-05,2024-12-18,"4.10%",50,4.1,0.0964309577189258
2026-05-05,2024-12-18,"4.35%",75,4.35,0.0581006857597436
2026-05-05,2024-12-18,"4.60%",100,4.6,0.0296324100427392
2026-05-05,2024-12-18,"4.85%",125,4.85,0.0127927034801504
2026-05-05,2024-12-18,"5.10%",150,5.1,0
2026-05-05,2024-12-18,"5.35%",175,5.35,0
2026-05-05,2024-12-18,"5.60%",200,5.6,0
2026-05-05,2024-12-18,"5.85%",225,5.85,0
2026-05-05,2024-12-18,"6.10%",250,6.1,0
2026-05-05,2024-12-19,"0.10%",-300,0.1,0
2026-05-05,2024-12-19,"0.35%",-300,0.35,0
2026-05-05,2024-12-19,"0.60%",-300,0.6,0
2026-05-05,2024-12-19,"0.85%",-275,0.85,0
2026-05-05,2024-12-19,"1.10%",-250,1.1,0
2026-05-05,2024-12-19,"1.35%",-225,1.35,0
2026-05-05,2024-12-19,"1.60%",-200,1.6,0
2026-05-05,2024-12-19,"1.85%",-175,1.85,0
2026-05-05,2024-12-19,"2.10%",-150,2.1,0
2026-05-05,2024-12-19,"2.35%",-125,2.35,0.015633143355529
2026-05-05,2024-12-19,"2.60%",-100,2.6,0.037590739634245
2026-05-05,2024-12-19,"2.85%",-75,2.85,0.0743697427983744
2026-05-05,2024-12-19,"3.10%",-50,3.1,0.12106287236957
2026-05-05,2024-12-19,"3.35%",-25,3.35,0.162157994785765
2026-05-05,2024-12-19,"3.60%",0,3.6,0.178725531563854
2026-05-05,2024-12-19,"3.85%",25,3.85,0.162090811877542
2026-05-05,2024-12-19,"4.10%",50,4.1,0.12096257595227
2026-05-05,2024-12-19,"4.35%",75,4.35,0.0742773378659482
2026-05-05,2024-12-19,"4.60%",100,4.6,0.037528472260907
2026-05-05,2024-12-19,"4.85%",125,4.85,0.0156007775359958
2026-05-05,2024-12-19,"5.10%",150,5.1,0
2026-05-05,2024-12-19,"5.35%",175,5.35,0
2026-05-05,2024-12-19,"5.60%",200,5.6,0
2026-05-05,2024-12-19,"5.85%",225,5.85,0
2026-05-05,2024-12-19,"6.10%",250,6.1,0
2026-05-05,2024-12-20,"0.10%",-300,0.1,0
2026-05-05,2024-12-20,"0.35%",-300,0.35,0
2026-05-05,2024-12-20,"0.60%",-300,0.6,0
2026-05-05,2024-12-20,"0.85%",-275,0.85,0
2026-05-05,2024-12-20,"1.10%",-250,1.1,0
2026-05-05,2024-12-20,"1.35%",-225,1.35,0
2026-05-05,2024-12-20,"1.60%",-200,1.6,0
2026-05-05,2024-12-20,"1.85%",-175,1.85,0
2026-05-05,2024-12-20,"2.10%",-150,2.1,0
2026-05-05,2024-12-20,"2.35%",-125,2.35,0.0178438047621991
2026-05-05,2024-12-20,"2.60%",-100,2.6,0.0390386056299331
2026-05-05,2024-12-20,"2.85%",-75,2.85,0.0722116251747019
2026-05-05,2024-12-20,"3.10%",-50,3.1,0.112937073927635
2026-05-05,2024-12-20,"3.35%",-25,3.35,0.149344885766065
2026-05-05,2024-12-20,"3.60%",0,3.6,0.166983486547758
2026-05-05,2024-12-20,"3.85%",25,3.85,0.157865788298746
2026-05-05,2024-12-20,"4.10%",50,4.1,0.126192298558358
2026-05-05,2024-12-20,"4.35%",75,4.35,0.0852911649179044
2026-05-05,2024-12-20,"4.60%",100,4.6,0.0487410332712741
2026-05-05,2024-12-20,"4.85%",125,4.85,0.0235502331454236
2026-05-05,2024-12-20,"5.10%",150,5.1,0
2026-05-05,2024-12-20,"5.35%",175,5.35,0
2026-05-05,2024-12-20,"5.60%",200,5.6,0
2026-05-05,2024-12-20,"5.85%",225,5.85,0
2026-05-05,2024-12-20,"6.10%",250,6.1,0
2026-05-05,2024-12-23,"0.10%",-300,0.1,0
2026-05-05,2024-12-23,"0.35%",-300,0.35,0
2026-05-05,2024-12-23,"0.60%",-300,0.6,0
2026-05-05,2024-12-23,"0.85%",-275,0.85,0
2026-05-05,2024-12-23,"1.10%",-250,1.1,0
2026-05-05,2024-12-23,"1.35%",-225,1.35,0
2026-05-05,2024-12-23,"1.60%",-200,1.6,0
2026-05-05,2024-12-23,"1.85%",-175,1.85,0
2026-05-05,2024-12-23,"2.10%",-150,2.1,0.0106543337513835
2026-05-05,2024-12-23,"2.35%",-125,2.35,0.0247965055547029
2026-05-05,2024-12-23,"2.60%",-100,2.6,0.0493259596891556
2026-05-05,2024-12-23,"2.85%",-75,2.85,0.0838669955173426
2026-05-05,2024-12-23,"3.10%",-50,3.1,0.121883420093567
2026-05-05,2024-12-23,"3.35%",-25,3.35,0.15140546342105
2026-05-05,2024-12-23,"3.60%",0,3.6,0.160762578387083
2026-05-05,2024-12-23,"3.85%",25,3.85,0.145906873082753
2026-05-05,2024-12-23,"4.10%",50,4.1,0.113191158062779
2026-05-05,2024-12-23,"4.35%",75,4.35,0.0750570616403914
2026-05-05,2024-12-23,"4.60%",100,4.6,0.0425409356600644
2026-05-05,2024-12-23,"4.85%",125,4.85,0.0206087151397276
2026-05-05,2024-12-23,"5.10%",150,5.1,0
2026-05-05,2024-12-23,"5.35%",175,5.35,0
2026-05-05,2024-12-23,"5.60%",200,5.6,0
2026-05-05,2024-12-23,"5.85%",225,5.85,0
2026-05-05,2024-12-23,"6.10%",250,6.1,0
2026-05-05,2024-12-24,"0.10%",-300,0.1,0
2026-05-05,2024-12-24,"0.35%",-300,0.35,0
2026-05-05,2024-12-24,"0.60%",-300,0.6,0
2026-05-05,2024-12-24,"0.85%",-275,0.85,0
2026-05-05,2024-12-24,"1.10%",-250,1.1,0
2026-05-05,2024-12-24,"1.35%",-225,1.35,0
2026-05-05,2024-12-24,"1.60%",-200,1.6,0
2026-05-05,2024-12-24,"1.85%",-175,1.85,0
2026-05-05,2024-12-24,"2.10%",-150,2.1,0
2026-05-05,2024-12-24,"2.35%",-125,2.35,0.0198578554321201
2026-05-05,2024-12-24,"2.60%",-100,2.6,0.0453090796323812
2026-05-05,2024-12-24,"2.85%",-75,2.85,0.0851848058964679
2026-05-05,2024-12-24,"3.10%",-50,3.1,0.131971392867602
2026-05-05,2024-12-24,"3.35%",-25,3.35,0.16848065639329
2026-05-05,2024-12-24,"3.60%",0,3.6,0.177247263595005
2026-05-05,2024-12-24,"3.85%",25,3.85,0.153663128459957
2026-05-05,2024-12-24,"4.10%",50,4.1,0.109778307888286
2026-05-05,2024-12-24,"4.35%",75,4.35,0.0646265520867557
2026-05-05,2024-12-24,"4.60%",100,4.6,0.0313500928058672
2026-05-05,2024-12-24,"4.85%",125,4.85,0.0125308649422673
2026-05-05,2024-12-24,"5.10%",150,5.1,0
2026-05-05,2024-12-24,"5.35%",175,5.35,0
2026-05-05,2024-12-24,"5.60%",200,5.6,0
2026-05-05,2024-12-24,"5.85%",225,5.85,0
2026-05-05,2024-12-24,"6.10%",250,6.1,0
2026-05-05,2024-12-27,"0.10%",-300,0.1,0
2026-05-05,2024-12-27,"0.35%",-300,0.35,0
2026-05-05,2024-12-27,"0.60%",-300,0.6,0
2026-05-05,2024-12-27,"0.85%",-275,0.85,0
2026-05-05,2024-12-27,"1.10%",-250,1.1,0
2026-05-05,2024-12-27,"1.35%",-225,1.35,0
2026-05-05,2024-12-27,"1.60%",-200,1.6,0
2026-05-05,2024-12-27,"1.85%",-175,1.85,0
2026-05-05,2024-12-27,"2.10%",-150,2.1,0
2026-05-05,2024-12-27,"2.35%",-125,2.35,0.0145902437024304
2026-05-05,2024-12-27,"2.60%",-100,2.6,0.0387794852948524
2026-05-05,2024-12-27,"2.85%",-75,2.85,0.0818507534078396
2026-05-05,2024-12-27,"3.10%",-50,3.1,0.137201156250077
2026-05-05,2024-12-27,"3.35%",-25,3.35,0.182654714583978
2026-05-05,2024-12-27,"3.60%",0,3.6,0.193132465221769
2026-05-05,2024-12-27,"3.85%",25,3.85,0.16219354457435
2026-05-05,2024-12-27,"4.10%",50,4.1,0.108182647796656
2026-05-05,2024-12-27,"4.35%",75,4.35,0.057307144838375
2026-05-05,2024-12-27,"4.60%",100,4.6,0.0241078443296719
2026-05-05,2024-12-27,"4.85%",125,4.85,0
2026-05-05,2024-12-27,"5.10%",150,5.1,0
2026-05-05,2024-12-27,"5.35%",175,5.35,0
2026-05-05,2024-12-27,"5.60%",200,5.6,0
2026-05-05,2024-12-27,"5.85%",225,5.85,0
2026-05-05,2024-12-27,"6.10%",250,6.1,0
2026-05-05,2024-12-30,"0.10%",-300,0.1,0
2026-05-05,2024-12-30,"0.35%",-300,0.35,0
2026-05-05,2024-12-30,"0.60%",-300,0.6,0
2026-05-05,2024-12-30,"0.85%",-275,0.85,0
2026-05-05,2024-12-30,"1.10%",-250,1.1,0
2026-05-05,2024-12-30,"1.35%",-225,1.35,0
2026-05-05,2024-12-30,"1.60%",-200,1.6,0
2026-05-05,2024-12-30,"1.85%",-175,1.85,0
2026-05-05,2024-12-30,"2.10%",-150,2.1,0
2026-05-05,2024-12-30,"2.35%",-125,2.35,0.0108851280019753
2026-05-05,2024-12-30,"2.60%",-100,2.6,0.0324865045927932
2026-05-05,2024-12-30,"2.85%",-75,2.85,0.075172043503035
2026-05-05,2024-12-30,"3.10%",-50,3.1,0.134878766970058
2026-05-05,2024-12-30,"3.35%",-25,3.35,0.187672440741129
2026-05-05,2024-12-30,"3.60%",0,3.6,0.202510585837437
2026-05-05,2024-12-30,"3.85%",25,3.85,0.169468920422017
2026-05-05,2024-12-30,"4.10%",50,4.1,0.109980656218488
2026-05-05,2024-12-30,"4.35%",75,4.35,0.0553477067182864
2026-05-05,2024-12-30,"4.60%",100,4.6,0.02159724699478
2026-05-05,2024-12-30,"4.85%",125,4.85,0
2026-05-05,2024-12-30,"5.10%",150,5.1,0
2026-05-05,2024-12-30,"5.35%",175,5.35,0
2026-05-05,2024-12-30,"5.60%",200,5.6,0
2026-05-05,2024-12-30,"5.85%",225,5.85,0
2026-05-05,2024-12-30,"6.10%",250,6.1,0
2026-05-05,2024-12-31,"0.10%",-300,0.1,0
2026-05-05,2024-12-31,"0.35%",-300,0.35,0
2026-05-05,2024-12-31,"0.60%",-300,0.6,0
2026-05-05,2024-12-31,"0.85%",-275,0.85,0
2026-05-05,2024-12-31,"1.10%",-250,1.1,0
2026-05-05,2024-12-31,"1.35%",-225,1.35,0
2026-05-05,2024-12-31,"1.60%",-200,1.6,0
2026-05-05,2024-12-31,"1.85%",-175,1.85,0
2026-05-05,2024-12-31,"2.10%",-150,2.1,0
2026-05-05,2024-12-31,"2.35%",-125,2.35,0.0146439803996218
2026-05-05,2024-12-31,"2.60%",-100,2.6,0.0403445315167385
2026-05-05,2024-12-31,"2.85%",-75,2.85,0.086826458824073
2026-05-05,2024-12-31,"3.10%",-50,3.1,0.145983383192687
2026-05-05,2024-12-31,"3.35%",-25,3.35,0.191764374250475
2026-05-05,2024-12-31,"3.60%",0,3.6,0.196816361093868
2026-05-05,2024-12-31,"3.85%",25,3.85,0.157828246425189
2026-05-05,2024-12-31,"4.10%",50,4.1,0.0988839659543894
2026-05-05,2024-12-31,"4.35%",75,4.35,0.0484014315696919
2026-05-05,2024-12-31,"4.60%",100,4.6,0.0185072667732678
2026-05-05,2024-12-31,"4.85%",125,4.85,0
2026-05-05,2024-12-31,"5.10%",150,5.1,0
2026-05-05,2024-12-31,"5.35%",175,5.35,0
2026-05-05,2024-12-31,"5.60%",200,5.6,0
2026-05-05,2024-12-31,"5.85%",225,5.85,0
2026-05-05,2024-12-31,"6.10%",250,6.1,0
2026-05-05,2025-01-02,"0.10%",-300,0.1,0
2026-05-05,2025-01-02,"0.35%",-300,0.35,0
2026-05-05,2025-01-02,"0.60%",-300,0.6,0
2026-05-05,2025-01-02,"0.85%",-275,0.85,0
2026-05-05,2025-01-02,"1.10%",-250,1.1,0
2026-05-05,2025-01-02,"1.35%",-225,1.35,0
2026-05-05,2025-01-02,"1.60%",-200,1.6,0
2026-05-05,2025-01-02,"1.85%",-175,1.85,0
2026-05-05,2025-01-02,"2.10%",-150,2.1,0
2026-05-05,2025-01-02,"2.35%",-125,2.35,0.0221143448647649
2026-05-05,2025-01-02,"2.60%",-100,2.6,0.0481319505875072
2026-05-05,2025-01-02,"2.85%",-75,2.85,0.0872200126549121
2026-05-05,2025-01-02,"3.10%",-50,3.1,0.131593831508024
2026-05-05,2025-01-02,"3.35%",-25,3.35,0.165310726621635
2026-05-05,2025-01-02,"3.60%",0,3.6,0.172909129150115
2026-05-05,2025-01-02,"3.85%",25,3.85,0.15058691650585
2026-05-05,2025-01-02,"4.10%",50,4.1,0.10919576218836
2026-05-05,2025-01-02,"4.35%",75,4.35,0.0659274319894723
2026-05-05,2025-01-02,"4.60%",100,4.6,0.0331403353168133
2026-05-05,2025-01-02,"4.85%",125,4.85,0.0138695586125455
2026-05-05,2025-01-02,"5.10%",150,5.1,0
2026-05-05,2025-01-02,"5.35%",175,5.35,0
2026-05-05,2025-01-02,"5.60%",200,5.6,0
2026-05-05,2025-01-02,"5.85%",225,5.85,0
2026-05-05,2025-01-02,"6.10%",250,6.1,0
2026-05-05,2025-01-03,"0.10%",-300,0.1,0
2026-05-05,2025-01-03,"0.35%",-300,0.35,0
2026-05-05,2025-01-03,"0.60%",-300,0.6,0
2026-05-05,2025-01-03,"0.85%",-275,0.85,0
2026-05-05,2025-01-03,"1.10%",-250,1.1,0
2026-05-05,2025-01-03,"1.35%",-225,1.35,0
2026-05-05,2025-01-03,"1.60%",-200,1.6,0
2026-05-05,2025-01-03,"1.85%",-175,1.85,0
2026-05-05,2025-01-03,"2.10%",-150,2.1,0
2026-05-05,2025-01-03,"2.35%",-125,2.35,0.0253138912645943
2026-05-05,2025-01-03,"2.60%",-100,2.6,0.0539255364230084
2026-05-05,2025-01-03,"2.85%",-75,2.85,0.0953458272425783
2026-05-05,2025-01-03,"3.10%",-50,3.1,0.139924614608642
2026-05-05,2025-01-03,"3.35%",-25,3.35,0.170443724474336
2026-05-05,2025-01-03,"3.60%",0,3.6,0.172332497944996
2026-05-05,2025-01-03,"3.85%",25,3.85,0.1446281699421
2026-05-05,2025-01-03,"4.10%",50,4.1,0.100747405206122
2026-05-05,2025-01-03,"4.35%",75,4.35,0.0582507313599967
2026-05-05,2025-01-03,"4.60%",100,4.6,0.0279538976568552
2026-05-05,2025-01-03,"4.85%",125,4.85,0.0111337038767709
2026-05-05,2025-01-03,"5.10%",150,5.1,0
2026-05-05,2025-01-03,"5.35%",175,5.35,0
2026-05-05,2025-01-03,"5.60%",200,5.6,0
2026-05-05,2025-01-03,"5.85%",225,5.85,0
2026-05-05,2025-01-03,"6.10%",250,6.1,0
2026-05-05,2025-01-06,"0.10%",-300,0.1,0
2026-05-05,2025-01-06,"0.35%",-300,0.35,0
2026-05-05,2025-01-06,"0.60%",-300,0.6,0
2026-05-05,2025-01-06,"0.85%",-275,0.85,0
2026-05-05,2025-01-06,"1.10%",-250,1.1,0
2026-05-05,2025-01-06,"1.35%",-225,1.35,0
2026-05-05,2025-01-06,"1.60%",-200,1.6,0
2026-05-05,2025-01-06,"1.85%",-175,1.85,0
2026-05-05,2025-01-06,"2.10%",-150,2.1,0
2026-05-05,2025-01-06,"2.35%",-125,2.35,0.014963274870395
2026-05-05,2025-01-06,"2.60%",-100,2.6,0.0377207192643205
2026-05-05,2025-01-06,"2.85%",-75,2.85,0.077008022296029
2026-05-05,2025-01-06,"3.10%",-50,3.1,0.127326568550355
2026-05-05,2025-01-06,"3.35%",-25,3.35,0.170508756169924
2026-05-05,2025-01-06,"3.60%",0,3.6,0.184939313634734
2026-05-05,2025-01-06,"3.85%",25,3.85,0.162468656517329
2026-05-05,2025-01-06,"4.10%",50,4.1,0.115601408924362
2026-05-05,2025-01-06,"4.35%",75,4.35,0.0666189619147148
2026-05-05,2025-01-06,"4.60%",100,4.6,0.0310924295852675
2026-05-05,2025-01-06,"4.85%",125,4.85,0.0117518882725684
2026-05-05,2025-01-06,"5.10%",150,5.1,0
2026-05-05,2025-01-06,"5.35%",175,5.35,0
2026-05-05,2025-01-06,"5.60%",200,5.6,0
2026-05-05,2025-01-06,"5.85%",225,5.85,0
2026-05-05,2025-01-06,"6.10%",250,6.1,0
2026-05-05,2025-01-07,"0.10%",-300,0.1,0
2026-05-05,2025-01-07,"0.35%",-300,0.35,0
2026-05-05,2025-01-07,"0.60%",-300,0.6,0
2026-05-05,2025-01-07,"0.85%",-275,0.85,0
2026-05-05,2025-01-07,"1.10%",-250,1.1,0
2026-05-05,2025-01-07,"1.35%",-225,1.35,0
2026-05-05,2025-01-07,"1.60%",-200,1.6,0
2026-05-05,2025-01-07,"1.85%",-175,1.85,0
2026-05-05,2025-01-07,"2.10%",-150,2.1,0
2026-05-05,2025-01-07,"2.35%",-125,2.35,0.0123327023662447
2026-05-05,2025-01-07,"2.60%",-100,2.6,0.0323779949227457
2026-05-05,2025-01-07,"2.85%",-75,2.85,0.0687902714489691
2026-05-05,2025-01-07,"3.10%",-50,3.1,0.118281096730872
2026-05-05,2025-01-07,"3.35%",-25,3.35,0.164601555039945
2026-05-05,2025-01-07,"3.60%",0,3.6,0.185393528508164
2026-05-05,2025-01-07,"3.85%",25,3.85,0.169005766494837
2026-05-05,2025-01-07,"4.10%",50,4.1,0.124695697195361
2026-05-05,2025-01-07,"4.35%",75,4.35,0.0744618045029988
2026-05-05,2025-01-07,"4.60%",100,4.6,0.0359856748405907
2026-05-05,2025-01-07,"4.85%",125,4.85,0.0140739079492731
2026-05-05,2025-01-07,"5.10%",150,5.1,0
2026-05-05,2025-01-07,"5.35%",175,5.35,0
2026-05-05,2025-01-07,"5.60%",200,5.6,0
2026-05-05,2025-01-07,"5.85%",225,5.85,0
2026-05-05,2025-01-07,"6.10%",250,6.1,0
2026-05-05,2025-01-08,"0.10%",-300,0.1,0
2026-05-05,2025-01-08,"0.35%",-300,0.35,0
2026-05-05,2025-01-08,"0.60%",-300,0.6,0
2026-05-05,2025-01-08,"0.85%",-275,0.85,0
2026-05-05,2025-01-08,"1.10%",-250,1.1,0
2026-05-05,2025-01-08,"1.35%",-225,1.35,0
2026-05-05,2025-01-08,"1.60%",-200,1.6,0
2026-05-05,2025-01-08,"1.85%",-175,1.85,0
2026-05-05,2025-01-08,"2.10%",-150,2.1,0
2026-05-05,2025-01-08,"2.35%",-125,2.35,0.0127234914968053
2026-05-05,2025-01-08,"2.60%",-100,2.6,0.0337729457107069
2026-05-05,2025-01-08,"2.85%",-75,2.85,0.0720350669010312
2026-05-05,2025-01-08,"3.10%",-50,3.1,0.123469617492174
2026-05-05,2025-01-08,"3.35%",-25,3.35,0.170074134306322
2026-05-05,2025-01-08,"3.60%",0,3.6,0.188274316923675
2026-05-05,2025-01-08,"3.85%",25,3.85,0.167502993675314
2026-05-05,2025-01-08,"4.10%",50,4.1,0.119764500575355
2026-05-05,2025-01-08,"4.35%",75,4.35,0.0688168004436741
2026-05-05,2025-01-08,"4.60%",100,4.6,0.0317760717292212
2026-05-05,2025-01-08,"4.85%",125,4.85,0.0117900607457214
2026-05-05,2025-01-08,"5.10%",150,5.1,0
2026-05-05,2025-01-08,"5.35%",175,5.35,0
2026-05-05,2025-01-08,"5.60%",200,5.6,0
2026-05-05,2025-01-08,"5.85%",225,5.85,0
2026-05-05,2025-01-08,"6.10%",250,6.1,0
2026-05-05,2025-01-09,"0.10%",-300,0.1,0
2026-05-05,2025-01-09,"0.35%",-300,0.35,0
2026-05-05,2025-01-09,"0.60%",-300,0.6,0
2026-05-05,2025-01-09,"0.85%",-275,0.85,0
2026-05-05,2025-01-09,"1.10%",-250,1.1,0
2026-05-05,2025-01-09,"1.35%",-225,1.35,0
2026-05-05,2025-01-09,"1.60%",-200,1.6,0
2026-05-05,2025-01-09,"1.85%",-175,1.85,0
2026-05-05,2025-01-09,"2.10%",-150,2.1,0
2026-05-05,2025-01-09,"2.35%",-125,2.35,0.0156522522650145
2026-05-05,2025-01-09,"2.60%",-100,2.6,0.0396781537594444
2026-05-05,2025-01-09,"2.85%",-75,2.85,0.0810198836030476
2026-05-05,2025-01-09,"3.10%",-50,3.1,0.133267309850101
2026-05-05,2025-01-09,"3.35%",-25,3.35,0.176590054556734
2026-05-05,2025-01-09,"3.60%",0,3.6,0.188508173948685
2026-05-05,2025-01-09,"3.85%",25,3.85,0.162113049830558
2026-05-05,2025-01-09,"4.10%",50,4.1,0.112311396215396
2026-05-05,2025-01-09,"4.35%",75,4.35,0.0626806933761867
2026-05-05,2025-01-09,"4.60%",100,4.6,0.0281790325948327
2026-05-05,2025-01-09,"4.85%",125,4.85,0
2026-05-05,2025-01-09,"5.10%",150,5.1,0
2026-05-05,2025-01-09,"5.35%",175,5.35,0
2026-05-05,2025-01-09,"5.60%",200,5.6,0
2026-05-05,2025-01-09,"5.85%",225,5.85,0
2026-05-05,2025-01-09,"6.10%",250,6.1,0
2026-05-05,2025-01-10,"0.10%",-300,0.1,0
2026-05-05,2025-01-10,"0.35%",-300,0.35,0
2026-05-05,2025-01-10,"0.60%",-300,0.6,0
2026-05-05,2025-01-10,"0.85%",-275,0.85,0
2026-05-05,2025-01-10,"1.10%",-250,1.1,0
2026-05-05,2025-01-10,"1.35%",-225,1.35,0
2026-05-05,2025-01-10,"1.60%",-200,1.6,0
2026-05-05,2025-01-10,"1.85%",-175,1.85,0
2026-05-05,2025-01-10,"2.10%",-150,2.1,0
2026-05-05,2025-01-10,"2.35%",-125,2.35,0.0119853937882564
2026-05-05,2025-01-10,"2.60%",-100,2.6,0.0329998424467088
2026-05-05,2025-01-10,"2.85%",-75,2.85,0.0722654410056717
2026-05-05,2025-01-10,"3.10%",-50,3.1,0.12587594645268
2026-05-05,2025-01-10,"3.35%",-25,3.35,0.174410594978447
2026-05-05,2025-01-10,"3.60%",0,3.6,0.192236463557177
2026-05-05,2025-01-10,"3.85%",25,3.85,0.168552774196051
2026-05-05,2025-01-10,"4.10%",50,4.1,0.117562084019784
2026-05-05,2025-01-10,"4.35%",75,4.35,0.0652249265771303
2026-05-05,2025-01-10,"4.60%",100,4.6,0.0287838386229242
2026-05-05,2025-01-10,"4.85%",125,4.85,0.0101026943551692
2026-05-05,2025-01-10,"5.10%",150,5.1,0
2026-05-05,2025-01-10,"5.35%",175,5.35,0
2026-05-05,2025-01-10,"5.60%",200,5.6,0
2026-05-05,2025-01-10,"5.85%",225,5.85,0
2026-05-05,2025-01-10,"6.10%",250,6.1,0
2026-05-05,2025-01-13,"0.10%",-300,0.1,0
2026-05-05,2025-01-13,"0.35%",-300,0.35,0
2026-05-05,2025-01-13,"0.60%",-300,0.6,0
2026-05-05,2025-01-13,"0.85%",-275,0.85,0
2026-05-05,2025-01-13,"1.10%",-250,1.1,0
2026-05-05,2025-01-13,"1.35%",-225,1.35,0
2026-05-05,2025-01-13,"1.60%",-200,1.6,0
2026-05-05,2025-01-13,"1.85%",-175,1.85,0
2026-05-05,2025-01-13,"2.10%",-150,2.1,0
2026-05-05,2025-01-13,"2.35%",-125,2.35,0
2026-05-05,2025-01-13,"2.60%",-100,2.6,0.0202223196977086
2026-05-05,2025-01-13,"2.85%",-75,2.85,0.0498321142182571
2026-05-05,2025-01-13,"3.10%",-50,3.1,0.0977125592020613
2026-05-05,2025-01-13,"3.35%",-25,3.35,0.152469745556752
2026-05-05,2025-01-13,"3.60%",0,3.6,0.189334196250429
2026-05-05,2025-01-13,"3.85%",25,3.85,0.18710971607222
2026-05-05,2025-01-13,"4.10%",50,4.1,0.147158372806595
2026-05-05,2025-01-13,"4.35%",75,4.35,0.0921051925814709
2026-05-05,2025-01-13,"4.60%",100,4.6,0.0458746589866614
2026-05-05,2025-01-13,"4.85%",125,4.85,0.0181811246278451
2026-05-05,2025-01-13,"5.10%",150,5.1,0
2026-05-05,2025-01-13,"5.35%",175,5.35,0
2026-05-05,2025-01-13,"5.60%",200,5.6,0
2026-05-05,2025-01-13,"5.85%",225,5.85,0
2026-05-05,2025-01-13,"6.10%",250,6.1,0
2026-05-05,2025-01-14,"0.10%",-300,0.1,0
2026-05-05,2025-01-14,"0.35%",-300,0.35,0
2026-05-05,2025-01-14,"0.60%",-300,0.6,0
2026-05-05,2025-01-14,"0.85%",-275,0.85,0
2026-05-05,2025-01-14,"1.10%",-250,1.1,0
2026-05-05,2025-01-14,"1.35%",-225,1.35,0
2026-05-05,2025-01-14,"1.60%",-200,1.6,0
2026-05-05,2025-01-14,"1.85%",-175,1.85,0
2026-05-05,2025-01-14,"2.10%",-150,2.1,0
2026-05-05,2025-01-14,"2.35%",-125,2.35,0
2026-05-05,2025-01-14,"2.60%",-100,2.6,0.0187228016540004
2026-05-05,2025-01-14,"2.85%",-75,2.85,0.0479724059368699
2026-05-05,2025-01-14,"3.10%",-50,3.1,0.0968279942743918
2026-05-05,2025-01-14,"3.35%",-25,3.35,0.153969284850487
2026-05-05,2025-01-14,"3.60%",0,3.6,0.192892159485079
2026-05-05,2025-01-14,"3.85%",25,3.85,0.190394328729786
2026-05-05,2025-01-14,"4.10%",50,4.1,0.148064762999407
2026-05-05,2025-01-14,"4.35%",75,4.35,0.0907182665352602
2026-05-05,2025-01-14,"4.60%",100,4.6,0.0437883124059878
2026-05-05,2025-01-14,"4.85%",125,4.85,0.0166496831287309
2026-05-05,2025-01-14,"5.10%",150,5.1,0
2026-05-05,2025-01-14,"5.35%",175,5.35,0
2026-05-05,2025-01-14,"5.60%",200,5.6,0
2026-05-05,2025-01-14,"5.85%",225,5.85,0
2026-05-05,2025-01-14,"6.10%",250,6.1,0
2026-05-05,2025-01-15,"0.10%",-300,0.1,0
2026-05-05,2025-01-15,"0.35%",-300,0.35,0
2026-05-05,2025-01-15,"0.60%",-300,0.6,0
2026-05-05,2025-01-15,"0.85%",-275,0.85,0
2026-05-05,2025-01-15,"1.10%",-250,1.1,0
2026-05-05,2025-01-15,"1.35%",-225,1.35,0
2026-05-05,2025-01-15,"1.60%",-200,1.6,0
2026-05-05,2025-01-15,"1.85%",-175,1.85,0
2026-05-05,2025-01-15,"2.10%",-150,2.1,0
2026-05-05,2025-01-15,"2.35%",-125,2.35,0
2026-05-05,2025-01-15,"2.60%",-100,2.6,0.0110390590058032
2026-05-05,2025-01-15,"2.85%",-75,2.85,0.0364535548336188
2026-05-05,2025-01-15,"3.10%",-50,3.1,0.0890446843149896
2026-05-05,2025-01-15,"3.35%",-25,3.35,0.160925513811618
2026-05-05,2025-01-15,"3.60%",0,3.6,0.215204531627727
2026-05-05,2025-01-15,"3.85%",25,3.85,0.212969808624114
2026-05-05,2025-01-15,"4.10%",50,4.1,0.15596375622707
2026-05-05,2025-01-15,"4.35%",75,4.35,0.0845153649443869
2026-05-05,2025-01-15,"4.60%",100,4.6,0.0338837266106728
2026-05-05,2025-01-15,"4.85%",125,4.85,0
2026-05-05,2025-01-15,"5.10%",150,5.1,0
2026-05-05,2025-01-15,"5.35%",175,5.35,0
2026-05-05,2025-01-15,"5.60%",200,5.6,0
2026-05-05,2025-01-15,"5.85%",225,5.85,0
2026-05-05,2025-01-15,"6.10%",250,6.1,0
2026-05-05,2025-01-16,"0.10%",-300,0.1,0
2026-05-05,2025-01-16,"0.35%",-300,0.35,0
2026-05-05,2025-01-16,"0.60%",-300,0.6,0
2026-05-05,2025-01-16,"0.85%",-275,0.85,0
2026-05-05,2025-01-16,"1.10%",-250,1.1,0
2026-05-05,2025-01-16,"1.35%",-225,1.35,0
2026-05-05,2025-01-16,"1.60%",-200,1.6,0
2026-05-05,2025-01-16,"1.85%",-175,1.85,0
2026-05-05,2025-01-16,"2.10%",-150,2.1,0
2026-05-05,2025-01-16,"2.35%",-125,2.35,0
2026-05-05,2025-01-16,"2.60%",-100,2.6,0.0234100882606201
2026-05-05,2025-01-16,"2.85%",-75,2.85,0.0600038195940609
2026-05-05,2025-01-16,"3.10%",-50,3.1,0.118221726479686
2026-05-05,2025-01-16,"3.35%",-25,3.35,0.179062177233504
2026-05-05,2025-01-16,"3.60%",0,3.6,0.208510133608292
2026-05-05,2025-01-16,"3.85%",25,3.85,0.186671416860885
2026-05-05,2025-01-16,"4.10%",50,4.1,0.128483724185616
2026-05-05,2025-01-16,"4.35%",75,4.35,0.0679848683942823
2026-05-05,2025-01-16,"4.60%",100,4.6,0.0276520453830529
2026-05-05,2025-01-16,"4.85%",125,4.85,0
2026-05-05,2025-01-16,"5.10%",150,5.1,0
2026-05-05,2025-01-16,"5.35%",175,5.35,0
2026-05-05,2025-01-16,"5.60%",200,5.6,0
2026-05-05,2025-01-16,"5.85%",225,5.85,0
2026-05-05,2025-01-16,"6.10%",250,6.1,0
2026-05-05,2025-01-17,"0.10%",-300,0.1,0
2026-05-05,2025-01-17,"0.35%",-300,0.35,0
2026-05-05,2025-01-17,"0.60%",-300,0.6,0
2026-05-05,2025-01-17,"0.85%",-275,0.85,0
2026-05-05,2025-01-17,"1.10%",-250,1.1,0
2026-05-05,2025-01-17,"1.35%",-225,1.35,0
2026-05-05,2025-01-17,"1.60%",-200,1.6,0
2026-05-05,2025-01-17,"1.85%",-175,1.85,0
2026-05-05,2025-01-17,"2.10%",-150,2.1,0
2026-05-05,2025-01-17,"2.35%",-125,2.35,0
2026-05-05,2025-01-17,"2.60%",-100,2.6,0.0219585684474674
2026-05-05,2025-01-17,"2.85%",-75,2.85,0.0561543278748667
2026-05-05,2025-01-17,"3.10%",-50,3.1,0.111247615104731
2026-05-05,2025-01-17,"3.35%",-25,3.35,0.170753010462901
2026-05-05,2025-01-17,"3.60%",0,3.6,0.203068749305155
2026-05-05,2025-01-17,"3.85%",25,3.85,0.187122449963702
2026-05-05,2025-01-17,"4.10%",50,4.1,0.133601571551968
2026-05-05,2025-01-17,"4.35%",75,4.35,0.0739058560144001
2026-05-05,2025-01-17,"4.60%",100,4.6,0.0316731387299748
2026-05-05,2025-01-17,"4.85%",125,4.85,0.0105147125448339
2026-05-05,2025-01-17,"5.10%",150,5.1,0
2026-05-05,2025-01-17,"5.35%",175,5.35,0
2026-05-05,2025-01-17,"5.60%",200,5.6,0
2026-05-05,2025-01-17,"5.85%",225,5.85,0
2026-05-05,2025-01-17,"6.10%",250,6.1,0
2026-05-05,2025-01-20,"0.10%",-300,0.1,0
2026-05-05,2025-01-20,"0.35%",-300,0.35,0
2026-05-05,2025-01-20,"0.60%",-300,0.6,0
2026-05-05,2025-01-20,"0.85%",-275,0.85,0
2026-05-05,2025-01-20,"1.10%",-250,1.1,0
2026-05-05,2025-01-20,"1.35%",-225,1.35,0
2026-05-05,2025-01-20,"1.60%",-200,1.6,0
2026-05-05,2025-01-20,"1.85%",-175,1.85,0
2026-05-05,2025-01-20,"2.10%",-150,2.1,0
2026-05-05,2025-01-20,"2.35%",-125,2.35,0.0113708711950665
2026-05-05,2025-01-20,"2.60%",-100,2.6,0.0307531181327305
2026-05-05,2025-01-20,"2.85%",-75,2.85,0.0669342644608562
2026-05-05,2025-01-20,"3.10%",-50,3.1,0.117246684431734
2026-05-05,2025-01-20,"3.35%",-25,3.35,0.165297635446381
2026-05-05,2025-01-20,"3.60%",0,3.6,0.187568515867512
2026-05-05,2025-01-20,"3.85%",25,3.85,0.171311052797047
2026-05-05,2025-01-20,"4.10%",50,4.1,0.125932968976849
2026-05-05,2025-01-20,"4.35%",75,4.35,0.0745092577492403
2026-05-05,2025-01-20,"4.60%",100,4.6,0.0354795253997824
2026-05-05,2025-01-20,"4.85%",125,4.85,0.0135961055427998
2026-05-05,2025-01-20,"5.10%",150,5.1,0
2026-05-05,2025-01-20,"5.35%",175,5.35,0
2026-05-05,2025-01-20,"5.60%",200,5.6,0
2026-05-05,2025-01-20,"5.85%",225,5.85,0
2026-05-05,2025-01-20,"6.10%",250,6.1,0
2026-05-05,2025-01-21,"0.10%",-300,0.1,0
2026-05-05,2025-01-21,"0.35%",-300,0.35,0
2026-05-05,2025-01-21,"0.60%",-300,0.6,0
2026-05-05,2025-01-21,"0.85%",-275,0.85,0
2026-05-05,2025-01-21,"1.10%",-250,1.1,0
2026-05-05,2025-01-21,"1.35%",-225,1.35,0
2026-05-05,2025-01-21,"1.60%",-200,1.6,0
2026-05-05,2025-01-21,"1.85%",-175,1.85,0
2026-05-05,2025-01-21,"2.10%",-150,2.1,0
2026-05-05,2025-01-21,"2.35%",-125,2.35,0
2026-05-05,2025-01-21,"2.60%",-100,2.6,0.0236177785022281
2026-05-05,2025-01-21,"2.85%",-75,2.85,0.0635574722437722
2026-05-05,2025-01-21,"3.10%",-50,3.1,0.127991923436422
2026-05-05,2025-01-21,"3.35%",-25,3.35,0.192907926157451
2026-05-05,2025-01-21,"3.60%",0,3.6,0.217624177497933
2026-05-05,2025-01-21,"3.85%",25,3.85,0.183765968263356
2026-05-05,2025-01-21,"4.10%",50,4.1,0.116147016699443
2026-05-05,2025-01-21,"4.35%",75,4.35,0.0549406381269963
2026-05-05,2025-01-21,"4.60%",100,4.6,0.0194470990723983
2026-05-05,2025-01-21,"4.85%",125,4.85,0
2026-05-05,2025-01-21,"5.10%",150,5.1,0
2026-05-05,2025-01-21,"5.35%",175,5.35,0
2026-05-05,2025-01-21,"5.60%",200,5.6,0
2026-05-05,2025-01-21,"5.85%",225,5.85,0
2026-05-05,2025-01-21,"6.10%",250,6.1,0
2026-05-05,2025-01-22,"0.10%",-300,0.1,0
2026-05-05,2025-01-22,"0.35%",-300,0.35,0
2026-05-05,2025-01-22,"0.60%",-300,0.6,0
2026-05-05,2025-01-22,"0.85%",-275,0.85,0
2026-05-05,2025-01-22,"1.10%",-250,1.1,0
2026-05-05,2025-01-22,"1.35%",-225,1.35,0
2026-05-05,2025-01-22,"1.60%",-200,1.6,0
2026-05-05,2025-01-22,"1.85%",-175,1.85,0
2026-05-05,2025-01-22,"2.10%",-150,2.1,0
2026-05-05,2025-01-22,"2.35%",-125,2.35,0.0105410362043005
2026-05-05,2025-01-22,"2.60%",-100,2.6,0.0295695322776372
2026-05-05,2025-01-22,"2.85%",-75,2.85,0.0661661592973687
2026-05-05,2025-01-22,"3.10%",-50,3.1,0.118111254886752
2026-05-05,2025-01-22,"3.35%",-25,3.35,0.168203601791995
2026-05-05,2025-01-22,"3.60%",0,3.6,0.19110995830428
2026-05-05,2025-01-22,"3.85%",25,3.85,0.173237122993423
2026-05-05,2025-01-22,"4.10%",50,4.1,0.125286396271678
2026-05-05,2025-01-22,"4.35%",75,4.35,0.072286645568134
2026-05-05,2025-01-22,"4.60%",100,4.6,0.0332720729837669
2026-05-05,2025-01-22,"4.85%",125,4.85,0.012216219420665
2026-05-05,2025-01-22,"5.10%",150,5.1,0
2026-05-05,2025-01-22,"5.35%",175,5.35,0
2026-05-05,2025-01-22,"5.60%",200,5.6,0
2026-05-05,2025-01-22,"5.85%",225,5.85,0
2026-05-05,2025-01-22,"6.10%",250,6.1,0
2026-05-05,2025-01-23,"0.10%",-300,0.1,0
2026-05-05,2025-01-23,"0.35%",-300,0.35,0
2026-05-05,2025-01-23,"0.60%",-300,0.6,0
2026-05-05,2025-01-23,"0.85%",-275,0.85,0
2026-05-05,2025-01-23,"1.10%",-250,1.1,0
2026-05-05,2025-01-23,"1.35%",-225,1.35,0
2026-05-05,2025-01-23,"1.60%",-200,1.6,0
2026-05-05,2025-01-23,"1.85%",-175,1.85,0
2026-05-05,2025-01-23,"2.10%",-150,2.1,0
2026-05-05,2025-01-23,"2.35%",-125,2.35,0.0126264378292085
2026-05-05,2025-01-23,"2.60%",-100,2.6,0.0331191543032986
2026-05-05,2025-01-23,"2.85%",-75,2.85,0.0701932459168153
2026-05-05,2025-01-23,"3.10%",-50,3.1,0.120214119401721
2026-05-05,2025-01-23,"3.35%",-25,3.35,0.16637153057653
2026-05-05,2025-01-23,"3.60%",0,3.6,0.186070601870387
2026-05-05,2025-01-23,"3.85%",25,3.85,0.168172832330864
2026-05-05,2025-01-23,"4.10%",50,4.1,0.122831435426001
2026-05-05,2025-01-23,"4.35%",75,4.35,0.0724982252408135
2026-05-05,2025-01-23,"4.60%",100,4.6,0.034577249157443
2026-05-05,2025-01-23,"4.85%",125,4.85,0.0133251679469183
2026-05-05,2025-01-23,"5.10%",150,5.1,0
2026-05-05,2025-01-23,"5.35%",175,5.35,0
2026-05-05,2025-01-23,"5.60%",200,5.6,0
2026-05-05,2025-01-23,"5.85%",225,5.85,0
2026-05-05,2025-01-23,"6.10%",250,6.1,0
2026-05-05,2025-01-24,"0.10%",-300,0.1,0
2026-05-05,2025-01-24,"0.35%",-300,0.35,0
2026-05-05,2025-01-24,"0.60%",-300,0.6,0
2026-05-05,2025-01-24,"0.85%",-275,0.85,0
2026-05-05,2025-01-24,"1.10%",-250,1.1,0
2026-05-05,2025-01-24,"1.35%",-225,1.35,0
2026-05-05,2025-01-24,"1.60%",-200,1.6,0
2026-05-05,2025-01-24,"1.85%",-175,1.85,0
2026-05-05,2025-01-24,"2.10%",-150,2.1,0
2026-05-05,2025-01-24,"2.35%",-125,2.35,0.0155824794717596
2026-05-05,2025-01-24,"2.60%",-100,2.6,0.0380343265544957
2026-05-05,2025-01-24,"2.85%",-75,2.85,0.0759363659172115
2026-05-05,2025-01-24,"3.10%",-50,3.1,0.124016429020693
2026-05-05,2025-01-24,"3.35%",-25,3.35,0.165683300651891
2026-05-05,2025-01-24,"3.60%",0,3.6,0.181074456109656
2026-05-05,2025-01-24,"3.85%",25,3.85,0.161888985800611
2026-05-05,2025-01-24,"4.10%",50,4.1,0.118401073926023
2026-05-05,2025-01-24,"4.35%",75,4.35,0.0708374107969533
2026-05-05,2025-01-24,"4.60%",100,4.6,0.0346675360920262
2026-05-05,2025-01-24,"4.85%",125,4.85,0.0138776356586797
2026-05-05,2025-01-24,"5.10%",150,5.1,0
2026-05-05,2025-01-24,"5.35%",175,5.35,0
2026-05-05,2025-01-24,"5.60%",200,5.6,0
2026-05-05,2025-01-24,"5.85%",225,5.85,0
2026-05-05,2025-01-24,"6.10%",250,6.1,0
2026-05-05,2025-01-27,"0.10%",-300,0.1,0
2026-05-05,2025-01-27,"0.35%",-300,0.35,0
2026-05-05,2025-01-27,"0.60%",-300,0.6,0
2026-05-05,2025-01-27,"0.85%",-275,0.85,0
2026-05-05,2025-01-27,"1.10%",-250,1.1,0
2026-05-05,2025-01-27,"1.35%",-225,1.35,0
2026-05-05,2025-01-27,"1.60%",-200,1.6,0
2026-05-05,2025-01-27,"1.85%",-175,1.85,0
2026-05-05,2025-01-27,"2.10%",-150,2.1,0
2026-05-05,2025-01-27,"2.35%",-125,2.35,0.0189245795708418
2026-05-05,2025-01-27,"2.60%",-100,2.6,0.0425163106694928
2026-05-05,2025-01-27,"2.85%",-75,2.85,0.0795383575237824
2026-05-05,2025-01-27,"3.10%",-50,3.1,0.1239091623086
2026-05-05,2025-01-27,"3.35%",-25,3.35,0.160748183678951
2026-05-05,2025-01-27,"3.60%",0,3.6,0.173664307403435
2026-05-05,2025-01-27,"3.85%",25,3.85,0.156242324236921
2026-05-05,2025-01-27,"4.10%",50,4.1,0.117059859141531
2026-05-05,2025-01-27,"4.35%",75,4.35,0.0730351376837749
2026-05-05,2025-01-27,"4.60%",100,4.6,0.037945434992799
2026-05-05,2025-01-27,"4.85%",125,4.85,0.0164163427898707
2026-05-05,2025-01-27,"5.10%",150,5.1,0
2026-05-05,2025-01-27,"5.35%",175,5.35,0
2026-05-05,2025-01-27,"5.60%",200,5.6,0
2026-05-05,2025-01-27,"5.85%",225,5.85,0
2026-05-05,2025-01-27,"6.10%",250,6.1,0
2026-05-05,2025-01-28,"0.10%",-300,0.1,0
2026-05-05,2025-01-28,"0.35%",-300,0.35,0
2026-05-05,2025-01-28,"0.60%",-300,0.6,0
2026-05-05,2025-01-28,"0.85%",-275,0.85,0
2026-05-05,2025-01-28,"1.10%",-250,1.1,0
2026-05-05,2025-01-28,"1.35%",-225,1.35,0
2026-05-05,2025-01-28,"1.60%",-200,1.6,0
2026-05-05,2025-01-28,"1.85%",-175,1.85,0
2026-05-05,2025-01-28,"2.10%",-150,2.1,0
2026-05-05,2025-01-28,"2.35%",-125,2.35,0.0194782625616613
2026-05-05,2025-01-28,"2.60%",-100,2.6,0.04536371887774
2026-05-05,2025-01-28,"2.85%",-75,2.85,0.0864495968158321
2026-05-05,2025-01-28,"3.10%",-50,3.1,0.134813138903463
2026-05-05,2025-01-28,"3.35%",-25,3.35,0.172040124450589
2026-05-05,2025-01-28,"3.60%",0,3.6,0.179664785814893
2026-05-05,2025-01-28,"3.85%",25,3.85,0.153544120976836
2026-05-05,2025-01-28,"4.10%",50,4.1,0.107383027954282
2026-05-05,2025-01-28,"4.35%",75,4.35,0.0614553247776019
2026-05-05,2025-01-28,"4.60%",100,4.6,0.0287798278708647
2026-05-05,2025-01-28,"4.85%",125,4.85,0.0110280709962364
2026-05-05,2025-01-28,"5.10%",150,5.1,0
2026-05-05,2025-01-28,"5.35%",175,5.35,0
2026-05-05,2025-01-28,"5.60%",200,5.6,0
2026-05-05,2025-01-28,"5.85%",225,5.85,0
2026-05-05,2025-01-28,"6.10%",250,6.1,0
2026-05-05,2025-01-29,"0.10%",-300,0.1,0
2026-05-05,2025-01-29,"0.35%",-300,0.35,0
2026-05-05,2025-01-29,"0.60%",-300,0.6,0
2026-05-05,2025-01-29,"0.85%",-275,0.85,0
2026-05-05,2025-01-29,"1.10%",-250,1.1,0
2026-05-05,2025-01-29,"1.35%",-225,1.35,0
2026-05-05,2025-01-29,"1.60%",-200,1.6,0
2026-05-05,2025-01-29,"1.85%",-175,1.85,0
2026-05-05,2025-01-29,"2.10%",-150,2.1,0.0110926391743176
2026-05-05,2025-01-29,"2.35%",-125,2.35,0.0273934948737947
2026-05-05,2025-01-29,"2.60%",-100,2.6,0.056468075162587
2026-05-05,2025-01-29,"2.85%",-75,2.85,0.0971665793659216
2026-05-05,2025-01-29,"3.10%",-50,3.1,0.139572869115205
2026-05-05,2025-01-29,"3.35%",-25,3.35,0.167364451913385
2026-05-05,2025-01-29,"3.60%",0,3.6,0.167535782140416
2026-05-05,2025-01-29,"3.85%",25,3.85,0.14000195571967
2026-05-05,2025-01-29,"4.10%",50,4.1,0.0976649690662725
2026-05-05,2025-01-29,"4.35%",75,4.35,0.0568740040991533
2026-05-05,2025-01-29,"4.60%",100,4.6,0.0276469569602631
2026-05-05,2025-01-29,"4.85%",125,4.85,0.0112182224090133
2026-05-05,2025-01-29,"5.10%",150,5.1,0
2026-05-05,2025-01-29,"5.35%",175,5.35,0
2026-05-05,2025-01-29,"5.60%",200,5.6,0
2026-05-05,2025-01-29,"5.85%",225,5.85,0
2026-05-05,2025-01-29,"6.10%",250,6.1,0
2026-05-05,2025-01-30,"0.10%",-300,0.1,0
2026-05-05,2025-01-30,"0.35%",-300,0.35,0
2026-05-05,2025-01-30,"0.60%",-300,0.6,0
2026-05-05,2025-01-30,"0.85%",-275,0.85,0
2026-05-05,2025-01-30,"1.10%",-250,1.1,0
2026-05-05,2025-01-30,"1.35%",-225,1.35,0
2026-05-05,2025-01-30,"1.60%",-200,1.6,0
2026-05-05,2025-01-30,"1.85%",-175,1.85,0
2026-05-05,2025-01-30,"2.10%",-150,2.1,0
2026-05-05,2025-01-30,"2.35%",-125,2.35,0.0218554220691961
2026-05-05,2025-01-30,"2.60%",-100,2.6,0.0516116355205185
2026-05-05,2025-01-30,"2.85%",-75,2.85,0.0981131138970055
2026-05-05,2025-01-30,"3.10%",-50,3.1,0.150148706990158
2026-05-05,2025-01-30,"3.35%",-25,3.35,0.184989674371569
2026-05-05,2025-01-30,"3.60%",0,3.6,0.183490166404426
2026-05-05,2025-01-30,"3.85%",25,3.85,0.14652684579689
2026-05-05,2025-01-30,"4.10%",50,4.1,0.0942002427756514
2026-05-05,2025-01-30,"4.35%",75,4.35,0.0487528939660388
2026-05-05,2025-01-30,"4.60%",100,4.6,0.0203112982085469
2026-05-05,2025-01-30,"4.85%",125,4.85,0
2026-05-05,2025-01-30,"5.10%",150,5.1,0
2026-05-05,2025-01-30,"5.35%",175,5.35,0
2026-05-05,2025-01-30,"5.60%",200,5.6,0
2026-05-05,2025-01-30,"5.85%",225,5.85,0
2026-05-05,2025-01-30,"6.10%",250,6.1,0
2026-05-05,2025-01-31,"0.10%",-300,0.1,0
2026-05-05,2025-01-31,"0.35%",-300,0.35,0
2026-05-05,2025-01-31,"0.60%",-300,0.6,0
2026-05-05,2025-01-31,"0.85%",-275,0.85,0
2026-05-05,2025-01-31,"1.10%",-250,1.1,0
2026-05-05,2025-01-31,"1.35%",-225,1.35,0
2026-05-05,2025-01-31,"1.60%",-200,1.6,0
2026-05-05,2025-01-31,"1.85%",-175,1.85,0
2026-05-05,2025-01-31,"2.10%",-150,2.1,0.0141251777310414
2026-05-05,2025-01-31,"2.35%",-125,2.35,0.0317224990575779
2026-05-05,2025-01-31,"2.60%",-100,2.6,0.0605893469666509
2026-05-05,2025-01-31,"2.85%",-75,2.85,0.0984216260932713
2026-05-05,2025-01-31,"3.10%",-50,3.1,0.135974596539048
2026-05-05,2025-01-31,"3.35%",-25,3.35,0.159772897799706
2026-05-05,2025-01-31,"3.60%",0,3.6,0.159672124132346
2026-05-05,2025-01-31,"3.85%",25,3.85,0.135717465594429
2026-05-05,2025-01-31,"4.10%",50,4.1,0.0981116183576626
2026-05-05,2025-01-31,"4.35%",75,4.35,0.0603223242502518
2026-05-05,2025-01-31,"4.60%",100,4.6,0.0315428558468547
2026-05-05,2025-01-31,"4.85%",125,4.85,0.0140274676311595
2026-05-05,2025-01-31,"5.10%",150,5.1,0
2026-05-05,2025-01-31,"5.35%",175,5.35,0
2026-05-05,2025-01-31,"5.60%",200,5.6,0
2026-05-05,2025-01-31,"5.85%",225,5.85,0
2026-05-05,2025-01-31,"6.10%",250,6.1,0
2026-05-05,2025-02-03,"0.10%",-300,0.1,0
2026-05-05,2025-02-03,"0.35%",-300,0.35,0
2026-05-05,2025-02-03,"0.60%",-300,0.6,0
2026-05-05,2025-02-03,"0.85%",-275,0.85,0
2026-05-05,2025-02-03,"1.10%",-250,1.1,0
2026-05-05,2025-02-03,"1.35%",-225,1.35,0
2026-05-05,2025-02-03,"1.60%",-200,1.6,0
2026-05-05,2025-02-03,"1.85%",-175,1.85,0.016105892795034
2026-05-05,2025-02-03,"2.10%",-150,2.1,0.0299299157835311
2026-05-05,2025-02-03,"2.35%",-125,2.35,0.0499668557937686
2026-05-05,2025-02-03,"2.60%",-100,2.6,0.074940515600234
2026-05-05,2025-02-03,"2.85%",-75,2.85,0.100974401067401
2026-05-05,2025-02-03,"3.10%",-50,3.1,0.122227013664531
2026-05-05,2025-02-03,"3.35%",-25,3.35,0.1329184571784
2026-05-05,2025-02-03,"3.60%",0,3.6,0.129857172024676
2026-05-05,2025-02-03,"3.85%",25,3.85,0.113974853280386
2026-05-05,2025-02-03,"4.10%",50,4.1,0.089869846509049
2026-05-05,2025-02-03,"4.35%",75,4.35,0.0636619203822341
2026-05-05,2025-02-03,"4.60%",100,4.6,0.0405139593472682
2026-05-05,2025-02-03,"4.85%",125,4.85,0.0231625744612505
2026-05-05,2025-02-03,"5.10%",150,5.1,0.0118966221122367
2026-05-05,2025-02-03,"5.35%",175,5.35,0
2026-05-05,2025-02-03,"5.60%",200,5.6,0
2026-05-05,2025-02-03,"5.85%",225,5.85,0
2026-05-05,2025-02-03,"6.10%",250,6.1,0
2026-05-05,2025-02-04,"0.10%",-300,0.1,0
2026-05-05,2025-02-04,"0.35%",-300,0.35,0
2026-05-05,2025-02-04,"0.60%",-300,0.6,0
2026-05-05,2025-02-04,"0.85%",-275,0.85,0
2026-05-05,2025-02-04,"1.10%",-250,1.1,0
2026-05-05,2025-02-04,"1.35%",-225,1.35,0
2026-05-05,2025-02-04,"1.60%",-200,1.6,0
2026-05-05,2025-02-04,"1.85%",-175,1.85,0
2026-05-05,2025-02-04,"2.10%",-150,2.1,0.0139927129611739
2026-05-05,2025-02-04,"2.35%",-125,2.35,0.0322869651154917
2026-05-05,2025-02-04,"2.60%",-100,2.6,0.0627713556382621
2026-05-05,2025-02-04,"2.85%",-75,2.85,0.10282930550715
2026-05-05,2025-02-04,"3.10%",-50,3.1,0.141939266280649
2026-05-05,2025-02-04,"3.35%",-25,3.35,0.165091422329388
2026-05-05,2025-02-04,"3.60%",0,3.6,0.16180264362658
2026-05-05,2025-02-04,"3.85%",25,3.85,0.133624313609302
2026-05-05,2025-02-04,"4.10%",50,4.1,0.0929866337844619
2026-05-05,2025-02-04,"4.35%",75,4.35,0.054523527873658
2026-05-05,2025-02-04,"4.60%",100,4.6,0.0269380338440268
2026-05-05,2025-02-04,"4.85%",125,4.85,0.0112138194298561
2026-05-05,2025-02-04,"5.10%",150,5.1,0
2026-05-05,2025-02-04,"5.35%",175,5.35,0
2026-05-05,2025-02-04,"5.60%",200,5.6,0
2026-05-05,2025-02-04,"5.85%",225,5.85,0
2026-05-05,2025-02-04,"6.10%",250,6.1,0
2026-05-05,2025-02-05,"0.10%",-300,0.1,0
2026-05-05,2025-02-05,"0.35%",-300,0.35,0
2026-05-05,2025-02-05,"0.60%",-300,0.6,0
2026-05-05,2025-02-05,"0.85%",-275,0.85,0
2026-05-05,2025-02-05,"1.10%",-250,1.1,0
2026-05-05,2025-02-05,"1.35%",-225,1.35,0
2026-05-05,2025-02-05,"1.60%",-200,1.6,0
2026-05-05,2025-02-05,"1.85%",-175,1.85,0
2026-05-05,2025-02-05,"2.10%",-150,2.1,0.0138519569956253
2026-05-05,2025-02-05,"2.35%",-125,2.35,0.0327994435560123
2026-05-05,2025-02-05,"2.60%",-100,2.6,0.0648938528317801
2026-05-05,2025-02-05,"2.85%",-75,2.85,0.107284440249001
2026-05-05,2025-02-05,"3.10%",-50,3.1,0.148209749871129
2026-05-05,2025-02-05,"3.35%",-25,3.35,0.171092377763407
2026-05-05,2025-02-05,"3.60%",0,3.6,0.165044681196397
2026-05-05,2025-02-05,"3.85%",25,3.85,0.133041950045447
2026-05-05,2025-02-05,"4.10%",50,4.1,0.0896163348544831
2026-05-05,2025-02-05,"4.35%",75,4.35,0.0504415867935171
2026-05-05,2025-02-05,"4.60%",100,4.6,0.0237236258432019
2026-05-05,2025-02-05,"4.85%",125,4.85,0
2026-05-05,2025-02-05,"5.10%",150,5.1,0
2026-05-05,2025-02-05,"5.35%",175,5.35,0
2026-05-05,2025-02-05,"5.60%",200,5.6,0
2026-05-05,2025-02-05,"5.85%",225,5.85,0
2026-05-05,2025-02-05,"6.10%",250,6.1,0
2026-05-05,2025-02-06,"0.10%",-300,0.1,0
2026-05-05,2025-02-06,"0.35%",-300,0.35,0
2026-05-05,2025-02-06,"0.60%",-300,0.6,0
2026-05-05,2025-02-06,"0.85%",-275,0.85,0
2026-05-05,2025-02-06,"1.10%",-250,1.1,0
2026-05-05,2025-02-06,"1.35%",-225,1.35,0
2026-05-05,2025-02-06,"1.60%",-200,1.6,0
2026-05-05,2025-02-06,"1.85%",-175,1.85,0
2026-05-05,2025-02-06,"2.10%",-150,2.1,0.0129645632961794
2026-05-05,2025-02-06,"2.35%",-125,2.35,0.0319664161785348
2026-05-05,2025-02-06,"2.60%",-100,2.6,0.0651495819318673
2026-05-05,2025-02-06,"2.85%",-75,2.85,0.109756127314861
2026-05-05,2025-02-06,"3.10%",-50,3.1,0.15284762151409
2026-05-05,2025-02-06,"3.35%",-25,3.35,0.175958368760017
2026-05-05,2025-02-06,"3.60%",0,3.6,0.167450392061607
2026-05-05,2025-02-06,"3.85%",25,3.85,0.1317304322881
2026-05-05,2025-02-06,"4.10%",50,4.1,0.0856650242011389
2026-05-05,2025-02-06,"4.35%",75,4.35,0.0460497614152345
2026-05-05,2025-02-06,"4.60%",100,4.6,0.0204617110383708
2026-05-05,2025-02-06,"4.85%",125,4.85,0
2026-05-05,2025-02-06,"5.10%",150,5.1,0
2026-05-05,2025-02-06,"5.35%",175,5.35,0
2026-05-05,2025-02-06,"5.60%",200,5.6,0
2026-05-05,2025-02-06,"5.85%",225,5.85,0
2026-05-05,2025-02-06,"6.10%",250,6.1,0
2026-05-05,2025-02-07,"0.10%",-300,0.1,0
2026-05-05,2025-02-07,"0.35%",-300,0.35,0
2026-05-05,2025-02-07,"0.60%",-300,0.6,0
2026-05-05,2025-02-07,"0.85%",-275,0.85,0
2026-05-05,2025-02-07,"1.10%",-250,1.1,0
2026-05-05,2025-02-07,"1.35%",-225,1.35,0
2026-05-05,2025-02-07,"1.60%",-200,1.6,0
2026-05-05,2025-02-07,"1.85%",-175,1.85,0
2026-05-05,2025-02-07,"2.10%",-150,2.1,0.0106201235378378
2026-05-05,2025-02-07,"2.35%",-125,2.35,0.0274148993924464
2026-05-05,2025-02-07,"2.60%",-100,2.6,0.0583115535260585
2026-05-05,2025-02-07,"2.85%",-75,2.85,0.102200542574054
2026-05-05,2025-02-07,"3.10%",-50,3.1,0.147603761327619
2026-05-05,2025-02-07,"3.35%",-25,3.35,0.175669858359726
2026-05-05,2025-02-07,"3.60%",0,3.6,0.17228895725809
2026-05-05,2025-02-07,"3.85%",25,3.85,0.139244312723601
2026-05-05,2025-02-07,"4.10%",50,4.1,0.0927366714345735
2026-05-05,2025-02-07,"4.35%",75,4.35,0.0508942312836288
2026-05-05,2025-02-07,"4.60%",100,4.6,0.0230150885823655
2026-05-05,2025-02-07,"4.85%",125,4.85,0
2026-05-05,2025-02-07,"5.10%",150,5.1,0
2026-05-05,2025-02-07,"5.35%",175,5.35,0
2026-05-05,2025-02-07,"5.60%",200,5.6,0
2026-05-05,2025-02-07,"5.85%",225,5.85,0
2026-05-05,2025-02-07,"6.10%",250,6.1,0
2026-05-05,2025-02-10,"0.10%",-300,0.1,0
2026-05-05,2025-02-10,"0.35%",-300,0.35,0
2026-05-05,2025-02-10,"0.60%",-300,0.6,0
2026-05-05,2025-02-10,"0.85%",-275,0.85,0
2026-05-05,2025-02-10,"1.10%",-250,1.1,0
2026-05-05,2025-02-10,"1.35%",-225,1.35,0
2026-05-05,2025-02-10,"1.60%",-200,1.6,0
2026-05-05,2025-02-10,"1.85%",-175,1.85,0
2026-05-05,2025-02-10,"2.10%",-150,2.1,0
2026-05-05,2025-02-10,"2.35%",-125,2.35,0.024074267349655
2026-05-05,2025-02-10,"2.60%",-100,2.6,0.0523355051205204
2026-05-05,2025-02-10,"2.85%",-75,2.85,0.0940474504272355
2026-05-05,2025-02-10,"3.10%",-50,3.1,0.13970751355581
2026-05-05,2025-02-10,"3.35%",-25,3.35,0.171563469280452
2026-05-05,2025-02-10,"3.60%",0,3.6,0.174167666571058
2026-05-05,2025-02-10,"3.85%",25,3.85,0.146166651194288
2026-05-05,2025-02-10,"4.10%",50,4.1,0.101405743082326
2026-05-05,2025-02-10,"4.35%",75,4.35,0.058156848867335
2026-05-05,2025-02-10,"4.60%",100,4.6,0.0275707831660284
2026-05-05,2025-02-10,"4.85%",125,4.85,0.0108041013852929
2026-05-05,2025-02-10,"5.10%",150,5.1,0
2026-05-05,2025-02-10,"5.35%",175,5.35,0
2026-05-05,2025-02-10,"5.60%",200,5.6,0
2026-05-05,2025-02-10,"5.85%",225,5.85,0
2026-05-05,2025-02-10,"6.10%",250,6.1,0
2026-05-05,2025-02-11,"0.10%",-300,0.1,0
2026-05-05,2025-02-11,"0.35%",-300,0.35,0
2026-05-05,2025-02-11,"0.60%",-300,0.6,0
2026-05-05,2025-02-11,"0.85%",-275,0.85,0
2026-05-05,2025-02-11,"1.10%",-250,1.1,0
2026-05-05,2025-02-11,"1.35%",-225,1.35,0
2026-05-05,2025-02-11,"1.60%",-200,1.6,0
2026-05-05,2025-02-11,"1.85%",-175,1.85,0
2026-05-05,2025-02-11,"2.10%",-150,2.1,0
2026-05-05,2025-02-11,"2.35%",-125,2.35,0.0250009045017186
2026-05-05,2025-02-11,"2.60%",-100,2.6,0.0533299118136507
2026-05-05,2025-02-11,"2.85%",-75,2.85,0.0944739127197077
2026-05-05,2025-02-11,"3.10%",-50,3.1,0.138992799758133
2026-05-05,2025-02-11,"3.35%",-25,3.35,0.169832692442051
2026-05-05,2025-02-11,"3.60%",0,3.6,0.172346992339882
2026-05-05,2025-02-11,"3.85%",25,3.85,0.14525794670248
2026-05-05,2025-02-11,"4.10%",50,4.1,0.101677707186804
2026-05-05,2025-02-11,"4.35%",75,4.35,0.0591088758161735
2026-05-05,2025-02-11,"4.60%",100,4.6,0.0285369762788585
2026-05-05,2025-02-11,"4.85%",125,4.85,0.0114412804405403
2026-05-05,2025-02-11,"5.10%",150,5.1,0
2026-05-05,2025-02-11,"5.35%",175,5.35,0
2026-05-05,2025-02-11,"5.60%",200,5.6,0
2026-05-05,2025-02-11,"5.85%",225,5.85,0
2026-05-05,2025-02-11,"6.10%",250,6.1,0
2026-05-05,2025-02-12,"0.10%",-300,0.1,0
2026-05-05,2025-02-12,"0.35%",-300,0.35,0
2026-05-05,2025-02-12,"0.60%",-300,0.6,0
2026-05-05,2025-02-12,"0.85%",-275,0.85,0
2026-05-05,2025-02-12,"1.10%",-250,1.1,0
2026-05-05,2025-02-12,"1.35%",-225,1.35,0
2026-05-05,2025-02-12,"1.60%",-200,1.6,0
2026-05-05,2025-02-12,"1.85%",-175,1.85,0
2026-05-05,2025-02-12,"2.10%",-150,2.1,0
2026-05-05,2025-02-12,"2.35%",-125,2.35,0.0168548579890726
2026-05-05,2025-02-12,"2.60%",-100,2.6,0.0408959970355353
2026-05-05,2025-02-12,"2.85%",-75,2.85,0.0808252771423945
2026-05-05,2025-02-12,"3.10%",-50,3.1,0.130120510593505
2026-05-05,2025-02-12,"3.35%",-25,3.35,0.170644288055216
2026-05-05,2025-02-12,"3.60%",0,3.6,0.182303079812386
2026-05-05,2025-02-12,"3.85%",25,3.85,0.158655330654707
2026-05-05,2025-02-12,"4.10%",50,4.1,0.112478420403879
2026-05-05,2025-02-12,"4.35%",75,4.35,0.0649570788996953
2026-05-05,2025-02-12,"4.60%",100,4.6,0.0305568781924175
2026-05-05,2025-02-12,"4.85%",125,4.85,0.0117082812211919
2026-05-05,2025-02-12,"5.10%",150,5.1,0
2026-05-05,2025-02-12,"5.35%",175,5.35,0
2026-05-05,2025-02-12,"5.60%",200,5.6,0
2026-05-05,2025-02-12,"5.85%",225,5.85,0
2026-05-05,2025-02-12,"6.10%",250,6.1,0
2026-05-05,2025-02-13,"0.10%",-300,0.1,0
2026-05-05,2025-02-13,"0.35%",-300,0.35,0
2026-05-05,2025-02-13,"0.60%",-300,0.6,0
2026-05-05,2025-02-13,"0.85%",-275,0.85,0
2026-05-05,2025-02-13,"1.10%",-250,1.1,0
2026-05-05,2025-02-13,"1.35%",-225,1.35,0
2026-05-05,2025-02-13,"1.60%",-200,1.6,0
2026-05-05,2025-02-13,"1.85%",-175,1.85,0
2026-05-05,2025-02-13,"2.10%",-150,2.1,0
2026-05-05,2025-02-13,"2.35%",-125,2.35,0.0141102752271804
2026-05-05,2025-02-13,"2.60%",-100,2.6,0.0366802311619286
2026-05-05,2025-02-13,"2.85%",-75,2.85,0.0766155409297646
2026-05-05,2025-02-13,"3.10%",-50,3.1,0.128593182069094
2026-05-05,2025-02-13,"3.35%",-25,3.35,0.173442460791438
2026-05-05,2025-02-13,"3.60%",0,3.6,0.187992764284611
2026-05-05,2025-02-13,"3.85%",25,3.85,0.163748853002595
2026-05-05,2025-02-13,"4.10%",50,4.1,0.114620247769665
2026-05-05,2025-02-13,"4.35%",75,4.35,0.064472769164334
2026-05-05,2025-02-13,"4.60%",100,4.6,0.0291407640855246
2026-05-05,2025-02-13,"4.85%",125,4.85,0.0105829115138641
2026-05-05,2025-02-13,"5.10%",150,5.1,0
2026-05-05,2025-02-13,"5.35%",175,5.35,0
2026-05-05,2025-02-13,"5.60%",200,5.6,0
2026-05-05,2025-02-13,"5.85%",225,5.85,0
2026-05-05,2025-02-13,"6.10%",250,6.1,0
2026-05-05,2025-02-14,"0.10%",-300,0.1,0
2026-05-05,2025-02-14,"0.35%",-300,0.35,0
2026-05-05,2025-02-14,"0.60%",-300,0.6,0
2026-05-05,2025-02-14,"0.85%",-275,0.85,0
2026-05-05,2025-02-14,"1.10%",-250,1.1,0
2026-05-05,2025-02-14,"1.35%",-225,1.35,0
2026-05-05,2025-02-14,"1.60%",-200,1.6,0
2026-05-05,2025-02-14,"1.85%",-175,1.85,0
2026-05-05,2025-02-14,"2.10%",-150,2.1,0
2026-05-05,2025-02-14,"2.35%",-125,2.35,0.0128966285010674
2026-05-05,2025-02-14,"2.60%",-100,2.6,0.0352324876109616
2026-05-05,2025-02-14,"2.85%",-75,2.85,0.0763823214355857
2026-05-05,2025-02-14,"3.10%",-50,3.1,0.131419411970153
2026-05-05,2025-02-14,"3.35%",-25,3.35,0.179460238108712
2026-05-05,2025-02-14,"3.60%",0,3.6,0.194506249541868
2026-05-05,2025-02-14,"3.85%",25,3.85,0.167324396455834
2026-05-05,2025-02-14,"4.10%",50,4.1,0.114245286388297
2026-05-05,2025-02-14,"4.35%",75,4.35,0.061908871085314
2026-05-05,2025-02-14,"4.60%",100,4.6,0.0266241089022072
2026-05-05,2025-02-14,"4.85%",125,4.85,0
2026-05-05,2025-02-14,"5.10%",150,5.1,0
2026-05-05,2025-02-14,"5.35%",175,5.35,0
2026-05-05,2025-02-14,"5.60%",200,5.6,0
2026-05-05,2025-02-14,"5.85%",225,5.85,0
2026-05-05,2025-02-14,"6.10%",250,6.1,0
2026-05-05,2025-02-17,"0.10%",-300,0.1,0
2026-05-05,2025-02-17,"0.35%",-300,0.35,0
2026-05-05,2025-02-17,"0.60%",-300,0.6,0
2026-05-05,2025-02-17,"0.85%",-275,0.85,0
2026-05-05,2025-02-17,"1.10%",-250,1.1,0
2026-05-05,2025-02-17,"1.35%",-225,1.35,0
2026-05-05,2025-02-17,"1.60%",-200,1.6,0
2026-05-05,2025-02-17,"1.85%",-175,1.85,0
2026-05-05,2025-02-17,"2.10%",-150,2.1,0
2026-05-05,2025-02-17,"2.35%",-125,2.35,0
2026-05-05,2025-02-17,"2.60%",-100,2.6,0.0263428353716492
2026-05-05,2025-02-17,"2.85%",-75,2.85,0.065610942161463
2026-05-05,2025-02-17,"3.10%",-50,3.1,0.125569269124925
2026-05-05,2025-02-17,"3.35%",-25,3.35,0.184683359906323
2026-05-05,2025-02-17,"3.60%",0,3.6,0.208754667175406
2026-05-05,2025-02-17,"3.85%",25,3.85,0.181349860308534
2026-05-05,2025-02-17,"4.10%",50,4.1,0.121076821617663
2026-05-05,2025-02-17,"4.35%",75,4.35,0.0621211670471368
2026-05-05,2025-02-17,"4.60%",100,4.6,0.0244910772869009
2026-05-05,2025-02-17,"4.85%",125,4.85,0
2026-05-05,2025-02-17,"5.10%",150,5.1,0
2026-05-05,2025-02-17,"5.35%",175,5.35,0
2026-05-05,2025-02-17,"5.60%",200,5.6,0
2026-05-05,2025-02-17,"5.85%",225,5.85,0
2026-05-05,2025-02-17,"6.10%",250,6.1,0
2026-05-05,2025-02-19,"0.10%",-300,0.1,0
2026-05-05,2025-02-19,"0.35%",-300,0.35,0
2026-05-05,2025-02-19,"0.60%",-300,0.6,0
2026-05-05,2025-02-19,"0.85%",-275,0.85,0
2026-05-05,2025-02-19,"1.10%",-250,1.1,0
2026-05-05,2025-02-19,"1.35%",-225,1.35,0
2026-05-05,2025-02-19,"1.60%",-200,1.6,0
2026-05-05,2025-02-19,"1.85%",-175,1.85,0
2026-05-05,2025-02-19,"2.10%",-150,2.1,0
2026-05-05,2025-02-19,"2.35%",-125,2.35,0
2026-05-05,2025-02-19,"2.60%",-100,2.6,0.0237722018505608
2026-05-05,2025-02-19,"2.85%",-75,2.85,0.0579171446083887
2026-05-05,2025-02-19,"3.10%",-50,3.1,0.110912099400015
2026-05-05,2025-02-19,"3.35%",-25,3.35,0.166962218925783
2026-05-05,2025-02-19,"3.60%",0,3.6,0.197581593685055
2026-05-05,2025-02-19,"3.85%",25,3.85,0.18381151069253
2026-05-05,2025-02-19,"4.10%",50,4.1,0.134429016669369
2026-05-05,2025-02-19,"4.35%",75,4.35,0.0772842329329426
2026-05-05,2025-02-19,"4.60%",100,4.6,0.034925093444004
2026-05-05,2025-02-19,"4.85%",125,4.85,0.012404887791352
2026-05-05,2025-02-19,"5.10%",150,5.1,0
2026-05-05,2025-02-19,"5.35%",175,5.35,0
2026-05-05,2025-02-19,"5.60%",200,5.6,0
2026-05-05,2025-02-19,"5.85%",225,5.85,0
2026-05-05,2025-02-19,"6.10%",250,6.1,0
2026-05-05,2025-02-20,"0.10%",-300,0.1,0
2026-05-05,2025-02-20,"0.35%",-300,0.35,0
2026-05-05,2025-02-20,"0.60%",-300,0.6,0
2026-05-05,2025-02-20,"0.85%",-275,0.85,0
2026-05-05,2025-02-20,"1.10%",-250,1.1,0
2026-05-05,2025-02-20,"1.35%",-225,1.35,0
2026-05-05,2025-02-20,"1.60%",-200,1.6,0
2026-05-05,2025-02-20,"1.85%",-175,1.85,0
2026-05-05,2025-02-20,"2.10%",-150,2.1,0
2026-05-05,2025-02-20,"2.35%",-125,2.35,0
2026-05-05,2025-02-20,"2.60%",-100,2.6,0.0213621969840392
2026-05-05,2025-02-20,"2.85%",-75,2.85,0.0536963093179488
2026-05-05,2025-02-20,"3.10%",-50,3.1,0.10577443978791
2026-05-05,2025-02-20,"3.35%",-25,3.35,0.163301784744575
2026-05-05,2025-02-20,"3.60%",0,3.6,0.197605342375007
2026-05-05,2025-02-20,"3.85%",25,3.85,0.18741938126972
2026-05-05,2025-02-20,"4.10%",50,4.1,0.139327055475683
2026-05-05,2025-02-20,"4.35%",75,4.35,0.0811792951928563
2026-05-05,2025-02-20,"4.60%",100,4.6,0.037069333540984
2026-05-05,2025-02-20,"4.85%",125,4.85,0.013264861311277
2026-05-05,2025-02-20,"5.10%",150,5.1,0
2026-05-05,2025-02-20,"5.35%",175,5.35,0
2026-05-05,2025-02-20,"5.60%",200,5.6,0
2026-05-05,2025-02-20,"5.85%",225,5.85,0
2026-05-05,2025-02-20,"6.10%",250,6.1,0
2026-05-05,2025-02-21,"0.10%",-300,0.1,0
2026-05-05,2025-02-21,"0.35%",-300,0.35,0
2026-05-05,2025-02-21,"0.60%",-300,0.6,0
2026-05-05,2025-02-21,"0.85%",-275,0.85,0
2026-05-05,2025-02-21,"1.10%",-250,1.1,0
2026-05-05,2025-02-21,"1.35%",-225,1.35,0
2026-05-05,2025-02-21,"1.60%",-200,1.6,0
2026-05-05,2025-02-21,"1.85%",-175,1.85,0
2026-05-05,2025-02-21,"2.10%",-150,2.1,0
2026-05-05,2025-02-21,"2.35%",-125,2.35,0
2026-05-05,2025-02-21,"2.60%",-100,2.6,0.0237129425585902
2026-05-05,2025-02-21,"2.85%",-75,2.85,0.0577888323260597
2026-05-05,2025-02-21,"3.10%",-50,3.1,0.110713939041518
2026-05-05,2025-02-21,"3.35%",-25,3.35,0.166760813033526
2026-05-05,2025-02-21,"3.60%",0,3.6,0.197487906996781
2026-05-05,2025-02-21,"3.85%",25,3.85,0.183886896723513
2026-05-05,2025-02-21,"4.10%",50,4.1,0.134623550739654
2026-05-05,2025-02-21,"4.35%",75,4.35,0.0774880673256319
2026-05-05,2025-02-21,"4.60%",100,4.6,0.0350641646595586
2026-05-05,2025-02-21,"4.85%",125,4.85,0.0124728865951669
2026-05-05,2025-02-21,"5.10%",150,5.1,0
2026-05-05,2025-02-21,"5.35%",175,5.35,0
2026-05-05,2025-02-21,"5.60%",200,5.6,0
2026-05-05,2025-02-21,"5.85%",225,5.85,0
2026-05-05,2025-02-21,"6.10%",250,6.1,0
2026-05-05,2025-02-24,"0.10%",-300,0.1,0
2026-05-05,2025-02-24,"0.35%",-300,0.35,0
2026-05-05,2025-02-24,"0.60%",-300,0.6,0
2026-05-05,2025-02-24,"0.85%",-275,0.85,0
2026-05-05,2025-02-24,"1.10%",-250,1.1,0
2026-05-05,2025-02-24,"1.35%",-225,1.35,0
2026-05-05,2025-02-24,"1.60%",-200,1.6,0
2026-05-05,2025-02-24,"1.85%",-175,1.85,0
2026-05-05,2025-02-24,"2.10%",-150,2.1,0
2026-05-05,2025-02-24,"2.35%",-125,2.35,0.0111091639221635
2026-05-05,2025-02-24,"2.60%",-100,2.6,0.0317908646162506
2026-05-05,2025-02-24,"2.85%",-75,2.85,0.0717087241908113
2026-05-05,2025-02-24,"3.10%",-50,3.1,0.127505802975725
2026-05-05,2025-02-24,"3.35%",-25,3.35,0.178733097975255
2026-05-05,2025-02-24,"3.60%",0,3.6,0.197521457067902
2026-05-05,2025-02-24,"3.85%",25,3.85,0.172092908023388
2026-05-05,2025-02-24,"4.10%",50,4.1,0.118207217172895
2026-05-05,2025-02-24,"4.35%",75,4.35,0.0640085911065261
2026-05-05,2025-02-24,"4.60%",100,4.6,0.0273221729490838
2026-05-05,2025-02-24,"4.85%",125,4.85,0
2026-05-05,2025-02-24,"5.10%",150,5.1,0
2026-05-05,2025-02-24,"5.35%",175,5.35,0
2026-05-05,2025-02-24,"5.60%",200,5.6,0
2026-05-05,2025-02-24,"5.85%",225,5.85,0
2026-05-05,2025-02-24,"6.10%",250,6.1,0
2026-05-05,2025-02-25,"0.10%",-300,0.1,0
2026-05-05,2025-02-25,"0.35%",-300,0.35,0
2026-05-05,2025-02-25,"0.60%",-300,0.6,0
2026-05-05,2025-02-25,"0.85%",-275,0.85,0
2026-05-05,2025-02-25,"1.10%",-250,1.1,0
2026-05-05,2025-02-25,"1.35%",-225,1.35,0
2026-05-05,2025-02-25,"1.60%",-200,1.6,0
2026-05-05,2025-02-25,"1.85%",-175,1.85,0
2026-05-05,2025-02-25,"2.10%",-150,2.1,0
2026-05-05,2025-02-25,"2.35%",-125,2.35,0.0150657200218665
2026-05-05,2025-02-25,"2.60%",-100,2.6,0.0395189851966627
2026-05-05,2025-02-25,"2.85%",-75,2.85,0.0825514630520907
2026-05-05,2025-02-25,"3.10%",-50,3.1,0.137334148909068
2026-05-05,2025-02-25,"3.35%",-25,3.35,0.181965675565941
2026-05-05,2025-02-25,"3.60%",0,3.6,0.192030466856457
2026-05-05,2025-02-25,"3.85%",25,3.85,0.161407217027747
2026-05-05,2025-02-25,"4.10%",50,4.1,0.108053819563668
2026-05-05,2025-02-25,"4.35%",75,4.35,0.0576107943294344
2026-05-05,2025-02-25,"4.60%",100,4.6,0.024461709477064
2026-05-05,2025-02-25,"4.85%",125,4.85,0
2026-05-05,2025-02-25,"5.10%",150,5.1,0
2026-05-05,2025-02-25,"5.35%",175,5.35,0
2026-05-05,2025-02-25,"5.60%",200,5.6,0
2026-05-05,2025-02-25,"5.85%",225,5.85,0
2026-05-05,2025-02-25,"6.10%",250,6.1,0
2026-05-05,2025-02-26,"0.10%",-300,0.1,0
2026-05-05,2025-02-26,"0.35%",-300,0.35,0
2026-05-05,2025-02-26,"0.60%",-300,0.6,0
2026-05-05,2025-02-26,"0.85%",-275,0.85,0
2026-05-05,2025-02-26,"1.10%",-250,1.1,0
2026-05-05,2025-02-26,"1.35%",-225,1.35,0
2026-05-05,2025-02-26,"1.60%",-200,1.6,0
2026-05-05,2025-02-26,"1.85%",-175,1.85,0
2026-05-05,2025-02-26,"2.10%",-150,2.1,0
2026-05-05,2025-02-26,"2.35%",-125,2.35,0.0128898488062705
2026-05-05,2025-02-26,"2.60%",-100,2.6,0.0373480663742494
2026-05-05,2025-02-26,"2.85%",-75,2.85,0.083662695660419
2026-05-05,2025-02-26,"3.10%",-50,3.1,0.144906847166388
2026-05-05,2025-02-26,"3.35%",-25,3.35,0.194077071485974
2026-05-05,2025-02-26,"3.60%",0,3.6,0.201004944416002
2026-05-05,2025-02-26,"3.85%",25,3.85,0.160986227997003
2026-05-05,2025-02-26,"4.10%",50,4.1,0.0997024350151944
2026-05-05,2025-02-26,"4.35%",75,4.35,0.0477449232634009
2026-05-05,2025-02-26,"4.60%",100,4.6,0.0176769398150975
2026-05-05,2025-02-26,"4.85%",125,4.85,0
2026-05-05,2025-02-26,"5.10%",150,5.1,0
2026-05-05,2025-02-26,"5.35%",175,5.35,0
2026-05-05,2025-02-26,"5.60%",200,5.6,0
2026-05-05,2025-02-26,"5.85%",225,5.85,0
2026-05-05,2025-02-26,"6.10%",250,6.1,0
2026-05-05,2025-02-27,"0.10%",-300,0.1,0
2026-05-05,2025-02-27,"0.35%",-300,0.35,0
2026-05-05,2025-02-27,"0.60%",-300,0.6,0
2026-05-05,2025-02-27,"0.85%",-275,0.85,0
2026-05-05,2025-02-27,"1.10%",-250,1.1,0
2026-05-05,2025-02-27,"1.35%",-225,1.35,0
2026-05-05,2025-02-27,"1.60%",-200,1.6,0
2026-05-05,2025-02-27,"1.85%",-175,1.85,0
2026-05-05,2025-02-27,"2.10%",-150,2.1,0
2026-05-05,2025-02-27,"2.35%",-125,2.35,0.016375659772214
2026-05-05,2025-02-27,"2.60%",-100,2.6,0.0424429060996808
2026-05-05,2025-02-27,"2.85%",-75,2.85,0.0873737417417124
2026-05-05,2025-02-27,"3.10%",-50,3.1,0.142875733905317
2026-05-05,2025-02-27,"3.35%",-25,3.35,0.185592390055769
2026-05-05,2025-02-27,"3.60%",0,3.6,0.191512932760913
2026-05-05,2025-02-27,"3.85%",25,3.85,0.156990640724102
2026-05-05,2025-02-27,"4.10%",50,4.1,0.102229894456552
2026-05-05,2025-02-27,"4.35%",75,4.35,0.0528799333461353
2026-05-05,2025-02-27,"4.60%",100,4.6,0.0217261671376044
2026-05-05,2025-02-27,"4.85%",125,4.85,0
2026-05-05,2025-02-27,"5.10%",150,5.1,0
2026-05-05,2025-02-27,"5.35%",175,5.35,0
2026-05-05,2025-02-27,"5.60%",200,5.6,0
2026-05-05,2025-02-27,"5.85%",225,5.85,0
2026-05-05,2025-02-27,"6.10%",250,6.1,0
2026-05-05,2025-02-28,"0.10%",-300,0.1,0
2026-05-05,2025-02-28,"0.35%",-300,0.35,0
2026-05-05,2025-02-28,"0.60%",-300,0.6,0
2026-05-05,2025-02-28,"0.85%",-275,0.85,0
2026-05-05,2025-02-28,"1.10%",-250,1.1,0
2026-05-05,2025-02-28,"1.35%",-225,1.35,0
2026-05-05,2025-02-28,"1.60%",-200,1.6,0
2026-05-05,2025-02-28,"1.85%",-175,1.85,0
2026-05-05,2025-02-28,"2.10%",-150,2.1,0
2026-05-05,2025-02-28,"2.35%",-125,2.35,0.017892837983895
2026-05-05,2025-02-28,"2.60%",-100,2.6,0.047557281616599
2026-05-05,2025-02-28,"2.85%",-75,2.85,0.0983470213237174
2026-05-05,2025-02-28,"3.10%",-50,3.1,0.15825369745233
2026-05-05,2025-02-28,"3.35%",-25,3.35,0.198163293269691
2026-05-05,2025-02-28,"3.60%",0,3.6,0.193100226257719
2026-05-05,2025-02-28,"3.85%",25,3.85,0.14643032154577
2026-05-05,2025-02-28,"4.10%",50,4.1,0.0864074712254072
2026-05-05,2025-02-28,"4.35%",75,4.35,0.0396745907801386
2026-05-05,2025-02-28,"4.60%",100,4.6,0.0141732585447332
2026-05-05,2025-02-28,"4.85%",125,4.85,0
2026-05-05,2025-02-28,"5.10%",150,5.1,0
2026-05-05,2025-02-28,"5.35%",175,5.35,0
2026-05-05,2025-02-28,"5.60%",200,5.6,0
2026-05-05,2025-02-28,"5.85%",225,5.85,0
2026-05-05,2025-02-28,"6.10%",250,6.1,0
2026-05-05,2025-03-03,"0.10%",-300,0.1,0
2026-05-05,2025-03-03,"0.35%",-300,0.35,0
2026-05-05,2025-03-03,"0.60%",-300,0.6,0
2026-05-05,2025-03-03,"0.85%",-275,0.85,0
2026-05-05,2025-03-03,"1.10%",-250,1.1,0
2026-05-05,2025-03-03,"1.35%",-225,1.35,0
2026-05-05,2025-03-03,"1.60%",-200,1.6,0
2026-05-05,2025-03-03,"1.85%",-175,1.85,0
2026-05-05,2025-03-03,"2.10%",-150,2.1,0
2026-05-05,2025-03-03,"2.35%",-125,2.35,0.0220057195698079
2026-05-05,2025-03-03,"2.60%",-100,2.6,0.0518684593610061
2026-05-05,2025-03-03,"2.85%",-75,2.85,0.0984311887927212
2026-05-05,2025-03-03,"3.10%",-50,3.1,0.150399949297556
2026-05-05,2025-03-03,"3.35%",-25,3.35,0.185039474836652
2026-05-05,2025-03-03,"3.60%",0,3.6,0.183311964390523
2026-05-05,2025-03-03,"3.85%",25,3.85,0.146226673254478
2026-05-05,2025-03-03,"4.10%",50,4.1,0.0939210730028873
2026-05-05,2025-03-03,"4.35%",75,4.35,0.0485716991061956
2026-05-05,2025-03-03,"4.60%",100,4.6,0.0202237983881734
2026-05-05,2025-03-03,"4.85%",125,4.85,0
2026-05-05,2025-03-03,"5.10%",150,5.1,0
2026-05-05,2025-03-03,"5.35%",175,5.35,0
2026-05-05,2025-03-03,"5.60%",200,5.6,0
2026-05-05,2025-03-03,"5.85%",225,5.85,0
2026-05-05,2025-03-03,"6.10%",250,6.1,0
2026-05-05,2025-03-04,"0.10%",-300,0.1,0
2026-05-05,2025-03-04,"0.35%",-300,0.35,0
2026-05-05,2025-03-04,"0.60%",-300,0.6,0
2026-05-05,2025-03-04,"0.85%",-275,0.85,0
2026-05-05,2025-03-04,"1.10%",-250,1.1,0
2026-05-05,2025-03-04,"1.35%",-225,1.35,0
2026-05-05,2025-03-04,"1.60%",-200,1.6,0
2026-05-05,2025-03-04,"1.85%",-175,1.85,0
2026-05-05,2025-03-04,"2.10%",-150,2.1,0
2026-05-05,2025-03-04,"2.35%",-125,2.35,0.0261051909353131
2026-05-05,2025-03-04,"2.60%",-100,2.6,0.0598599213865086
2026-05-05,2025-03-04,"2.85%",-75,2.85,0.109913905620993
2026-05-05,2025-03-04,"3.10%",-50,3.1,0.161622182165389
2026-05-05,2025-03-04,"3.35%",-25,3.35,0.190325512584291
2026-05-05,2025-03-04,"3.60%",0,3.6,0.179493021895297
2026-05-05,2025-03-04,"3.85%",25,3.85,0.135565820309839
2026-05-05,2025-03-04,"4.10%",50,4.1,0.0819961172074569
2026-05-05,2025-03-04,"4.35%",75,4.35,0.0397151556354509
2026-05-05,2025-03-04,"4.60%",100,4.6,0.015403172259462
2026-05-05,2025-03-04,"4.85%",125,4.85,0
2026-05-05,2025-03-04,"5.10%",150,5.1,0
2026-05-05,2025-03-04,"5.35%",175,5.35,0
2026-05-05,2025-03-04,"5.60%",200,5.6,0
2026-05-05,2025-03-04,"5.85%",225,5.85,0
2026-05-05,2025-03-04,"6.10%",250,6.1,0
2026-05-05,2025-03-05,"0.10%",-300,0.1,0
2026-05-05,2025-03-05,"0.35%",-300,0.35,0
2026-05-05,2025-03-05,"0.60%",-300,0.6,0
2026-05-05,2025-03-05,"0.85%",-275,0.85,0
2026-05-05,2025-03-05,"1.10%",-250,1.1,0
2026-05-05,2025-03-05,"1.35%",-225,1.35,0
2026-05-05,2025-03-05,"1.60%",-200,1.6,0
2026-05-05,2025-03-05,"1.85%",-175,1.85,0
2026-05-05,2025-03-05,"2.10%",-150,2.1,0
2026-05-05,2025-03-05,"2.35%",-125,2.35,0.017413076508179
2026-05-05,2025-03-05,"2.60%",-100,2.6,0.047786087105036
2026-05-05,2025-03-05,"2.85%",-75,2.85,0.100783987849782
2026-05-05,2025-03-05,"3.10%",-50,3.1,0.163378759452239
2026-05-05,2025-03-05,"3.35%",-25,3.35,0.203585472370817
2026-05-05,2025-03-05,"3.60%",0,3.6,0.19501159471388
2026-05-05,2025-03-05,"3.85%",25,3.85,0.143593087897506
2026-05-05,2025-03-05,"4.10%",50,4.1,0.081272729564625
2026-05-05,2025-03-05,"4.35%",75,4.35,0.0353553872959385
2026-05-05,2025-03-05,"4.60%",100,4.6,0.0118198172419974
2026-05-05,2025-03-05,"4.85%",125,4.85,0
2026-05-05,2025-03-05,"5.10%",150,5.1,0
2026-05-05,2025-03-05,"5.35%",175,5.35,0
2026-05-05,2025-03-05,"5.60%",200,5.6,0
2026-05-05,2025-03-05,"5.85%",225,5.85,0
2026-05-05,2025-03-05,"6.10%",250,6.1,0
2026-05-05,2025-03-06,"0.10%",-300,0.1,0
2026-05-05,2025-03-06,"0.35%",-300,0.35,0
2026-05-05,2025-03-06,"0.60%",-300,0.6,0
2026-05-05,2025-03-06,"0.85%",-275,0.85,0
2026-05-05,2025-03-06,"1.10%",-250,1.1,0
2026-05-05,2025-03-06,"1.35%",-225,1.35,0
2026-05-05,2025-03-06,"1.60%",-200,1.6,0
2026-05-05,2025-03-06,"1.85%",-175,1.85,0
2026-05-05,2025-03-06,"2.10%",-150,2.1,0
2026-05-05,2025-03-06,"2.35%",-125,2.35,0.0111143361494242
2026-05-05,2025-03-06,"2.60%",-100,2.6,0.0348337340193887
2026-05-05,2025-03-06,"2.85%",-75,2.85,0.0826254563367643
2026-05-05,2025-03-06,"3.10%",-50,3.1,0.148351724890807
2026-05-05,2025-03-06,"3.35%",-25,3.35,0.201643165900548
2026-05-05,2025-03-06,"3.60%",0,3.6,0.20749703589492
2026-05-05,2025-03-06,"3.85%",25,3.85,0.161651651873604
2026-05-05,2025-03-06,"4.10%",50,4.1,0.0953383470417042
2026-05-05,2025-03-06,"4.35%",75,4.35,0.0425629211508332
2026-05-05,2025-03-06,"4.60%",100,4.6,0.0143816267420067
2026-05-05,2025-03-06,"4.85%",125,4.85,0
2026-05-05,2025-03-06,"5.10%",150,5.1,0
2026-05-05,2025-03-06,"5.35%",175,5.35,0
2026-05-05,2025-03-06,"5.60%",200,5.6,0
2026-05-05,2025-03-06,"5.85%",225,5.85,0
2026-05-05,2025-03-06,"6.10%",250,6.1,0
2026-05-05,2025-03-07,"0.10%",-300,0.1,0
2026-05-05,2025-03-07,"0.35%",-300,0.35,0
2026-05-05,2025-03-07,"0.60%",-300,0.6,0
2026-05-05,2025-03-07,"0.85%",-275,0.85,0
2026-05-05,2025-03-07,"1.10%",-250,1.1,0
2026-05-05,2025-03-07,"1.35%",-225,1.35,0
2026-05-05,2025-03-07,"1.60%",-200,1.6,0
2026-05-05,2025-03-07,"1.85%",-175,1.85,0
2026-05-05,2025-03-07,"2.10%",-150,2.1,0
2026-05-05,2025-03-07,"2.35%",-125,2.35,0.0197265715905593
2026-05-05,2025-03-07,"2.60%",-100,2.6,0.0516591915255505
2026-05-05,2025-03-07,"2.85%",-75,2.85,0.104876196298202
2026-05-05,2025-03-07,"3.10%",-50,3.1,0.165075458017618
2026-05-05,2025-03-07,"3.35%",-25,3.35,0.201461712681684
2026-05-05,2025-03-07,"3.60%",0,3.6,0.190642400237719
2026-05-05,2025-03-07,"3.85%",25,3.85,0.139881394432307
2026-05-05,2025-03-07,"4.10%",50,4.1,0.0795782696792214
2026-05-05,2025-03-07,"4.35%",75,4.35,0.0350984879377501
2026-05-05,2025-03-07,"4.60%",100,4.6,0.0120003175993884
2026-05-05,2025-03-07,"4.85%",125,4.85,0
2026-05-05,2025-03-07,"5.10%",150,5.1,0
2026-05-05,2025-03-07,"5.35%",175,5.35,0
2026-05-05,2025-03-07,"5.60%",200,5.6,0
2026-05-05,2025-03-07,"5.85%",225,5.85,0
2026-05-05,2025-03-07,"6.10%",250,6.1,0
2026-05-05,2025-03-10,"0.10%",-300,0.1,0
2026-05-05,2025-03-10,"0.35%",-300,0.35,0
2026-05-05,2025-03-10,"0.60%",-300,0.6,0
2026-05-05,2025-03-10,"0.85%",-275,0.85,0
2026-05-05,2025-03-10,"1.10%",-250,1.1,0
2026-05-05,2025-03-10,"1.35%",-225,1.35,0
2026-05-05,2025-03-10,"1.60%",-200,1.6,0
2026-05-05,2025-03-10,"1.85%",-175,1.85,0
2026-05-05,2025-03-10,"2.10%",-150,2.1,0
2026-05-05,2025-03-10,"2.35%",-125,2.35,0.0241079894626219
2026-05-05,2025-03-10,"2.60%",-100,2.6,0.0553866617482662
2026-05-05,2025-03-10,"2.85%",-75,2.85,0.10268671206518
2026-05-05,2025-03-10,"3.10%",-50,3.1,0.15364222187677
2026-05-05,2025-03-10,"3.35%",-25,3.35,0.185527832677654
2026-05-05,2025-03-10,"3.60%",0,3.6,0.18080763477839
2026-05-05,2025-03-10,"3.85%",25,3.85,0.142210838025651
2026-05-05,2025-03-10,"4.10%",50,4.1,0.0902709295869424
2026-05-05,2025-03-10,"4.35%",75,4.35,0.046242966713943
2026-05-05,2025-03-10,"4.60%",100,4.6,0.0191162130645823
2026-05-05,2025-03-10,"4.85%",125,4.85,0
2026-05-05,2025-03-10,"5.10%",150,5.1,0
2026-05-05,2025-03-10,"5.35%",175,5.35,0
2026-05-05,2025-03-10,"5.60%",200,5.6,0
2026-05-05,2025-03-10,"5.85%",225,5.85,0
2026-05-05,2025-03-10,"6.10%",250,6.1,0
2026-05-05,2025-03-11,"0.10%",-300,0.1,0
2026-05-05,2025-03-11,"0.35%",-300,0.35,0
2026-05-05,2025-03-11,"0.60%",-300,0.6,0
2026-05-05,2025-03-11,"0.85%",-275,0.85,0
2026-05-05,2025-03-11,"1.10%",-250,1.1,0
2026-05-05,2025-03-11,"1.35%",-225,1.35,0
2026-05-05,2025-03-11,"1.60%",-200,1.6,0
2026-05-05,2025-03-11,"1.85%",-175,1.85,0
2026-05-05,2025-03-11,"2.10%",-150,2.1,0
2026-05-05,2025-03-11,"2.35%",-125,2.35,0.0268944831183158
2026-05-05,2025-03-11,"2.60%",-100,2.6,0.0647713366210173
2026-05-05,2025-03-11,"2.85%",-75,2.85,0.121653241506635
2026-05-05,2025-03-11,"3.10%",-50,3.1,0.178205680717326
2026-05-05,2025-03-11,"3.35%",-25,3.35,0.203609765732518
2026-05-05,2025-03-11,"3.60%",0,3.6,0.181452387038459
2026-05-05,2025-03-11,"3.85%",25,3.85,0.126126697937958
2026-05-05,2025-03-11,"4.10%",50,4.1,0.0683770690094792
2026-05-05,2025-03-11,"4.35%",75,4.35,0.0289093383182925
2026-05-05,2025-03-11,"4.60%",100,4.6,0
2026-05-05,2025-03-11,"4.85%",125,4.85,0
2026-05-05,2025-03-11,"5.10%",150,5.1,0
2026-05-05,2025-03-11,"5.35%",175,5.35,0
2026-05-05,2025-03-11,"5.60%",200,5.6,0
2026-05-05,2025-03-11,"5.85%",225,5.85,0
2026-05-05,2025-03-11,"6.10%",250,6.1,0
2026-05-05,2025-03-12,"0.10%",-300,0.1,0
2026-05-05,2025-03-12,"0.35%",-300,0.35,0
2026-05-05,2025-03-12,"0.60%",-300,0.6,0
2026-05-05,2025-03-12,"0.85%",-275,0.85,0
2026-05-05,2025-03-12,"1.10%",-250,1.1,0
2026-05-05,2025-03-12,"1.35%",-225,1.35,0
2026-05-05,2025-03-12,"1.60%",-200,1.6,0
2026-05-05,2025-03-12,"1.85%",-175,1.85,0
2026-05-05,2025-03-12,"2.10%",-150,2.1,0.0115813065451017
2026-05-05,2025-03-12,"2.35%",-125,2.35,0.0309705505761821
2026-05-05,2025-03-12,"2.60%",-100,2.6,0.0668591600617368
2026-05-05,2025-03-12,"2.85%",-75,2.85,0.116525463233965
2026-05-05,2025-03-12,"3.10%",-50,3.1,0.163964134330623
2026-05-05,2025-03-12,"3.35%",-25,3.35,0.186276289091879
2026-05-05,2025-03-12,"3.60%",0,3.6,0.17086445767759
2026-05-05,2025-03-12,"3.85%",25,3.85,0.12654008223449
2026-05-05,2025-03-12,"4.10%",50,4.1,0.0756616171584319
2026-05-05,2025-03-12,"4.35%",75,4.35,0.0365237629273003
2026-05-05,2025-03-12,"4.60%",100,4.6,0.0142331761627009
2026-05-05,2025-03-12,"4.85%",125,4.85,0
2026-05-05,2025-03-12,"5.10%",150,5.1,0
2026-05-05,2025-03-12,"5.35%",175,5.35,0
2026-05-05,2025-03-12,"5.60%",200,5.6,0
2026-05-05,2025-03-12,"5.85%",225,5.85,0
2026-05-05,2025-03-12,"6.10%",250,6.1,0
2026-05-05,2025-03-13,"0.10%",-300,0.1,0
2026-05-05,2025-03-13,"0.35%",-300,0.35,0
2026-05-05,2025-03-13,"0.60%",-300,0.6,0
2026-05-05,2025-03-13,"0.85%",-275,0.85,0
2026-05-05,2025-03-13,"1.10%",-250,1.1,0
2026-05-05,2025-03-13,"1.35%",-225,1.35,0
2026-05-05,2025-03-13,"1.60%",-200,1.6,0
2026-05-05,2025-03-13,"1.85%",-175,1.85,0
2026-05-05,2025-03-13,"2.10%",-150,2.1,0.0116010408377215
2026-05-05,2025-03-13,"2.35%",-125,2.35,0.03009782136312
2026-05-05,2025-03-13,"2.60%",-100,2.6,0.0637976008227788
2026-05-05,2025-03-13,"2.85%",-75,2.85,0.110491084874061
2026-05-05,2025-03-13,"3.10%",-50,3.1,0.156358132391672
2026-05-05,2025-03-13,"3.35%",-25,3.35,0.180798489037214
2026-05-05,2025-03-13,"3.60%",0,3.6,0.170826299593967
2026-05-05,2025-03-13,"3.85%",25,3.85,0.131885944163532
2026-05-05,2025-03-13,"4.10%",50,4.1,0.0831989983284968
2026-05-05,2025-03-13,"4.35%",75,4.35,0.0428844004735319
2026-05-05,2025-03-13,"4.60%",100,4.6,0.0180601881139054
2026-05-05,2025-03-13,"4.85%",125,4.85,0
2026-05-05,2025-03-13,"5.10%",150,5.1,0
2026-05-05,2025-03-13,"5.35%",175,5.35,0
2026-05-05,2025-03-13,"5.60%",200,5.6,0
2026-05-05,2025-03-13,"5.85%",225,5.85,0
2026-05-05,2025-03-13,"6.10%",250,6.1,0
2026-05-05,2025-03-14,"0.10%",-300,0.1,0
2026-05-05,2025-03-14,"0.35%",-300,0.35,0
2026-05-05,2025-03-14,"0.60%",-300,0.6,0
2026-05-05,2025-03-14,"0.85%",-275,0.85,0
2026-05-05,2025-03-14,"1.10%",-250,1.1,0
2026-05-05,2025-03-14,"1.35%",-225,1.35,0
2026-05-05,2025-03-14,"1.60%",-200,1.6,0
2026-05-05,2025-03-14,"1.85%",-175,1.85,0
2026-05-05,2025-03-14,"2.10%",-150,2.1,0.015792843132031
2026-05-05,2025-03-14,"2.35%",-125,2.35,0.0367818975002099
2026-05-05,2025-03-14,"2.60%",-100,2.6,0.0713350298199118
2026-05-05,2025-03-14,"2.85%",-75,2.85,0.115207635481855
2026-05-05,2025-03-14,"3.10%",-50,3.1,0.154945961913326
2026-05-05,2025-03-14,"3.35%",-25,3.35,0.173542820314502
2026-05-05,2025-03-14,"3.60%",0,3.6,0.161868763175454
2026-05-05,2025-03-14,"3.85%",25,3.85,0.125732584843701
2026-05-05,2025-03-14,"4.10%",50,4.1,0.0813308337426279
2026-05-05,2025-03-14,"4.35%",75,4.35,0.0438102030443798
2026-05-05,2025-03-14,"4.60%",100,4.6,0.0196514270320015
2026-05-05,2025-03-14,"4.85%",125,4.85,0
2026-05-05,2025-03-14,"5.10%",150,5.1,0
2026-05-05,2025-03-14,"5.35%",175,5.35,0
2026-05-05,2025-03-14,"5.60%",200,5.6,0
2026-05-05,2025-03-14,"5.85%",225,5.85,0
2026-05-05,2025-03-14,"6.10%",250,6.1,0
2026-05-05,2025-03-17,"0.10%",-300,0.1,0
2026-05-05,2025-03-17,"0.35%",-300,0.35,0
2026-05-05,2025-03-17,"0.60%",-300,0.6,0
2026-05-05,2025-03-17,"0.85%",-275,0.85,0
2026-05-05,2025-03-17,"1.10%",-250,1.1,0
2026-05-05,2025-03-17,"1.35%",-225,1.35,0
2026-05-05,2025-03-17,"1.60%",-200,1.6,0
2026-05-05,2025-03-17,"1.85%",-175,1.85,0
2026-05-05,2025-03-17,"2.10%",-150,2.1,0
2026-05-05,2025-03-17,"2.35%",-125,2.35,0.0280529901339848
2026-05-05,2025-03-17,"2.60%",-100,2.6,0.0629349656125486
2026-05-05,2025-03-17,"2.85%",-75,2.85,0.113326621886517
2026-05-05,2025-03-17,"3.10%",-50,3.1,0.163803088493253
2026-05-05,2025-03-17,"3.35%",-25,3.35,0.190054055403877
2026-05-05,2025-03-17,"3.60%",0,3.6,0.177012159335649
2026-05-05,2025-03-17,"3.85%",25,3.85,0.13234181704769
2026-05-05,2025-03-17,"4.10%",50,4.1,0.0794232138680421
2026-05-05,2025-03-17,"4.35%",75,4.35,0.0382590342699978
2026-05-05,2025-03-17,"4.60%",100,4.6,0.0147920539484399
2026-05-05,2025-03-17,"4.85%",125,4.85,0
2026-05-05,2025-03-17,"5.10%",150,5.1,0
2026-05-05,2025-03-17,"5.35%",175,5.35,0
2026-05-05,2025-03-17,"5.60%",200,5.6,0
2026-05-05,2025-03-17,"5.85%",225,5.85,0
2026-05-05,2025-03-17,"6.10%",250,6.1,0
2026-05-05,2025-03-18,"0.10%",-300,0.1,0
2026-05-05,2025-03-18,"0.35%",-300,0.35,0
2026-05-05,2025-03-18,"0.60%",-300,0.6,0
2026-05-05,2025-03-18,"0.85%",-275,0.85,0
2026-05-05,2025-03-18,"1.10%",-250,1.1,0
2026-05-05,2025-03-18,"1.35%",-225,1.35,0
2026-05-05,2025-03-18,"1.60%",-200,1.6,0
2026-05-05,2025-03-18,"1.85%",-175,1.85,0
2026-05-05,2025-03-18,"2.10%",-150,2.1,0.0102601730754463
2026-05-05,2025-03-18,"2.35%",-125,2.35,0.0280015060113062
2026-05-05,2025-03-18,"2.60%",-100,2.6,0.0617710517615213
2026-05-05,2025-03-18,"2.85%",-75,2.85,0.110152155001233
2026-05-05,2025-03-18,"3.10%",-50,3.1,0.15879103197099
2026-05-05,2025-03-18,"3.35%",-25,3.35,0.185053429326584
2026-05-05,2025-03-18,"3.60%",0,3.6,0.174346037299285
2026-05-05,2025-03-18,"3.85%",25,3.85,0.132790994297379
2026-05-05,2025-03-18,"4.10%",50,4.1,0.0817630102888687
2026-05-05,2025-03-18,"4.35%",75,4.35,0.0406967230748498
2026-05-05,2025-03-18,"4.60%",100,4.6,0.0163738878925373
2026-05-05,2025-03-18,"4.85%",125,4.85,0
2026-05-05,2025-03-18,"5.10%",150,5.1,0
2026-05-05,2025-03-18,"5.35%",175,5.35,0
2026-05-05,2025-03-18,"5.60%",200,5.6,0
2026-05-05,2025-03-18,"5.85%",225,5.85,0
2026-05-05,2025-03-18,"6.10%",250,6.1,0
2026-05-05,2025-03-19,"0.10%",-300,0.1,0
2026-05-05,2025-03-19,"0.35%",-300,0.35,0
2026-05-05,2025-03-19,"0.60%",-300,0.6,0
2026-05-05,2025-03-19,"0.85%",-275,0.85,0
2026-05-05,2025-03-19,"1.10%",-250,1.1,0
2026-05-05,2025-03-19,"1.35%",-225,1.35,0
2026-05-05,2025-03-19,"1.60%",-200,1.6,0
2026-05-05,2025-03-19,"1.85%",-175,1.85,0
2026-05-05,2025-03-19,"2.10%",-150,2.1,0.0103130522290704
2026-05-05,2025-03-19,"2.35%",-125,2.35,0.0278394820468044
2026-05-05,2025-03-19,"2.60%",-100,2.6,0.0609854184705683
2026-05-05,2025-03-19,"2.85%",-75,2.85,0.1084195381468
2026-05-05,2025-03-19,"3.10%",-50,3.1,0.156431829530769
2026-05-05,2025-03-19,"3.35%",-25,3.35,0.18318556282758
2026-05-05,2025-03-19,"3.60%",0,3.6,0.17410504208783
2026-05-05,2025-03-19,"3.85%",25,3.85,0.134302372768
2026-05-05,2025-03-19,"4.10%",50,4.1,0.0840812852988797
2026-05-05,2025-03-19,"4.35%",75,4.35,0.0427211007206752
2026-05-05,2025-03-19,"4.60%",100,4.6,0.0176153158730216
2026-05-05,2025-03-19,"4.85%",125,4.85,0
2026-05-05,2025-03-19,"5.10%",150,5.1,0
2026-05-05,2025-03-19,"5.35%",175,5.35,0
2026-05-05,2025-03-19,"5.60%",200,5.6,0
2026-05-05,2025-03-19,"5.85%",225,5.85,0
2026-05-05,2025-03-19,"6.10%",250,6.1,0
2026-05-05,2025-03-20,"0.10%",-300,0.1,0
2026-05-05,2025-03-20,"0.35%",-300,0.35,0
2026-05-05,2025-03-20,"0.60%",-300,0.6,0
2026-05-05,2025-03-20,"0.85%",-275,0.85,0
2026-05-05,2025-03-20,"1.10%",-250,1.1,0
2026-05-05,2025-03-20,"1.35%",-225,1.35,0
2026-05-05,2025-03-20,"1.60%",-200,1.6,0
2026-05-05,2025-03-20,"1.85%",-175,1.85,0
2026-05-05,2025-03-20,"2.10%",-150,2.1,0
2026-05-05,2025-03-20,"2.35%",-125,2.35,0.0264155200596042
2026-05-05,2025-03-20,"2.60%",-100,2.6,0.0643025526975295
2026-05-05,2025-03-20,"2.85%",-75,2.85,0.121679844174841
2026-05-05,2025-03-20,"3.10%",-50,3.1,0.179006240492369
2026-05-05,2025-03-20,"3.35%",-25,3.35,0.204738775810956
2026-05-05,2025-03-20,"3.60%",0,3.6,0.182063393623385
2026-05-05,2025-03-20,"3.85%",25,3.85,0.125871845564073
2026-05-05,2025-03-20,"4.10%",50,4.1,0.067654344806213
2026-05-05,2025-03-20,"4.35%",75,4.35,0.0282674827710284
2026-05-05,2025-03-20,"4.60%",100,4.6,0
2026-05-05,2025-03-20,"4.85%",125,4.85,0
2026-05-05,2025-03-20,"5.10%",150,5.1,0
2026-05-05,2025-03-20,"5.35%",175,5.35,0
2026-05-05,2025-03-20,"5.60%",200,5.6,0
2026-05-05,2025-03-20,"5.85%",225,5.85,0
2026-05-05,2025-03-20,"6.10%",250,6.1,0
2026-05-05,2025-03-21,"0.10%",-300,0.1,0
2026-05-05,2025-03-21,"0.35%",-300,0.35,0
2026-05-05,2025-03-21,"0.60%",-300,0.6,0
2026-05-05,2025-03-21,"0.85%",-275,0.85,0
2026-05-05,2025-03-21,"1.10%",-250,1.1,0
2026-05-05,2025-03-21,"1.35%",-225,1.35,0
2026-05-05,2025-03-21,"1.60%",-200,1.6,0
2026-05-05,2025-03-21,"1.85%",-175,1.85,0
2026-05-05,2025-03-21,"2.10%",-150,2.1,0.0124960651594274
2026-05-05,2025-03-21,"2.35%",-125,2.35,0.0326960412171986
2026-05-05,2025-03-21,"2.60%",-100,2.6,0.0692533228519024
2026-05-05,2025-03-21,"2.85%",-75,2.85,0.118750452856209
2026-05-05,2025-03-21,"3.10%",-50,3.1,0.164853432200271
2026-05-05,2025-03-21,"3.35%",-25,3.35,0.185285062630344
2026-05-05,2025-03-21,"3.60%",0,3.6,0.168603542834964
2026-05-05,2025-03-21,"3.85%",25,3.85,0.12421483948901
2026-05-05,2025-03-21,"4.10%",50,4.1,0.0740883490993738
2026-05-05,2025-03-21,"4.35%",75,4.35,0.0357748570142061
2026-05-05,2025-03-21,"4.60%",100,4.6,0.0139840346470942
2026-05-05,2025-03-21,"4.85%",125,4.85,0
2026-05-05,2025-03-21,"5.10%",150,5.1,0
2026-05-05,2025-03-21,"5.35%",175,5.35,0
2026-05-05,2025-03-21,"5.60%",200,5.6,0
2026-05-05,2025-03-21,"5.85%",225,5.85,0
2026-05-05,2025-03-21,"6.10%",250,6.1,0
2026-05-05,2025-03-24,"0.10%",-300,0.1,0
2026-05-05,2025-03-24,"0.35%",-300,0.35,0
2026-05-05,2025-03-24,"0.60%",-300,0.6,0
2026-05-05,2025-03-24,"0.85%",-275,0.85,0
2026-05-05,2025-03-24,"1.10%",-250,1.1,0
2026-05-05,2025-03-24,"1.35%",-225,1.35,0
2026-05-05,2025-03-24,"1.60%",-200,1.6,0
2026-05-05,2025-03-24,"1.85%",-175,1.85,0
2026-05-05,2025-03-24,"2.10%",-150,2.1,0.0169277505686383
2026-05-05,2025-03-24,"2.35%",-125,2.35,0.0396813530184176
2026-05-05,2025-03-24,"2.60%",-100,2.6,0.0768297077199053
2026-05-05,2025-03-24,"2.85%",-75,2.85,0.122869537050018
2026-05-05,2025-03-24,"3.10%",-50,3.1,0.162309438136715
2026-05-05,2025-03-24,"3.35%",-25,3.35,0.177106762197675
2026-05-05,2025-03-24,"3.60%",0,3.6,0.159632248860111
2026-05-05,2025-03-24,"3.85%",25,3.85,0.118849538268129
2026-05-05,2025-03-24,"4.10%",50,4.1,0.0730900078507019
2026-05-05,2025-03-24,"4.35%",75,4.35,0.0371269750320119
2026-05-05,2025-03-24,"4.60%",100,4.6,0.0155766812976767
2026-05-05,2025-03-24,"4.85%",125,4.85,0
2026-05-05,2025-03-24,"5.10%",150,5.1,0
2026-05-05,2025-03-24,"5.35%",175,5.35,0
2026-05-05,2025-03-24,"5.60%",200,5.6,0
2026-05-05,2025-03-24,"5.85%",225,5.85,0
2026-05-05,2025-03-24,"6.10%",250,6.1,0
2026-05-05,2025-03-25,"0.10%",-300,0.1,0
2026-05-05,2025-03-25,"0.35%",-300,0.35,0
2026-05-05,2025-03-25,"0.60%",-300,0.6,0
2026-05-05,2025-03-25,"0.85%",-275,0.85,0
2026-05-05,2025-03-25,"1.10%",-250,1.1,0
2026-05-05,2025-03-25,"1.35%",-225,1.35,0
2026-05-05,2025-03-25,"1.60%",-200,1.6,0
2026-05-05,2025-03-25,"1.85%",-175,1.85,0
2026-05-05,2025-03-25,"2.10%",-150,2.1,0.0124301476482616
2026-05-05,2025-03-25,"2.35%",-125,2.35,0.0329483327418313
2026-05-05,2025-03-25,"2.60%",-100,2.6,0.0703546246167214
2026-05-05,2025-03-25,"2.85%",-75,2.85,0.121026837836747
2026-05-05,2025-03-25,"3.10%",-50,3.1,0.167733909485841
2026-05-05,2025-03-25,"3.35%",-25,3.35,0.187293459231364
2026-05-05,2025-03-25,"3.60%",0,3.6,0.168496598263701
2026-05-05,2025-03-25,"3.85%",25,3.85,0.122130010855458
2026-05-05,2025-03-25,"4.10%",50,4.1,0.0713188192156917
2026-05-05,2025-03-25,"4.35%",75,4.35,0.033551831110247
2026-05-05,2025-03-25,"4.60%",100,4.6,0.0127154289941362
2026-05-05,2025-03-25,"4.85%",125,4.85,0
2026-05-05,2025-03-25,"5.10%",150,5.1,0
2026-05-05,2025-03-25,"5.35%",175,5.35,0
2026-05-05,2025-03-25,"5.60%",200,5.6,0
2026-05-05,2025-03-25,"5.85%",225,5.85,0
2026-05-05,2025-03-25,"6.10%",250,6.1,0
2026-05-05,2025-03-26,"0.10%",-300,0.1,0
2026-05-05,2025-03-26,"0.35%",-300,0.35,0
2026-05-05,2025-03-26,"0.60%",-300,0.6,0
2026-05-05,2025-03-26,"0.85%",-275,0.85,0
2026-05-05,2025-03-26,"1.10%",-250,1.1,0
2026-05-05,2025-03-26,"1.35%",-225,1.35,0
2026-05-05,2025-03-26,"1.60%",-200,1.6,0
2026-05-05,2025-03-26,"1.85%",-175,1.85,0
2026-05-05,2025-03-26,"2.10%",-150,2.1,0
2026-05-05,2025-03-26,"2.35%",-125,2.35,0.0268501903227079
2026-05-05,2025-03-26,"2.60%",-100,2.6,0.0613851513167806
2026-05-05,2025-03-26,"2.85%",-75,2.85,0.112183368416627
2026-05-05,2025-03-26,"3.10%",-50,3.1,0.163895795332712
2026-05-05,2025-03-26,"3.35%",-25,3.35,0.191424421829139
2026-05-05,2025-03-26,"3.60%",0,3.6,0.178740797295389
2026-05-05,2025-03-26,"3.85%",25,3.85,0.133427062621551
2026-05-05,2025-03-26,"4.10%",50,4.1,0.0796243031708789
2026-05-05,2025-03-26,"4.35%",75,4.35,0.0379845748632455
2026-05-05,2025-03-26,"4.60%",100,4.6,0.0144843348309685
2026-05-05,2025-03-26,"4.85%",125,4.85,0
2026-05-05,2025-03-26,"5.10%",150,5.1,0
2026-05-05,2025-03-26,"5.35%",175,5.35,0
2026-05-05,2025-03-26,"5.60%",200,5.6,0
2026-05-05,2025-03-26,"5.85%",225,5.85,0
2026-05-05,2025-03-26,"6.10%",250,6.1,0
2026-05-05,2025-03-27,"0.10%",-300,0.1,0
2026-05-05,2025-03-27,"0.35%",-300,0.35,0
2026-05-05,2025-03-27,"0.60%",-300,0.6,0
2026-05-05,2025-03-27,"0.85%",-275,0.85,0
2026-05-05,2025-03-27,"1.10%",-250,1.1,0
2026-05-05,2025-03-27,"1.35%",-225,1.35,0
2026-05-05,2025-03-27,"1.60%",-200,1.6,0
2026-05-05,2025-03-27,"1.85%",-175,1.85,0
2026-05-05,2025-03-27,"2.10%",-150,2.1,0
2026-05-05,2025-03-27,"2.35%",-125,2.35,0.0233643963226299
2026-05-05,2025-03-27,"2.60%",-100,2.6,0.0569165013925027
2026-05-05,2025-03-27,"2.85%",-75,2.85,0.109204503163731
2026-05-05,2025-03-27,"3.10%",-50,3.1,0.165041931926318
2026-05-05,2025-03-27,"3.35%",-25,3.35,0.196481015034164
2026-05-05,2025-03-27,"3.60%",0,3.6,0.184258893762438
2026-05-05,2025-03-27,"3.85%",25,3.85,0.136117688386784
2026-05-05,2025-03-27,"4.10%",50,4.1,0.079206953093523
2026-05-05,2025-03-27,"4.35%",75,4.35,0.0363033949427971
2026-05-05,2025-03-27,"4.60%",100,4.6,0.0131047219751124
2026-05-05,2025-03-27,"4.85%",125,4.85,0
2026-05-05,2025-03-27,"5.10%",150,5.1,0
2026-05-05,2025-03-27,"5.35%",175,5.35,0
2026-05-05,2025-03-27,"5.60%",200,5.6,0
2026-05-05,2025-03-27,"5.85%",225,5.85,0
2026-05-05,2025-03-27,"6.10%",250,6.1,0
2026-05-05,2025-03-28,"0.10%",-300,0.1,0
2026-05-05,2025-03-28,"0.35%",-300,0.35,0
2026-05-05,2025-03-28,"0.60%",-300,0.6,0
2026-05-05,2025-03-28,"0.85%",-275,0.85,0
2026-05-05,2025-03-28,"1.10%",-250,1.1,0
2026-05-05,2025-03-28,"1.35%",-225,1.35,0
2026-05-05,2025-03-28,"1.60%",-200,1.6,0
2026-05-05,2025-03-28,"1.85%",-175,1.85,0
2026-05-05,2025-03-28,"2.10%",-150,2.1,0
2026-05-05,2025-03-28,"2.35%",-125,2.35,0.0244252983704524
2026-05-05,2025-03-28,"2.60%",-100,2.6,0.0602793015061813
2026-05-05,2025-03-28,"2.85%",-75,2.85,0.115823272566164
2026-05-05,2025-03-28,"3.10%",-50,3.1,0.173284839080114
2026-05-05,2025-03-28,"3.35%",-25,3.35,0.201876728761773
2026-05-05,2025-03-28,"3.60%",0,3.6,0.183139509268934
2026-05-05,2025-03-28,"3.85%",25,3.85,0.129372536480395
2026-05-05,2025-03-28,"4.10%",50,4.1,0.071161609625667
2026-05-05,2025-03-28,"4.35%",75,4.35,0.0304760192035811
2026-05-05,2025-03-28,"4.60%",100,4.6,0.0101608851367378
2026-05-05,2025-03-28,"4.85%",125,4.85,0
2026-05-05,2025-03-28,"5.10%",150,5.1,0
2026-05-05,2025-03-28,"5.35%",175,5.35,0
2026-05-05,2025-03-28,"5.60%",200,5.6,0
2026-05-05,2025-03-28,"5.85%",225,5.85,0
2026-05-05,2025-03-28,"6.10%",250,6.1,0
2026-05-05,2025-03-31,"0.10%",-300,0.1,0
2026-05-05,2025-03-31,"0.35%",-300,0.35,0
2026-05-05,2025-03-31,"0.60%",-300,0.6,0
2026-05-05,2025-03-31,"0.85%",-275,0.85,0
2026-05-05,2025-03-31,"1.10%",-250,1.1,0
2026-05-05,2025-03-31,"1.35%",-225,1.35,0
2026-05-05,2025-03-31,"1.60%",-200,1.6,0
2026-05-05,2025-03-31,"1.85%",-175,1.85,0
2026-05-05,2025-03-31,"2.10%",-150,2.1,0.0105838994122782
2026-05-05,2025-03-31,"2.35%",-125,2.35,0.0316784980865433
2026-05-05,2025-03-31,"2.60%",-100,2.6,0.073610207434378
2026-05-05,2025-03-31,"2.85%",-75,2.85,0.13280531246051
2026-05-05,2025-03-31,"3.10%",-50,3.1,0.186051158176207
2026-05-05,2025-03-31,"3.35%",-25,3.35,0.202399552099158
2026-05-05,2025-03-31,"3.60%",0,3.6,0.170982702037825
2026-05-05,2025-03-31,"3.85%",25,3.85,0.112163054388495
2026-05-05,2025-03-31,"4.10%",50,4.1,0.0571316451077035
2026-05-05,2025-03-31,"4.35%",75,4.35,0.0225939707969027
2026-05-05,2025-03-31,"4.60%",100,4.6,0
2026-05-05,2025-03-31,"4.85%",125,4.85,0
2026-05-05,2025-03-31,"5.10%",150,5.1,0
2026-05-05,2025-03-31,"5.35%",175,5.35,0
2026-05-05,2025-03-31,"5.60%",200,5.6,0
2026-05-05,2025-03-31,"5.85%",225,5.85,0
2026-05-05,2025-03-31,"6.10%",250,6.1,0
2026-05-05,2025-04-01,"0.10%",-300,0.1,0
2026-05-05,2025-04-01,"0.35%",-300,0.35,0
2026-05-05,2025-04-01,"0.60%",-300,0.6,0
2026-05-05,2025-04-01,"0.85%",-275,0.85,0
2026-05-05,2025-04-01,"1.10%",-250,1.1,0
2026-05-05,2025-04-01,"1.35%",-225,1.35,0
2026-05-05,2025-04-01,"1.60%",-200,1.6,0
2026-05-05,2025-04-01,"1.85%",-175,1.85,0
2026-05-05,2025-04-01,"2.10%",-150,2.1,0
2026-05-05,2025-04-01,"2.35%",-125,2.35,0.0282188568839859
2026-05-05,2025-04-01,"2.60%",-100,2.6,0.0706022624418403
2026-05-05,2025-04-01,"2.85%",-75,2.85,0.134140010625272
2026-05-05,2025-04-01,"3.10%",-50,3.1,0.193556752395829
2026-05-05,2025-04-01,"3.35%",-25,3.35,0.212127836772428
2026-05-05,2025-04-01,"3.60%",0,3.6,0.17657681761967
2026-05-05,2025-04-01,"3.85%",25,3.85,0.11163534760335
2026-05-05,2025-04-01,"4.10%",50,4.1,0.053600107684352
2026-05-05,2025-04-01,"4.35%",75,4.35,0.0195420079732726
2026-05-05,2025-04-01,"4.60%",100,4.6,0
2026-05-05,2025-04-01,"4.85%",125,4.85,0
2026-05-05,2025-04-01,"5.10%",150,5.1,0
2026-05-05,2025-04-01,"5.35%",175,5.35,0
2026-05-05,2025-04-01,"5.60%",200,5.6,0
2026-05-05,2025-04-01,"5.85%",225,5.85,0
2026-05-05,2025-04-01,"6.10%",250,6.1,0
2026-05-05,2025-04-02,"0.10%",-300,0.1,0
2026-05-05,2025-04-02,"0.35%",-300,0.35,0
2026-05-05,2025-04-02,"0.60%",-300,0.6,0
2026-05-05,2025-04-02,"0.85%",-275,0.85,0
2026-05-05,2025-04-02,"1.10%",-250,1.1,0
2026-05-05,2025-04-02,"1.35%",-225,1.35,0
2026-05-05,2025-04-02,"1.60%",-200,1.6,0
2026-05-05,2025-04-02,"1.85%",-175,1.85,0
2026-05-05,2025-04-02,"2.10%",-150,2.1,0
2026-05-05,2025-04-02,"2.35%",-125,2.35,0.0315658734723184
2026-05-05,2025-04-02,"2.60%",-100,2.6,0.0755229766929318
2026-05-05,2025-04-02,"2.85%",-75,2.85,0.138372758358661
2026-05-05,2025-04-02,"3.10%",-50,3.1,0.194166889112814
2026-05-05,2025-04-02,"3.35%",-25,3.35,0.20867830386333
2026-05-05,2025-04-02,"3.60%",0,3.6,0.171775898778343
2026-05-05,2025-04-02,"3.85%",25,3.85,0.108296848325532
2026-05-05,2025-04-02,"4.10%",50,4.1,0.0522883571903902
2026-05-05,2025-04-02,"4.35%",75,4.35,0.0193320942056796
2026-05-05,2025-04-02,"4.60%",100,4.6,0
2026-05-05,2025-04-02,"4.85%",125,4.85,0
2026-05-05,2025-04-02,"5.10%",150,5.1,0
2026-05-05,2025-04-02,"5.35%",175,5.35,0
2026-05-05,2025-04-02,"5.60%",200,5.6,0
2026-05-05,2025-04-02,"5.85%",225,5.85,0
2026-05-05,2025-04-02,"6.10%",250,6.1,0
2026-05-05,2025-04-03,"0.10%",-300,0.1,0
2026-05-05,2025-04-03,"0.35%",-300,0.35,0
2026-05-05,2025-04-03,"0.60%",-300,0.6,0
2026-05-05,2025-04-03,"0.85%",-275,0.85,0
2026-05-05,2025-04-03,"1.10%",-250,1.1,0
2026-05-05,2025-04-03,"1.35%",-225,1.35,0
2026-05-05,2025-04-03,"1.60%",-200,1.6,0
2026-05-05,2025-04-03,"1.85%",-175,1.85,0
2026-05-05,2025-04-03,"2.10%",-150,2.1,0.0229049492250508
2026-05-05,2025-04-03,"2.35%",-125,2.35,0.0584289844734907
2026-05-05,2025-04-03,"2.60%",-100,2.6,0.115164826051582
2026-05-05,2025-04-03,"2.85%",-75,2.85,0.175406963817266
2026-05-05,2025-04-03,"3.10%",-50,3.1,0.206460279309552
2026-05-05,2025-04-03,"3.35%",-25,3.35,0.187801726066339
2026-05-05,2025-04-03,"3.60%",0,3.6,0.132016987880259
2026-05-05,2025-04-03,"3.85%",25,3.85,0.0717140596681557
2026-05-05,2025-04-03,"4.10%",50,4.1,0.0301012235083046
2026-05-05,2025-04-03,"4.35%",75,4.35,0
2026-05-05,2025-04-03,"4.60%",100,4.6,0
2026-05-05,2025-04-03,"4.85%",125,4.85,0
2026-05-05,2025-04-03,"5.10%",150,5.1,0
2026-05-05,2025-04-03,"5.35%",175,5.35,0
2026-05-05,2025-04-03,"5.60%",200,5.6,0
2026-05-05,2025-04-03,"5.85%",225,5.85,0
2026-05-05,2025-04-03,"6.10%",250,6.1,0
2026-05-05,2025-04-04,"0.10%",-300,0.1,0
2026-05-05,2025-04-04,"0.35%",-300,0.35,0
2026-05-05,2025-04-04,"0.60%",-300,0.6,0
2026-05-05,2025-04-04,"0.85%",-275,0.85,0
2026-05-05,2025-04-04,"1.10%",-250,1.1,0
2026-05-05,2025-04-04,"1.35%",-225,1.35,0
2026-05-05,2025-04-04,"1.60%",-200,1.6,0
2026-05-05,2025-04-04,"1.85%",-175,1.85,0.0137715455494037
2026-05-05,2025-04-04,"2.10%",-150,2.1,0.0406421201865251
2026-05-05,2025-04-04,"2.35%",-125,2.35,0.0913247210653392
2026-05-05,2025-04-04,"2.60%",-100,2.6,0.15627098801172
2026-05-05,2025-04-04,"2.85%",-75,2.85,0.203651284637574
2026-05-05,2025-04-04,"3.10%",-50,3.1,0.202132064158175
2026-05-05,2025-04-04,"3.35%",-25,3.35,0.152799504872997
2026-05-05,2025-04-04,"3.60%",0,3.6,0.0879682090218492
2026-05-05,2025-04-04,"3.85%",25,3.85,0.0385660136673068
2026-05-05,2025-04-04,"4.10%",50,4.1,0.0128735488291094
2026-05-05,2025-04-04,"4.35%",75,4.35,0
2026-05-05,2025-04-04,"4.60%",100,4.6,0
2026-05-05,2025-04-04,"4.85%",125,4.85,0
2026-05-05,2025-04-04,"5.10%",150,5.1,0
2026-05-05,2025-04-04,"5.35%",175,5.35,0
2026-05-05,2025-04-04,"5.60%",200,5.6,0
2026-05-05,2025-04-04,"5.85%",225,5.85,0
2026-05-05,2025-04-04,"6.10%",250,6.1,0
2026-05-05,2025-04-07,"0.10%",-300,0.1,0
2026-05-05,2025-04-07,"0.35%",-300,0.35,0
2026-05-05,2025-04-07,"0.60%",-300,0.6,0
2026-05-05,2025-04-07,"0.85%",-275,0.85,0
2026-05-05,2025-04-07,"1.10%",-250,1.1,0
2026-05-05,2025-04-07,"1.35%",-225,1.35,0
2026-05-05,2025-04-07,"1.60%",-200,1.6,0
2026-05-05,2025-04-07,"1.85%",-175,1.85,0.0237576353589743
2026-05-05,2025-04-07,"2.10%",-150,2.1,0.0644257788733192
2026-05-05,2025-04-07,"2.35%",-125,2.35,0.130091065436798
2026-05-05,2025-04-07,"2.60%",-100,2.6,0.195629062495327
2026-05-05,2025-04-07,"2.85%",-75,2.85,0.219107480483558
2026-05-05,2025-04-07,"3.10%",-50,3.1,0.182780628332736
2026-05-05,2025-04-07,"3.35%",-25,3.35,0.113562349870313
2026-05-05,2025-04-07,"3.60%",0,3.6,0.0525440562692677
2026-05-05,2025-04-07,"3.85%",25,3.85,0.0181019428797059
2026-05-05,2025-04-07,"4.10%",50,4.1,0
2026-05-05,2025-04-07,"4.35%",75,4.35,0
2026-05-05,2025-04-07,"4.60%",100,4.6,0
2026-05-05,2025-04-07,"4.85%",125,4.85,0
2026-05-05,2025-04-07,"5.10%",150,5.1,0
2026-05-05,2025-04-07,"5.35%",175,5.35,0
2026-05-05,2025-04-07,"5.60%",200,5.6,0
2026-05-05,2025-04-07,"5.85%",225,5.85,0
2026-05-05,2025-04-07,"6.10%",250,6.1,0
2026-05-05,2025-04-08,"0.10%",-300,0.1,0
2026-05-05,2025-04-08,"0.35%",-300,0.35,0
2026-05-05,2025-04-08,"0.60%",-300,0.6,0
2026-05-05,2025-04-08,"0.85%",-275,0.85,0
2026-05-05,2025-04-08,"1.10%",-250,1.1,0
2026-05-05,2025-04-08,"1.35%",-225,1.35,0
2026-05-05,2025-04-08,"1.60%",-200,1.6,0
2026-05-05,2025-04-08,"1.85%",-175,1.85,0.0190261036779258
2026-05-05,2025-04-08,"2.10%",-150,2.1,0.0532423797376705
2026-05-05,2025-04-08,"2.35%",-125,2.35,0.112351694075102
2026-05-05,2025-04-08,"2.60%",-100,2.6,0.178804360747384
2026-05-05,2025-04-08,"2.85%",-75,2.85,0.21463097629209
2026-05-05,2025-04-08,"3.10%",-50,3.1,0.194329291430757
2026-05-05,2025-04-08,"3.35%",-25,3.35,0.132711058914115
2026-05-05,2025-04-08,"3.60%",0,3.6,0.0683543781023221
2026-05-05,2025-04-08,"3.85%",25,3.85,0.0265497570226334
2026-05-05,2025-04-08,"4.10%",50,4.1,0
2026-05-05,2025-04-08,"4.35%",75,4.35,0
2026-05-05,2025-04-08,"4.60%",100,4.6,0
2026-05-05,2025-04-08,"4.85%",125,4.85,0
2026-05-05,2025-04-08,"5.10%",150,5.1,0
2026-05-05,2025-04-08,"5.35%",175,5.35,0
2026-05-05,2025-04-08,"5.60%",200,5.6,0
2026-05-05,2025-04-08,"5.85%",225,5.85,0
2026-05-05,2025-04-08,"6.10%",250,6.1,0
2026-05-05,2025-04-09,"0.10%",-300,0.1,0
2026-05-05,2025-04-09,"0.35%",-300,0.35,0
2026-05-05,2025-04-09,"0.60%",-300,0.6,0
2026-05-05,2025-04-09,"0.85%",-275,0.85,0
2026-05-05,2025-04-09,"1.10%",-250,1.1,0
2026-05-05,2025-04-09,"1.35%",-225,1.35,0
2026-05-05,2025-04-09,"1.60%",-200,1.6,0.0136939137284545
2026-05-05,2025-04-09,"1.85%",-175,1.85,0.0413282647313312
2026-05-05,2025-04-09,"2.10%",-150,2.1,0.0940188531033438
2026-05-05,2025-04-09,"2.35%",-125,2.35,0.161249541716505
2026-05-05,2025-04-09,"2.60%",-100,2.6,0.208517992631882
2026-05-05,2025-04-09,"2.85%",-75,2.85,0.203316343588418
2026-05-05,2025-04-09,"3.10%",-50,3.1,0.149479818455814
2026-05-05,2025-04-09,"3.35%",-25,3.35,0.0828605560496916
2026-05-05,2025-04-09,"3.60%",0,3.6,0.0346272766035176
2026-05-05,2025-04-09,"3.85%",25,3.85,0.0109074393910413
2026-05-05,2025-04-09,"4.10%",50,4.1,0
2026-05-05,2025-04-09,"4.35%",75,4.35,0
2026-05-05,2025-04-09,"4.60%",100,4.6,0
2026-05-05,2025-04-09,"4.85%",125,4.85,0
2026-05-05,2025-04-09,"5.10%",150,5.1,0
2026-05-05,2025-04-09,"5.35%",175,5.35,0
2026-05-05,2025-04-09,"5.60%",200,5.6,0
2026-05-05,2025-04-09,"5.85%",225,5.85,0
2026-05-05,2025-04-09,"6.10%",250,6.1,0
2026-05-05,2025-04-10,"0.10%",-300,0.1,0
2026-05-05,2025-04-10,"0.35%",-300,0.35,0
2026-05-05,2025-04-10,"0.60%",-300,0.6,0
2026-05-05,2025-04-10,"0.85%",-275,0.85,0
2026-05-05,2025-04-10,"1.10%",-250,1.1,0
2026-05-05,2025-04-10,"1.35%",-225,1.35,0
2026-05-05,2025-04-10,"1.60%",-200,1.6,0
2026-05-05,2025-04-10,"1.85%",-175,1.85,0.0238080962775246
2026-05-05,2025-04-10,"2.10%",-150,2.1,0.0621098712441924
2026-05-05,2025-04-10,"2.35%",-125,2.35,0.123141145930671
2026-05-05,2025-04-10,"2.60%",-100,2.6,0.185568686232653
2026-05-05,2025-04-10,"2.85%",-75,2.85,0.212567697754589
2026-05-05,2025-04-10,"3.10%",-50,3.1,0.185093723601656
2026-05-05,2025-04-10,"3.35%",-25,3.35,0.122511536500319
2026-05-05,2025-04-10,"3.60%",0,3.6,0.061634066638506
2026-05-05,2025-04-10,"3.85%",25,3.85,0.0235651758198885
2026-05-05,2025-04-10,"4.10%",50,4.1,0
2026-05-05,2025-04-10,"4.35%",75,4.35,0
2026-05-05,2025-04-10,"4.60%",100,4.6,0
2026-05-05,2025-04-10,"4.85%",125,4.85,0
2026-05-05,2025-04-10,"5.10%",150,5.1,0
2026-05-05,2025-04-10,"5.35%",175,5.35,0
2026-05-05,2025-04-10,"5.60%",200,5.6,0
2026-05-05,2025-04-10,"5.85%",225,5.85,0
2026-05-05,2025-04-10,"6.10%",250,6.1,0
2026-05-05,2025-04-11,"0.10%",-300,0.1,0
2026-05-05,2025-04-11,"0.35%",-300,0.35,0
2026-05-05,2025-04-11,"0.60%",-300,0.6,0
2026-05-05,2025-04-11,"0.85%",-275,0.85,0
2026-05-05,2025-04-11,"1.10%",-250,1.1,0
2026-05-05,2025-04-11,"1.35%",-225,1.35,0
2026-05-05,2025-04-11,"1.60%",-200,1.6,0
2026-05-05,2025-04-11,"1.85%",-175,1.85,0.026761938203886
2026-05-05,2025-04-11,"2.10%",-150,2.1,0.0693048707012035
2026-05-05,2025-04-11,"2.35%",-125,2.35,0.13476271844334
2026-05-05,2025-04-11,"2.60%",-100,2.6,0.19678578183608
2026-05-05,2025-04-11,"2.85%",-75,2.85,0.215808989357263
2026-05-05,2025-04-11,"3.10%",-50,3.1,0.177748344014304
2026-05-05,2025-04-11,"3.35%",-25,3.35,0.109947227780132
2026-05-05,2025-04-11,"3.60%",0,3.6,0.0510696602455661
2026-05-05,2025-04-11,"3.85%",25,3.85,0.0178104694182252
2026-05-05,2025-04-11,"4.10%",50,4.1,0
2026-05-05,2025-04-11,"4.35%",75,4.35,0
2026-05-05,2025-04-11,"4.60%",100,4.6,0
2026-05-05,2025-04-11,"4.85%",125,4.85,0
2026-05-05,2025-04-11,"5.10%",150,5.1,0
2026-05-05,2025-04-11,"5.35%",175,5.35,0
2026-05-05,2025-04-11,"5.60%",200,5.6,0
2026-05-05,2025-04-11,"5.85%",225,5.85,0
2026-05-05,2025-04-11,"6.10%",250,6.1,0
2026-05-05,2025-04-14,"0.10%",-300,0.1,0
2026-05-05,2025-04-14,"0.35%",-300,0.35,0
2026-05-05,2025-04-14,"0.60%",-300,0.6,0
2026-05-05,2025-04-14,"0.85%",-275,0.85,0
2026-05-05,2025-04-14,"1.10%",-250,1.1,0
2026-05-05,2025-04-14,"1.35%",-225,1.35,0
2026-05-05,2025-04-14,"1.60%",-200,1.6,0
2026-05-05,2025-04-14,"1.85%",-175,1.85,0.0213670183455354
2026-05-05,2025-04-14,"2.10%",-150,2.1,0.0574114799859517
2026-05-05,2025-04-14,"2.35%",-125,2.35,0.117069341459637
2026-05-05,2025-04-14,"2.60%",-100,2.6,0.18118923417655
2026-05-05,2025-04-14,"2.85%",-75,2.85,0.212863443086972
2026-05-05,2025-04-14,"3.10%",-50,3.1,0.189828854534134
2026-05-05,2025-04-14,"3.35%",-25,3.35,0.128501024953245
2026-05-05,2025-04-14,"3.60%",0,3.6,0.0660241900212322
2026-05-05,2025-04-14,"3.85%",25,3.85,0.0257454134367428
2026-05-05,2025-04-14,"4.10%",50,4.1,0
2026-05-05,2025-04-14,"4.35%",75,4.35,0
2026-05-05,2025-04-14,"4.60%",100,4.6,0
2026-05-05,2025-04-14,"4.85%",125,4.85,0
2026-05-05,2025-04-14,"5.10%",150,5.1,0
2026-05-05,2025-04-14,"5.35%",175,5.35,0
2026-05-05,2025-04-14,"5.60%",200,5.6,0
2026-05-05,2025-04-14,"5.85%",225,5.85,0
2026-05-05,2025-04-14,"6.10%",250,6.1,0
2026-05-05,2025-04-15,"0.10%",-300,0.1,0
2026-05-05,2025-04-15,"0.35%",-300,0.35,0
2026-05-05,2025-04-15,"0.60%",-300,0.6,0
2026-05-05,2025-04-15,"0.85%",-275,0.85,0
2026-05-05,2025-04-15,"1.10%",-250,1.1,0
2026-05-05,2025-04-15,"1.35%",-225,1.35,0
2026-05-05,2025-04-15,"1.60%",-200,1.6,0
2026-05-05,2025-04-15,"1.85%",-175,1.85,0.0213205617782112
2026-05-05,2025-04-15,"2.10%",-150,2.1,0.0590543484651324
2026-05-05,2025-04-15,"2.35%",-125,2.35,0.122205996024977
2026-05-05,2025-04-15,"2.60%",-100,2.6,0.188967484255378
2026-05-05,2025-04-15,"2.85%",-75,2.85,0.218361753386927
2026-05-05,2025-04-15,"3.10%",-50,3.1,0.188570944442016
2026-05-05,2025-04-15,"3.35%",-25,3.35,0.121693590595712
2026-05-05,2025-04-15,"3.60%",0,3.6,0.0586832525504317
2026-05-05,2025-04-15,"3.85%",25,3.85,0.0211420685012149
2026-05-05,2025-04-15,"4.10%",50,4.1,0
2026-05-05,2025-04-15,"4.35%",75,4.35,0
2026-05-05,2025-04-15,"4.60%",100,4.6,0
2026-05-05,2025-04-15,"4.85%",125,4.85,0
2026-05-05,2025-04-15,"5.10%",150,5.1,0
2026-05-05,2025-04-15,"5.35%",175,5.35,0
2026-05-05,2025-04-15,"5.60%",200,5.6,0
2026-05-05,2025-04-15,"5.85%",225,5.85,0
2026-05-05,2025-04-15,"6.10%",250,6.1,0
2026-05-05,2025-04-16,"0.10%",-300,0.1,0
2026-05-05,2025-04-16,"0.35%",-300,0.35,0
2026-05-05,2025-04-16,"0.60%",-300,0.6,0
2026-05-05,2025-04-16,"0.85%",-275,0.85,0
2026-05-05,2025-04-16,"1.10%",-250,1.1,0
2026-05-05,2025-04-16,"1.35%",-225,1.35,0
2026-05-05,2025-04-16,"1.60%",-200,1.6,0
2026-05-05,2025-04-16,"1.85%",-175,1.85,0.0117460484066768
2026-05-05,2025-04-16,"2.10%",-150,2.1,0.042936402505293
2026-05-05,2025-04-16,"2.35%",-125,2.35,0.10938248555418
2026-05-05,2025-04-16,"2.60%",-100,2.6,0.194275517902799
2026-05-05,2025-04-16,"2.85%",-75,2.85,0.240624123073029
2026-05-05,2025-04-16,"3.10%",-50,3.1,0.207850076971899
2026-05-05,2025-04-16,"3.35%",-25,3.35,0.125205762229966
2026-05-05,2025-04-16,"3.60%",0,3.6,0.0525860352012537
2026-05-05,2025-04-16,"3.85%",25,3.85,0.0153935481549037
2026-05-05,2025-04-16,"4.10%",50,4.1,0
2026-05-05,2025-04-16,"4.35%",75,4.35,0
2026-05-05,2025-04-16,"4.60%",100,4.6,0
2026-05-05,2025-04-16,"4.85%",125,4.85,0
2026-05-05,2025-04-16,"5.10%",150,5.1,0
2026-05-05,2025-04-16,"5.35%",175,5.35,0
2026-05-05,2025-04-16,"5.60%",200,5.6,0
2026-05-05,2025-04-16,"5.85%",225,5.85,0
2026-05-05,2025-04-16,"6.10%",250,6.1,0
2026-05-05,2025-04-17,"0.10%",-300,0.1,0
2026-05-05,2025-04-17,"0.35%",-300,0.35,0
2026-05-05,2025-04-17,"0.60%",-300,0.6,0
2026-05-05,2025-04-17,"0.85%",-275,0.85,0
2026-05-05,2025-04-17,"1.10%",-250,1.1,0
2026-05-05,2025-04-17,"1.35%",-225,1.35,0
2026-05-05,2025-04-17,"1.60%",-200,1.6,0
2026-05-05,2025-04-17,"1.85%",-175,1.85,0.0140282197390688
2026-05-05,2025-04-17,"2.10%",-150,2.1,0.0475121741418949
2026-05-05,2025-04-17,"2.35%",-125,2.35,0.114137982756881
2026-05-05,2025-04-17,"2.60%",-100,2.6,0.194539682435943
2026-05-05,2025-04-17,"2.85%",-75,2.85,0.235299526581687
2026-05-05,2025-04-17,"3.10%",-50,3.1,0.201975476971667
2026-05-05,2025-04-17,"3.35%",-25,3.35,0.123031676595639
2026-05-05,2025-04-17,"3.60%",0,3.6,0.0531740048783508
2026-05-05,2025-04-17,"3.85%",25,3.85,0.0163012558988676
2026-05-05,2025-04-17,"4.10%",50,4.1,0
2026-05-05,2025-04-17,"4.35%",75,4.35,0
2026-05-05,2025-04-17,"4.60%",100,4.6,0
2026-05-05,2025-04-17,"4.85%",125,4.85,0
2026-05-05,2025-04-17,"5.10%",150,5.1,0
2026-05-05,2025-04-17,"5.35%",175,5.35,0
2026-05-05,2025-04-17,"5.60%",200,5.6,0
2026-05-05,2025-04-17,"5.85%",225,5.85,0
2026-05-05,2025-04-17,"6.10%",250,6.1,0
2026-05-05,2025-04-22,"0.10%",-300,0.1,0
2026-05-05,2025-04-22,"0.35%",-300,0.35,0
2026-05-05,2025-04-22,"0.60%",-300,0.6,0
2026-05-05,2025-04-22,"0.85%",-275,0.85,0
2026-05-05,2025-04-22,"1.10%",-250,1.1,0
2026-05-05,2025-04-22,"1.35%",-225,1.35,0
2026-05-05,2025-04-22,"1.60%",-200,1.6,0
2026-05-05,2025-04-22,"1.85%",-175,1.85,0.0114207578876284
2026-05-05,2025-04-22,"2.10%",-150,2.1,0.048211070897306
2026-05-05,2025-04-22,"2.35%",-125,2.35,0.131398654145707
2026-05-05,2025-04-22,"2.60%",-100,2.6,0.231383776830457
2026-05-05,2025-04-22,"2.85%",-75,2.85,0.263363195079018
2026-05-05,2025-04-22,"3.10%",-50,3.1,0.193776104784545
2026-05-05,2025-04-22,"3.35%",-25,3.35,0.0921441120175087
2026-05-05,2025-04-22,"3.60%",0,3.6,0.0283023283578292
2026-05-05,2025-04-22,"3.85%",25,3.85,0
2026-05-05,2025-04-22,"4.10%",50,4.1,0
2026-05-05,2025-04-22,"4.35%",75,4.35,0
2026-05-05,2025-04-22,"4.60%",100,4.6,0
2026-05-05,2025-04-22,"4.85%",125,4.85,0
2026-05-05,2025-04-22,"5.10%",150,5.1,0
2026-05-05,2025-04-22,"5.35%",175,5.35,0
2026-05-05,2025-04-22,"5.60%",200,5.6,0
2026-05-05,2025-04-22,"5.85%",225,5.85,0
2026-05-05,2025-04-22,"6.10%",250,6.1,0
2026-05-05,2025-04-23,"0.10%",-300,0.1,0
2026-05-05,2025-04-23,"0.35%",-300,0.35,0
2026-05-05,2025-04-23,"0.60%",-300,0.6,0
2026-05-05,2025-04-23,"0.85%",-275,0.85,0
2026-05-05,2025-04-23,"1.10%",-250,1.1,0
2026-05-05,2025-04-23,"1.35%",-225,1.35,0
2026-05-05,2025-04-23,"1.60%",-200,1.6,0
2026-05-05,2025-04-23,"1.85%",-175,1.85,0.0155726693580904
2026-05-05,2025-04-23,"2.10%",-150,2.1,0.0493234214959825
2026-05-05,2025-04-23,"2.35%",-125,2.35,0.113279250686129
2026-05-05,2025-04-23,"2.60%",-100,2.6,0.188692964714606
2026-05-05,2025-04-23,"2.85%",-75,2.85,0.227999286238579
2026-05-05,2025-04-23,"3.10%",-50,3.1,0.199851761825883
2026-05-05,2025-04-23,"3.35%",-25,3.35,0.127075626405041
2026-05-05,2025-04-23,"3.60%",0,3.6,0.058605588485928
2026-05-05,2025-04-23,"3.85%",25,3.85,0.0195994307897617
2026-05-05,2025-04-23,"4.10%",50,4.1,0
2026-05-05,2025-04-23,"4.35%",75,4.35,0
2026-05-05,2025-04-23,"4.60%",100,4.6,0
2026-05-05,2025-04-23,"4.85%",125,4.85,0
2026-05-05,2025-04-23,"5.10%",150,5.1,0
2026-05-05,2025-04-23,"5.35%",175,5.35,0
2026-05-05,2025-04-23,"5.60%",200,5.6,0
2026-05-05,2025-04-23,"5.85%",225,5.85,0
2026-05-05,2025-04-23,"6.10%",250,6.1,0
2026-05-05,2025-04-25,"0.10%",-300,0.1,0
2026-05-05,2025-04-25,"0.35%",-300,0.35,0
2026-05-05,2025-04-25,"0.60%",-300,0.6,0
2026-05-05,2025-04-25,"0.85%",-275,0.85,0
2026-05-05,2025-04-25,"1.10%",-250,1.1,0
2026-05-05,2025-04-25,"1.35%",-225,1.35,0
2026-05-05,2025-04-25,"1.60%",-200,1.6,0
2026-05-05,2025-04-25,"1.85%",-175,1.85,0.0125946235698588
2026-05-05,2025-04-25,"2.10%",-150,2.1,0.0448311506724078
2026-05-05,2025-04-25,"2.35%",-125,2.35,0.111783494511727
2026-05-05,2025-04-25,"2.60%",-100,2.6,0.19531187189655
2026-05-05,2025-04-25,"2.85%",-75,2.85,0.239181945966968
2026-05-05,2025-04-25,"3.10%",-50,3.1,0.205311105805123
2026-05-05,2025-04-25,"3.35%",-25,3.35,0.123524751964788
2026-05-05,2025-04-25,"3.60%",0,3.6,0.0520793543353148
2026-05-05,2025-04-25,"3.85%",25,3.85,0.0153817012772618
2026-05-05,2025-04-25,"4.10%",50,4.1,0
2026-05-05,2025-04-25,"4.35%",75,4.35,0
2026-05-05,2025-04-25,"4.60%",100,4.6,0
2026-05-05,2025-04-25,"4.85%",125,4.85,0
2026-05-05,2025-04-25,"5.10%",150,5.1,0
2026-05-05,2025-04-25,"5.35%",175,5.35,0
2026-05-05,2025-04-25,"5.60%",200,5.6,0
2026-05-05,2025-04-25,"5.85%",225,5.85,0
2026-05-05,2025-04-25,"6.10%",250,6.1,0
2026-05-05,2025-04-28,"0.10%",-300,0.1,0
2026-05-05,2025-04-28,"0.35%",-300,0.35,0
2026-05-05,2025-04-28,"0.60%",-300,0.6,0
2026-05-05,2025-04-28,"0.85%",-275,0.85,0
2026-05-05,2025-04-28,"1.10%",-250,1.1,0
2026-05-05,2025-04-28,"1.35%",-225,1.35,0
2026-05-05,2025-04-28,"1.60%",-200,1.6,0
2026-05-05,2025-04-28,"1.85%",-175,1.85,0.0170560903109962
2026-05-05,2025-04-28,"2.10%",-150,2.1,0.0549610659008886
2026-05-05,2025-04-28,"2.35%",-125,2.35,0.125672554856548
2026-05-05,2025-04-28,"2.60%",-100,2.6,0.203966226538941
2026-05-05,2025-04-28,"2.85%",-75,2.85,0.235008315216474
2026-05-05,2025-04-28,"3.10%",-50,3.1,0.192237259597825
2026-05-05,2025-04-28,"3.35%",-25,3.35,0.111632286114008
2026-05-05,2025-04-28,"3.60%",0,3.6,0.0460104668285567
2026-05-05,2025-04-28,"3.85%",25,3.85,0.013455734635762
2026-05-05,2025-04-28,"4.10%",50,4.1,0
2026-05-05,2025-04-28,"4.35%",75,4.35,0
2026-05-05,2025-04-28,"4.60%",100,4.6,0
2026-05-05,2025-04-28,"4.85%",125,4.85,0
2026-05-05,2025-04-28,"5.10%",150,5.1,0
2026-05-05,2025-04-28,"5.35%",175,5.35,0
2026-05-05,2025-04-28,"5.60%",200,5.6,0
2026-05-05,2025-04-28,"5.85%",225,5.85,0
2026-05-05,2025-04-28,"6.10%",250,6.1,0
2026-05-05,2025-04-29,"0.10%",-300,0.1,0
2026-05-05,2025-04-29,"0.35%",-300,0.35,0
2026-05-05,2025-04-29,"0.60%",-300,0.6,0
2026-05-05,2025-04-29,"0.85%",-275,0.85,0
2026-05-05,2025-04-29,"1.10%",-250,1.1,0
2026-05-05,2025-04-29,"1.35%",-225,1.35,0
2026-05-05,2025-04-29,"1.60%",-200,1.6,0
2026-05-05,2025-04-29,"1.85%",-175,1.85,0.0221957436273768
2026-05-05,2025-04-29,"2.10%",-150,2.1,0.0611030323876379
2026-05-05,2025-04-29,"2.35%",-125,2.35,0.125406068781094
2026-05-05,2025-04-29,"2.60%",-100,2.6,0.191913003812934
2026-05-05,2025-04-29,"2.85%",-75,2.85,0.219008645520705
2026-05-05,2025-04-29,"3.10%",-50,3.1,0.186381157151214
2026-05-05,2025-04-29,"3.35%",-25,3.35,0.118279890432307
2026-05-05,2025-04-29,"3.60%",0,3.6,0.0559685837076449
2026-05-05,2025-04-29,"3.85%",25,3.85,0.0197438745790857
2026-05-05,2025-04-29,"4.10%",50,4.1,0
2026-05-05,2025-04-29,"4.35%",75,4.35,0
2026-05-05,2025-04-29,"4.60%",100,4.6,0
2026-05-05,2025-04-29,"4.85%",125,4.85,0
2026-05-05,2025-04-29,"5.10%",150,5.1,0
2026-05-05,2025-04-29,"5.35%",175,5.35,0
2026-05-05,2025-04-29,"5.60%",200,5.6,0
2026-05-05,2025-04-29,"5.85%",225,5.85,0
2026-05-05,2025-04-29,"6.10%",250,6.1,0
2026-05-05,2025-04-30,"0.10%",-300,0.1,0
2026-05-05,2025-04-30,"0.35%",-300,0.35,0
2026-05-05,2025-04-30,"0.60%",-300,0.6,0
2026-05-05,2025-04-30,"0.85%",-275,0.85,0
2026-05-05,2025-04-30,"1.10%",-250,1.1,0
2026-05-05,2025-04-30,"1.35%",-225,1.35,0
2026-05-05,2025-04-30,"1.60%",-200,1.6,0
2026-05-05,2025-04-30,"1.85%",-175,1.85,0.0195724788947182
2026-05-05,2025-04-30,"2.10%",-150,2.1,0.0570278586030281
2026-05-05,2025-04-30,"2.35%",-125,2.35,0.122220541313491
2026-05-05,2025-04-30,"2.60%",-100,2.6,0.192707527354595
2026-05-05,2025-04-30,"2.85%",-75,2.85,0.223563362198771
2026-05-05,2025-04-30,"3.10%",-50,3.1,0.190838795709851
2026-05-05,2025-04-30,"3.35%",-25,3.35,0.119861330557129
2026-05-05,2025-04-30,"3.60%",0,3.6,0.0553843085405158
2026-05-05,2025-04-30,"3.85%",25,3.85,0.0188237968279014
2026-05-05,2025-04-30,"4.10%",50,4.1,0
2026-05-05,2025-04-30,"4.35%",75,4.35,0
2026-05-05,2025-04-30,"4.60%",100,4.6,0
2026-05-05,2025-04-30,"4.85%",125,4.85,0
2026-05-05,2025-04-30,"5.10%",150,5.1,0
2026-05-05,2025-04-30,"5.35%",175,5.35,0
2026-05-05,2025-04-30,"5.60%",200,5.6,0
2026-05-05,2025-04-30,"5.85%",225,5.85,0
2026-05-05,2025-04-30,"6.10%",250,6.1,0
2026-05-05,2025-05-01,"0.10%",-300,0.1,0
2026-05-05,2025-05-01,"0.35%",-300,0.35,0
2026-05-05,2025-05-01,"0.60%",-300,0.6,0
2026-05-05,2025-05-01,"0.85%",-275,0.85,0
2026-05-05,2025-05-01,"1.10%",-250,1.1,0
2026-05-05,2025-05-01,"1.35%",-225,1.35,0
2026-05-05,2025-05-01,"1.60%",-200,1.6,0
2026-05-05,2025-05-01,"1.85%",-175,1.85,0.0142857112316075
2026-05-05,2025-05-01,"2.10%",-150,2.1,0.049248582687735
2026-05-05,2025-05-01,"2.35%",-125,2.35,0.118976980924328
2026-05-05,2025-05-01,"2.60%",-100,2.6,0.201490496473275
2026-05-05,2025-05-01,"2.85%",-75,2.85,0.239253801873458
2026-05-05,2025-05-01,"3.10%",-50,3.1,0.199207561037484
2026-05-05,2025-05-01,"3.35%",-25,3.35,0.116295648714848
2026-05-05,2025-05-01,"3.60%",0,3.6,0.0475926278223434
2026-05-05,2025-05-01,"3.85%",25,3.85,0.013648589234921
2026-05-05,2025-05-01,"4.10%",50,4.1,0
2026-05-05,2025-05-01,"4.35%",75,4.35,0
2026-05-05,2025-05-01,"4.60%",100,4.6,0
2026-05-05,2025-05-01,"4.85%",125,4.85,0
2026-05-05,2025-05-01,"5.10%",150,5.1,0
2026-05-05,2025-05-01,"5.35%",175,5.35,0
2026-05-05,2025-05-01,"5.60%",200,5.6,0
2026-05-05,2025-05-01,"5.85%",225,5.85,0
2026-05-05,2025-05-01,"6.10%",250,6.1,0
2026-05-05,2025-05-02,"0.10%",-300,0.1,0
2026-05-05,2025-05-02,"0.35%",-300,0.35,0
2026-05-05,2025-05-02,"0.60%",-300,0.6,0
2026-05-05,2025-05-02,"0.85%",-275,0.85,0
2026-05-05,2025-05-02,"1.10%",-250,1.1,0
2026-05-05,2025-05-02,"1.35%",-225,1.35,0
2026-05-05,2025-05-02,"1.60%",-200,1.6,0
2026-05-05,2025-05-02,"1.85%",-175,1.85,0.0281236346655472
2026-05-05,2025-05-02,"2.10%",-150,2.1,0.0635543956124154
2026-05-05,2025-05-02,"2.35%",-125,2.35,0.114840468168034
2026-05-05,2025-05-02,"2.60%",-100,2.6,0.165937292982105
2026-05-05,2025-05-02,"2.85%",-75,2.85,0.191738012839545
2026-05-05,2025-05-02,"3.10%",-50,3.1,0.177171456834757
2026-05-05,2025-05-02,"3.35%",-25,3.35,0.130917361349884
2026-05-05,2025-05-02,"3.60%",0,3.6,0.0773581198833467
2026-05-05,2025-05-02,"3.85%",25,3.85,0.0365508815251738
2026-05-05,2025-05-02,"4.10%",50,4.1,0.013808376139192
2026-05-05,2025-05-02,"4.35%",75,4.35,0
2026-05-05,2025-05-02,"4.60%",100,4.6,0
2026-05-05,2025-05-02,"4.85%",125,4.85,0
2026-05-05,2025-05-02,"5.10%",150,5.1,0
2026-05-05,2025-05-02,"5.35%",175,5.35,0
2026-05-05,2025-05-02,"5.60%",200,5.6,0
2026-05-05,2025-05-02,"5.85%",225,5.85,0
2026-05-05,2025-05-02,"6.10%",250,6.1,0
2026-05-05,2025-05-05,"0.10%",-300,0.1,0
2026-05-05,2025-05-05,"0.35%",-300,0.35,0
2026-05-05,2025-05-05,"0.60%",-300,0.6,0
2026-05-05,2025-05-05,"0.85%",-275,0.85,0
2026-05-05,2025-05-05,"1.10%",-250,1.1,0
2026-05-05,2025-05-05,"1.35%",-225,1.35,0.0115345410269588
2026-05-05,2025-05-05,"1.60%",-200,1.6,0.0237899623804888
2026-05-05,2025-05-05,"1.85%",-175,1.85,0.0434117122367202
2026-05-05,2025-05-05,"2.10%",-150,2.1,0.0700880199982868
2026-05-05,2025-05-05,"2.35%",-125,2.35,0.100116946583868
2026-05-05,2025-05-05,"2.60%",-100,2.6,0.126532107319813
2026-05-05,2025-05-05,"2.85%",-75,2.85,0.141489698076782
2026-05-05,2025-05-05,"3.10%",-50,3.1,0.139984707761376
2026-05-05,2025-05-05,"3.35%",-25,3.35,0.122537211555181
2026-05-05,2025-05-05,"3.60%",0,3.6,0.0949043472892719
2026-05-05,2025-05-05,"3.85%",25,3.85,0.0650329115308125
2026-05-05,2025-05-05,"4.10%",50,4.1,0.0394281784764139
2026-05-05,2025-05-05,"4.35%",75,4.35,0.021149655764027
2026-05-05,2025-05-05,"4.60%",100,4.6,0
2026-05-05,2025-05-05,"4.85%",125,4.85,0
2026-05-05,2025-05-05,"5.10%",150,5.1,0
2026-05-05,2025-05-05,"5.35%",175,5.35,0
2026-05-05,2025-05-05,"5.60%",200,5.6,0
2026-05-05,2025-05-05,"5.85%",225,5.85,0
2026-05-05,2025-05-05,"6.10%",250,6.1,0
2026-05-05,2025-05-06,"0.10%",-300,0.1,0
2026-05-05,2025-05-06,"0.35%",-300,0.35,0
2026-05-05,2025-05-06,"0.60%",-300,0.6,0
2026-05-05,2025-05-06,"0.85%",-275,0.85,0
2026-05-05,2025-05-06,"1.10%",-250,1.1,0
2026-05-05,2025-05-06,"1.35%",-225,1.35,0
2026-05-05,2025-05-06,"1.60%",-200,1.6,0
2026-05-05,2025-05-06,"1.85%",-175,1.85,0.0137946325504839
2026-05-05,2025-05-06,"2.10%",-150,2.1,0.0399684293055949
2026-05-05,2025-05-06,"2.35%",-125,2.35,0.0889224634691227
2026-05-05,2025-05-06,"2.60%",-100,2.6,0.151931199353124
2026-05-05,2025-05-06,"2.85%",-75,2.85,0.199370305961847
2026-05-05,2025-05-06,"3.10%",-50,3.1,0.200942169346415
2026-05-05,2025-05-06,"3.35%",-25,3.35,0.155553344908375
2026-05-05,2025-05-06,"3.60%",0,3.6,0.0924841470705008
2026-05-05,2025-05-06,"3.85%",25,3.85,0.0422278522960586
2026-05-05,2025-05-06,"4.10%",50,4.1,0.0148054557384784
2026-05-05,2025-05-06,"4.35%",75,4.35,0
2026-05-05,2025-05-06,"4.60%",100,4.6,0
2026-05-05,2025-05-06,"4.85%",125,4.85,0
2026-05-05,2025-05-06,"5.10%",150,5.1,0
2026-05-05,2025-05-06,"5.35%",175,5.35,0
2026-05-05,2025-05-06,"5.60%",200,5.6,0
2026-05-05,2025-05-06,"5.85%",225,5.85,0
2026-05-05,2025-05-06,"6.10%",250,6.1,0
2026-05-05,2025-05-07,"0.10%",-300,0.1,0
2026-05-05,2025-05-07,"0.35%",-300,0.35,0
2026-05-05,2025-05-07,"0.60%",-300,0.6,0
2026-05-05,2025-05-07,"0.85%",-275,0.85,0
2026-05-05,2025-05-07,"1.10%",-250,1.1,0
2026-05-05,2025-05-07,"1.35%",-225,1.35,0
2026-05-05,2025-05-07,"1.60%",-200,1.6,0
2026-05-05,2025-05-07,"1.85%",-175,1.85,0.0196714429330399
2026-05-05,2025-05-07,"2.10%",-150,2.1,0.0517428561256159
2026-05-05,2025-05-07,"2.35%",-125,2.35,0.105318717219446
2026-05-05,2025-05-07,"2.60%",-100,2.6,0.165899749401642
2026-05-05,2025-05-07,"2.85%",-75,2.85,0.202255220229301
2026-05-05,2025-05-07,"3.10%",-50,3.1,0.190844802067961
2026-05-05,2025-05-07,"3.35%",-25,3.35,0.139374644344112
2026-05-05,2025-05-07,"3.60%",0,3.6,0.0787752751665268
2026-05-05,2025-05-07,"3.85%",25,3.85,0.0344558483564985
2026-05-05,2025-05-07,"4.10%",50,4.1,0.0116614441558563
2026-05-05,2025-05-07,"4.35%",75,4.35,0
2026-05-05,2025-05-07,"4.60%",100,4.6,0
2026-05-05,2025-05-07,"4.85%",125,4.85,0
2026-05-05,2025-05-07,"5.10%",150,5.1,0
2026-05-05,2025-05-07,"5.35%",175,5.35,0
2026-05-05,2025-05-07,"5.60%",200,5.6,0
2026-05-05,2025-05-07,"5.85%",225,5.85,0
2026-05-05,2025-05-07,"6.10%",250,6.1,0
2026-05-05,2025-05-08,"0.10%",-300,0.1,0
2026-05-05,2025-05-08,"0.35%",-300,0.35,0
2026-05-05,2025-05-08,"0.60%",-300,0.6,0
2026-05-05,2025-05-08,"0.85%",-275,0.85,0
2026-05-05,2025-05-08,"1.10%",-250,1.1,0
2026-05-05,2025-05-08,"1.35%",-225,1.35,0
2026-05-05,2025-05-08,"1.60%",-200,1.6,0
2026-05-05,2025-05-08,"1.85%",-175,1.85,0.0132543134179565
2026-05-05,2025-05-08,"2.10%",-150,2.1,0.0406003785152926
2026-05-05,2025-05-08,"2.35%",-125,2.35,0.0934093442995923
2026-05-05,2025-05-08,"2.60%",-100,2.6,0.161439214079785
2026-05-05,2025-05-08,"2.85%",-75,2.85,0.209620813496057
2026-05-05,2025-05-08,"3.10%",-50,3.1,0.204498376478395
2026-05-05,2025-05-08,"3.35%",-25,3.35,0.149890182809203
2026-05-05,2025-05-08,"3.60%",0,3.6,0.0825384979114824
2026-05-05,2025-05-08,"3.85%",25,3.85,0.0341418991534396
2026-05-05,2025-05-08,"4.10%",50,4.1,0.0106069798387959
2026-05-05,2025-05-08,"4.35%",75,4.35,0
2026-05-05,2025-05-08,"4.60%",100,4.6,0
2026-05-05,2025-05-08,"4.85%",125,4.85,0
2026-05-05,2025-05-08,"5.10%",150,5.1,0
2026-05-05,2025-05-08,"5.35%",175,5.35,0
2026-05-05,2025-05-08,"5.60%",200,5.6,0
2026-05-05,2025-05-08,"5.85%",225,5.85,0
2026-05-05,2025-05-08,"6.10%",250,6.1,0
2026-05-05,2025-05-09,"0.10%",-300,0.1,0
2026-05-05,2025-05-09,"0.35%",-300,0.35,0
2026-05-05,2025-05-09,"0.60%",-300,0.6,0
2026-05-05,2025-05-09,"0.85%",-275,0.85,0
2026-05-05,2025-05-09,"1.10%",-250,1.1,0
2026-05-05,2025-05-09,"1.35%",-225,1.35,0
2026-05-05,2025-05-09,"1.60%",-200,1.6,0
2026-05-05,2025-05-09,"1.85%",-175,1.85,0.010606282799182
2026-05-05,2025-05-09,"2.10%",-150,2.1,0.0334025175886627
2026-05-05,2025-05-09,"2.35%",-125,2.35,0.079808490394713
2026-05-05,2025-05-09,"2.60%",-100,2.6,0.144690207064642
2026-05-05,2025-05-09,"2.85%",-75,2.85,0.199065538692172
2026-05-05,2025-05-09,"3.10%",-50,3.1,0.207847843863793
2026-05-05,2025-05-09,"3.35%",-25,3.35,0.164698995397112
2026-05-05,2025-05-09,"3.60%",0,3.6,0.0990406826805846
2026-05-05,2025-05-09,"3.85%",25,3.85,0.0451932184291425
2026-05-05,2025-05-09,"4.10%",50,4.1,0.0156462230899964
2026-05-05,2025-05-09,"4.35%",75,4.35,0
2026-05-05,2025-05-09,"4.60%",100,4.6,0
2026-05-05,2025-05-09,"4.85%",125,4.85,0
2026-05-05,2025-05-09,"5.10%",150,5.1,0
2026-05-05,2025-05-09,"5.35%",175,5.35,0
2026-05-05,2025-05-09,"5.60%",200,5.6,0
2026-05-05,2025-05-09,"5.85%",225,5.85,0
2026-05-05,2025-05-09,"6.10%",250,6.1,0
2026-05-05,2025-05-12,"0.10%",-300,0.1,0
2026-05-05,2025-05-12,"0.35%",-300,0.35,0
2026-05-05,2025-05-12,"0.60%",-300,0.6,0
2026-05-05,2025-05-12,"0.85%",-275,0.85,0
2026-05-05,2025-05-12,"1.10%",-250,1.1,0
2026-05-05,2025-05-12,"1.35%",-225,1.35,0
2026-05-05,2025-05-12,"1.60%",-200,1.6,0
2026-05-05,2025-05-12,"1.85%",-175,1.85,0
2026-05-05,2025-05-12,"2.10%",-150,2.1,0.0283124490391092
2026-05-05,2025-05-12,"2.35%",-125,2.35,0.0698283243847108
2026-05-05,2025-05-12,"2.60%",-100,2.6,0.131736788737259
2026-05-05,2025-05-12,"2.85%",-75,2.85,0.190129352316525
2026-05-05,2025-05-12,"3.10%",-50,3.1,0.209934934355692
2026-05-05,2025-05-12,"3.35%",-25,3.35,0.177345846259093
2026-05-05,2025-05-12,"3.60%",0,3.6,0.114616108522279
2026-05-05,2025-05-12,"3.85%",25,3.85,0.0566665642998777
2026-05-05,2025-05-12,"4.10%",50,4.1,0.0214296320854543
2026-05-05,2025-05-12,"4.35%",75,4.35,0
2026-05-05,2025-05-12,"4.60%",100,4.6,0
2026-05-05,2025-05-12,"4.85%",125,4.85,0
2026-05-05,2025-05-12,"5.10%",150,5.1,0
2026-05-05,2025-05-12,"5.35%",175,5.35,0
2026-05-05,2025-05-12,"5.60%",200,5.6,0
2026-05-05,2025-05-12,"5.85%",225,5.85,0
2026-05-05,2025-05-12,"6.10%",250,6.1,0
2026-05-05,2025-05-13,"0.10%",-300,0.1,0
2026-05-05,2025-05-13,"0.35%",-300,0.35,0
2026-05-05,2025-05-13,"0.60%",-300,0.6,0
2026-05-05,2025-05-13,"0.85%",-275,0.85,0
2026-05-05,2025-05-13,"1.10%",-250,1.1,0
2026-05-05,2025-05-13,"1.35%",-225,1.35,0
2026-05-05,2025-05-13,"1.60%",-200,1.6,0
2026-05-05,2025-05-13,"1.85%",-175,1.85,0
2026-05-05,2025-05-13,"2.10%",-150,2.1,0.0139366484944924
2026-05-05,2025-05-13,"2.35%",-125,2.35,0.0432451947191856
2026-05-05,2025-05-13,"2.60%",-100,2.6,0.0996900829951439
2026-05-05,2025-05-13,"2.85%",-75,2.85,0.170757790023517
2026-05-05,2025-05-13,"3.10%",-50,3.1,0.217358565558019
2026-05-05,2025-05-13,"3.35%",-25,3.35,0.205619816187308
2026-05-05,2025-05-13,"3.60%",0,3.6,0.144557133962298
2026-05-05,2025-05-13,"3.85%",25,3.85,0.0755205499533392
2026-05-05,2025-05-13,"4.10%",50,4.1,0.0293142181066976
2026-05-05,2025-05-13,"4.35%",75,4.35,0
2026-05-05,2025-05-13,"4.60%",100,4.6,0
2026-05-05,2025-05-13,"4.85%",125,4.85,0
2026-05-05,2025-05-13,"5.10%",150,5.1,0
2026-05-05,2025-05-13,"5.35%",175,5.35,0
2026-05-05,2025-05-13,"5.60%",200,5.6,0
2026-05-05,2025-05-13,"5.85%",225,5.85,0
2026-05-05,2025-05-13,"6.10%",250,6.1,0
2026-05-05,2025-05-14,"0.10%",-300,0.1,0
2026-05-05,2025-05-14,"0.35%",-300,0.35,0
2026-05-05,2025-05-14,"0.60%",-300,0.6,0
2026-05-05,2025-05-14,"0.85%",-275,0.85,0
2026-05-05,2025-05-14,"1.10%",-250,1.1,0
2026-05-05,2025-05-14,"1.35%",-225,1.35,0
2026-05-05,2025-05-14,"1.60%",-200,1.6,0
2026-05-05,2025-05-14,"1.85%",-175,1.85,0
2026-05-05,2025-05-14,"2.10%",-150,2.1,0.0113281322507126
2026-05-05,2025-05-14,"2.35%",-125,2.35,0.0373454016392989
2026-05-05,2025-05-14,"2.60%",-100,2.6,0.090883408064794
2026-05-05,2025-05-14,"2.85%",-75,2.85,0.163301720367437
2026-05-05,2025-05-14,"3.10%",-50,3.1,0.216679145697133
2026-05-05,2025-05-14,"3.35%",-25,3.35,0.212321512828715
2026-05-05,2025-05-14,"3.60%",0,3.6,0.153645279888196
2026-05-05,2025-05-14,"3.85%",25,3.85,0.0821028368727266
2026-05-05,2025-05-14,"4.10%",50,4.1,0.0323925623909875
2026-05-05,2025-05-14,"4.35%",75,4.35,0
2026-05-05,2025-05-14,"4.60%",100,4.6,0
2026-05-05,2025-05-14,"4.85%",125,4.85,0
2026-05-05,2025-05-14,"5.10%",150,5.1,0
2026-05-05,2025-05-14,"5.35%",175,5.35,0
2026-05-05,2025-05-14,"5.60%",200,5.6,0
2026-05-05,2025-05-14,"5.85%",225,5.85,0
2026-05-05,2025-05-14,"6.10%",250,6.1,0
2026-05-05,2025-05-15,"0.10%",-300,0.1,0
2026-05-05,2025-05-15,"0.35%",-300,0.35,0
2026-05-05,2025-05-15,"0.60%",-300,0.6,0
2026-05-05,2025-05-15,"0.85%",-275,0.85,0
2026-05-05,2025-05-15,"1.10%",-250,1.1,0
2026-05-05,2025-05-15,"1.35%",-225,1.35,0
2026-05-05,2025-05-15,"1.60%",-200,1.6,0
2026-05-05,2025-05-15,"1.85%",-175,1.85,0
2026-05-05,2025-05-15,"2.10%",-150,2.1,0
2026-05-05,2025-05-15,"2.35%",-125,2.35,0.0306114749131415
2026-05-05,2025-05-15,"2.60%",-100,2.6,0.0790581727362337
2026-05-05,2025-05-15,"2.85%",-75,2.85,0.150472118005258
2026-05-05,2025-05-15,"3.10%",-50,3.1,0.21109622191196
2026-05-05,2025-05-15,"3.35%",-25,3.35,0.21830160622045
2026-05-05,2025-05-15,"3.60%",0,3.6,0.166413722804569
2026-05-05,2025-05-15,"3.85%",25,3.85,0.0935077077590561
2026-05-05,2025-05-15,"4.10%",50,4.1,0.0387230953344982
2026-05-05,2025-05-15,"4.35%",75,4.35,0.0118158803148342
2026-05-05,2025-05-15,"4.60%",100,4.6,0
2026-05-05,2025-05-15,"4.85%",125,4.85,0
2026-05-05,2025-05-15,"5.10%",150,5.1,0
2026-05-05,2025-05-15,"5.35%",175,5.35,0
2026-05-05,2025-05-15,"5.60%",200,5.6,0
2026-05-05,2025-05-15,"5.85%",225,5.85,0
2026-05-05,2025-05-15,"6.10%",250,6.1,0
2026-05-05,2025-05-16,"0.10%",-300,0.1,0
2026-05-05,2025-05-16,"0.35%",-300,0.35,0
2026-05-05,2025-05-16,"0.60%",-300,0.6,0
2026-05-05,2025-05-16,"0.85%",-275,0.85,0
2026-05-05,2025-05-16,"1.10%",-250,1.1,0
2026-05-05,2025-05-16,"1.35%",-225,1.35,0
2026-05-05,2025-05-16,"1.60%",-200,1.6,0
2026-05-05,2025-05-16,"1.85%",-175,1.85,0
2026-05-05,2025-05-16,"2.10%",-150,2.1,0
2026-05-05,2025-05-16,"2.35%",-125,2.35,0.026532120436954
2026-05-05,2025-05-16,"2.60%",-100,2.6,0.079417898673959
2026-05-05,2025-05-16,"2.85%",-75,2.85,0.164409358107407
2026-05-05,2025-05-16,"3.10%",-50,3.1,0.235468647931947
2026-05-05,2025-05-16,"3.35%",-25,3.35,0.233349994606811
2026-05-05,2025-05-16,"3.60%",0,3.6,0.160010644959052
2026-05-05,2025-05-16,"3.85%",25,3.85,0.0759072342055694
2026-05-05,2025-05-16,"4.10%",50,4.1,0.0249041010782995
2026-05-05,2025-05-16,"4.35%",75,4.35,0
2026-05-05,2025-05-16,"4.60%",100,4.6,0
2026-05-05,2025-05-16,"4.85%",125,4.85,0
2026-05-05,2025-05-16,"5.10%",150,5.1,0
2026-05-05,2025-05-16,"5.35%",175,5.35,0
2026-05-05,2025-05-16,"5.60%",200,5.6,0
2026-05-05,2025-05-16,"5.85%",225,5.85,0
2026-05-05,2025-05-16,"6.10%",250,6.1,0
2026-05-05,2025-05-19,"0.10%",-300,0.1,0
2026-05-05,2025-05-19,"0.35%",-300,0.35,0
2026-05-05,2025-05-19,"0.60%",-300,0.6,0
2026-05-05,2025-05-19,"0.85%",-275,0.85,0
2026-05-05,2025-05-19,"1.10%",-250,1.1,0
2026-05-05,2025-05-19,"1.35%",-225,1.35,0
2026-05-05,2025-05-19,"1.60%",-200,1.6,0
2026-05-05,2025-05-19,"1.85%",-175,1.85,0
2026-05-05,2025-05-19,"2.10%",-150,2.1,0
2026-05-05,2025-05-19,"2.35%",-125,2.35,0.0162234662378617
2026-05-05,2025-05-19,"2.60%",-100,2.6,0.061344186214023
2026-05-05,2025-05-19,"2.85%",-75,2.85,0.151150674215634
2026-05-05,2025-05-19,"3.10%",-50,3.1,0.242837310178456
2026-05-05,2025-05-19,"3.35%",-25,3.35,0.254468345274043
2026-05-05,2025-05-19,"3.60%",0,3.6,0.173932066410112
2026-05-05,2025-05-19,"3.85%",25,3.85,0.0775240481767589
2026-05-05,2025-05-19,"4.10%",50,4.1,0.0225199032931113
2026-05-05,2025-05-19,"4.35%",75,4.35,0
2026-05-05,2025-05-19,"4.60%",100,4.6,0
2026-05-05,2025-05-19,"4.85%",125,4.85,0
2026-05-05,2025-05-19,"5.10%",150,5.1,0
2026-05-05,2025-05-19,"5.35%",175,5.35,0
2026-05-05,2025-05-19,"5.60%",200,5.6,0
2026-05-05,2025-05-19,"5.85%",225,5.85,0
2026-05-05,2025-05-19,"6.10%",250,6.1,0
2026-05-05,2025-05-20,"0.10%",-300,0.1,0
2026-05-05,2025-05-20,"0.35%",-300,0.35,0
2026-05-05,2025-05-20,"0.60%",-300,0.6,0
2026-05-05,2025-05-20,"0.85%",-275,0.85,0
2026-05-05,2025-05-20,"1.10%",-250,1.1,0
2026-05-05,2025-05-20,"1.35%",-225,1.35,0
2026-05-05,2025-05-20,"1.60%",-200,1.6,0
2026-05-05,2025-05-20,"1.85%",-175,1.85,0
2026-05-05,2025-05-20,"2.10%",-150,2.1,0.0116071847611429
2026-05-05,2025-05-20,"2.35%",-125,2.35,0.0470437718045309
2026-05-05,2025-05-20,"2.60%",-100,2.6,0.1257947954717
2026-05-05,2025-05-20,"2.85%",-75,2.85,0.222057722445264
2026-05-05,2025-05-20,"3.10%",-50,3.1,0.25886209479729
2026-05-05,2025-05-20,"3.35%",-25,3.35,0.199302964625887
2026-05-05,2025-05-20,"3.60%",0,3.6,0.101327690954958
2026-05-05,2025-05-20,"3.85%",25,3.85,0.0340037751392288
2026-05-05,2025-05-20,"4.10%",50,4.1,0
2026-05-05,2025-05-20,"4.35%",75,4.35,0
2026-05-05,2025-05-20,"4.60%",100,4.6,0
2026-05-05,2025-05-20,"4.85%",125,4.85,0
2026-05-05,2025-05-20,"5.10%",150,5.1,0
2026-05-05,2025-05-20,"5.35%",175,5.35,0
2026-05-05,2025-05-20,"5.60%",200,5.6,0
2026-05-05,2025-05-20,"5.85%",225,5.85,0
2026-05-05,2025-05-20,"6.10%",250,6.1,0
2026-05-05,2025-05-21,"0.10%",-300,0.1,0
2026-05-05,2025-05-21,"0.35%",-300,0.35,0
2026-05-05,2025-05-21,"0.60%",-300,0.6,0
2026-05-05,2025-05-21,"0.85%",-275,0.85,0
2026-05-05,2025-05-21,"1.10%",-250,1.1,0
2026-05-05,2025-05-21,"1.35%",-225,1.35,0
2026-05-05,2025-05-21,"1.60%",-200,1.6,0
2026-05-05,2025-05-21,"1.85%",-175,1.85,0
2026-05-05,2025-05-21,"2.10%",-150,2.1,0.0168395978207456
2026-05-05,2025-05-21,"2.35%",-125,2.35,0.0570667570565378
2026-05-05,2025-05-21,"2.60%",-100,2.6,0.133829044227132
2026-05-05,2025-05-21,"2.85%",-75,2.85,0.217265071783089
2026-05-05,2025-05-21,"3.10%",-50,3.1,0.244227462551305
2026-05-05,2025-05-21,"3.35%",-25,3.35,0.190102101026181
2026-05-05,2025-05-21,"3.60%",0,3.6,0.102451556934113
2026-05-05,2025-05-21,"3.85%",25,3.85,0.0382184086008972
2026-05-05,2025-05-21,"4.10%",50,4.1,0
2026-05-05,2025-05-21,"4.35%",75,4.35,0
2026-05-05,2025-05-21,"4.60%",100,4.6,0
2026-05-05,2025-05-21,"4.85%",125,4.85,0
2026-05-05,2025-05-21,"5.10%",150,5.1,0
2026-05-05,2025-05-21,"5.35%",175,5.35,0
2026-05-05,2025-05-21,"5.60%",200,5.6,0
2026-05-05,2025-05-21,"5.85%",225,5.85,0
2026-05-05,2025-05-21,"6.10%",250,6.1,0
2026-05-05,2025-05-22,"0.10%",-300,0.1,0
2026-05-05,2025-05-22,"0.35%",-300,0.35,0
2026-05-05,2025-05-22,"0.60%",-300,0.6,0
2026-05-05,2025-05-22,"0.85%",-275,0.85,0
2026-05-05,2025-05-22,"1.10%",-250,1.1,0
2026-05-05,2025-05-22,"1.35%",-225,1.35,0
2026-05-05,2025-05-22,"1.60%",-200,1.6,0
2026-05-05,2025-05-22,"1.85%",-175,1.85,0
2026-05-05,2025-05-22,"2.10%",-150,2.1,0.0214375463610064
2026-05-05,2025-05-22,"2.35%",-125,2.35,0.0637599155012371
2026-05-05,2025-05-22,"2.60%",-100,2.6,0.13615405219289
2026-05-05,2025-05-22,"2.85%",-75,2.85,0.208797768656881
2026-05-05,2025-05-22,"3.10%",-50,3.1,0.229981596885421
2026-05-05,2025-05-22,"3.35%",-25,3.35,0.181947422848961
2026-05-05,2025-05-22,"3.60%",0,3.6,0.103383534100742
2026-05-05,2025-05-22,"3.85%",25,3.85,0.0421824389465852
2026-05-05,2025-05-22,"4.10%",50,4.1,0.0123557245062768
2026-05-05,2025-05-22,"4.35%",75,4.35,0
2026-05-05,2025-05-22,"4.60%",100,4.6,0
2026-05-05,2025-05-22,"4.85%",125,4.85,0
2026-05-05,2025-05-22,"5.10%",150,5.1,0
2026-05-05,2025-05-22,"5.35%",175,5.35,0
2026-05-05,2025-05-22,"5.60%",200,5.6,0
2026-05-05,2025-05-22,"5.85%",225,5.85,0
2026-05-05,2025-05-22,"6.10%",250,6.1,0
2026-05-05,2025-05-23,"0.10%",-300,0.1,0
2026-05-05,2025-05-23,"0.35%",-300,0.35,0
2026-05-05,2025-05-23,"0.60%",-300,0.6,0
2026-05-05,2025-05-23,"0.85%",-275,0.85,0
2026-05-05,2025-05-23,"1.10%",-250,1.1,0
2026-05-05,2025-05-23,"1.35%",-225,1.35,0
2026-05-05,2025-05-23,"1.60%",-200,1.6,0
2026-05-05,2025-05-23,"1.85%",-175,1.85,0
2026-05-05,2025-05-23,"2.10%",-150,2.1,0.0207569391866373
2026-05-05,2025-05-23,"2.35%",-125,2.35,0.0628685101810151
2026-05-05,2025-05-23,"2.60%",-100,2.6,0.135964416902649
2026-05-05,2025-05-23,"2.85%",-75,2.85,0.210014250876058
2026-05-05,2025-05-23,"3.10%",-50,3.1,0.231722002174052
2026-05-05,2025-05-23,"3.35%",-25,3.35,0.182639784889525
2026-05-05,2025-05-23,"3.60%",0,3.6,0.10282480890987
2026-05-05,2025-05-23,"3.85%",25,3.85,0.0413420273970937
2026-05-05,2025-05-23,"4.10%",50,4.1,0.0118672594831
2026-05-05,2025-05-23,"4.35%",75,4.35,0
2026-05-05,2025-05-23,"4.60%",100,4.6,0
2026-05-05,2025-05-23,"4.85%",125,4.85,0
2026-05-05,2025-05-23,"5.10%",150,5.1,0
2026-05-05,2025-05-23,"5.35%",175,5.35,0
2026-05-05,2025-05-23,"5.60%",200,5.6,0
2026-05-05,2025-05-23,"5.85%",225,5.85,0
2026-05-05,2025-05-23,"6.10%",250,6.1,0
2026-05-05,2025-07-06,"0.10%",-300,0.1,0
2026-05-05,2025-07-06,"0.35%",-300,0.35,0
2026-05-05,2025-07-06,"0.60%",-300,0.6,0
2026-05-05,2025-07-06,"0.85%",-275,0.85,0
2026-05-05,2025-07-06,"1.10%",-250,1.1,0
2026-05-05,2025-07-06,"1.35%",-225,1.35,0
2026-05-05,2025-07-06,"1.60%",-200,1.6,0
2026-05-05,2025-07-06,"1.85%",-175,1.85,0
2026-05-05,2025-07-06,"2.10%",-150,2.1,0.0330944071528925
2026-05-05,2025-07-06,"2.35%",-125,2.35,0.0916395713606715
2026-05-05,2025-07-06,"2.60%",-100,2.6,0.176977849294846
2026-05-05,2025-07-06,"2.85%",-75,2.85,0.23843960025952
2026-05-05,2025-07-06,"3.10%",-50,3.1,0.224138051871373
2026-05-05,2025-07-06,"3.35%",-25,3.35,0.147000640175226
2026-05-05,2025-07-06,"3.60%",0,3.6,0.0672532455672967
2026-05-05,2025-07-06,"3.85%",25,3.85,0.0214566343181744
2026-05-05,2025-07-06,"4.10%",50,4.1,0
2026-05-05,2025-07-06,"4.35%",75,4.35,0
2026-05-05,2025-07-06,"4.60%",100,4.6,0
2026-05-05,2025-07-06,"4.85%",125,4.85,0
2026-05-05,2025-07-06,"5.10%",150,5.1,0
2026-05-05,2025-07-06,"5.35%",175,5.35,0
2026-05-05,2025-07-06,"5.60%",200,5.6,0
2026-05-05,2025-07-06,"5.85%",225,5.85,0
2026-05-05,2025-07-06,"6.10%",250,6.1,0
2026-05-05,2025-07-07,"0.10%",-300,0.1,0
2026-05-05,2025-07-07,"0.35%",-300,0.35,0
2026-05-05,2025-07-07,"0.60%",-300,0.6,0
2026-05-05,2025-07-07,"0.85%",-275,0.85,0
2026-05-05,2025-07-07,"1.10%",-250,1.1,0
2026-05-05,2025-07-07,"1.35%",-225,1.35,0
2026-05-05,2025-07-07,"1.60%",-200,1.6,0
2026-05-05,2025-07-07,"1.85%",-175,1.85,0
2026-05-05,2025-07-07,"2.10%",-150,2.1,0.0174421439707188
2026-05-05,2025-07-07,"2.35%",-125,2.35,0.0588123226643239
2026-05-05,2025-07-07,"2.60%",-100,2.6,0.136885796239984
2026-05-05,2025-07-07,"2.85%",-75,2.85,0.220003076416888
2026-05-05,2025-07-07,"3.10%",-50,3.1,0.244214924489951
2026-05-05,2025-07-07,"3.35%",-25,3.35,0.187244687081618
2026-05-05,2025-07-07,"3.60%",0,3.6,0.0991489374354796
2026-05-05,2025-07-07,"3.85%",25,3.85,0.0362481117010358
2026-05-05,2025-07-07,"4.10%",50,4.1,0
2026-05-05,2025-07-07,"4.35%",75,4.35,0
2026-05-05,2025-07-07,"4.60%",100,4.6,0
2026-05-05,2025-07-07,"4.85%",125,4.85,0
2026-05-05,2025-07-07,"5.10%",150,5.1,0
2026-05-05,2025-07-07,"5.35%",175,5.35,0
2026-05-05,2025-07-07,"5.60%",200,5.6,0
2026-05-05,2025-07-07,"5.85%",225,5.85,0
2026-05-05,2025-07-07,"6.10%",250,6.1,0
2026-05-05,2025-07-08,"0.10%",-300,0.1,0
2026-05-05,2025-07-08,"0.35%",-300,0.35,0
2026-05-05,2025-07-08,"0.60%",-300,0.6,0
2026-05-05,2025-07-08,"0.85%",-275,0.85,0
2026-05-05,2025-07-08,"1.10%",-250,1.1,0
2026-05-05,2025-07-08,"1.35%",-225,1.35,0
2026-05-05,2025-07-08,"1.60%",-200,1.6,0
2026-05-05,2025-07-08,"1.85%",-175,1.85,0
2026-05-05,2025-07-08,"2.10%",-150,2.1,0.0149926217989456
2026-05-05,2025-07-08,"2.35%",-125,2.35,0.0512718013188423
2026-05-05,2025-07-08,"2.60%",-100,2.6,0.122592850245151
2026-05-05,2025-07-08,"2.85%",-75,2.85,0.205014101369983
2026-05-05,2025-07-08,"3.10%",-50,3.1,0.239841475016502
2026-05-05,2025-07-08,"3.35%",-25,3.35,0.196297508597506
2026-05-05,2025-07-08,"3.60%",0,3.6,0.112387897115804
2026-05-05,2025-07-08,"3.85%",25,3.85,0.045002992367823
2026-05-05,2025-07-08,"4.10%",50,4.1,0.012598752169443
2026-05-05,2025-07-08,"4.35%",75,4.35,0
2026-05-05,2025-07-08,"4.60%",100,4.6,0
2026-05-05,2025-07-08,"4.85%",125,4.85,0
2026-05-05,2025-07-08,"5.10%",150,5.1,0
2026-05-05,2025-07-08,"5.35%",175,5.35,0
2026-05-05,2025-07-08,"5.60%",200,5.6,0
2026-05-05,2025-07-08,"5.85%",225,5.85,0
2026-05-05,2025-07-08,"6.10%",250,6.1,0
2026-05-05,2025-07-09,"0.10%",-300,0.1,0
2026-05-05,2025-07-09,"0.35%",-300,0.35,0
2026-05-05,2025-07-09,"0.60%",-300,0.6,0
2026-05-05,2025-07-09,"0.85%",-275,0.85,0
2026-05-05,2025-07-09,"1.10%",-250,1.1,0
2026-05-05,2025-07-09,"1.35%",-225,1.35,0
2026-05-05,2025-07-09,"1.60%",-200,1.6,0
2026-05-05,2025-07-09,"1.85%",-175,1.85,0
2026-05-05,2025-07-09,"2.10%",-150,2.1,0.0144927212743084
2026-05-05,2025-07-09,"2.35%",-125,2.35,0.0514054835473739
2026-05-05,2025-07-09,"2.60%",-100,2.6,0.125511344629123
2026-05-05,2025-07-09,"2.85%",-75,2.85,0.211028402736747
2026-05-05,2025-07-09,"3.10%",-50,3.1,0.244391866938635
2026-05-05,2025-07-09,"3.35%",-25,3.35,0.194962164760282
2026-05-05,2025-07-09,"3.60%",0,3.6,0.107123769482514
2026-05-05,2025-07-09,"3.85%",25,3.85,0.0405298354125875
2026-05-05,2025-07-09,"4.10%",50,4.1,0.0105544112184294
2026-05-05,2025-07-09,"4.35%",75,4.35,0
2026-05-05,2025-07-09,"4.60%",100,4.6,0
2026-05-05,2025-07-09,"4.85%",125,4.85,0
2026-05-05,2025-07-09,"5.10%",150,5.1,0
2026-05-05,2025-07-09,"5.35%",175,5.35,0
2026-05-05,2025-07-09,"5.60%",200,5.6,0
2026-05-05,2025-07-09,"5.85%",225,5.85,0
2026-05-05,2025-07-09,"6.10%",250,6.1,0
2026-05-05,2025-07-10,"0.10%",-300,0.1,0
2026-05-05,2025-07-10,"0.35%",-300,0.35,0
2026-05-05,2025-07-10,"0.60%",-300,0.6,0
2026-05-05,2025-07-10,"0.85%",-275,0.85,0
2026-05-05,2025-07-10,"1.10%",-250,1.1,0
2026-05-05,2025-07-10,"1.35%",-225,1.35,0
2026-05-05,2025-07-10,"1.60%",-200,1.6,0
2026-05-05,2025-07-10,"1.85%",-175,1.85,0
2026-05-05,2025-07-10,"2.10%",-150,2.1,0.0122820788609866
2026-05-05,2025-07-10,"2.35%",-125,2.35,0.0478522103049401
2026-05-05,2025-07-10,"2.60%",-100,2.6,0.124799126510145
2026-05-05,2025-07-10,"2.85%",-75,2.85,0.217984898348117
2026-05-05,2025-07-10,"3.10%",-50,3.1,0.255084857027976
2026-05-05,2025-07-10,"3.35%",-25,3.35,0.199998252116786
2026-05-05,2025-07-10,"3.60%",0,3.6,0.105048408116085
2026-05-05,2025-07-10,"3.85%",25,3.85,0.0369501687149639
2026-05-05,2025-07-10,"4.10%",50,4.1,0
2026-05-05,2025-07-10,"4.35%",75,4.35,0
2026-05-05,2025-07-10,"4.60%",100,4.6,0
2026-05-05,2025-07-10,"4.85%",125,4.85,0
2026-05-05,2025-07-10,"5.10%",150,5.1,0
2026-05-05,2025-07-10,"5.35%",175,5.35,0
2026-05-05,2025-07-10,"5.60%",200,5.6,0
2026-05-05,2025-07-10,"5.85%",225,5.85,0
2026-05-05,2025-07-10,"6.10%",250,6.1,0
2026-05-05,2025-07-14,"0.10%",-300,0.1,0
2026-05-05,2025-07-14,"0.35%",-300,0.35,0
2026-05-05,2025-07-14,"0.60%",-300,0.6,0
2026-05-05,2025-07-14,"0.85%",-275,0.85,0
2026-05-05,2025-07-14,"1.10%",-250,1.1,0
2026-05-05,2025-07-14,"1.35%",-225,1.35,0
2026-05-05,2025-07-14,"1.60%",-200,1.6,0
2026-05-05,2025-07-14,"1.85%",-175,1.85,0
2026-05-05,2025-07-14,"2.10%",-150,2.1,0.0126686368212344
2026-05-05,2025-07-14,"2.35%",-125,2.35,0.0485301921484433
2026-05-05,2025-07-14,"2.60%",-100,2.6,0.125088809161545
2026-05-05,2025-07-14,"2.85%",-75,2.85,0.217052138616316
2026-05-05,2025-07-14,"3.10%",-50,3.1,0.253617998085109
2026-05-05,2025-07-14,"3.35%",-25,3.35,0.199574199205671
2026-05-05,2025-07-14,"3.60%",0,3.6,0.105749619894667
2026-05-05,2025-07-14,"3.85%",25,3.85,0.037718406067013
2026-05-05,2025-07-14,"4.10%",50,4.1,0
2026-05-05,2025-07-14,"4.35%",75,4.35,0
2026-05-05,2025-07-14,"4.60%",100,4.6,0
2026-05-05,2025-07-14,"4.85%",125,4.85,0
2026-05-05,2025-07-14,"5.10%",150,5.1,0
2026-05-05,2025-07-14,"5.35%",175,5.35,0
2026-05-05,2025-07-14,"5.60%",200,5.6,0
2026-05-05,2025-07-14,"5.85%",225,5.85,0
2026-05-05,2025-07-14,"6.10%",250,6.1,0
2026-05-05,2025-07-15,"0.10%",-300,0.1,0
2026-05-05,2025-07-15,"0.35%",-300,0.35,0
2026-05-05,2025-07-15,"0.60%",-300,0.6,0
2026-05-05,2025-07-15,"0.85%",-275,0.85,0
2026-05-05,2025-07-15,"1.10%",-250,1.1,0
2026-05-05,2025-07-15,"1.35%",-225,1.35,0
2026-05-05,2025-07-15,"1.60%",-200,1.6,0
2026-05-05,2025-07-15,"1.85%",-175,1.85,0
2026-05-05,2025-07-15,"2.10%",-150,2.1,0.0106386669807573
2026-05-05,2025-07-15,"2.35%",-125,2.35,0.0415805089232833
2026-05-05,2025-07-15,"2.60%",-100,2.6,0.110673644036607
2026-05-05,2025-07-15,"2.85%",-75,2.85,0.200701876452401
2026-05-05,2025-07-15,"3.10%",-50,3.1,0.248050333932496
2026-05-05,2025-07-15,"3.35%",-25,3.35,0.208956654559034
2026-05-05,2025-07-15,"3.60%",0,3.6,0.119967227784595
2026-05-05,2025-07-15,"3.85%",25,3.85,0.0469287471918514
2026-05-05,2025-07-15,"4.10%",50,4.1,0.0125023401389751
2026-05-05,2025-07-15,"4.35%",75,4.35,0
2026-05-05,2025-07-15,"4.60%",100,4.6,0
2026-05-05,2025-07-15,"4.85%",125,4.85,0
2026-05-05,2025-07-15,"5.10%",150,5.1,0
2026-05-05,2025-07-15,"5.35%",175,5.35,0
2026-05-05,2025-07-15,"5.60%",200,5.6,0
2026-05-05,2025-07-15,"5.85%",225,5.85,0
2026-05-05,2025-07-15,"6.10%",250,6.1,0
2026-05-05,2025-07-16,"0.10%",-300,0.1,0
2026-05-05,2025-07-16,"0.35%",-300,0.35,0
2026-05-05,2025-07-16,"0.60%",-300,0.6,0
2026-05-05,2025-07-16,"0.85%",-275,0.85,0
2026-05-05,2025-07-16,"1.10%",-250,1.1,0
2026-05-05,2025-07-16,"1.35%",-225,1.35,0
2026-05-05,2025-07-16,"1.60%",-200,1.6,0
2026-05-05,2025-07-16,"1.85%",-175,1.85,0
2026-05-05,2025-07-16,"2.10%",-150,2.1,0.0131536196260476
2026-05-05,2025-07-16,"2.35%",-125,2.35,0.0571953132352553
2026-05-05,2025-07-16,"2.60%",-100,2.6,0.153928913499153
2026-05-05,2025-07-16,"2.85%",-75,2.85,0.256641012212146
2026-05-05,2025-07-16,"3.10%",-50,3.1,0.26521486733315
2026-05-05,2025-07-16,"3.35%",-25,3.35,0.169883056152547
2026-05-05,2025-07-16,"3.60%",0,3.6,0.0674202072917813
2026-05-05,2025-07-16,"3.85%",25,3.85,0.0165630106499188
2026-05-05,2025-07-16,"4.10%",50,4.1,0
2026-05-05,2025-07-16,"4.35%",75,4.35,0
2026-05-05,2025-07-16,"4.60%",100,4.6,0
2026-05-05,2025-07-16,"4.85%",125,4.85,0
2026-05-05,2025-07-16,"5.10%",150,5.1,0
2026-05-05,2025-07-16,"5.35%",175,5.35,0
2026-05-05,2025-07-16,"5.60%",200,5.6,0
2026-05-05,2025-07-16,"5.85%",225,5.85,0
2026-05-05,2025-07-16,"6.10%",250,6.1,0
2026-05-05,2025-07-17,"0.10%",-300,0.1,0
2026-05-05,2025-07-17,"0.35%",-300,0.35,0
2026-05-05,2025-07-17,"0.60%",-300,0.6,0
2026-05-05,2025-07-17,"0.85%",-275,0.85,0
2026-05-05,2025-07-17,"1.10%",-250,1.1,0
2026-05-05,2025-07-17,"1.35%",-225,1.35,0
2026-05-05,2025-07-17,"1.60%",-200,1.6,0
2026-05-05,2025-07-17,"1.85%",-175,1.85,0
2026-05-05,2025-07-17,"2.10%",-150,2.1,0
2026-05-05,2025-07-17,"2.35%",-125,2.35,0.0491379214136158
2026-05-05,2025-07-17,"2.60%",-100,2.6,0.162271252518693
2026-05-05,2025-07-17,"2.85%",-75,2.85,0.293334326672698
2026-05-05,2025-07-17,"3.10%",-50,3.1,0.290599511389406
2026-05-05,2025-07-17,"3.35%",-25,3.35,0.157771729602847
2026-05-05,2025-07-17,"3.60%",0,3.6,0.0468852584027407
2026-05-05,2025-07-17,"3.85%",25,3.85,0
2026-05-05,2025-07-17,"4.10%",50,4.1,0
2026-05-05,2025-07-17,"4.35%",75,4.35,0
2026-05-05,2025-07-17,"4.60%",100,4.6,0
2026-05-05,2025-07-17,"4.85%",125,4.85,0
2026-05-05,2025-07-17,"5.10%",150,5.1,0
2026-05-05,2025-07-17,"5.35%",175,5.35,0
2026-05-05,2025-07-17,"5.60%",200,5.6,0
2026-05-05,2025-07-17,"5.85%",225,5.85,0
2026-05-05,2025-07-17,"6.10%",250,6.1,0
2026-05-05,2025-07-20,"0.10%",-300,0.1,0
2026-05-05,2025-07-20,"0.35%",-300,0.35,0
2026-05-05,2025-07-20,"0.60%",-300,0.6,0
2026-05-05,2025-07-20,"0.85%",-275,0.85,0
2026-05-05,2025-07-20,"1.10%",-250,1.1,0
2026-05-05,2025-07-20,"1.35%",-225,1.35,0
2026-05-05,2025-07-20,"1.60%",-200,1.6,0
2026-05-05,2025-07-20,"1.85%",-175,1.85,0
2026-05-05,2025-07-20,"2.10%",-150,2.1,0
2026-05-05,2025-07-20,"2.35%",-125,2.35,0.0382899527113887
2026-05-05,2025-07-20,"2.60%",-100,2.6,0.138681914712744
2026-05-05,2025-07-20,"2.85%",-75,2.85,0.275211068519684
2026-05-05,2025-07-20,"3.10%",-50,3.1,0.299646144349215
2026-05-05,2025-07-20,"3.35%",-25,3.35,0.179029156233802
2026-05-05,2025-07-20,"3.60%",0,3.6,0.0586358805303431
2026-05-05,2025-07-20,"3.85%",25,3.85,0.0105058829428232
2026-05-05,2025-07-20,"4.10%",50,4.1,0
2026-05-05,2025-07-20,"4.35%",75,4.35,0
2026-05-05,2025-07-20,"4.60%",100,4.6,0
2026-05-05,2025-07-20,"4.85%",125,4.85,0
2026-05-05,2025-07-20,"5.10%",150,5.1,0
2026-05-05,2025-07-20,"5.35%",175,5.35,0
2026-05-05,2025-07-20,"5.60%",200,5.6,0
2026-05-05,2025-07-20,"5.85%",225,5.85,0
2026-05-05,2025-07-20,"6.10%",250,6.1,0
2026-05-05,2025-07-21,"0.10%",-300,0.1,0
2026-05-05,2025-07-21,"0.35%",-300,0.35,0
2026-05-05,2025-07-21,"0.60%",-300,0.6,0
2026-05-05,2025-07-21,"0.85%",-275,0.85,0
2026-05-05,2025-07-21,"1.10%",-250,1.1,0
2026-05-05,2025-07-21,"1.35%",-225,1.35,0
2026-05-05,2025-07-21,"1.60%",-200,1.6,0
2026-05-05,2025-07-21,"1.85%",-175,1.85,0
2026-05-05,2025-07-21,"2.10%",-150,2.1,0
2026-05-05,2025-07-21,"2.35%",-125,2.35,0.0401037355857035
2026-05-05,2025-07-21,"2.60%",-100,2.6,0.140164918669408
2026-05-05,2025-07-21,"2.85%",-75,2.85,0.272807993500674
2026-05-05,2025-07-21,"3.10%",-50,3.1,0.296048089490067
2026-05-05,2025-07-21,"3.35%",-25,3.35,0.179151963120553
2026-05-05,2025-07-21,"3.60%",0,3.6,0.0603995029543722
2026-05-05,2025-07-21,"3.85%",25,3.85,0.0113237966792232
2026-05-05,2025-07-21,"4.10%",50,4.1,0
2026-05-05,2025-07-21,"4.35%",75,4.35,0
2026-05-05,2025-07-21,"4.60%",100,4.6,0
2026-05-05,2025-07-21,"4.85%",125,4.85,0
2026-05-05,2025-07-21,"5.10%",150,5.1,0
2026-05-05,2025-07-21,"5.35%",175,5.35,0
2026-05-05,2025-07-21,"5.60%",200,5.6,0
2026-05-05,2025-07-21,"5.85%",225,5.85,0
2026-05-05,2025-07-21,"6.10%",250,6.1,0
2026-05-05,2025-07-22,"0.10%",-300,0.1,0
2026-05-05,2025-07-22,"0.35%",-300,0.35,0
2026-05-05,2025-07-22,"0.60%",-300,0.6,0
2026-05-05,2025-07-22,"0.85%",-275,0.85,0
2026-05-05,2025-07-22,"1.10%",-250,1.1,0
2026-05-05,2025-07-22,"1.35%",-225,1.35,0
2026-05-05,2025-07-22,"1.60%",-200,1.6,0
2026-05-05,2025-07-22,"1.85%",-175,1.85,0
2026-05-05,2025-07-22,"2.10%",-150,2.1,0
2026-05-05,2025-07-22,"2.35%",-125,2.35,0.0347018867821085
2026-05-05,2025-07-22,"2.60%",-100,2.6,0.136894161879095
2026-05-05,2025-07-22,"2.85%",-75,2.85,0.284108142596994
2026-05-05,2025-07-22,"3.10%",-50,3.1,0.310748249821339
2026-05-05,2025-07-22,"3.35%",-25,3.35,0.179166718597925
2026-05-05,2025-07-22,"3.60%",0,3.6,0.0543808403225385
2026-05-05,2025-07-22,"3.85%",25,3.85,0
2026-05-05,2025-07-22,"4.10%",50,4.1,0
2026-05-05,2025-07-22,"4.35%",75,4.35,0
2026-05-05,2025-07-22,"4.60%",100,4.6,0
2026-05-05,2025-07-22,"4.85%",125,4.85,0
2026-05-05,2025-07-22,"5.10%",150,5.1,0
2026-05-05,2025-07-22,"5.35%",175,5.35,0
2026-05-05,2025-07-22,"5.60%",200,5.6,0
2026-05-05,2025-07-22,"5.85%",225,5.85,0
2026-05-05,2025-07-22,"6.10%",250,6.1,0
2026-05-05,2025-07-23,"0.10%",-300,0.1,0
2026-05-05,2025-07-23,"0.35%",-300,0.35,0
2026-05-05,2025-07-23,"0.60%",-300,0.6,0
2026-05-05,2025-07-23,"0.85%",-275,0.85,0
2026-05-05,2025-07-23,"1.10%",-250,1.1,0
2026-05-05,2025-07-23,"1.35%",-225,1.35,0
2026-05-05,2025-07-23,"1.60%",-200,1.6,0
2026-05-05,2025-07-23,"1.85%",-175,1.85,0
2026-05-05,2025-07-23,"2.10%",-150,2.1,0
2026-05-05,2025-07-23,"2.35%",-125,2.35,0.019387675478426
2026-05-05,2025-07-23,"2.60%",-100,2.6,0.0938813216261432
2026-05-05,2025-07-23,"2.85%",-75,2.85,0.238962889176133
2026-05-05,2025-07-23,"3.10%",-50,3.1,0.320423593017797
2026-05-05,2025-07-23,"3.35%",-25,3.35,0.226505073421192
2026-05-05,2025-07-23,"3.60%",0,3.6,0.0843368579461967
2026-05-05,2025-07-23,"3.85%",25,3.85,0.0165025893341121
2026-05-05,2025-07-23,"4.10%",50,4.1,0
2026-05-05,2025-07-23,"4.35%",75,4.35,0
2026-05-05,2025-07-23,"4.60%",100,4.6,0
2026-05-05,2025-07-23,"4.85%",125,4.85,0
2026-05-05,2025-07-23,"5.10%",150,5.1,0
2026-05-05,2025-07-23,"5.35%",175,5.35,0
2026-05-05,2025-07-23,"5.60%",200,5.6,0
2026-05-05,2025-07-23,"5.85%",225,5.85,0
2026-05-05,2025-07-23,"6.10%",250,6.1,0
2026-05-05,2025-07-24,"0.10%",-300,0.1,0
2026-05-05,2025-07-24,"0.35%",-300,0.35,0
2026-05-05,2025-07-24,"0.60%",-300,0.6,0
2026-05-05,2025-07-24,"0.85%",-275,0.85,0
2026-05-05,2025-07-24,"1.10%",-250,1.1,0
2026-05-05,2025-07-24,"1.35%",-225,1.35,0
2026-05-05,2025-07-24,"1.60%",-200,1.6,0
2026-05-05,2025-07-24,"1.85%",-175,1.85,0
2026-05-05,2025-07-24,"2.10%",-150,2.1,0
2026-05-05,2025-07-24,"2.35%",-125,2.35,0.0283986275015108
2026-05-05,2025-07-24,"2.60%",-100,2.6,0.100379014091445
2026-05-05,2025-07-24,"2.85%",-75,2.85,0.216155259090075
2026-05-05,2025-07-24,"3.10%",-50,3.1,0.283806281809587
2026-05-05,2025-07-24,"3.35%",-25,3.35,0.22727066242388
2026-05-05,2025-07-24,"3.60%",0,3.6,0.11097422712318
2026-05-05,2025-07-24,"3.85%",25,3.85,0.033015927960322
2026-05-05,2025-07-24,"4.10%",50,4.1,0
2026-05-05,2025-07-24,"4.35%",75,4.35,0
2026-05-05,2025-07-24,"4.60%",100,4.6,0
2026-05-05,2025-07-24,"4.85%",125,4.85,0
2026-05-05,2025-07-24,"5.10%",150,5.1,0
2026-05-05,2025-07-24,"5.35%",175,5.35,0
2026-05-05,2025-07-24,"5.60%",200,5.6,0
2026-05-05,2025-07-24,"5.85%",225,5.85,0
2026-05-05,2025-07-24,"6.10%",250,6.1,0
2026-05-05,2025-07-27,"0.10%",-300,0.1,0
2026-05-05,2025-07-27,"0.35%",-300,0.35,0
2026-05-05,2025-07-27,"0.60%",-300,0.6,0
2026-05-05,2025-07-27,"0.85%",-275,0.85,0
2026-05-05,2025-07-27,"1.10%",-250,1.1,0
2026-05-05,2025-07-27,"1.35%",-225,1.35,0
2026-05-05,2025-07-27,"1.60%",-200,1.6,0
2026-05-05,2025-07-27,"1.85%",-175,1.85,0
2026-05-05,2025-07-27,"2.10%",-150,2.1,0
2026-05-05,2025-07-27,"2.35%",-125,2.35,0.0277592698324339
2026-05-05,2025-07-27,"2.60%",-100,2.6,0.102181571427479
2026-05-05,2025-07-27,"2.85%",-75,2.85,0.223427985300261
2026-05-05,2025-07-27,"3.10%",-50,3.1,0.290486166286189
2026-05-05,2025-07-27,"3.35%",-25,3.35,0.224638641646521
2026-05-05,2025-07-27,"3.60%",0,3.6,0.103292641830406
2026-05-05,2025-07-27,"3.85%",25,3.85,0.0282137236767106
2026-05-05,2025-07-27,"4.10%",50,4.1,0
2026-05-05,2025-07-27,"4.35%",75,4.35,0
2026-05-05,2025-07-27,"4.60%",100,4.6,0
2026-05-05,2025-07-27,"4.85%",125,4.85,0
2026-05-05,2025-07-27,"5.10%",150,5.1,0
2026-05-05,2025-07-27,"5.35%",175,5.35,0
2026-05-05,2025-07-27,"5.60%",200,5.6,0
2026-05-05,2025-07-27,"5.85%",225,5.85,0
2026-05-05,2025-07-27,"6.10%",250,6.1,0
2026-05-05,2025-07-28,"0.10%",-300,0.1,0
2026-05-05,2025-07-28,"0.35%",-300,0.35,0
2026-05-05,2025-07-28,"0.60%",-300,0.6,0
2026-05-05,2025-07-28,"0.85%",-275,0.85,0
2026-05-05,2025-07-28,"1.10%",-250,1.1,0
2026-05-05,2025-07-28,"1.35%",-225,1.35,0
2026-05-05,2025-07-28,"1.60%",-200,1.6,0
2026-05-05,2025-07-28,"1.85%",-175,1.85,0
2026-05-05,2025-07-28,"2.10%",-150,2.1,0
2026-05-05,2025-07-28,"2.35%",-125,2.35,0.0330073101389934
2026-05-05,2025-07-28,"2.60%",-100,2.6,0.113212570238083
2026-05-05,2025-07-28,"2.85%",-75,2.85,0.232884790044933
2026-05-05,2025-07-28,"3.10%",-50,3.1,0.287554668860404
2026-05-05,2025-07-28,"3.35%",-25,3.35,0.213179442055808
2026-05-05,2025-07-28,"3.60%",0,3.6,0.094854154882661
2026-05-05,2025-07-28,"3.85%",25,3.85,0.0253070637791178
2026-05-05,2025-07-28,"4.10%",50,4.1,0
2026-05-05,2025-07-28,"4.35%",75,4.35,0
2026-05-05,2025-07-28,"4.60%",100,4.6,0
2026-05-05,2025-07-28,"4.85%",125,4.85,0
2026-05-05,2025-07-28,"5.10%",150,5.1,0
2026-05-05,2025-07-28,"5.35%",175,5.35,0
2026-05-05,2025-07-28,"5.60%",200,5.6,0
2026-05-05,2025-07-28,"5.85%",225,5.85,0
2026-05-05,2025-07-28,"6.10%",250,6.1,0
2026-05-05,2025-07-29,"0.10%",-300,0.1,0
2026-05-05,2025-07-29,"0.35%",-300,0.35,0
2026-05-05,2025-07-29,"0.60%",-300,0.6,0
2026-05-05,2025-07-29,"0.85%",-275,0.85,0
2026-05-05,2025-07-29,"1.10%",-250,1.1,0
2026-05-05,2025-07-29,"1.35%",-225,1.35,0
2026-05-05,2025-07-29,"1.60%",-200,1.6,0
2026-05-05,2025-07-29,"1.85%",-175,1.85,0
2026-05-05,2025-07-29,"2.10%",-150,2.1,0
2026-05-05,2025-07-29,"2.35%",-125,2.35,0.0463553278247911
2026-05-05,2025-07-29,"2.60%",-100,2.6,0.148724410827525
2026-05-05,2025-07-29,"2.85%",-75,2.85,0.273083955522594
2026-05-05,2025-07-29,"3.10%",-50,3.1,0.287247880923416
2026-05-05,2025-07-29,"3.35%",-25,3.35,0.173101104688993
2026-05-05,2025-07-29,"3.60%",0,3.6,0.0597139424499799
2026-05-05,2025-07-29,"3.85%",25,3.85,0.011773377762701
2026-05-05,2025-07-29,"4.10%",50,4.1,0
2026-05-05,2025-07-29,"4.35%",75,4.35,0
2026-05-05,2025-07-29,"4.60%",100,4.6,0
2026-05-05,2025-07-29,"4.85%",125,4.85,0
2026-05-05,2025-07-29,"5.10%",150,5.1,0
2026-05-05,2025-07-29,"5.35%",175,5.35,0
2026-05-05,2025-07-29,"5.60%",200,5.6,0
2026-05-05,2025-07-29,"5.85%",225,5.85,0
2026-05-05,2025-07-29,"6.10%",250,6.1,0
2026-05-05,2025-07-30,"0.10%",-300,0.1,0
2026-05-05,2025-07-30,"0.35%",-300,0.35,0
2026-05-05,2025-07-30,"0.60%",-300,0.6,0
2026-05-05,2025-07-30,"0.85%",-275,0.85,0
2026-05-05,2025-07-30,"1.10%",-250,1.1,0
2026-05-05,2025-07-30,"1.35%",-225,1.35,0
2026-05-05,2025-07-30,"1.60%",-200,1.6,0
2026-05-05,2025-07-30,"1.85%",-175,1.85,0
2026-05-05,2025-07-30,"2.10%",-150,2.1,0
2026-05-05,2025-07-30,"2.35%",-125,2.35,0.0380818217958147
2026-05-05,2025-07-30,"2.60%",-100,2.6,0.129145923418085
2026-05-05,2025-07-30,"2.85%",-75,2.85,0.25447065235921
2026-05-05,2025-07-30,"3.10%",-50,3.1,0.291615778798252
2026-05-05,2025-07-30,"3.35%",-25,3.35,0.194396593671859
2026-05-05,2025-07-30,"3.60%",0,3.6,0.0753376101798137
2026-05-05,2025-07-30,"3.85%",25,3.85,0.0169516197769663
2026-05-05,2025-07-30,"4.10%",50,4.1,0
2026-05-05,2025-07-30,"4.35%",75,4.35,0
2026-05-05,2025-07-30,"4.60%",100,4.6,0
2026-05-05,2025-07-30,"4.85%",125,4.85,0
2026-05-05,2025-07-30,"5.10%",150,5.1,0
2026-05-05,2025-07-30,"5.35%",175,5.35,0
2026-05-05,2025-07-30,"5.60%",200,5.6,0
2026-05-05,2025-07-30,"5.85%",225,5.85,0
2026-05-05,2025-07-30,"6.10%",250,6.1,0
2026-05-05,2025-07-31,"0.10%",-300,0.1,0
2026-05-05,2025-07-31,"0.35%",-300,0.35,0
2026-05-05,2025-07-31,"0.60%",-300,0.6,0
2026-05-05,2025-07-31,"0.85%",-275,0.85,0
2026-05-05,2025-07-31,"1.10%",-250,1.1,0
2026-05-05,2025-07-31,"1.35%",-225,1.35,0
2026-05-05,2025-07-31,"1.60%",-200,1.6,0
2026-05-05,2025-07-31,"1.85%",-175,1.85,0
2026-05-05,2025-07-31,"2.10%",-150,2.1,0
2026-05-05,2025-07-31,"2.35%",-125,2.35,0.0381605400902864
2026-05-05,2025-07-31,"2.60%",-100,2.6,0.11501915004607
2026-05-05,2025-07-31,"2.85%",-75,2.85,0.221234850166059
2026-05-05,2025-07-31,"3.10%",-50,3.1,0.271701584115073
2026-05-05,2025-07-31,"3.35%",-25,3.35,0.213088404506847
2026-05-05,2025-07-31,"3.60%",0,3.6,0.106701213779081
2026-05-05,2025-07-31,"3.85%",25,3.85,0.0340942572965837
2026-05-05,2025-07-31,"4.10%",50,4.1,0
2026-05-05,2025-07-31,"4.35%",75,4.35,0
2026-05-05,2025-07-31,"4.60%",100,4.6,0
2026-05-05,2025-07-31,"4.85%",125,4.85,0
2026-05-05,2025-07-31,"5.10%",150,5.1,0
2026-05-05,2025-07-31,"5.35%",175,5.35,0
2026-05-05,2025-07-31,"5.60%",200,5.6,0
2026-05-05,2025-07-31,"5.85%",225,5.85,0
2026-05-05,2025-07-31,"6.10%",250,6.1,0
2026-05-05,2025-08-01,"0.10%",-300,0.1,0
2026-05-05,2025-08-01,"0.35%",-300,0.35,0
2026-05-05,2025-08-01,"0.60%",-300,0.6,0
2026-05-05,2025-08-01,"0.85%",-275,0.85,0
2026-05-05,2025-08-01,"1.10%",-250,1.1,0
2026-05-05,2025-08-01,"1.35%",-225,1.35,0
2026-05-05,2025-08-01,"1.60%",-200,1.6,0
2026-05-05,2025-08-01,"1.85%",-175,1.85,0
2026-05-05,2025-08-01,"2.10%",-150,2.1,0
2026-05-05,2025-08-01,"2.35%",-125,2.35,0.0364599549738408
2026-05-05,2025-08-01,"2.60%",-100,2.6,0.113578503825401
2026-05-05,2025-08-01,"2.85%",-75,2.85,0.222770648695895
2026-05-05,2025-08-01,"3.10%",-50,3.1,0.275269196929305
2026-05-05,2025-08-01,"3.35%",-25,3.35,0.214327679334092
2026-05-05,2025-08-01,"3.60%",0,3.6,0.105128794819022
2026-05-05,2025-08-01,"3.85%",25,3.85,0.0324652214224437
2026-05-05,2025-08-01,"4.10%",50,4.1,0
2026-05-05,2025-08-01,"4.35%",75,4.35,0
2026-05-05,2025-08-01,"4.60%",100,4.6,0
2026-05-05,2025-08-01,"4.85%",125,4.85,0
2026-05-05,2025-08-01,"5.10%",150,5.1,0
2026-05-05,2025-08-01,"5.35%",175,5.35,0
2026-05-05,2025-08-01,"5.60%",200,5.6,0
2026-05-05,2025-08-01,"5.85%",225,5.85,0
2026-05-05,2025-08-01,"6.10%",250,6.1,0
2026-05-05,2025-08-03,"0.10%",-300,0.1,0
2026-05-05,2025-08-03,"0.35%",-300,0.35,0
2026-05-05,2025-08-03,"0.60%",-300,0.6,0
2026-05-05,2025-08-03,"0.85%",-275,0.85,0
2026-05-05,2025-08-03,"1.10%",-250,1.1,0
2026-05-05,2025-08-03,"1.35%",-225,1.35,0
2026-05-05,2025-08-03,"1.60%",-200,1.6,0
2026-05-05,2025-08-03,"1.85%",-175,1.85,0.0204120291534476
2026-05-05,2025-08-03,"2.10%",-150,2.1,0.0468813293091861
2026-05-05,2025-08-03,"2.35%",-125,2.35,0.0882581782425009
2026-05-05,2025-08-03,"2.60%",-100,2.6,0.13619762204336
2026-05-05,2025-08-03,"2.85%",-75,2.85,0.172288514580159
2026-05-05,2025-08-03,"3.10%",-50,3.1,0.178657941233953
2026-05-05,2025-08-03,"3.35%",-25,3.35,0.151868813555878
2026-05-05,2025-08-03,"3.60%",0,3.6,0.105825500070823
2026-05-05,2025-08-03,"3.85%",25,3.85,0.0604472962737842
2026-05-05,2025-08-03,"4.10%",50,4.1,0.028301666596443
2026-05-05,2025-08-03,"4.35%",75,4.35,0.0108611089404654
2026-05-05,2025-08-03,"4.60%",100,4.6,0
2026-05-05,2025-08-03,"4.85%",125,4.85,0
2026-05-05,2025-08-03,"5.10%",150,5.1,0
2026-05-05,2025-08-03,"5.35%",175,5.35,0
2026-05-05,2025-08-03,"5.60%",200,5.6,0
2026-05-05,2025-08-03,"5.85%",225,5.85,0
2026-05-05,2025-08-03,"6.10%",250,6.1,0
2026-05-05,2025-08-04,"0.10%",-300,0.1,0
2026-05-05,2025-08-04,"0.35%",-300,0.35,0
2026-05-05,2025-08-04,"0.60%",-300,0.6,0
2026-05-05,2025-08-04,"0.85%",-275,0.85,0
2026-05-05,2025-08-04,"1.10%",-250,1.1,0
2026-05-05,2025-08-04,"1.35%",-225,1.35,0
2026-05-05,2025-08-04,"1.60%",-200,1.6,0.0183610857209193
2026-05-05,2025-08-04,"1.85%",-175,1.85,0.0374527454241754
2026-05-05,2025-08-04,"2.10%",-150,2.1,0.0661184848583187
2026-05-05,2025-08-04,"2.35%",-125,2.35,0.10102347594683
2026-05-05,2025-08-04,"2.60%",-100,2.6,0.133593895679276
2026-05-05,2025-08-04,"2.85%",-75,2.85,0.152904034922363
2026-05-05,2025-08-04,"3.10%",-50,3.1,0.151467976217984
2026-05-05,2025-08-04,"3.35%",-25,3.35,0.129865005521865
2026-05-05,2025-08-04,"3.60%",0,3.6,0.0963676259912438
2026-05-05,2025-08-04,"3.85%",25,3.85,0.0618920044412277
2026-05-05,2025-08-04,"4.10%",50,4.1,0.0344030847795615
2026-05-05,2025-08-04,"4.35%",75,4.35,0.0165505804962351
2026-05-05,2025-08-04,"4.60%",100,4.6,0
2026-05-05,2025-08-04,"4.85%",125,4.85,0
2026-05-05,2025-08-04,"5.10%",150,5.1,0
2026-05-05,2025-08-04,"5.35%",175,5.35,0
2026-05-05,2025-08-04,"5.60%",200,5.6,0
2026-05-05,2025-08-04,"5.85%",225,5.85,0
2026-05-05,2025-08-04,"6.10%",250,6.1,0
2026-05-05,2025-08-05,"0.10%",-300,0.1,0
2026-05-05,2025-08-05,"0.35%",-300,0.35,0
2026-05-05,2025-08-05,"0.60%",-300,0.6,0
2026-05-05,2025-08-05,"0.85%",-275,0.85,0
2026-05-05,2025-08-05,"1.10%",-250,1.1,0
2026-05-05,2025-08-05,"1.35%",-225,1.35,0
2026-05-05,2025-08-05,"1.60%",-200,1.6,0
2026-05-05,2025-08-05,"1.85%",-175,1.85,0
2026-05-05,2025-08-05,"2.10%",-150,2.1,0
2026-05-05,2025-08-05,"2.35%",-125,2.35,0.0550912487324681
2026-05-05,2025-08-05,"2.60%",-100,2.6,0.170413966205907
2026-05-05,2025-08-05,"2.85%",-75,2.85,0.293933686975747
2026-05-05,2025-08-05,"3.10%",-50,3.1,0.28297445842759
2026-05-05,2025-08-05,"3.35%",-25,3.35,0.152043528316317
2026-05-05,2025-08-05,"3.60%",0,3.6,0.045543111341971
2026-05-05,2025-08-05,"3.85%",25,3.85,0
2026-05-05,2025-08-05,"4.10%",50,4.1,0
2026-05-05,2025-08-05,"4.35%",75,4.35,0
2026-05-05,2025-08-05,"4.60%",100,4.6,0
2026-05-05,2025-08-05,"4.85%",125,4.85,0
2026-05-05,2025-08-05,"5.10%",150,5.1,0
2026-05-05,2025-08-05,"5.35%",175,5.35,0
2026-05-05,2025-08-05,"5.60%",200,5.6,0
2026-05-05,2025-08-05,"5.85%",225,5.85,0
2026-05-05,2025-08-05,"6.10%",250,6.1,0
2026-05-05,2025-08-06,"0.10%",-300,0.1,0
2026-05-05,2025-08-06,"0.35%",-300,0.35,0
2026-05-05,2025-08-06,"0.60%",-300,0.6,0
2026-05-05,2025-08-06,"0.85%",-275,0.85,0
2026-05-05,2025-08-06,"1.10%",-250,1.1,0
2026-05-05,2025-08-06,"1.35%",-225,1.35,0
2026-05-05,2025-08-06,"1.60%",-200,1.6,0
2026-05-05,2025-08-06,"1.85%",-175,1.85,0
2026-05-05,2025-08-06,"2.10%",-150,2.1,0.0142370326547002
2026-05-05,2025-08-06,"2.35%",-125,2.35,0.0633173890683252
2026-05-05,2025-08-06,"2.60%",-100,2.6,0.169199871138392
2026-05-05,2025-08-06,"2.85%",-75,2.85,0.271976007276748
2026-05-05,2025-08-06,"3.10%",-50,3.1,0.263124325737249
2026-05-05,2025-08-06,"3.35%",-25,3.35,0.153205287492574
2026-05-05,2025-08-06,"3.60%",0,3.6,0.0536524733324686
2026-05-05,2025-08-06,"3.85%",25,3.85,0.0112876132995436
2026-05-05,2025-08-06,"4.10%",50,4.1,0
2026-05-05,2025-08-06,"4.35%",75,4.35,0
2026-05-05,2025-08-06,"4.60%",100,4.6,0
2026-05-05,2025-08-06,"4.85%",125,4.85,0
2026-05-05,2025-08-06,"5.10%",150,5.1,0
2026-05-05,2025-08-06,"5.35%",175,5.35,0
2026-05-05,2025-08-06,"5.60%",200,5.6,0
2026-05-05,2025-08-06,"5.85%",225,5.85,0
2026-05-05,2025-08-06,"6.10%",250,6.1,0
2026-05-05,2025-08-07,"0.10%",-300,0.1,0
2026-05-05,2025-08-07,"0.35%",-300,0.35,0
2026-05-05,2025-08-07,"0.60%",-300,0.6,0
2026-05-05,2025-08-07,"0.85%",-275,0.85,0
2026-05-05,2025-08-07,"1.10%",-250,1.1,0
2026-05-05,2025-08-07,"1.35%",-225,1.35,0
2026-05-05,2025-08-07,"1.60%",-200,1.6,0
2026-05-05,2025-08-07,"1.85%",-175,1.85,0
2026-05-05,2025-08-07,"2.10%",-150,2.1,0.0140629240501068
2026-05-05,2025-08-07,"2.35%",-125,2.35,0.0647595558182757
2026-05-05,2025-08-07,"2.60%",-100,2.6,0.175763454991252
2026-05-05,2025-08-07,"2.85%",-75,2.85,0.281510807244591
2026-05-05,2025-08-07,"3.10%",-50,3.1,0.266242547633725
2026-05-05,2025-08-07,"3.35%",-25,3.35,0.148676626025042
2026-05-05,2025-08-07,"3.60%",0,3.6,0.0489840842370078
2026-05-05,2025-08-07,"3.85%",25,3.85,0
2026-05-05,2025-08-07,"4.10%",50,4.1,0
2026-05-05,2025-08-07,"4.35%",75,4.35,0
2026-05-05,2025-08-07,"4.60%",100,4.6,0
2026-05-05,2025-08-07,"4.85%",125,4.85,0
2026-05-05,2025-08-07,"5.10%",150,5.1,0
2026-05-05,2025-08-07,"5.35%",175,5.35,0
2026-05-05,2025-08-07,"5.60%",200,5.6,0
2026-05-05,2025-08-07,"5.85%",225,5.85,0
2026-05-05,2025-08-07,"6.10%",250,6.1,0
2026-05-05,2025-08-10,"0.10%",-300,0.1,0
2026-05-05,2025-08-10,"0.35%",-300,0.35,0
2026-05-05,2025-08-10,"0.60%",-300,0.6,0
2026-05-05,2025-08-10,"0.85%",-275,0.85,0
2026-05-05,2025-08-10,"1.10%",-250,1.1,0
2026-05-05,2025-08-10,"1.35%",-225,1.35,0
2026-05-05,2025-08-10,"1.60%",-200,1.6,0
2026-05-05,2025-08-10,"1.85%",-175,1.85,0
2026-05-05,2025-08-10,"2.10%",-150,2.1,0
2026-05-05,2025-08-10,"2.35%",-125,2.35,0.0537185966688419
2026-05-05,2025-08-10,"2.60%",-100,2.6,0.174651551297187
2026-05-05,2025-08-10,"2.85%",-75,2.85,0.304533490839041
2026-05-05,2025-08-10,"3.10%",-50,3.1,0.285134755875095
2026-05-05,2025-08-10,"3.35%",-25,3.35,0.143335065051844
2026-05-05,2025-08-10,"3.60%",0,3.6,0.0386265402679917
2026-05-05,2025-08-10,"3.85%",25,3.85,0
2026-05-05,2025-08-10,"4.10%",50,4.1,0
2026-05-05,2025-08-10,"4.35%",75,4.35,0
2026-05-05,2025-08-10,"4.60%",100,4.6,0
2026-05-05,2025-08-10,"4.85%",125,4.85,0
2026-05-05,2025-08-10,"5.10%",150,5.1,0
2026-05-05,2025-08-10,"5.35%",175,5.35,0
2026-05-05,2025-08-10,"5.60%",200,5.6,0
2026-05-05,2025-08-10,"5.85%",225,5.85,0
2026-05-05,2025-08-10,"6.10%",250,6.1,0
2026-05-05,2025-08-11,"0.10%",-300,0.1,0
2026-05-05,2025-08-11,"0.35%",-300,0.35,0
2026-05-05,2025-08-11,"0.60%",-300,0.6,0
2026-05-05,2025-08-11,"0.85%",-275,0.85,0
2026-05-05,2025-08-11,"1.10%",-250,1.1,0
2026-05-05,2025-08-11,"1.35%",-225,1.35,0
2026-05-05,2025-08-11,"1.60%",-200,1.6,0
2026-05-05,2025-08-11,"1.85%",-175,1.85,0
2026-05-05,2025-08-11,"2.10%",-150,2.1,0
2026-05-05,2025-08-11,"2.35%",-125,2.35,0.0510747201481794
2026-05-05,2025-08-11,"2.60%",-100,2.6,0.173855155412494
2026-05-05,2025-08-11,"2.85%",-75,2.85,0.309519069466794
2026-05-05,2025-08-11,"3.10%",-50,3.1,0.288625388127925
2026-05-05,2025-08-11,"3.35%",-25,3.35,0.140945298619617
2026-05-05,2025-08-11,"3.60%",0,3.6,0.0359803682249912
2026-05-05,2025-08-11,"3.85%",25,3.85,0
2026-05-05,2025-08-11,"4.10%",50,4.1,0
2026-05-05,2025-08-11,"4.35%",75,4.35,0
2026-05-05,2025-08-11,"4.60%",100,4.6,0
2026-05-05,2025-08-11,"4.85%",125,4.85,0
2026-05-05,2025-08-11,"5.10%",150,5.1,0
2026-05-05,2025-08-11,"5.35%",175,5.35,0
2026-05-05,2025-08-11,"5.60%",200,5.6,0
2026-05-05,2025-08-11,"5.85%",225,5.85,0
2026-05-05,2025-08-11,"6.10%",250,6.1,0
2026-05-05,2025-08-12,"0.10%",-300,0.1,0
2026-05-05,2025-08-12,"0.35%",-300,0.35,0
2026-05-05,2025-08-12,"0.60%",-300,0.6,0
2026-05-05,2025-08-12,"0.85%",-275,0.85,0
2026-05-05,2025-08-12,"1.10%",-250,1.1,0
2026-05-05,2025-08-12,"1.35%",-225,1.35,0
2026-05-05,2025-08-12,"1.60%",-200,1.6,0
2026-05-05,2025-08-12,"1.85%",-175,1.85,0
2026-05-05,2025-08-12,"2.10%",-150,2.1,0
2026-05-05,2025-08-12,"2.35%",-125,2.35,0.0494664133054609
2026-05-05,2025-08-12,"2.60%",-100,2.6,0.172721521098647
2026-05-05,2025-08-12,"2.85%",-75,2.85,0.311567885906139
2026-05-05,2025-08-12,"3.10%",-50,3.1,0.290810546356668
2026-05-05,2025-08-12,"3.35%",-25,3.35,0.140422577074668
2026-05-05,2025-08-12,"3.60%",0,3.6,0.0350110562584173
2026-05-05,2025-08-12,"3.85%",25,3.85,0
2026-05-05,2025-08-12,"4.10%",50,4.1,0
2026-05-05,2025-08-12,"4.35%",75,4.35,0
2026-05-05,2025-08-12,"4.60%",100,4.6,0
2026-05-05,2025-08-12,"4.85%",125,4.85,0
2026-05-05,2025-08-12,"5.10%",150,5.1,0
2026-05-05,2025-08-12,"5.35%",175,5.35,0
2026-05-05,2025-08-12,"5.60%",200,5.6,0
2026-05-05,2025-08-12,"5.85%",225,5.85,0
2026-05-05,2025-08-12,"6.10%",250,6.1,0
2026-05-05,2025-08-13,"0.10%",-300,0.1,0
2026-05-05,2025-08-13,"0.35%",-300,0.35,0
2026-05-05,2025-08-13,"0.60%",-300,0.6,0
2026-05-05,2025-08-13,"0.85%",-275,0.85,0
2026-05-05,2025-08-13,"1.10%",-250,1.1,0
2026-05-05,2025-08-13,"1.35%",-225,1.35,0
2026-05-05,2025-08-13,"1.60%",-200,1.6,0
2026-05-05,2025-08-13,"1.85%",-175,1.85,0
2026-05-05,2025-08-13,"2.10%",-150,2.1,0
2026-05-05,2025-08-13,"2.35%",-125,2.35,0.0433858105174316
2026-05-05,2025-08-13,"2.60%",-100,2.6,0.169471423196093
2026-05-05,2025-08-13,"2.85%",-75,2.85,0.322374292763089
2026-05-05,2025-08-13,"3.10%",-50,3.1,0.299296606526849
2026-05-05,2025-08-13,"3.35%",-25,3.35,0.135583120761091
2026-05-05,2025-08-13,"3.60%",0,3.6,0.0298887462354468
2026-05-05,2025-08-13,"3.85%",25,3.85,0
2026-05-05,2025-08-13,"4.10%",50,4.1,0
2026-05-05,2025-08-13,"4.35%",75,4.35,0
2026-05-05,2025-08-13,"4.60%",100,4.6,0
2026-05-05,2025-08-13,"4.85%",125,4.85,0
2026-05-05,2025-08-13,"5.10%",150,5.1,0
2026-05-05,2025-08-13,"5.35%",175,5.35,0
2026-05-05,2025-08-13,"5.60%",200,5.6,0
2026-05-05,2025-08-13,"5.85%",225,5.85,0
2026-05-05,2025-08-13,"6.10%",250,6.1,0
2026-05-05,2025-08-14,"0.10%",-300,0.1,0
2026-05-05,2025-08-14,"0.35%",-300,0.35,0
2026-05-05,2025-08-14,"0.60%",-300,0.6,0
2026-05-05,2025-08-14,"0.85%",-275,0.85,0
2026-05-05,2025-08-14,"1.10%",-250,1.1,0
2026-05-05,2025-08-14,"1.35%",-225,1.35,0
2026-05-05,2025-08-14,"1.60%",-200,1.6,0
2026-05-05,2025-08-14,"1.85%",-175,1.85,0
2026-05-05,2025-08-14,"2.10%",-150,2.1,0
2026-05-05,2025-08-14,"2.35%",-125,2.35,0.0439896658933794
2026-05-05,2025-08-14,"2.60%",-100,2.6,0.169782333944214
2026-05-05,2025-08-14,"2.85%",-75,2.85,0.321182078240581
2026-05-05,2025-08-14,"3.10%",-50,3.1,0.29843889611635
2026-05-05,2025-08-14,"3.35%",-25,3.35,0.136174020001876
2026-05-05,2025-08-14,"3.60%",0,3.6,0.0304330058035994
2026-05-05,2025-08-14,"3.85%",25,3.85,0
2026-05-05,2025-08-14,"4.10%",50,4.1,0
2026-05-05,2025-08-14,"4.35%",75,4.35,0
2026-05-05,2025-08-14,"4.60%",100,4.6,0
2026-05-05,2025-08-14,"4.85%",125,4.85,0
2026-05-05,2025-08-14,"5.10%",150,5.1,0
2026-05-05,2025-08-14,"5.35%",175,5.35,0
2026-05-05,2025-08-14,"5.60%",200,5.6,0
2026-05-05,2025-08-14,"5.85%",225,5.85,0
2026-05-05,2025-08-14,"6.10%",250,6.1,0
2026-05-05,2025-08-17,"0.10%",-300,0.1,0
2026-05-05,2025-08-17,"0.35%",-300,0.35,0
2026-05-05,2025-08-17,"0.60%",-300,0.6,0
2026-05-05,2025-08-17,"0.85%",-275,0.85,0
2026-05-05,2025-08-17,"1.10%",-250,1.1,0
2026-05-05,2025-08-17,"1.35%",-225,1.35,0
2026-05-05,2025-08-17,"1.60%",-200,1.6,0
2026-05-05,2025-08-17,"1.85%",-175,1.85,0
2026-05-05,2025-08-17,"2.10%",-150,2.1,0
2026-05-05,2025-08-17,"2.35%",-125,2.35,0.0293946603076641
2026-05-05,2025-08-17,"2.60%",-100,2.6,0.15890571357709
2026-05-05,2025-08-17,"2.85%",-75,2.85,0.351896225887783
2026-05-05,2025-08-17,"3.10%",-50,3.1,0.320897161787539
2026-05-05,2025-08-17,"3.35%",-25,3.35,0.120424714913318
2026-05-05,2025-08-17,"3.60%",0,3.6,0.0184815235266051
2026-05-05,2025-08-17,"3.85%",25,3.85,0
2026-05-05,2025-08-17,"4.10%",50,4.1,0
2026-05-05,2025-08-17,"4.35%",75,4.35,0
2026-05-05,2025-08-17,"4.60%",100,4.6,0
2026-05-05,2025-08-17,"4.85%",125,4.85,0
2026-05-05,2025-08-17,"5.10%",150,5.1,0
2026-05-05,2025-08-17,"5.35%",175,5.35,0
2026-05-05,2025-08-17,"5.60%",200,5.6,0
2026-05-05,2025-08-17,"5.85%",225,5.85,0
2026-05-05,2025-08-17,"6.10%",250,6.1,0
2026-05-05,2025-08-18,"0.10%",-300,0.1,0
2026-05-05,2025-08-18,"0.35%",-300,0.35,0
2026-05-05,2025-08-18,"0.60%",-300,0.6,0
2026-05-05,2025-08-18,"0.85%",-275,0.85,0
2026-05-05,2025-08-18,"1.10%",-250,1.1,0
2026-05-05,2025-08-18,"1.35%",-225,1.35,0
2026-05-05,2025-08-18,"1.60%",-200,1.6,0
2026-05-05,2025-08-18,"1.85%",-175,1.85,0
2026-05-05,2025-08-18,"2.10%",-150,2.1,0
2026-05-05,2025-08-18,"2.35%",-125,2.35,0.0300088188080466
2026-05-05,2025-08-18,"2.60%",-100,2.6,0.159753010072313
2026-05-05,2025-08-18,"2.85%",-75,2.85,0.350944967376936
2026-05-05,2025-08-18,"3.10%",-50,3.1,0.319752521319549
2026-05-05,2025-08-18,"3.35%",-25,3.35,0.120753758603474
2026-05-05,2025-08-18,"3.60%",0,3.6,0.0187869238196801
2026-05-05,2025-08-18,"3.85%",25,3.85,0
2026-05-05,2025-08-18,"4.10%",50,4.1,0
2026-05-05,2025-08-18,"4.35%",75,4.35,0
2026-05-05,2025-08-18,"4.60%",100,4.6,0
2026-05-05,2025-08-18,"4.85%",125,4.85,0
2026-05-05,2025-08-18,"5.10%",150,5.1,0
2026-05-05,2025-08-18,"5.35%",175,5.35,0
2026-05-05,2025-08-18,"5.60%",200,5.6,0
2026-05-05,2025-08-18,"5.85%",225,5.85,0
2026-05-05,2025-08-18,"6.10%",250,6.1,0
2026-05-05,2025-08-19,"0.10%",-300,0.1,0
2026-05-05,2025-08-19,"0.35%",-300,0.35,0
2026-05-05,2025-08-19,"0.60%",-300,0.6,0
2026-05-05,2025-08-19,"0.85%",-275,0.85,0
2026-05-05,2025-08-19,"1.10%",-250,1.1,0
2026-05-05,2025-08-19,"1.35%",-225,1.35,0
2026-05-05,2025-08-19,"1.60%",-200,1.6,0
2026-05-05,2025-08-19,"1.85%",-175,1.85,0
2026-05-05,2025-08-19,"2.10%",-150,2.1,0
2026-05-05,2025-08-19,"2.35%",-125,2.35,0.0303316017440776
2026-05-05,2025-08-19,"2.60%",-100,2.6,0.143856266615173
2026-05-05,2025-08-19,"2.85%",-75,2.85,0.316080681182336
2026-05-05,2025-08-19,"3.10%",-50,3.1,0.322793221005757
2026-05-05,2025-08-19,"3.35%",-25,3.35,0.153231520239443
2026-05-05,2025-08-19,"3.60%",0,3.6,0.0337067092132134
2026-05-05,2025-08-19,"3.85%",25,3.85,0
2026-05-05,2025-08-19,"4.10%",50,4.1,0
2026-05-05,2025-08-19,"4.35%",75,4.35,0
2026-05-05,2025-08-19,"4.60%",100,4.6,0
2026-05-05,2025-08-19,"4.85%",125,4.85,0
2026-05-05,2025-08-19,"5.10%",150,5.1,0
2026-05-05,2025-08-19,"5.35%",175,5.35,0
2026-05-05,2025-08-19,"5.60%",200,5.6,0
2026-05-05,2025-08-19,"5.85%",225,5.85,0
2026-05-05,2025-08-19,"6.10%",250,6.1,0
2026-05-05,2025-08-20,"0.10%",-300,0.1,0
2026-05-05,2025-08-20,"0.35%",-300,0.35,0
2026-05-05,2025-08-20,"0.60%",-300,0.6,0
2026-05-05,2025-08-20,"0.85%",-275,0.85,0
2026-05-05,2025-08-20,"1.10%",-250,1.1,0
2026-05-05,2025-08-20,"1.35%",-225,1.35,0
2026-05-05,2025-08-20,"1.60%",-200,1.6,0
2026-05-05,2025-08-20,"1.85%",-175,1.85,0
2026-05-05,2025-08-20,"2.10%",-150,2.1,0
2026-05-05,2025-08-20,"2.35%",-125,2.35,0.0224469126644097
2026-05-05,2025-08-20,"2.60%",-100,2.6,0.134689268520143
2026-05-05,2025-08-20,"2.85%",-75,2.85,0.332790637167541
2026-05-05,2025-08-20,"3.10%",-50,3.1,0.340535529343602
2026-05-05,2025-08-20,"3.35%",-25,3.35,0.144336056963811
2026-05-05,2025-08-20,"3.60%",0,3.6,0.0252015953404931
2026-05-05,2025-08-20,"3.85%",25,3.85,0
2026-05-05,2025-08-20,"4.10%",50,4.1,0
2026-05-05,2025-08-20,"4.35%",75,4.35,0
2026-05-05,2025-08-20,"4.60%",100,4.6,0
2026-05-05,2025-08-20,"4.85%",125,4.85,0
2026-05-05,2025-08-20,"5.10%",150,5.1,0
2026-05-05,2025-08-20,"5.35%",175,5.35,0
2026-05-05,2025-08-20,"5.60%",200,5.6,0
2026-05-05,2025-08-20,"5.85%",225,5.85,0
2026-05-05,2025-08-20,"6.10%",250,6.1,0
2026-05-05,2025-08-21,"0.10%",-300,0.1,0
2026-05-05,2025-08-21,"0.35%",-300,0.35,0
2026-05-05,2025-08-21,"0.60%",-300,0.6,0
2026-05-05,2025-08-21,"0.85%",-275,0.85,0
2026-05-05,2025-08-21,"1.10%",-250,1.1,0
2026-05-05,2025-08-21,"1.35%",-225,1.35,0
2026-05-05,2025-08-21,"1.60%",-200,1.6,0
2026-05-05,2025-08-21,"1.85%",-175,1.85,0
2026-05-05,2025-08-21,"2.10%",-150,2.1,0
2026-05-05,2025-08-21,"2.35%",-125,2.35,0.0235349619282257
2026-05-05,2025-08-21,"2.60%",-100,2.6,0.136131705261579
2026-05-05,2025-08-21,"2.85%",-75,2.85,0.330278145281951
2026-05-05,2025-08-21,"3.10%",-50,3.1,0.337885847784458
2026-05-05,2025-08-21,"3.35%",-25,3.35,0.145778253278918
2026-05-05,2025-08-21,"3.60%",0,3.6,0.0263910864648686
2026-05-05,2025-08-21,"3.85%",25,3.85,0
2026-05-05,2025-08-21,"4.10%",50,4.1,0
2026-05-05,2025-08-21,"4.35%",75,4.35,0
2026-05-05,2025-08-21,"4.60%",100,4.6,0
2026-05-05,2025-08-21,"4.85%",125,4.85,0
2026-05-05,2025-08-21,"5.10%",150,5.1,0
2026-05-05,2025-08-21,"5.35%",175,5.35,0
2026-05-05,2025-08-21,"5.60%",200,5.6,0
2026-05-05,2025-08-21,"5.85%",225,5.85,0
2026-05-05,2025-08-21,"6.10%",250,6.1,0
2026-05-05,2025-08-24,"0.10%",-300,0.1,0
2026-05-05,2025-08-24,"0.35%",-300,0.35,0
2026-05-05,2025-08-24,"0.60%",-300,0.6,0
2026-05-05,2025-08-24,"0.85%",-275,0.85,0
2026-05-05,2025-08-24,"1.10%",-250,1.1,0
2026-05-05,2025-08-24,"1.35%",-225,1.35,0
2026-05-05,2025-08-24,"1.60%",-200,1.6,0
2026-05-05,2025-08-24,"1.85%",-175,1.85,0
2026-05-05,2025-08-24,"2.10%",-150,2.1,0
2026-05-05,2025-08-24,"2.35%",-125,2.35,0.013608939672557
2026-05-05,2025-08-24,"2.60%",-100,2.6,0.119205836687467
2026-05-05,2025-08-24,"2.85%",-75,2.85,0.355685001077355
2026-05-05,2025-08-24,"3.10%",-50,3.1,0.365934071359696
2026-05-05,2025-08-24,"3.35%",-25,3.35,0.129855626171993
2026-05-05,2025-08-24,"3.60%",0,3.6,0.0157105250309312
2026-05-05,2025-08-24,"3.85%",25,3.85,0
2026-05-05,2025-08-24,"4.10%",50,4.1,0
2026-05-05,2025-08-24,"4.35%",75,4.35,0
2026-05-05,2025-08-24,"4.60%",100,4.6,0
2026-05-05,2025-08-24,"4.85%",125,4.85,0
2026-05-05,2025-08-24,"5.10%",150,5.1,0
2026-05-05,2025-08-24,"5.35%",175,5.35,0
2026-05-05,2025-08-24,"5.60%",200,5.6,0
2026-05-05,2025-08-24,"5.85%",225,5.85,0
2026-05-05,2025-08-24,"6.10%",250,6.1,0
2026-05-05,2025-08-25,"0.10%",-300,0.1,0
2026-05-05,2025-08-25,"0.35%",-300,0.35,0
2026-05-05,2025-08-25,"0.60%",-300,0.6,0
2026-05-05,2025-08-25,"0.85%",-275,0.85,0
2026-05-05,2025-08-25,"1.10%",-250,1.1,0
2026-05-05,2025-08-25,"1.35%",-225,1.35,0
2026-05-05,2025-08-25,"1.60%",-200,1.6,0
2026-05-05,2025-08-25,"1.85%",-175,1.85,0
2026-05-05,2025-08-25,"2.10%",-150,2.1,0
2026-05-05,2025-08-25,"2.35%",-125,2.35,0.0139826050306811
2026-05-05,2025-08-25,"2.60%",-100,2.6,0.120066912284126
2026-05-05,2025-08-25,"2.85%",-75,2.85,0.354669376015095
2026-05-05,2025-08-25,"3.10%",-50,3.1,0.364653881830575
2026-05-05,2025-08-25,"3.35%",-25,3.35,0.130538513724253
2026-05-05,2025-08-25,"3.60%",0,3.6,0.0160887111152695
2026-05-05,2025-08-25,"3.85%",25,3.85,0
2026-05-05,2025-08-25,"4.10%",50,4.1,0
2026-05-05,2025-08-25,"4.35%",75,4.35,0
2026-05-05,2025-08-25,"4.60%",100,4.6,0
2026-05-05,2025-08-25,"4.85%",125,4.85,0
2026-05-05,2025-08-25,"5.10%",150,5.1,0
2026-05-05,2025-08-25,"5.35%",175,5.35,0
2026-05-05,2025-08-25,"5.60%",200,5.6,0
2026-05-05,2025-08-25,"5.85%",225,5.85,0
2026-05-05,2025-08-25,"6.10%",250,6.1,0
2026-05-05,2025-08-26,"0.10%",-300,0.1,0
2026-05-05,2025-08-26,"0.35%",-300,0.35,0
2026-05-05,2025-08-26,"0.60%",-300,0.6,0
2026-05-05,2025-08-26,"0.85%",-275,0.85,0
2026-05-05,2025-08-26,"1.10%",-250,1.1,0
2026-05-05,2025-08-26,"1.35%",-225,1.35,0
2026-05-05,2025-08-26,"1.60%",-200,1.6,0
2026-05-05,2025-08-26,"1.85%",-175,1.85,0
2026-05-05,2025-08-26,"2.10%",-150,2.1,0
2026-05-05,2025-08-26,"2.35%",-125,2.35,0.0179703125938764
2026-05-05,2025-08-26,"2.60%",-100,2.6,0.127926362878483
2026-05-05,2025-08-26,"2.85%",-75,2.85,0.344010613825714
2026-05-05,2025-08-26,"3.10%",-50,3.1,0.352341538794129
2026-05-05,2025-08-26,"3.35%",-25,3.35,0.137476933716131
2026-05-05,2025-08-26,"3.60%",0,3.6,0.0202742381916669
2026-05-05,2025-08-26,"3.85%",25,3.85,0
2026-05-05,2025-08-26,"4.10%",50,4.1,0
2026-05-05,2025-08-26,"4.35%",75,4.35,0
2026-05-05,2025-08-26,"4.60%",100,4.6,0
2026-05-05,2025-08-26,"4.85%",125,4.85,0
2026-05-05,2025-08-26,"5.10%",150,5.1,0
2026-05-05,2025-08-26,"5.35%",175,5.35,0
2026-05-05,2025-08-26,"5.60%",200,5.6,0
2026-05-05,2025-08-26,"5.85%",225,5.85,0
2026-05-05,2025-08-26,"6.10%",250,6.1,0
2026-05-05,2025-08-27,"0.10%",-300,0.1,0
2026-05-05,2025-08-27,"0.35%",-300,0.35,0
2026-05-05,2025-08-27,"0.60%",-300,0.6,0
2026-05-05,2025-08-27,"0.85%",-275,0.85,0
2026-05-05,2025-08-27,"1.10%",-250,1.1,0
2026-05-05,2025-08-27,"1.35%",-225,1.35,0
2026-05-05,2025-08-27,"1.60%",-200,1.6,0
2026-05-05,2025-08-27,"1.85%",-175,1.85,0
2026-05-05,2025-08-27,"2.10%",-150,2.1,0
2026-05-05,2025-08-27,"2.35%",-125,2.35,0
2026-05-05,2025-08-27,"2.60%",-100,2.6,0.107193623912292
2026-05-05,2025-08-27,"2.85%",-75,2.85,0.376887140682524
2026-05-05,2025-08-27,"3.10%",-50,3.1,0.388369147879857
2026-05-05,2025-08-27,"3.35%",-25,3.35,0.117359581334655
2026-05-05,2025-08-27,"3.60%",0,3.6,0.0101905061906728
2026-05-05,2025-08-27,"3.85%",25,3.85,0
2026-05-05,2025-08-27,"4.10%",50,4.1,0
2026-05-05,2025-08-27,"4.35%",75,4.35,0
2026-05-05,2025-08-27,"4.60%",100,4.6,0
2026-05-05,2025-08-27,"4.85%",125,4.85,0
2026-05-05,2025-08-27,"5.10%",150,5.1,0
2026-05-05,2025-08-27,"5.35%",175,5.35,0
2026-05-05,2025-08-27,"5.60%",200,5.6,0
2026-05-05,2025-08-27,"5.85%",225,5.85,0
2026-05-05,2025-08-27,"6.10%",250,6.1,0
2026-05-05,2025-08-28,"0.10%",-300,0.1,0
2026-05-05,2025-08-28,"0.35%",-300,0.35,0
2026-05-05,2025-08-28,"0.60%",-300,0.6,0
2026-05-05,2025-08-28,"0.85%",-275,0.85,0
2026-05-05,2025-08-28,"1.10%",-250,1.1,0
2026-05-05,2025-08-28,"1.35%",-225,1.35,0
2026-05-05,2025-08-28,"1.60%",-200,1.6,0
2026-05-05,2025-08-28,"1.85%",-175,1.85,0
2026-05-05,2025-08-28,"2.10%",-150,2.1,0
2026-05-05,2025-08-28,"2.35%",-125,2.35,0.0116453277183414
2026-05-05,2025-08-28,"2.60%",-100,2.6,0.114793793270831
2026-05-05,2025-08-28,"2.85%",-75,2.85,0.362681362079402
2026-05-05,2025-08-28,"3.10%",-50,3.1,0.372786597510093
2026-05-05,2025-08-28,"3.35%",-25,3.35,0.124708630485142
2026-05-05,2025-08-28,"3.60%",0,3.6,0.0133842889361897
2026-05-05,2025-08-28,"3.85%",25,3.85,0
2026-05-05,2025-08-28,"4.10%",50,4.1,0
2026-05-05,2025-08-28,"4.35%",75,4.35,0
2026-05-05,2025-08-28,"4.60%",100,4.6,0
2026-05-05,2025-08-28,"4.85%",125,4.85,0
2026-05-05,2025-08-28,"5.10%",150,5.1,0
2026-05-05,2025-08-28,"5.35%",175,5.35,0
2026-05-05,2025-08-28,"5.60%",200,5.6,0
2026-05-05,2025-08-28,"5.85%",225,5.85,0
2026-05-05,2025-08-28,"6.10%",250,6.1,0
2026-05-05,2025-08-31,"0.10%",-300,0.1,0
2026-05-05,2025-08-31,"0.35%",-300,0.35,0
2026-05-05,2025-08-31,"0.60%",-300,0.6,0
2026-05-05,2025-08-31,"0.85%",-275,0.85,0
2026-05-05,2025-08-31,"1.10%",-250,1.1,0
2026-05-05,2025-08-31,"1.35%",-225,1.35,0
2026-05-05,2025-08-31,"1.60%",-200,1.6,0
2026-05-05,2025-08-31,"1.85%",-175,1.85,0
2026-05-05,2025-08-31,"2.10%",-150,2.1,0
2026-05-05,2025-08-31,"2.35%",-125,2.35,0.0105492369885231
2026-05-05,2025-08-31,"2.60%",-100,2.6,0.111858229348504
2026-05-05,2025-08-31,"2.85%",-75,2.85,0.366398344396923
2026-05-05,2025-08-31,"3.10%",-50,3.1,0.377045003873467
2026-05-05,2025-08-31,"3.35%",-25,3.35,0.121951009762851
2026-05-05,2025-08-31,"3.60%",0,3.6,0.0121981756297322
2026-05-05,2025-08-31,"3.85%",25,3.85,0
2026-05-05,2025-08-31,"4.10%",50,4.1,0
2026-05-05,2025-08-31,"4.35%",75,4.35,0
2026-05-05,2025-08-31,"4.60%",100,4.6,0
2026-05-05,2025-08-31,"4.85%",125,4.85,0
2026-05-05,2025-08-31,"5.10%",150,5.1,0
2026-05-05,2025-08-31,"5.35%",175,5.35,0
2026-05-05,2025-08-31,"5.60%",200,5.6,0
2026-05-05,2025-08-31,"5.85%",225,5.85,0
2026-05-05,2025-08-31,"6.10%",250,6.1,0
2026-05-05,2025-09-01,"0.10%",-300,0.1,0
2026-05-05,2025-09-01,"0.35%",-300,0.35,0
2026-05-05,2025-09-01,"0.60%",-300,0.6,0
2026-05-05,2025-09-01,"0.85%",-275,0.85,0
2026-05-05,2025-09-01,"1.10%",-250,1.1,0
2026-05-05,2025-09-01,"1.35%",-225,1.35,0
2026-05-05,2025-09-01,"1.60%",-200,1.6,0
2026-05-05,2025-09-01,"1.85%",-175,1.85,0
2026-05-05,2025-09-01,"2.10%",-150,2.1,0
2026-05-05,2025-09-01,"2.35%",-125,2.35,0
2026-05-05,2025-09-01,"2.60%",-100,2.6,0.111113618939491
2026-05-05,2025-09-01,"2.85%",-75,2.85,0.372823063386894
2026-05-05,2025-09-01,"3.10%",-50,3.1,0.383530488654273
2026-05-05,2025-09-01,"3.35%",-25,3.35,0.121023024951494
2026-05-05,2025-09-01,"3.60%",0,3.6,0.0115098040678479
2026-05-05,2025-09-01,"3.85%",25,3.85,0
2026-05-05,2025-09-01,"4.10%",50,4.1,0
2026-05-05,2025-09-01,"4.35%",75,4.35,0
2026-05-05,2025-09-01,"4.60%",100,4.6,0
2026-05-05,2025-09-01,"4.85%",125,4.85,0
2026-05-05,2025-09-01,"5.10%",150,5.1,0
2026-05-05,2025-09-01,"5.35%",175,5.35,0
2026-05-05,2025-09-01,"5.60%",200,5.6,0
2026-05-05,2025-09-01,"5.85%",225,5.85,0
2026-05-05,2025-09-01,"6.10%",250,6.1,0
2026-05-05,2025-09-02,"0.10%",-300,0.1,0
2026-05-05,2025-09-02,"0.35%",-300,0.35,0
2026-05-05,2025-09-02,"0.60%",-300,0.6,0
2026-05-05,2025-09-02,"0.85%",-275,0.85,0
2026-05-05,2025-09-02,"1.10%",-250,1.1,0
2026-05-05,2025-09-02,"1.35%",-225,1.35,0
2026-05-05,2025-09-02,"1.60%",-200,1.6,0
2026-05-05,2025-09-02,"1.85%",-175,1.85,0
2026-05-05,2025-09-02,"2.10%",-150,2.1,0
2026-05-05,2025-09-02,"2.35%",-125,2.35,0
2026-05-05,2025-09-02,"2.60%",-100,2.6,0.10862050483837
2026-05-05,2025-09-02,"2.85%",-75,2.85,0.381755009928856
2026-05-05,2025-09-02,"3.10%",-50,3.1,0.391980114266404
2026-05-05,2025-09-02,"3.35%",-25,3.35,0.11764437096637
2026-05-05,2025-09-02,"3.60%",0,3.6,0
2026-05-05,2025-09-02,"3.85%",25,3.85,0
2026-05-05,2025-09-02,"4.10%",50,4.1,0
2026-05-05,2025-09-02,"4.35%",75,4.35,0
2026-05-05,2025-09-02,"4.60%",100,4.6,0
2026-05-05,2025-09-02,"4.85%",125,4.85,0
2026-05-05,2025-09-02,"5.10%",150,5.1,0
2026-05-05,2025-09-02,"5.35%",175,5.35,0
2026-05-05,2025-09-02,"5.60%",200,5.6,0
2026-05-05,2025-09-02,"5.85%",225,5.85,0
2026-05-05,2025-09-02,"6.10%",250,6.1,0
2026-05-05,2025-09-03,"0.10%",-300,0.1,0
2026-05-05,2025-09-03,"0.35%",-300,0.35,0
2026-05-05,2025-09-03,"0.60%",-300,0.6,0
2026-05-05,2025-09-03,"0.85%",-275,0.85,0
2026-05-05,2025-09-03,"1.10%",-250,1.1,0
2026-05-05,2025-09-03,"1.35%",-225,1.35,0
2026-05-05,2025-09-03,"1.60%",-200,1.6,0
2026-05-05,2025-09-03,"1.85%",-175,1.85,0
2026-05-05,2025-09-03,"2.10%",-150,2.1,0
2026-05-05,2025-09-03,"2.35%",-125,2.35,0
2026-05-05,2025-09-03,"2.60%",-100,2.6,0.0961903652615753
2026-05-05,2025-09-03,"2.85%",-75,2.85,0.361067513944112
2026-05-05,2025-09-03,"3.10%",-50,3.1,0.399657377866527
2026-05-05,2025-09-03,"3.35%",-25,3.35,0.130694821870768
2026-05-05,2025-09-03,"3.60%",0,3.6,0.0123899210570178
2026-05-05,2025-09-03,"3.85%",25,3.85,0
2026-05-05,2025-09-03,"4.10%",50,4.1,0
2026-05-05,2025-09-03,"4.35%",75,4.35,0
2026-05-05,2025-09-03,"4.60%",100,4.6,0
2026-05-05,2025-09-03,"4.85%",125,4.85,0
2026-05-05,2025-09-03,"5.10%",150,5.1,0
2026-05-05,2025-09-03,"5.35%",175,5.35,0
2026-05-05,2025-09-03,"5.60%",200,5.6,0
2026-05-05,2025-09-03,"5.85%",225,5.85,0
2026-05-05,2025-09-03,"6.10%",250,6.1,0
2026-05-05,2025-09-04,"0.10%",-300,0.1,0
2026-05-05,2025-09-04,"0.35%",-300,0.35,0
2026-05-05,2025-09-04,"0.60%",-300,0.6,0
2026-05-05,2025-09-04,"0.85%",-275,0.85,0
2026-05-05,2025-09-04,"1.10%",-250,1.1,0
2026-05-05,2025-09-04,"1.35%",-225,1.35,0
2026-05-05,2025-09-04,"1.60%",-200,1.6,0
2026-05-05,2025-09-04,"1.85%",-175,1.85,0
2026-05-05,2025-09-04,"2.10%",-150,2.1,0
2026-05-05,2025-09-04,"2.35%",-125,2.35,0
2026-05-05,2025-09-04,"2.60%",-100,2.6,0.0699657585559908
2026-05-05,2025-09-04,"2.85%",-75,2.85,0.386207365793015
2026-05-05,2025-09-04,"3.10%",-50,3.1,0.439885075859743
2026-05-05,2025-09-04,"3.35%",-25,3.35,0.10394179979125
2026-05-05,2025-09-04,"3.60%",0,3.6,0
2026-05-05,2025-09-04,"3.85%",25,3.85,0
2026-05-05,2025-09-04,"4.10%",50,4.1,0
2026-05-05,2025-09-04,"4.35%",75,4.35,0
2026-05-05,2025-09-04,"4.60%",100,4.6,0
2026-05-05,2025-09-04,"4.85%",125,4.85,0
2026-05-05,2025-09-04,"5.10%",150,5.1,0
2026-05-05,2025-09-04,"5.35%",175,5.35,0
2026-05-05,2025-09-04,"5.60%",200,5.6,0
2026-05-05,2025-09-04,"5.85%",225,5.85,0
2026-05-05,2025-09-04,"6.10%",250,6.1,0
2026-05-05,2025-09-07,"0.10%",-300,0.1,0
2026-05-05,2025-09-07,"0.35%",-300,0.35,0
2026-05-05,2025-09-07,"0.60%",-300,0.6,0
2026-05-05,2025-09-07,"0.85%",-275,0.85,0
2026-05-05,2025-09-07,"1.10%",-250,1.1,0
2026-05-05,2025-09-07,"1.35%",-225,1.35,0
2026-05-05,2025-09-07,"1.60%",-200,1.6,0
2026-05-05,2025-09-07,"1.85%",-175,1.85,0
2026-05-05,2025-09-07,"2.10%",-150,2.1,0
2026-05-05,2025-09-07,"2.35%",-125,2.35,0.0104283010864607
2026-05-05,2025-09-07,"2.60%",-100,2.6,0.105164263326486
2026-05-05,2025-09-07,"2.85%",-75,2.85,0.347334944265821
2026-05-05,2025-09-07,"3.10%",-50,3.1,0.381189570916122
2026-05-05,2025-09-07,"3.35%",-25,3.35,0.139186184059175
2026-05-05,2025-09-07,"3.60%",0,3.6,0.0166967363459349
2026-05-05,2025-09-07,"3.85%",25,3.85,0
2026-05-05,2025-09-07,"4.10%",50,4.1,0
2026-05-05,2025-09-07,"4.35%",75,4.35,0
2026-05-05,2025-09-07,"4.60%",100,4.6,0
2026-05-05,2025-09-07,"4.85%",125,4.85,0
2026-05-05,2025-09-07,"5.10%",150,5.1,0
2026-05-05,2025-09-07,"5.35%",175,5.35,0
2026-05-05,2025-09-07,"5.60%",200,5.6,0
2026-05-05,2025-09-07,"5.85%",225,5.85,0
2026-05-05,2025-09-07,"6.10%",250,6.1,0
2026-05-05,2025-09-08,"0.10%",-300,0.1,0
2026-05-05,2025-09-08,"0.35%",-300,0.35,0
2026-05-05,2025-09-08,"0.60%",-300,0.6,0
2026-05-05,2025-09-08,"0.85%",-275,0.85,0
2026-05-05,2025-09-08,"1.10%",-250,1.1,0
2026-05-05,2025-09-08,"1.35%",-225,1.35,0
2026-05-05,2025-09-08,"1.60%",-200,1.6,0
2026-05-05,2025-09-08,"1.85%",-175,1.85,0
2026-05-05,2025-09-08,"2.10%",-150,2.1,0
2026-05-05,2025-09-08,"2.35%",-125,2.35,0.0156604352604049
2026-05-05,2025-09-08,"2.60%",-100,2.6,0.118777689155656
2026-05-05,2025-09-08,"2.85%",-75,2.85,0.336956797056097
2026-05-05,2025-09-08,"3.10%",-50,3.1,0.360715854466152
2026-05-05,2025-09-08,"3.35%",-25,3.35,0.145808465799702
2026-05-05,2025-09-08,"3.60%",0,3.6,0.0220807582619876
2026-05-05,2025-09-08,"3.85%",25,3.85,0
2026-05-05,2025-09-08,"4.10%",50,4.1,0
2026-05-05,2025-09-08,"4.35%",75,4.35,0
2026-05-05,2025-09-08,"4.60%",100,4.6,0
2026-05-05,2025-09-08,"4.85%",125,4.85,0
2026-05-05,2025-09-08,"5.10%",150,5.1,0
2026-05-05,2025-09-08,"5.35%",175,5.35,0
2026-05-05,2025-09-08,"5.60%",200,5.6,0
2026-05-05,2025-09-08,"5.85%",225,5.85,0
2026-05-05,2025-09-08,"6.10%",250,6.1,0
2026-05-05,2025-09-09,"0.10%",-300,0.1,0
2026-05-05,2025-09-09,"0.35%",-300,0.35,0
2026-05-05,2025-09-09,"0.60%",-300,0.6,0
2026-05-05,2025-09-09,"0.85%",-275,0.85,0
2026-05-05,2025-09-09,"1.10%",-250,1.1,0
2026-05-05,2025-09-09,"1.35%",-225,1.35,0
2026-05-05,2025-09-09,"1.60%",-200,1.6,0
2026-05-05,2025-09-09,"1.85%",-175,1.85,0
2026-05-05,2025-09-09,"2.10%",-150,2.1,0
2026-05-05,2025-09-09,"2.35%",-125,2.35,0
2026-05-05,2025-09-09,"2.60%",-100,2.6,0.0990090823493307
2026-05-05,2025-09-09,"2.85%",-75,2.85,0.364085614208059
2026-05-05,2025-09-09,"3.10%",-50,3.1,0.396630847994815
2026-05-05,2025-09-09,"3.35%",-25,3.35,0.128207897753554
2026-05-05,2025-09-09,"3.60%",0,3.6,0.0120665576942408
2026-05-05,2025-09-09,"3.85%",25,3.85,0
2026-05-05,2025-09-09,"4.10%",50,4.1,0
2026-05-05,2025-09-09,"4.35%",75,4.35,0
2026-05-05,2025-09-09,"4.60%",100,4.6,0
2026-05-05,2025-09-09,"4.85%",125,4.85,0
2026-05-05,2025-09-09,"5.10%",150,5.1,0
2026-05-05,2025-09-09,"5.35%",175,5.35,0
2026-05-05,2025-09-09,"5.60%",200,5.6,0
2026-05-05,2025-09-09,"5.85%",225,5.85,0
2026-05-05,2025-09-09,"6.10%",250,6.1,0
2026-05-05,2025-09-10,"0.10%",-300,0.1,0
2026-05-05,2025-09-10,"0.35%",-300,0.35,0
2026-05-05,2025-09-10,"0.60%",-300,0.6,0
2026-05-05,2025-09-10,"0.85%",-275,0.85,0
2026-05-05,2025-09-10,"1.10%",-250,1.1,0
2026-05-05,2025-09-10,"1.35%",-225,1.35,0
2026-05-05,2025-09-10,"1.60%",-200,1.6,0
2026-05-05,2025-09-10,"1.85%",-175,1.85,0
2026-05-05,2025-09-10,"2.10%",-150,2.1,0
2026-05-05,2025-09-10,"2.35%",-125,2.35,0.0161094774411541
2026-05-05,2025-09-10,"2.60%",-100,2.6,0.134599407502902
2026-05-05,2025-09-10,"2.85%",-75,2.85,0.374648152854701
2026-05-05,2025-09-10,"3.10%",-50,3.1,0.351692704349314
2026-05-05,2025-09-10,"3.35%",-25,3.35,0.111250664367179
2026-05-05,2025-09-10,"3.60%",0,3.6,0.0116995934847497
2026-05-05,2025-09-10,"3.85%",25,3.85,0
2026-05-05,2025-09-10,"4.10%",50,4.1,0
2026-05-05,2025-09-10,"4.35%",75,4.35,0
2026-05-05,2025-09-10,"4.60%",100,4.6,0
2026-05-05,2025-09-10,"4.85%",125,4.85,0
2026-05-05,2025-09-10,"5.10%",150,5.1,0
2026-05-05,2025-09-10,"5.35%",175,5.35,0
2026-05-05,2025-09-10,"5.60%",200,5.6,0
2026-05-05,2025-09-10,"5.85%",225,5.85,0
2026-05-05,2025-09-10,"6.10%",250,6.1,0
2026-05-05,2025-09-11,"0.10%",-300,0.1,0
2026-05-05,2025-09-11,"0.35%",-300,0.35,0
2026-05-05,2025-09-11,"0.60%",-300,0.6,0
2026-05-05,2025-09-11,"0.85%",-275,0.85,0
2026-05-05,2025-09-11,"1.10%",-250,1.1,0
2026-05-05,2025-09-11,"1.35%",-225,1.35,0
2026-05-05,2025-09-11,"1.60%",-200,1.6,0
2026-05-05,2025-09-11,"1.85%",-175,1.85,0
2026-05-05,2025-09-11,"2.10%",-150,2.1,0
2026-05-05,2025-09-11,"2.35%",-125,2.35,0.0261113407961834
2026-05-05,2025-09-11,"2.60%",-100,2.6,0.149464925601016
2026-05-05,2025-09-11,"2.85%",-75,2.85,0.347316934357169
2026-05-05,2025-09-11,"3.10%",-50,3.1,0.329500161251677
2026-05-05,2025-09-11,"3.35%",-25,3.35,0.127574787911305
2026-05-05,2025-09-11,"3.60%",0,3.6,0.0200318500826498
2026-05-05,2025-09-11,"3.85%",25,3.85,0
2026-05-05,2025-09-11,"4.10%",50,4.1,0
2026-05-05,2025-09-11,"4.35%",75,4.35,0
2026-05-05,2025-09-11,"4.60%",100,4.6,0
2026-05-05,2025-09-11,"4.85%",125,4.85,0
2026-05-05,2025-09-11,"5.10%",150,5.1,0
2026-05-05,2025-09-11,"5.35%",175,5.35,0
2026-05-05,2025-09-11,"5.60%",200,5.6,0
2026-05-05,2025-09-11,"5.85%",225,5.85,0
2026-05-05,2025-09-11,"6.10%",250,6.1,0
2026-05-05,2025-09-12,"0.10%",-300,0.1,0
2026-05-05,2025-09-12,"0.35%",-300,0.35,0
2026-05-05,2025-09-12,"0.60%",-300,0.6,0
2026-05-05,2025-09-12,"0.85%",-275,0.85,0
2026-05-05,2025-09-12,"1.10%",-250,1.1,0
2026-05-05,2025-09-12,"1.35%",-225,1.35,0
2026-05-05,2025-09-12,"1.60%",-200,1.6,0
2026-05-05,2025-09-12,"1.85%",-175,1.85,0
2026-05-05,2025-09-12,"2.10%",-150,2.1,0
2026-05-05,2025-09-12,"2.35%",-125,2.35,0.0226022827486312
2026-05-05,2025-09-12,"2.60%",-100,2.6,0.145072428843699
2026-05-05,2025-09-12,"2.85%",-75,2.85,0.35607365954445
2026-05-05,2025-09-12,"3.10%",-50,3.1,0.336659435620459
2026-05-05,2025-09-12,"3.35%",-25,3.35,0.122553518100707
2026-05-05,2025-09-12,"3.60%",0,3.6,0.0170386751420541
2026-05-05,2025-09-12,"3.85%",25,3.85,0
2026-05-05,2025-09-12,"4.10%",50,4.1,0
2026-05-05,2025-09-12,"4.35%",75,4.35,0
2026-05-05,2025-09-12,"4.60%",100,4.6,0
2026-05-05,2025-09-12,"4.85%",125,4.85,0
2026-05-05,2025-09-12,"5.10%",150,5.1,0
2026-05-05,2025-09-12,"5.35%",175,5.35,0
2026-05-05,2025-09-12,"5.60%",200,5.6,0
2026-05-05,2025-09-12,"5.85%",225,5.85,0
2026-05-05,2025-09-12,"6.10%",250,6.1,0
2026-05-05,2025-09-14,"0.10%",-300,0.1,0
2026-05-05,2025-09-14,"0.35%",-300,0.35,0
2026-05-05,2025-09-14,"0.60%",-300,0.6,0
2026-05-05,2025-09-14,"0.85%",-275,0.85,0
2026-05-05,2025-09-14,"1.10%",-250,1.1,0
2026-05-05,2025-09-14,"1.35%",-225,1.35,0
2026-05-05,2025-09-14,"1.60%",-200,1.6,0
2026-05-05,2025-09-14,"1.85%",-175,1.85,0
2026-05-05,2025-09-14,"2.10%",-150,2.1,0
2026-05-05,2025-09-14,"2.35%",-125,2.35,0.0190364121624501
2026-05-05,2025-09-14,"2.60%",-100,2.6,0.139861440108746
2026-05-05,2025-09-14,"2.85%",-75,2.85,0.366023212519523
2026-05-05,2025-09-14,"3.10%",-50,3.1,0.344511653069424
2026-05-05,2025-09-14,"3.35%",-25,3.35,0.116546482831471
2026-05-05,2025-09-14,"3.60%",0,3.6,0.0140207993083861
2026-05-05,2025-09-14,"3.85%",25,3.85,0
2026-05-05,2025-09-14,"4.10%",50,4.1,0
2026-05-05,2025-09-14,"4.35%",75,4.35,0
2026-05-05,2025-09-14,"4.60%",100,4.6,0
2026-05-05,2025-09-14,"4.85%",125,4.85,0
2026-05-05,2025-09-14,"5.10%",150,5.1,0
2026-05-05,2025-09-14,"5.35%",175,5.35,0
2026-05-05,2025-09-14,"5.60%",200,5.6,0
2026-05-05,2025-09-14,"5.85%",225,5.85,0
2026-05-05,2025-09-14,"6.10%",250,6.1,0
2026-05-05,2025-09-15,"0.10%",-300,0.1,0
2026-05-05,2025-09-15,"0.35%",-300,0.35,0
2026-05-05,2025-09-15,"0.60%",-300,0.6,0
2026-05-05,2025-09-15,"0.85%",-275,0.85,0
2026-05-05,2025-09-15,"1.10%",-250,1.1,0
2026-05-05,2025-09-15,"1.35%",-225,1.35,0
2026-05-05,2025-09-15,"1.60%",-200,1.6,0
2026-05-05,2025-09-15,"1.85%",-175,1.85,0
2026-05-05,2025-09-15,"2.10%",-150,2.1,0
2026-05-05,2025-09-15,"2.35%",-125,2.35,0.0174771266161318
2026-05-05,2025-09-15,"2.60%",-100,2.6,0.137674697248182
2026-05-05,2025-09-15,"2.85%",-75,2.85,0.371736843805396
2026-05-05,2025-09-15,"3.10%",-50,3.1,0.347875391203764
2026-05-05,2025-09-15,"3.35%",-25,3.35,0.112737866483501
2026-05-05,2025-09-15,"3.60%",0,3.6,0.0124980746430251
2026-05-05,2025-09-15,"3.85%",25,3.85,0
2026-05-05,2025-09-15,"4.10%",50,4.1,0
2026-05-05,2025-09-15,"4.35%",75,4.35,0
2026-05-05,2025-09-15,"4.60%",100,4.6,0
2026-05-05,2025-09-15,"4.85%",125,4.85,0
2026-05-05,2025-09-15,"5.10%",150,5.1,0
2026-05-05,2025-09-15,"5.35%",175,5.35,0
2026-05-05,2025-09-15,"5.60%",200,5.6,0
2026-05-05,2025-09-15,"5.85%",225,5.85,0
2026-05-05,2025-09-15,"6.10%",250,6.1,0
2026-05-05,2025-09-16,"0.10%",-300,0.1,0
2026-05-05,2025-09-16,"0.35%",-300,0.35,0
2026-05-05,2025-09-16,"0.60%",-300,0.6,0
2026-05-05,2025-09-16,"0.85%",-275,0.85,0
2026-05-05,2025-09-16,"1.10%",-250,1.1,0
2026-05-05,2025-09-16,"1.35%",-225,1.35,0
2026-05-05,2025-09-16,"1.60%",-200,1.6,0
2026-05-05,2025-09-16,"1.85%",-175,1.85,0
2026-05-05,2025-09-16,"2.10%",-150,2.1,0
2026-05-05,2025-09-16,"2.35%",-125,2.35,0.0162390334465044
2026-05-05,2025-09-16,"2.60%",-100,2.6,0.13494779034205
2026-05-05,2025-09-16,"2.85%",-75,2.85,0.374484692731639
2026-05-05,2025-09-16,"3.10%",-50,3.1,0.351283251110563
2026-05-05,2025-09-16,"3.35%",-25,3.35,0.111294659751639
2026-05-05,2025-09-16,"3.60%",0,3.6,0.0117505726176048
2026-05-05,2025-09-16,"3.85%",25,3.85,0
2026-05-05,2025-09-16,"4.10%",50,4.1,0
2026-05-05,2025-09-16,"4.35%",75,4.35,0
2026-05-05,2025-09-16,"4.60%",100,4.6,0
2026-05-05,2025-09-16,"4.85%",125,4.85,0
2026-05-05,2025-09-16,"5.10%",150,5.1,0
2026-05-05,2025-09-16,"5.35%",175,5.35,0
2026-05-05,2025-09-16,"5.60%",200,5.6,0
2026-05-05,2025-09-16,"5.85%",225,5.85,0
2026-05-05,2025-09-16,"6.10%",250,6.1,0
2026-05-05,2025-09-17,"0.10%",-300,0.1,0
2026-05-05,2025-09-17,"0.35%",-300,0.35,0
2026-05-05,2025-09-17,"0.60%",-300,0.6,0
2026-05-05,2025-09-17,"0.85%",-275,0.85,0
2026-05-05,2025-09-17,"1.10%",-250,1.1,0
2026-05-05,2025-09-17,"1.35%",-225,1.35,0
2026-05-05,2025-09-17,"1.60%",-200,1.6,0
2026-05-05,2025-09-17,"1.85%",-175,1.85,0
2026-05-05,2025-09-17,"2.10%",-150,2.1,0
2026-05-05,2025-09-17,"2.35%",-125,2.35,0.0267923098585419
2026-05-05,2025-09-17,"2.60%",-100,2.6,0.151914489676479
2026-05-05,2025-09-17,"2.85%",-75,2.85,0.34928246226189
2026-05-05,2025-09-17,"3.10%",-50,3.1,0.327485555298329
2026-05-05,2025-09-17,"3.35%",-25,3.35,0.12515392795197
2026-05-05,2025-09-17,"3.60%",0,3.6,0.0193712549527904
2026-05-05,2025-09-17,"3.85%",25,3.85,0
2026-05-05,2025-09-17,"4.10%",50,4.1,0
2026-05-05,2025-09-17,"4.35%",75,4.35,0
2026-05-05,2025-09-17,"4.60%",100,4.6,0
2026-05-05,2025-09-17,"4.85%",125,4.85,0
2026-05-05,2025-09-17,"5.10%",150,5.1,0
2026-05-05,2025-09-17,"5.35%",175,5.35,0
2026-05-05,2025-09-17,"5.60%",200,5.6,0
2026-05-05,2025-09-17,"5.85%",225,5.85,0
2026-05-05,2025-09-17,"6.10%",250,6.1,0
2026-05-05,2025-09-18,"0.10%",-300,0.1,0
2026-05-05,2025-09-18,"0.35%",-300,0.35,0
2026-05-05,2025-09-18,"0.60%",-300,0.6,0
2026-05-05,2025-09-18,"0.85%",-275,0.85,0
2026-05-05,2025-09-18,"1.10%",-250,1.1,0
2026-05-05,2025-09-18,"1.35%",-225,1.35,0
2026-05-05,2025-09-18,"1.60%",-200,1.6,0
2026-05-05,2025-09-18,"1.85%",-175,1.85,0
2026-05-05,2025-09-18,"2.10%",-150,2.1,0
2026-05-05,2025-09-18,"2.35%",-125,2.35,0.0242177835919256
2026-05-05,2025-09-18,"2.60%",-100,2.6,0.148914560476862
2026-05-05,2025-09-18,"2.85%",-75,2.85,0.355757358635772
2026-05-05,2025-09-18,"3.10%",-50,3.1,0.332446892219274
2026-05-05,2025-09-18,"3.35%",-25,3.35,0.121450366919201
2026-05-05,2025-09-18,"3.60%",0,3.6,0.0172130381569647
2026-05-05,2025-09-18,"3.85%",25,3.85,0
2026-05-05,2025-09-18,"4.10%",50,4.1,0
2026-05-05,2025-09-18,"4.35%",75,4.35,0
2026-05-05,2025-09-18,"4.60%",100,4.6,0
2026-05-05,2025-09-18,"4.85%",125,4.85,0
2026-05-05,2025-09-18,"5.10%",150,5.1,0
2026-05-05,2025-09-18,"5.35%",175,5.35,0
2026-05-05,2025-09-18,"5.60%",200,5.6,0
2026-05-05,2025-09-18,"5.85%",225,5.85,0
2026-05-05,2025-09-18,"6.10%",250,6.1,0
2026-05-05,2025-09-21,"0.10%",-300,0.1,0
2026-05-05,2025-09-21,"0.35%",-300,0.35,0
2026-05-05,2025-09-21,"0.60%",-300,0.6,0
2026-05-05,2025-09-21,"0.85%",-275,0.85,0
2026-05-05,2025-09-21,"1.10%",-250,1.1,0
2026-05-05,2025-09-21,"1.35%",-225,1.35,0
2026-05-05,2025-09-21,"1.60%",-200,1.6,0
2026-05-05,2025-09-21,"1.85%",-175,1.85,0
2026-05-05,2025-09-21,"2.10%",-150,2.1,0
2026-05-05,2025-09-21,"2.35%",-125,2.35,0.0169460767038891
2026-05-05,2025-09-21,"2.60%",-100,2.6,0.138089986268468
2026-05-05,2025-09-21,"2.85%",-75,2.85,0.376675175308921
2026-05-05,2025-09-21,"3.10%",-50,3.1,0.348072975947255
2026-05-05,2025-09-21,"3.35%",-25,3.35,0.108850000211477
2026-05-05,2025-09-21,"3.60%",0,3.6,0.0113657855599901
2026-05-05,2025-09-21,"3.85%",25,3.85,0
2026-05-05,2025-09-21,"4.10%",50,4.1,0
2026-05-05,2025-09-21,"4.35%",75,4.35,0
2026-05-05,2025-09-21,"4.60%",100,4.6,0
2026-05-05,2025-09-21,"4.85%",125,4.85,0
2026-05-05,2025-09-21,"5.10%",150,5.1,0
2026-05-05,2025-09-21,"5.35%",175,5.35,0
2026-05-05,2025-09-21,"5.60%",200,5.6,0
2026-05-05,2025-09-21,"5.85%",225,5.85,0
2026-05-05,2025-09-21,"6.10%",250,6.1,0
2026-05-05,2025-09-22,"0.10%",-300,0.1,0
2026-05-05,2025-09-22,"0.35%",-300,0.35,0
2026-05-05,2025-09-22,"0.60%",-300,0.6,0
2026-05-05,2025-09-22,"0.85%",-275,0.85,0
2026-05-05,2025-09-22,"1.10%",-250,1.1,0
2026-05-05,2025-09-22,"1.35%",-225,1.35,0
2026-05-05,2025-09-22,"1.60%",-200,1.6,0
2026-05-05,2025-09-22,"1.85%",-175,1.85,0
2026-05-05,2025-09-22,"2.10%",-150,2.1,0
2026-05-05,2025-09-22,"2.35%",-125,2.35,0.0158644314435767
2026-05-05,2025-09-22,"2.60%",-100,2.6,0.136232517832377
2026-05-05,2025-09-22,"2.85%",-75,2.85,0.380606963094676
2026-05-05,2025-09-22,"3.10%",-50,3.1,0.350534860120425
2026-05-05,2025-09-22,"3.35%",-25,3.35,0.106302702064335
2026-05-05,2025-09-22,"3.60%",0,3.6,0.0104585254446098
2026-05-05,2025-09-22,"3.85%",25,3.85,0
2026-05-05,2025-09-22,"4.10%",50,4.1,0
2026-05-05,2025-09-22,"4.35%",75,4.35,0
2026-05-05,2025-09-22,"4.60%",100,4.6,0
2026-05-05,2025-09-22,"4.85%",125,4.85,0
2026-05-05,2025-09-22,"5.10%",150,5.1,0
2026-05-05,2025-09-22,"5.35%",175,5.35,0
2026-05-05,2025-09-22,"5.60%",200,5.6,0
2026-05-05,2025-09-22,"5.85%",225,5.85,0
2026-05-05,2025-09-22,"6.10%",250,6.1,0
2026-05-05,2025-09-23,"0.10%",-300,0.1,0
2026-05-05,2025-09-23,"0.35%",-300,0.35,0
2026-05-05,2025-09-23,"0.60%",-300,0.6,0
2026-05-05,2025-09-23,"0.85%",-275,0.85,0
2026-05-05,2025-09-23,"1.10%",-250,1.1,0
2026-05-05,2025-09-23,"1.35%",-225,1.35,0
2026-05-05,2025-09-23,"1.60%",-200,1.6,0
2026-05-05,2025-09-23,"1.85%",-175,1.85,0
2026-05-05,2025-09-23,"2.10%",-150,2.1,0
2026-05-05,2025-09-23,"2.35%",-125,2.35,0
2026-05-05,2025-09-23,"2.60%",-100,2.6,0.110583401269958
2026-05-05,2025-09-23,"2.85%",-75,2.85,0.370302418291133
2026-05-05,2025-09-23,"3.10%",-50,3.1,0.383836197771777
2026-05-05,2025-09-23,"3.35%",-25,3.35,0.123230084449735
2026-05-05,2025-09-23,"3.60%",0,3.6,0.0120478982173974
2026-05-05,2025-09-23,"3.85%",25,3.85,0
2026-05-05,2025-09-23,"4.10%",50,4.1,0
2026-05-05,2025-09-23,"4.35%",75,4.35,0
2026-05-05,2025-09-23,"4.60%",100,4.6,0
2026-05-05,2025-09-23,"4.85%",125,4.85,0
2026-05-05,2025-09-23,"5.10%",150,5.1,0
2026-05-05,2025-09-23,"5.35%",175,5.35,0
2026-05-05,2025-09-23,"5.60%",200,5.6,0
2026-05-05,2025-09-23,"5.85%",225,5.85,0
2026-05-05,2025-09-23,"6.10%",250,6.1,0
2026-05-05,2025-09-24,"0.10%",-300,0.1,0
2026-05-05,2025-09-24,"0.35%",-300,0.35,0
2026-05-05,2025-09-24,"0.60%",-300,0.6,0
2026-05-05,2025-09-24,"0.85%",-275,0.85,0
2026-05-05,2025-09-24,"1.10%",-250,1.1,0
2026-05-05,2025-09-24,"1.35%",-225,1.35,0
2026-05-05,2025-09-24,"1.60%",-200,1.6,0
2026-05-05,2025-09-24,"1.85%",-175,1.85,0
2026-05-05,2025-09-24,"2.10%",-150,2.1,0
2026-05-05,2025-09-24,"2.35%",-125,2.35,0.0239024709619567
2026-05-05,2025-09-24,"2.60%",-100,2.6,0.165881850652948
2026-05-05,2025-09-24,"2.85%",-75,2.85,0.394238343560487
2026-05-05,2025-09-24,"3.10%",-50,3.1,0.324063892546197
2026-05-05,2025-09-24,"3.35%",-25,3.35,0.0919134422784118
2026-05-05,2025-09-24,"3.60%",0,3.6,0
2026-05-05,2025-09-24,"3.85%",25,3.85,0
2026-05-05,2025-09-24,"4.10%",50,4.1,0
2026-05-05,2025-09-24,"4.35%",75,4.35,0
2026-05-05,2025-09-24,"4.60%",100,4.6,0
2026-05-05,2025-09-24,"4.85%",125,4.85,0
2026-05-05,2025-09-24,"5.10%",150,5.1,0
2026-05-05,2025-09-24,"5.35%",175,5.35,0
2026-05-05,2025-09-24,"5.60%",200,5.6,0
2026-05-05,2025-09-24,"5.85%",225,5.85,0
2026-05-05,2025-09-24,"6.10%",250,6.1,0
2026-05-05,2025-09-25,"0.10%",-300,0.1,0
2026-05-05,2025-09-25,"0.35%",-300,0.35,0
2026-05-05,2025-09-25,"0.60%",-300,0.6,0
2026-05-05,2025-09-25,"0.85%",-275,0.85,0
2026-05-05,2025-09-25,"1.10%",-250,1.1,0
2026-05-05,2025-09-25,"1.35%",-225,1.35,0
2026-05-05,2025-09-25,"1.60%",-200,1.6,0
2026-05-05,2025-09-25,"1.85%",-175,1.85,0
2026-05-05,2025-09-25,"2.10%",-150,2.1,0
2026-05-05,2025-09-25,"2.35%",-125,2.35,0.0282586747408066
2026-05-05,2025-09-25,"2.60%",-100,2.6,0.169535034796519
2026-05-05,2025-09-25,"2.85%",-75,2.85,0.377800246917615
2026-05-05,2025-09-25,"3.10%",-50,3.1,0.315006397135664
2026-05-05,2025-09-25,"3.35%",-25,3.35,0.0981017314115198
2026-05-05,2025-09-25,"3.60%",0,3.6,0.0112979149978756
2026-05-05,2025-09-25,"3.85%",25,3.85,0
2026-05-05,2025-09-25,"4.10%",50,4.1,0
2026-05-05,2025-09-25,"4.35%",75,4.35,0
2026-05-05,2025-09-25,"4.60%",100,4.6,0
2026-05-05,2025-09-25,"4.85%",125,4.85,0
2026-05-05,2025-09-25,"5.10%",150,5.1,0
2026-05-05,2025-09-25,"5.35%",175,5.35,0
2026-05-05,2025-09-25,"5.60%",200,5.6,0
2026-05-05,2025-09-25,"5.85%",225,5.85,0
2026-05-05,2025-09-25,"6.10%",250,6.1,0
2026-05-05,2025-09-28,"0.10%",-300,0.1,0
2026-05-05,2025-09-28,"0.35%",-300,0.35,0
2026-05-05,2025-09-28,"0.60%",-300,0.6,0
2026-05-05,2025-09-28,"0.85%",-275,0.85,0
2026-05-05,2025-09-28,"1.10%",-250,1.1,0
2026-05-05,2025-09-28,"1.35%",-225,1.35,0
2026-05-05,2025-09-28,"1.60%",-200,1.6,0
2026-05-05,2025-09-28,"1.85%",-175,1.85,0
2026-05-05,2025-09-28,"2.10%",-150,2.1,0
2026-05-05,2025-09-28,"2.35%",-125,2.35,0.0128674775641999
2026-05-05,2025-09-28,"2.60%",-100,2.6,0.146184158090338
2026-05-05,2025-09-28,"2.85%",-75,2.85,0.431510692366492
2026-05-05,2025-09-28,"3.10%",-50,3.1,0.338982475849244
2026-05-05,2025-09-28,"3.35%",-25,3.35,0.0704551961297272
2026-05-05,2025-09-28,"3.60%",0,3.6,0
2026-05-05,2025-09-28,"3.85%",25,3.85,0
2026-05-05,2025-09-28,"4.10%",50,4.1,0
2026-05-05,2025-09-28,"4.35%",75,4.35,0
2026-05-05,2025-09-28,"4.60%",100,4.6,0
2026-05-05,2025-09-28,"4.85%",125,4.85,0
2026-05-05,2025-09-28,"5.10%",150,5.1,0
2026-05-05,2025-09-28,"5.35%",175,5.35,0
2026-05-05,2025-09-28,"5.60%",200,5.6,0
2026-05-05,2025-09-28,"5.85%",225,5.85,0
2026-05-05,2025-09-28,"6.10%",250,6.1,0
2026-05-05,2025-09-29,"0.10%",-300,0.1,0
2026-05-05,2025-09-29,"0.35%",-300,0.35,0
2026-05-05,2025-09-29,"0.60%",-300,0.6,0
2026-05-05,2025-09-29,"0.85%",-275,0.85,0
2026-05-05,2025-09-29,"1.10%",-250,1.1,0
2026-05-05,2025-09-29,"1.35%",-225,1.35,0
2026-05-05,2025-09-29,"1.60%",-200,1.6,0
2026-05-05,2025-09-29,"1.85%",-175,1.85,0
2026-05-05,2025-09-29,"2.10%",-150,2.1,0
2026-05-05,2025-09-29,"2.35%",-125,2.35,0.0137488162314574
2026-05-05,2025-09-29,"2.60%",-100,2.6,0.155142753925956
2026-05-05,2025-09-29,"2.85%",-75,2.85,0.442352096883114
2026-05-05,2025-09-29,"3.10%",-50,3.1,0.326728037388161
2026-05-05,2025-09-29,"3.35%",-25,3.35,0.0620282955713121
2026-05-05,2025-09-29,"3.60%",0,3.6,0
2026-05-05,2025-09-29,"3.85%",25,3.85,0
2026-05-05,2025-09-29,"4.10%",50,4.1,0
2026-05-05,2025-09-29,"4.35%",75,4.35,0
2026-05-05,2025-09-29,"4.60%",100,4.6,0
2026-05-05,2025-09-29,"4.85%",125,4.85,0
2026-05-05,2025-09-29,"5.10%",150,5.1,0
2026-05-05,2025-09-29,"5.35%",175,5.35,0
2026-05-05,2025-09-29,"5.60%",200,5.6,0
2026-05-05,2025-09-29,"5.85%",225,5.85,0
2026-05-05,2025-09-29,"6.10%",250,6.1,0
2026-05-05,2025-09-30,"0.10%",-300,0.1,0
2026-05-05,2025-09-30,"0.35%",-300,0.35,0
2026-05-05,2025-09-30,"0.60%",-300,0.6,0
2026-05-05,2025-09-30,"0.85%",-275,0.85,0
2026-05-05,2025-09-30,"1.10%",-250,1.1,0
2026-05-05,2025-09-30,"1.35%",-225,1.35,0
2026-05-05,2025-09-30,"1.60%",-200,1.6,0
2026-05-05,2025-09-30,"1.85%",-175,1.85,0
2026-05-05,2025-09-30,"2.10%",-150,2.1,0
2026-05-05,2025-09-30,"2.35%",-125,2.35,0.0177429584307096
2026-05-05,2025-09-30,"2.60%",-100,2.6,0.157593017024608
2026-05-05,2025-09-30,"2.85%",-75,2.85,0.415453601709068
2026-05-05,2025-09-30,"3.10%",-50,3.1,0.330322273704353
2026-05-05,2025-09-30,"3.35%",-25,3.35,0.0788881491312622
2026-05-05,2025-09-30,"3.60%",0,3.6,0
2026-05-05,2025-09-30,"3.85%",25,3.85,0
2026-05-05,2025-09-30,"4.10%",50,4.1,0
2026-05-05,2025-09-30,"4.35%",75,4.35,0
2026-05-05,2025-09-30,"4.60%",100,4.6,0
2026-05-05,2025-09-30,"4.85%",125,4.85,0
2026-05-05,2025-09-30,"5.10%",150,5.1,0
2026-05-05,2025-09-30,"5.35%",175,5.35,0
2026-05-05,2025-09-30,"5.60%",200,5.6,0
2026-05-05,2025-09-30,"5.85%",225,5.85,0
2026-05-05,2025-09-30,"6.10%",250,6.1,0
2026-05-05,2025-10-01,"0.10%",-300,0.1,0
2026-05-05,2025-10-01,"0.35%",-300,0.35,0
2026-05-05,2025-10-01,"0.60%",-300,0.6,0
2026-05-05,2025-10-01,"0.85%",-275,0.85,0
2026-05-05,2025-10-01,"1.10%",-250,1.1,0
2026-05-05,2025-10-01,"1.35%",-225,1.35,0
2026-05-05,2025-10-01,"1.60%",-200,1.6,0
2026-05-05,2025-10-01,"1.85%",-175,1.85,0
2026-05-05,2025-10-01,"2.10%",-150,2.1,0
2026-05-05,2025-10-01,"2.35%",-125,2.35,0
2026-05-05,2025-10-01,"2.60%",-100,2.6,0.131088009449242
2026-05-05,2025-10-01,"2.85%",-75,2.85,0.461773309708003
2026-05-05,2025-10-01,"3.10%",-50,3.1,0.350446180376974
2026-05-05,2025-10-01,"3.35%",-25,3.35,0.0566925004657815
2026-05-05,2025-10-01,"3.60%",0,3.6,0
2026-05-05,2025-10-01,"3.85%",25,3.85,0
2026-05-05,2025-10-01,"4.10%",50,4.1,0
2026-05-05,2025-10-01,"4.35%",75,4.35,0
2026-05-05,2025-10-01,"4.60%",100,4.6,0
2026-05-05,2025-10-01,"4.85%",125,4.85,0
2026-05-05,2025-10-01,"5.10%",150,5.1,0
2026-05-05,2025-10-01,"5.35%",175,5.35,0
2026-05-05,2025-10-01,"5.60%",200,5.6,0
2026-05-05,2025-10-01,"5.85%",225,5.85,0
2026-05-05,2025-10-01,"6.10%",250,6.1,0
2026-05-05,2025-10-02,"0.10%",-300,0.1,0
2026-05-05,2025-10-02,"0.35%",-300,0.35,0
2026-05-05,2025-10-02,"0.60%",-300,0.6,0
2026-05-05,2025-10-02,"0.85%",-275,0.85,0
2026-05-05,2025-10-02,"1.10%",-250,1.1,0
2026-05-05,2025-10-02,"1.35%",-225,1.35,0
2026-05-05,2025-10-02,"1.60%",-200,1.6,0
2026-05-05,2025-10-02,"1.85%",-175,1.85,0
2026-05-05,2025-10-02,"2.10%",-150,2.1,0
2026-05-05,2025-10-02,"2.35%",-125,2.35,0
2026-05-05,2025-10-02,"2.60%",-100,2.6,0.130039644076613
2026-05-05,2025-10-02,"2.85%",-75,2.85,0.463311146797772
2026-05-05,2025-10-02,"3.10%",-50,3.1,0.350814197493836
2026-05-05,2025-10-02,"3.35%",-25,3.35,0.0558350116317791
2026-05-05,2025-10-02,"3.60%",0,3.6,0
2026-05-05,2025-10-02,"3.85%",25,3.85,0
2026-05-05,2025-10-02,"4.10%",50,4.1,0
2026-05-05,2025-10-02,"4.35%",75,4.35,0
2026-05-05,2025-10-02,"4.60%",100,4.6,0
2026-05-05,2025-10-02,"4.85%",125,4.85,0
2026-05-05,2025-10-02,"5.10%",150,5.1,0
2026-05-05,2025-10-02,"5.35%",175,5.35,0
2026-05-05,2025-10-02,"5.60%",200,5.6,0
2026-05-05,2025-10-02,"5.85%",225,5.85,0
2026-05-05,2025-10-02,"6.10%",250,6.1,0
2026-05-05,2025-10-05,"0.10%",-300,0.1,0
2026-05-05,2025-10-05,"0.35%",-300,0.35,0
2026-05-05,2025-10-05,"0.60%",-300,0.6,0
2026-05-05,2025-10-05,"0.85%",-275,0.85,0
2026-05-05,2025-10-05,"1.10%",-250,1.1,0
2026-05-05,2025-10-05,"1.35%",-225,1.35,0
2026-05-05,2025-10-05,"1.60%",-200,1.6,0
2026-05-05,2025-10-05,"1.85%",-175,1.85,0
2026-05-05,2025-10-05,"2.10%",-150,2.1,0
2026-05-05,2025-10-05,"2.35%",-125,2.35,0
2026-05-05,2025-10-05,"2.60%",-100,2.6,0.13332747985016
2026-05-05,2025-10-05,"2.85%",-75,2.85,0.459076023332992
2026-05-05,2025-10-05,"3.10%",-50,3.1,0.349399639798644
2026-05-05,2025-10-05,"3.35%",-25,3.35,0.0581968570182045
2026-05-05,2025-10-05,"3.60%",0,3.6,0
2026-05-05,2025-10-05,"3.85%",25,3.85,0
2026-05-05,2025-10-05,"4.10%",50,4.1,0
2026-05-05,2025-10-05,"4.35%",75,4.35,0
2026-05-05,2025-10-05,"4.60%",100,4.6,0
2026-05-05,2025-10-05,"4.85%",125,4.85,0
2026-05-05,2025-10-05,"5.10%",150,5.1,0
2026-05-05,2025-10-05,"5.35%",175,5.35,0
2026-05-05,2025-10-05,"5.60%",200,5.6,0
2026-05-05,2025-10-05,"5.85%",225,5.85,0
2026-05-05,2025-10-05,"6.10%",250,6.1,0
2026-05-05,2025-10-06,"0.10%",-300,0.1,0
2026-05-05,2025-10-06,"0.35%",-300,0.35,0
2026-05-05,2025-10-06,"0.60%",-300,0.6,0
2026-05-05,2025-10-06,"0.85%",-275,0.85,0
2026-05-05,2025-10-06,"1.10%",-250,1.1,0
2026-05-05,2025-10-06,"1.35%",-225,1.35,0
2026-05-05,2025-10-06,"1.60%",-200,1.6,0
2026-05-05,2025-10-06,"1.85%",-175,1.85,0
2026-05-05,2025-10-06,"2.10%",-150,2.1,0
2026-05-05,2025-10-06,"2.35%",-125,2.35,0
2026-05-05,2025-10-06,"2.60%",-100,2.6,0.135144735572429
2026-05-05,2025-10-06,"2.85%",-75,2.85,0.456146105788163
2026-05-05,2025-10-06,"3.10%",-50,3.1,0.348829264231286
2026-05-05,2025-10-06,"3.35%",-25,3.35,0.0598798944081221
2026-05-05,2025-10-06,"3.60%",0,3.6,0
2026-05-05,2025-10-06,"3.85%",25,3.85,0
2026-05-05,2025-10-06,"4.10%",50,4.1,0
2026-05-05,2025-10-06,"4.35%",75,4.35,0
2026-05-05,2025-10-06,"4.60%",100,4.6,0
2026-05-05,2025-10-06,"4.85%",125,4.85,0
2026-05-05,2025-10-06,"5.10%",150,5.1,0
2026-05-05,2025-10-06,"5.35%",175,5.35,0
2026-05-05,2025-10-06,"5.60%",200,5.6,0
2026-05-05,2025-10-06,"5.85%",225,5.85,0
2026-05-05,2025-10-06,"6.10%",250,6.1,0
2026-05-05,2025-10-07,"0.10%",-300,0.1,0
2026-05-05,2025-10-07,"0.35%",-300,0.35,0
2026-05-05,2025-10-07,"0.60%",-300,0.6,0
2026-05-05,2025-10-07,"0.85%",-275,0.85,0
2026-05-05,2025-10-07,"1.10%",-250,1.1,0
2026-05-05,2025-10-07,"1.35%",-225,1.35,0
2026-05-05,2025-10-07,"1.60%",-200,1.6,0
2026-05-05,2025-10-07,"1.85%",-175,1.85,0
2026-05-05,2025-10-07,"2.10%",-150,2.1,0
2026-05-05,2025-10-07,"2.35%",-125,2.35,0
2026-05-05,2025-10-07,"2.60%",-100,2.6,0.138201932794234
2026-05-05,2025-10-07,"2.85%",-75,2.85,0.451111017939946
2026-05-05,2025-10-07,"3.10%",-50,3.1,0.347846523960776
2026-05-05,2025-10-07,"3.35%",-25,3.35,0.0628405253050441
2026-05-05,2025-10-07,"3.60%",0,3.6,0
2026-05-05,2025-10-07,"3.85%",25,3.85,0
2026-05-05,2025-10-07,"4.10%",50,4.1,0
2026-05-05,2025-10-07,"4.35%",75,4.35,0
2026-05-05,2025-10-07,"4.60%",100,4.6,0
2026-05-05,2025-10-07,"4.85%",125,4.85,0
2026-05-05,2025-10-07,"5.10%",150,5.1,0
2026-05-05,2025-10-07,"5.35%",175,5.35,0
2026-05-05,2025-10-07,"5.60%",200,5.6,0
2026-05-05,2025-10-07,"5.85%",225,5.85,0
2026-05-05,2025-10-07,"6.10%",250,6.1,0
2026-05-05,2025-10-08,"0.10%",-300,0.1,0
2026-05-05,2025-10-08,"0.35%",-300,0.35,0
2026-05-05,2025-10-08,"0.60%",-300,0.6,0
2026-05-05,2025-10-08,"0.85%",-275,0.85,0
2026-05-05,2025-10-08,"1.10%",-250,1.1,0
2026-05-05,2025-10-08,"1.35%",-225,1.35,0
2026-05-05,2025-10-08,"1.60%",-200,1.6,0
2026-05-05,2025-10-08,"1.85%",-175,1.85,0
2026-05-05,2025-10-08,"2.10%",-150,2.1,0
2026-05-05,2025-10-08,"2.35%",-125,2.35,0.0154734178651338
2026-05-05,2025-10-08,"2.60%",-100,2.6,0.151630288580897
2026-05-05,2025-10-08,"2.85%",-75,2.85,0.42026412751525
2026-05-05,2025-10-08,"3.10%",-50,3.1,0.335698478754502
2026-05-05,2025-10-08,"3.35%",-25,3.35,0.0769336872842168
2026-05-05,2025-10-08,"3.60%",0,3.6,0
2026-05-05,2025-10-08,"3.85%",25,3.85,0
2026-05-05,2025-10-08,"4.10%",50,4.1,0
2026-05-05,2025-10-08,"4.35%",75,4.35,0
2026-05-05,2025-10-08,"4.60%",100,4.6,0
2026-05-05,2025-10-08,"4.85%",125,4.85,0
2026-05-05,2025-10-08,"5.10%",150,5.1,0
2026-05-05,2025-10-08,"5.35%",175,5.35,0
2026-05-05,2025-10-08,"5.60%",200,5.6,0
2026-05-05,2025-10-08,"5.85%",225,5.85,0
2026-05-05,2025-10-08,"6.10%",250,6.1,0
2026-05-05,2025-10-09,"0.10%",-300,0.1,0
2026-05-05,2025-10-09,"0.35%",-300,0.35,0
2026-05-05,2025-10-09,"0.60%",-300,0.6,0
2026-05-05,2025-10-09,"0.85%",-275,0.85,0
2026-05-05,2025-10-09,"1.10%",-250,1.1,0
2026-05-05,2025-10-09,"1.35%",-225,1.35,0
2026-05-05,2025-10-09,"1.60%",-200,1.6,0
2026-05-05,2025-10-09,"1.85%",-175,1.85,0
2026-05-05,2025-10-09,"2.10%",-150,2.1,0
2026-05-05,2025-10-09,"2.35%",-125,2.35,0.0115132146079976
2026-05-05,2025-10-09,"2.60%",-100,2.6,0.145535698708997
2026-05-05,2025-10-09,"2.85%",-75,2.85,0.44391083877038
2026-05-05,2025-10-09,"3.10%",-50,3.1,0.336273468541383
2026-05-05,2025-10-09,"3.35%",-25,3.35,0.0627667793712424
2026-05-05,2025-10-09,"3.60%",0,3.6,0
2026-05-05,2025-10-09,"3.85%",25,3.85,0
2026-05-05,2025-10-09,"4.10%",50,4.1,0
2026-05-05,2025-10-09,"4.35%",75,4.35,0
2026-05-05,2025-10-09,"4.60%",100,4.6,0
2026-05-05,2025-10-09,"4.85%",125,4.85,0
2026-05-05,2025-10-09,"5.10%",150,5.1,0
2026-05-05,2025-10-09,"5.35%",175,5.35,0
2026-05-05,2025-10-09,"5.60%",200,5.6,0
2026-05-05,2025-10-09,"5.85%",225,5.85,0
2026-05-05,2025-10-09,"6.10%",250,6.1,0
2026-05-05,2025-10-10,"0.10%",-300,0.1,0
2026-05-05,2025-10-10,"0.35%",-300,0.35,0
2026-05-05,2025-10-10,"0.60%",-300,0.6,0
2026-05-05,2025-10-10,"0.85%",-275,0.85,0
2026-05-05,2025-10-10,"1.10%",-250,1.1,0
2026-05-05,2025-10-10,"1.35%",-225,1.35,0
2026-05-05,2025-10-10,"1.60%",-200,1.6,0
2026-05-05,2025-10-10,"1.85%",-175,1.85,0
2026-05-05,2025-10-10,"2.10%",-150,2.1,0
2026-05-05,2025-10-10,"2.35%",-125,2.35,0.0116068161458407
2026-05-05,2025-10-10,"2.60%",-100,2.6,0.145813394061291
2026-05-05,2025-10-10,"2.85%",-75,2.85,0.443521226598625
2026-05-05,2025-10-10,"3.10%",-50,3.1,0.336099699752704
2026-05-05,2025-10-10,"3.35%",-25,3.35,0.0629588634415399
2026-05-05,2025-10-10,"3.60%",0,3.6,0
2026-05-05,2025-10-10,"3.85%",25,3.85,0
2026-05-05,2025-10-10,"4.10%",50,4.1,0
2026-05-05,2025-10-10,"4.35%",75,4.35,0
2026-05-05,2025-10-10,"4.60%",100,4.6,0
2026-05-05,2025-10-10,"4.85%",125,4.85,0
2026-05-05,2025-10-10,"5.10%",150,5.1,0
2026-05-05,2025-10-10,"5.35%",175,5.35,0
2026-05-05,2025-10-10,"5.60%",200,5.6,0
2026-05-05,2025-10-10,"5.85%",225,5.85,0
2026-05-05,2025-10-10,"6.10%",250,6.1,0
2026-05-05,2025-10-11,"0.10%",-300,0.1,0
2026-05-05,2025-10-11,"0.35%",-300,0.35,0
2026-05-05,2025-10-11,"0.60%",-300,0.6,0
2026-05-05,2025-10-11,"0.85%",-275,0.85,0
2026-05-05,2025-10-11,"1.10%",-250,1.1,0
2026-05-05,2025-10-11,"1.35%",-225,1.35,0
2026-05-05,2025-10-11,"1.60%",-200,1.6,0
2026-05-05,2025-10-11,"1.85%",-175,1.85,0
2026-05-05,2025-10-11,"2.10%",-150,2.1,0
2026-05-05,2025-10-11,"2.35%",-125,2.35,0.0118649849782678
2026-05-05,2025-10-11,"2.60%",-100,2.6,0.14648492555345
2026-05-05,2025-10-11,"2.85%",-75,2.85,0.442271993998031
2026-05-05,2025-10-11,"3.10%",-50,3.1,0.335767352094355
2026-05-05,2025-10-11,"3.35%",-25,3.35,0.0636107433758954
2026-05-05,2025-10-11,"3.60%",0,3.6,0
2026-05-05,2025-10-11,"3.85%",25,3.85,0
2026-05-05,2025-10-11,"4.10%",50,4.1,0
2026-05-05,2025-10-11,"4.35%",75,4.35,0
2026-05-05,2025-10-11,"4.60%",100,4.6,0
2026-05-05,2025-10-11,"4.85%",125,4.85,0
2026-05-05,2025-10-11,"5.10%",150,5.1,0
2026-05-05,2025-10-11,"5.35%",175,5.35,0
2026-05-05,2025-10-11,"5.60%",200,5.6,0
2026-05-05,2025-10-11,"5.85%",225,5.85,0
2026-05-05,2025-10-11,"6.10%",250,6.1,0
2026-05-05,2025-10-12,"0.10%",-300,0.1,0
2026-05-05,2025-10-12,"0.35%",-300,0.35,0
2026-05-05,2025-10-12,"0.60%",-300,0.6,0
2026-05-05,2025-10-12,"0.85%",-275,0.85,0
2026-05-05,2025-10-12,"1.10%",-250,1.1,0
2026-05-05,2025-10-12,"1.35%",-225,1.35,0
2026-05-05,2025-10-12,"1.60%",-200,1.6,0
2026-05-05,2025-10-12,"1.85%",-175,1.85,0
2026-05-05,2025-10-12,"2.10%",-150,2.1,0
2026-05-05,2025-10-12,"2.35%",-125,2.35,0.0120358596083263
2026-05-05,2025-10-12,"2.60%",-100,2.6,0.146540750029324
2026-05-05,2025-10-12,"2.85%",-75,2.85,0.440617731801761
2026-05-05,2025-10-12,"3.10%",-50,3.1,0.336189431134735
2026-05-05,2025-10-12,"3.35%",-25,3.35,0.0646162274258534
2026-05-05,2025-10-12,"3.60%",0,3.6,0
2026-05-05,2025-10-12,"3.85%",25,3.85,0
2026-05-05,2025-10-12,"4.10%",50,4.1,0
2026-05-05,2025-10-12,"4.35%",75,4.35,0
2026-05-05,2025-10-12,"4.60%",100,4.6,0
2026-05-05,2025-10-12,"4.85%",125,4.85,0
2026-05-05,2025-10-12,"5.10%",150,5.1,0
2026-05-05,2025-10-12,"5.35%",175,5.35,0
2026-05-05,2025-10-12,"5.60%",200,5.6,0
2026-05-05,2025-10-12,"5.85%",225,5.85,0
2026-05-05,2025-10-12,"6.10%",250,6.1,0
2026-05-05,2025-10-13,"0.10%",-300,0.1,0
2026-05-05,2025-10-13,"0.35%",-300,0.35,0
2026-05-05,2025-10-13,"0.60%",-300,0.6,0
2026-05-05,2025-10-13,"0.85%",-275,0.85,0
2026-05-05,2025-10-13,"1.10%",-250,1.1,0
2026-05-05,2025-10-13,"1.35%",-225,1.35,0
2026-05-05,2025-10-13,"1.60%",-200,1.6,0
2026-05-05,2025-10-13,"1.85%",-175,1.85,0
2026-05-05,2025-10-13,"2.10%",-150,2.1,0
2026-05-05,2025-10-13,"2.35%",-125,2.35,0
2026-05-05,2025-10-13,"2.60%",-100,2.6,0
2026-05-05,2025-10-13,"2.85%",-75,2.85,0.0646401187438139
2026-05-05,2025-10-13,"3.10%",-50,3.1,0.334518651585647
2026-05-05,2025-10-13,"3.35%",-25,3.35,0.440105040893172
2026-05-05,2025-10-13,"3.60%",0,3.6,0.148276091424076
2026-05-05,2025-10-13,"3.85%",25,3.85,0.0124600973532914
2026-05-05,2025-10-13,"4.10%",50,4.1,0
2026-05-05,2025-10-13,"4.35%",75,4.35,0
2026-05-05,2025-10-13,"4.60%",100,4.6,0
2026-05-05,2025-10-13,"4.85%",125,4.85,0
2026-05-05,2025-10-13,"5.10%",150,5.1,0
2026-05-05,2025-10-13,"5.35%",175,5.35,0
2026-05-05,2025-10-13,"5.60%",200,5.6,0
2026-05-05,2025-10-13,"5.85%",225,5.85,0
2026-05-05,2025-10-13,"6.10%",250,6.1,0
2026-05-05,2025-10-14,"0.10%",-300,0.1,0
2026-05-05,2025-10-14,"0.35%",-300,0.35,0
2026-05-05,2025-10-14,"0.60%",-300,0.6,0
2026-05-05,2025-10-14,"0.85%",-275,0.85,0
2026-05-05,2025-10-14,"1.10%",-250,1.1,0
2026-05-05,2025-10-14,"1.35%",-225,1.35,0
2026-05-05,2025-10-14,"1.60%",-200,1.6,0
2026-05-05,2025-10-14,"1.85%",-175,1.85,0
2026-05-05,2025-10-14,"2.10%",-150,2.1,0
2026-05-05,2025-10-14,"2.35%",-125,2.35,0
2026-05-05,2025-10-14,"2.60%",-100,2.6,0
2026-05-05,2025-10-14,"2.85%",-75,2.85,0.0523849924758989
2026-05-05,2025-10-14,"3.10%",-50,3.1,0.343151170211001
2026-05-05,2025-10-14,"3.35%",-25,3.35,0.469020470666249
2026-05-05,2025-10-14,"3.60%",0,3.6,0.135443366646851
2026-05-05,2025-10-14,"3.85%",25,3.85,0
2026-05-05,2025-10-14,"4.10%",50,4.1,0
2026-05-05,2025-10-14,"4.35%",75,4.35,0
2026-05-05,2025-10-14,"4.60%",100,4.6,0
2026-05-05,2025-10-14,"4.85%",125,4.85,0
2026-05-05,2025-10-14,"5.10%",150,5.1,0
2026-05-05,2025-10-14,"5.35%",175,5.35,0
2026-05-05,2025-10-14,"5.60%",200,5.6,0
2026-05-05,2025-10-14,"5.85%",225,5.85,0
2026-05-05,2025-10-14,"6.10%",250,6.1,0
2026-05-05,2025-10-15,"0.10%",-300,0.1,0
2026-05-05,2025-10-15,"0.35%",-300,0.35,0
2026-05-05,2025-10-15,"0.60%",-300,0.6,0
2026-05-05,2025-10-15,"0.85%",-275,0.85,0
2026-05-05,2025-10-15,"1.10%",-250,1.1,0
2026-05-05,2025-10-15,"1.35%",-225,1.35,0
2026-05-05,2025-10-15,"1.60%",-200,1.6,0
2026-05-05,2025-10-15,"1.85%",-175,1.85,0
2026-05-05,2025-10-15,"2.10%",-150,2.1,0
2026-05-05,2025-10-15,"2.35%",-125,2.35,0
2026-05-05,2025-10-15,"2.60%",-100,2.6,0
2026-05-05,2025-10-15,"2.85%",-75,2.85,0.0570772051457301
2026-05-05,2025-10-15,"3.10%",-50,3.1,0.38976645416315
2026-05-05,2025-10-15,"3.35%",-25,3.35,0.45903655793851
2026-05-05,2025-10-15,"3.60%",0,3.6,0.09411978275261
2026-05-05,2025-10-15,"3.85%",25,3.85,0
2026-05-05,2025-10-15,"4.10%",50,4.1,0
2026-05-05,2025-10-15,"4.35%",75,4.35,0
2026-05-05,2025-10-15,"4.60%",100,4.6,0
2026-05-05,2025-10-15,"4.85%",125,4.85,0
2026-05-05,2025-10-15,"5.10%",150,5.1,0
2026-05-05,2025-10-15,"5.35%",175,5.35,0
2026-05-05,2025-10-15,"5.60%",200,5.6,0
2026-05-05,2025-10-15,"5.85%",225,5.85,0
2026-05-05,2025-10-15,"6.10%",250,6.1,0
2026-05-05,2025-10-16,"0.10%",-300,0.1,0
2026-05-05,2025-10-16,"0.35%",-300,0.35,0
2026-05-05,2025-10-16,"0.60%",-300,0.6,0
2026-05-05,2025-10-16,"0.85%",-275,0.85,0
2026-05-05,2025-10-16,"1.10%",-250,1.1,0
2026-05-05,2025-10-16,"1.35%",-225,1.35,0
2026-05-05,2025-10-16,"1.60%",-200,1.6,0
2026-05-05,2025-10-16,"1.85%",-175,1.85,0
2026-05-05,2025-10-16,"2.10%",-150,2.1,0
2026-05-05,2025-10-16,"2.35%",-125,2.35,0
2026-05-05,2025-10-16,"2.60%",-100,2.6,0.0194525733515369
2026-05-05,2025-10-16,"2.85%",-75,2.85,0.239514849119073
2026-05-05,2025-10-16,"3.10%",-50,3.1,0.519803621598906
2026-05-05,2025-10-16,"3.35%",-25,3.35,0.20681915161612
2026-05-05,2025-10-16,"3.60%",0,3.6,0.0144098043143643
2026-05-05,2025-10-16,"3.85%",25,3.85,0
2026-05-05,2025-10-16,"4.10%",50,4.1,0
2026-05-05,2025-10-16,"4.35%",75,4.35,0
2026-05-05,2025-10-16,"4.60%",100,4.6,0
2026-05-05,2025-10-16,"4.85%",125,4.85,0
2026-05-05,2025-10-16,"5.10%",150,5.1,0
2026-05-05,2025-10-16,"5.35%",175,5.35,0
2026-05-05,2025-10-16,"5.60%",200,5.6,0
2026-05-05,2025-10-16,"5.85%",225,5.85,0
2026-05-05,2025-10-16,"6.10%",250,6.1,0
2026-05-05,2025-10-17,"0.10%",-300,0.1,0
2026-05-05,2025-10-17,"0.35%",-300,0.35,0
2026-05-05,2025-10-17,"0.60%",-300,0.6,0
2026-05-05,2025-10-17,"0.85%",-275,0.85,0
2026-05-05,2025-10-17,"1.10%",-250,1.1,0
2026-05-05,2025-10-17,"1.35%",-225,1.35,0
2026-05-05,2025-10-17,"1.60%",-200,1.6,0
2026-05-05,2025-10-17,"1.85%",-175,1.85,0
2026-05-05,2025-10-17,"2.10%",-150,2.1,0
2026-05-05,2025-10-17,"2.35%",-125,2.35,0
2026-05-05,2025-10-17,"2.60%",-100,2.6,0.024612923947123
2026-05-05,2025-10-17,"2.85%",-75,2.85,0.245061081522691
2026-05-05,2025-10-17,"3.10%",-50,3.1,0.498606495175498
2026-05-05,2025-10-17,"3.35%",-25,3.35,0.213184282604756
2026-05-05,2025-10-17,"3.60%",0,3.6,0.0185352167499321
2026-05-05,2025-10-17,"3.85%",25,3.85,0
2026-05-05,2025-10-17,"4.10%",50,4.1,0
2026-05-05,2025-10-17,"4.35%",75,4.35,0
2026-05-05,2025-10-17,"4.60%",100,4.6,0
2026-05-05,2025-10-17,"4.85%",125,4.85,0
2026-05-05,2025-10-17,"5.10%",150,5.1,0
2026-05-05,2025-10-17,"5.35%",175,5.35,0
2026-05-05,2025-10-17,"5.60%",200,5.6,0
2026-05-05,2025-10-17,"5.85%",225,5.85,0
2026-05-05,2025-10-17,"6.10%",250,6.1,0
2026-05-05,2025-10-18,"0.10%",-300,0.1,0
2026-05-05,2025-10-18,"0.35%",-300,0.35,0
2026-05-05,2025-10-18,"0.60%",-300,0.6,0
2026-05-05,2025-10-18,"0.85%",-275,0.85,0
2026-05-05,2025-10-18,"1.10%",-250,1.1,0
2026-05-05,2025-10-18,"1.35%",-225,1.35,0
2026-05-05,2025-10-18,"1.60%",-200,1.6,0
2026-05-05,2025-10-18,"1.85%",-175,1.85,0
2026-05-05,2025-10-18,"2.10%",-150,2.1,0
2026-05-05,2025-10-18,"2.35%",-125,2.35,0
2026-05-05,2025-10-18,"2.60%",-100,2.6,0.0273099369242448
2026-05-05,2025-10-18,"2.85%",-75,2.85,0.247100212999572
2026-05-05,2025-10-18,"3.10%",-50,3.1,0.488592959294962
2026-05-05,2025-10-18,"3.35%",-25,3.35,0.216181020728548
2026-05-05,2025-10-18,"3.60%",0,3.6,0.0208158700526731
2026-05-05,2025-10-18,"3.85%",25,3.85,0
2026-05-05,2025-10-18,"4.10%",50,4.1,0
2026-05-05,2025-10-18,"4.35%",75,4.35,0
2026-05-05,2025-10-18,"4.60%",100,4.6,0
2026-05-05,2025-10-18,"4.85%",125,4.85,0
2026-05-05,2025-10-18,"5.10%",150,5.1,0
2026-05-05,2025-10-18,"5.35%",175,5.35,0
2026-05-05,2025-10-18,"5.60%",200,5.6,0
2026-05-05,2025-10-18,"5.85%",225,5.85,0
2026-05-05,2025-10-18,"6.10%",250,6.1,0
2026-05-05,2025-10-19,"0.10%",-300,0.1,0
2026-05-05,2025-10-19,"0.35%",-300,0.35,0
2026-05-05,2025-10-19,"0.60%",-300,0.6,0
2026-05-05,2025-10-19,"0.85%",-275,0.85,0
2026-05-05,2025-10-19,"1.10%",-250,1.1,0
2026-05-05,2025-10-19,"1.35%",-225,1.35,0
2026-05-05,2025-10-19,"1.60%",-200,1.6,0
2026-05-05,2025-10-19,"1.85%",-175,1.85,0
2026-05-05,2025-10-19,"2.10%",-150,2.1,0
2026-05-05,2025-10-19,"2.35%",-125,2.35,0
2026-05-05,2025-10-19,"2.60%",-100,2.6,0.0183448761015094
2026-05-05,2025-10-19,"2.85%",-75,2.85,0.194097723980106
2026-05-05,2025-10-19,"3.10%",-50,3.1,0.474677137507956
2026-05-05,2025-10-19,"3.35%",-25,3.35,0.27554720371028
2026-05-05,2025-10-19,"3.60%",0,3.6,0.0373330587001488
2026-05-05,2025-10-19,"3.85%",25,3.85,0
2026-05-05,2025-10-19,"4.10%",50,4.1,0
2026-05-05,2025-10-19,"4.35%",75,4.35,0
2026-05-05,2025-10-19,"4.60%",100,4.6,0
2026-05-05,2025-10-19,"4.85%",125,4.85,0
2026-05-05,2025-10-19,"5.10%",150,5.1,0
2026-05-05,2025-10-19,"5.35%",175,5.35,0
2026-05-05,2025-10-19,"5.60%",200,5.6,0
2026-05-05,2025-10-19,"5.85%",225,5.85,0
2026-05-05,2025-10-19,"6.10%",250,6.1,0
2026-05-05,2025-10-20,"0.10%",-300,0.1,0
2026-05-05,2025-10-20,"0.35%",-300,0.35,0
2026-05-05,2025-10-20,"0.60%",-300,0.6,0
2026-05-05,2025-10-20,"0.85%",-275,0.85,0
2026-05-05,2025-10-20,"1.10%",-250,1.1,0
2026-05-05,2025-10-20,"1.35%",-225,1.35,0
2026-05-05,2025-10-20,"1.60%",-200,1.6,0
2026-05-05,2025-10-20,"1.85%",-175,1.85,0
2026-05-05,2025-10-20,"2.10%",-150,2.1,0
2026-05-05,2025-10-20,"2.35%",-125,2.35,0
2026-05-05,2025-10-20,"2.60%",-100,2.6,0.0233756535890878
2026-05-05,2025-10-20,"2.85%",-75,2.85,0.2110602771166
2026-05-05,2025-10-20,"3.10%",-50,3.1,0.468482329286832
2026-05-05,2025-10-20,"3.35%",-25,3.35,0.261114684609302
2026-05-05,2025-10-20,"3.60%",0,3.6,0.0359670553981775
2026-05-05,2025-10-20,"3.85%",25,3.85,0
2026-05-05,2025-10-20,"4.10%",50,4.1,0
2026-05-05,2025-10-20,"4.35%",75,4.35,0
2026-05-05,2025-10-20,"4.60%",100,4.6,0
2026-05-05,2025-10-20,"4.85%",125,4.85,0
2026-05-05,2025-10-20,"5.10%",150,5.1,0
2026-05-05,2025-10-20,"5.35%",175,5.35,0
2026-05-05,2025-10-20,"5.60%",200,5.6,0
2026-05-05,2025-10-20,"5.85%",225,5.85,0
2026-05-05,2025-10-20,"6.10%",250,6.1,0
2026-05-05,2025-10-21,"0.10%",-300,0.1,0
2026-05-05,2025-10-21,"0.35%",-300,0.35,0
2026-05-05,2025-10-21,"0.60%",-300,0.6,0
2026-05-05,2025-10-21,"0.85%",-275,0.85,0
2026-05-05,2025-10-21,"1.10%",-250,1.1,0
2026-05-05,2025-10-21,"1.35%",-225,1.35,0
2026-05-05,2025-10-21,"1.60%",-200,1.6,0
2026-05-05,2025-10-21,"1.85%",-175,1.85,0
2026-05-05,2025-10-21,"2.10%",-150,2.1,0
2026-05-05,2025-10-21,"2.35%",-125,2.35,0
2026-05-05,2025-10-21,"2.60%",-100,2.6,0.0152279890352701
2026-05-05,2025-10-21,"2.85%",-75,2.85,0.184457618191456
2026-05-05,2025-10-21,"3.10%",-50,3.1,0.482616890563164
2026-05-05,2025-10-21,"3.35%",-25,3.35,0.281705852415581
2026-05-05,2025-10-21,"3.60%",0,3.6,0.0359916497945287
2026-05-05,2025-10-21,"3.85%",25,3.85,0
2026-05-05,2025-10-21,"4.10%",50,4.1,0
2026-05-05,2025-10-21,"4.35%",75,4.35,0
2026-05-05,2025-10-21,"4.60%",100,4.6,0
2026-05-05,2025-10-21,"4.85%",125,4.85,0
2026-05-05,2025-10-21,"5.10%",150,5.1,0
2026-05-05,2025-10-21,"5.35%",175,5.35,0
2026-05-05,2025-10-21,"5.60%",200,5.6,0
2026-05-05,2025-10-21,"5.85%",225,5.85,0
2026-05-05,2025-10-21,"6.10%",250,6.1,0
2026-05-05,2025-10-22,"0.10%",-300,0.1,0
2026-05-05,2025-10-22,"0.35%",-300,0.35,0
2026-05-05,2025-10-22,"0.60%",-300,0.6,0
2026-05-05,2025-10-22,"0.85%",-275,0.85,0
2026-05-05,2025-10-22,"1.10%",-250,1.1,0
2026-05-05,2025-10-22,"1.35%",-225,1.35,0
2026-05-05,2025-10-22,"1.60%",-200,1.6,0
2026-05-05,2025-10-22,"1.85%",-175,1.85,0
2026-05-05,2025-10-22,"2.10%",-150,2.1,0
2026-05-05,2025-10-22,"2.35%",-125,2.35,0
2026-05-05,2025-10-22,"2.60%",-100,2.6,0.0131462186767214
2026-05-05,2025-10-22,"2.85%",-75,2.85,0.175200375208265
2026-05-05,2025-10-22,"3.10%",-50,3.1,0.485307537850138
2026-05-05,2025-10-22,"3.35%",-25,3.35,0.289774493561587
2026-05-05,2025-10-22,"3.60%",0,3.6,0.0365713747032878
2026-05-05,2025-10-22,"3.85%",25,3.85,0
2026-05-05,2025-10-22,"4.10%",50,4.1,0
2026-05-05,2025-10-22,"4.35%",75,4.35,0
2026-05-05,2025-10-22,"4.60%",100,4.6,0
2026-05-05,2025-10-22,"4.85%",125,4.85,0
2026-05-05,2025-10-22,"5.10%",150,5.1,0
2026-05-05,2025-10-22,"5.35%",175,5.35,0
2026-05-05,2025-10-22,"5.60%",200,5.6,0
2026-05-05,2025-10-22,"5.85%",225,5.85,0
2026-05-05,2025-10-22,"6.10%",250,6.1,0
2026-05-05,2025-10-23,"0.10%",-300,0.1,0
2026-05-05,2025-10-23,"0.35%",-300,0.35,0
2026-05-05,2025-10-23,"0.60%",-300,0.6,0
2026-05-05,2025-10-23,"0.85%",-275,0.85,0
2026-05-05,2025-10-23,"1.10%",-250,1.1,0
2026-05-05,2025-10-23,"1.35%",-225,1.35,0
2026-05-05,2025-10-23,"1.60%",-200,1.6,0
2026-05-05,2025-10-23,"1.85%",-175,1.85,0
2026-05-05,2025-10-23,"2.10%",-150,2.1,0
2026-05-05,2025-10-23,"2.35%",-125,2.35,0
2026-05-05,2025-10-23,"2.60%",-100,2.6,0
2026-05-05,2025-10-23,"2.85%",-75,2.85,0.1414195673987
2026-05-05,2025-10-23,"3.10%",-50,3.1,0.528195528031661
2026-05-05,2025-10-23,"3.35%",-25,3.35,0.304353705500854
2026-05-05,2025-10-23,"3.60%",0,3.6,0.0260311990687852
2026-05-05,2025-10-23,"3.85%",25,3.85,0
2026-05-05,2025-10-23,"4.10%",50,4.1,0
2026-05-05,2025-10-23,"4.35%",75,4.35,0
2026-05-05,2025-10-23,"4.60%",100,4.6,0
2026-05-05,2025-10-23,"4.85%",125,4.85,0
2026-05-05,2025-10-23,"5.10%",150,5.1,0
2026-05-05,2025-10-23,"5.35%",175,5.35,0
2026-05-05,2025-10-23,"5.60%",200,5.6,0
2026-05-05,2025-10-23,"5.85%",225,5.85,0
2026-05-05,2025-10-23,"6.10%",250,6.1,0
2026-05-05,2025-10-24,"0.10%",-300,0.1,0
2026-05-05,2025-10-24,"0.35%",-300,0.35,0
2026-05-05,2025-10-24,"0.60%",-300,0.6,0
2026-05-05,2025-10-24,"0.85%",-275,0.85,0
2026-05-05,2025-10-24,"1.10%",-250,1.1,0
2026-05-05,2025-10-24,"1.35%",-225,1.35,0
2026-05-05,2025-10-24,"1.60%",-200,1.6,0
2026-05-05,2025-10-24,"1.85%",-175,1.85,0
2026-05-05,2025-10-24,"2.10%",-150,2.1,0
2026-05-05,2025-10-24,"2.35%",-125,2.35,0
2026-05-05,2025-10-24,"2.60%",-100,2.6,0
2026-05-05,2025-10-24,"2.85%",-75,2.85,0.135545785240406
2026-05-05,2025-10-24,"3.10%",-50,3.1,0.539029121858957
2026-05-05,2025-10-24,"3.35%",-25,3.35,0.302547764727501
2026-05-05,2025-10-24,"3.60%",0,3.6,0.0228773281731368
2026-05-05,2025-10-24,"3.85%",25,3.85,0
2026-05-05,2025-10-24,"4.10%",50,4.1,0
2026-05-05,2025-10-24,"4.35%",75,4.35,0
2026-05-05,2025-10-24,"4.60%",100,4.6,0
2026-05-05,2025-10-24,"4.85%",125,4.85,0
2026-05-05,2025-10-24,"5.10%",150,5.1,0
2026-05-05,2025-10-24,"5.35%",175,5.35,0
2026-05-05,2025-10-24,"5.60%",200,5.6,0
2026-05-05,2025-10-24,"5.85%",225,5.85,0
2026-05-05,2025-10-24,"6.10%",250,6.1,0
2026-05-05,2025-10-25,"0.10%",-300,0.1,0
2026-05-05,2025-10-25,"0.35%",-300,0.35,0
2026-05-05,2025-10-25,"0.60%",-300,0.6,0
2026-05-05,2025-10-25,"0.85%",-275,0.85,0
2026-05-05,2025-10-25,"1.10%",-250,1.1,0
2026-05-05,2025-10-25,"1.35%",-225,1.35,0
2026-05-05,2025-10-25,"1.60%",-200,1.6,0
2026-05-05,2025-10-25,"1.85%",-175,1.85,0
2026-05-05,2025-10-25,"2.10%",-150,2.1,0
2026-05-05,2025-10-25,"2.35%",-125,2.35,0
2026-05-05,2025-10-25,"2.60%",-100,2.6,0
2026-05-05,2025-10-25,"2.85%",-75,2.85,0.129193400947575
2026-05-05,2025-10-25,"3.10%",-50,3.1,0.550572198738994
2026-05-05,2025-10-25,"3.35%",-25,3.35,0.30040316954665
2026-05-05,2025-10-25,"3.60%",0,3.6,0.0198312307667813
2026-05-05,2025-10-25,"3.85%",25,3.85,0
2026-05-05,2025-10-25,"4.10%",50,4.1,0
2026-05-05,2025-10-25,"4.35%",75,4.35,0
2026-05-05,2025-10-25,"4.60%",100,4.6,0
2026-05-05,2025-10-25,"4.85%",125,4.85,0
2026-05-05,2025-10-25,"5.10%",150,5.1,0
2026-05-05,2025-10-25,"5.35%",175,5.35,0
2026-05-05,2025-10-25,"5.60%",200,5.6,0
2026-05-05,2025-10-25,"5.85%",225,5.85,0
2026-05-05,2025-10-25,"6.10%",250,6.1,0
2026-05-05,2025-10-26,"0.10%",-300,0.1,0
2026-05-05,2025-10-26,"0.35%",-300,0.35,0
2026-05-05,2025-10-26,"0.60%",-300,0.6,0
2026-05-05,2025-10-26,"0.85%",-275,0.85,0
2026-05-05,2025-10-26,"1.10%",-250,1.1,0
2026-05-05,2025-10-26,"1.35%",-225,1.35,0
2026-05-05,2025-10-26,"1.60%",-200,1.6,0
2026-05-05,2025-10-26,"1.85%",-175,1.85,0
2026-05-05,2025-10-26,"2.10%",-150,2.1,0
2026-05-05,2025-10-26,"2.35%",-125,2.35,0
2026-05-05,2025-10-26,"2.60%",-100,2.6,0
2026-05-05,2025-10-26,"2.85%",-75,2.85,0.0851073761715779
2026-05-05,2025-10-26,"3.10%",-50,3.1,0.521501311018322
2026-05-05,2025-10-26,"3.35%",-25,3.35,0.365275169783939
2026-05-05,2025-10-26,"3.60%",0,3.6,0.0281161430261616
2026-05-05,2025-10-26,"3.85%",25,3.85,0
2026-05-05,2025-10-26,"4.10%",50,4.1,0
2026-05-05,2025-10-26,"4.35%",75,4.35,0
2026-05-05,2025-10-26,"4.60%",100,4.6,0
2026-05-05,2025-10-26,"4.85%",125,4.85,0
2026-05-05,2025-10-26,"5.10%",150,5.1,0
2026-05-05,2025-10-26,"5.35%",175,5.35,0
2026-05-05,2025-10-26,"5.60%",200,5.6,0
2026-05-05,2025-10-26,"5.85%",225,5.85,0
2026-05-05,2025-10-26,"6.10%",250,6.1,0
2026-05-05,2025-10-27,"0.10%",-300,0.1,0
2026-05-05,2025-10-27,"0.35%",-300,0.35,0
2026-05-05,2025-10-27,"0.60%",-300,0.6,0
2026-05-05,2025-10-27,"0.85%",-275,0.85,0
2026-05-05,2025-10-27,"1.10%",-250,1.1,0
2026-05-05,2025-10-27,"1.35%",-225,1.35,0
2026-05-05,2025-10-27,"1.60%",-200,1.6,0
2026-05-05,2025-10-27,"1.85%",-175,1.85,0
2026-05-05,2025-10-27,"2.10%",-150,2.1,0
2026-05-05,2025-10-27,"2.35%",-125,2.35,0
2026-05-05,2025-10-27,"2.60%",-100,2.6,0
2026-05-05,2025-10-27,"2.85%",-75,2.85,0.0485754940504053
2026-05-05,2025-10-27,"3.10%",-50,3.1,0.464385422066006
2026-05-05,2025-10-27,"3.35%",-25,3.35,0.444640354907503
2026-05-05,2025-10-27,"3.60%",0,3.6,0.042398728976086
2026-05-05,2025-10-27,"3.85%",25,3.85,0
2026-05-05,2025-10-27,"4.10%",50,4.1,0
2026-05-05,2025-10-27,"4.35%",75,4.35,0
2026-05-05,2025-10-27,"4.60%",100,4.6,0
2026-05-05,2025-10-27,"4.85%",125,4.85,0
2026-05-05,2025-10-27,"5.10%",150,5.1,0
2026-05-05,2025-10-27,"5.35%",175,5.35,0
2026-05-05,2025-10-27,"5.60%",200,5.6,0
2026-05-05,2025-10-27,"5.85%",225,5.85,0
2026-05-05,2025-10-27,"6.10%",250,6.1,0
2026-05-05,2025-10-28,"0.10%",-300,0.1,0
2026-05-05,2025-10-28,"0.35%",-300,0.35,0
2026-05-05,2025-10-28,"0.60%",-300,0.6,0
2026-05-05,2025-10-28,"0.85%",-275,0.85,0
2026-05-05,2025-10-28,"1.10%",-250,1.1,0
2026-05-05,2025-10-28,"1.35%",-225,1.35,0
2026-05-05,2025-10-28,"1.60%",-200,1.6,0
2026-05-05,2025-10-28,"1.85%",-175,1.85,0
2026-05-05,2025-10-28,"2.10%",-150,2.1,0
2026-05-05,2025-10-28,"2.35%",-125,2.35,0
2026-05-05,2025-10-28,"2.60%",-100,2.6,0
2026-05-05,2025-10-28,"2.85%",-75,2.85,0.0263473567112663
2026-05-05,2025-10-28,"3.10%",-50,3.1,0.233209121035974
2026-05-05,2025-10-28,"3.35%",-25,3.35,0.479607091164909
2026-05-05,2025-10-28,"3.60%",0,3.6,0.23425005114526
2026-05-05,2025-10-28,"3.85%",25,3.85,0.0265863799425908
2026-05-05,2025-10-28,"4.10%",50,4.1,0
2026-05-05,2025-10-28,"4.35%",75,4.35,0
2026-05-05,2025-10-28,"4.60%",100,4.6,0
2026-05-05,2025-10-28,"4.85%",125,4.85,0
2026-05-05,2025-10-28,"5.10%",150,5.1,0
2026-05-05,2025-10-28,"5.35%",175,5.35,0
2026-05-05,2025-10-28,"5.60%",200,5.6,0
2026-05-05,2025-10-28,"5.85%",225,5.85,0
2026-05-05,2025-10-28,"6.10%",250,6.1,0
2026-05-05,2025-10-29,"0.10%",-300,0.1,0
2026-05-05,2025-10-29,"0.35%",-300,0.35,0
2026-05-05,2025-10-29,"0.60%",-300,0.6,0
2026-05-05,2025-10-29,"0.85%",-275,0.85,0
2026-05-05,2025-10-29,"1.10%",-250,1.1,0
2026-05-05,2025-10-29,"1.35%",-225,1.35,0
2026-05-05,2025-10-29,"1.60%",-200,1.6,0
2026-05-05,2025-10-29,"1.85%",-175,1.85,0
2026-05-05,2025-10-29,"2.10%",-150,2.1,0
2026-05-05,2025-10-29,"2.35%",-125,2.35,0
2026-05-05,2025-10-29,"2.60%",-100,2.6,0
2026-05-05,2025-10-29,"2.85%",-75,2.85,0.0279106808766824
2026-05-05,2025-10-29,"3.10%",-50,3.1,0.197775790028758
2026-05-05,2025-10-29,"3.35%",-25,3.35,0.42828630016553
2026-05-05,2025-10-29,"3.60%",0,3.6,0.286941736358746
2026-05-05,2025-10-29,"3.85%",25,3.85,0.0590854925702843
2026-05-05,2025-10-29,"4.10%",50,4.1,0
2026-05-05,2025-10-29,"4.35%",75,4.35,0
2026-05-05,2025-10-29,"4.60%",100,4.6,0
2026-05-05,2025-10-29,"4.85%",125,4.85,0
2026-05-05,2025-10-29,"5.10%",150,5.1,0
2026-05-05,2025-10-29,"5.35%",175,5.35,0
2026-05-05,2025-10-29,"5.60%",200,5.6,0
2026-05-05,2025-10-29,"5.85%",225,5.85,0
2026-05-05,2025-10-29,"6.10%",250,6.1,0
2026-05-05,2025-10-30,"0.10%",-300,0.1,0
2026-05-05,2025-10-30,"0.35%",-300,0.35,0
2026-05-05,2025-10-30,"0.60%",-300,0.6,0
2026-05-05,2025-10-30,"0.85%",-275,0.85,0
2026-05-05,2025-10-30,"1.10%",-250,1.1,0
2026-05-05,2025-10-30,"1.35%",-225,1.35,0
2026-05-05,2025-10-30,"1.60%",-200,1.6,0
2026-05-05,2025-10-30,"1.85%",-175,1.85,0
2026-05-05,2025-10-30,"2.10%",-150,2.1,0
2026-05-05,2025-10-30,"2.35%",-125,2.35,0
2026-05-05,2025-10-30,"2.60%",-100,2.6,0
2026-05-05,2025-10-30,"2.85%",-75,2.85,0.0288925102349991
2026-05-05,2025-10-30,"3.10%",-50,3.1,0.219219708544366
2026-05-05,2025-10-30,"3.35%",-25,3.35,0.452853197180023
2026-05-05,2025-10-30,"3.60%",0,3.6,0.258672788824413
2026-05-05,2025-10-30,"3.85%",25,3.85,0.0403617952161994
2026-05-05,2025-10-30,"4.10%",50,4.1,0
2026-05-05,2025-10-30,"4.35%",75,4.35,0
2026-05-05,2025-10-30,"4.60%",100,4.6,0
2026-05-05,2025-10-30,"4.85%",125,4.85,0
2026-05-05,2025-10-30,"5.10%",150,5.1,0
2026-05-05,2025-10-30,"5.35%",175,5.35,0
2026-05-05,2025-10-30,"5.60%",200,5.6,0
2026-05-05,2025-10-30,"5.85%",225,5.85,0
2026-05-05,2025-10-30,"6.10%",250,6.1,0
2026-05-05,2025-10-31,"0.10%",-300,0.1,0
2026-05-05,2025-10-31,"0.35%",-300,0.35,0
2026-05-05,2025-10-31,"0.60%",-300,0.6,0
2026-05-05,2025-10-31,"0.85%",-275,0.85,0
2026-05-05,2025-10-31,"1.10%",-250,1.1,0
2026-05-05,2025-10-31,"1.35%",-225,1.35,0
2026-05-05,2025-10-31,"1.60%",-200,1.6,0
2026-05-05,2025-10-31,"1.85%",-175,1.85,0
2026-05-05,2025-10-31,"2.10%",-150,2.1,0
2026-05-05,2025-10-31,"2.35%",-125,2.35,0
2026-05-05,2025-10-31,"2.60%",-100,2.6,0
2026-05-05,2025-10-31,"2.85%",-75,2.85,0.0236333012968683
2026-05-05,2025-10-31,"3.10%",-50,3.1,0.214369655467752
2026-05-05,2025-10-31,"3.35%",-25,3.35,0.47130952631697
2026-05-05,2025-10-31,"3.60%",0,3.6,0.256655083305061
2026-05-05,2025-10-31,"3.85%",25,3.85,0.0340324336133484
2026-05-05,2025-10-31,"4.10%",50,4.1,0
2026-05-05,2025-10-31,"4.35%",75,4.35,0
2026-05-05,2025-10-31,"4.60%",100,4.6,0
2026-05-05,2025-10-31,"4.85%",125,4.85,0
2026-05-05,2025-10-31,"5.10%",150,5.1,0
2026-05-05,2025-10-31,"5.35%",175,5.35,0
2026-05-05,2025-10-31,"5.60%",200,5.6,0
2026-05-05,2025-10-31,"5.85%",225,5.85,0
2026-05-05,2025-10-31,"6.10%",250,6.1,0
2026-05-05,2025-11-01,"0.10%",-300,0.1,0
2026-05-05,2025-11-01,"0.35%",-300,0.35,0
2026-05-05,2025-11-01,"0.60%",-300,0.6,0
2026-05-05,2025-11-01,"0.85%",-275,0.85,0
2026-05-05,2025-11-01,"1.10%",-250,1.1,0
2026-05-05,2025-11-01,"1.35%",-225,1.35,0
2026-05-05,2025-11-01,"1.60%",-200,1.6,0
2026-05-05,2025-11-01,"1.85%",-175,1.85,0
2026-05-05,2025-11-01,"2.10%",-150,2.1,0
2026-05-05,2025-11-01,"2.35%",-125,2.35,0
2026-05-05,2025-11-01,"2.60%",-100,2.6,0.0195744509648916
2026-05-05,2025-11-01,"2.85%",-75,2.85,0.0881540225432977
2026-05-05,2025-11-01,"3.10%",-50,3.1,0.22051804848265
2026-05-05,2025-11-01,"3.35%",-25,3.35,0.306902630453746
2026-05-05,2025-11-01,"3.60%",0,3.6,0.237783403030882
2026-05-05,2025-11-01,"3.85%",25,3.85,0.102512713628504
2026-05-05,2025-11-01,"4.10%",50,4.1,0.0245547308960285
2026-05-05,2025-11-01,"4.35%",75,4.35,0
2026-05-05,2025-11-01,"4.60%",100,4.6,0
2026-05-05,2025-11-01,"4.85%",125,4.85,0
2026-05-05,2025-11-01,"5.10%",150,5.1,0
2026-05-05,2025-11-01,"5.35%",175,5.35,0
2026-05-05,2025-11-01,"5.60%",200,5.6,0
2026-05-05,2025-11-01,"5.85%",225,5.85,0
2026-05-05,2025-11-01,"6.10%",250,6.1,0
2026-05-05,2025-11-02,"0.10%",-300,0.1,0
2026-05-05,2025-11-02,"0.35%",-300,0.35,0
2026-05-05,2025-11-02,"0.60%",-300,0.6,0
2026-05-05,2025-11-02,"0.85%",-275,0.85,0
2026-05-05,2025-11-02,"1.10%",-250,1.1,0
2026-05-05,2025-11-02,"1.35%",-225,1.35,0
2026-05-05,2025-11-02,"1.60%",-200,1.6,0
2026-05-05,2025-11-02,"1.85%",-175,1.85,0
2026-05-05,2025-11-02,"2.10%",-150,2.1,0
2026-05-05,2025-11-02,"2.35%",-125,2.35,0.013730258028292
2026-05-05,2025-11-02,"2.60%",-100,2.6,0.0444248418658162
2026-05-05,2025-11-02,"2.85%",-75,2.85,0.104723204223805
2026-05-05,2025-11-02,"3.10%",-50,3.1,0.17989913409072
2026-05-05,2025-11-02,"3.35%",-25,3.35,0.225241947397522
2026-05-05,2025-11-02,"3.60%",0,3.6,0.205556416013609
2026-05-05,2025-11-02,"3.85%",25,3.85,0.136729784764173
2026-05-05,2025-11-02,"4.10%",50,4.1,0.0662820785359172
2026-05-05,2025-11-02,"4.35%",75,4.35,0.0234123350801453
2026-05-05,2025-11-02,"4.60%",100,4.6,0
2026-05-05,2025-11-02,"4.85%",125,4.85,0
2026-05-05,2025-11-02,"5.10%",150,5.1,0
2026-05-05,2025-11-02,"5.35%",175,5.35,0
2026-05-05,2025-11-02,"5.60%",200,5.6,0
2026-05-05,2025-11-02,"5.85%",225,5.85,0
2026-05-05,2025-11-02,"6.10%",250,6.1,0
2026-05-05,2025-11-03,"0.10%",-300,0.1,0
2026-05-05,2025-11-03,"0.35%",-300,0.35,0
2026-05-05,2025-11-03,"0.60%",-300,0.6,0
2026-05-05,2025-11-03,"0.85%",-275,0.85,0
2026-05-05,2025-11-03,"1.10%",-250,1.1,0
2026-05-05,2025-11-03,"1.35%",-225,1.35,0
2026-05-05,2025-11-03,"1.60%",-200,1.6,0
2026-05-05,2025-11-03,"1.85%",-175,1.85,0
2026-05-05,2025-11-03,"2.10%",-150,2.1,0.0112370350999776
2026-05-05,2025-11-03,"2.35%",-125,2.35,0.0289499087055766
2026-05-05,2025-11-03,"2.60%",-100,2.6,0.0612497946885512
2026-05-05,2025-11-03,"2.85%",-75,2.85,0.106425265078935
2026-05-05,2025-11-03,"3.10%",-50,3.1,0.151873875951829
2026-05-05,2025-11-03,"3.35%",-25,3.35,0.178004020559386
2026-05-05,2025-11-03,"3.60%",0,3.6,0.171352135770351
2026-05-05,2025-11-03,"3.85%",25,3.85,0.135475607522117
2026-05-05,2025-11-03,"4.10%",50,4.1,0.0879706523455394
2026-05-05,2025-11-03,"4.35%",75,4.35,0.04691452821708
2026-05-05,2025-11-03,"4.60%",100,4.6,0.0205471760606575
2026-05-05,2025-11-03,"4.85%",125,4.85,0
2026-05-05,2025-11-03,"5.10%",150,5.1,0
2026-05-05,2025-11-03,"5.35%",175,5.35,0
2026-05-05,2025-11-03,"5.60%",200,5.6,0
2026-05-05,2025-11-03,"5.85%",225,5.85,0
2026-05-05,2025-11-03,"6.10%",250,6.1,0
2026-05-05,2025-11-04,"0.10%",-300,0.1,0
2026-05-05,2025-11-04,"0.35%",-300,0.35,0
2026-05-05,2025-11-04,"0.60%",-300,0.6,0
2026-05-05,2025-11-04,"0.85%",-275,0.85,0
2026-05-05,2025-11-04,"1.10%",-250,1.1,0
2026-05-05,2025-11-04,"1.35%",-225,1.35,0
2026-05-05,2025-11-04,"1.60%",-200,1.6,0
2026-05-05,2025-11-04,"1.85%",-175,1.85,0
2026-05-05,2025-11-04,"2.10%",-150,2.1,0
2026-05-05,2025-11-04,"2.35%",-125,2.35,0
2026-05-05,2025-11-04,"2.60%",-100,2.6,0
2026-05-05,2025-11-04,"2.85%",-75,2.85,0
2026-05-05,2025-11-04,"3.10%",-50,3.1,0.140708284145444
2026-05-05,2025-11-04,"3.35%",-25,3.35,0.537428280606234
2026-05-05,2025-11-04,"3.60%",0,3.6,0.298756958242845
2026-05-05,2025-11-04,"3.85%",25,3.85,0.023106477005478
2026-05-05,2025-11-04,"4.10%",50,4.1,0
2026-05-05,2025-11-04,"4.35%",75,4.35,0
2026-05-05,2025-11-04,"4.60%",100,4.6,0
2026-05-05,2025-11-04,"4.85%",125,4.85,0
2026-05-05,2025-11-04,"5.10%",150,5.1,0
2026-05-05,2025-11-04,"5.35%",175,5.35,0
2026-05-05,2025-11-04,"5.60%",200,5.6,0
2026-05-05,2025-11-04,"5.85%",225,5.85,0
2026-05-05,2025-11-04,"6.10%",250,6.1,0
2026-05-05,2025-11-05,"0.10%",-300,0.1,0
2026-05-05,2025-11-05,"0.35%",-300,0.35,0
2026-05-05,2025-11-05,"0.60%",-300,0.6,0
2026-05-05,2025-11-05,"0.85%",-275,0.85,0
2026-05-05,2025-11-05,"1.10%",-250,1.1,0
2026-05-05,2025-11-05,"1.35%",-225,1.35,0
2026-05-05,2025-11-05,"1.60%",-200,1.6,0
2026-05-05,2025-11-05,"1.85%",-175,1.85,0
2026-05-05,2025-11-05,"2.10%",-150,2.1,0
2026-05-05,2025-11-05,"2.35%",-125,2.35,0
2026-05-05,2025-11-05,"2.60%",-100,2.6,0
2026-05-05,2025-11-05,"2.85%",-75,2.85,0
2026-05-05,2025-11-05,"3.10%",-50,3.1,0.142372176082645
2026-05-05,2025-11-05,"3.35%",-25,3.35,0.495173894308682
2026-05-05,2025-11-05,"3.60%",0,3.6,0.323566662761486
2026-05-05,2025-11-05,"3.85%",25,3.85,0.0388872668471869
2026-05-05,2025-11-05,"4.10%",50,4.1,0
2026-05-05,2025-11-05,"4.35%",75,4.35,0
2026-05-05,2025-11-05,"4.60%",100,4.6,0
2026-05-05,2025-11-05,"4.85%",125,4.85,0
2026-05-05,2025-11-05,"5.10%",150,5.1,0
2026-05-05,2025-11-05,"5.35%",175,5.35,0
2026-05-05,2025-11-05,"5.60%",200,5.6,0
2026-05-05,2025-11-05,"5.85%",225,5.85,0
2026-05-05,2025-11-05,"6.10%",250,6.1,0
2026-05-05,2025-11-06,"0.10%",-300,0.1,0
2026-05-05,2025-11-06,"0.35%",-300,0.35,0
2026-05-05,2025-11-06,"0.60%",-300,0.6,0
2026-05-05,2025-11-06,"0.85%",-275,0.85,0
2026-05-05,2025-11-06,"1.10%",-250,1.1,0
2026-05-05,2025-11-06,"1.35%",-225,1.35,0
2026-05-05,2025-11-06,"1.60%",-200,1.6,0
2026-05-05,2025-11-06,"1.85%",-175,1.85,0
2026-05-05,2025-11-06,"2.10%",-150,2.1,0
2026-05-05,2025-11-06,"2.35%",-125,2.35,0
2026-05-05,2025-11-06,"2.60%",-100,2.6,0
2026-05-05,2025-11-06,"2.85%",-75,2.85,0
2026-05-05,2025-11-06,"3.10%",-50,3.1,0.128848012904312
2026-05-05,2025-11-06,"3.35%",-25,3.35,0.521751066388194
2026-05-05,2025-11-06,"3.60%",0,3.6,0.320553408720698
2026-05-05,2025-11-06,"3.85%",25,3.85,0.0288475119867955
2026-05-05,2025-11-06,"4.10%",50,4.1,0
2026-05-05,2025-11-06,"4.35%",75,4.35,0
2026-05-05,2025-11-06,"4.60%",100,4.6,0
2026-05-05,2025-11-06,"4.85%",125,4.85,0
2026-05-05,2025-11-06,"5.10%",150,5.1,0
2026-05-05,2025-11-06,"5.35%",175,5.35,0
2026-05-05,2025-11-06,"5.60%",200,5.6,0
2026-05-05,2025-11-06,"5.85%",225,5.85,0
2026-05-05,2025-11-06,"6.10%",250,6.1,0
2026-05-05,2025-11-07,"0.10%",-300,0.1,0
2026-05-05,2025-11-07,"0.35%",-300,0.35,0
2026-05-05,2025-11-07,"0.60%",-300,0.6,0
2026-05-05,2025-11-07,"0.85%",-275,0.85,0
2026-05-05,2025-11-07,"1.10%",-250,1.1,0
2026-05-05,2025-11-07,"1.35%",-225,1.35,0
2026-05-05,2025-11-07,"1.60%",-200,1.6,0
2026-05-05,2025-11-07,"1.85%",-175,1.85,0
2026-05-05,2025-11-07,"2.10%",-150,2.1,0
2026-05-05,2025-11-07,"2.35%",-125,2.35,0
2026-05-05,2025-11-07,"2.60%",-100,2.6,0
2026-05-05,2025-11-07,"2.85%",-75,2.85,0
2026-05-05,2025-11-07,"3.10%",-50,3.1,0.127515226198835
2026-05-05,2025-11-07,"3.35%",-25,3.35,0.523803105530343
2026-05-05,2025-11-07,"3.60%",0,3.6,0.320515070764445
2026-05-05,2025-11-07,"3.85%",25,3.85,0.0281665975063768
2026-05-05,2025-11-07,"4.10%",50,4.1,0
2026-05-05,2025-11-07,"4.35%",75,4.35,0
2026-05-05,2025-11-07,"4.60%",100,4.6,0
2026-05-05,2025-11-07,"4.85%",125,4.85,0
2026-05-05,2025-11-07,"5.10%",150,5.1,0
2026-05-05,2025-11-07,"5.35%",175,5.35,0
2026-05-05,2025-11-07,"5.60%",200,5.6,0
2026-05-05,2025-11-07,"5.85%",225,5.85,0
2026-05-05,2025-11-07,"6.10%",250,6.1,0
2026-05-05,2025-11-08,"0.10%",-300,0.1,0
2026-05-05,2025-11-08,"0.35%",-300,0.35,0
2026-05-05,2025-11-08,"0.60%",-300,0.6,0
2026-05-05,2025-11-08,"0.85%",-275,0.85,0
2026-05-05,2025-11-08,"1.10%",-250,1.1,0
2026-05-05,2025-11-08,"1.35%",-225,1.35,0
2026-05-05,2025-11-08,"1.60%",-200,1.6,0
2026-05-05,2025-11-08,"1.85%",-175,1.85,0
2026-05-05,2025-11-08,"2.10%",-150,2.1,0
2026-05-05,2025-11-08,"2.35%",-125,2.35,0
2026-05-05,2025-11-08,"2.60%",-100,2.6,0
2026-05-05,2025-11-08,"2.85%",-75,2.85,0
2026-05-05,2025-11-08,"3.10%",-50,3.1,0.15196270774683
2026-05-05,2025-11-08,"3.35%",-25,3.35,0.481315484169259
2026-05-05,2025-11-08,"3.60%",0,3.6,0.321961957523821
2026-05-05,2025-11-08,"3.85%",25,3.85,0.0447598505600907
2026-05-05,2025-11-08,"4.10%",50,4.1,0
2026-05-05,2025-11-08,"4.35%",75,4.35,0
2026-05-05,2025-11-08,"4.60%",100,4.6,0
2026-05-05,2025-11-08,"4.85%",125,4.85,0
2026-05-05,2025-11-08,"5.10%",150,5.1,0
2026-05-05,2025-11-08,"5.35%",175,5.35,0
2026-05-05,2025-11-08,"5.60%",200,5.6,0
2026-05-05,2025-11-08,"5.85%",225,5.85,0
2026-05-05,2025-11-08,"6.10%",250,6.1,0
2026-05-05,2025-11-09,"0.10%",-300,0.1,0
2026-05-05,2025-11-09,"0.35%",-300,0.35,0
2026-05-05,2025-11-09,"0.60%",-300,0.6,0
2026-05-05,2025-11-09,"0.85%",-275,0.85,0
2026-05-05,2025-11-09,"1.10%",-250,1.1,0
2026-05-05,2025-11-09,"1.35%",-225,1.35,0
2026-05-05,2025-11-09,"1.60%",-200,1.6,0
2026-05-05,2025-11-09,"1.85%",-175,1.85,0
2026-05-05,2025-11-09,"2.10%",-150,2.1,0
2026-05-05,2025-11-09,"2.35%",-125,2.35,0
2026-05-05,2025-11-09,"2.60%",-100,2.6,0
2026-05-05,2025-11-09,"2.85%",-75,2.85,0.0136030199870961
2026-05-05,2025-11-09,"3.10%",-50,3.1,0.146710937355234
2026-05-05,2025-11-09,"3.35%",-25,3.35,0.425737797653763
2026-05-05,2025-11-09,"3.60%",0,3.6,0.339758100100153
2026-05-05,2025-11-09,"3.85%",25,3.85,0.0741901449037534
2026-05-05,2025-11-09,"4.10%",50,4.1,0
2026-05-05,2025-11-09,"4.35%",75,4.35,0
2026-05-05,2025-11-09,"4.60%",100,4.6,0
2026-05-05,2025-11-09,"4.85%",125,4.85,0
2026-05-05,2025-11-09,"5.10%",150,5.1,0
2026-05-05,2025-11-09,"5.35%",175,5.35,0
2026-05-05,2025-11-09,"5.60%",200,5.6,0
2026-05-05,2025-11-09,"5.85%",225,5.85,0
2026-05-05,2025-11-09,"6.10%",250,6.1,0
2026-05-05,2025-11-10,"0.10%",-300,0.1,0
2026-05-05,2025-11-10,"0.35%",-300,0.35,0
2026-05-05,2025-11-10,"0.60%",-300,0.6,0
2026-05-05,2025-11-10,"0.85%",-275,0.85,0
2026-05-05,2025-11-10,"1.10%",-250,1.1,0
2026-05-05,2025-11-10,"1.35%",-225,1.35,0
2026-05-05,2025-11-10,"1.60%",-200,1.6,0
2026-05-05,2025-11-10,"1.85%",-175,1.85,0
2026-05-05,2025-11-10,"2.10%",-150,2.1,0
2026-05-05,2025-11-10,"2.35%",-125,2.35,0
2026-05-05,2025-11-10,"2.60%",-100,2.6,0
2026-05-05,2025-11-10,"2.85%",-75,2.85,0.0197634330255771
2026-05-05,2025-11-10,"3.10%",-50,3.1,0.152112310642136
2026-05-05,2025-11-10,"3.35%",-25,3.35,0.390644100993774
2026-05-05,2025-11-10,"3.60%",0,3.6,0.338604776346763
2026-05-05,2025-11-10,"3.85%",25,3.85,0.0988753789917489
2026-05-05,2025-11-10,"4.10%",50,4.1,0
2026-05-05,2025-11-10,"4.35%",75,4.35,0
2026-05-05,2025-11-10,"4.60%",100,4.6,0
2026-05-05,2025-11-10,"4.85%",125,4.85,0
2026-05-05,2025-11-10,"5.10%",150,5.1,0
2026-05-05,2025-11-10,"5.35%",175,5.35,0
2026-05-05,2025-11-10,"5.60%",200,5.6,0
2026-05-05,2025-11-10,"5.85%",225,5.85,0
2026-05-05,2025-11-10,"6.10%",250,6.1,0
2026-05-05,2025-11-11,"0.10%",-300,0.1,0
2026-05-05,2025-11-11,"0.35%",-300,0.35,0
2026-05-05,2025-11-11,"0.60%",-300,0.6,0
2026-05-05,2025-11-11,"0.85%",-275,0.85,0
2026-05-05,2025-11-11,"1.10%",-250,1.1,0
2026-05-05,2025-11-11,"1.35%",-225,1.35,0
2026-05-05,2025-11-11,"1.60%",-200,1.6,0
2026-05-05,2025-11-11,"1.85%",-175,1.85,0
2026-05-05,2025-11-11,"2.10%",-150,2.1,0
2026-05-05,2025-11-11,"2.35%",-125,2.35,0
2026-05-05,2025-11-11,"2.60%",-100,2.6,0
2026-05-05,2025-11-11,"2.85%",-75,2.85,0.0113514809905328
2026-05-05,2025-11-11,"3.10%",-50,3.1,0.135971940417516
2026-05-05,2025-11-11,"3.35%",-25,3.35,0.423529860663342
2026-05-05,2025-11-11,"3.60%",0,3.6,0.351661687789465
2026-05-05,2025-11-11,"3.85%",25,3.85,0.0774850301391443
2026-05-05,2025-11-11,"4.10%",50,4.1,0
2026-05-05,2025-11-11,"4.35%",75,4.35,0
2026-05-05,2025-11-11,"4.60%",100,4.6,0
2026-05-05,2025-11-11,"4.85%",125,4.85,0
2026-05-05,2025-11-11,"5.10%",150,5.1,0
2026-05-05,2025-11-11,"5.35%",175,5.35,0
2026-05-05,2025-11-11,"5.60%",200,5.6,0
2026-05-05,2025-11-11,"5.85%",225,5.85,0
2026-05-05,2025-11-11,"6.10%",250,6.1,0
2026-05-05,2025-11-12,"0.10%",-300,0.1,0
2026-05-05,2025-11-12,"0.35%",-300,0.35,0
2026-05-05,2025-11-12,"0.60%",-300,0.6,0
2026-05-05,2025-11-12,"0.85%",-275,0.85,0
2026-05-05,2025-11-12,"1.10%",-250,1.1,0
2026-05-05,2025-11-12,"1.35%",-225,1.35,0
2026-05-05,2025-11-12,"1.60%",-200,1.6,0
2026-05-05,2025-11-12,"1.85%",-175,1.85,0
2026-05-05,2025-11-12,"2.10%",-150,2.1,0
2026-05-05,2025-11-12,"2.35%",-125,2.35,0
2026-05-05,2025-11-12,"2.60%",-100,2.6,0
2026-05-05,2025-11-12,"2.85%",-75,2.85,0.0168826183247004
2026-05-05,2025-11-12,"3.10%",-50,3.1,0.11597059360651
2026-05-05,2025-11-12,"3.35%",-25,3.35,0.319920048338476
2026-05-05,2025-11-12,"3.60%",0,3.6,0.356864737973595
2026-05-05,2025-11-12,"3.85%",25,3.85,0.161095766123898
2026-05-05,2025-11-12,"4.10%",50,4.1,0.0292662356328203
2026-05-05,2025-11-12,"4.35%",75,4.35,0
2026-05-05,2025-11-12,"4.60%",100,4.6,0
2026-05-05,2025-11-12,"4.85%",125,4.85,0
2026-05-05,2025-11-12,"5.10%",150,5.1,0
2026-05-05,2025-11-12,"5.35%",175,5.35,0
2026-05-05,2025-11-12,"5.60%",200,5.6,0
2026-05-05,2025-11-12,"5.85%",225,5.85,0
2026-05-05,2025-11-12,"6.10%",250,6.1,0
2026-05-05,2025-11-13,"0.10%",-300,0.1,0
2026-05-05,2025-11-13,"0.35%",-300,0.35,0
2026-05-05,2025-11-13,"0.60%",-300,0.6,0
2026-05-05,2025-11-13,"0.85%",-275,0.85,0
2026-05-05,2025-11-13,"1.10%",-250,1.1,0
2026-05-05,2025-11-13,"1.35%",-225,1.35,0
2026-05-05,2025-11-13,"1.60%",-200,1.6,0
2026-05-05,2025-11-13,"1.85%",-175,1.85,0
2026-05-05,2025-11-13,"2.10%",-150,2.1,0
2026-05-05,2025-11-13,"2.35%",-125,2.35,0
2026-05-05,2025-11-13,"2.60%",-100,2.6,0
2026-05-05,2025-11-13,"2.85%",-75,2.85,0.0104998707314679
2026-05-05,2025-11-13,"3.10%",-50,3.1,0.113210928362585
2026-05-05,2025-11-13,"3.35%",-25,3.35,0.371003424985848
2026-05-05,2025-11-13,"3.60%",0,3.6,0.376083640908022
2026-05-05,2025-11-13,"3.85%",25,3.85,0.117952233469232
2026-05-05,2025-11-13,"4.10%",50,4.1,0.0112499015428445
2026-05-05,2025-11-13,"4.35%",75,4.35,0
2026-05-05,2025-11-13,"4.60%",100,4.6,0
2026-05-05,2025-11-13,"4.85%",125,4.85,0
2026-05-05,2025-11-13,"5.10%",150,5.1,0
2026-05-05,2025-11-13,"5.35%",175,5.35,0
2026-05-05,2025-11-13,"5.60%",200,5.6,0
2026-05-05,2025-11-13,"5.85%",225,5.85,0
2026-05-05,2025-11-13,"6.10%",250,6.1,0
2026-05-05,2025-11-14,"0.10%",-300,0.1,0
2026-05-05,2025-11-14,"0.35%",-300,0.35,0
2026-05-05,2025-11-14,"0.60%",-300,0.6,0
2026-05-05,2025-11-14,"0.85%",-275,0.85,0
2026-05-05,2025-11-14,"1.10%",-250,1.1,0
2026-05-05,2025-11-14,"1.35%",-225,1.35,0
2026-05-05,2025-11-14,"1.60%",-200,1.6,0
2026-05-05,2025-11-14,"1.85%",-175,1.85,0
2026-05-05,2025-11-14,"2.10%",-150,2.1,0
2026-05-05,2025-11-14,"2.35%",-125,2.35,0
2026-05-05,2025-11-14,"2.60%",-100,2.6,0
2026-05-05,2025-11-14,"2.85%",-75,2.85,0
2026-05-05,2025-11-14,"3.10%",-50,3.1,0.112182529189261
2026-05-05,2025-11-14,"3.35%",-25,3.35,0.377484174655251
2026-05-05,2025-11-14,"3.60%",0,3.6,0.382767972338313
2026-05-05,2025-11-14,"3.85%",25,3.85,0.116988543030754
2026-05-05,2025-11-14,"4.10%",50,4.1,0.01057678078642
2026-05-05,2025-11-14,"4.35%",75,4.35,0
2026-05-05,2025-11-14,"4.60%",100,4.6,0
2026-05-05,2025-11-14,"4.85%",125,4.85,0
2026-05-05,2025-11-14,"5.10%",150,5.1,0
2026-05-05,2025-11-14,"5.35%",175,5.35,0
2026-05-05,2025-11-14,"5.60%",200,5.6,0
2026-05-05,2025-11-14,"5.85%",225,5.85,0
2026-05-05,2025-11-14,"6.10%",250,6.1,0
2026-05-05,2025-11-15,"0.10%",-300,0.1,0
2026-05-05,2025-11-15,"0.35%",-300,0.35,0
2026-05-05,2025-11-15,"0.60%",-300,0.6,0
2026-05-05,2025-11-15,"0.85%",-275,0.85,0
2026-05-05,2025-11-15,"1.10%",-250,1.1,0
2026-05-05,2025-11-15,"1.35%",-225,1.35,0
2026-05-05,2025-11-15,"1.60%",-200,1.6,0
2026-05-05,2025-11-15,"1.85%",-175,1.85,0
2026-05-05,2025-11-15,"2.10%",-150,2.1,0
2026-05-05,2025-11-15,"2.35%",-125,2.35,0
2026-05-05,2025-11-15,"2.60%",-100,2.6,0
2026-05-05,2025-11-15,"2.85%",-75,2.85,0
2026-05-05,2025-11-15,"3.10%",-50,3.1,0.108850464202684
2026-05-05,2025-11-15,"3.35%",-25,3.35,0.385897884417182
2026-05-05,2025-11-15,"3.60%",0,3.6,0.391530978690343
2026-05-05,2025-11-15,"3.85%",25,3.85,0.113720672689792
2026-05-05,2025-11-15,"4.10%",50,4.1,0
2026-05-05,2025-11-15,"4.35%",75,4.35,0
2026-05-05,2025-11-15,"4.60%",100,4.6,0
2026-05-05,2025-11-15,"4.85%",125,4.85,0
2026-05-05,2025-11-15,"5.10%",150,5.1,0
2026-05-05,2025-11-15,"5.35%",175,5.35,0
2026-05-05,2025-11-15,"5.60%",200,5.6,0
2026-05-05,2025-11-15,"5.85%",225,5.85,0
2026-05-05,2025-11-15,"6.10%",250,6.1,0
2026-05-05,2025-11-16,"0.10%",-300,0.1,0
2026-05-05,2025-11-16,"0.35%",-300,0.35,0
2026-05-05,2025-11-16,"0.60%",-300,0.6,0
2026-05-05,2025-11-16,"0.85%",-275,0.85,0
2026-05-05,2025-11-16,"1.10%",-250,1.1,0
2026-05-05,2025-11-16,"1.35%",-225,1.35,0
2026-05-05,2025-11-16,"1.60%",-200,1.6,0
2026-05-05,2025-11-16,"1.85%",-175,1.85,0
2026-05-05,2025-11-16,"2.10%",-150,2.1,0
2026-05-05,2025-11-16,"2.35%",-125,2.35,0
2026-05-05,2025-11-16,"2.60%",-100,2.6,0
2026-05-05,2025-11-16,"2.85%",-75,2.85,0
2026-05-05,2025-11-16,"3.10%",-50,3.1,0.0900066463092339
2026-05-05,2025-11-16,"3.35%",-25,3.35,0.371005915174459
2026-05-05,2025-11-16,"3.60%",0,3.6,0.413793428717293
2026-05-05,2025-11-16,"3.85%",25,3.85,0.125194009799014
2026-05-05,2025-11-16,"4.10%",50,4.1,0
2026-05-05,2025-11-16,"4.35%",75,4.35,0
2026-05-05,2025-11-16,"4.60%",100,4.6,0
2026-05-05,2025-11-16,"4.85%",125,4.85,0
2026-05-05,2025-11-16,"5.10%",150,5.1,0
2026-05-05,2025-11-16,"5.35%",175,5.35,0
2026-05-05,2025-11-16,"5.60%",200,5.6,0
2026-05-05,2025-11-16,"5.85%",225,5.85,0
2026-05-05,2025-11-16,"6.10%",250,6.1,0
2026-05-05,2025-11-17,"0.10%",-300,0.1,0
2026-05-05,2025-11-17,"0.35%",-300,0.35,0
2026-05-05,2025-11-17,"0.60%",-300,0.6,0
2026-05-05,2025-11-17,"0.85%",-275,0.85,0
2026-05-05,2025-11-17,"1.10%",-250,1.1,0
2026-05-05,2025-11-17,"1.35%",-225,1.35,0
2026-05-05,2025-11-17,"1.60%",-200,1.6,0
2026-05-05,2025-11-17,"1.85%",-175,1.85,0
2026-05-05,2025-11-17,"2.10%",-150,2.1,0
2026-05-05,2025-11-17,"2.35%",-125,2.35,0
2026-05-05,2025-11-17,"2.60%",-100,2.6,0
2026-05-05,2025-11-17,"2.85%",-75,2.85,0
2026-05-05,2025-11-17,"3.10%",-50,3.1,0.110785392462423
2026-05-05,2025-11-17,"3.35%",-25,3.35,0.409253925050815
2026-05-05,2025-11-17,"3.60%",0,3.6,0.386666211201651
2026-05-05,2025-11-17,"3.85%",25,3.85,0.0932944712851109
2026-05-05,2025-11-17,"4.10%",50,4.1,0
2026-05-05,2025-11-17,"4.35%",75,4.35,0
2026-05-05,2025-11-17,"4.60%",100,4.6,0
2026-05-05,2025-11-17,"4.85%",125,4.85,0
2026-05-05,2025-11-17,"5.10%",150,5.1,0
2026-05-05,2025-11-17,"5.35%",175,5.35,0
2026-05-05,2025-11-17,"5.60%",200,5.6,0
2026-05-05,2025-11-17,"5.85%",225,5.85,0
2026-05-05,2025-11-17,"6.10%",250,6.1,0
2026-05-05,2025-11-18,"0.10%",-300,0.1,0
2026-05-05,2025-11-18,"0.35%",-300,0.35,0
2026-05-05,2025-11-18,"0.60%",-300,0.6,0
2026-05-05,2025-11-18,"0.85%",-275,0.85,0
2026-05-05,2025-11-18,"1.10%",-250,1.1,0
2026-05-05,2025-11-18,"1.35%",-225,1.35,0
2026-05-05,2025-11-18,"1.60%",-200,1.6,0
2026-05-05,2025-11-18,"1.85%",-175,1.85,0
2026-05-05,2025-11-18,"2.10%",-150,2.1,0
2026-05-05,2025-11-18,"2.35%",-125,2.35,0
2026-05-05,2025-11-18,"2.60%",-100,2.6,0
2026-05-05,2025-11-18,"2.85%",-75,2.85,0
2026-05-05,2025-11-18,"3.10%",-50,3.1,0.12496378583658
2026-05-05,2025-11-18,"3.35%",-25,3.35,0.419155456929593
2026-05-05,2025-11-18,"3.60%",0,3.6,0.370114109102034
2026-05-05,2025-11-18,"3.85%",25,3.85,0.0857666481317929
2026-05-05,2025-11-18,"4.10%",50,4.1,0
2026-05-05,2025-11-18,"4.35%",75,4.35,0
2026-05-05,2025-11-18,"4.60%",100,4.6,0
2026-05-05,2025-11-18,"4.85%",125,4.85,0
2026-05-05,2025-11-18,"5.10%",150,5.1,0
2026-05-05,2025-11-18,"5.35%",175,5.35,0
2026-05-05,2025-11-18,"5.60%",200,5.6,0
2026-05-05,2025-11-18,"5.85%",225,5.85,0
2026-05-05,2025-11-18,"6.10%",250,6.1,0
2026-05-05,2025-11-19,"0.10%",-300,0.1,0
2026-05-05,2025-11-19,"0.35%",-300,0.35,0
2026-05-05,2025-11-19,"0.60%",-300,0.6,0
2026-05-05,2025-11-19,"0.85%",-275,0.85,0
2026-05-05,2025-11-19,"1.10%",-250,1.1,0
2026-05-05,2025-11-19,"1.35%",-225,1.35,0
2026-05-05,2025-11-19,"1.60%",-200,1.6,0
2026-05-05,2025-11-19,"1.85%",-175,1.85,0
2026-05-05,2025-11-19,"2.10%",-150,2.1,0
2026-05-05,2025-11-19,"2.35%",-125,2.35,0
2026-05-05,2025-11-19,"2.60%",-100,2.6,0
2026-05-05,2025-11-19,"2.85%",-75,2.85,0
2026-05-05,2025-11-19,"3.10%",-50,3.1,0.0924862751468408
2026-05-05,2025-11-19,"3.35%",-25,3.35,0.415128128261289
2026-05-05,2025-11-19,"3.60%",0,3.6,0.405963191091559
2026-05-05,2025-11-19,"3.85%",25,3.85,0.0864224055003113
2026-05-05,2025-11-19,"4.10%",50,4.1,0
2026-05-05,2025-11-19,"4.35%",75,4.35,0
2026-05-05,2025-11-19,"4.60%",100,4.6,0
2026-05-05,2025-11-19,"4.85%",125,4.85,0
2026-05-05,2025-11-19,"5.10%",150,5.1,0
2026-05-05,2025-11-19,"5.35%",175,5.35,0
2026-05-05,2025-11-19,"5.60%",200,5.6,0
2026-05-05,2025-11-19,"5.85%",225,5.85,0
2026-05-05,2025-11-19,"6.10%",250,6.1,0
2026-05-05,2025-11-20,"0.10%",-300,0.1,0
2026-05-05,2025-11-20,"0.35%",-300,0.35,0
2026-05-05,2025-11-20,"0.60%",-300,0.6,0
2026-05-05,2025-11-20,"0.85%",-275,0.85,0
2026-05-05,2025-11-20,"1.10%",-250,1.1,0
2026-05-05,2025-11-20,"1.35%",-225,1.35,0
2026-05-05,2025-11-20,"1.60%",-200,1.6,0
2026-05-05,2025-11-20,"1.85%",-175,1.85,0
2026-05-05,2025-11-20,"2.10%",-150,2.1,0
2026-05-05,2025-11-20,"2.35%",-125,2.35,0
2026-05-05,2025-11-20,"2.60%",-100,2.6,0
2026-05-05,2025-11-20,"2.85%",-75,2.85,0
2026-05-05,2025-11-20,"3.10%",-50,3.1,0.0819564490392129
2026-05-05,2025-11-20,"3.35%",-25,3.35,0.41829118387848
2026-05-05,2025-11-20,"3.60%",0,3.6,0.417980946843263
2026-05-05,2025-11-20,"3.85%",25,3.85,0.081771420239044
2026-05-05,2025-11-20,"4.10%",50,4.1,0
2026-05-05,2025-11-20,"4.35%",75,4.35,0
2026-05-05,2025-11-20,"4.60%",100,4.6,0
2026-05-05,2025-11-20,"4.85%",125,4.85,0
2026-05-05,2025-11-20,"5.10%",150,5.1,0
2026-05-05,2025-11-20,"5.35%",175,5.35,0
2026-05-05,2025-11-20,"5.60%",200,5.6,0
2026-05-05,2025-11-20,"5.85%",225,5.85,0
2026-05-05,2025-11-20,"6.10%",250,6.1,0
2026-05-05,2025-11-21,"0.10%",-300,0.1,0
2026-05-05,2025-11-21,"0.35%",-300,0.35,0
2026-05-05,2025-11-21,"0.60%",-300,0.6,0
2026-05-05,2025-11-21,"0.85%",-275,0.85,0
2026-05-05,2025-11-21,"1.10%",-250,1.1,0
2026-05-05,2025-11-21,"1.35%",-225,1.35,0
2026-05-05,2025-11-21,"1.60%",-200,1.6,0
2026-05-05,2025-11-21,"1.85%",-175,1.85,0
2026-05-05,2025-11-21,"2.10%",-150,2.1,0
2026-05-05,2025-11-21,"2.35%",-125,2.35,0
2026-05-05,2025-11-21,"2.60%",-100,2.6,0
2026-05-05,2025-11-21,"2.85%",-75,2.85,0
2026-05-05,2025-11-21,"3.10%",-50,3.1,0.0158154301698257
2026-05-05,2025-11-21,"3.35%",-25,3.35,0.484577900056229
2026-05-05,2025-11-21,"3.60%",0,3.6,0.483869188516392
2026-05-05,2025-11-21,"3.85%",25,3.85,0.015737481257554
2026-05-05,2025-11-21,"4.10%",50,4.1,0
2026-05-05,2025-11-21,"4.35%",75,4.35,0
2026-05-05,2025-11-21,"4.60%",100,4.6,0
2026-05-05,2025-11-21,"4.85%",125,4.85,0
2026-05-05,2025-11-21,"5.10%",150,5.1,0
2026-05-05,2025-11-21,"5.35%",175,5.35,0
2026-05-05,2025-11-21,"5.60%",200,5.6,0
2026-05-05,2025-11-21,"5.85%",225,5.85,0
2026-05-05,2025-11-21,"6.10%",250,6.1,0
2026-05-05,2025-11-22,"0.10%",-300,0.1,0
2026-05-05,2025-11-22,"0.35%",-300,0.35,0
2026-05-05,2025-11-22,"0.60%",-300,0.6,0
2026-05-05,2025-11-22,"0.85%",-275,0.85,0
2026-05-05,2025-11-22,"1.10%",-250,1.1,0
2026-05-05,2025-11-22,"1.35%",-225,1.35,0
2026-05-05,2025-11-22,"1.60%",-200,1.6,0
2026-05-05,2025-11-22,"1.85%",-175,1.85,0
2026-05-05,2025-11-22,"2.10%",-150,2.1,0
2026-05-05,2025-11-22,"2.35%",-125,2.35,0
2026-05-05,2025-11-22,"2.60%",-100,2.6,0
2026-05-05,2025-11-22,"2.85%",-75,2.85,0
2026-05-05,2025-11-22,"3.10%",-50,3.1,0.0182573336903906
2026-05-05,2025-11-22,"3.35%",-25,3.35,0.482125361815237
2026-05-05,2025-11-22,"3.60%",0,3.6,0.481445711018891
2026-05-05,2025-11-22,"3.85%",25,3.85,0.0181715934754809
2026-05-05,2025-11-22,"4.10%",50,4.1,0
2026-05-05,2025-11-22,"4.35%",75,4.35,0
2026-05-05,2025-11-22,"4.60%",100,4.6,0
2026-05-05,2025-11-22,"4.85%",125,4.85,0
2026-05-05,2025-11-22,"5.10%",150,5.1,0
2026-05-05,2025-11-22,"5.35%",175,5.35,0
2026-05-05,2025-11-22,"5.60%",200,5.6,0
2026-05-05,2025-11-22,"5.85%",225,5.85,0
2026-05-05,2025-11-22,"6.10%",250,6.1,0
2026-05-05,2025-11-23,"0.10%",-300,0.1,0
2026-05-05,2025-11-23,"0.35%",-300,0.35,0
2026-05-05,2025-11-23,"0.60%",-300,0.6,0
2026-05-05,2025-11-23,"0.85%",-275,0.85,0
2026-05-05,2025-11-23,"1.10%",-250,1.1,0
2026-05-05,2025-11-23,"1.35%",-225,1.35,0
2026-05-05,2025-11-23,"1.60%",-200,1.6,0
2026-05-05,2025-11-23,"1.85%",-175,1.85,0
2026-05-05,2025-11-23,"2.10%",-150,2.1,0
2026-05-05,2025-11-23,"2.35%",-125,2.35,0
2026-05-05,2025-11-23,"2.60%",-100,2.6,0
2026-05-05,2025-11-23,"2.85%",-75,2.85,0
2026-05-05,2025-11-23,"3.10%",-50,3.1,0.01885455546942
2026-05-05,2025-11-23,"3.35%",-25,3.35,0.464886951555752
2026-05-05,2025-11-23,"3.60%",0,3.6,0.493320914915172
2026-05-05,2025-11-23,"3.85%",25,3.85,0.0229375780596561
2026-05-05,2025-11-23,"4.10%",50,4.1,0
2026-05-05,2025-11-23,"4.35%",75,4.35,0
2026-05-05,2025-11-23,"4.60%",100,4.6,0
2026-05-05,2025-11-23,"4.85%",125,4.85,0
2026-05-05,2025-11-23,"5.10%",150,5.1,0
2026-05-05,2025-11-23,"5.35%",175,5.35,0
2026-05-05,2025-11-23,"5.60%",200,5.6,0
2026-05-05,2025-11-23,"5.85%",225,5.85,0
2026-05-05,2025-11-23,"6.10%",250,6.1,0
2026-05-05,2025-11-24,"0.10%",-300,0.1,0
2026-05-05,2025-11-24,"0.35%",-300,0.35,0
2026-05-05,2025-11-24,"0.60%",-300,0.6,0
2026-05-05,2025-11-24,"0.85%",-275,0.85,0
2026-05-05,2025-11-24,"1.10%",-250,1.1,0
2026-05-05,2025-11-24,"1.35%",-225,1.35,0
2026-05-05,2025-11-24,"1.60%",-200,1.6,0
2026-05-05,2025-11-24,"1.85%",-175,1.85,0
2026-05-05,2025-11-24,"2.10%",-150,2.1,0
2026-05-05,2025-11-24,"2.35%",-125,2.35,0
2026-05-05,2025-11-24,"2.60%",-100,2.6,0
2026-05-05,2025-11-24,"2.85%",-75,2.85,0
2026-05-05,2025-11-24,"3.10%",-50,3.1,0.0223516727142897
2026-05-05,2025-11-24,"3.35%",-25,3.35,0.468803846870366
2026-05-05,2025-11-24,"3.60%",0,3.6,0.484029605848572
2026-05-05,2025-11-24,"3.85%",25,3.85,0.024814874566772
2026-05-05,2025-11-24,"4.10%",50,4.1,0
2026-05-05,2025-11-24,"4.35%",75,4.35,0
2026-05-05,2025-11-24,"4.60%",100,4.6,0
2026-05-05,2025-11-24,"4.85%",125,4.85,0
2026-05-05,2025-11-24,"5.10%",150,5.1,0
2026-05-05,2025-11-24,"5.35%",175,5.35,0
2026-05-05,2025-11-24,"5.60%",200,5.6,0
2026-05-05,2025-11-24,"5.85%",225,5.85,0
2026-05-05,2025-11-24,"6.10%",250,6.1,0
2026-05-05,2025-11-25,"0.10%",-300,0.1,0
2026-05-05,2025-11-25,"0.35%",-300,0.35,0
2026-05-05,2025-11-25,"0.60%",-300,0.6,0
2026-05-05,2025-11-25,"0.85%",-275,0.85,0
2026-05-05,2025-11-25,"1.10%",-250,1.1,0
2026-05-05,2025-11-25,"1.35%",-225,1.35,0
2026-05-05,2025-11-25,"1.60%",-200,1.6,0
2026-05-05,2025-11-25,"1.85%",-175,1.85,0
2026-05-05,2025-11-25,"2.10%",-150,2.1,0
2026-05-05,2025-11-25,"2.35%",-125,2.35,0
2026-05-05,2025-11-25,"2.60%",-100,2.6,0
2026-05-05,2025-11-25,"2.85%",-75,2.85,0
2026-05-05,2025-11-25,"3.10%",-50,3.1,0.0277839170023736
2026-05-05,2025-11-25,"3.35%",-25,3.35,0.247346528756863
2026-05-05,2025-11-25,"3.60%",0,3.6,0.486839280575612
2026-05-05,2025-11-25,"3.85%",25,3.85,0.216775838444517
2026-05-05,2025-11-25,"4.10%",50,4.1,0.0212544352206345
2026-05-05,2025-11-25,"4.35%",75,4.35,0
2026-05-05,2025-11-25,"4.60%",100,4.6,0
2026-05-05,2025-11-25,"4.85%",125,4.85,0
2026-05-05,2025-11-25,"5.10%",150,5.1,0
2026-05-05,2025-11-25,"5.35%",175,5.35,0
2026-05-05,2025-11-25,"5.60%",200,5.6,0
2026-05-05,2025-11-25,"5.85%",225,5.85,0
2026-05-05,2025-11-25,"6.10%",250,6.1,0
2026-05-05,2025-11-26,"0.10%",-300,0.1,0
2026-05-05,2025-11-26,"0.35%",-300,0.35,0
2026-05-05,2025-11-26,"0.60%",-300,0.6,0
2026-05-05,2025-11-26,"0.85%",-275,0.85,0
2026-05-05,2025-11-26,"1.10%",-250,1.1,0
2026-05-05,2025-11-26,"1.35%",-225,1.35,0
2026-05-05,2025-11-26,"1.60%",-200,1.6,0
2026-05-05,2025-11-26,"1.85%",-175,1.85,0
2026-05-05,2025-11-26,"2.10%",-150,2.1,0
2026-05-05,2025-11-26,"2.35%",-125,2.35,0
2026-05-05,2025-11-26,"2.60%",-100,2.6,0
2026-05-05,2025-11-26,"2.85%",-75,2.85,0
2026-05-05,2025-11-26,"3.10%",-50,3.1,0
2026-05-05,2025-11-26,"3.35%",-25,3.35,0.223584563456902
2026-05-05,2025-11-26,"3.60%",0,3.6,0.696085258199009
2026-05-05,2025-11-26,"3.85%",25,3.85,0.0803301783440888
2026-05-05,2025-11-26,"4.10%",50,4.1,0
2026-05-05,2025-11-26,"4.35%",75,4.35,0
2026-05-05,2025-11-26,"4.60%",100,4.6,0
2026-05-05,2025-11-26,"4.85%",125,4.85,0
2026-05-05,2025-11-26,"5.10%",150,5.1,0
2026-05-05,2025-11-26,"5.35%",175,5.35,0
2026-05-05,2025-11-26,"5.60%",200,5.6,0
2026-05-05,2025-11-26,"5.85%",225,5.85,0
2026-05-05,2025-11-26,"6.10%",250,6.1,0
2026-05-05,2025-11-27,"0.10%",-300,0.1,0
2026-05-05,2025-11-27,"0.35%",-300,0.35,0
2026-05-05,2025-11-27,"0.60%",-300,0.6,0
2026-05-05,2025-11-27,"0.85%",-275,0.85,0
2026-05-05,2025-11-27,"1.10%",-250,1.1,0
2026-05-05,2025-11-27,"1.35%",-225,1.35,0
2026-05-05,2025-11-27,"1.60%",-200,1.6,0
2026-05-05,2025-11-27,"1.85%",-175,1.85,0
2026-05-05,2025-11-27,"2.10%",-150,2.1,0
2026-05-05,2025-11-27,"2.35%",-125,2.35,0
2026-05-05,2025-11-27,"2.60%",-100,2.6,0
2026-05-05,2025-11-27,"2.85%",-75,2.85,0
2026-05-05,2025-11-27,"3.10%",-50,3.1,0
2026-05-05,2025-11-27,"3.35%",-25,3.35,0.165848273369605
2026-05-05,2025-11-27,"3.60%",0,3.6,0.682086127031692
2026-05-05,2025-11-27,"3.85%",25,3.85,0.152065599598703
2026-05-05,2025-11-27,"4.10%",50,4.1,0
2026-05-05,2025-11-27,"4.35%",75,4.35,0
2026-05-05,2025-11-27,"4.60%",100,4.6,0
2026-05-05,2025-11-27,"4.85%",125,4.85,0
2026-05-05,2025-11-27,"5.10%",150,5.1,0
2026-05-05,2025-11-27,"5.35%",175,5.35,0
2026-05-05,2025-11-27,"5.60%",200,5.6,0
2026-05-05,2025-11-27,"5.85%",225,5.85,0
2026-05-05,2025-11-27,"6.10%",250,6.1,0
2026-05-05,2025-11-28,"0.10%",-300,0.1,0
2026-05-05,2025-11-28,"0.35%",-300,0.35,0
2026-05-05,2025-11-28,"0.60%",-300,0.6,0
2026-05-05,2025-11-28,"0.85%",-275,0.85,0
2026-05-05,2025-11-28,"1.10%",-250,1.1,0
2026-05-05,2025-11-28,"1.35%",-225,1.35,0
2026-05-05,2025-11-28,"1.60%",-200,1.6,0
2026-05-05,2025-11-28,"1.85%",-175,1.85,0
2026-05-05,2025-11-28,"2.10%",-150,2.1,0
2026-05-05,2025-11-28,"2.35%",-125,2.35,0
2026-05-05,2025-11-28,"2.60%",-100,2.6,0
2026-05-05,2025-11-28,"2.85%",-75,2.85,0
2026-05-05,2025-11-28,"3.10%",-50,3.1,0.0143869931260868
2026-05-05,2025-11-28,"3.35%",-25,3.35,0.223200517338439
2026-05-05,2025-11-28,"3.60%",0,3.6,0.5374713934859
2026-05-05,2025-11-28,"3.85%",25,3.85,0.211997550404132
2026-05-05,2025-11-28,"4.10%",50,4.1,0.012943545645442
2026-05-05,2025-11-28,"4.35%",75,4.35,0
2026-05-05,2025-11-28,"4.60%",100,4.6,0
2026-05-05,2025-11-28,"4.85%",125,4.85,0
2026-05-05,2025-11-28,"5.10%",150,5.1,0
2026-05-05,2025-11-28,"5.35%",175,5.35,0
2026-05-05,2025-11-28,"5.60%",200,5.6,0
2026-05-05,2025-11-28,"5.85%",225,5.85,0
2026-05-05,2025-11-28,"6.10%",250,6.1,0
2026-05-05,2025-11-29,"0.10%",-300,0.1,0
2026-05-05,2025-11-29,"0.35%",-300,0.35,0
2026-05-05,2025-11-29,"0.60%",-300,0.6,0
2026-05-05,2025-11-29,"0.85%",-275,0.85,0
2026-05-05,2025-11-29,"1.10%",-250,1.1,0
2026-05-05,2025-11-29,"1.35%",-225,1.35,0
2026-05-05,2025-11-29,"1.60%",-200,1.6,0
2026-05-05,2025-11-29,"1.85%",-175,1.85,0
2026-05-05,2025-11-29,"2.10%",-150,2.1,0
2026-05-05,2025-11-29,"2.35%",-125,2.35,0
2026-05-05,2025-11-29,"2.60%",-100,2.6,0
2026-05-05,2025-11-29,"2.85%",-75,2.85,0
2026-05-05,2025-11-29,"3.10%",-50,3.1,0.0149540152629748
2026-05-05,2025-11-29,"3.35%",-25,3.35,0.224196117077576
2026-05-05,2025-11-29,"3.60%",0,3.6,0.534302857091436
2026-05-05,2025-11-29,"3.85%",25,3.85,0.213075058397846
2026-05-05,2025-11-29,"4.10%",50,4.1,0.0134719521701679
2026-05-05,2025-11-29,"4.35%",75,4.35,0
2026-05-05,2025-11-29,"4.60%",100,4.6,0
2026-05-05,2025-11-29,"4.85%",125,4.85,0
2026-05-05,2025-11-29,"5.10%",150,5.1,0
2026-05-05,2025-11-29,"5.35%",175,5.35,0
2026-05-05,2025-11-29,"5.60%",200,5.6,0
2026-05-05,2025-11-29,"5.85%",225,5.85,0
2026-05-05,2025-11-29,"6.10%",250,6.1,0
2026-05-05,2025-11-30,"0.10%",-300,0.1,0
2026-05-05,2025-11-30,"0.35%",-300,0.35,0
2026-05-05,2025-11-30,"0.60%",-300,0.6,0
2026-05-05,2025-11-30,"0.85%",-275,0.85,0
2026-05-05,2025-11-30,"1.10%",-250,1.1,0
2026-05-05,2025-11-30,"1.35%",-225,1.35,0
2026-05-05,2025-11-30,"1.60%",-200,1.6,0
2026-05-05,2025-11-30,"1.85%",-175,1.85,0
2026-05-05,2025-11-30,"2.10%",-150,2.1,0
2026-05-05,2025-11-30,"2.35%",-125,2.35,0
2026-05-05,2025-11-30,"2.60%",-100,2.6,0
2026-05-05,2025-11-30,"2.85%",-75,2.85,0
2026-05-05,2025-11-30,"3.10%",-50,3.1,0.0155495977350665
2026-05-05,2025-11-30,"3.35%",-25,3.35,0.225293621459659
2026-05-05,2025-11-30,"3.60%",0,3.6,0.531163918831564
2026-05-05,2025-11-30,"3.85%",25,3.85,0.213999139274338
2026-05-05,2025-11-30,"4.10%",50,4.1,0.0139937226993732
2026-05-05,2025-11-30,"4.35%",75,4.35,0
2026-05-05,2025-11-30,"4.60%",100,4.6,0
2026-05-05,2025-11-30,"4.85%",125,4.85,0
2026-05-05,2025-11-30,"5.10%",150,5.1,0
2026-05-05,2025-11-30,"5.35%",175,5.35,0
2026-05-05,2025-11-30,"5.60%",200,5.6,0
2026-05-05,2025-11-30,"5.85%",225,5.85,0
2026-05-05,2025-11-30,"6.10%",250,6.1,0
2026-05-05,2025-12-01,"0.10%",-300,0.1,0
2026-05-05,2025-12-01,"0.35%",-300,0.35,0
2026-05-05,2025-12-01,"0.60%",-300,0.6,0
2026-05-05,2025-12-01,"0.85%",-275,0.85,0
2026-05-05,2025-12-01,"1.10%",-250,1.1,0
2026-05-05,2025-12-01,"1.35%",-225,1.35,0
2026-05-05,2025-12-01,"1.60%",-200,1.6,0
2026-05-05,2025-12-01,"1.85%",-175,1.85,0
2026-05-05,2025-12-01,"2.10%",-150,2.1,0
2026-05-05,2025-12-01,"2.35%",-125,2.35,0
2026-05-05,2025-12-01,"2.60%",-100,2.6,0
2026-05-05,2025-12-01,"2.85%",-75,2.85,0
2026-05-05,2025-12-01,"3.10%",-50,3.1,0.0106770113298865
2026-05-05,2025-12-01,"3.35%",-25,3.35,0.184169162728177
2026-05-05,2025-12-01,"3.60%",0,3.6,0.523801365742867
2026-05-05,2025-12-01,"3.85%",25,3.85,0.259758105717758
2026-05-05,2025-12-01,"4.10%",50,4.1,0.0215943544813115
2026-05-05,2025-12-01,"4.35%",75,4.35,0
2026-05-05,2025-12-01,"4.60%",100,4.6,0
2026-05-05,2025-12-01,"4.85%",125,4.85,0
2026-05-05,2025-12-01,"5.10%",150,5.1,0
2026-05-05,2025-12-01,"5.35%",175,5.35,0
2026-05-05,2025-12-01,"5.60%",200,5.6,0
2026-05-05,2025-12-01,"5.85%",225,5.85,0
2026-05-05,2025-12-01,"6.10%",250,6.1,0
2026-05-05,2025-12-02,"0.10%",-300,0.1,0
2026-05-05,2025-12-02,"0.35%",-300,0.35,0
2026-05-05,2025-12-02,"0.60%",-300,0.6,0
2026-05-05,2025-12-02,"0.85%",-275,0.85,0
2026-05-05,2025-12-02,"1.10%",-250,1.1,0
2026-05-05,2025-12-02,"1.35%",-225,1.35,0
2026-05-05,2025-12-02,"1.60%",-200,1.6,0
2026-05-05,2025-12-02,"1.85%",-175,1.85,0
2026-05-05,2025-12-02,"2.10%",-150,2.1,0
2026-05-05,2025-12-02,"2.35%",-125,2.35,0
2026-05-05,2025-12-02,"2.60%",-100,2.6,0
2026-05-05,2025-12-02,"2.85%",-75,2.85,0
2026-05-05,2025-12-02,"3.10%",-50,3.1,0
2026-05-05,2025-12-02,"3.35%",-25,3.35,0.203290385590599
2026-05-05,2025-12-02,"3.60%",0,3.6,0.562230859636427
2026-05-05,2025-12-02,"3.85%",25,3.85,0.22270335467188
2026-05-05,2025-12-02,"4.10%",50,4.1,0.0117754001010938
2026-05-05,2025-12-02,"4.35%",75,4.35,0
2026-05-05,2025-12-02,"4.60%",100,4.6,0
2026-05-05,2025-12-02,"4.85%",125,4.85,0
2026-05-05,2025-12-02,"5.10%",150,5.1,0
2026-05-05,2025-12-02,"5.35%",175,5.35,0
2026-05-05,2025-12-02,"5.60%",200,5.6,0
2026-05-05,2025-12-02,"5.85%",225,5.85,0
2026-05-05,2025-12-02,"6.10%",250,6.1,0
