"meeting_date","scrape_date","move","diff_bps","bucket_rate","probability"
2026-06-16,2025-01-02,"0.10%",-300,0.1,0
2026-06-16,2025-01-02,"0.35%",-300,0.35,0
2026-06-16,2025-01-02,"0.60%",-300,0.6,0
2026-06-16,2025-01-02,"0.85%",-275,0.85,0
2026-06-16,2025-01-02,"1.10%",-250,1.1,0
2026-06-16,2025-01-02,"1.35%",-225,1.35,0
2026-06-16,2025-01-02,"1.60%",-200,1.6,0
2026-06-16,2025-01-02,"1.85%",-175,1.85,0
2026-06-16,2025-01-02,"2.10%",-150,2.1,0.0194979410001211
2026-06-16,2025-01-02,"2.35%",-125,2.35,0.0366874294983861
2026-06-16,2025-01-02,"2.60%",-100,2.6,0.0611781198435276
2026-06-16,2025-01-02,"2.85%",-75,2.85,0.0904125169118327
2026-06-16,2025-01-02,"3.10%",-50,3.1,0.118417833999661
2026-06-16,2025-01-02,"3.35%",-25,3.35,0.137455950481838
2026-06-16,2025-01-02,"3.60%",0,3.6,0.14140632357851
2026-06-16,2025-01-02,"3.85%",25,3.85,0.128923817478032
2026-06-16,2025-01-02,"4.10%",50,4.1,0.104173178705751
2026-06-16,2025-01-02,"4.35%",75,4.35,0.0745994659039441
2026-06-16,2025-01-02,"4.60%",100,4.6,0.0473445936317742
2026-06-16,2025-01-02,"4.85%",125,4.85,0.0266291320188643
2026-06-16,2025-01-02,"5.10%",150,5.1,0.0132736969477575
2026-06-16,2025-01-02,"5.35%",175,5.35,0
2026-06-16,2025-01-02,"5.60%",200,5.6,0
2026-06-16,2025-01-02,"5.85%",225,5.85,0
2026-06-16,2025-01-02,"6.10%",250,6.1,0
2026-06-16,2025-01-03,"0.10%",-300,0.1,0
2026-06-16,2025-01-03,"0.35%",-300,0.35,0
2026-06-16,2025-01-03,"0.60%",-300,0.6,0
2026-06-16,2025-01-03,"0.85%",-275,0.85,0
2026-06-16,2025-01-03,"1.10%",-250,1.1,0
2026-06-16,2025-01-03,"1.35%",-225,1.35,0
2026-06-16,2025-01-03,"1.60%",-200,1.6,0
2026-06-16,2025-01-03,"1.85%",-175,1.85,0
2026-06-16,2025-01-03,"2.10%",-150,2.1,0.0136483203920281
2026-06-16,2025-01-03,"2.35%",-125,2.35,0.0304482612876657
2026-06-16,2025-01-03,"2.60%",-100,2.6,0.0580380565804528
2026-06-16,2025-01-03,"2.85%",-75,2.85,0.0945234168065267
2026-06-16,2025-01-03,"3.10%",-50,3.1,0.131537365073945
2026-06-16,2025-01-03,"3.35%",-25,3.35,0.156403628181481
2026-06-16,2025-01-03,"3.60%",0,3.6,0.158904059189772
2026-06-16,2025-01-03,"3.85%",25,3.85,0.137947512450594
2026-06-16,2025-01-03,"4.10%",50,4.1,0.102324918468362
2026-06-16,2025-01-03,"4.35%",75,4.35,0.0648534764252327
2026-06-16,2025-01-03,"4.60%",100,4.6,0.0351206774884439
2026-06-16,2025-01-03,"4.85%",125,4.85,0.0162503076554959
2026-06-16,2025-01-03,"5.10%",150,5.1,0
2026-06-16,2025-01-03,"5.35%",175,5.35,0
2026-06-16,2025-01-03,"5.60%",200,5.6,0
2026-06-16,2025-01-03,"5.85%",225,5.85,0
2026-06-16,2025-01-03,"6.10%",250,6.1,0
2026-06-16,2025-01-06,"0.10%",-300,0.1,0
2026-06-16,2025-01-06,"0.35%",-300,0.35,0
2026-06-16,2025-01-06,"0.60%",-300,0.6,0
2026-06-16,2025-01-06,"0.85%",-275,0.85,0
2026-06-16,2025-01-06,"1.10%",-250,1.1,0
2026-06-16,2025-01-06,"1.35%",-225,1.35,0
2026-06-16,2025-01-06,"1.60%",-200,1.6,0
2026-06-16,2025-01-06,"1.85%",-175,1.85,0
2026-06-16,2025-01-06,"2.10%",-150,2.1,0
2026-06-16,2025-01-06,"2.35%",-125,2.35,0.0196870144157361
2026-06-16,2025-01-06,"2.60%",-100,2.6,0.0435144612484355
2026-06-16,2025-01-06,"2.85%",-75,2.85,0.080360713223879
2026-06-16,2025-01-06,"3.10%",-50,3.1,0.124000486046207
2026-06-16,2025-01-06,"3.35%",-25,3.35,0.159875445467165
2026-06-16,2025-01-06,"3.60%",0,3.6,0.172236206117129
2026-06-16,2025-01-06,"3.85%",25,3.85,0.155043321738697
2026-06-16,2025-01-06,"4.10%",50,4.1,0.116617925430842
2026-06-16,2025-01-06,"4.35%",75,4.35,0.0732917352680377
2026-06-16,2025-01-06,"4.60%",100,4.6,0.0384868318474847
2026-06-16,2025-01-06,"4.85%",125,4.85,0.0168858591963864
2026-06-16,2025-01-06,"5.10%",150,5.1,0
2026-06-16,2025-01-06,"5.35%",175,5.35,0
2026-06-16,2025-01-06,"5.60%",200,5.6,0
2026-06-16,2025-01-06,"5.85%",225,5.85,0
2026-06-16,2025-01-06,"6.10%",250,6.1,0
2026-06-16,2025-01-07,"0.10%",-300,0.1,0
2026-06-16,2025-01-07,"0.35%",-300,0.35,0
2026-06-16,2025-01-07,"0.60%",-300,0.6,0
2026-06-16,2025-01-07,"0.85%",-275,0.85,0
2026-06-16,2025-01-07,"1.10%",-250,1.1,0
2026-06-16,2025-01-07,"1.35%",-225,1.35,0
2026-06-16,2025-01-07,"1.60%",-200,1.6,0
2026-06-16,2025-01-07,"1.85%",-175,1.85,0
2026-06-16,2025-01-07,"2.10%",-150,2.1,0
2026-06-16,2025-01-07,"2.35%",-125,2.35,0.0160165758658654
2026-06-16,2025-01-07,"2.60%",-100,2.6,0.036930172423073
2026-06-16,2025-01-07,"2.85%",-75,2.85,0.0711116195463219
2026-06-16,2025-01-07,"3.10%",-50,3.1,0.114356625073233
2026-06-16,2025-01-07,"3.35%",-25,3.35,0.153586802283264
2026-06-16,2025-01-07,"3.60%",0,3.6,0.172275980737893
2026-06-16,2025-01-07,"3.85%",25,3.85,0.161389901347571
2026-06-16,2025-01-07,"4.10%",50,4.1,0.126272080332197
2026-06-16,2025-01-07,"4.35%",75,4.35,0.0825110828248885
2026-06-16,2025-01-07,"4.60%",100,4.6,0.0450279283428968
2026-06-16,2025-01-07,"4.85%",125,4.85,0.0205212312227965
2026-06-16,2025-01-07,"5.10%",150,5.1,0
2026-06-16,2025-01-07,"5.35%",175,5.35,0
2026-06-16,2025-01-07,"5.60%",200,5.6,0
2026-06-16,2025-01-07,"5.85%",225,5.85,0
2026-06-16,2025-01-07,"6.10%",250,6.1,0
2026-06-16,2025-01-08,"0.10%",-300,0.1,0
2026-06-16,2025-01-08,"0.35%",-300,0.35,0
2026-06-16,2025-01-08,"0.60%",-300,0.6,0
2026-06-16,2025-01-08,"0.85%",-275,0.85,0
2026-06-16,2025-01-08,"1.10%",-250,1.1,0
2026-06-16,2025-01-08,"1.35%",-225,1.35,0
2026-06-16,2025-01-08,"1.60%",-200,1.6,0
2026-06-16,2025-01-08,"1.85%",-175,1.85,0
2026-06-16,2025-01-08,"2.10%",-150,2.1,0
2026-06-16,2025-01-08,"2.35%",-125,2.35,0.014286101928695
2026-06-16,2025-01-08,"2.60%",-100,2.6,0.0357769915856839
2026-06-16,2025-01-08,"2.85%",-75,2.85,0.073040678113325
2026-06-16,2025-01-08,"3.10%",-50,3.1,0.121567866969982
2026-06-16,2025-01-08,"3.35%",-25,3.35,0.164961246038009
2026-06-16,2025-01-08,"3.60%",0,3.6,0.182500464632817
2026-06-16,2025-01-08,"3.85%",25,3.85,0.164614540871614
2026-06-16,2025-01-08,"4.10%",50,4.1,0.121057377695492
2026-06-16,2025-01-08,"4.35%",75,4.35,0.0725810633841171
2026-06-16,2025-01-08,"4.60%",100,4.6,0.0354771084689111
2026-06-16,2025-01-08,"4.85%",125,4.85,0.0141365603113527
2026-06-16,2025-01-08,"5.10%",150,5.1,0
2026-06-16,2025-01-08,"5.35%",175,5.35,0
2026-06-16,2025-01-08,"5.60%",200,5.6,0
2026-06-16,2025-01-08,"5.85%",225,5.85,0
2026-06-16,2025-01-08,"6.10%",250,6.1,0
2026-06-16,2025-01-09,"0.10%",-300,0.1,0
2026-06-16,2025-01-09,"0.35%",-300,0.35,0
2026-06-16,2025-01-09,"0.60%",-300,0.6,0
2026-06-16,2025-01-09,"0.85%",-275,0.85,0
2026-06-16,2025-01-09,"1.10%",-250,1.1,0
2026-06-16,2025-01-09,"1.35%",-225,1.35,0
2026-06-16,2025-01-09,"1.60%",-200,1.6,0
2026-06-16,2025-01-09,"1.85%",-175,1.85,0
2026-06-16,2025-01-09,"2.10%",-150,2.1,0
2026-06-16,2025-01-09,"2.35%",-125,2.35,0.012869803351812
2026-06-16,2025-01-09,"2.60%",-100,2.6,0.0349246989446865
2026-06-16,2025-01-09,"2.85%",-75,2.85,0.075442336153963
2026-06-16,2025-01-09,"3.10%",-50,3.1,0.129733592821139
2026-06-16,2025-01-09,"3.35%",-25,3.35,0.177610458247987
2026-06-16,2025-01-09,"3.60%",0,3.6,0.193587571635072
2026-06-16,2025-01-09,"3.85%",25,3.85,0.167989890166627
2026-06-16,2025-01-09,"4.10%",50,4.1,0.116059089926245
2026-06-16,2025-01-09,"4.35%",75,4.35,0.0638335496381621
2026-06-16,2025-01-09,"4.60%",100,4.6,0.0279490091143073
2026-06-16,2025-01-09,"4.85%",125,4.85,0
2026-06-16,2025-01-09,"5.10%",150,5.1,0
2026-06-16,2025-01-09,"5.35%",175,5.35,0
2026-06-16,2025-01-09,"5.60%",200,5.6,0
2026-06-16,2025-01-09,"5.85%",225,5.85,0
2026-06-16,2025-01-09,"6.10%",250,6.1,0
2026-06-16,2025-01-10,"0.10%",-300,0.1,0
2026-06-16,2025-01-10,"0.35%",-300,0.35,0
2026-06-16,2025-01-10,"0.60%",-300,0.6,0
2026-06-16,2025-01-10,"0.85%",-275,0.85,0
2026-06-16,2025-01-10,"1.10%",-250,1.1,0
2026-06-16,2025-01-10,"1.35%",-225,1.35,0
2026-06-16,2025-01-10,"1.60%",-200,1.6,0
2026-06-16,2025-01-10,"1.85%",-175,1.85,0
2026-06-16,2025-01-10,"2.10%",-150,2.1,0
2026-06-16,2025-01-10,"2.35%",-125,2.35,0.0175850615478679
2026-06-16,2025-01-10,"2.60%",-100,2.6,0.0401714424531135
2026-06-16,2025-01-10,"2.85%",-75,2.85,0.0763570676365754
2026-06-16,2025-01-10,"3.10%",-50,3.1,0.120768562237685
2026-06-16,2025-01-10,"3.35%",-25,3.35,0.15894319951187
2026-06-16,2025-01-10,"3.60%",0,3.6,0.174068346507938
2026-06-16,2025-01-10,"3.85%",25,3.85,0.158631555635689
2026-06-16,2025-01-10,"4.10%",50,4.1,0.120295425977948
2026-06-16,2025-01-10,"4.35%",75,4.35,0.0759087701618883
2026-06-16,2025-01-10,"4.60%",100,4.6,0.0398572655747432
2026-06-16,2025-01-10,"4.85%",125,4.85,0.017413302754681
2026-06-16,2025-01-10,"5.10%",150,5.1,0
2026-06-16,2025-01-10,"5.35%",175,5.35,0
2026-06-16,2025-01-10,"5.60%",200,5.6,0
2026-06-16,2025-01-10,"5.85%",225,5.85,0
2026-06-16,2025-01-10,"6.10%",250,6.1,0
2026-06-16,2025-01-13,"0.10%",-300,0.1,0
2026-06-16,2025-01-13,"0.35%",-300,0.35,0
2026-06-16,2025-01-13,"0.60%",-300,0.6,0
2026-06-16,2025-01-13,"0.85%",-275,0.85,0
2026-06-16,2025-01-13,"1.10%",-250,1.1,0
2026-06-16,2025-01-13,"1.35%",-225,1.35,0
2026-06-16,2025-01-13,"1.60%",-200,1.6,0
2026-06-16,2025-01-13,"1.85%",-175,1.85,0
2026-06-16,2025-01-13,"2.10%",-150,2.1,0
2026-06-16,2025-01-13,"2.35%",-125,2.35,0.0124814147928191
2026-06-16,2025-01-13,"2.60%",-100,2.6,0.0293693465427995
2026-06-16,2025-01-13,"2.85%",-75,2.85,0.0582578159867869
2026-06-16,2025-01-13,"3.10%",-50,3.1,0.0974217478308834
2026-06-16,2025-01-13,"3.35%",-25,3.35,0.137343738114305
2026-06-16,2025-01-13,"3.60%",0,3.6,0.163237303016906
2026-06-16,2025-01-13,"3.85%",25,3.85,0.163565153706964
2026-06-16,2025-01-13,"4.10%",50,4.1,0.138172949066869
2026-06-16,2025-01-13,"4.35%",75,4.35,0.0984040517629877
2026-06-16,2025-01-13,"4.60%",100,4.6,0.0590818858113215
2026-06-16,2025-01-13,"4.85%",125,4.85,0.0299045846406613
2026-06-16,2025-01-13,"5.10%",150,5.1,0.0127600087266949
2026-06-16,2025-01-13,"5.35%",175,5.35,0
2026-06-16,2025-01-13,"5.60%",200,5.6,0
2026-06-16,2025-01-13,"5.85%",225,5.85,0
2026-06-16,2025-01-13,"6.10%",250,6.1,0
2026-06-16,2025-01-14,"0.10%",-300,0.1,0
2026-06-16,2025-01-14,"0.35%",-300,0.35,0
2026-06-16,2025-01-14,"0.60%",-300,0.6,0
2026-06-16,2025-01-14,"0.85%",-275,0.85,0
2026-06-16,2025-01-14,"1.10%",-250,1.1,0
2026-06-16,2025-01-14,"1.35%",-225,1.35,0
2026-06-16,2025-01-14,"1.60%",-200,1.6,0
2026-06-16,2025-01-14,"1.85%",-175,1.85,0
2026-06-16,2025-01-14,"2.10%",-150,2.1,0
2026-06-16,2025-01-14,"2.35%",-125,2.35,0
2026-06-16,2025-01-14,"2.60%",-100,2.6,0.0258326552148624
2026-06-16,2025-01-14,"2.85%",-75,2.85,0.0550751320345263
2026-06-16,2025-01-14,"3.10%",-50,3.1,0.0972364861540131
2026-06-16,2025-01-14,"3.35%",-25,3.35,0.142168770156444
2026-06-16,2025-01-14,"3.60%",0,3.6,0.172143215182824
2026-06-16,2025-01-14,"3.85%",25,3.85,0.172620034856286
2026-06-16,2025-01-14,"4.10%",50,4.1,0.14335344889648
2026-06-16,2025-01-14,"4.35%",75,4.35,0.0985907236737735
2026-06-16,2025-01-14,"4.60%",100,4.6,0.0561520412204631
2026-06-16,2025-01-14,"4.85%",125,4.85,0.0264839479622377
2026-06-16,2025-01-14,"5.10%",150,5.1,0.01034354464809
2026-06-16,2025-01-14,"5.35%",175,5.35,0
2026-06-16,2025-01-14,"5.60%",200,5.6,0
2026-06-16,2025-01-14,"5.85%",225,5.85,0
2026-06-16,2025-01-14,"6.10%",250,6.1,0
2026-06-16,2025-01-15,"0.10%",-300,0.1,0
2026-06-16,2025-01-15,"0.35%",-300,0.35,0
2026-06-16,2025-01-15,"0.60%",-300,0.6,0
2026-06-16,2025-01-15,"0.85%",-275,0.85,0
2026-06-16,2025-01-15,"1.10%",-250,1.1,0
2026-06-16,2025-01-15,"1.35%",-225,1.35,0
2026-06-16,2025-01-15,"1.60%",-200,1.6,0
2026-06-16,2025-01-15,"1.85%",-175,1.85,0
2026-06-16,2025-01-15,"2.10%",-150,2.1,0
2026-06-16,2025-01-15,"2.35%",-125,2.35,0
2026-06-16,2025-01-15,"2.60%",-100,2.6,0.0195576589836255
2026-06-16,2025-01-15,"2.85%",-75,2.85,0.0478536776330687
2026-06-16,2025-01-15,"3.10%",-50,3.1,0.0937922593538145
2026-06-16,2025-01-15,"3.35%",-25,3.35,0.147264757968846
2026-06-16,2025-01-15,"3.60%",0,3.6,0.185237635263177
2026-06-16,2025-01-15,"3.85%",25,3.85,0.18666705637032
2026-06-16,2025-01-15,"4.10%",50,4.1,0.150700432732315
2026-06-16,2025-01-15,"4.35%",75,4.35,0.0974677272343604
2026-06-16,2025-01-15,"4.60%",100,4.6,0.0504997105635764
2026-06-16,2025-01-15,"4.85%",125,4.85,0.0209590838968963
2026-06-16,2025-01-15,"5.10%",150,5.1,0
2026-06-16,2025-01-15,"5.35%",175,5.35,0
2026-06-16,2025-01-15,"5.60%",200,5.6,0
2026-06-16,2025-01-15,"5.85%",225,5.85,0
2026-06-16,2025-01-15,"6.10%",250,6.1,0
2026-06-16,2025-01-16,"0.10%",-300,0.1,0
2026-06-16,2025-01-16,"0.35%",-300,0.35,0
2026-06-16,2025-01-16,"0.60%",-300,0.6,0
2026-06-16,2025-01-16,"0.85%",-275,0.85,0
2026-06-16,2025-01-16,"1.10%",-250,1.1,0
2026-06-16,2025-01-16,"1.35%",-225,1.35,0
2026-06-16,2025-01-16,"1.60%",-200,1.6,0
2026-06-16,2025-01-16,"1.85%",-175,1.85,0
2026-06-16,2025-01-16,"2.10%",-150,2.1,0
2026-06-16,2025-01-16,"2.35%",-125,2.35,0.0150758535409445
2026-06-16,2025-01-16,"2.60%",-100,2.6,0.035811294972573
2026-06-16,2025-01-16,"2.85%",-75,2.85,0.0705378213061718
2026-06-16,2025-01-16,"3.10%",-50,3.1,0.115213706721102
2026-06-16,2025-01-16,"3.35%",-25,3.35,0.156055211463689
2026-06-16,2025-01-16,"3.60%",0,3.6,0.175287880099134
2026-06-16,2025-01-16,"3.85%",25,3.85,0.163278072081111
2026-06-16,2025-01-16,"4.10%",50,4.1,0.126125947799571
2026-06-16,2025-01-16,"4.35%",75,4.35,0.0807932839249698
2026-06-16,2025-01-16,"4.60%",100,4.6,0.0429170095840005
2026-06-16,2025-01-16,"4.85%",125,4.85,0.0189039185067321
2026-06-16,2025-01-16,"5.10%",150,5.1,0
2026-06-16,2025-01-16,"5.35%",175,5.35,0
2026-06-16,2025-01-16,"5.60%",200,5.6,0
2026-06-16,2025-01-16,"5.85%",225,5.85,0
2026-06-16,2025-01-16,"6.10%",250,6.1,0
2026-06-16,2025-01-17,"0.10%",-300,0.1,0
2026-06-16,2025-01-17,"0.35%",-300,0.35,0
2026-06-16,2025-01-17,"0.60%",-300,0.6,0
2026-06-16,2025-01-17,"0.85%",-275,0.85,0
2026-06-16,2025-01-17,"1.10%",-250,1.1,0
2026-06-16,2025-01-17,"1.35%",-225,1.35,0
2026-06-16,2025-01-17,"1.60%",-200,1.6,0
2026-06-16,2025-01-17,"1.85%",-175,1.85,0
2026-06-16,2025-01-17,"2.10%",-150,2.1,0
2026-06-16,2025-01-17,"2.35%",-125,2.35,0.0163604506316515
2026-06-16,2025-01-17,"2.60%",-100,2.6,0.0367299663983775
2026-06-16,2025-01-17,"2.85%",-75,2.85,0.0694746251336519
2026-06-16,2025-01-17,"3.10%",-50,3.1,0.110719465028242
2026-06-16,2025-01-17,"3.35%",-25,3.35,0.148669710981734
2026-06-16,2025-01-17,"3.60%",0,3.6,0.168200509141574
2026-06-16,2025-01-17,"3.85%",25,3.85,0.160339578828242
2026-06-16,2025-01-17,"4.10%",50,4.1,0.128783993684374
2026-06-16,2025-01-17,"4.35%",75,4.35,0.0871538597776683
2026-06-16,2025-01-17,"4.60%",100,4.6,0.0496944226853233
2026-06-16,2025-01-17,"4.85%",125,4.85,0.0238734177091612
2026-06-16,2025-01-17,"5.10%",150,5.1,0
2026-06-16,2025-01-17,"5.35%",175,5.35,0
2026-06-16,2025-01-17,"5.60%",200,5.6,0
2026-06-16,2025-01-17,"5.85%",225,5.85,0
2026-06-16,2025-01-17,"6.10%",250,6.1,0
2026-06-16,2025-01-20,"0.10%",-300,0.1,0
2026-06-16,2025-01-20,"0.35%",-300,0.35,0
2026-06-16,2025-01-20,"0.60%",-300,0.6,0
2026-06-16,2025-01-20,"0.85%",-275,0.85,0
2026-06-16,2025-01-20,"1.10%",-250,1.1,0
2026-06-16,2025-01-20,"1.35%",-225,1.35,0
2026-06-16,2025-01-20,"1.60%",-200,1.6,0
2026-06-16,2025-01-20,"1.85%",-175,1.85,0
2026-06-16,2025-01-20,"2.10%",-150,2.1,0
2026-06-16,2025-01-20,"2.35%",-125,2.35,0.0209625438671812
2026-06-16,2025-01-20,"2.60%",-100,2.6,0.0429428741168843
2026-06-16,2025-01-20,"2.85%",-75,2.85,0.0753149275366622
2026-06-16,2025-01-20,"3.10%",-50,3.1,0.113089307073092
2026-06-16,2025-01-20,"3.35%",-25,3.35,0.14538452585498
2026-06-16,2025-01-20,"3.60%",0,3.6,0.160020085395388
2026-06-16,2025-01-20,"3.85%",25,3.85,0.150796697274557
2026-06-16,2025-01-20,"4.10%",50,4.1,0.121666032626204
2026-06-16,2025-01-20,"4.35%",75,4.35,0.0840434832114465
2026-06-16,2025-01-20,"4.60%",100,4.6,0.0497039359490845
2026-06-16,2025-01-20,"4.85%",125,4.85,0.0251664722401399
2026-06-16,2025-01-20,"5.10%",150,5.1,0.01090911485438
2026-06-16,2025-01-20,"5.35%",175,5.35,0
2026-06-16,2025-01-20,"5.60%",200,5.6,0
2026-06-16,2025-01-20,"5.85%",225,5.85,0
2026-06-16,2025-01-20,"6.10%",250,6.1,0
2026-06-16,2025-01-21,"0.10%",-300,0.1,0
2026-06-16,2025-01-21,"0.35%",-300,0.35,0
2026-06-16,2025-01-21,"0.60%",-300,0.6,0
2026-06-16,2025-01-21,"0.85%",-275,0.85,0
2026-06-16,2025-01-21,"1.10%",-250,1.1,0
2026-06-16,2025-01-21,"1.35%",-225,1.35,0
2026-06-16,2025-01-21,"1.60%",-200,1.6,0
2026-06-16,2025-01-21,"1.85%",-175,1.85,0
2026-06-16,2025-01-21,"2.10%",-150,2.1,0
2026-06-16,2025-01-21,"2.35%",-125,2.35,0.014011895011775
2026-06-16,2025-01-21,"2.60%",-100,2.6,0.0360225800677375
2026-06-16,2025-01-21,"2.85%",-75,2.85,0.0748032610246906
2026-06-16,2025-01-21,"3.10%",-50,3.1,0.125475770113522
2026-06-16,2025-01-21,"3.35%",-25,3.35,0.170024507132616
2026-06-16,2025-01-21,"3.60%",0,3.6,0.186117252414518
2026-06-16,2025-01-21,"3.85%",25,3.85,0.164584348055922
2026-06-16,2025-01-21,"4.10%",50,4.1,0.117574376963024
2026-06-16,2025-01-21,"4.35%",75,4.35,0.0678495212663133
2026-06-16,2025-01-21,"4.60%",100,4.6,0.0316279485192722
2026-06-16,2025-01-21,"4.85%",125,4.85,0.01190853943061
2026-06-16,2025-01-21,"5.10%",150,5.1,0
2026-06-16,2025-01-21,"5.35%",175,5.35,0
2026-06-16,2025-01-21,"5.60%",200,5.6,0
2026-06-16,2025-01-21,"5.85%",225,5.85,0
2026-06-16,2025-01-21,"6.10%",250,6.1,0
2026-06-16,2025-01-22,"0.10%",-300,0.1,0
2026-06-16,2025-01-22,"0.35%",-300,0.35,0
2026-06-16,2025-01-22,"0.60%",-300,0.6,0
2026-06-16,2025-01-22,"0.85%",-275,0.85,0
2026-06-16,2025-01-22,"1.10%",-250,1.1,0
2026-06-16,2025-01-22,"1.35%",-225,1.35,0
2026-06-16,2025-01-22,"1.60%",-200,1.6,0
2026-06-16,2025-01-22,"1.85%",-175,1.85,0
2026-06-16,2025-01-22,"2.10%",-150,2.1,0
2026-06-16,2025-01-22,"2.35%",-125,2.35,0.0179681624970319
2026-06-16,2025-01-22,"2.60%",-100,2.6,0.0397745071072124
2026-06-16,2025-01-22,"2.85%",-75,2.85,0.0740596574217873
2026-06-16,2025-01-22,"3.10%",-50,3.1,0.115996818805324
2026-06-16,2025-01-22,"3.35%",-25,3.35,0.152829271990269
2026-06-16,2025-01-22,"3.60%",0,3.6,0.169382458659516
2026-06-16,2025-01-22,"3.85%",25,3.85,0.157918767077463
2026-06-16,2025-01-22,"4.10%",50,4.1,0.123851455968891
2026-06-16,2025-01-22,"4.35%",75,4.35,0.0817082366210123
2026-06-16,2025-01-22,"4.60%",100,4.6,0.0453440096801663
2026-06-16,2025-01-22,"4.85%",125,4.85,0.0211666541713272
2026-06-16,2025-01-22,"5.10%",150,5.1,0
2026-06-16,2025-01-22,"5.35%",175,5.35,0
2026-06-16,2025-01-22,"5.60%",200,5.6,0
2026-06-16,2025-01-22,"5.85%",225,5.85,0
2026-06-16,2025-01-22,"6.10%",250,6.1,0
2026-06-16,2025-01-23,"0.10%",-300,0.1,0
2026-06-16,2025-01-23,"0.35%",-300,0.35,0
2026-06-16,2025-01-23,"0.60%",-300,0.6,0
2026-06-16,2025-01-23,"0.85%",-275,0.85,0
2026-06-16,2025-01-23,"1.10%",-250,1.1,0
2026-06-16,2025-01-23,"1.35%",-225,1.35,0
2026-06-16,2025-01-23,"1.60%",-200,1.6,0
2026-06-16,2025-01-23,"1.85%",-175,1.85,0
2026-06-16,2025-01-23,"2.10%",-150,2.1,0
2026-06-16,2025-01-23,"2.35%",-125,2.35,0.0120873304760418
2026-06-16,2025-01-23,"2.60%",-100,2.6,0.0320698049337819
2026-06-16,2025-01-23,"2.85%",-75,2.85,0.0686730601588732
2026-06-16,2025-01-23,"3.10%",-50,3.1,0.118693730189943
2026-06-16,2025-01-23,"3.35%",-25,3.35,0.16559239883834
2026-06-16,2025-01-23,"3.60%",0,3.6,0.186481855178734
2026-06-16,2025-01-23,"3.85%",25,3.85,0.169519928576368
2026-06-16,2025-01-23,"4.10%",50,4.1,0.124391119930682
2026-06-16,2025-01-23,"4.35%",75,4.35,0.0736768352200563
2026-06-16,2025-01-23,"4.60%",100,4.6,0.0352230034634587
2026-06-16,2025-01-23,"4.85%",125,4.85,0.0135909330337212
2026-06-16,2025-01-23,"5.10%",150,5.1,0
2026-06-16,2025-01-23,"5.35%",175,5.35,0
2026-06-16,2025-01-23,"5.60%",200,5.6,0
2026-06-16,2025-01-23,"5.85%",225,5.85,0
2026-06-16,2025-01-23,"6.10%",250,6.1,0
2026-06-16,2025-01-24,"0.10%",-300,0.1,0
2026-06-16,2025-01-24,"0.35%",-300,0.35,0
2026-06-16,2025-01-24,"0.60%",-300,0.6,0
2026-06-16,2025-01-24,"0.85%",-275,0.85,0
2026-06-16,2025-01-24,"1.10%",-250,1.1,0
2026-06-16,2025-01-24,"1.35%",-225,1.35,0
2026-06-16,2025-01-24,"1.60%",-200,1.6,0
2026-06-16,2025-01-24,"1.85%",-175,1.85,0
2026-06-16,2025-01-24,"2.10%",-150,2.1,0
2026-06-16,2025-01-24,"2.35%",-125,2.35,0.0205298558888545
2026-06-16,2025-01-24,"2.60%",-100,2.6,0.0439035600036787
2026-06-16,2025-01-24,"2.85%",-75,2.85,0.0792273544693026
2026-06-16,2025-01-24,"3.10%",-50,3.1,0.120648719493624
2026-06-16,2025-01-24,"3.35%",-25,3.35,0.155042247733612
2026-06-16,2025-01-24,"3.60%",0,3.6,0.16813640786567
2026-06-16,2025-01-24,"3.85%",25,3.85,0.153871906484907
2026-06-16,2025-01-24,"4.10%",50,4.1,0.118834114748077
2026-06-16,2025-01-24,"4.35%",75,4.35,0.0774466141503781
2026-06-16,2025-01-24,"4.60%",100,4.6,0.0425927294616609
2026-06-16,2025-01-24,"4.85%",125,4.85,0.0197664897002347
2026-06-16,2025-01-24,"5.10%",150,5.1,0
2026-06-16,2025-01-24,"5.35%",175,5.35,0
2026-06-16,2025-01-24,"5.60%",200,5.6,0
2026-06-16,2025-01-24,"5.85%",225,5.85,0
2026-06-16,2025-01-24,"6.10%",250,6.1,0
2026-06-16,2025-01-27,"0.10%",-300,0.1,0
2026-06-16,2025-01-27,"0.35%",-300,0.35,0
2026-06-16,2025-01-27,"0.60%",-300,0.6,0
2026-06-16,2025-01-27,"0.85%",-275,0.85,0
2026-06-16,2025-01-27,"1.10%",-250,1.1,0
2026-06-16,2025-01-27,"1.35%",-225,1.35,0
2026-06-16,2025-01-27,"1.60%",-200,1.6,0
2026-06-16,2025-01-27,"1.85%",-175,1.85,0
2026-06-16,2025-01-27,"2.10%",-150,2.1,0
2026-06-16,2025-01-27,"2.35%",-125,2.35,0.021253459551559
2026-06-16,2025-01-27,"2.60%",-100,2.6,0.0449304554113543
2026-06-16,2025-01-27,"2.85%",-75,2.85,0.0802981992711321
2026-06-16,2025-01-27,"3.10%",-50,3.1,0.121320629427304
2026-06-16,2025-01-27,"3.35%",-25,3.35,0.154965355698461
2026-06-16,2025-01-27,"3.60%",0,3.6,0.167343956548928
2026-06-16,2025-01-27,"3.85%",25,3.85,0.152778509718169
2026-06-16,2025-01-27,"4.10%",50,4.1,0.117920606963911
2026-06-16,2025-01-27,"4.35%",75,4.35,0.0769463022997637
2026-06-16,2025-01-27,"4.60%",100,4.6,0.042447187675512
2026-06-16,2025-01-27,"4.85%",125,4.85,0.0197953374339069
2026-06-16,2025-01-27,"5.10%",150,5.1,0
2026-06-16,2025-01-27,"5.35%",175,5.35,0
2026-06-16,2025-01-27,"5.60%",200,5.6,0
2026-06-16,2025-01-27,"5.85%",225,5.85,0
2026-06-16,2025-01-27,"6.10%",250,6.1,0
2026-06-16,2025-01-28,"0.10%",-300,0.1,0
2026-06-16,2025-01-28,"0.35%",-300,0.35,0
2026-06-16,2025-01-28,"0.60%",-300,0.6,0
2026-06-16,2025-01-28,"0.85%",-275,0.85,0
2026-06-16,2025-01-28,"1.10%",-250,1.1,0
2026-06-16,2025-01-28,"1.35%",-225,1.35,0
2026-06-16,2025-01-28,"1.60%",-200,1.6,0
2026-06-16,2025-01-28,"1.85%",-175,1.85,0
2026-06-16,2025-01-28,"2.10%",-150,2.1,0
2026-06-16,2025-01-28,"2.35%",-125,2.35,0.0237240799773863
2026-06-16,2025-01-28,"2.60%",-100,2.6,0.0501683735345696
2026-06-16,2025-01-28,"2.85%",-75,2.85,0.0888488880750744
2026-06-16,2025-01-28,"3.10%",-50,3.1,0.131785309838399
2026-06-16,2025-01-28,"3.35%",-25,3.35,0.163713018202704
2026-06-16,2025-01-28,"3.60%",0,3.6,0.170335502934502
2026-06-16,2025-01-28,"3.85%",25,3.85,0.148434112744219
2026-06-16,2025-01-28,"4.10%",50,4.1,0.108334294453618
2026-06-16,2025-01-28,"4.35%",75,4.35,0.0662209381454071
2026-06-16,2025-01-28,"4.60%",100,4.6,0.0339009360256417
2026-06-16,2025-01-28,"4.85%",125,4.85,0.0145345460684797
2026-06-16,2025-01-28,"5.10%",150,5.1,0
2026-06-16,2025-01-28,"5.35%",175,5.35,0
2026-06-16,2025-01-28,"5.60%",200,5.6,0
2026-06-16,2025-01-28,"5.85%",225,5.85,0
2026-06-16,2025-01-28,"6.10%",250,6.1,0
2026-06-16,2025-01-29,"0.10%",-300,0.1,0
2026-06-16,2025-01-29,"0.35%",-300,0.35,0
2026-06-16,2025-01-29,"0.60%",-300,0.6,0
2026-06-16,2025-01-29,"0.85%",-275,0.85,0
2026-06-16,2025-01-29,"1.10%",-250,1.1,0
2026-06-16,2025-01-29,"1.35%",-225,1.35,0
2026-06-16,2025-01-29,"1.60%",-200,1.6,0
2026-06-16,2025-01-29,"1.85%",-175,1.85,0
2026-06-16,2025-01-29,"2.10%",-150,2.1,0.0128669820889895
2026-06-16,2025-01-29,"2.35%",-125,2.35,0.0297732910501845
2026-06-16,2025-01-29,"2.60%",-100,2.6,0.0583158635301248
2026-06-16,2025-01-29,"2.85%",-75,2.85,0.0966868874437535
2026-06-16,2025-01-29,"3.10%",-50,3.1,0.135699443389642
2026-06-16,2025-01-29,"3.35%",-25,3.35,0.161221892262433
2026-06-16,2025-01-29,"3.60%",0,3.6,0.162146812092756
2026-06-16,2025-01-29,"3.85%",25,3.85,0.138048396702847
2026-06-16,2025-01-29,"4.10%",50,4.1,0.0994924391351197
2026-06-16,2025-01-29,"4.35%",75,4.35,0.06069863128216
2026-06-16,2025-01-29,"4.60%",100,4.6,0.0313465245697546
2026-06-16,2025-01-29,"4.85%",125,4.85,0.0137028364522353
2026-06-16,2025-01-29,"5.10%",150,5.1,0
2026-06-16,2025-01-29,"5.35%",175,5.35,0
2026-06-16,2025-01-29,"5.60%",200,5.6,0
2026-06-16,2025-01-29,"5.85%",225,5.85,0
2026-06-16,2025-01-29,"6.10%",250,6.1,0
2026-06-16,2025-01-31,"0.10%",-300,0.1,0
2026-06-16,2025-01-31,"0.35%",-300,0.35,0
2026-06-16,2025-01-31,"0.60%",-300,0.6,0
2026-06-16,2025-01-31,"0.85%",-275,0.85,0
2026-06-16,2025-01-31,"1.10%",-250,1.1,0
2026-06-16,2025-01-31,"1.35%",-225,1.35,0
2026-06-16,2025-01-31,"1.60%",-200,1.6,0
2026-06-16,2025-01-31,"1.85%",-175,1.85,0
2026-06-16,2025-01-31,"2.10%",-150,2.1,0.0125665428044105
2026-06-16,2025-01-31,"2.35%",-125,2.35,0.02929677332657
2026-06-16,2025-01-31,"2.60%",-100,2.6,0.0577464169830589
2026-06-16,2025-01-31,"2.85%",-75,2.85,0.0962372470745459
2026-06-16,2025-01-31,"3.10%",-50,3.1,0.135607317555109
2026-06-16,2025-01-31,"3.35%",-25,3.35,0.16156633815635
2026-06-16,2025-01-31,"3.60%",0,3.6,0.16276070653718
2026-06-16,2025-01-31,"3.85%",25,3.85,0.138637050314604
2026-06-16,2025-01-31,"4.10%",50,4.1,0.0998475163128584
2026-06-16,2025-01-31,"4.35%",75,4.35,0.0608019704611542
2026-06-16,2025-01-31,"4.60%",100,4.6,0.0313048646582902
2026-06-16,2025-01-31,"4.85%",125,4.85,0.0136272558158682
2026-06-16,2025-01-31,"5.10%",150,5.1,0
2026-06-16,2025-01-31,"5.35%",175,5.35,0
2026-06-16,2025-01-31,"5.60%",200,5.6,0
2026-06-16,2025-01-31,"5.85%",225,5.85,0
2026-06-16,2025-01-31,"6.10%",250,6.1,0
2026-06-16,2025-02-03,"0.10%",-300,0.1,0
2026-06-16,2025-02-03,"0.35%",-300,0.35,0
2026-06-16,2025-02-03,"0.60%",-300,0.6,0
2026-06-16,2025-02-03,"0.85%",-275,0.85,0
2026-06-16,2025-02-03,"1.10%",-250,1.1,0
2026-06-16,2025-02-03,"1.35%",-225,1.35,0
2026-06-16,2025-02-03,"1.60%",-200,1.6,0
2026-06-16,2025-02-03,"1.85%",-175,1.85,0
2026-06-16,2025-02-03,"2.10%",-150,2.1,0.0174838005584246
2026-06-16,2025-02-03,"2.35%",-125,2.35,0.0372390646882256
2026-06-16,2025-02-03,"2.60%",-100,2.6,0.0677935277956813
2026-06-16,2025-02-03,"2.85%",-75,2.85,0.105490340643056
2026-06-16,2025-02-03,"3.10%",-50,3.1,0.140306715957374
2026-06-16,2025-02-03,"3.35%",-25,3.35,0.159510632966045
2026-06-16,2025-02-03,"3.60%",0,3.6,0.155005850138985
2026-06-16,2025-02-03,"3.85%",25,3.85,0.128751825979104
2026-06-16,2025-02-03,"4.10%",50,4.1,0.091411929712297
2026-06-16,2025-02-03,"4.35%",75,4.35,0.0554742715757068
2026-06-16,2025-02-03,"4.60%",100,4.6,0.0287748117116465
2026-06-16,2025-02-03,"4.85%",125,4.85,0.0127572282734545
2026-06-16,2025-02-03,"5.10%",150,5.1,0
2026-06-16,2025-02-03,"5.35%",175,5.35,0
2026-06-16,2025-02-03,"5.60%",200,5.6,0
2026-06-16,2025-02-03,"5.85%",225,5.85,0
2026-06-16,2025-02-03,"6.10%",250,6.1,0
2026-06-16,2025-02-04,"0.10%",-300,0.1,0
2026-06-16,2025-02-04,"0.35%",-300,0.35,0
2026-06-16,2025-02-04,"0.60%",-300,0.6,0
2026-06-16,2025-02-04,"0.85%",-275,0.85,0
2026-06-16,2025-02-04,"1.10%",-250,1.1,0
2026-06-16,2025-02-04,"1.35%",-225,1.35,0
2026-06-16,2025-02-04,"1.60%",-200,1.6,0
2026-06-16,2025-02-04,"1.85%",-175,1.85,0
2026-06-16,2025-02-04,"2.10%",-150,2.1,0.0108653507884753
2026-06-16,2025-02-04,"2.35%",-125,2.35,0.0279284131001531
2026-06-16,2025-02-04,"2.60%",-100,2.6,0.0591507315282611
2026-06-16,2025-02-04,"2.85%",-75,2.85,0.103229778991548
2026-06-16,2025-02-04,"3.10%",-50,3.1,0.148455326227159
2026-06-16,2025-02-04,"3.35%",-25,3.35,0.175930985256622
2026-06-16,2025-02-04,"3.60%",0,3.6,0.171810339644298
2026-06-16,2025-02-04,"3.85%",25,3.85,0.138266197189292
2026-06-16,2025-02-04,"4.10%",50,4.1,0.0916930813924114
2026-06-16,2025-02-04,"4.35%",75,4.35,0.0501071653577747
2026-06-16,2025-02-04,"4.60%",100,4.6,0.0225626305240045
2026-06-16,2025-02-04,"4.85%",125,4.85,0
2026-06-16,2025-02-04,"5.10%",150,5.1,0
2026-06-16,2025-02-04,"5.35%",175,5.35,0
2026-06-16,2025-02-04,"5.60%",200,5.6,0
2026-06-16,2025-02-04,"5.85%",225,5.85,0
2026-06-16,2025-02-04,"6.10%",250,6.1,0
2026-06-16,2025-02-05,"0.10%",-300,0.1,0
2026-06-16,2025-02-05,"0.35%",-300,0.35,0
2026-06-16,2025-02-05,"0.60%",-300,0.6,0
2026-06-16,2025-02-05,"0.85%",-275,0.85,0
2026-06-16,2025-02-05,"1.10%",-250,1.1,0
2026-06-16,2025-02-05,"1.35%",-225,1.35,0
2026-06-16,2025-02-05,"1.60%",-200,1.6,0
2026-06-16,2025-02-05,"1.85%",-175,1.85,0
2026-06-16,2025-02-05,"2.10%",-150,2.1,0.0116208547942484
2026-06-16,2025-02-05,"2.35%",-125,2.35,0.0293097619273336
2026-06-16,2025-02-05,"2.60%",-100,2.6,0.0610597949078712
2026-06-16,2025-02-05,"2.85%",-75,2.85,0.105071702508253
2026-06-16,2025-02-05,"3.10%",-50,3.1,0.149354241457602
2026-06-16,2025-02-05,"3.35%",-25,3.35,0.175371857464323
2026-06-16,2025-02-05,"3.60%",0,3.6,0.17010497756045
2026-06-16,2025-02-05,"3.85%",25,3.85,0.136297571033748
2026-06-16,2025-02-05,"4.10%",50,4.1,0.0902126335877654
2026-06-16,2025-02-05,"4.35%",75,4.35,0.0493223791463367
2026-06-16,2025-02-05,"4.60%",100,4.6,0.0222742256120703
2026-06-16,2025-02-05,"4.85%",125,4.85,0
2026-06-16,2025-02-05,"5.10%",150,5.1,0
2026-06-16,2025-02-05,"5.35%",175,5.35,0
2026-06-16,2025-02-05,"5.60%",200,5.6,0
2026-06-16,2025-02-05,"5.85%",225,5.85,0
2026-06-16,2025-02-05,"6.10%",250,6.1,0
2026-06-16,2025-02-06,"0.10%",-300,0.1,0
2026-06-16,2025-02-06,"0.35%",-300,0.35,0
2026-06-16,2025-02-06,"0.60%",-300,0.6,0
2026-06-16,2025-02-06,"0.85%",-275,0.85,0
2026-06-16,2025-02-06,"1.10%",-250,1.1,0
2026-06-16,2025-02-06,"1.35%",-225,1.35,0
2026-06-16,2025-02-06,"1.60%",-200,1.6,0
2026-06-16,2025-02-06,"1.85%",-175,1.85,0
2026-06-16,2025-02-06,"2.10%",-150,2.1,0
2026-06-16,2025-02-06,"2.35%",-125,2.35,0.0273265007023127
2026-06-16,2025-02-06,"2.60%",-100,2.6,0.0610707210051692
2026-06-16,2025-02-06,"2.85%",-75,2.85,0.110074072506532
2026-06-16,2025-02-06,"3.10%",-50,3.1,0.160015339114226
2026-06-16,2025-02-06,"3.35%",-25,3.35,0.187618975946854
2026-06-16,2025-02-06,"3.60%",0,3.6,0.177433846505327
2026-06-16,2025-02-06,"3.85%",25,3.85,0.135343881636677
2026-06-16,2025-02-06,"4.10%",50,4.1,0.0832670304024838
2026-06-16,2025-02-06,"4.35%",75,4.35,0.0413163374201764
2026-06-16,2025-02-06,"4.60%",100,4.6,0.0165332947602416
2026-06-16,2025-02-06,"4.85%",125,4.85,0
2026-06-16,2025-02-06,"5.10%",150,5.1,0
2026-06-16,2025-02-06,"5.35%",175,5.35,0
2026-06-16,2025-02-06,"5.60%",200,5.6,0
2026-06-16,2025-02-06,"5.85%",225,5.85,0
2026-06-16,2025-02-06,"6.10%",250,6.1,0
2026-06-16,2025-02-07,"0.10%",-300,0.1,0
2026-06-16,2025-02-07,"0.35%",-300,0.35,0
2026-06-16,2025-02-07,"0.60%",-300,0.6,0
2026-06-16,2025-02-07,"0.85%",-275,0.85,0
2026-06-16,2025-02-07,"1.10%",-250,1.1,0
2026-06-16,2025-02-07,"1.35%",-225,1.35,0
2026-06-16,2025-02-07,"1.60%",-200,1.6,0
2026-06-16,2025-02-07,"1.85%",-175,1.85,0
2026-06-16,2025-02-07,"2.10%",-150,2.1,0
2026-06-16,2025-02-07,"2.35%",-125,2.35,0.0200633744034351
2026-06-16,2025-02-07,"2.60%",-100,2.6,0.0497431041443789
2026-06-16,2025-02-07,"2.85%",-75,2.85,0.0979386161167621
2026-06-16,2025-02-07,"3.10%",-50,3.1,0.153143180201352
2026-06-16,2025-02-07,"3.35%",-25,3.35,0.190188604708337
2026-06-16,2025-02-07,"3.60%",0,3.6,0.187596409207323
2026-06-16,2025-02-07,"3.85%",25,3.85,0.146966079278742
2026-06-16,2025-02-07,"4.10%",50,4.1,0.0914430965329095
2026-06-16,2025-02-07,"4.35%",75,4.35,0.0451860355457366
2026-06-16,2025-02-07,"4.60%",100,4.6,0.0177314998610233
2026-06-16,2025-02-07,"4.85%",125,4.85,0
2026-06-16,2025-02-07,"5.10%",150,5.1,0
2026-06-16,2025-02-07,"5.35%",175,5.35,0
2026-06-16,2025-02-07,"5.60%",200,5.6,0
2026-06-16,2025-02-07,"5.85%",225,5.85,0
2026-06-16,2025-02-07,"6.10%",250,6.1,0
2026-06-16,2025-02-10,"0.10%",-300,0.1,0
2026-06-16,2025-02-10,"0.35%",-300,0.35,0
2026-06-16,2025-02-10,"0.60%",-300,0.6,0
2026-06-16,2025-02-10,"0.85%",-275,0.85,0
2026-06-16,2025-02-10,"1.10%",-250,1.1,0
2026-06-16,2025-02-10,"1.35%",-225,1.35,0
2026-06-16,2025-02-10,"1.60%",-200,1.6,0
2026-06-16,2025-02-10,"1.85%",-175,1.85,0
2026-06-16,2025-02-10,"2.10%",-150,2.1,0
2026-06-16,2025-02-10,"2.35%",-125,2.35,0.0134695277916663
2026-06-16,2025-02-10,"2.60%",-100,2.6,0.0384142723332642
2026-06-16,2025-02-10,"2.85%",-75,2.85,0.0849428175946361
2026-06-16,2025-02-10,"3.10%",-50,3.1,0.145647166271528
2026-06-16,2025-02-10,"3.35%",-25,3.35,0.193665348165198
2026-06-16,2025-02-10,"3.60%",0,3.6,0.199707393042654
2026-06-16,2025-02-10,"3.85%",25,3.85,0.159709459352141
2026-06-16,2025-02-10,"4.10%",50,4.1,0.0990483824181411
2026-06-16,2025-02-10,"4.35%",75,4.35,0.0476337572076133
2026-06-16,2025-02-10,"4.60%",100,4.6,0.0177618758231591
2026-06-16,2025-02-10,"4.85%",125,4.85,0
2026-06-16,2025-02-10,"5.10%",150,5.1,0
2026-06-16,2025-02-10,"5.35%",175,5.35,0
2026-06-16,2025-02-10,"5.60%",200,5.6,0
2026-06-16,2025-02-10,"5.85%",225,5.85,0
2026-06-16,2025-02-10,"6.10%",250,6.1,0
2026-06-16,2025-02-11,"0.10%",-300,0.1,0
2026-06-16,2025-02-11,"0.35%",-300,0.35,0
2026-06-16,2025-02-11,"0.60%",-300,0.6,0
2026-06-16,2025-02-11,"0.85%",-275,0.85,0
2026-06-16,2025-02-11,"1.10%",-250,1.1,0
2026-06-16,2025-02-11,"1.35%",-225,1.35,0
2026-06-16,2025-02-11,"1.60%",-200,1.6,0
2026-06-16,2025-02-11,"1.85%",-175,1.85,0
2026-06-16,2025-02-11,"2.10%",-150,2.1,0
2026-06-16,2025-02-11,"2.35%",-125,2.35,0.0143886363454903
2026-06-16,2025-02-11,"2.60%",-100,2.6,0.039792925346929
2026-06-16,2025-02-11,"2.85%",-75,2.85,0.085967288007666
2026-06-16,2025-02-11,"3.10%",-50,3.1,0.14509216225541
2026-06-16,2025-02-11,"3.35%",-25,3.35,0.191323138694549
2026-06-16,2025-02-11,"3.60%",0,3.6,0.197114999528508
2026-06-16,2025-02-11,"3.85%",25,3.85,0.158672694854003
2026-06-16,2025-02-11,"4.10%",50,4.1,0.0997935876970158
2026-06-16,2025-02-11,"4.35%",75,4.35,0.0490337118900006
2026-06-16,2025-02-11,"4.60%",100,4.6,0.0188208553804277
2026-06-16,2025-02-11,"4.85%",125,4.85,0
2026-06-16,2025-02-11,"5.10%",150,5.1,0
2026-06-16,2025-02-11,"5.35%",175,5.35,0
2026-06-16,2025-02-11,"5.60%",200,5.6,0
2026-06-16,2025-02-11,"5.85%",225,5.85,0
2026-06-16,2025-02-11,"6.10%",250,6.1,0
2026-06-16,2025-02-12,"0.10%",-300,0.1,0
2026-06-16,2025-02-12,"0.35%",-300,0.35,0
2026-06-16,2025-02-12,"0.60%",-300,0.6,0
2026-06-16,2025-02-12,"0.85%",-275,0.85,0
2026-06-16,2025-02-12,"1.10%",-250,1.1,0
2026-06-16,2025-02-12,"1.35%",-225,1.35,0
2026-06-16,2025-02-12,"1.60%",-200,1.6,0
2026-06-16,2025-02-12,"1.85%",-175,1.85,0
2026-06-16,2025-02-12,"2.10%",-150,2.1,0
2026-06-16,2025-02-12,"2.35%",-125,2.35,0.016874013881545
2026-06-16,2025-02-12,"2.60%",-100,2.6,0.0405635515232054
2026-06-16,2025-02-12,"2.85%",-75,2.85,0.079728567711771
2026-06-16,2025-02-12,"3.10%",-50,3.1,0.128136391673563
2026-06-16,2025-02-12,"3.35%",-25,3.35,0.168393741861586
2026-06-16,2025-02-12,"3.60%",0,3.6,0.180960056407171
2026-06-16,2025-02-12,"3.85%",25,3.85,0.159017542998829
2026-06-16,2025-02-12,"4.10%",50,4.1,0.114263864342172
2026-06-16,2025-02-12,"4.35%",75,4.35,0.0671373522946496
2026-06-16,2025-02-12,"4.60%",100,4.6,0.0322548399363809
2026-06-16,2025-02-12,"4.85%",125,4.85,0.0126700773691266
2026-06-16,2025-02-12,"5.10%",150,5.1,0
2026-06-16,2025-02-12,"5.35%",175,5.35,0
2026-06-16,2025-02-12,"5.60%",200,5.6,0
2026-06-16,2025-02-12,"5.85%",225,5.85,0
2026-06-16,2025-02-12,"6.10%",250,6.1,0
2026-06-16,2025-02-13,"0.10%",-300,0.1,0
2026-06-16,2025-02-13,"0.35%",-300,0.35,0
2026-06-16,2025-02-13,"0.60%",-300,0.6,0
2026-06-16,2025-02-13,"0.85%",-275,0.85,0
2026-06-16,2025-02-13,"1.10%",-250,1.1,0
2026-06-16,2025-02-13,"1.35%",-225,1.35,0
2026-06-16,2025-02-13,"1.60%",-200,1.6,0
2026-06-16,2025-02-13,"1.85%",-175,1.85,0
2026-06-16,2025-02-13,"2.10%",-150,2.1,0
2026-06-16,2025-02-13,"2.35%",-125,2.35,0.019426046973196
2026-06-16,2025-02-13,"2.60%",-100,2.6,0.043428782607977
2026-06-16,2025-02-13,"2.85%",-75,2.85,0.080833594839258
2026-06-16,2025-02-13,"3.10%",-50,3.1,0.125268281582515
2026-06-16,2025-02-13,"3.35%",-25,3.35,0.161634975678335
2026-06-16,2025-02-13,"3.60%",0,3.6,0.173652261143705
2026-06-16,2025-02-13,"3.85%",25,3.85,0.15533813417757
2026-06-16,2025-02-13,"4.10%",50,4.1,0.115697955395084
2026-06-16,2025-02-13,"4.35%",75,4.35,0.0717490994789053
2026-06-16,2025-02-13,"4.60%",100,4.6,0.0370458456499946
2026-06-16,2025-02-13,"4.85%",125,4.85,0.0159250224734598
2026-06-16,2025-02-13,"5.10%",150,5.1,0
2026-06-16,2025-02-13,"5.35%",175,5.35,0
2026-06-16,2025-02-13,"5.60%",200,5.6,0
2026-06-16,2025-02-13,"5.85%",225,5.85,0
2026-06-16,2025-02-13,"6.10%",250,6.1,0
2026-06-16,2025-02-14,"0.10%",-300,0.1,0
2026-06-16,2025-02-14,"0.35%",-300,0.35,0
2026-06-16,2025-02-14,"0.60%",-300,0.6,0
2026-06-16,2025-02-14,"0.85%",-275,0.85,0
2026-06-16,2025-02-14,"1.10%",-250,1.1,0
2026-06-16,2025-02-14,"1.35%",-225,1.35,0
2026-06-16,2025-02-14,"1.60%",-200,1.6,0
2026-06-16,2025-02-14,"1.85%",-175,1.85,0
2026-06-16,2025-02-14,"2.10%",-150,2.1,0
2026-06-16,2025-02-14,"2.35%",-125,2.35,0.0192024603140893
2026-06-16,2025-02-14,"2.60%",-100,2.6,0.0433585992880793
2026-06-16,2025-02-14,"2.85%",-75,2.85,0.0812568872445768
2026-06-16,2025-02-14,"3.10%",-50,3.1,0.126394026200835
2026-06-16,2025-02-14,"3.35%",-25,3.35,0.163186776576992
2026-06-16,2025-02-14,"3.60%",0,3.6,0.1748806001631
2026-06-16,2025-02-14,"3.85%",25,3.85,0.155560113431082
2026-06-16,2025-02-14,"4.10%",50,4.1,0.114855542212253
2026-06-16,2025-02-14,"4.35%",75,4.35,0.0703874768250542
2026-06-16,2025-02-14,"4.60%",100,4.6,0.0358027878866327
2026-06-16,2025-02-14,"4.85%",125,4.85,0.0151147298573062
2026-06-16,2025-02-14,"5.10%",150,5.1,0
2026-06-16,2025-02-14,"5.35%",175,5.35,0
2026-06-16,2025-02-14,"5.60%",200,5.6,0
2026-06-16,2025-02-14,"5.85%",225,5.85,0
2026-06-16,2025-02-14,"6.10%",250,6.1,0
2026-06-16,2025-02-17,"0.10%",-300,0.1,0
2026-06-16,2025-02-17,"0.35%",-300,0.35,0
2026-06-16,2025-02-17,"0.60%",-300,0.6,0
2026-06-16,2025-02-17,"0.85%",-275,0.85,0
2026-06-16,2025-02-17,"1.10%",-250,1.1,0
2026-06-16,2025-02-17,"1.35%",-225,1.35,0
2026-06-16,2025-02-17,"1.60%",-200,1.6,0
2026-06-16,2025-02-17,"1.85%",-175,1.85,0
2026-06-16,2025-02-17,"2.10%",-150,2.1,0
2026-06-16,2025-02-17,"2.35%",-125,2.35,0.0133534308165277
2026-06-16,2025-02-17,"2.60%",-100,2.6,0.0344467047239594
2026-06-16,2025-02-17,"2.85%",-75,2.85,0.0719618207154359
2026-06-16,2025-02-17,"3.10%",-50,3.1,0.121753464616776
2026-06-16,2025-02-17,"3.35%",-25,3.35,0.166841287227767
2026-06-16,2025-02-17,"3.60%",0,3.6,0.185173941818079
2026-06-16,2025-02-17,"3.85%",25,3.85,0.16646159547948
2026-06-16,2025-02-17,"4.10%",50,4.1,0.121199907814044
2026-06-16,2025-02-17,"4.35%",75,4.35,0.0714715802158505
2026-06-16,2025-02-17,"4.60%",100,4.6,0.0341341402245548
2026-06-16,2025-02-17,"4.85%",125,4.85,0.0132021263475254
2026-06-16,2025-02-17,"5.10%",150,5.1,0
2026-06-16,2025-02-17,"5.35%",175,5.35,0
2026-06-16,2025-02-17,"5.60%",200,5.6,0
2026-06-16,2025-02-17,"5.85%",225,5.85,0
2026-06-16,2025-02-17,"6.10%",250,6.1,0
2026-06-16,2025-02-19,"0.10%",-300,0.1,0
2026-06-16,2025-02-19,"0.35%",-300,0.35,0
2026-06-16,2025-02-19,"0.60%",-300,0.6,0
2026-06-16,2025-02-19,"0.85%",-275,0.85,0
2026-06-16,2025-02-19,"1.10%",-250,1.1,0
2026-06-16,2025-02-19,"1.35%",-225,1.35,0
2026-06-16,2025-02-19,"1.60%",-200,1.6,0
2026-06-16,2025-02-19,"1.85%",-175,1.85,0
2026-06-16,2025-02-19,"2.10%",-150,2.1,0
2026-06-16,2025-02-19,"2.35%",-125,2.35,0
2026-06-16,2025-02-19,"2.60%",-100,2.6,0.0266504812982732
2026-06-16,2025-02-19,"2.85%",-75,2.85,0.0603677896415291
2026-06-16,2025-02-19,"3.10%",-50,3.1,0.109885265442554
2026-06-16,2025-02-19,"3.35%",-25,3.35,0.160742505839812
2026-06-16,2025-02-19,"3.60%",0,3.6,0.188970507054652
2026-06-16,2025-02-19,"3.85%",25,3.85,0.178540093583224
2026-06-16,2025-02-19,"4.10%",50,4.1,0.135566900926258
2026-06-16,2025-02-19,"4.35%",75,4.35,0.0827250209877625
2026-06-16,2025-02-19,"4.60%",100,4.6,0.0405663722454794
2026-06-16,2025-02-19,"4.85%",125,4.85,0.0159850629804567
2026-06-16,2025-02-19,"5.10%",150,5.1,0
2026-06-16,2025-02-19,"5.35%",175,5.35,0
2026-06-16,2025-02-19,"5.60%",200,5.6,0
2026-06-16,2025-02-19,"5.85%",225,5.85,0
2026-06-16,2025-02-19,"6.10%",250,6.1,0
2026-06-16,2025-02-20,"0.10%",-300,0.1,0
2026-06-16,2025-02-20,"0.35%",-300,0.35,0
2026-06-16,2025-02-20,"0.60%",-300,0.6,0
2026-06-16,2025-02-20,"0.85%",-275,0.85,0
2026-06-16,2025-02-20,"1.10%",-250,1.1,0
2026-06-16,2025-02-20,"1.35%",-225,1.35,0
2026-06-16,2025-02-20,"1.60%",-200,1.6,0
2026-06-16,2025-02-20,"1.85%",-175,1.85,0
2026-06-16,2025-02-20,"2.10%",-150,2.1,0
2026-06-16,2025-02-20,"2.35%",-125,2.35,0
2026-06-16,2025-02-20,"2.60%",-100,2.6,0.0252261592349792
2026-06-16,2025-02-20,"2.85%",-75,2.85,0.0575804141966306
2026-06-16,2025-02-20,"3.10%",-50,3.1,0.105871155264696
2026-06-16,2025-02-20,"3.35%",-25,3.35,0.156813135189222
2026-06-16,2025-02-20,"3.60%",0,3.6,0.187113035082593
2026-06-16,2025-02-20,"3.85%",25,3.85,0.179866066562746
2026-06-16,2025-02-20,"4.10%",50,4.1,0.13928889805986
2026-06-16,2025-02-20,"4.35%",75,4.35,0.0868952567459702
2026-06-16,2025-02-20,"4.60%",100,4.6,0.0436686877449886
2026-06-16,2025-02-20,"4.85%",125,4.85,0.0176771919183147
2026-06-16,2025-02-20,"5.10%",150,5.1,0
2026-06-16,2025-02-20,"5.35%",175,5.35,0
2026-06-16,2025-02-20,"5.60%",200,5.6,0
2026-06-16,2025-02-20,"5.85%",225,5.85,0
2026-06-16,2025-02-20,"6.10%",250,6.1,0
2026-06-16,2025-02-21,"0.10%",-300,0.1,0
2026-06-16,2025-02-21,"0.35%",-300,0.35,0
2026-06-16,2025-02-21,"0.60%",-300,0.6,0
2026-06-16,2025-02-21,"0.85%",-275,0.85,0
2026-06-16,2025-02-21,"1.10%",-250,1.1,0
2026-06-16,2025-02-21,"1.35%",-225,1.35,0
2026-06-16,2025-02-21,"1.60%",-200,1.6,0
2026-06-16,2025-02-21,"1.85%",-175,1.85,0
2026-06-16,2025-02-21,"2.10%",-150,2.1,0
2026-06-16,2025-02-21,"2.35%",-125,2.35,0
2026-06-16,2025-02-21,"2.60%",-100,2.6,0.025875798904238
2026-06-16,2025-02-21,"2.85%",-75,2.85,0.0602971179541737
2026-06-16,2025-02-21,"3.10%",-50,3.1,0.111759458716691
2026-06-16,2025-02-21,"3.35%",-25,3.35,0.164772336911992
2026-06-16,2025-02-21,"3.60%",0,3.6,0.193247598259765
2026-06-16,2025-02-21,"3.85%",25,3.85,0.180293872655854
2026-06-16,2025-02-21,"4.10%",50,4.1,0.133807889269322
2026-06-16,2025-02-21,"4.35%",75,4.35,0.078995589012927
2026-06-16,2025-02-21,"4.60%",100,4.6,0.0370954630920086
2026-06-16,2025-02-21,"4.85%",125,4.85,0.0138548752230288
2026-06-16,2025-02-21,"5.10%",150,5.1,0
2026-06-16,2025-02-21,"5.35%",175,5.35,0
2026-06-16,2025-02-21,"5.60%",200,5.6,0
2026-06-16,2025-02-21,"5.85%",225,5.85,0
2026-06-16,2025-02-21,"6.10%",250,6.1,0
2026-06-16,2025-02-24,"0.10%",-300,0.1,0
2026-06-16,2025-02-24,"0.35%",-300,0.35,0
2026-06-16,2025-02-24,"0.60%",-300,0.6,0
2026-06-16,2025-02-24,"0.85%",-275,0.85,0
2026-06-16,2025-02-24,"1.10%",-250,1.1,0
2026-06-16,2025-02-24,"1.35%",-225,1.35,0
2026-06-16,2025-02-24,"1.60%",-200,1.6,0
2026-06-16,2025-02-24,"1.85%",-175,1.85,0
2026-06-16,2025-02-24,"2.10%",-150,2.1,0
2026-06-16,2025-02-24,"2.35%",-125,2.35,0.011579949430989
2026-06-16,2025-02-24,"2.60%",-100,2.6,0.0320734691244115
2026-06-16,2025-02-24,"2.85%",-75,2.85,0.0706853453630144
2026-06-16,2025-02-24,"3.10%",-50,3.1,0.123962729001417
2026-06-16,2025-02-24,"3.35%",-25,3.35,0.173003956997258
2026-06-16,2025-02-24,"3.60%",0,3.6,0.192149434539727
2026-06-16,2025-02-24,"3.85%",25,3.85,0.169842007187466
2026-06-16,2025-02-24,"4.10%",50,4.1,0.119472636491152
2026-06-16,2025-02-24,"4.35%",75,4.35,0.0668795429314683
2026-06-16,2025-02-24,"4.60%",100,4.6,0.0297916131107223
2026-06-16,2025-02-24,"4.85%",125,4.85,0.0105593158223742
2026-06-16,2025-02-24,"5.10%",150,5.1,0
2026-06-16,2025-02-24,"5.35%",175,5.35,0
2026-06-16,2025-02-24,"5.60%",200,5.6,0
2026-06-16,2025-02-24,"5.85%",225,5.85,0
2026-06-16,2025-02-24,"6.10%",250,6.1,0
2026-06-16,2025-02-25,"0.10%",-300,0.1,0
2026-06-16,2025-02-25,"0.35%",-300,0.35,0
2026-06-16,2025-02-25,"0.60%",-300,0.6,0
2026-06-16,2025-02-25,"0.85%",-275,0.85,0
2026-06-16,2025-02-25,"1.10%",-250,1.1,0
2026-06-16,2025-02-25,"1.35%",-225,1.35,0
2026-06-16,2025-02-25,"1.60%",-200,1.6,0
2026-06-16,2025-02-25,"1.85%",-175,1.85,0
2026-06-16,2025-02-25,"2.10%",-150,2.1,0
2026-06-16,2025-02-25,"2.35%",-125,2.35,0.0135144199100043
2026-06-16,2025-02-25,"2.60%",-100,2.6,0.0371802077203895
2026-06-16,2025-02-25,"2.85%",-75,2.85,0.0805754063122976
2026-06-16,2025-02-25,"3.10%",-50,3.1,0.137564904134757
2026-06-16,2025-02-25,"3.35%",-25,3.35,0.185035183598003
2026-06-16,2025-02-25,"3.60%",0,3.6,0.196091037644029
2026-06-16,2025-02-25,"3.85%",25,3.85,0.163727240610913
2026-06-16,2025-02-25,"4.10%",50,4.1,0.10770468419322
2026-06-16,2025-02-25,"4.35%",75,4.35,0.0558183904224838
2026-06-16,2025-02-25,"4.60%",100,4.6,0.0227885254539023
2026-06-16,2025-02-25,"4.85%",125,4.85,0
2026-06-16,2025-02-25,"5.10%",150,5.1,0
2026-06-16,2025-02-25,"5.35%",175,5.35,0
2026-06-16,2025-02-25,"5.60%",200,5.6,0
2026-06-16,2025-02-25,"5.85%",225,5.85,0
2026-06-16,2025-02-25,"6.10%",250,6.1,0
2026-06-16,2025-02-26,"0.10%",-300,0.1,0
2026-06-16,2025-02-26,"0.35%",-300,0.35,0
2026-06-16,2025-02-26,"0.60%",-300,0.6,0
2026-06-16,2025-02-26,"0.85%",-275,0.85,0
2026-06-16,2025-02-26,"1.10%",-250,1.1,0
2026-06-16,2025-02-26,"1.35%",-225,1.35,0
2026-06-16,2025-02-26,"1.60%",-200,1.6,0
2026-06-16,2025-02-26,"1.85%",-175,1.85,0
2026-06-16,2025-02-26,"2.10%",-150,2.1,0
2026-06-16,2025-02-26,"2.35%",-125,2.35,0
2026-06-16,2025-02-26,"2.60%",-100,2.6,0.030082426481665
2026-06-16,2025-02-26,"2.85%",-75,2.85,0.0775375763798393
2026-06-16,2025-02-26,"3.10%",-50,3.1,0.147858580906489
2026-06-16,2025-02-26,"3.35%",-25,3.35,0.208632406711109
2026-06-16,2025-02-26,"3.60%",0,3.6,0.217848201370085
2026-06-16,2025-02-26,"3.85%",25,3.85,0.168332407653096
2026-06-16,2025-02-26,"4.10%",50,4.1,0.0962489325913279
2026-06-16,2025-02-26,"4.35%",75,4.35,0.0407174829861913
2026-06-16,2025-02-26,"4.60%",100,4.6,0.012741984920197
2026-06-16,2025-02-26,"4.85%",125,4.85,0
2026-06-16,2025-02-26,"5.10%",150,5.1,0
2026-06-16,2025-02-26,"5.35%",175,5.35,0
2026-06-16,2025-02-26,"5.60%",200,5.6,0
2026-06-16,2025-02-26,"5.85%",225,5.85,0
2026-06-16,2025-02-26,"6.10%",250,6.1,0
2026-06-16,2025-02-27,"0.10%",-300,0.1,0
2026-06-16,2025-02-27,"0.35%",-300,0.35,0
2026-06-16,2025-02-27,"0.60%",-300,0.6,0
2026-06-16,2025-02-27,"0.85%",-275,0.85,0
2026-06-16,2025-02-27,"1.10%",-250,1.1,0
2026-06-16,2025-02-27,"1.35%",-225,1.35,0
2026-06-16,2025-02-27,"1.60%",-200,1.6,0
2026-06-16,2025-02-27,"1.85%",-175,1.85,0
2026-06-16,2025-02-27,"2.10%",-150,2.1,0
2026-06-16,2025-02-27,"2.35%",-125,2.35,0.0121284408304769
2026-06-16,2025-02-27,"2.60%",-100,2.6,0.0360658121241416
2026-06-16,2025-02-27,"2.85%",-75,2.85,0.0824320854879975
2026-06-16,2025-02-27,"3.10%",-50,3.1,0.144830920240754
2026-06-16,2025-02-27,"3.35%",-25,3.35,0.195627122056738
2026-06-16,2025-02-27,"3.60%",0,3.6,0.203151694471978
2026-06-16,2025-02-27,"3.85%",25,3.85,0.162195228664175
2026-06-16,2025-02-27,"4.10%",50,4.1,0.0995557361499637
2026-06-16,2025-02-27,"4.35%",75,4.35,0.0469755280743078
2026-06-16,2025-02-27,"4.60%",100,4.6,0.0170374318994674
2026-06-16,2025-02-27,"4.85%",125,4.85,0
2026-06-16,2025-02-27,"5.10%",150,5.1,0
2026-06-16,2025-02-27,"5.35%",175,5.35,0
2026-06-16,2025-02-27,"5.60%",200,5.6,0
2026-06-16,2025-02-27,"5.85%",225,5.85,0
2026-06-16,2025-02-27,"6.10%",250,6.1,0
2026-06-16,2025-02-28,"0.10%",-300,0.1,0
2026-06-16,2025-02-28,"0.35%",-300,0.35,0
2026-06-16,2025-02-28,"0.60%",-300,0.6,0
2026-06-16,2025-02-28,"0.85%",-275,0.85,0
2026-06-16,2025-02-28,"1.10%",-250,1.1,0
2026-06-16,2025-02-28,"1.35%",-225,1.35,0
2026-06-16,2025-02-28,"1.60%",-200,1.6,0
2026-06-16,2025-02-28,"1.85%",-175,1.85,0
2026-06-16,2025-02-28,"2.10%",-150,2.1,0
2026-06-16,2025-02-28,"2.35%",-125,2.35,0.0179561692950395
2026-06-16,2025-02-28,"2.60%",-100,2.6,0.0481255233149973
2026-06-16,2025-02-28,"2.85%",-75,2.85,0.0999208820732567
2026-06-16,2025-02-28,"3.10%",-50,3.1,0.160731363517237
2026-06-16,2025-02-28,"3.35%",-25,3.35,0.200326450095807
2026-06-16,2025-02-28,"3.60%",0,3.6,0.19345645564112
2026-06-16,2025-02-28,"3.85%",25,3.85,0.144754875955863
2026-06-16,2025-02-28,"4.10%",50,4.1,0.0839208505055427
2026-06-16,2025-02-28,"4.35%",75,4.35,0.03769288353392
2026-06-16,2025-02-28,"4.60%",100,4.6,0.0131145460672168
2026-06-16,2025-02-28,"4.85%",125,4.85,0
2026-06-16,2025-02-28,"5.10%",150,5.1,0
2026-06-16,2025-02-28,"5.35%",175,5.35,0
2026-06-16,2025-02-28,"5.60%",200,5.6,0
2026-06-16,2025-02-28,"5.85%",225,5.85,0
2026-06-16,2025-02-28,"6.10%",250,6.1,0
2026-06-16,2025-03-03,"0.10%",-300,0.1,0
2026-06-16,2025-03-03,"0.35%",-300,0.35,0
2026-06-16,2025-03-03,"0.60%",-300,0.6,0
2026-06-16,2025-03-03,"0.85%",-275,0.85,0
2026-06-16,2025-03-03,"1.10%",-250,1.1,0
2026-06-16,2025-03-03,"1.35%",-225,1.35,0
2026-06-16,2025-03-03,"1.60%",-200,1.6,0
2026-06-16,2025-03-03,"1.85%",-175,1.85,0
2026-06-16,2025-03-03,"2.10%",-150,2.1,0
2026-06-16,2025-03-03,"2.35%",-125,2.35,0.0217946033430884
2026-06-16,2025-03-03,"2.60%",-100,2.6,0.0515282047953712
2026-06-16,2025-03-03,"2.85%",-75,2.85,0.0980445988300864
2026-06-16,2025-03-03,"3.10%",-50,3.1,0.150144405966099
2026-06-16,2025-03-03,"3.35%",-25,3.35,0.185062231898
2026-06-16,2025-03-03,"3.60%",0,3.6,0.183593667729574
2026-06-16,2025-03-03,"3.85%",25,3.85,0.146598171492619
2026-06-16,2025-03-03,"4.10%",50,4.1,0.0942153451422226
2026-06-16,2025-03-03,"4.35%",75,4.35,0.0487326512386298
2026-06-16,2025-03-03,"4.60%",100,4.6,0.0202861195643091
2026-06-16,2025-03-03,"4.85%",125,4.85,0
2026-06-16,2025-03-03,"5.10%",150,5.1,0
2026-06-16,2025-03-03,"5.35%",175,5.35,0
2026-06-16,2025-03-03,"5.60%",200,5.6,0
2026-06-16,2025-03-03,"5.85%",225,5.85,0
2026-06-16,2025-03-03,"6.10%",250,6.1,0
2026-06-16,2025-03-04,"0.10%",-300,0.1,0
2026-06-16,2025-03-04,"0.35%",-300,0.35,0
2026-06-16,2025-03-04,"0.60%",-300,0.6,0
2026-06-16,2025-03-04,"0.85%",-275,0.85,0
2026-06-16,2025-03-04,"1.10%",-250,1.1,0
2026-06-16,2025-03-04,"1.35%",-225,1.35,0
2026-06-16,2025-03-04,"1.60%",-200,1.6,0
2026-06-16,2025-03-04,"1.85%",-175,1.85,0
2026-06-16,2025-03-04,"2.10%",-150,2.1,0
2026-06-16,2025-03-04,"2.35%",-125,2.35,0.0160432438846566
2026-06-16,2025-03-04,"2.60%",-100,2.6,0.0474783796573178
2026-06-16,2025-03-04,"2.85%",-75,2.85,0.105138598433172
2026-06-16,2025-03-04,"3.10%",-50,3.1,0.174245673371038
2026-06-16,2025-03-04,"3.35%",-25,3.35,0.216143321055697
2026-06-16,2025-03-04,"3.60%",0,3.6,0.200688180977491
2026-06-16,2025-03-04,"3.85%",25,3.85,0.13947454943545
2026-06-16,2025-03-04,"4.10%",50,4.1,0.0725483472062371
2026-06-16,2025-03-04,"4.35%",75,4.35,0.0282397059789415
2026-06-16,2025-03-04,"4.60%",100,4.6,0
2026-06-16,2025-03-04,"4.85%",125,4.85,0
2026-06-16,2025-03-04,"5.10%",150,5.1,0
2026-06-16,2025-03-04,"5.35%",175,5.35,0
2026-06-16,2025-03-04,"5.60%",200,5.6,0
2026-06-16,2025-03-04,"5.85%",225,5.85,0
2026-06-16,2025-03-04,"6.10%",250,6.1,0
2026-06-16,2025-03-05,"0.10%",-300,0.1,0
2026-06-16,2025-03-05,"0.35%",-300,0.35,0
2026-06-16,2025-03-05,"0.60%",-300,0.6,0
2026-06-16,2025-03-05,"0.85%",-275,0.85,0
2026-06-16,2025-03-05,"1.10%",-250,1.1,0
2026-06-16,2025-03-05,"1.35%",-225,1.35,0
2026-06-16,2025-03-05,"1.60%",-200,1.6,0
2026-06-16,2025-03-05,"1.85%",-175,1.85,0
2026-06-16,2025-03-05,"2.10%",-150,2.1,0
2026-06-16,2025-03-05,"2.35%",-125,2.35,0.0220059628255372
2026-06-16,2025-03-05,"2.60%",-100,2.6,0.0529145949555737
2026-06-16,2025-03-05,"2.85%",-75,2.85,0.101499686510688
2026-06-16,2025-03-05,"3.10%",-50,3.1,0.155322970764142
2026-06-16,2025-03-05,"3.35%",-25,3.35,0.189629914668409
2026-06-16,2025-03-05,"3.60%",0,3.6,0.184708516454616
2026-06-16,2025-03-05,"3.85%",25,3.85,0.143540596057094
2026-06-16,2025-03-05,"4.10%",50,4.1,0.0889937092691225
2026-06-16,2025-03-05,"4.35%",75,4.35,0.0440169556662202
2026-06-16,2025-03-05,"4.60%",100,4.6,0.0173670928285971
2026-06-16,2025-03-05,"4.85%",125,4.85,0
2026-06-16,2025-03-05,"5.10%",150,5.1,0
2026-06-16,2025-03-05,"5.35%",175,5.35,0
2026-06-16,2025-03-05,"5.60%",200,5.6,0
2026-06-16,2025-03-05,"5.85%",225,5.85,0
2026-06-16,2025-03-05,"6.10%",250,6.1,0
2026-06-16,2025-03-06,"0.10%",-300,0.1,0
2026-06-16,2025-03-06,"0.35%",-300,0.35,0
2026-06-16,2025-03-06,"0.60%",-300,0.6,0
2026-06-16,2025-03-06,"0.85%",-275,0.85,0
2026-06-16,2025-03-06,"1.10%",-250,1.1,0
2026-06-16,2025-03-06,"1.35%",-225,1.35,0
2026-06-16,2025-03-06,"1.60%",-200,1.6,0
2026-06-16,2025-03-06,"1.85%",-175,1.85,0
2026-06-16,2025-03-06,"2.10%",-150,2.1,0
2026-06-16,2025-03-06,"2.35%",-125,2.35,0.0190148878162513
2026-06-16,2025-03-06,"2.60%",-100,2.6,0.0459152052139452
2026-06-16,2025-03-06,"2.85%",-75,2.85,0.0895876257376451
2026-06-16,2025-03-06,"3.10%",-50,3.1,0.141251136379377
2026-06-16,2025-03-06,"3.35%",-25,3.35,0.179971921173212
2026-06-16,2025-03-06,"3.60%",0,3.6,0.185308480037353
2026-06-16,2025-03-06,"3.85%",25,3.85,0.154192996217144
2026-06-16,2025-03-06,"4.10%",50,4.1,0.10368264736343
2026-06-16,2025-03-06,"4.35%",75,4.35,0.056338487775795
2026-06-16,2025-03-06,"4.60%",100,4.6,0.0247366122858478
2026-06-16,2025-03-06,"4.85%",125,4.85,0
2026-06-16,2025-03-06,"5.10%",150,5.1,0
2026-06-16,2025-03-06,"5.35%",175,5.35,0
2026-06-16,2025-03-06,"5.60%",200,5.6,0
2026-06-16,2025-03-06,"5.85%",225,5.85,0
2026-06-16,2025-03-06,"6.10%",250,6.1,0
2026-06-16,2025-03-07,"0.10%",-300,0.1,0
2026-06-16,2025-03-07,"0.35%",-300,0.35,0
2026-06-16,2025-03-07,"0.60%",-300,0.6,0
2026-06-16,2025-03-07,"0.85%",-275,0.85,0
2026-06-16,2025-03-07,"1.10%",-250,1.1,0
2026-06-16,2025-03-07,"1.35%",-225,1.35,0
2026-06-16,2025-03-07,"1.60%",-200,1.6,0
2026-06-16,2025-03-07,"1.85%",-175,1.85,0
2026-06-16,2025-03-07,"2.10%",-150,2.1,0.0115347494141589
2026-06-16,2025-03-07,"2.35%",-125,2.35,0.0298721172850484
2026-06-16,2025-03-07,"2.60%",-100,2.6,0.0632778500163649
2026-06-16,2025-03-07,"2.85%",-75,2.85,0.10964461635771
2026-06-16,2025-03-07,"3.10%",-50,3.1,0.155413688343077
2026-06-16,2025-03-07,"3.35%",-25,3.35,0.180205559361619
2026-06-16,2025-03-07,"3.60%",0,3.6,0.170934057076472
2026-06-16,2025-03-07,"3.85%",25,3.85,0.132638283624705
2026-06-16,2025-03-07,"4.10%",50,4.1,0.0841940335760821
2026-06-16,2025-03-07,"4.35%",75,4.35,0.0437171807414767
2026-06-16,2025-03-07,"4.60%",100,4.6,0.0185678642032851
2026-06-16,2025-03-07,"4.85%",125,4.85,0
2026-06-16,2025-03-07,"5.10%",150,5.1,0
2026-06-16,2025-03-07,"5.35%",175,5.35,0
2026-06-16,2025-03-07,"5.60%",200,5.6,0
2026-06-16,2025-03-07,"5.85%",225,5.85,0
2026-06-16,2025-03-07,"6.10%",250,6.1,0
2026-06-16,2025-03-10,"0.10%",-300,0.1,0
2026-06-16,2025-03-10,"0.35%",-300,0.35,0
2026-06-16,2025-03-10,"0.60%",-300,0.6,0
2026-06-16,2025-03-10,"0.85%",-275,0.85,0
2026-06-16,2025-03-10,"1.10%",-250,1.1,0
2026-06-16,2025-03-10,"1.35%",-225,1.35,0
2026-06-16,2025-03-10,"1.60%",-200,1.6,0
2026-06-16,2025-03-10,"1.85%",-175,1.85,0
2026-06-16,2025-03-10,"2.10%",-150,2.1,0.0123073661175352
2026-06-16,2025-03-10,"2.35%",-125,2.35,0.0300682282308458
2026-06-16,2025-03-10,"2.60%",-100,2.6,0.0611694509501551
2026-06-16,2025-03-10,"2.85%",-75,2.85,0.103624185662724
2026-06-16,2025-03-10,"3.10%",-50,3.1,0.146183854390002
2026-06-16,2025-03-10,"3.35%",-25,3.35,0.17173440188541
2026-06-16,2025-03-10,"3.60%",0,3.6,0.168011314488177
2026-06-16,2025-03-10,"3.85%",25,3.85,0.13688081579912
2026-06-16,2025-03-10,"4.10%",50,4.1,0.0928677112327543
2026-06-16,2025-03-10,"4.35%",75,4.35,0.0524681962868225
2026-06-16,2025-03-10,"4.60%",100,4.6,0.0246844749564542
2026-06-16,2025-03-10,"4.85%",125,4.85,0
2026-06-16,2025-03-10,"5.10%",150,5.1,0
2026-06-16,2025-03-10,"5.35%",175,5.35,0
2026-06-16,2025-03-10,"5.60%",200,5.6,0
2026-06-16,2025-03-10,"5.85%",225,5.85,0
2026-06-16,2025-03-10,"6.10%",250,6.1,0
2026-06-16,2025-03-11,"0.10%",-300,0.1,0
2026-06-16,2025-03-11,"0.35%",-300,0.35,0
2026-06-16,2025-03-11,"0.60%",-300,0.6,0
2026-06-16,2025-03-11,"0.85%",-275,0.85,0
2026-06-16,2025-03-11,"1.10%",-250,1.1,0
2026-06-16,2025-03-11,"1.35%",-225,1.35,0
2026-06-16,2025-03-11,"1.60%",-200,1.6,0
2026-06-16,2025-03-11,"1.85%",-175,1.85,0
2026-06-16,2025-03-11,"2.10%",-150,2.1,0.0141290000330797
2026-06-16,2025-03-11,"2.35%",-125,2.35,0.0351389315128077
2026-06-16,2025-03-11,"2.60%",-100,2.6,0.0715079212086354
2026-06-16,2025-03-11,"2.85%",-75,2.85,0.119077322064766
2026-06-16,2025-03-11,"3.10%",-50,3.1,0.162266368779692
2026-06-16,2025-03-11,"3.35%",-25,3.35,0.180951381986696
2026-06-16,2025-03-11,"3.60%",0,3.6,0.165132495553649
2026-06-16,2025-03-11,"3.85%",25,3.85,0.123321172665114
2026-06-16,2025-03-11,"4.10%",50,4.1,0.0753647661246699
2026-06-16,2025-03-11,"4.35%",75,4.35,0.0376885934402021
2026-06-16,2025-03-11,"4.60%",100,4.6,0.0154220466306884
2026-06-16,2025-03-11,"4.85%",125,4.85,0
2026-06-16,2025-03-11,"5.10%",150,5.1,0
2026-06-16,2025-03-11,"5.35%",175,5.35,0
2026-06-16,2025-03-11,"5.60%",200,5.6,0
2026-06-16,2025-03-11,"5.85%",225,5.85,0
2026-06-16,2025-03-11,"6.10%",250,6.1,0
2026-06-16,2025-03-12,"0.10%",-300,0.1,0
2026-06-16,2025-03-12,"0.35%",-300,0.35,0
2026-06-16,2025-03-12,"0.60%",-300,0.6,0
2026-06-16,2025-03-12,"0.85%",-275,0.85,0
2026-06-16,2025-03-12,"1.10%",-250,1.1,0
2026-06-16,2025-03-12,"1.35%",-225,1.35,0
2026-06-16,2025-03-12,"1.60%",-200,1.6,0
2026-06-16,2025-03-12,"1.85%",-175,1.85,0
2026-06-16,2025-03-12,"2.10%",-150,2.1,0.0158486046377993
2026-06-16,2025-03-12,"2.35%",-125,2.35,0.0366606064643275
2026-06-16,2025-03-12,"2.60%",-100,2.6,0.0707876060499454
2026-06-16,2025-03-12,"2.85%",-75,2.85,0.114097961834425
2026-06-16,2025-03-12,"3.10%",-50,3.1,0.153522501876827
2026-06-16,2025-03-12,"3.35%",-25,3.35,0.172443261819362
2026-06-16,2025-03-12,"3.60%",0,3.6,0.161697399271464
2026-06-16,2025-03-12,"3.85%",25,3.85,0.126572986576459
2026-06-16,2025-03-12,"4.10%",50,4.1,0.0827093854680969
2026-06-16,2025-03-12,"4.35%",75,4.35,0.0451164604023519
2026-06-16,2025-03-12,"4.60%",100,4.6,0.020543225598941
2026-06-16,2025-03-12,"4.85%",125,4.85,0
2026-06-16,2025-03-12,"5.10%",150,5.1,0
2026-06-16,2025-03-12,"5.35%",175,5.35,0
2026-06-16,2025-03-12,"5.60%",200,5.6,0
2026-06-16,2025-03-12,"5.85%",225,5.85,0
2026-06-16,2025-03-12,"6.10%",250,6.1,0
2026-06-16,2025-03-13,"0.10%",-300,0.1,0
2026-06-16,2025-03-13,"0.35%",-300,0.35,0
2026-06-16,2025-03-13,"0.60%",-300,0.6,0
2026-06-16,2025-03-13,"0.85%",-275,0.85,0
2026-06-16,2025-03-13,"1.10%",-250,1.1,0
2026-06-16,2025-03-13,"1.35%",-225,1.35,0
2026-06-16,2025-03-13,"1.60%",-200,1.6,0
2026-06-16,2025-03-13,"1.85%",-175,1.85,0
2026-06-16,2025-03-13,"2.10%",-150,2.1,0
2026-06-16,2025-03-13,"2.35%",-125,2.35,0.0274649050878411
2026-06-16,2025-03-13,"2.60%",-100,2.6,0.0615471603477105
2026-06-16,2025-03-13,"2.85%",-75,2.85,0.111028752818563
2026-06-16,2025-03-13,"3.10%",-50,3.1,0.161243665416747
2026-06-16,2025-03-13,"3.35%",-25,3.35,0.188522818744077
2026-06-16,2025-03-13,"3.60%",0,3.6,0.177453797005879
2026-06-16,2025-03-13,"3.85%",25,3.85,0.134475891641801
2026-06-16,2025-03-13,"4.10%",50,4.1,0.0820409439785362
2026-06-16,2025-03-13,"4.35%",75,4.35,0.0402925880380349
2026-06-16,2025-03-13,"4.60%",100,4.6,0.0159294769208109
2026-06-16,2025-03-13,"4.85%",125,4.85,0
2026-06-16,2025-03-13,"5.10%",150,5.1,0
2026-06-16,2025-03-13,"5.35%",175,5.35,0
2026-06-16,2025-03-13,"5.60%",200,5.6,0
2026-06-16,2025-03-13,"5.85%",225,5.85,0
2026-06-16,2025-03-13,"6.10%",250,6.1,0
2026-06-16,2025-03-14,"0.10%",-300,0.1,0
2026-06-16,2025-03-14,"0.35%",-300,0.35,0
2026-06-16,2025-03-14,"0.60%",-300,0.6,0
2026-06-16,2025-03-14,"0.85%",-275,0.85,0
2026-06-16,2025-03-14,"1.10%",-250,1.1,0
2026-06-16,2025-03-14,"1.35%",-225,1.35,0
2026-06-16,2025-03-14,"1.60%",-200,1.6,0
2026-06-16,2025-03-14,"1.85%",-175,1.85,0
2026-06-16,2025-03-14,"2.10%",-150,2.1,0.0188867997802641
2026-06-16,2025-03-14,"2.35%",-125,2.35,0.0401723662863169
2026-06-16,2025-03-14,"2.60%",-100,2.6,0.0726700510651533
2026-06-16,2025-03-14,"2.85%",-75,2.85,0.111802553226769
2026-06-16,2025-03-14,"3.10%",-50,3.1,0.146292799884368
2026-06-16,2025-03-14,"3.35%",-25,3.35,0.162807129772101
2026-06-16,2025-03-14,"3.60%",0,3.6,0.154100777546328
2026-06-16,2025-03-14,"3.85%",25,3.85,0.124055580666864
2026-06-16,2025-03-14,"4.10%",50,4.1,0.0849384636512371
2026-06-16,2025-03-14,"4.35%",75,4.35,0.0494610286142239
2026-06-16,2025-03-14,"4.60%",100,4.6,0.0244953759659591
2026-06-16,2025-03-14,"4.85%",125,4.85,0.0103170735404152
2026-06-16,2025-03-14,"5.10%",150,5.1,0
2026-06-16,2025-03-14,"5.35%",175,5.35,0
2026-06-16,2025-03-14,"5.60%",200,5.6,0
2026-06-16,2025-03-14,"5.85%",225,5.85,0
2026-06-16,2025-03-14,"6.10%",250,6.1,0
2026-06-16,2025-03-17,"0.10%",-300,0.1,0
2026-06-16,2025-03-17,"0.35%",-300,0.35,0
2026-06-16,2025-03-17,"0.60%",-300,0.6,0
2026-06-16,2025-03-17,"0.85%",-275,0.85,0
2026-06-16,2025-03-17,"1.10%",-250,1.1,0
2026-06-16,2025-03-17,"1.35%",-225,1.35,0
2026-06-16,2025-03-17,"1.60%",-200,1.6,0
2026-06-16,2025-03-17,"1.85%",-175,1.85,0.0167591995082865
2026-06-16,2025-03-17,"2.10%",-150,2.1,0.0309475758309659
2026-06-16,2025-03-17,"2.35%",-125,2.35,0.0513400142354401
2026-06-16,2025-03-17,"2.60%",-100,2.6,0.0765144713968928
2026-06-16,2025-03-17,"2.85%",-75,2.85,0.102445108573182
2026-06-16,2025-03-17,"3.10%",-50,3.1,0.123225401727213
2026-06-16,2025-03-17,"3.35%",-25,3.35,0.133159289769583
2026-06-16,2025-03-17,"3.60%",0,3.6,0.129272236710221
2026-06-16,2025-03-17,"3.85%",25,3.85,0.11274608923006
2026-06-16,2025-03-17,"4.10%",50,4.1,0.0883404316292541
2026-06-16,2025-03-17,"4.35%",75,4.35,0.0621839413864754
2026-06-16,2025-03-17,"4.60%",100,4.6,0.0393238548733882
2026-06-16,2025-03-17,"4.85%",125,4.85,0.0223404016702204
2026-06-16,2025-03-17,"5.10%",150,5.1,0.0114019834588173
2026-06-16,2025-03-17,"5.35%",175,5.35,0
2026-06-16,2025-03-17,"5.60%",200,5.6,0
2026-06-16,2025-03-17,"5.85%",225,5.85,0
2026-06-16,2025-03-17,"6.10%",250,6.1,0
2026-06-16,2025-03-18,"0.10%",-300,0.1,0
2026-06-16,2025-03-18,"0.35%",-300,0.35,0
2026-06-16,2025-03-18,"0.60%",-300,0.6,0
2026-06-16,2025-03-18,"0.85%",-275,0.85,0
2026-06-16,2025-03-18,"1.10%",-250,1.1,0
2026-06-16,2025-03-18,"1.35%",-225,1.35,0
2026-06-16,2025-03-18,"1.60%",-200,1.6,0
2026-06-16,2025-03-18,"1.85%",-175,1.85,0
2026-06-16,2025-03-18,"2.10%",-150,2.1,0.0158038054941157
2026-06-16,2025-03-18,"2.35%",-125,2.35,0.035710452349134
2026-06-16,2025-03-18,"2.60%",-100,2.6,0.0679891556849148
2026-06-16,2025-03-18,"2.85%",-75,2.85,0.109070256936639
2026-06-16,2025-03-18,"3.10%",-50,3.1,0.147436220735408
2026-06-16,2025-03-18,"3.35%",-25,3.35,0.16793408970194
2026-06-16,2025-03-18,"3.60%",0,3.6,0.161180618074227
2026-06-16,2025-03-18,"3.85%",25,3.85,0.130354272813289
2026-06-16,2025-03-18,"4.10%",50,4.1,0.0888325707071683
2026-06-16,2025-03-18,"4.35%",75,4.35,0.0510089672671078
2026-06-16,2025-03-18,"4.60%",100,4.6,0.0246795902360557
2026-06-16,2025-03-18,"4.85%",125,4.85,0
2026-06-16,2025-03-18,"5.10%",150,5.1,0
2026-06-16,2025-03-18,"5.35%",175,5.35,0
2026-06-16,2025-03-18,"5.60%",200,5.6,0
2026-06-16,2025-03-18,"5.85%",225,5.85,0
2026-06-16,2025-03-18,"6.10%",250,6.1,0
2026-06-16,2025-03-19,"0.10%",-300,0.1,0
2026-06-16,2025-03-19,"0.35%",-300,0.35,0
2026-06-16,2025-03-19,"0.60%",-300,0.6,0
2026-06-16,2025-03-19,"0.85%",-275,0.85,0
2026-06-16,2025-03-19,"1.10%",-250,1.1,0
2026-06-16,2025-03-19,"1.35%",-225,1.35,0
2026-06-16,2025-03-19,"1.60%",-200,1.6,0
2026-06-16,2025-03-19,"1.85%",-175,1.85,0
2026-06-16,2025-03-19,"2.10%",-150,2.1,0.0143298875434461
2026-06-16,2025-03-19,"2.35%",-125,2.35,0.0337123791695789
2026-06-16,2025-03-19,"2.60%",-100,2.6,0.0662702093604439
2026-06-16,2025-03-19,"2.85%",-75,2.85,0.108853858928252
2026-06-16,2025-03-19,"3.10%",-50,3.1,0.149408907182975
2026-06-16,2025-03-19,"3.35%",-25,3.35,0.171365416965156
2026-06-16,2025-03-19,"3.60%",0,3.6,0.164243010970962
2026-06-16,2025-03-19,"3.85%",25,3.85,0.131542687472948
2026-06-16,2025-03-19,"4.10%",50,4.1,0.0880354907100725
2026-06-16,2025-03-19,"4.35%",75,4.35,0.0492324532753122
2026-06-16,2025-03-19,"4.60%",100,4.6,0.0230056984208527
2026-06-16,2025-03-19,"4.85%",125,4.85,0
2026-06-16,2025-03-19,"5.10%",150,5.1,0
2026-06-16,2025-03-19,"5.35%",175,5.35,0
2026-06-16,2025-03-19,"5.60%",200,5.6,0
2026-06-16,2025-03-19,"5.85%",225,5.85,0
2026-06-16,2025-03-19,"6.10%",250,6.1,0
2026-06-16,2025-03-20,"0.10%",-300,0.1,0
2026-06-16,2025-03-20,"0.35%",-300,0.35,0
2026-06-16,2025-03-20,"0.60%",-300,0.6,0
2026-06-16,2025-03-20,"0.85%",-275,0.85,0
2026-06-16,2025-03-20,"1.10%",-250,1.1,0
2026-06-16,2025-03-20,"1.35%",-225,1.35,0
2026-06-16,2025-03-20,"1.60%",-200,1.6,0
2026-06-16,2025-03-20,"1.85%",-175,1.85,0
2026-06-16,2025-03-20,"2.10%",-150,2.1,0.0150656697808944
2026-06-16,2025-03-20,"2.35%",-125,2.35,0.0360780166799802
2026-06-16,2025-03-20,"2.60%",-100,2.6,0.0714136956756766
2026-06-16,2025-03-20,"2.85%",-75,2.85,0.116848235923217
2026-06-16,2025-03-20,"3.10%",-50,3.1,0.158043706331064
2026-06-16,2025-03-20,"3.35%",-25,3.35,0.176707289834131
2026-06-16,2025-03-20,"3.60%",0,3.6,0.163326573145924
2026-06-16,2025-03-20,"3.85%",25,3.85,0.124790723937858
2026-06-16,2025-03-20,"4.10%",50,4.1,0.0788177166492213
2026-06-16,2025-03-20,"4.35%",75,4.35,0.0411499868463163
2026-06-16,2025-03-20,"4.60%",100,4.6,0.017758385195718
2026-06-16,2025-03-20,"4.85%",125,4.85,0
2026-06-16,2025-03-20,"5.10%",150,5.1,0
2026-06-16,2025-03-20,"5.35%",175,5.35,0
2026-06-16,2025-03-20,"5.60%",200,5.6,0
2026-06-16,2025-03-20,"5.85%",225,5.85,0
2026-06-16,2025-03-20,"6.10%",250,6.1,0
2026-06-16,2025-03-21,"0.10%",-300,0.1,0
2026-06-16,2025-03-21,"0.35%",-300,0.35,0
2026-06-16,2025-03-21,"0.60%",-300,0.6,0
2026-06-16,2025-03-21,"0.85%",-275,0.85,0
2026-06-16,2025-03-21,"1.10%",-250,1.1,0
2026-06-16,2025-03-21,"1.35%",-225,1.35,0
2026-06-16,2025-03-21,"1.60%",-200,1.6,0
2026-06-16,2025-03-21,"1.85%",-175,1.85,0
2026-06-16,2025-03-21,"2.10%",-150,2.1,0.0148549180782204
2026-06-16,2025-03-21,"2.35%",-125,2.35,0.0359532125288969
2026-06-16,2025-03-21,"2.60%",-100,2.6,0.0717006510403913
2026-06-16,2025-03-21,"2.85%",-75,2.85,0.117826958232373
2026-06-16,2025-03-21,"3.10%",-50,3.1,0.159556960456261
2026-06-16,2025-03-21,"3.35%",-25,3.35,0.178051081194357
2026-06-16,2025-03-21,"3.60%",0,3.6,0.163732258630167
2026-06-16,2025-03-21,"3.85%",25,3.85,0.124074453127653
2026-06-16,2025-03-21,"4.10%",50,4.1,0.0774785363947916
2026-06-16,2025-03-21,"4.35%",75,4.35,0.0398674709214118
2026-06-16,2025-03-21,"4.60%",100,4.6,0.016903499395478
2026-06-16,2025-03-21,"4.85%",125,4.85,0
2026-06-16,2025-03-21,"5.10%",150,5.1,0
2026-06-16,2025-03-21,"5.35%",175,5.35,0
2026-06-16,2025-03-21,"5.60%",200,5.6,0
2026-06-16,2025-03-21,"5.85%",225,5.85,0
2026-06-16,2025-03-21,"6.10%",250,6.1,0
2026-06-16,2025-03-24,"0.10%",-300,0.1,0
2026-06-16,2025-03-24,"0.35%",-300,0.35,0
2026-06-16,2025-03-24,"0.60%",-300,0.6,0
2026-06-16,2025-03-24,"0.85%",-275,0.85,0
2026-06-16,2025-03-24,"1.10%",-250,1.1,0
2026-06-16,2025-03-24,"1.35%",-225,1.35,0
2026-06-16,2025-03-24,"1.60%",-200,1.6,0
2026-06-16,2025-03-24,"1.85%",-175,1.85,0
2026-06-16,2025-03-24,"2.10%",-150,2.1,0.017599999334728
2026-06-16,2025-03-24,"2.35%",-125,2.35,0.040854152769155
2026-06-16,2025-03-24,"2.60%",-100,2.6,0.0783900377224026
2026-06-16,2025-03-24,"2.85%",-75,2.85,0.124337767821282
2026-06-16,2025-03-24,"3.10%",-50,3.1,0.163032658600327
2026-06-16,2025-03-24,"3.35%",-25,3.35,0.176718708705974
2026-06-16,2025-03-24,"3.60%",0,3.6,0.158353958196727
2026-06-16,2025-03-24,"3.85%",25,3.85,0.117303490231734
2026-06-16,2025-03-24,"4.10%",50,4.1,0.0718324690673505
2026-06-16,2025-03-24,"4.35%",75,4.35,0.0363618493059171
2026-06-16,2025-03-24,"4.60%",100,4.6,0.0152149082444028
2026-06-16,2025-03-24,"4.85%",125,4.85,0
2026-06-16,2025-03-24,"5.10%",150,5.1,0
2026-06-16,2025-03-24,"5.35%",175,5.35,0
2026-06-16,2025-03-24,"5.60%",200,5.6,0
2026-06-16,2025-03-24,"5.85%",225,5.85,0
2026-06-16,2025-03-24,"6.10%",250,6.1,0
2026-06-16,2025-03-25,"0.10%",-300,0.1,0
2026-06-16,2025-03-25,"0.35%",-300,0.35,0
2026-06-16,2025-03-25,"0.60%",-300,0.6,0
2026-06-16,2025-03-25,"0.85%",-275,0.85,0
2026-06-16,2025-03-25,"1.10%",-250,1.1,0
2026-06-16,2025-03-25,"1.35%",-225,1.35,0
2026-06-16,2025-03-25,"1.60%",-200,1.6,0
2026-06-16,2025-03-25,"1.85%",-175,1.85,0
2026-06-16,2025-03-25,"2.10%",-150,2.1,0.0166960802684746
2026-06-16,2025-03-25,"2.35%",-125,2.35,0.0387228692164992
2026-06-16,2025-03-25,"2.60%",-100,2.6,0.0745828595009819
2026-06-16,2025-03-25,"2.85%",-75,2.85,0.119301070738166
2026-06-16,2025-03-25,"3.10%",-50,3.1,0.15848735769167
2026-06-16,2025-03-25,"3.35%",-25,3.35,0.174862509065096
2026-06-16,2025-03-25,"3.60%",0,3.6,0.160233367656646
2026-06-16,2025-03-25,"3.85%",25,3.85,0.12194423599092
2026-06-16,2025-03-25,"4.10%",50,4.1,0.0770752763020916
2026-06-16,2025-03-25,"4.35%",75,4.35,0.0404579142906703
2026-06-16,2025-03-25,"4.60%",100,4.6,0.0176364592787848
2026-06-16,2025-03-25,"4.85%",125,4.85,0
2026-06-16,2025-03-25,"5.10%",150,5.1,0
2026-06-16,2025-03-25,"5.35%",175,5.35,0
2026-06-16,2025-03-25,"5.60%",200,5.6,0
2026-06-16,2025-03-25,"5.85%",225,5.85,0
2026-06-16,2025-03-25,"6.10%",250,6.1,0
2026-06-16,2025-03-26,"0.10%",-300,0.1,0
2026-06-16,2025-03-26,"0.35%",-300,0.35,0
2026-06-16,2025-03-26,"0.60%",-300,0.6,0
2026-06-16,2025-03-26,"0.85%",-275,0.85,0
2026-06-16,2025-03-26,"1.10%",-250,1.1,0
2026-06-16,2025-03-26,"1.35%",-225,1.35,0
2026-06-16,2025-03-26,"1.60%",-200,1.6,0
2026-06-16,2025-03-26,"1.85%",-175,1.85,0
2026-06-16,2025-03-26,"2.10%",-150,2.1,0.011357590630484
2026-06-16,2025-03-26,"2.35%",-125,2.35,0.02981640730924
2026-06-16,2025-03-26,"2.60%",-100,2.6,0.0637566251430661
2026-06-16,2025-03-26,"2.85%",-75,2.85,0.111050355661464
2026-06-16,2025-03-26,"3.10%",-50,3.1,0.157563968431017
2026-06-16,2025-03-26,"3.35%",-25,3.35,0.182115754065929
2026-06-16,2025-03-26,"3.60%",0,3.6,0.171473297048832
2026-06-16,2025-03-26,"3.85%",25,3.85,0.131523055082388
2026-06-16,2025-03-26,"4.10%",50,4.1,0.082177904469921
2026-06-16,2025-03-26,"4.35%",75,4.35,0.0418254783875492
2026-06-16,2025-03-26,"4.60%",100,4.6,0.0173395637701098
2026-06-16,2025-03-26,"4.85%",125,4.85,0
2026-06-16,2025-03-26,"5.10%",150,5.1,0
2026-06-16,2025-03-26,"5.35%",175,5.35,0
2026-06-16,2025-03-26,"5.60%",200,5.6,0
2026-06-16,2025-03-26,"5.85%",225,5.85,0
2026-06-16,2025-03-26,"6.10%",250,6.1,0
2026-06-16,2025-03-27,"0.10%",-300,0.1,0
2026-06-16,2025-03-27,"0.35%",-300,0.35,0
2026-06-16,2025-03-27,"0.60%",-300,0.6,0
2026-06-16,2025-03-27,"0.85%",-275,0.85,0
2026-06-16,2025-03-27,"1.10%",-250,1.1,0
2026-06-16,2025-03-27,"1.35%",-225,1.35,0
2026-06-16,2025-03-27,"1.60%",-200,1.6,0
2026-06-16,2025-03-27,"1.85%",-175,1.85,0
2026-06-16,2025-03-27,"2.10%",-150,2.1,0
2026-06-16,2025-03-27,"2.35%",-125,2.35,0.0264165883873549
2026-06-16,2025-03-27,"2.60%",-100,2.6,0.0599694335472577
2026-06-16,2025-03-27,"2.85%",-75,2.85,0.109393030411204
2026-06-16,2025-03-27,"3.10%",-50,3.1,0.1603537288566
2026-06-16,2025-03-27,"3.35%",-25,3.35,0.188891843462724
2026-06-16,2025-03-27,"3.60%",0,3.6,0.178812789099022
2026-06-16,2025-03-27,"3.85%",25,3.85,0.136029468181349
2026-06-16,2025-03-27,"4.10%",50,4.1,0.0831583119532962
2026-06-16,2025-03-27,"4.35%",75,4.35,0.0408505005808293
2026-06-16,2025-03-27,"4.60%",100,4.6,0.0161243055203625
2026-06-16,2025-03-27,"4.85%",125,4.85,0
2026-06-16,2025-03-27,"5.10%",150,5.1,0
2026-06-16,2025-03-27,"5.35%",175,5.35,0
2026-06-16,2025-03-27,"5.60%",200,5.6,0
2026-06-16,2025-03-27,"5.85%",225,5.85,0
2026-06-16,2025-03-27,"6.10%",250,6.1,0
2026-06-16,2025-03-28,"0.10%",-300,0.1,0
2026-06-16,2025-03-28,"0.35%",-300,0.35,0
2026-06-16,2025-03-28,"0.60%",-300,0.6,0
2026-06-16,2025-03-28,"0.85%",-275,0.85,0
2026-06-16,2025-03-28,"1.10%",-250,1.1,0
2026-06-16,2025-03-28,"1.35%",-225,1.35,0
2026-06-16,2025-03-28,"1.60%",-200,1.6,0
2026-06-16,2025-03-28,"1.85%",-175,1.85,0
2026-06-16,2025-03-28,"2.10%",-150,2.1,0
2026-06-16,2025-03-28,"2.35%",-125,2.35,0.0282623865484384
2026-06-16,2025-03-28,"2.60%",-100,2.6,0.0647816380863774
2026-06-16,2025-03-28,"2.85%",-75,2.85,0.117843231618347
2026-06-16,2025-03-28,"3.10%",-50,3.1,0.170135263411478
2026-06-16,2025-03-28,"3.35%",-25,3.35,0.194956671439261
2026-06-16,2025-03-28,"3.60%",0,3.6,0.177313716771687
2026-06-16,2025-03-28,"3.85%",25,3.85,0.127997820059933
2026-06-16,2025-03-28,"4.10%",50,4.1,0.0733337030912515
2026-06-16,2025-03-28,"4.35%",75,4.35,0.0333441692282619
2026-06-16,2025-03-28,"4.60%",100,4.6,0.0120313997449653
2026-06-16,2025-03-28,"4.85%",125,4.85,0
2026-06-16,2025-03-28,"5.10%",150,5.1,0
2026-06-16,2025-03-28,"5.35%",175,5.35,0
2026-06-16,2025-03-28,"5.60%",200,5.6,0
2026-06-16,2025-03-28,"5.85%",225,5.85,0
2026-06-16,2025-03-28,"6.10%",250,6.1,0
2026-06-16,2025-03-31,"0.10%",-300,0.1,0
2026-06-16,2025-03-31,"0.35%",-300,0.35,0
2026-06-16,2025-03-31,"0.60%",-300,0.6,0
2026-06-16,2025-03-31,"0.85%",-275,0.85,0
2026-06-16,2025-03-31,"1.10%",-250,1.1,0
2026-06-16,2025-03-31,"1.35%",-225,1.35,0
2026-06-16,2025-03-31,"1.60%",-200,1.6,0
2026-06-16,2025-03-31,"1.85%",-175,1.85,0
2026-06-16,2025-03-31,"2.10%",-150,2.1,0
2026-06-16,2025-03-31,"2.35%",-125,2.35,0.0297668281255283
2026-06-16,2025-03-31,"2.60%",-100,2.6,0.0718612328022177
2026-06-16,2025-03-31,"2.85%",-75,2.85,0.13330798653425
2026-06-16,2025-03-31,"3.10%",-50,3.1,0.190046147401318
2026-06-16,2025-03-31,"3.35%",-25,3.35,0.208222651073188
2026-06-16,2025-03-31,"3.60%",0,3.6,0.175335264326314
2026-06-16,2025-03-31,"3.85%",25,3.85,0.113467359999017
2026-06-16,2025-03-31,"4.10%",50,4.1,0.0564290794600102
2026-06-16,2025-03-31,"4.35%",75,4.35,0.0215634502781579
2026-06-16,2025-03-31,"4.60%",100,4.6,0
2026-06-16,2025-03-31,"4.85%",125,4.85,0
2026-06-16,2025-03-31,"5.10%",150,5.1,0
2026-06-16,2025-03-31,"5.35%",175,5.35,0
2026-06-16,2025-03-31,"5.60%",200,5.6,0
2026-06-16,2025-03-31,"5.85%",225,5.85,0
2026-06-16,2025-03-31,"6.10%",250,6.1,0
2026-06-16,2025-04-01,"0.10%",-300,0.1,0
2026-06-16,2025-04-01,"0.35%",-300,0.35,0
2026-06-16,2025-04-01,"0.60%",-300,0.6,0
2026-06-16,2025-04-01,"0.85%",-275,0.85,0
2026-06-16,2025-04-01,"1.10%",-250,1.1,0
2026-06-16,2025-04-01,"1.35%",-225,1.35,0
2026-06-16,2025-04-01,"1.60%",-200,1.6,0
2026-06-16,2025-04-01,"1.85%",-175,1.85,0
2026-06-16,2025-04-01,"2.10%",-150,2.1,0
2026-06-16,2025-04-01,"2.35%",-125,2.35,0.0286514300690927
2026-06-16,2025-04-01,"2.60%",-100,2.6,0.0716914955374685
2026-06-16,2025-04-01,"2.85%",-75,2.85,0.135921964307447
2026-06-16,2025-04-01,"3.10%",-50,3.1,0.19528241602587
2026-06-16,2025-04-01,"3.35%",-25,3.35,0.212626594052297
2026-06-16,2025-04-01,"3.60%",0,3.6,0.175452660161122
2026-06-16,2025-04-01,"3.85%",25,3.85,0.10971715174408
2026-06-16,2025-04-01,"4.10%",50,4.1,0.051990429664026
2026-06-16,2025-04-01,"4.35%",75,4.35,0.0186658584385975
2026-06-16,2025-04-01,"4.60%",100,4.6,0
2026-06-16,2025-04-01,"4.85%",125,4.85,0
2026-06-16,2025-04-01,"5.10%",150,5.1,0
2026-06-16,2025-04-01,"5.35%",175,5.35,0
2026-06-16,2025-04-01,"5.60%",200,5.6,0
2026-06-16,2025-04-01,"5.85%",225,5.85,0
2026-06-16,2025-04-01,"6.10%",250,6.1,0
2026-06-16,2025-04-02,"0.10%",-300,0.1,0
2026-06-16,2025-04-02,"0.35%",-300,0.35,0
2026-06-16,2025-04-02,"0.60%",-300,0.6,0
2026-06-16,2025-04-02,"0.85%",-275,0.85,0
2026-06-16,2025-04-02,"1.10%",-250,1.1,0
2026-06-16,2025-04-02,"1.35%",-225,1.35,0
2026-06-16,2025-04-02,"1.60%",-200,1.6,0
2026-06-16,2025-04-02,"1.85%",-175,1.85,0
2026-06-16,2025-04-02,"2.10%",-150,2.1,0.012555220504707
2026-06-16,2025-04-02,"2.35%",-125,2.35,0.0352590706801035
2026-06-16,2025-04-02,"2.60%",-100,2.6,0.0778263107767413
2026-06-16,2025-04-02,"2.85%",-75,2.85,0.135030285684308
2026-06-16,2025-04-02,"3.10%",-50,3.1,0.18416781211093
2026-06-16,2025-04-02,"3.35%",-25,3.35,0.197465157049045
2026-06-16,2025-04-02,"3.60%",0,3.6,0.16644284769638
2026-06-16,2025-04-02,"3.85%",25,3.85,0.110288094500442
2026-06-16,2025-04-02,"4.10%",50,4.1,0.0574459395706191
2026-06-16,2025-04-02,"4.35%",75,4.35,0.023519261426723
2026-06-16,2025-04-02,"4.60%",100,4.6,0
2026-06-16,2025-04-02,"4.85%",125,4.85,0
2026-06-16,2025-04-02,"5.10%",150,5.1,0
2026-06-16,2025-04-02,"5.35%",175,5.35,0
2026-06-16,2025-04-02,"5.60%",200,5.6,0
2026-06-16,2025-04-02,"5.85%",225,5.85,0
2026-06-16,2025-04-02,"6.10%",250,6.1,0
2026-06-16,2025-04-03,"0.10%",-300,0.1,0
2026-06-16,2025-04-03,"0.35%",-300,0.35,0
2026-06-16,2025-04-03,"0.60%",-300,0.6,0
2026-06-16,2025-04-03,"0.85%",-275,0.85,0
2026-06-16,2025-04-03,"1.10%",-250,1.1,0
2026-06-16,2025-04-03,"1.35%",-225,1.35,0
2026-06-16,2025-04-03,"1.60%",-200,1.6,0
2026-06-16,2025-04-03,"1.85%",-175,1.85,0
2026-06-16,2025-04-03,"2.10%",-150,2.1,0.0245661439355367
2026-06-16,2025-04-03,"2.35%",-125,2.35,0.059747544748926
2026-06-16,2025-04-03,"2.60%",-100,2.6,0.113879746179091
2026-06-16,2025-04-03,"2.85%",-75,2.85,0.170118193903762
2026-06-16,2025-04-03,"3.10%",-50,3.1,0.199184155925087
2026-06-16,2025-04-03,"3.35%",-25,3.35,0.182796247223545
2026-06-16,2025-04-03,"3.60%",0,3.6,0.1314871994554
2026-06-16,2025-04-03,"3.85%",25,3.85,0.0741285198415024
2026-06-16,2025-04-03,"4.10%",50,4.1,0.0327523127582968
2026-06-16,2025-04-03,"4.35%",75,4.35,0.0113399360288522
2026-06-16,2025-04-03,"4.60%",100,4.6,0
2026-06-16,2025-04-03,"4.85%",125,4.85,0
2026-06-16,2025-04-03,"5.10%",150,5.1,0
2026-06-16,2025-04-03,"5.35%",175,5.35,0
2026-06-16,2025-04-03,"5.60%",200,5.6,0
2026-06-16,2025-04-03,"5.85%",225,5.85,0
2026-06-16,2025-04-03,"6.10%",250,6.1,0
2026-06-16,2025-04-04,"0.10%",-300,0.1,0
2026-06-16,2025-04-04,"0.35%",-300,0.35,0
2026-06-16,2025-04-04,"0.60%",-300,0.6,0
2026-06-16,2025-04-04,"0.85%",-275,0.85,0
2026-06-16,2025-04-04,"1.10%",-250,1.1,0
2026-06-16,2025-04-04,"1.35%",-225,1.35,0
2026-06-16,2025-04-04,"1.60%",-200,1.6,0
2026-06-16,2025-04-04,"1.85%",-175,1.85,0.0175998765623538
2026-06-16,2025-04-04,"2.10%",-150,2.1,0.0459280733883291
2026-06-16,2025-04-04,"2.35%",-125,2.35,0.0942182850381097
2026-06-16,2025-04-04,"2.60%",-100,2.6,0.151955758952392
2026-06-16,2025-04-04,"2.85%",-75,2.85,0.192685521068897
2026-06-16,2025-04-04,"3.10%",-50,3.1,0.19210714464323
2026-06-16,2025-04-04,"3.35%",-25,3.35,0.150591448183798
2026-06-16,2025-04-04,"3.60%",0,3.6,0.0928125224882678
2026-06-16,2025-04-04,"3.85%",25,3.85,0.0449714683210406
2026-06-16,2025-04-04,"4.10%",50,4.1,0.0171299013535817
2026-06-16,2025-04-04,"4.35%",75,4.35,0
2026-06-16,2025-04-04,"4.60%",100,4.6,0
2026-06-16,2025-04-04,"4.85%",125,4.85,0
2026-06-16,2025-04-04,"5.10%",150,5.1,0
2026-06-16,2025-04-04,"5.35%",175,5.35,0
2026-06-16,2025-04-04,"5.60%",200,5.6,0
2026-06-16,2025-04-04,"5.85%",225,5.85,0
2026-06-16,2025-04-04,"6.10%",250,6.1,0
2026-06-16,2025-04-07,"0.10%",-300,0.1,0
2026-06-16,2025-04-07,"0.35%",-300,0.35,0
2026-06-16,2025-04-07,"0.60%",-300,0.6,0
2026-06-16,2025-04-07,"0.85%",-275,0.85,0
2026-06-16,2025-04-07,"1.10%",-250,1.1,0
2026-06-16,2025-04-07,"1.35%",-225,1.35,0
2026-06-16,2025-04-07,"1.60%",-200,1.6,0.0111750408815976
2026-06-16,2025-04-07,"1.85%",-175,1.85,0.0319406044199748
2026-06-16,2025-04-07,"2.10%",-150,2.1,0.0719591557068732
2026-06-16,2025-04-07,"2.35%",-125,2.35,0.1277960591444
2026-06-16,2025-04-07,"2.60%",-100,2.6,0.178922953851319
2026-06-16,2025-04-07,"2.85%",-75,2.85,0.197491759550964
2026-06-16,2025-04-07,"3.10%",-50,3.1,0.1718586076807
2026-06-16,2025-04-07,"3.35%",-25,3.35,0.11790327238049
2026-06-16,2025-04-07,"3.60%",0,3.6,0.0637666433554948
2026-06-16,2025-04-07,"3.85%",25,3.85,0.0271859030281863
2026-06-16,2025-04-07,"4.10%",50,4.1,0
2026-06-16,2025-04-07,"4.35%",75,4.35,0
2026-06-16,2025-04-07,"4.60%",100,4.6,0
2026-06-16,2025-04-07,"4.85%",125,4.85,0
2026-06-16,2025-04-07,"5.10%",150,5.1,0
2026-06-16,2025-04-07,"5.35%",175,5.35,0
2026-06-16,2025-04-07,"5.60%",200,5.6,0
2026-06-16,2025-04-07,"5.85%",225,5.85,0
2026-06-16,2025-04-07,"6.10%",250,6.1,0
2026-06-16,2025-04-08,"0.10%",-300,0.1,0
2026-06-16,2025-04-08,"0.35%",-300,0.35,0
2026-06-16,2025-04-08,"0.60%",-300,0.6,0
2026-06-16,2025-04-08,"0.85%",-275,0.85,0
2026-06-16,2025-04-08,"1.10%",-250,1.1,0
2026-06-16,2025-04-08,"1.35%",-225,1.35,0
2026-06-16,2025-04-08,"1.60%",-200,1.6,0
2026-06-16,2025-04-08,"1.85%",-175,1.85,0.026713517608771
2026-06-16,2025-04-08,"2.10%",-150,2.1,0.0616231607645376
2026-06-16,2025-04-08,"2.35%",-125,2.35,0.113208473291327
2026-06-16,2025-04-08,"2.60%",-100,2.6,0.165638957217859
2026-06-16,2025-04-08,"2.85%",-75,2.85,0.193024097997563
2026-06-16,2025-04-08,"3.10%",-50,3.1,0.179156647382493
2026-06-16,2025-04-08,"3.35%",-25,3.35,0.132441266396094
2026-06-16,2025-04-08,"3.60%",0,3.6,0.0779774900806174
2026-06-16,2025-04-08,"3.85%",25,3.85,0.0365634733308514
2026-06-16,2025-04-08,"4.10%",50,4.1,0.0136529159298867
2026-06-16,2025-04-08,"4.35%",75,4.35,0
2026-06-16,2025-04-08,"4.60%",100,4.6,0
2026-06-16,2025-04-08,"4.85%",125,4.85,0
2026-06-16,2025-04-08,"5.10%",150,5.1,0
2026-06-16,2025-04-08,"5.35%",175,5.35,0
2026-06-16,2025-04-08,"5.60%",200,5.6,0
2026-06-16,2025-04-08,"5.85%",225,5.85,0
2026-06-16,2025-04-08,"6.10%",250,6.1,0
2026-06-16,2025-04-09,"0.10%",-300,0.1,0
2026-06-16,2025-04-09,"0.35%",-300,0.35,0
2026-06-16,2025-04-09,"0.60%",-300,0.6,0
2026-06-16,2025-04-09,"0.85%",-275,0.85,0
2026-06-16,2025-04-09,"1.10%",-250,1.1,0
2026-06-16,2025-04-09,"1.35%",-225,1.35,0
2026-06-16,2025-04-09,"1.60%",-200,1.6,0.0142819876550913
2026-06-16,2025-04-09,"1.85%",-175,1.85,0.0404658760115822
2026-06-16,2025-04-09,"2.10%",-150,2.1,0.088641596276084
2026-06-16,2025-04-09,"2.35%",-125,2.35,0.150135419820403
2026-06-16,2025-04-09,"2.60%",-100,2.6,0.196634319678415
2026-06-16,2025-04-09,"2.85%",-75,2.85,0.199151475394317
2026-06-16,2025-04-09,"3.10%",-50,3.1,0.155975582727981
2026-06-16,2025-04-09,"3.35%",-25,3.35,0.0944632166095668
2026-06-16,2025-04-09,"3.60%",0,3.6,0.044235387010608
2026-06-16,2025-04-09,"3.85%",25,3.85,0.0160151388159516
2026-06-16,2025-04-09,"4.10%",50,4.1,0
2026-06-16,2025-04-09,"4.35%",75,4.35,0
2026-06-16,2025-04-09,"4.60%",100,4.6,0
2026-06-16,2025-04-09,"4.85%",125,4.85,0
2026-06-16,2025-04-09,"5.10%",150,5.1,0
2026-06-16,2025-04-09,"5.35%",175,5.35,0
2026-06-16,2025-04-09,"5.60%",200,5.6,0
2026-06-16,2025-04-09,"5.85%",225,5.85,0
2026-06-16,2025-04-09,"6.10%",250,6.1,0
2026-06-16,2025-04-10,"0.10%",-300,0.1,0
2026-06-16,2025-04-10,"0.35%",-300,0.35,0
2026-06-16,2025-04-10,"0.60%",-300,0.6,0
2026-06-16,2025-04-10,"0.85%",-275,0.85,0
2026-06-16,2025-04-10,"1.10%",-250,1.1,0
2026-06-16,2025-04-10,"1.35%",-225,1.35,0
2026-06-16,2025-04-10,"1.60%",-200,1.6,0
2026-06-16,2025-04-10,"1.85%",-175,1.85,0.0274803433894016
2026-06-16,2025-04-10,"2.10%",-150,2.1,0.0633041635050357
2026-06-16,2025-04-10,"2.35%",-125,2.35,0.115832269517382
2026-06-16,2025-04-10,"2.60%",-100,2.6,0.168360930141583
2026-06-16,2025-04-10,"2.85%",-75,2.85,0.194394837498189
2026-06-16,2025-04-10,"3.10%",-50,3.1,0.178306212793623
2026-06-16,2025-04-10,"3.35%",-25,3.35,0.129921954510173
2026-06-16,2025-04-10,"3.60%",0,3.6,0.075200084531116
2026-06-16,2025-04-10,"3.85%",25,3.85,0.0345739499640425
2026-06-16,2025-04-10,"4.10%",50,4.1,0.0126252541494542
2026-06-16,2025-04-10,"4.35%",75,4.35,0
2026-06-16,2025-04-10,"4.60%",100,4.6,0
2026-06-16,2025-04-10,"4.85%",125,4.85,0
2026-06-16,2025-04-10,"5.10%",150,5.1,0
2026-06-16,2025-04-10,"5.35%",175,5.35,0
2026-06-16,2025-04-10,"5.60%",200,5.6,0
2026-06-16,2025-04-10,"5.85%",225,5.85,0
2026-06-16,2025-04-10,"6.10%",250,6.1,0
2026-06-16,2025-04-11,"0.10%",-300,0.1,0
2026-06-16,2025-04-11,"0.35%",-300,0.35,0
2026-06-16,2025-04-11,"0.60%",-300,0.6,0
2026-06-16,2025-04-11,"0.85%",-275,0.85,0
2026-06-16,2025-04-11,"1.10%",-250,1.1,0
2026-06-16,2025-04-11,"1.35%",-225,1.35,0
2026-06-16,2025-04-11,"1.60%",-200,1.6,0
2026-06-16,2025-04-11,"1.85%",-175,1.85,0.0304261140018032
2026-06-16,2025-04-11,"2.10%",-150,2.1,0.071347598067798
2026-06-16,2025-04-11,"2.35%",-125,2.35,0.130179105137081
2026-06-16,2025-04-11,"2.60%",-100,2.6,0.184827910041315
2026-06-16,2025-04-11,"2.85%",-75,2.85,0.204211004709607
2026-06-16,2025-04-11,"3.10%",-50,3.1,0.175582841102292
2026-06-16,2025-04-11,"3.35%",-25,3.35,0.117480890937867
2026-06-16,2025-04-11,"3.60%",0,3.6,0.0611660805736505
2026-06-16,2025-04-11,"3.85%",25,3.85,0.0247784554285875
2026-06-16,2025-04-11,"4.10%",50,4.1,0
2026-06-16,2025-04-11,"4.35%",75,4.35,0
2026-06-16,2025-04-11,"4.60%",100,4.6,0
2026-06-16,2025-04-11,"4.85%",125,4.85,0
2026-06-16,2025-04-11,"5.10%",150,5.1,0
2026-06-16,2025-04-11,"5.35%",175,5.35,0
2026-06-16,2025-04-11,"5.60%",200,5.6,0
2026-06-16,2025-04-11,"5.85%",225,5.85,0
2026-06-16,2025-04-11,"6.10%",250,6.1,0
2026-06-16,2025-04-14,"0.10%",-300,0.1,0
2026-06-16,2025-04-14,"0.35%",-300,0.35,0
2026-06-16,2025-04-14,"0.60%",-300,0.6,0
2026-06-16,2025-04-14,"0.85%",-275,0.85,0
2026-06-16,2025-04-14,"1.10%",-250,1.1,0
2026-06-16,2025-04-14,"1.35%",-225,1.35,0
2026-06-16,2025-04-14,"1.60%",-200,1.6,0.0105321194721883
2026-06-16,2025-04-14,"1.85%",-175,1.85,0.0288858753613995
2026-06-16,2025-04-14,"2.10%",-150,2.1,0.0637816550754821
2026-06-16,2025-04-14,"2.35%",-125,2.35,0.113390235500765
2026-06-16,2025-04-14,"2.60%",-100,2.6,0.162310575206019
2026-06-16,2025-04-14,"2.85%",-75,2.85,0.187078117991829
2026-06-16,2025-04-14,"3.10%",-50,3.1,0.173623964068472
2026-06-16,2025-04-14,"3.35%",-25,3.35,0.129748981426359
2026-06-16,2025-04-14,"3.60%",0,3.6,0.0780718861763814
2026-06-16,2025-04-14,"3.85%",25,3.85,0.0378235746086414
2026-06-16,2025-04-14,"4.10%",50,4.1,0.0147530151124634
2026-06-16,2025-04-14,"4.35%",75,4.35,0
2026-06-16,2025-04-14,"4.60%",100,4.6,0
2026-06-16,2025-04-14,"4.85%",125,4.85,0
2026-06-16,2025-04-14,"5.10%",150,5.1,0
2026-06-16,2025-04-14,"5.35%",175,5.35,0
2026-06-16,2025-04-14,"5.60%",200,5.6,0
2026-06-16,2025-04-14,"5.85%",225,5.85,0
2026-06-16,2025-04-14,"6.10%",250,6.1,0
2026-06-16,2025-04-15,"0.10%",-300,0.1,0
2026-06-16,2025-04-15,"0.35%",-300,0.35,0
2026-06-16,2025-04-15,"0.60%",-300,0.6,0
2026-06-16,2025-04-15,"0.85%",-275,0.85,0
2026-06-16,2025-04-15,"1.10%",-250,1.1,0
2026-06-16,2025-04-15,"1.35%",-225,1.35,0
2026-06-16,2025-04-15,"1.60%",-200,1.6,0.0112497117548349
2026-06-16,2025-04-15,"1.85%",-175,1.85,0.0308667083489339
2026-06-16,2025-04-15,"2.10%",-150,2.1,0.0678141986863909
2026-06-16,2025-04-15,"2.35%",-125,2.35,0.119306352584747
2026-06-16,2025-04-15,"2.60%",-100,2.6,0.16809007899585
2026-06-16,2025-04-15,"2.85%",-75,2.85,0.189657636323171
2026-06-16,2025-04-15,"3.10%",-50,3.1,0.171377323126433
2026-06-16,2025-04-15,"3.35%",-25,3.35,0.124018627694315
2026-06-16,2025-04-15,"3.60%",0,3.6,0.0718716569966154
2026-06-16,2025-04-15,"3.85%",25,3.85,0.0333536488798132
2026-06-16,2025-04-15,"4.10%",50,4.1,0.0123940566088958
2026-06-16,2025-04-15,"4.35%",75,4.35,0
2026-06-16,2025-04-15,"4.60%",100,4.6,0
2026-06-16,2025-04-15,"4.85%",125,4.85,0
2026-06-16,2025-04-15,"5.10%",150,5.1,0
2026-06-16,2025-04-15,"5.35%",175,5.35,0
2026-06-16,2025-04-15,"5.60%",200,5.6,0
2026-06-16,2025-04-15,"5.85%",225,5.85,0
2026-06-16,2025-04-15,"6.10%",250,6.1,0
2026-06-16,2025-04-16,"0.10%",-300,0.1,0
2026-06-16,2025-04-16,"0.35%",-300,0.35,0
2026-06-16,2025-04-16,"0.60%",-300,0.6,0
2026-06-16,2025-04-16,"0.85%",-275,0.85,0
2026-06-16,2025-04-16,"1.10%",-250,1.1,0
2026-06-16,2025-04-16,"1.35%",-225,1.35,0
2026-06-16,2025-04-16,"1.60%",-200,1.6,0
2026-06-16,2025-04-16,"1.85%",-175,1.85,0.0227152039431638
2026-06-16,2025-04-16,"2.10%",-150,2.1,0.0586712891561768
2026-06-16,2025-04-16,"2.35%",-125,2.35,0.116469339602164
2026-06-16,2025-04-16,"2.60%",-100,2.6,0.177713631218702
2026-06-16,2025-04-16,"2.85%",-75,2.85,0.208440514777266
2026-06-16,2025-04-16,"3.10%",-50,3.1,0.18793468099954
2026-06-16,2025-04-16,"3.35%",-25,3.35,0.130253045736248
2026-06-16,2025-04-16,"3.60%",0,3.6,0.0693904409039001
2026-06-16,2025-04-16,"3.85%",25,3.85,0.0284118536628386
2026-06-16,2025-04-16,"4.10%",50,4.1,0
2026-06-16,2025-04-16,"4.35%",75,4.35,0
2026-06-16,2025-04-16,"4.60%",100,4.6,0
2026-06-16,2025-04-16,"4.85%",125,4.85,0
2026-06-16,2025-04-16,"5.10%",150,5.1,0
2026-06-16,2025-04-16,"5.35%",175,5.35,0
2026-06-16,2025-04-16,"5.60%",200,5.6,0
2026-06-16,2025-04-16,"5.85%",225,5.85,0
2026-06-16,2025-04-16,"6.10%",250,6.1,0
2026-06-16,2025-04-17,"0.10%",-300,0.1,0
2026-06-16,2025-04-17,"0.35%",-300,0.35,0
2026-06-16,2025-04-17,"0.60%",-300,0.6,0
2026-06-16,2025-04-17,"0.85%",-275,0.85,0
2026-06-16,2025-04-17,"1.10%",-250,1.1,0
2026-06-16,2025-04-17,"1.35%",-225,1.35,0
2026-06-16,2025-04-17,"1.60%",-200,1.6,0
2026-06-16,2025-04-17,"1.85%",-175,1.85,0.020497335087997
2026-06-16,2025-04-17,"2.10%",-150,2.1,0.0559245690781077
2026-06-16,2025-04-17,"2.35%",-125,2.35,0.115489163448143
2026-06-16,2025-04-17,"2.60%",-100,2.6,0.180538944258624
2026-06-16,2025-04-17,"2.85%",-75,2.85,0.213662426029295
2026-06-16,2025-04-17,"3.10%",-50,3.1,0.191437480197997
2026-06-16,2025-04-17,"3.35%",-25,3.35,0.129854864548633
2026-06-16,2025-04-17,"3.60%",0,3.6,0.0666791513411794
2026-06-16,2025-04-17,"3.85%",25,3.85,0.0259160660100241
2026-06-16,2025-04-17,"4.10%",50,4.1,0
2026-06-16,2025-04-17,"4.35%",75,4.35,0
2026-06-16,2025-04-17,"4.60%",100,4.6,0
2026-06-16,2025-04-17,"4.85%",125,4.85,0
2026-06-16,2025-04-17,"5.10%",150,5.1,0
2026-06-16,2025-04-17,"5.35%",175,5.35,0
2026-06-16,2025-04-17,"5.60%",200,5.6,0
2026-06-16,2025-04-17,"5.85%",225,5.85,0
2026-06-16,2025-04-17,"6.10%",250,6.1,0
2026-06-16,2025-04-22,"0.10%",-300,0.1,0
2026-06-16,2025-04-22,"0.35%",-300,0.35,0
2026-06-16,2025-04-22,"0.60%",-300,0.6,0
2026-06-16,2025-04-22,"0.85%",-275,0.85,0
2026-06-16,2025-04-22,"1.10%",-250,1.1,0
2026-06-16,2025-04-22,"1.35%",-225,1.35,0
2026-06-16,2025-04-22,"1.60%",-200,1.6,0.0109219141126047
2026-06-16,2025-04-22,"1.85%",-175,1.85,0.0321503145160422
2026-06-16,2025-04-22,"2.10%",-150,2.1,0.0737997063866686
2026-06-16,2025-04-22,"2.35%",-125,2.35,0.132115313043544
2026-06-16,2025-04-22,"2.60%",-100,2.6,0.184465047285072
2026-06-16,2025-04-22,"2.85%",-75,2.85,0.200889324836749
2026-06-16,2025-04-22,"3.10%",-50,3.1,0.170642215986713
2026-06-16,2025-04-22,"3.35%",-25,3.35,0.113055940812221
2026-06-16,2025-04-22,"3.60%",0,3.6,0.0584189459757419
2026-06-16,2025-04-22,"3.85%",25,3.85,0.0235412770446446
2026-06-16,2025-04-22,"4.10%",50,4.1,0
2026-06-16,2025-04-22,"4.35%",75,4.35,0
2026-06-16,2025-04-22,"4.60%",100,4.6,0
2026-06-16,2025-04-22,"4.85%",125,4.85,0
2026-06-16,2025-04-22,"5.10%",150,5.1,0
2026-06-16,2025-04-22,"5.35%",175,5.35,0
2026-06-16,2025-04-22,"5.60%",200,5.6,0
2026-06-16,2025-04-22,"5.85%",225,5.85,0
2026-06-16,2025-04-22,"6.10%",250,6.1,0
2026-06-16,2025-04-23,"0.10%",-300,0.1,0
2026-06-16,2025-04-23,"0.35%",-300,0.35,0
2026-06-16,2025-04-23,"0.60%",-300,0.6,0
2026-06-16,2025-04-23,"0.85%",-275,0.85,0
2026-06-16,2025-04-23,"1.10%",-250,1.1,0
2026-06-16,2025-04-23,"1.35%",-225,1.35,0
2026-06-16,2025-04-23,"1.60%",-200,1.6,0.011403777912326
2026-06-16,2025-04-23,"1.85%",-175,1.85,0.0305884489401675
2026-06-16,2025-04-23,"2.10%",-150,2.1,0.0662348178197379
2026-06-16,2025-04-23,"2.35%",-125,2.35,0.115787807359521
2026-06-16,2025-04-23,"2.60%",-100,2.6,0.163420742964508
2026-06-16,2025-04-23,"2.85%",-75,2.85,0.186222478282161
2026-06-16,2025-04-23,"3.10%",-50,3.1,0.171333564247411
2026-06-16,2025-04-23,"3.35%",-25,3.35,0.127272660616084
2026-06-16,2025-04-23,"3.60%",0,3.6,0.076330680657802
2026-06-16,2025-04-23,"3.85%",25,3.85,0.0369586290278092
2026-06-16,2025-04-23,"4.10%",50,4.1,0.0144463921724728
2026-06-16,2025-04-23,"4.35%",75,4.35,0
2026-06-16,2025-04-23,"4.60%",100,4.6,0
2026-06-16,2025-04-23,"4.85%",125,4.85,0
2026-06-16,2025-04-23,"5.10%",150,5.1,0
2026-06-16,2025-04-23,"5.35%",175,5.35,0
2026-06-16,2025-04-23,"5.60%",200,5.6,0
2026-06-16,2025-04-23,"5.85%",225,5.85,0
2026-06-16,2025-04-23,"6.10%",250,6.1,0
2026-06-16,2025-04-25,"0.10%",-300,0.1,0
2026-06-16,2025-04-25,"0.35%",-300,0.35,0
2026-06-16,2025-04-25,"0.60%",-300,0.6,0
2026-06-16,2025-04-25,"0.85%",-275,0.85,0
2026-06-16,2025-04-25,"1.10%",-250,1.1,0
2026-06-16,2025-04-25,"1.35%",-225,1.35,0
2026-06-16,2025-04-25,"1.60%",-200,1.6,0.0162359431953112
2026-06-16,2025-04-25,"1.85%",-175,1.85,0.0376089038494879
2026-06-16,2025-04-25,"2.10%",-150,2.1,0.0725436211686748
2026-06-16,2025-04-25,"2.35%",-125,2.35,0.116524665420869
2026-06-16,2025-04-25,"2.60%",-100,2.6,0.155868136529716
2026-06-16,2025-04-25,"2.85%",-75,2.85,0.173629833893814
2026-06-16,2025-04-25,"3.10%",-50,3.1,0.161072492092816
2026-06-16,2025-04-25,"3.35%",-25,3.35,0.124436186297247
2026-06-16,2025-04-25,"3.60%",0,3.6,0.0800560864013823
2026-06-16,2025-04-25,"3.85%",25,3.85,0.04288982989416
2026-06-16,2025-04-25,"4.10%",50,4.1,0.0191343012565217
2026-06-16,2025-04-25,"4.35%",75,4.35,0
2026-06-16,2025-04-25,"4.60%",100,4.6,0
2026-06-16,2025-04-25,"4.85%",125,4.85,0
2026-06-16,2025-04-25,"5.10%",150,5.1,0
2026-06-16,2025-04-25,"5.35%",175,5.35,0
2026-06-16,2025-04-25,"5.60%",200,5.6,0
2026-06-16,2025-04-25,"5.85%",225,5.85,0
2026-06-16,2025-04-25,"6.10%",250,6.1,0
2026-06-16,2025-04-28,"0.10%",-300,0.1,0
2026-06-16,2025-04-28,"0.35%",-300,0.35,0
2026-06-16,2025-04-28,"0.60%",-300,0.6,0
2026-06-16,2025-04-28,"0.85%",-275,0.85,0
2026-06-16,2025-04-28,"1.10%",-250,1.1,0
2026-06-16,2025-04-28,"1.35%",-225,1.35,0
2026-06-16,2025-04-28,"1.60%",-200,1.6,0.0131132315883748
2026-06-16,2025-04-28,"1.85%",-175,1.85,0.0346932047052379
2026-06-16,2025-04-28,"2.10%",-150,2.1,0.0736688171718289
2026-06-16,2025-04-28,"2.35%",-125,2.35,0.125561534166885
2026-06-16,2025-04-28,"2.60%",-100,2.6,0.171784592920454
2026-06-16,2025-04-28,"2.85%",-75,2.85,0.188659658347179
2026-06-16,2025-04-28,"3.10%",-50,3.1,0.166320160463236
2026-06-16,2025-04-28,"3.35%",-25,3.35,0.117700059503898
2026-06-16,2025-04-28,"3.60%",0,3.6,0.066859107780551
2026-06-16,2025-04-28,"3.85%",25,3.85,0.0304841664702647
2026-06-16,2025-04-28,"4.10%",50,4.1,0.0111554668820911
2026-06-16,2025-04-28,"4.35%",75,4.35,0
2026-06-16,2025-04-28,"4.60%",100,4.6,0
2026-06-16,2025-04-28,"4.85%",125,4.85,0
2026-06-16,2025-04-28,"5.10%",150,5.1,0
2026-06-16,2025-04-28,"5.35%",175,5.35,0
2026-06-16,2025-04-28,"5.60%",200,5.6,0
2026-06-16,2025-04-28,"5.85%",225,5.85,0
2026-06-16,2025-04-28,"6.10%",250,6.1,0
2026-06-16,2025-04-29,"0.10%",-300,0.1,0
2026-06-16,2025-04-29,"0.35%",-300,0.35,0
2026-06-16,2025-04-29,"0.60%",-300,0.6,0
2026-06-16,2025-04-29,"0.85%",-275,0.85,0
2026-06-16,2025-04-29,"1.10%",-250,1.1,0
2026-06-16,2025-04-29,"1.35%",-225,1.35,0
2026-06-16,2025-04-29,"1.60%",-200,1.6,0.0134461527005075
2026-06-16,2025-04-29,"1.85%",-175,1.85,0.034795827871425
2026-06-16,2025-04-29,"2.10%",-150,2.1,0.0727848013530266
2026-06-16,2025-04-29,"2.35%",-125,2.35,0.123073466473901
2026-06-16,2025-04-29,"2.60%",-100,2.6,0.168235306279747
2026-06-16,2025-04-29,"2.85%",-75,2.85,0.185913173950446
2026-06-16,2025-04-29,"3.10%",-50,3.1,0.166091400957034
2026-06-16,2025-04-29,"3.35%",-25,3.35,0.119956552537024
2026-06-16,2025-04-29,"3.60%",0,3.6,0.0700372131870015
2026-06-16,2025-04-29,"3.85%",25,3.85,0.0330554124710544
2026-06-16,2025-04-29,"4.10%",50,4.1,0.0126106922188324
2026-06-16,2025-04-29,"4.35%",75,4.35,0
2026-06-16,2025-04-29,"4.60%",100,4.6,0
2026-06-16,2025-04-29,"4.85%",125,4.85,0
2026-06-16,2025-04-29,"5.10%",150,5.1,0
2026-06-16,2025-04-29,"5.35%",175,5.35,0
2026-06-16,2025-04-29,"5.60%",200,5.6,0
2026-06-16,2025-04-29,"5.85%",225,5.85,0
2026-06-16,2025-04-29,"6.10%",250,6.1,0
2026-06-16,2025-04-30,"0.10%",-300,0.1,0
2026-06-16,2025-04-30,"0.35%",-300,0.35,0
2026-06-16,2025-04-30,"0.60%",-300,0.6,0
2026-06-16,2025-04-30,"0.85%",-275,0.85,0
2026-06-16,2025-04-30,"1.10%",-250,1.1,0
2026-06-16,2025-04-30,"1.35%",-225,1.35,0
2026-06-16,2025-04-30,"1.60%",-200,1.6,0.0139085384471245
2026-06-16,2025-04-30,"1.85%",-175,1.85,0.0354083364579787
2026-06-16,2025-04-30,"2.10%",-150,2.1,0.0731523568899836
2026-06-16,2025-04-30,"2.35%",-125,2.35,0.122651793611002
2026-06-16,2025-04-30,"2.60%",-100,2.6,0.166901302210824
2026-06-16,2025-04-30,"2.85%",-75,2.85,0.184330135366633
2026-06-16,2025-04-30,"3.10%",-50,3.1,0.165229344734007
2026-06-16,2025-04-30,"3.35%",-25,3.35,0.120206642656801
2026-06-16,2025-04-30,"3.60%",0,3.6,0.0709756387758195
2026-06-16,2025-04-30,"3.85%",25,3.85,0.0340104142260632
2026-06-16,2025-04-30,"4.10%",50,4.1,0.0132254966237639
2026-06-16,2025-04-30,"4.35%",75,4.35,0
2026-06-16,2025-04-30,"4.60%",100,4.6,0
2026-06-16,2025-04-30,"4.85%",125,4.85,0
2026-06-16,2025-04-30,"5.10%",150,5.1,0
2026-06-16,2025-04-30,"5.35%",175,5.35,0
2026-06-16,2025-04-30,"5.60%",200,5.6,0
2026-06-16,2025-04-30,"5.85%",225,5.85,0
2026-06-16,2025-04-30,"6.10%",250,6.1,0
2026-06-16,2025-05-01,"0.10%",-300,0.1,0
2026-06-16,2025-05-01,"0.35%",-300,0.35,0
2026-06-16,2025-05-01,"0.60%",-300,0.6,0
2026-06-16,2025-05-01,"0.85%",-275,0.85,0
2026-06-16,2025-05-01,"1.10%",-250,1.1,0
2026-06-16,2025-05-01,"1.35%",-225,1.35,0
2026-06-16,2025-05-01,"1.60%",-200,1.6,0
2026-06-16,2025-05-01,"1.85%",-175,1.85,0.0279946323252758
2026-06-16,2025-05-01,"2.10%",-150,2.1,0.0671650691036788
2026-06-16,2025-05-01,"2.35%",-125,2.35,0.125266831093658
2026-06-16,2025-05-01,"2.60%",-100,2.6,0.181630824364953
2026-06-16,2025-05-01,"2.85%",-75,2.85,0.204751130201499
2026-06-16,2025-05-01,"3.10%",-50,3.1,0.179454216225256
2026-06-16,2025-05-01,"3.35%",-25,3.35,0.12228229523035
2026-06-16,2025-05-01,"3.60%",0,3.6,0.0647787986345804
2026-06-16,2025-05-01,"3.85%",25,3.85,0.0266762028207491
2026-06-16,2025-05-01,"4.10%",50,4.1,0
2026-06-16,2025-05-01,"4.35%",75,4.35,0
2026-06-16,2025-05-01,"4.60%",100,4.6,0
2026-06-16,2025-05-01,"4.85%",125,4.85,0
2026-06-16,2025-05-01,"5.10%",150,5.1,0
2026-06-16,2025-05-01,"5.35%",175,5.35,0
2026-06-16,2025-05-01,"5.60%",200,5.6,0
2026-06-16,2025-05-01,"5.85%",225,5.85,0
2026-06-16,2025-05-01,"6.10%",250,6.1,0
2026-06-16,2025-05-02,"0.10%",-300,0.1,0
2026-06-16,2025-05-02,"0.35%",-300,0.35,0
2026-06-16,2025-05-02,"0.60%",-300,0.6,0
2026-06-16,2025-05-02,"0.85%",-275,0.85,0
2026-06-16,2025-05-02,"1.10%",-250,1.1,0
2026-06-16,2025-05-02,"1.35%",-225,1.35,0
2026-06-16,2025-05-02,"1.60%",-200,1.6,0.0114641909675539
2026-06-16,2025-05-02,"1.85%",-175,1.85,0.0305090468026188
2026-06-16,2025-05-02,"2.10%",-150,2.1,0.0657256788788906
2026-06-16,2025-05-02,"2.35%",-125,2.35,0.11462752705485
2026-06-16,2025-05-02,"2.60%",-100,2.6,0.16184883445203
2026-06-16,2025-05-02,"2.85%",-75,2.85,0.185015990446464
2026-06-16,2025-05-02,"3.10%",-50,3.1,0.171235091190298
2026-06-16,2025-05-02,"3.35%",-25,3.35,0.128309059351343
2026-06-16,2025-05-02,"3.60%",0,3.6,0.077838178294161
2026-06-16,2025-05-02,"3.85%",25,3.85,0.0382279729521627
2026-06-16,2025-05-02,"4.10%",50,4.1,0.0151984296096284
2026-06-16,2025-05-02,"4.35%",75,4.35,0
2026-06-16,2025-05-02,"4.60%",100,4.6,0
2026-06-16,2025-05-02,"4.85%",125,4.85,0
2026-06-16,2025-05-02,"5.10%",150,5.1,0
2026-06-16,2025-05-02,"5.35%",175,5.35,0
2026-06-16,2025-05-02,"5.60%",200,5.6,0
2026-06-16,2025-05-02,"5.85%",225,5.85,0
2026-06-16,2025-05-02,"6.10%",250,6.1,0
2026-06-16,2025-05-05,"0.10%",-300,0.1,0
2026-06-16,2025-05-05,"0.35%",-300,0.35,0
2026-06-16,2025-05-05,"0.60%",-300,0.6,0
2026-06-16,2025-05-05,"0.85%",-275,0.85,0
2026-06-16,2025-05-05,"1.10%",-250,1.1,0
2026-06-16,2025-05-05,"1.35%",-225,1.35,0
2026-06-16,2025-05-05,"1.60%",-200,1.6,0.0106273553957799
2026-06-16,2025-05-05,"1.85%",-175,1.85,0.0272597455758477
2026-06-16,2025-05-05,"2.10%",-150,2.1,0.0577516521543344
2026-06-16,2025-05-05,"2.35%",-125,2.35,0.101058301323587
2026-06-16,2025-05-05,"2.60%",-100,2.6,0.146069299901778
2026-06-16,2025-05-05,"2.85%",-75,2.85,0.174395347978701
2026-06-16,2025-05-05,"3.10%",-50,3.1,0.171990518984672
2026-06-16,2025-05-05,"3.35%",-25,3.35,0.140109445524966
2026-06-16,2025-05-05,"3.60%",0,3.6,0.0942797066648777
2026-06-16,2025-05-05,"3.85%",25,3.85,0.0524018479300753
2026-06-16,2025-05-05,"4.10%",50,4.1,0.0240567785653813
2026-06-16,2025-05-05,"4.35%",75,4.35,0
2026-06-16,2025-05-05,"4.60%",100,4.6,0
2026-06-16,2025-05-05,"4.85%",125,4.85,0
2026-06-16,2025-05-05,"5.10%",150,5.1,0
2026-06-16,2025-05-05,"5.35%",175,5.35,0
2026-06-16,2025-05-05,"5.60%",200,5.6,0
2026-06-16,2025-05-05,"5.85%",225,5.85,0
2026-06-16,2025-05-05,"6.10%",250,6.1,0
2026-06-16,2025-05-06,"0.10%",-300,0.1,0
2026-06-16,2025-05-06,"0.35%",-300,0.35,0
2026-06-16,2025-05-06,"0.60%",-300,0.6,0
2026-06-16,2025-05-06,"0.85%",-275,0.85,0
2026-06-16,2025-05-06,"1.10%",-250,1.1,0
2026-06-16,2025-05-06,"1.35%",-225,1.35,0
2026-06-16,2025-05-06,"1.60%",-200,1.6,0
2026-06-16,2025-05-06,"1.85%",-175,1.85,0.020185047459276
2026-06-16,2025-05-06,"2.10%",-150,2.1,0.0484356991547519
2026-06-16,2025-05-06,"2.35%",-125,2.35,0.0936304475503773
2026-06-16,2025-05-06,"2.60%",-100,2.6,0.14581720302654
2026-06-16,2025-05-06,"2.85%",-75,2.85,0.182960479754833
2026-06-16,2025-05-06,"3.10%",-50,3.1,0.184957244881162
2026-06-16,2025-05-06,"3.35%",-25,3.35,0.150643830933442
2026-06-16,2025-05-06,"3.60%",0,3.6,0.0988529097732807
2026-06-16,2025-05-06,"3.85%",25,3.85,0.0522600398728696
2026-06-16,2025-05-06,"4.10%",50,4.1,0.0222570975934662
2026-06-16,2025-05-06,"4.35%",75,4.35,0
2026-06-16,2025-05-06,"4.60%",100,4.6,0
2026-06-16,2025-05-06,"4.85%",125,4.85,0
2026-06-16,2025-05-06,"5.10%",150,5.1,0
2026-06-16,2025-05-06,"5.35%",175,5.35,0
2026-06-16,2025-05-06,"5.60%",200,5.6,0
2026-06-16,2025-05-06,"5.85%",225,5.85,0
2026-06-16,2025-05-06,"6.10%",250,6.1,0
2026-06-16,2025-05-07,"0.10%",-300,0.1,0
2026-06-16,2025-05-07,"0.35%",-300,0.35,0
2026-06-16,2025-05-07,"0.60%",-300,0.6,0
2026-06-16,2025-05-07,"0.85%",-275,0.85,0
2026-06-16,2025-05-07,"1.10%",-250,1.1,0
2026-06-16,2025-05-07,"1.35%",-225,1.35,0
2026-06-16,2025-05-07,"1.60%",-200,1.6,0
2026-06-16,2025-05-07,"1.85%",-175,1.85,0.0245672377874677
2026-06-16,2025-05-07,"2.10%",-150,2.1,0.0573473540020341
2026-06-16,2025-05-07,"2.35%",-125,2.35,0.10700815099161
2026-06-16,2025-05-07,"2.60%",-100,2.6,0.159621935900084
2026-06-16,2025-05-07,"2.85%",-75,2.85,0.190351974880159
2026-06-16,2025-05-07,"3.10%",-50,3.1,0.181475834218475
2026-06-16,2025-05-07,"3.35%",-25,3.35,0.138316750651213
2026-06-16,2025-05-07,"3.60%",0,3.6,0.0842779154810703
2026-06-16,2025-05-07,"3.85%",25,3.85,0.0410501812470603
2026-06-16,2025-05-07,"4.10%",50,4.1,0.0159826648408273
2026-06-16,2025-05-07,"4.35%",75,4.35,0
2026-06-16,2025-05-07,"4.60%",100,4.6,0
2026-06-16,2025-05-07,"4.85%",125,4.85,0
2026-06-16,2025-05-07,"5.10%",150,5.1,0
2026-06-16,2025-05-07,"5.35%",175,5.35,0
2026-06-16,2025-05-07,"5.60%",200,5.6,0
2026-06-16,2025-05-07,"5.85%",225,5.85,0
2026-06-16,2025-05-07,"6.10%",250,6.1,0
2026-06-16,2025-05-08,"0.10%",-300,0.1,0
2026-06-16,2025-05-08,"0.35%",-300,0.35,0
2026-06-16,2025-05-08,"0.60%",-300,0.6,0
2026-06-16,2025-05-08,"0.85%",-275,0.85,0
2026-06-16,2025-05-08,"1.10%",-250,1.1,0
2026-06-16,2025-05-08,"1.35%",-225,1.35,0
2026-06-16,2025-05-08,"1.60%",-200,1.6,0
2026-06-16,2025-05-08,"1.85%",-175,1.85,0.0190721601511849
2026-06-16,2025-05-08,"2.10%",-150,2.1,0.048683341717099
2026-06-16,2025-05-08,"2.35%",-125,2.35,0.0978750325616207
2026-06-16,2025-05-08,"2.60%",-100,2.6,0.154992023001462
2026-06-16,2025-05-08,"2.85%",-75,2.85,0.193337509130159
2026-06-16,2025-05-08,"3.10%",-50,3.1,0.189978155193508
2026-06-16,2025-05-08,"3.35%",-25,3.35,0.147052048258349
2026-06-16,2025-05-08,"3.60%",0,3.6,0.0896613204468437
2026-06-16,2025-05-08,"3.85%",25,3.85,0.0430606564809905
2026-06-16,2025-05-08,"4.10%",50,4.1,0.0162877530587833
2026-06-16,2025-05-08,"4.35%",75,4.35,0
2026-06-16,2025-05-08,"4.60%",100,4.6,0
2026-06-16,2025-05-08,"4.85%",125,4.85,0
2026-06-16,2025-05-08,"5.10%",150,5.1,0
2026-06-16,2025-05-08,"5.35%",175,5.35,0
2026-06-16,2025-05-08,"5.60%",200,5.6,0
2026-06-16,2025-05-08,"5.85%",225,5.85,0
2026-06-16,2025-05-08,"6.10%",250,6.1,0
2026-06-16,2025-05-09,"0.10%",-300,0.1,0
2026-06-16,2025-05-09,"0.35%",-300,0.35,0
2026-06-16,2025-05-09,"0.60%",-300,0.6,0
2026-06-16,2025-05-09,"0.85%",-275,0.85,0
2026-06-16,2025-05-09,"1.10%",-250,1.1,0
2026-06-16,2025-05-09,"1.35%",-225,1.35,0
2026-06-16,2025-05-09,"1.60%",-200,1.6,0
2026-06-16,2025-05-09,"1.85%",-175,1.85,0.0139241052313562
2026-06-16,2025-05-09,"2.10%",-150,2.1,0.0390724460038202
2026-06-16,2025-05-09,"2.35%",-125,2.35,0.0853588789624114
2026-06-16,2025-05-09,"2.60%",-100,2.6,0.145193175600816
2026-06-16,2025-05-09,"2.85%",-75,2.85,0.192306619538091
2026-06-16,2025-05-09,"3.10%",-50,3.1,0.198339646545145
2026-06-16,2025-05-09,"3.35%",-25,3.35,0.159291998120036
2026-06-16,2025-05-09,"3.60%",0,3.6,0.0996172190384263
2026-06-16,2025-05-09,"3.85%",25,3.85,0.048506869663154
2026-06-16,2025-05-09,"4.10%",50,4.1,0.018389041296744
2026-06-16,2025-05-09,"4.35%",75,4.35,0
2026-06-16,2025-05-09,"4.60%",100,4.6,0
2026-06-16,2025-05-09,"4.85%",125,4.85,0
2026-06-16,2025-05-09,"5.10%",150,5.1,0
2026-06-16,2025-05-09,"5.35%",175,5.35,0
2026-06-16,2025-05-09,"5.60%",200,5.6,0
2026-06-16,2025-05-09,"5.85%",225,5.85,0
2026-06-16,2025-05-09,"6.10%",250,6.1,0
2026-06-16,2025-05-12,"0.10%",-300,0.1,0
2026-06-16,2025-05-12,"0.35%",-300,0.35,0
2026-06-16,2025-05-12,"0.60%",-300,0.6,0
2026-06-16,2025-05-12,"0.85%",-275,0.85,0
2026-06-16,2025-05-12,"1.10%",-250,1.1,0
2026-06-16,2025-05-12,"1.35%",-225,1.35,0
2026-06-16,2025-05-12,"1.60%",-200,1.6,0
2026-06-16,2025-05-12,"1.85%",-175,1.85,0.0103678692993967
2026-06-16,2025-05-12,"2.10%",-150,2.1,0.0311652595117732
2026-06-16,2025-05-12,"2.35%",-125,2.35,0.0727286646700209
2026-06-16,2025-05-12,"2.60%",-100,2.6,0.131778240044062
2026-06-16,2025-05-12,"2.85%",-75,2.85,0.185404740693995
2026-06-16,2025-05-12,"3.10%",-50,3.1,0.202562002869772
2026-06-16,2025-05-12,"3.35%",-25,3.35,0.171854390633753
2026-06-16,2025-05-12,"3.60%",0,3.6,0.113218816400946
2026-06-16,2025-05-12,"3.85%",25,3.85,0.0579170455977041
2026-06-16,2025-05-12,"4.10%",50,4.1,0.0230029702785775
2026-06-16,2025-05-12,"4.35%",75,4.35,0
2026-06-16,2025-05-12,"4.60%",100,4.6,0
2026-06-16,2025-05-12,"4.85%",125,4.85,0
2026-06-16,2025-05-12,"5.10%",150,5.1,0
2026-06-16,2025-05-12,"5.35%",175,5.35,0
2026-06-16,2025-05-12,"5.60%",200,5.6,0
2026-06-16,2025-05-12,"5.85%",225,5.85,0
2026-06-16,2025-05-12,"6.10%",250,6.1,0
2026-06-16,2025-05-13,"0.10%",-300,0.1,0
2026-06-16,2025-05-13,"0.35%",-300,0.35,0
2026-06-16,2025-05-13,"0.60%",-300,0.6,0
2026-06-16,2025-05-13,"0.85%",-275,0.85,0
2026-06-16,2025-05-13,"1.10%",-250,1.1,0
2026-06-16,2025-05-13,"1.35%",-225,1.35,0
2026-06-16,2025-05-13,"1.60%",-200,1.6,0
2026-06-16,2025-05-13,"1.85%",-175,1.85,0
2026-06-16,2025-05-13,"2.10%",-150,2.1,0.0170078133956747
2026-06-16,2025-05-13,"2.35%",-125,2.35,0.048218595085275
2026-06-16,2025-05-13,"2.60%",-100,2.6,0.1038035435658
2026-06-16,2025-05-13,"2.85%",-75,2.85,0.169707081412091
2026-06-16,2025-05-13,"3.10%",-50,3.1,0.210725234512194
2026-06-16,2025-05-13,"3.35%",-25,3.35,0.198737220140509
2026-06-16,2025-05-13,"3.60%",0,3.6,0.142358454805987
2026-06-16,2025-05-13,"3.85%",25,3.85,0.0774465731950371
2026-06-16,2025-05-13,"4.10%",50,4.1,0.0319954838874316
2026-06-16,2025-05-13,"4.35%",75,4.35,0
2026-06-16,2025-05-13,"4.60%",100,4.6,0
2026-06-16,2025-05-13,"4.85%",125,4.85,0
2026-06-16,2025-05-13,"5.10%",150,5.1,0
2026-06-16,2025-05-13,"5.35%",175,5.35,0
2026-06-16,2025-05-13,"5.60%",200,5.6,0
2026-06-16,2025-05-13,"5.85%",225,5.85,0
2026-06-16,2025-05-13,"6.10%",250,6.1,0
2026-06-16,2025-05-14,"0.10%",-300,0.1,0
2026-06-16,2025-05-14,"0.35%",-300,0.35,0
2026-06-16,2025-05-14,"0.60%",-300,0.6,0
2026-06-16,2025-05-14,"0.85%",-275,0.85,0
2026-06-16,2025-05-14,"1.10%",-250,1.1,0
2026-06-16,2025-05-14,"1.35%",-225,1.35,0
2026-06-16,2025-05-14,"1.60%",-200,1.6,0
2026-06-16,2025-05-14,"1.85%",-175,1.85,0
2026-06-16,2025-05-14,"2.10%",-150,2.1,0.0148725803477944
2026-06-16,2025-05-14,"2.35%",-125,2.35,0.0426293517839406
2026-06-16,2025-05-14,"2.60%",-100,2.6,0.0935626700621653
2026-06-16,2025-05-14,"2.85%",-75,2.85,0.15726152666376
2026-06-16,2025-05-14,"3.10%",-50,3.1,0.202444237337133
2026-06-16,2025-05-14,"3.35%",-25,3.35,0.199604222915416
2026-06-16,2025-05-14,"3.60%",0,3.6,0.150735093910758
2026-06-16,2025-05-14,"3.85%",25,3.85,0.0871804330951165
2026-06-16,2025-05-14,"4.10%",50,4.1,0.0386139912563614
2026-06-16,2025-05-14,"4.35%",75,4.35,0.0130958926275555
2026-06-16,2025-05-14,"4.60%",100,4.6,0
2026-06-16,2025-05-14,"4.85%",125,4.85,0
2026-06-16,2025-05-14,"5.10%",150,5.1,0
2026-06-16,2025-05-14,"5.35%",175,5.35,0
2026-06-16,2025-05-14,"5.60%",200,5.6,0
2026-06-16,2025-05-14,"5.85%",225,5.85,0
2026-06-16,2025-05-14,"6.10%",250,6.1,0
2026-06-16,2025-05-15,"0.10%",-300,0.1,0
2026-06-16,2025-05-15,"0.35%",-300,0.35,0
2026-06-16,2025-05-15,"0.60%",-300,0.6,0
2026-06-16,2025-05-15,"0.85%",-275,0.85,0
2026-06-16,2025-05-15,"1.10%",-250,1.1,0
2026-06-16,2025-05-15,"1.35%",-225,1.35,0
2026-06-16,2025-05-15,"1.60%",-200,1.6,0
2026-06-16,2025-05-15,"1.85%",-175,1.85,0
2026-06-16,2025-05-15,"2.10%",-150,2.1,0.0129158733007028
2026-06-16,2025-05-15,"2.35%",-125,2.35,0.0374597012770758
2026-06-16,2025-05-15,"2.60%",-100,2.6,0.0839403044958801
2026-06-16,2025-05-15,"2.85%",-75,2.85,0.14534254279988
2026-06-16,2025-05-15,"3.10%",-50,3.1,0.19447605898569
2026-06-16,2025-05-15,"3.35%",-25,3.35,0.201098908819525
2026-06-16,2025-05-15,"3.60%",0,3.6,0.160703620473106
2026-06-16,2025-05-15,"3.85%",25,3.85,0.0992428697935218
2026-06-16,2025-05-15,"4.10%",50,4.1,0.0473586812766052
2026-06-16,2025-05-15,"4.35%",75,4.35,0.0174614387780136
2026-06-16,2025-05-15,"4.60%",100,4.6,0
2026-06-16,2025-05-15,"4.85%",125,4.85,0
2026-06-16,2025-05-15,"5.10%",150,5.1,0
2026-06-16,2025-05-15,"5.35%",175,5.35,0
2026-06-16,2025-05-15,"5.60%",200,5.6,0
2026-06-16,2025-05-15,"5.85%",225,5.85,0
2026-06-16,2025-05-15,"6.10%",250,6.1,0
2026-06-16,2025-05-16,"0.10%",-300,0.1,0
2026-06-16,2025-05-16,"0.35%",-300,0.35,0
2026-06-16,2025-05-16,"0.60%",-300,0.6,0
2026-06-16,2025-05-16,"0.85%",-275,0.85,0
2026-06-16,2025-05-16,"1.10%",-250,1.1,0
2026-06-16,2025-05-16,"1.35%",-225,1.35,0
2026-06-16,2025-05-16,"1.60%",-200,1.6,0
2026-06-16,2025-05-16,"1.85%",-175,1.85,0
2026-06-16,2025-05-16,"2.10%",-150,2.1,0.0142475455070182
2026-06-16,2025-05-16,"2.35%",-125,2.35,0.0417275890160458
2026-06-16,2025-05-16,"2.60%",-100,2.6,0.093052225759675
2026-06-16,2025-05-16,"2.85%",-75,2.85,0.158019123700875
2026-06-16,2025-05-16,"3.10%",-50,3.1,0.204367662826787
2026-06-16,2025-05-16,"3.35%",-25,3.35,0.201304850735717
2026-06-16,2025-05-16,"3.60%",0,3.6,0.151020067563226
2026-06-16,2025-05-16,"3.85%",25,3.85,0.0862841940919054
2026-06-16,2025-05-16,"4.10%",50,4.1,0.0375406322535557
2026-06-16,2025-05-16,"4.35%",75,4.35,0.0124361085451955
2026-06-16,2025-05-16,"4.60%",100,4.6,0
2026-06-16,2025-05-16,"4.85%",125,4.85,0
2026-06-16,2025-05-16,"5.10%",150,5.1,0
2026-06-16,2025-05-16,"5.35%",175,5.35,0
2026-06-16,2025-05-16,"5.60%",200,5.6,0
2026-06-16,2025-05-16,"5.85%",225,5.85,0
2026-06-16,2025-05-16,"6.10%",250,6.1,0
2026-06-16,2025-05-19,"0.10%",-300,0.1,0
2026-06-16,2025-05-19,"0.35%",-300,0.35,0
2026-06-16,2025-05-19,"0.60%",-300,0.6,0
2026-06-16,2025-05-19,"0.85%",-275,0.85,0
2026-06-16,2025-05-19,"1.10%",-250,1.1,0
2026-06-16,2025-05-19,"1.35%",-225,1.35,0
2026-06-16,2025-05-19,"1.60%",-200,1.6,0
2026-06-16,2025-05-19,"1.85%",-175,1.85,0
2026-06-16,2025-05-19,"2.10%",-150,2.1,0
2026-06-16,2025-05-19,"2.35%",-125,2.35,0.0329259981580961
2026-06-16,2025-05-19,"2.60%",-100,2.6,0.0818668130201712
2026-06-16,2025-05-19,"2.85%",-75,2.85,0.151576003891127
2026-06-16,2025-05-19,"3.10%",-50,3.1,0.209009363366558
2026-06-16,2025-05-19,"3.35%",-25,3.35,0.214657106480047
2026-06-16,2025-05-19,"3.60%",0,3.6,0.164199441808075
2026-06-16,2025-05-19,"3.85%",25,3.85,0.0935445745172794
2026-06-16,2025-05-19,"4.10%",50,4.1,0.0396854956689035
2026-06-16,2025-05-19,"4.35%",75,4.35,0.0125352030897437
2026-06-16,2025-05-19,"4.60%",100,4.6,0
2026-06-16,2025-05-19,"4.85%",125,4.85,0
2026-06-16,2025-05-19,"5.10%",150,5.1,0
2026-06-16,2025-05-19,"5.35%",175,5.35,0
2026-06-16,2025-05-19,"5.60%",200,5.6,0
2026-06-16,2025-05-19,"5.85%",225,5.85,0
2026-06-16,2025-05-19,"6.10%",250,6.1,0
2026-06-16,2025-05-20,"0.10%",-300,0.1,0
2026-06-16,2025-05-20,"0.35%",-300,0.35,0
2026-06-16,2025-05-20,"0.60%",-300,0.6,0
2026-06-16,2025-05-20,"0.85%",-275,0.85,0
2026-06-16,2025-05-20,"1.10%",-250,1.1,0
2026-06-16,2025-05-20,"1.35%",-225,1.35,0
2026-06-16,2025-05-20,"1.60%",-200,1.6,0
2026-06-16,2025-05-20,"1.85%",-175,1.85,0
2026-06-16,2025-05-20,"2.10%",-150,2.1,0.0254685461087474
2026-06-16,2025-05-20,"2.35%",-125,2.35,0.066276604457308
2026-06-16,2025-05-20,"2.60%",-100,2.6,0.130061517041733
2026-06-16,2025-05-20,"2.85%",-75,2.85,0.19249792806763
2026-06-16,2025-05-20,"3.10%",-50,3.1,0.214894589402498
2026-06-16,2025-05-20,"3.35%",-25,3.35,0.180949169104297
2026-06-16,2025-05-20,"3.60%",0,3.6,0.114922365487773
2026-06-16,2025-05-20,"3.85%",25,3.85,0.0550466318263299
2026-06-16,2025-05-20,"4.10%",50,4.1,0.0198826485036833
2026-06-16,2025-05-20,"4.35%",75,4.35,0
2026-06-16,2025-05-20,"4.60%",100,4.6,0
2026-06-16,2025-05-20,"4.85%",125,4.85,0
2026-06-16,2025-05-20,"5.10%",150,5.1,0
2026-06-16,2025-05-20,"5.35%",175,5.35,0
2026-06-16,2025-05-20,"5.60%",200,5.6,0
2026-06-16,2025-05-20,"5.85%",225,5.85,0
2026-06-16,2025-05-20,"6.10%",250,6.1,0
2026-06-16,2025-05-21,"0.10%",-300,0.1,0
2026-06-16,2025-05-21,"0.35%",-300,0.35,0
2026-06-16,2025-05-21,"0.60%",-300,0.6,0
2026-06-16,2025-05-21,"0.85%",-275,0.85,0
2026-06-16,2025-05-21,"1.10%",-250,1.1,0
2026-06-16,2025-05-21,"1.35%",-225,1.35,0
2026-06-16,2025-05-21,"1.60%",-200,1.6,0
2026-06-16,2025-05-21,"1.85%",-175,1.85,0
2026-06-16,2025-05-21,"2.10%",-150,2.1,0.0273975972370331
2026-06-16,2025-05-21,"2.35%",-125,2.35,0.0700072565161743
2026-06-16,2025-05-21,"2.60%",-100,2.6,0.134854094458464
2026-06-16,2025-05-21,"2.85%",-75,2.85,0.195853205201717
2026-06-16,2025-05-21,"3.10%",-50,3.1,0.214474041172877
2026-06-16,2025-05-21,"3.35%",-25,3.35,0.17709413290952
2026-06-16,2025-05-21,"3.60%",0,3.6,0.110256047269007
2026-06-16,2025-05-21,"3.85%",25,3.85,0.0517522301702407
2026-06-16,2025-05-21,"4.10%",50,4.1,0.0183113950649673
2026-06-16,2025-05-21,"4.35%",75,4.35,0
2026-06-16,2025-05-21,"4.60%",100,4.6,0
2026-06-16,2025-05-21,"4.85%",125,4.85,0
2026-06-16,2025-05-21,"5.10%",150,5.1,0
2026-06-16,2025-05-21,"5.35%",175,5.35,0
2026-06-16,2025-05-21,"5.60%",200,5.6,0
2026-06-16,2025-05-21,"5.85%",225,5.85,0
2026-06-16,2025-05-21,"6.10%",250,6.1,0
2026-06-16,2025-05-22,"0.10%",-300,0.1,0
2026-06-16,2025-05-22,"0.35%",-300,0.35,0
2026-06-16,2025-05-22,"0.60%",-300,0.6,0
2026-06-16,2025-05-22,"0.85%",-275,0.85,0
2026-06-16,2025-05-22,"1.10%",-250,1.1,0
2026-06-16,2025-05-22,"1.35%",-225,1.35,0
2026-06-16,2025-05-22,"1.60%",-200,1.6,0
2026-06-16,2025-05-22,"1.85%",-175,1.85,0
2026-06-16,2025-05-22,"2.10%",-150,2.1,0.0279084610684693
2026-06-16,2025-05-22,"2.35%",-125,2.35,0.069920516793808
2026-06-16,2025-05-22,"2.60%",-100,2.6,0.133133972236619
2026-06-16,2025-05-22,"2.85%",-75,2.85,0.192680662413476
2026-06-16,2025-05-22,"3.10%",-50,3.1,0.211973412950615
2026-06-16,2025-05-22,"3.35%",-25,3.35,0.177266328553795
2026-06-16,2025-05-22,"3.60%",0,3.6,0.112683035123251
2026-06-16,2025-05-22,"3.85%",25,3.85,0.0544431014642366
2026-06-16,2025-05-22,"4.10%",50,4.1,0.0199905093957293
2026-06-16,2025-05-22,"4.35%",75,4.35,0
2026-06-16,2025-05-22,"4.60%",100,4.6,0
2026-06-16,2025-05-22,"4.85%",125,4.85,0
2026-06-16,2025-05-22,"5.10%",150,5.1,0
2026-06-16,2025-05-22,"5.35%",175,5.35,0
2026-06-16,2025-05-22,"5.60%",200,5.6,0
2026-06-16,2025-05-22,"5.85%",225,5.85,0
2026-06-16,2025-05-22,"6.10%",250,6.1,0
2026-06-16,2025-05-23,"0.10%",-300,0.1,0
2026-06-16,2025-05-23,"0.35%",-300,0.35,0
2026-06-16,2025-05-23,"0.60%",-300,0.6,0
2026-06-16,2025-05-23,"0.85%",-275,0.85,0
2026-06-16,2025-05-23,"1.10%",-250,1.1,0
2026-06-16,2025-05-23,"1.35%",-225,1.35,0
2026-06-16,2025-05-23,"1.60%",-200,1.6,0
2026-06-16,2025-05-23,"1.85%",-175,1.85,0
2026-06-16,2025-05-23,"2.10%",-150,2.1,0.0271983409253267
2026-06-16,2025-05-23,"2.35%",-125,2.35,0.0701383147383358
2026-06-16,2025-05-23,"2.60%",-100,2.6,0.135809163275843
2026-06-16,2025-05-23,"2.85%",-75,2.85,0.197479240507507
2026-06-16,2025-05-23,"3.10%",-50,3.1,0.215658209109766
2026-06-16,2025-05-23,"3.35%",-25,3.35,0.176876724736368
2026-06-16,2025-05-23,"3.60%",0,3.6,0.108947587906541
2026-06-16,2025-05-23,"3.85%",25,3.85,0.0503922448883927
2026-06-16,2025-05-23,"4.10%",50,4.1,0.0175001739119207
2026-06-16,2025-05-23,"4.35%",75,4.35,0
2026-06-16,2025-05-23,"4.60%",100,4.6,0
2026-06-16,2025-05-23,"4.85%",125,4.85,0
2026-06-16,2025-05-23,"5.10%",150,5.1,0
2026-06-16,2025-05-23,"5.35%",175,5.35,0
2026-06-16,2025-05-23,"5.60%",200,5.6,0
2026-06-16,2025-05-23,"5.85%",225,5.85,0
2026-06-16,2025-05-23,"6.10%",250,6.1,0
2026-06-16,2025-07-06,"0.10%",-300,0.1,0
2026-06-16,2025-07-06,"0.35%",-300,0.35,0
2026-06-16,2025-07-06,"0.60%",-300,0.6,0
2026-06-16,2025-07-06,"0.85%",-275,0.85,0
2026-06-16,2025-07-06,"1.10%",-250,1.1,0
2026-06-16,2025-07-06,"1.35%",-225,1.35,0
2026-06-16,2025-07-06,"1.60%",-200,1.6,0
2026-06-16,2025-07-06,"1.85%",-175,1.85,0
2026-06-16,2025-07-06,"2.10%",-150,2.1,0.0344831896597674
2026-06-16,2025-07-06,"2.35%",-125,2.35,0.0952338344294983
2026-06-16,2025-07-06,"2.60%",-100,2.6,0.182270816545708
2026-06-16,2025-07-06,"2.85%",-75,2.85,0.24182772431302
2026-06-16,2025-07-06,"3.10%",-50,3.1,0.222439719903096
2026-06-16,2025-07-06,"3.35%",-25,3.35,0.141846873585528
2026-06-16,2025-07-06,"3.60%",0,3.6,0.0626964513971531
2026-06-16,2025-07-06,"3.85%",25,3.85,0.0192013901662286
2026-06-16,2025-07-06,"4.10%",50,4.1,0
2026-06-16,2025-07-06,"4.35%",75,4.35,0
2026-06-16,2025-07-06,"4.60%",100,4.6,0
2026-06-16,2025-07-06,"4.85%",125,4.85,0
2026-06-16,2025-07-06,"5.10%",150,5.1,0
2026-06-16,2025-07-06,"5.35%",175,5.35,0
2026-06-16,2025-07-06,"5.60%",200,5.6,0
2026-06-16,2025-07-06,"5.85%",225,5.85,0
2026-06-16,2025-07-06,"6.10%",250,6.1,0
2026-06-16,2025-07-07,"0.10%",-300,0.1,0
2026-06-16,2025-07-07,"0.35%",-300,0.35,0
2026-06-16,2025-07-07,"0.60%",-300,0.6,0
2026-06-16,2025-07-07,"0.85%",-275,0.85,0
2026-06-16,2025-07-07,"1.10%",-250,1.1,0
2026-06-16,2025-07-07,"1.35%",-225,1.35,0
2026-06-16,2025-07-07,"1.60%",-200,1.6,0
2026-06-16,2025-07-07,"1.85%",-175,1.85,0
2026-06-16,2025-07-07,"2.10%",-150,2.1,0.021538258075185
2026-06-16,2025-07-07,"2.35%",-125,2.35,0.0700196018730705
2026-06-16,2025-07-07,"2.60%",-100,2.6,0.155142507046297
2026-06-16,2025-07-07,"2.85%",-75,2.85,0.234374853754226
2026-06-16,2025-07-07,"3.10%",-50,3.1,0.24146276510759
2026-06-16,2025-07-07,"3.35%",-25,3.35,0.169650387338408
2026-06-16,2025-07-07,"3.60%",0,3.6,0.0812732944714387
2026-06-16,2025-07-07,"3.85%",25,3.85,0.0265383323337849
2026-06-16,2025-07-07,"4.10%",50,4.1,0
2026-06-16,2025-07-07,"4.35%",75,4.35,0
2026-06-16,2025-07-07,"4.60%",100,4.6,0
2026-06-16,2025-07-07,"4.85%",125,4.85,0
2026-06-16,2025-07-07,"5.10%",150,5.1,0
2026-06-16,2025-07-07,"5.35%",175,5.35,0
2026-06-16,2025-07-07,"5.60%",200,5.6,0
2026-06-16,2025-07-07,"5.85%",225,5.85,0
2026-06-16,2025-07-07,"6.10%",250,6.1,0
2026-06-16,2025-07-08,"0.10%",-300,0.1,0
2026-06-16,2025-07-08,"0.35%",-300,0.35,0
2026-06-16,2025-07-08,"0.60%",-300,0.6,0
2026-06-16,2025-07-08,"0.85%",-275,0.85,0
2026-06-16,2025-07-08,"1.10%",-250,1.1,0
2026-06-16,2025-07-08,"1.35%",-225,1.35,0
2026-06-16,2025-07-08,"1.60%",-200,1.6,0
2026-06-16,2025-07-08,"1.85%",-175,1.85,0
2026-06-16,2025-07-08,"2.10%",-150,2.1,0.0268677298772035
2026-06-16,2025-07-08,"2.35%",-125,2.35,0.071481469746973
2026-06-16,2025-07-08,"2.60%",-100,2.6,0.140592944063163
2026-06-16,2025-07-08,"2.85%",-75,2.85,0.204461030592336
2026-06-16,2025-07-08,"3.10%",-50,3.1,0.219874048273977
2026-06-16,2025-07-08,"3.35%",-25,3.35,0.174848352707416
2026-06-16,2025-07-08,"3.60%",0,3.6,0.102813219607895
2026-06-16,2025-07-08,"3.85%",25,3.85,0.0446972639692419
2026-06-16,2025-07-08,"4.10%",50,4.1,0.0143639411617943
2026-06-16,2025-07-08,"4.35%",75,4.35,0
2026-06-16,2025-07-08,"4.60%",100,4.6,0
2026-06-16,2025-07-08,"4.85%",125,4.85,0
2026-06-16,2025-07-08,"5.10%",150,5.1,0
2026-06-16,2025-07-08,"5.35%",175,5.35,0
2026-06-16,2025-07-08,"5.60%",200,5.6,0
2026-06-16,2025-07-08,"5.85%",225,5.85,0
2026-06-16,2025-07-08,"6.10%",250,6.1,0
2026-06-16,2025-07-09,"0.10%",-300,0.1,0
2026-06-16,2025-07-09,"0.35%",-300,0.35,0
2026-06-16,2025-07-09,"0.60%",-300,0.6,0
2026-06-16,2025-07-09,"0.85%",-275,0.85,0
2026-06-16,2025-07-09,"1.10%",-250,1.1,0
2026-06-16,2025-07-09,"1.35%",-225,1.35,0
2026-06-16,2025-07-09,"1.60%",-200,1.6,0
2026-06-16,2025-07-09,"1.85%",-175,1.85,0
2026-06-16,2025-07-09,"2.10%",-150,2.1,0.0219300396009766
2026-06-16,2025-07-09,"2.35%",-125,2.35,0.0680278006580235
2026-06-16,2025-07-09,"2.60%",-100,2.6,0.147549012884735
2026-06-16,2025-07-09,"2.85%",-75,2.85,0.223831338890703
2026-06-16,2025-07-09,"3.10%",-50,3.1,0.237527366895297
2026-06-16,2025-07-09,"3.35%",-25,3.35,0.176329595918181
2026-06-16,2025-07-09,"3.60%",0,3.6,0.0915593440421235
2026-06-16,2025-07-09,"3.85%",25,3.85,0.0332455011099608
2026-06-16,2025-07-09,"4.10%",50,4.1,0
2026-06-16,2025-07-09,"4.35%",75,4.35,0
2026-06-16,2025-07-09,"4.60%",100,4.6,0
2026-06-16,2025-07-09,"4.85%",125,4.85,0
2026-06-16,2025-07-09,"5.10%",150,5.1,0
2026-06-16,2025-07-09,"5.35%",175,5.35,0
2026-06-16,2025-07-09,"5.60%",200,5.6,0
2026-06-16,2025-07-09,"5.85%",225,5.85,0
2026-06-16,2025-07-09,"6.10%",250,6.1,0
2026-06-16,2025-07-10,"0.10%",-300,0.1,0
2026-06-16,2025-07-10,"0.35%",-300,0.35,0
2026-06-16,2025-07-10,"0.60%",-300,0.6,0
2026-06-16,2025-07-10,"0.85%",-275,0.85,0
2026-06-16,2025-07-10,"1.10%",-250,1.1,0
2026-06-16,2025-07-10,"1.35%",-225,1.35,0
2026-06-16,2025-07-10,"1.60%",-200,1.6,0
2026-06-16,2025-07-10,"1.85%",-175,1.85,0
2026-06-16,2025-07-10,"2.10%",-150,2.1,0.0167013996147171
2026-06-16,2025-07-10,"2.35%",-125,2.35,0.0605256460321783
2026-06-16,2025-07-10,"2.60%",-100,2.6,0.146012912864949
2026-06-16,2025-07-10,"2.85%",-75,2.85,0.234599756461517
2026-06-16,2025-07-10,"3.10%",-50,3.1,0.25111448453184
2026-06-16,2025-07-10,"3.35%",-25,3.35,0.179077870759737
2026-06-16,2025-07-10,"3.60%",0,3.6,0.0850646666128582
2026-06-16,2025-07-10,"3.85%",25,3.85,0.0269032631222038
2026-06-16,2025-07-10,"4.10%",50,4.1,0
2026-06-16,2025-07-10,"4.35%",75,4.35,0
2026-06-16,2025-07-10,"4.60%",100,4.6,0
2026-06-16,2025-07-10,"4.85%",125,4.85,0
2026-06-16,2025-07-10,"5.10%",150,5.1,0
2026-06-16,2025-07-10,"5.35%",175,5.35,0
2026-06-16,2025-07-10,"5.60%",200,5.6,0
2026-06-16,2025-07-10,"5.85%",225,5.85,0
2026-06-16,2025-07-10,"6.10%",250,6.1,0
2026-06-16,2025-07-14,"0.10%",-300,0.1,0
2026-06-16,2025-07-14,"0.35%",-300,0.35,0
2026-06-16,2025-07-14,"0.60%",-300,0.6,0
2026-06-16,2025-07-14,"0.85%",-275,0.85,0
2026-06-16,2025-07-14,"1.10%",-250,1.1,0
2026-06-16,2025-07-14,"1.35%",-225,1.35,0
2026-06-16,2025-07-14,"1.60%",-200,1.6,0
2026-06-16,2025-07-14,"1.85%",-175,1.85,0
2026-06-16,2025-07-14,"2.10%",-150,2.1,0
2026-06-16,2025-07-14,"2.35%",-125,2.35,0.0334152887619789
2026-06-16,2025-07-14,"2.60%",-100,2.6,0.0980751177909287
2026-06-16,2025-07-14,"2.85%",-75,2.85,0.19273902189178
2026-06-16,2025-07-14,"3.10%",-50,3.1,0.253713221719405
2026-06-16,2025-07-14,"3.35%",-25,3.35,0.223742577272972
2026-06-16,2025-07-14,"3.60%",0,3.6,0.132176528082583
2026-06-16,2025-07-14,"3.85%",25,3.85,0.0522912961035173
2026-06-16,2025-07-14,"4.10%",50,4.1,0.0138469483768352
2026-06-16,2025-07-14,"4.35%",75,4.35,0
2026-06-16,2025-07-14,"4.60%",100,4.6,0
2026-06-16,2025-07-14,"4.85%",125,4.85,0
2026-06-16,2025-07-14,"5.10%",150,5.1,0
2026-06-16,2025-07-14,"5.35%",175,5.35,0
2026-06-16,2025-07-14,"5.60%",200,5.6,0
2026-06-16,2025-07-14,"5.85%",225,5.85,0
2026-06-16,2025-07-14,"6.10%",250,6.1,0
2026-06-16,2025-07-15,"0.10%",-300,0.1,0
2026-06-16,2025-07-15,"0.35%",-300,0.35,0
2026-06-16,2025-07-15,"0.60%",-300,0.6,0
2026-06-16,2025-07-15,"0.85%",-275,0.85,0
2026-06-16,2025-07-15,"1.10%",-250,1.1,0
2026-06-16,2025-07-15,"1.35%",-225,1.35,0
2026-06-16,2025-07-15,"1.60%",-200,1.6,0
2026-06-16,2025-07-15,"1.85%",-175,1.85,0
2026-06-16,2025-07-15,"2.10%",-150,2.1,0
2026-06-16,2025-07-15,"2.35%",-125,2.35,0.0294030896415604
2026-06-16,2025-07-15,"2.60%",-100,2.6,0.0922202741892756
2026-06-16,2025-07-15,"2.85%",-75,2.85,0.190148837409075
2026-06-16,2025-07-15,"3.10%",-50,3.1,0.257867657682024
2026-06-16,2025-07-15,"3.35%",-25,3.35,0.230051020439612
2026-06-16,2025-07-15,"3.60%",0,3.6,0.135002649490401
2026-06-16,2025-07-15,"3.85%",25,3.85,0.0520954073334043
2026-06-16,2025-07-15,"4.10%",50,4.1,0.013211063814649
2026-06-16,2025-07-15,"4.35%",75,4.35,0
2026-06-16,2025-07-15,"4.60%",100,4.6,0
2026-06-16,2025-07-15,"4.85%",125,4.85,0
2026-06-16,2025-07-15,"5.10%",150,5.1,0
2026-06-16,2025-07-15,"5.35%",175,5.35,0
2026-06-16,2025-07-15,"5.60%",200,5.6,0
2026-06-16,2025-07-15,"5.85%",225,5.85,0
2026-06-16,2025-07-15,"6.10%",250,6.1,0
2026-06-16,2025-07-16,"0.10%",-300,0.1,0
2026-06-16,2025-07-16,"0.35%",-300,0.35,0
2026-06-16,2025-07-16,"0.60%",-300,0.6,0
2026-06-16,2025-07-16,"0.85%",-275,0.85,0
2026-06-16,2025-07-16,"1.10%",-250,1.1,0
2026-06-16,2025-07-16,"1.35%",-225,1.35,0
2026-06-16,2025-07-16,"1.60%",-200,1.6,0
2026-06-16,2025-07-16,"1.85%",-175,1.85,0
2026-06-16,2025-07-16,"2.10%",-150,2.1,0
2026-06-16,2025-07-16,"2.35%",-125,2.35,0.0369139172598875
2026-06-16,2025-07-16,"2.60%",-100,2.6,0.116855134349615
2026-06-16,2025-07-16,"2.85%",-75,2.85,0.229285109370151
2026-06-16,2025-07-16,"3.10%",-50,3.1,0.279034669354912
2026-06-16,2025-07-16,"3.35%",-25,3.35,0.210659156220872
2026-06-16,2025-07-16,"3.60%",0,3.6,0.0986325494413069
2026-06-16,2025-07-16,"3.85%",25,3.85,0.0286194640032561
2026-06-16,2025-07-16,"4.10%",50,4.1,0
2026-06-16,2025-07-16,"4.35%",75,4.35,0
2026-06-16,2025-07-16,"4.60%",100,4.6,0
2026-06-16,2025-07-16,"4.85%",125,4.85,0
2026-06-16,2025-07-16,"5.10%",150,5.1,0
2026-06-16,2025-07-16,"5.35%",175,5.35,0
2026-06-16,2025-07-16,"5.60%",200,5.6,0
2026-06-16,2025-07-16,"5.85%",225,5.85,0
2026-06-16,2025-07-16,"6.10%",250,6.1,0
2026-06-16,2025-07-17,"0.10%",-300,0.1,0
2026-06-16,2025-07-17,"0.35%",-300,0.35,0
2026-06-16,2025-07-17,"0.60%",-300,0.6,0
2026-06-16,2025-07-17,"0.85%",-275,0.85,0
2026-06-16,2025-07-17,"1.10%",-250,1.1,0
2026-06-16,2025-07-17,"1.35%",-225,1.35,0
2026-06-16,2025-07-17,"1.60%",-200,1.6,0
2026-06-16,2025-07-17,"1.85%",-175,1.85,0
2026-06-16,2025-07-17,"2.10%",-150,2.1,0
2026-06-16,2025-07-17,"2.35%",-125,2.35,0.0318899697415763
2026-06-16,2025-07-17,"2.60%",-100,2.6,0.117398088352255
2026-06-16,2025-07-17,"2.85%",-75,2.85,0.24718312231838
2026-06-16,2025-07-17,"3.10%",-50,3.1,0.298009098405436
2026-06-16,2025-07-17,"3.35%",-25,3.35,0.20579024917258
2026-06-16,2025-07-17,"3.60%",0,3.6,0.0813478684181355
2026-06-16,2025-07-17,"3.85%",25,3.85,0.0183816035916364
2026-06-16,2025-07-17,"4.10%",50,4.1,0
2026-06-16,2025-07-17,"4.35%",75,4.35,0
2026-06-16,2025-07-17,"4.60%",100,4.6,0
2026-06-16,2025-07-17,"4.85%",125,4.85,0
2026-06-16,2025-07-17,"5.10%",150,5.1,0
2026-06-16,2025-07-17,"5.35%",175,5.35,0
2026-06-16,2025-07-17,"5.60%",200,5.6,0
2026-06-16,2025-07-17,"5.85%",225,5.85,0
2026-06-16,2025-07-17,"6.10%",250,6.1,0
2026-06-16,2025-07-20,"0.10%",-300,0.1,0
2026-06-16,2025-07-20,"0.35%",-300,0.35,0
2026-06-16,2025-07-20,"0.60%",-300,0.6,0
2026-06-16,2025-07-20,"0.85%",-275,0.85,0
2026-06-16,2025-07-20,"1.10%",-250,1.1,0
2026-06-16,2025-07-20,"1.35%",-225,1.35,0
2026-06-16,2025-07-20,"1.60%",-200,1.6,0
2026-06-16,2025-07-20,"1.85%",-175,1.85,0
2026-06-16,2025-07-20,"2.10%",-150,2.1,0
2026-06-16,2025-07-20,"2.35%",-125,2.35,0.0422785920661464
2026-06-16,2025-07-20,"2.60%",-100,2.6,0.131700946888992
2026-06-16,2025-07-20,"2.85%",-75,2.85,0.247943371898272
2026-06-16,2025-07-20,"3.10%",-50,3.1,0.282309324706686
2026-06-16,2025-07-20,"3.35%",-25,3.35,0.194434593633763
2026-06-16,2025-07-20,"3.60%",0,3.6,0.0809670636644948
2026-06-16,2025-07-20,"3.85%",25,3.85,0.0203661071416458
2026-06-16,2025-07-20,"4.10%",50,4.1,0
2026-06-16,2025-07-20,"4.35%",75,4.35,0
2026-06-16,2025-07-20,"4.60%",100,4.6,0
2026-06-16,2025-07-20,"4.85%",125,4.85,0
2026-06-16,2025-07-20,"5.10%",150,5.1,0
2026-06-16,2025-07-20,"5.35%",175,5.35,0
2026-06-16,2025-07-20,"5.60%",200,5.6,0
2026-06-16,2025-07-20,"5.85%",225,5.85,0
2026-06-16,2025-07-20,"6.10%",250,6.1,0
2026-06-16,2025-07-21,"0.10%",-300,0.1,0
2026-06-16,2025-07-21,"0.35%",-300,0.35,0
2026-06-16,2025-07-21,"0.60%",-300,0.6,0
2026-06-16,2025-07-21,"0.85%",-275,0.85,0
2026-06-16,2025-07-21,"1.10%",-250,1.1,0
2026-06-16,2025-07-21,"1.35%",-225,1.35,0
2026-06-16,2025-07-21,"1.60%",-200,1.6,0
2026-06-16,2025-07-21,"1.85%",-175,1.85,0
2026-06-16,2025-07-21,"2.10%",-150,2.1,0
2026-06-16,2025-07-21,"2.35%",-125,2.35,0.0441961630023612
2026-06-16,2025-07-21,"2.60%",-100,2.6,0.132844076366599
2026-06-16,2025-07-21,"2.85%",-75,2.85,0.245274056861082
2026-06-16,2025-07-21,"3.10%",-50,3.1,0.278348173050425
2026-06-16,2025-07-21,"3.35%",-25,3.35,0.194182924707961
2026-06-16,2025-07-21,"3.60%",0,3.6,0.0832442936940957
2026-06-16,2025-07-21,"3.85%",25,3.85,0.0219103123174768
2026-06-16,2025-07-21,"4.10%",50,4.1,0
2026-06-16,2025-07-21,"4.35%",75,4.35,0
2026-06-16,2025-07-21,"4.60%",100,4.6,0
2026-06-16,2025-07-21,"4.85%",125,4.85,0
2026-06-16,2025-07-21,"5.10%",150,5.1,0
2026-06-16,2025-07-21,"5.35%",175,5.35,0
2026-06-16,2025-07-21,"5.60%",200,5.6,0
2026-06-16,2025-07-21,"5.85%",225,5.85,0
2026-06-16,2025-07-21,"6.10%",250,6.1,0
2026-06-16,2025-07-22,"0.10%",-300,0.1,0
2026-06-16,2025-07-22,"0.35%",-300,0.35,0
2026-06-16,2025-07-22,"0.60%",-300,0.6,0
2026-06-16,2025-07-22,"0.85%",-275,0.85,0
2026-06-16,2025-07-22,"1.10%",-250,1.1,0
2026-06-16,2025-07-22,"1.35%",-225,1.35,0
2026-06-16,2025-07-22,"1.60%",-200,1.6,0
2026-06-16,2025-07-22,"1.85%",-175,1.85,0
2026-06-16,2025-07-22,"2.10%",-150,2.1,0.0177801639805038
2026-06-16,2025-07-22,"2.35%",-125,2.35,0.0598452115867351
2026-06-16,2025-07-22,"2.60%",-100,2.6,0.138767493815912
2026-06-16,2025-07-22,"2.85%",-75,2.85,0.221754006077035
2026-06-16,2025-07-22,"3.10%",-50,3.1,0.24427205929804
2026-06-16,2025-07-22,"3.35%",-25,3.35,0.185487337398946
2026-06-16,2025-07-22,"3.60%",0,3.6,0.0970817306512926
2026-06-16,2025-07-22,"3.85%",25,3.85,0.0350119971915355
2026-06-16,2025-07-22,"4.10%",50,4.1,0
2026-06-16,2025-07-22,"4.35%",75,4.35,0
2026-06-16,2025-07-22,"4.60%",100,4.6,0
2026-06-16,2025-07-22,"4.85%",125,4.85,0
2026-06-16,2025-07-22,"5.10%",150,5.1,0
2026-06-16,2025-07-22,"5.35%",175,5.35,0
2026-06-16,2025-07-22,"5.60%",200,5.6,0
2026-06-16,2025-07-22,"5.85%",225,5.85,0
2026-06-16,2025-07-22,"6.10%",250,6.1,0
2026-06-16,2025-07-23,"0.10%",-300,0.1,0
2026-06-16,2025-07-23,"0.35%",-300,0.35,0
2026-06-16,2025-07-23,"0.60%",-300,0.6,0
2026-06-16,2025-07-23,"0.85%",-275,0.85,0
2026-06-16,2025-07-23,"1.10%",-250,1.1,0
2026-06-16,2025-07-23,"1.35%",-225,1.35,0
2026-06-16,2025-07-23,"1.60%",-200,1.6,0
2026-06-16,2025-07-23,"1.85%",-175,1.85,0
2026-06-16,2025-07-23,"2.10%",-150,2.1,0.032966949967766
2026-06-16,2025-07-23,"2.35%",-125,2.35,0.0872931248774369
2026-06-16,2025-07-23,"2.60%",-100,2.6,0.165979291976697
2026-06-16,2025-07-23,"2.85%",-75,2.85,0.226666895382587
2026-06-16,2025-07-23,"3.10%",-50,3.1,0.22234443264911
2026-06-16,2025-07-23,"3.35%",-25,3.35,0.15666272585752
2026-06-16,2025-07-23,"3.60%",0,3.6,0.0792788620633819
2026-06-16,2025-07-23,"3.85%",25,3.85,0.0288077172255016
2026-06-16,2025-07-23,"4.10%",50,4.1,0
2026-06-16,2025-07-23,"4.35%",75,4.35,0
2026-06-16,2025-07-23,"4.60%",100,4.6,0
2026-06-16,2025-07-23,"4.85%",125,4.85,0
2026-06-16,2025-07-23,"5.10%",150,5.1,0
2026-06-16,2025-07-23,"5.35%",175,5.35,0
2026-06-16,2025-07-23,"5.60%",200,5.6,0
2026-06-16,2025-07-23,"5.85%",225,5.85,0
2026-06-16,2025-07-23,"6.10%",250,6.1,0
2026-06-16,2025-07-24,"0.10%",-300,0.1,0
2026-06-16,2025-07-24,"0.35%",-300,0.35,0
2026-06-16,2025-07-24,"0.60%",-300,0.6,0
2026-06-16,2025-07-24,"0.85%",-275,0.85,0
2026-06-16,2025-07-24,"1.10%",-250,1.1,0
2026-06-16,2025-07-24,"1.35%",-225,1.35,0
2026-06-16,2025-07-24,"1.60%",-200,1.6,0
2026-06-16,2025-07-24,"1.85%",-175,1.85,0.0118518689278592
2026-06-16,2025-07-24,"2.10%",-150,2.1,0.0393126948552403
2026-06-16,2025-07-24,"2.35%",-125,2.35,0.0954739806429861
2026-06-16,2025-07-24,"2.60%",-100,2.6,0.169801286662669
2026-06-16,2025-07-24,"2.85%",-75,2.85,0.221190409851547
2026-06-16,2025-07-24,"3.10%",-50,3.1,0.211053117623768
2026-06-16,2025-07-24,"3.35%",-25,3.35,0.147506758062316
2026-06-16,2025-07-24,"3.60%",0,3.6,0.0755066514195404
2026-06-16,2025-07-24,"3.85%",25,3.85,0.0283032319540747
2026-06-16,2025-07-24,"4.10%",50,4.1,0
2026-06-16,2025-07-24,"4.35%",75,4.35,0
2026-06-16,2025-07-24,"4.60%",100,4.6,0
2026-06-16,2025-07-24,"4.85%",125,4.85,0
2026-06-16,2025-07-24,"5.10%",150,5.1,0
2026-06-16,2025-07-24,"5.35%",175,5.35,0
2026-06-16,2025-07-24,"5.60%",200,5.6,0
2026-06-16,2025-07-24,"5.85%",225,5.85,0
2026-06-16,2025-07-24,"6.10%",250,6.1,0
2026-06-16,2025-07-27,"0.10%",-300,0.1,0
2026-06-16,2025-07-27,"0.35%",-300,0.35,0
2026-06-16,2025-07-27,"0.60%",-300,0.6,0
2026-06-16,2025-07-27,"0.85%",-275,0.85,0
2026-06-16,2025-07-27,"1.10%",-250,1.1,0
2026-06-16,2025-07-27,"1.35%",-225,1.35,0
2026-06-16,2025-07-27,"1.60%",-200,1.6,0
2026-06-16,2025-07-27,"1.85%",-175,1.85,0.0156209593295615
2026-06-16,2025-07-27,"2.10%",-150,2.1,0.0444286556357987
2026-06-16,2025-07-27,"2.35%",-125,2.35,0.0966054363747984
2026-06-16,2025-07-27,"2.60%",-100,2.6,0.160611935877126
2026-06-16,2025-07-27,"2.85%",-75,2.85,0.204187376883242
2026-06-16,2025-07-27,"3.10%",-50,3.1,0.198505493549916
2026-06-16,2025-07-27,"3.35%",-25,3.35,0.1475729101151
2026-06-16,2025-07-27,"3.60%",0,3.6,0.0838898391900438
2026-06-16,2025-07-27,"3.85%",25,3.85,0.0364619439667356
2026-06-16,2025-07-27,"4.10%",50,4.1,0.0121154490776776
2026-06-16,2025-07-27,"4.35%",75,4.35,0
2026-06-16,2025-07-27,"4.60%",100,4.6,0
2026-06-16,2025-07-27,"4.85%",125,4.85,0
2026-06-16,2025-07-27,"5.10%",150,5.1,0
2026-06-16,2025-07-27,"5.35%",175,5.35,0
2026-06-16,2025-07-27,"5.60%",200,5.6,0
2026-06-16,2025-07-27,"5.85%",225,5.85,0
2026-06-16,2025-07-27,"6.10%",250,6.1,0
2026-06-16,2025-07-28,"0.10%",-300,0.1,0
2026-06-16,2025-07-28,"0.35%",-300,0.35,0
2026-06-16,2025-07-28,"0.60%",-300,0.6,0
2026-06-16,2025-07-28,"0.85%",-275,0.85,0
2026-06-16,2025-07-28,"1.10%",-250,1.1,0
2026-06-16,2025-07-28,"1.35%",-225,1.35,0
2026-06-16,2025-07-28,"1.60%",-200,1.6,0
2026-06-16,2025-07-28,"1.85%",-175,1.85,0.0131699454746011
2026-06-16,2025-07-28,"2.10%",-150,2.1,0.0395303794792743
2026-06-16,2025-07-28,"2.35%",-125,2.35,0.0900466300625136
2026-06-16,2025-07-28,"2.60%",-100,2.6,0.155688398164621
2026-06-16,2025-07-28,"2.85%",-75,2.85,0.204333899999981
2026-06-16,2025-07-28,"3.10%",-50,3.1,0.203583125489276
2026-06-16,2025-07-28,"3.35%",-25,3.35,0.153978474811272
2026-06-16,2025-07-28,"3.60%",0,3.6,0.0884041713876158
2026-06-16,2025-07-28,"3.85%",25,3.85,0.0385244437954161
2026-06-16,2025-07-28,"4.10%",50,4.1,0.0127405313354288
2026-06-16,2025-07-28,"4.35%",75,4.35,0
2026-06-16,2025-07-28,"4.60%",100,4.6,0
2026-06-16,2025-07-28,"4.85%",125,4.85,0
2026-06-16,2025-07-28,"5.10%",150,5.1,0
2026-06-16,2025-07-28,"5.35%",175,5.35,0
2026-06-16,2025-07-28,"5.60%",200,5.6,0
2026-06-16,2025-07-28,"5.85%",225,5.85,0
2026-06-16,2025-07-28,"6.10%",250,6.1,0
2026-06-16,2025-07-29,"0.10%",-300,0.1,0
2026-06-16,2025-07-29,"0.35%",-300,0.35,0
2026-06-16,2025-07-29,"0.60%",-300,0.6,0
2026-06-16,2025-07-29,"0.85%",-275,0.85,0
2026-06-16,2025-07-29,"1.10%",-250,1.1,0
2026-06-16,2025-07-29,"1.35%",-225,1.35,0
2026-06-16,2025-07-29,"1.60%",-200,1.6,0
2026-06-16,2025-07-29,"1.85%",-175,1.85,0
2026-06-16,2025-07-29,"2.10%",-150,2.1,0.0312460307572224
2026-06-16,2025-07-29,"2.35%",-125,2.35,0.0742360448248907
2026-06-16,2025-07-29,"2.60%",-100,2.6,0.135777825061109
2026-06-16,2025-07-29,"2.85%",-75,2.85,0.191195272484517
2026-06-16,2025-07-29,"3.10%",-50,3.1,0.207292217914831
2026-06-16,2025-07-29,"3.35%",-25,3.35,0.173042164296194
2026-06-16,2025-07-29,"3.60%",0,3.6,0.111217110719934
2026-06-16,2025-07-29,"3.85%",25,3.85,0.0550316012813255
2026-06-16,2025-07-29,"4.10%",50,4.1,0.0209617326599765
2026-06-16,2025-07-29,"4.35%",75,4.35,0
2026-06-16,2025-07-29,"4.60%",100,4.6,0
2026-06-16,2025-07-29,"4.85%",125,4.85,0
2026-06-16,2025-07-29,"5.10%",150,5.1,0
2026-06-16,2025-07-29,"5.35%",175,5.35,0
2026-06-16,2025-07-29,"5.60%",200,5.6,0
2026-06-16,2025-07-29,"5.85%",225,5.85,0
2026-06-16,2025-07-29,"6.10%",250,6.1,0
2026-06-16,2025-07-30,"0.10%",-300,0.1,0
2026-06-16,2025-07-30,"0.35%",-300,0.35,0
2026-06-16,2025-07-30,"0.60%",-300,0.6,0
2026-06-16,2025-07-30,"0.85%",-275,0.85,0
2026-06-16,2025-07-30,"1.10%",-250,1.1,0
2026-06-16,2025-07-30,"1.35%",-225,1.35,0
2026-06-16,2025-07-30,"1.60%",-200,1.6,0
2026-06-16,2025-07-30,"1.85%",-175,1.85,0.011147573977468
2026-06-16,2025-07-30,"2.10%",-150,2.1,0.0344038776503386
2026-06-16,2025-07-30,"2.35%",-125,2.35,0.0809060047436416
2026-06-16,2025-07-30,"2.60%",-100,2.6,0.144998179788378
2026-06-16,2025-07-30,"2.85%",-75,2.85,0.198059878378453
2026-06-16,2025-07-30,"3.10%",-50,3.1,0.206208455166087
2026-06-16,2025-07-30,"3.35%",-25,3.35,0.163642286414465
2026-06-16,2025-07-30,"3.60%",0,3.6,0.0989796650830066
2026-06-16,2025-07-30,"3.85%",25,3.85,0.0456267820388133
2026-06-16,2025-07-30,"4.10%",50,4.1,0.0160272967593485
2026-06-16,2025-07-30,"4.35%",75,4.35,0
2026-06-16,2025-07-30,"4.60%",100,4.6,0
2026-06-16,2025-07-30,"4.85%",125,4.85,0
2026-06-16,2025-07-30,"5.10%",150,5.1,0
2026-06-16,2025-07-30,"5.35%",175,5.35,0
2026-06-16,2025-07-30,"5.60%",200,5.6,0
2026-06-16,2025-07-30,"5.85%",225,5.85,0
2026-06-16,2025-07-30,"6.10%",250,6.1,0
2026-06-16,2025-07-31,"0.10%",-300,0.1,0
2026-06-16,2025-07-31,"0.35%",-300,0.35,0
2026-06-16,2025-07-31,"0.60%",-300,0.6,0
2026-06-16,2025-07-31,"0.85%",-275,0.85,0
2026-06-16,2025-07-31,"1.10%",-250,1.1,0
2026-06-16,2025-07-31,"1.35%",-225,1.35,0
2026-06-16,2025-07-31,"1.60%",-200,1.6,0
2026-06-16,2025-07-31,"1.85%",-175,1.85,0.0109941368678086
2026-06-16,2025-07-31,"2.10%",-150,2.1,0.0366531923994854
2026-06-16,2025-07-31,"2.35%",-125,2.35,0.0900092775414563
2026-06-16,2025-07-31,"2.60%",-100,2.6,0.162847231953194
2026-06-16,2025-07-31,"2.85%",-75,2.85,0.217097430473886
2026-06-16,2025-07-31,"3.10%",-50,3.1,0.213275854897164
2026-06-16,2025-07-31,"3.35%",-25,3.35,0.15439720926641
2026-06-16,2025-07-31,"3.60%",0,3.6,0.0823592928155789
2026-06-16,2025-07-31,"3.85%",25,3.85,0.032366373785017
2026-06-16,2025-07-31,"4.10%",50,4.1,0
2026-06-16,2025-07-31,"4.35%",75,4.35,0
2026-06-16,2025-07-31,"4.60%",100,4.6,0
2026-06-16,2025-07-31,"4.85%",125,4.85,0
2026-06-16,2025-07-31,"5.10%",150,5.1,0
2026-06-16,2025-07-31,"5.35%",175,5.35,0
2026-06-16,2025-07-31,"5.60%",200,5.6,0
2026-06-16,2025-07-31,"5.85%",225,5.85,0
2026-06-16,2025-07-31,"6.10%",250,6.1,0
2026-06-16,2025-08-01,"0.10%",-300,0.1,0
2026-06-16,2025-08-01,"0.35%",-300,0.35,0
2026-06-16,2025-08-01,"0.60%",-300,0.6,0
2026-06-16,2025-08-01,"0.85%",-275,0.85,0
2026-06-16,2025-08-01,"1.10%",-250,1.1,0
2026-06-16,2025-08-01,"1.35%",-225,1.35,0
2026-06-16,2025-08-01,"1.60%",-200,1.6,0
2026-06-16,2025-08-01,"1.85%",-175,1.85,0.0119189394328204
2026-06-16,2025-08-01,"2.10%",-150,2.1,0.038066784072191
2026-06-16,2025-08-01,"2.35%",-125,2.35,0.090536423868616
2026-06-16,2025-08-01,"2.60%",-100,2.6,0.160379754219282
2026-06-16,2025-08-01,"2.85%",-75,2.85,0.211631241379558
2026-06-16,2025-08-01,"3.10%",-50,3.1,0.208037320137583
2026-06-16,2025-08-01,"3.35%",-25,3.35,0.152346424648697
2026-06-16,2025-08-01,"3.60%",0,3.6,0.0831040728204143
2026-06-16,2025-08-01,"3.85%",25,3.85,0.0337639543675457
2026-06-16,2025-08-01,"4.10%",50,4.1,0.0102150850532922
2026-06-16,2025-08-01,"4.35%",75,4.35,0
2026-06-16,2025-08-01,"4.60%",100,4.6,0
2026-06-16,2025-08-01,"4.85%",125,4.85,0
2026-06-16,2025-08-01,"5.10%",150,5.1,0
2026-06-16,2025-08-01,"5.35%",175,5.35,0
2026-06-16,2025-08-01,"5.60%",200,5.6,0
2026-06-16,2025-08-01,"5.85%",225,5.85,0
2026-06-16,2025-08-01,"6.10%",250,6.1,0
2026-06-16,2025-08-03,"0.10%",-300,0.1,0
2026-06-16,2025-08-03,"0.35%",-300,0.35,0
2026-06-16,2025-08-03,"0.60%",-300,0.6,0
2026-06-16,2025-08-03,"0.85%",-275,0.85,0
2026-06-16,2025-08-03,"1.10%",-250,1.1,0
2026-06-16,2025-08-03,"1.35%",-225,1.35,0
2026-06-16,2025-08-03,"1.60%",-200,1.6,0
2026-06-16,2025-08-03,"1.85%",-175,1.85,0.0105174140624135
2026-06-16,2025-08-03,"2.10%",-150,2.1,0.0326422428224428
2026-06-16,2025-08-03,"2.35%",-125,2.35,0.0774363168409385
2026-06-16,2025-08-03,"2.60%",-100,2.6,0.140431186353431
2026-06-16,2025-08-03,"2.85%",-75,2.85,0.194706140847199
2026-06-16,2025-08-03,"3.10%",-50,3.1,0.206403492438166
2026-06-16,2025-08-03,"3.35%",-25,3.35,0.167293890737472
2026-06-16,2025-08-03,"3.60%",0,3.6,0.103670023219051
2026-06-16,2025-08-03,"3.85%",25,3.85,0.0491135627691385
2026-06-16,2025-08-03,"4.10%",50,4.1,0.0177857299097486
2026-06-16,2025-08-03,"4.35%",75,4.35,0
2026-06-16,2025-08-03,"4.60%",100,4.6,0
2026-06-16,2025-08-03,"4.85%",125,4.85,0
2026-06-16,2025-08-03,"5.10%",150,5.1,0
2026-06-16,2025-08-03,"5.35%",175,5.35,0
2026-06-16,2025-08-03,"5.60%",200,5.6,0
2026-06-16,2025-08-03,"5.85%",225,5.85,0
2026-06-16,2025-08-03,"6.10%",250,6.1,0
2026-06-16,2025-08-04,"0.10%",-300,0.1,0
2026-06-16,2025-08-04,"0.35%",-300,0.35,0
2026-06-16,2025-08-04,"0.60%",-300,0.6,0
2026-06-16,2025-08-04,"0.85%",-275,0.85,0
2026-06-16,2025-08-04,"1.10%",-250,1.1,0
2026-06-16,2025-08-04,"1.35%",-225,1.35,0
2026-06-16,2025-08-04,"1.60%",-200,1.6,0
2026-06-16,2025-08-04,"1.85%",-175,1.85,0
2026-06-16,2025-08-04,"2.10%",-150,2.1,0.0274387204686576
2026-06-16,2025-08-04,"2.35%",-125,2.35,0.0667999723044326
2026-06-16,2025-08-04,"2.60%",-100,2.6,0.125788526194343
2026-06-16,2025-08-04,"2.85%",-75,2.85,0.18323053541793
2026-06-16,2025-08-04,"3.10%",-50,3.1,0.206476617900233
2026-06-16,2025-08-04,"3.35%",-25,3.35,0.179998071605538
2026-06-16,2025-08-04,"3.60%",0,3.6,0.121389153169759
2026-06-16,2025-08-04,"3.85%",25,3.85,0.0633259512877929
2026-06-16,2025-08-04,"4.10%",50,4.1,0.0255524516513147
2026-06-16,2025-08-04,"4.35%",75,4.35,0
2026-06-16,2025-08-04,"4.60%",100,4.6,0
2026-06-16,2025-08-04,"4.85%",125,4.85,0
2026-06-16,2025-08-04,"5.10%",150,5.1,0
2026-06-16,2025-08-04,"5.35%",175,5.35,0
2026-06-16,2025-08-04,"5.60%",200,5.6,0
2026-06-16,2025-08-04,"5.85%",225,5.85,0
2026-06-16,2025-08-04,"6.10%",250,6.1,0
2026-06-16,2025-08-05,"0.10%",-300,0.1,0
2026-06-16,2025-08-05,"0.35%",-300,0.35,0
2026-06-16,2025-08-05,"0.60%",-300,0.6,0
2026-06-16,2025-08-05,"0.85%",-275,0.85,0
2026-06-16,2025-08-05,"1.10%",-250,1.1,0
2026-06-16,2025-08-05,"1.35%",-225,1.35,0
2026-06-16,2025-08-05,"1.60%",-200,1.6,0
2026-06-16,2025-08-05,"1.85%",-175,1.85,0
2026-06-16,2025-08-05,"2.10%",-150,2.1,0.0230142622790308
2026-06-16,2025-08-05,"2.35%",-125,2.35,0.0617861571599964
2026-06-16,2025-08-05,"2.60%",-100,2.6,0.12472477972932
2026-06-16,2025-08-05,"2.85%",-75,2.85,0.189339826264764
2026-06-16,2025-08-05,"3.10%",-50,3.1,0.216170090938347
2026-06-16,2025-08-05,"3.35%",-25,3.35,0.185620291728829
2026-06-16,2025-08-05,"3.60%",0,3.6,0.119872051149697
2026-06-16,2025-08-05,"3.85%",25,3.85,0.0582149642264923
2026-06-16,2025-08-05,"4.10%",50,4.1,0.0212575765235252
2026-06-16,2025-08-05,"4.35%",75,4.35,0
2026-06-16,2025-08-05,"4.60%",100,4.6,0
2026-06-16,2025-08-05,"4.85%",125,4.85,0
2026-06-16,2025-08-05,"5.10%",150,5.1,0
2026-06-16,2025-08-05,"5.35%",175,5.35,0
2026-06-16,2025-08-05,"5.60%",200,5.6,0
2026-06-16,2025-08-05,"5.85%",225,5.85,0
2026-06-16,2025-08-05,"6.10%",250,6.1,0
2026-06-16,2025-08-06,"0.10%",-300,0.1,0
2026-06-16,2025-08-06,"0.35%",-300,0.35,0
2026-06-16,2025-08-06,"0.60%",-300,0.6,0
2026-06-16,2025-08-06,"0.85%",-275,0.85,0
2026-06-16,2025-08-06,"1.10%",-250,1.1,0
2026-06-16,2025-08-06,"1.35%",-225,1.35,0
2026-06-16,2025-08-06,"1.60%",-200,1.6,0
2026-06-16,2025-08-06,"1.85%",-175,1.85,0
2026-06-16,2025-08-06,"2.10%",-150,2.1,0.0244881588733985
2026-06-16,2025-08-06,"2.35%",-125,2.35,0.0635255425168228
2026-06-16,2025-08-06,"2.60%",-100,2.6,0.125145843552284
2026-06-16,2025-08-06,"2.85%",-75,2.85,0.187246024122514
2026-06-16,2025-08-06,"3.10%",-50,3.1,0.212798599154063
2026-06-16,2025-08-06,"3.35%",-25,3.35,0.183694073302695
2026-06-16,2025-08-06,"3.60%",0,3.6,0.120442561131539
2026-06-16,2025-08-06,"3.85%",25,3.85,0.0599777194076317
2026-06-16,2025-08-06,"4.10%",50,4.1,0.022681477939052
2026-06-16,2025-08-06,"4.35%",75,4.35,0
2026-06-16,2025-08-06,"4.60%",100,4.6,0
2026-06-16,2025-08-06,"4.85%",125,4.85,0
2026-06-16,2025-08-06,"5.10%",150,5.1,0
2026-06-16,2025-08-06,"5.35%",175,5.35,0
2026-06-16,2025-08-06,"5.60%",200,5.6,0
2026-06-16,2025-08-06,"5.85%",225,5.85,0
2026-06-16,2025-08-06,"6.10%",250,6.1,0
2026-06-16,2025-08-07,"0.10%",-300,0.1,0
2026-06-16,2025-08-07,"0.35%",-300,0.35,0
2026-06-16,2025-08-07,"0.60%",-300,0.6,0
2026-06-16,2025-08-07,"0.85%",-275,0.85,0
2026-06-16,2025-08-07,"1.10%",-250,1.1,0
2026-06-16,2025-08-07,"1.35%",-225,1.35,0
2026-06-16,2025-08-07,"1.60%",-200,1.6,0
2026-06-16,2025-08-07,"1.85%",-175,1.85,0
2026-06-16,2025-08-07,"2.10%",-150,2.1,0.0242092288771609
2026-06-16,2025-08-07,"2.35%",-125,2.35,0.0623656521872675
2026-06-16,2025-08-07,"2.60%",-100,2.6,0.122641784650379
2026-06-16,2025-08-07,"2.85%",-75,2.85,0.184123486671834
2026-06-16,2025-08-07,"3.10%",-50,3.1,0.211051265011489
2026-06-16,2025-08-07,"3.35%",-25,3.35,0.184707730269481
2026-06-16,2025-08-07,"3.60%",0,3.6,0.12342139834611
2026-06-16,2025-08-07,"3.85%",25,3.85,0.0629613537646759
2026-06-16,2025-08-07,"4.10%",50,4.1,0.0245181002216034
2026-06-16,2025-08-07,"4.35%",75,4.35,0
2026-06-16,2025-08-07,"4.60%",100,4.6,0
2026-06-16,2025-08-07,"4.85%",125,4.85,0
2026-06-16,2025-08-07,"5.10%",150,5.1,0
2026-06-16,2025-08-07,"5.35%",175,5.35,0
2026-06-16,2025-08-07,"5.60%",200,5.6,0
2026-06-16,2025-08-07,"5.85%",225,5.85,0
2026-06-16,2025-08-07,"6.10%",250,6.1,0
2026-06-16,2025-08-10,"0.10%",-300,0.1,0
2026-06-16,2025-08-10,"0.35%",-300,0.35,0
2026-06-16,2025-08-10,"0.60%",-300,0.6,0
2026-06-16,2025-08-10,"0.85%",-275,0.85,0
2026-06-16,2025-08-10,"1.10%",-250,1.1,0
2026-06-16,2025-08-10,"1.35%",-225,1.35,0
2026-06-16,2025-08-10,"1.60%",-200,1.6,0
2026-06-16,2025-08-10,"1.85%",-175,1.85,0
2026-06-16,2025-08-10,"2.10%",-150,2.1,0.0171206163601292
2026-06-16,2025-08-10,"2.35%",-125,2.35,0.0531786623622679
2026-06-16,2025-08-10,"2.60%",-100,2.6,0.11952411834861
2026-06-16,2025-08-10,"2.85%",-75,2.85,0.194435067150104
2026-06-16,2025-08-10,"3.10%",-50,3.1,0.228958721770604
2026-06-16,2025-08-10,"3.35%",-25,3.35,0.19517525226501
2026-06-16,2025-08-10,"3.60%",0,3.6,0.12043600868921
2026-06-16,2025-08-10,"3.85%",25,3.85,0.053788549287427
2026-06-16,2025-08-10,"4.10%",50,4.1,0.0173830037666385
2026-06-16,2025-08-10,"4.35%",75,4.35,0
2026-06-16,2025-08-10,"4.60%",100,4.6,0
2026-06-16,2025-08-10,"4.85%",125,4.85,0
2026-06-16,2025-08-10,"5.10%",150,5.1,0
2026-06-16,2025-08-10,"5.35%",175,5.35,0
2026-06-16,2025-08-10,"5.60%",200,5.6,0
2026-06-16,2025-08-10,"5.85%",225,5.85,0
2026-06-16,2025-08-10,"6.10%",250,6.1,0
2026-06-16,2025-08-11,"0.10%",-300,0.1,0
2026-06-16,2025-08-11,"0.35%",-300,0.35,0
2026-06-16,2025-08-11,"0.60%",-300,0.6,0
2026-06-16,2025-08-11,"0.85%",-275,0.85,0
2026-06-16,2025-08-11,"1.10%",-250,1.1,0
2026-06-16,2025-08-11,"1.35%",-225,1.35,0
2026-06-16,2025-08-11,"1.60%",-200,1.6,0
2026-06-16,2025-08-11,"1.85%",-175,1.85,0
2026-06-16,2025-08-11,"2.10%",-150,2.1,0.0142026875773041
2026-06-16,2025-08-11,"2.35%",-125,2.35,0.0486531094240277
2026-06-16,2025-08-11,"2.60%",-100,2.6,0.117294927229591
2026-06-16,2025-08-11,"2.85%",-75,2.85,0.199074643917003
2026-06-16,2025-08-11,"3.10%",-50,3.1,0.237907462896097
2026-06-16,2025-08-11,"3.35%",-25,3.35,0.200209924627936
2026-06-16,2025-08-11,"3.60%",0,3.6,0.118636818705802
2026-06-16,2025-08-11,"3.85%",25,3.85,0.0494906685999819
2026-06-16,2025-08-11,"4.10%",50,4.1,0.0145297570222573
2026-06-16,2025-08-11,"4.35%",75,4.35,0
2026-06-16,2025-08-11,"4.60%",100,4.6,0
2026-06-16,2025-08-11,"4.85%",125,4.85,0
2026-06-16,2025-08-11,"5.10%",150,5.1,0
2026-06-16,2025-08-11,"5.35%",175,5.35,0
2026-06-16,2025-08-11,"5.60%",200,5.6,0
2026-06-16,2025-08-11,"5.85%",225,5.85,0
2026-06-16,2025-08-11,"6.10%",250,6.1,0
2026-06-16,2025-08-12,"0.10%",-300,0.1,0
2026-06-16,2025-08-12,"0.35%",-300,0.35,0
2026-06-16,2025-08-12,"0.60%",-300,0.6,0
2026-06-16,2025-08-12,"0.85%",-275,0.85,0
2026-06-16,2025-08-12,"1.10%",-250,1.1,0
2026-06-16,2025-08-12,"1.35%",-225,1.35,0
2026-06-16,2025-08-12,"1.60%",-200,1.6,0
2026-06-16,2025-08-12,"1.85%",-175,1.85,0
2026-06-16,2025-08-12,"2.10%",-150,2.1,0.0144291972274556
2026-06-16,2025-08-12,"2.35%",-125,2.35,0.0490849361712089
2026-06-16,2025-08-12,"2.60%",-100,2.6,0.117706974250761
2026-06-16,2025-08-12,"2.85%",-75,2.85,0.199040229577043
2026-06-16,2025-08-12,"3.10%",-50,3.1,0.237383059797694
2026-06-16,2025-08-12,"3.35%",-25,3.35,0.199690785913357
2026-06-16,2025-08-12,"3.60%",0,3.6,0.118477821397836
2026-06-16,2025-08-12,"3.85%",25,3.85,0.0495680509308148
2026-06-16,2025-08-12,"4.10%",50,4.1,0.0146189447338293
2026-06-16,2025-08-12,"4.35%",75,4.35,0
2026-06-16,2025-08-12,"4.60%",100,4.6,0
2026-06-16,2025-08-12,"4.85%",125,4.85,0
2026-06-16,2025-08-12,"5.10%",150,5.1,0
2026-06-16,2025-08-12,"5.35%",175,5.35,0
2026-06-16,2025-08-12,"5.60%",200,5.6,0
2026-06-16,2025-08-12,"5.85%",225,5.85,0
2026-06-16,2025-08-12,"6.10%",250,6.1,0
2026-06-16,2025-08-13,"0.10%",-300,0.1,0
2026-06-16,2025-08-13,"0.35%",-300,0.35,0
2026-06-16,2025-08-13,"0.60%",-300,0.6,0
2026-06-16,2025-08-13,"0.85%",-275,0.85,0
2026-06-16,2025-08-13,"1.10%",-250,1.1,0
2026-06-16,2025-08-13,"1.35%",-225,1.35,0
2026-06-16,2025-08-13,"1.60%",-200,1.6,0
2026-06-16,2025-08-13,"1.85%",-175,1.85,0
2026-06-16,2025-08-13,"2.10%",-150,2.1,0.0159746294216236
2026-06-16,2025-08-13,"2.35%",-125,2.35,0.0515220159940094
2026-06-16,2025-08-13,"2.60%",-100,2.6,0.118928050961323
2026-06-16,2025-08-13,"2.85%",-75,2.85,0.196526002996398
2026-06-16,2025-08-13,"3.10%",-50,3.1,0.232526006131242
2026-06-16,2025-08-13,"3.35%",-25,3.35,0.196998641219395
2026-06-16,2025-08-13,"3.60%",0,3.6,0.119500869930612
2026-06-16,2025-08-13,"3.85%",25,3.85,0.0518948002206304
2026-06-16,2025-08-13,"4.10%",50,4.1,0.0161289831247668
2026-06-16,2025-08-13,"4.35%",75,4.35,0
2026-06-16,2025-08-13,"4.60%",100,4.6,0
2026-06-16,2025-08-13,"4.85%",125,4.85,0
2026-06-16,2025-08-13,"5.10%",150,5.1,0
2026-06-16,2025-08-13,"5.35%",175,5.35,0
2026-06-16,2025-08-13,"5.60%",200,5.6,0
2026-06-16,2025-08-13,"5.85%",225,5.85,0
2026-06-16,2025-08-13,"6.10%",250,6.1,0
2026-06-16,2025-08-14,"0.10%",-300,0.1,0
2026-06-16,2025-08-14,"0.35%",-300,0.35,0
2026-06-16,2025-08-14,"0.60%",-300,0.6,0
2026-06-16,2025-08-14,"0.85%",-275,0.85,0
2026-06-16,2025-08-14,"1.10%",-250,1.1,0
2026-06-16,2025-08-14,"1.35%",-225,1.35,0
2026-06-16,2025-08-14,"1.60%",-200,1.6,0
2026-06-16,2025-08-14,"1.85%",-175,1.85,0
2026-06-16,2025-08-14,"2.10%",-150,2.1,0.0182398058044526
2026-06-16,2025-08-14,"2.35%",-125,2.35,0.0548224895036022
2026-06-16,2025-08-14,"2.60%",-100,2.6,0.120332536110428
2026-06-16,2025-08-14,"2.85%",-75,2.85,0.192922567252645
2026-06-16,2025-08-14,"3.10%",-50,3.1,0.225951048990259
2026-06-16,2025-08-14,"3.35%",-25,3.35,0.193328560560104
2026-06-16,2025-08-14,"3.60%",0,3.6,0.120839603296681
2026-06-16,2025-08-14,"3.85%",25,3.85,0.0551694558641563
2026-06-16,2025-08-14,"4.10%",50,4.1,0.018393932617673
2026-06-16,2025-08-14,"4.35%",75,4.35,0
2026-06-16,2025-08-14,"4.60%",100,4.6,0
2026-06-16,2025-08-14,"4.85%",125,4.85,0
2026-06-16,2025-08-14,"5.10%",150,5.1,0
2026-06-16,2025-08-14,"5.35%",175,5.35,0
2026-06-16,2025-08-14,"5.60%",200,5.6,0
2026-06-16,2025-08-14,"5.85%",225,5.85,0
2026-06-16,2025-08-14,"6.10%",250,6.1,0
2026-06-16,2025-08-17,"0.10%",-300,0.1,0
2026-06-16,2025-08-17,"0.35%",-300,0.35,0
2026-06-16,2025-08-17,"0.60%",-300,0.6,0
2026-06-16,2025-08-17,"0.85%",-275,0.85,0
2026-06-16,2025-08-17,"1.10%",-250,1.1,0
2026-06-16,2025-08-17,"1.35%",-225,1.35,0
2026-06-16,2025-08-17,"1.60%",-200,1.6,0
2026-06-16,2025-08-17,"1.85%",-175,1.85,0
2026-06-16,2025-08-17,"2.10%",-150,2.1,0.0134285718384502
2026-06-16,2025-08-17,"2.35%",-125,2.35,0.0474483429236123
2026-06-16,2025-08-17,"2.60%",-100,2.6,0.116898634382856
2026-06-16,2025-08-17,"2.85%",-75,2.85,0.200885846663454
2026-06-16,2025-08-17,"3.10%",-50,3.1,0.240844889472697
2026-06-16,2025-08-17,"3.35%",-25,3.35,0.201468344808758
2026-06-16,2025-08-17,"3.60%",0,3.6,0.117577689169999
2026-06-16,2025-08-17,"3.85%",25,3.85,0.0478625193157959
2026-06-16,2025-08-17,"4.10%",50,4.1,0.0135851614243789
2026-06-16,2025-08-17,"4.35%",75,4.35,0
2026-06-16,2025-08-17,"4.60%",100,4.6,0
2026-06-16,2025-08-17,"4.85%",125,4.85,0
2026-06-16,2025-08-17,"5.10%",150,5.1,0
2026-06-16,2025-08-17,"5.35%",175,5.35,0
2026-06-16,2025-08-17,"5.60%",200,5.6,0
2026-06-16,2025-08-17,"5.85%",225,5.85,0
2026-06-16,2025-08-17,"6.10%",250,6.1,0
2026-06-16,2025-08-18,"0.10%",-300,0.1,0
2026-06-16,2025-08-18,"0.35%",-300,0.35,0
2026-06-16,2025-08-18,"0.60%",-300,0.6,0
2026-06-16,2025-08-18,"0.85%",-275,0.85,0
2026-06-16,2025-08-18,"1.10%",-250,1.1,0
2026-06-16,2025-08-18,"1.35%",-225,1.35,0
2026-06-16,2025-08-18,"1.60%",-200,1.6,0
2026-06-16,2025-08-18,"1.85%",-175,1.85,0
2026-06-16,2025-08-18,"2.10%",-150,2.1,0.0125120276828676
2026-06-16,2025-08-18,"2.35%",-125,2.35,0.0458388260021644
2026-06-16,2025-08-18,"2.60%",-100,2.6,0.115909030998792
2026-06-16,2025-08-18,"2.85%",-75,2.85,0.202372408753336
2026-06-16,2025-08-18,"3.10%",-50,3.1,0.244030304278131
2026-06-16,2025-08-18,"3.35%",-25,3.35,0.20325059668853
2026-06-16,2025-08-18,"3.60%",0,3.6,0.116917410192137
2026-06-16,2025-08-18,"3.85%",25,3.85,0.0464385269427708
2026-06-16,2025-08-18,"4.10%",50,4.1,0.0127308684612707
2026-06-16,2025-08-18,"4.35%",75,4.35,0
2026-06-16,2025-08-18,"4.60%",100,4.6,0
2026-06-16,2025-08-18,"4.85%",125,4.85,0
2026-06-16,2025-08-18,"5.10%",150,5.1,0
2026-06-16,2025-08-18,"5.35%",175,5.35,0
2026-06-16,2025-08-18,"5.60%",200,5.6,0
2026-06-16,2025-08-18,"5.85%",225,5.85,0
2026-06-16,2025-08-18,"6.10%",250,6.1,0
2026-06-16,2025-08-19,"0.10%",-300,0.1,0
2026-06-16,2025-08-19,"0.35%",-300,0.35,0
2026-06-16,2025-08-19,"0.60%",-300,0.6,0
2026-06-16,2025-08-19,"0.85%",-275,0.85,0
2026-06-16,2025-08-19,"1.10%",-250,1.1,0
2026-06-16,2025-08-19,"1.35%",-225,1.35,0
2026-06-16,2025-08-19,"1.60%",-200,1.6,0
2026-06-16,2025-08-19,"1.85%",-175,1.85,0
2026-06-16,2025-08-19,"2.10%",-150,2.1,0.0164571751984595
2026-06-16,2025-08-19,"2.35%",-125,2.35,0.054953251626669
2026-06-16,2025-08-19,"2.60%",-100,2.6,0.12830052563421
2026-06-16,2025-08-19,"2.85%",-75,2.85,0.209509311859317
2026-06-16,2025-08-19,"3.10%",-50,3.1,0.239333789884177
2026-06-16,2025-08-19,"3.35%",-25,3.35,0.191273256815031
2026-06-16,2025-08-19,"3.60%",0,3.6,0.106933586679573
2026-06-16,2025-08-19,"3.85%",25,3.85,0.041810231121512
2026-06-16,2025-08-19,"4.10%",50,4.1,0.0114288711810519
2026-06-16,2025-08-19,"4.35%",75,4.35,0
2026-06-16,2025-08-19,"4.60%",100,4.6,0
2026-06-16,2025-08-19,"4.85%",125,4.85,0
2026-06-16,2025-08-19,"5.10%",150,5.1,0
2026-06-16,2025-08-19,"5.35%",175,5.35,0
2026-06-16,2025-08-19,"5.60%",200,5.6,0
2026-06-16,2025-08-19,"5.85%",225,5.85,0
2026-06-16,2025-08-19,"6.10%",250,6.1,0
2026-06-16,2025-08-20,"0.10%",-300,0.1,0
2026-06-16,2025-08-20,"0.35%",-300,0.35,0
2026-06-16,2025-08-20,"0.60%",-300,0.6,0
2026-06-16,2025-08-20,"0.85%",-275,0.85,0
2026-06-16,2025-08-20,"1.10%",-250,1.1,0
2026-06-16,2025-08-20,"1.35%",-225,1.35,0
2026-06-16,2025-08-20,"1.60%",-200,1.6,0
2026-06-16,2025-08-20,"1.85%",-175,1.85,0
2026-06-16,2025-08-20,"2.10%",-150,2.1,0.0149176644040451
2026-06-16,2025-08-20,"2.35%",-125,2.35,0.0525204844611678
2026-06-16,2025-08-20,"2.60%",-100,2.6,0.127284236059211
2026-06-16,2025-08-20,"2.85%",-75,2.85,0.212425992708307
2026-06-16,2025-08-20,"3.10%",-50,3.1,0.244191154667977
2026-06-16,2025-08-20,"3.35%",-25,3.35,0.193361397602021
2026-06-16,2025-08-20,"3.60%",0,3.6,0.105458083494645
2026-06-16,2025-08-20,"3.85%",25,3.85,0.0396041237658792
2026-06-16,2025-08-20,"4.10%",50,4.1,0.0102368628367469
2026-06-16,2025-08-20,"4.35%",75,4.35,0
2026-06-16,2025-08-20,"4.60%",100,4.6,0
2026-06-16,2025-08-20,"4.85%",125,4.85,0
2026-06-16,2025-08-20,"5.10%",150,5.1,0
2026-06-16,2025-08-20,"5.35%",175,5.35,0
2026-06-16,2025-08-20,"5.60%",200,5.6,0
2026-06-16,2025-08-20,"5.85%",225,5.85,0
2026-06-16,2025-08-20,"6.10%",250,6.1,0
2026-06-16,2025-08-21,"0.10%",-300,0.1,0
2026-06-16,2025-08-21,"0.35%",-300,0.35,0
2026-06-16,2025-08-21,"0.60%",-300,0.6,0
2026-06-16,2025-08-21,"0.85%",-275,0.85,0
2026-06-16,2025-08-21,"1.10%",-250,1.1,0
2026-06-16,2025-08-21,"1.35%",-225,1.35,0
2026-06-16,2025-08-21,"1.60%",-200,1.6,0
2026-06-16,2025-08-21,"1.85%",-175,1.85,0
2026-06-16,2025-08-21,"2.10%",-150,2.1,0.0126456157687882
2026-06-16,2025-08-21,"2.35%",-125,2.35,0.0488962646125867
2026-06-16,2025-08-21,"2.60%",-100,2.6,0.126559803857604
2026-06-16,2025-08-21,"2.85%",-75,2.85,0.219393969681033
2026-06-16,2025-08-21,"3.10%",-50,3.1,0.254799559276983
2026-06-16,2025-08-21,"3.35%",-25,3.35,0.198269396843617
2026-06-16,2025-08-21,"3.60%",0,3.6,0.103355200489645
2026-06-16,2025-08-21,"3.85%",25,3.85,0.0360801894697432
2026-06-16,2025-08-21,"4.10%",50,4.1,0
2026-06-16,2025-08-21,"4.35%",75,4.35,0
2026-06-16,2025-08-21,"4.60%",100,4.6,0
2026-06-16,2025-08-21,"4.85%",125,4.85,0
2026-06-16,2025-08-21,"5.10%",150,5.1,0
2026-06-16,2025-08-21,"5.35%",175,5.35,0
2026-06-16,2025-08-21,"5.60%",200,5.6,0
2026-06-16,2025-08-21,"5.85%",225,5.85,0
2026-06-16,2025-08-21,"6.10%",250,6.1,0
2026-06-16,2025-08-24,"0.10%",-300,0.1,0
2026-06-16,2025-08-24,"0.35%",-300,0.35,0
2026-06-16,2025-08-24,"0.60%",-300,0.6,0
2026-06-16,2025-08-24,"0.85%",-275,0.85,0
2026-06-16,2025-08-24,"1.10%",-250,1.1,0
2026-06-16,2025-08-24,"1.35%",-225,1.35,0
2026-06-16,2025-08-24,"1.60%",-200,1.6,0
2026-06-16,2025-08-24,"1.85%",-175,1.85,0
2026-06-16,2025-08-24,"2.10%",-150,2.1,0.0126368251808024
2026-06-16,2025-08-24,"2.35%",-125,2.35,0.0488871833750767
2026-06-16,2025-08-24,"2.60%",-100,2.6,0.12657650347845
2026-06-16,2025-08-24,"2.85%",-75,2.85,0.219450704497718
2026-06-16,2025-08-24,"3.10%",-50,3.1,0.254849162172227
2026-06-16,2025-08-24,"3.35%",-25,3.35,0.198257561487344
2026-06-16,2025-08-24,"3.60%",0,3.6,0.103303035073872
2026-06-16,2025-08-24,"3.85%",25,3.85,0.0360390247345093
2026-06-16,2025-08-24,"4.10%",50,4.1,0
2026-06-16,2025-08-24,"4.35%",75,4.35,0
2026-06-16,2025-08-24,"4.60%",100,4.6,0
2026-06-16,2025-08-24,"4.85%",125,4.85,0
2026-06-16,2025-08-24,"5.10%",150,5.1,0
2026-06-16,2025-08-24,"5.35%",175,5.35,0
2026-06-16,2025-08-24,"5.60%",200,5.6,0
2026-06-16,2025-08-24,"5.85%",225,5.85,0
2026-06-16,2025-08-24,"6.10%",250,6.1,0
2026-06-16,2025-08-25,"0.10%",-300,0.1,0
2026-06-16,2025-08-25,"0.35%",-300,0.35,0
2026-06-16,2025-08-25,"0.60%",-300,0.6,0
2026-06-16,2025-08-25,"0.85%",-275,0.85,0
2026-06-16,2025-08-25,"1.10%",-250,1.1,0
2026-06-16,2025-08-25,"1.35%",-225,1.35,0
2026-06-16,2025-08-25,"1.60%",-200,1.6,0
2026-06-16,2025-08-25,"1.85%",-175,1.85,0
2026-06-16,2025-08-25,"2.10%",-150,2.1,0.0130646788592838
2026-06-16,2025-08-25,"2.35%",-125,2.35,0.0496482528779278
2026-06-16,2025-08-25,"2.60%",-100,2.6,0.126951722610642
2026-06-16,2025-08-25,"2.85%",-75,2.85,0.218532437235986
2026-06-16,2025-08-25,"3.10%",-50,3.1,0.253317574202955
2026-06-16,2025-08-25,"3.35%",-25,3.35,0.197752885301976
2026-06-16,2025-08-25,"3.60%",0,3.6,0.103950907214083
2026-06-16,2025-08-25,"3.85%",25,3.85,0.0367815416971467
2026-06-16,2025-08-25,"4.10%",50,4.1,0
2026-06-16,2025-08-25,"4.35%",75,4.35,0
2026-06-16,2025-08-25,"4.60%",100,4.6,0
2026-06-16,2025-08-25,"4.85%",125,4.85,0
2026-06-16,2025-08-25,"5.10%",150,5.1,0
2026-06-16,2025-08-25,"5.35%",175,5.35,0
2026-06-16,2025-08-25,"5.60%",200,5.6,0
2026-06-16,2025-08-25,"5.85%",225,5.85,0
2026-06-16,2025-08-25,"6.10%",250,6.1,0
2026-06-16,2025-08-26,"0.10%",-300,0.1,0
2026-06-16,2025-08-26,"0.35%",-300,0.35,0
2026-06-16,2025-08-26,"0.60%",-300,0.6,0
2026-06-16,2025-08-26,"0.85%",-275,0.85,0
2026-06-16,2025-08-26,"1.10%",-250,1.1,0
2026-06-16,2025-08-26,"1.35%",-225,1.35,0
2026-06-16,2025-08-26,"1.60%",-200,1.6,0
2026-06-16,2025-08-26,"1.85%",-175,1.85,0
2026-06-16,2025-08-26,"2.10%",-150,2.1,0.0140697385997548
2026-06-16,2025-08-26,"2.35%",-125,2.35,0.0513655245419556
2026-06-16,2025-08-26,"2.60%",-100,2.6,0.127717282529567
2026-06-16,2025-08-26,"2.85%",-75,2.85,0.216375862770236
2026-06-16,2025-08-26,"3.10%",-50,3.1,0.249840905896936
2026-06-16,2025-08-26,"3.35%",-25,3.35,0.196628171075556
2026-06-16,2025-08-26,"3.60%",0,3.6,0.105463571543896
2026-06-16,2025-08-26,"3.85%",25,3.85,0.0385389430420984
2026-06-16,2025-08-26,"4.10%",50,4.1,0
2026-06-16,2025-08-26,"4.35%",75,4.35,0
2026-06-16,2025-08-26,"4.60%",100,4.6,0
2026-06-16,2025-08-26,"4.85%",125,4.85,0
2026-06-16,2025-08-26,"5.10%",150,5.1,0
2026-06-16,2025-08-26,"5.35%",175,5.35,0
2026-06-16,2025-08-26,"5.60%",200,5.6,0
2026-06-16,2025-08-26,"5.85%",225,5.85,0
2026-06-16,2025-08-26,"6.10%",250,6.1,0
2026-06-16,2025-08-27,"0.10%",-300,0.1,0
2026-06-16,2025-08-27,"0.35%",-300,0.35,0
2026-06-16,2025-08-27,"0.60%",-300,0.6,0
2026-06-16,2025-08-27,"0.85%",-275,0.85,0
2026-06-16,2025-08-27,"1.10%",-250,1.1,0
2026-06-16,2025-08-27,"1.35%",-225,1.35,0
2026-06-16,2025-08-27,"1.60%",-200,1.6,0
2026-06-16,2025-08-27,"1.85%",-175,1.85,0
2026-06-16,2025-08-27,"2.10%",-150,2.1,0
2026-06-16,2025-08-27,"2.35%",-125,2.35,0.0386987837579037
2026-06-16,2025-08-27,"2.60%",-100,2.6,0.120647678663843
2026-06-16,2025-08-27,"2.85%",-75,2.85,0.232959946105534
2026-06-16,2025-08-27,"3.10%",-50,3.1,0.278781017233754
2026-06-16,2025-08-27,"3.35%",-25,3.35,0.206796650965991
2026-06-16,2025-08-27,"3.60%",0,3.6,0.0950586971499606
2026-06-16,2025-08-27,"3.85%",25,3.85,0.0270572261230135
2026-06-16,2025-08-27,"4.10%",50,4.1,0
2026-06-16,2025-08-27,"4.35%",75,4.35,0
2026-06-16,2025-08-27,"4.60%",100,4.6,0
2026-06-16,2025-08-27,"4.85%",125,4.85,0
2026-06-16,2025-08-27,"5.10%",150,5.1,0
2026-06-16,2025-08-27,"5.35%",175,5.35,0
2026-06-16,2025-08-27,"5.60%",200,5.6,0
2026-06-16,2025-08-27,"5.85%",225,5.85,0
2026-06-16,2025-08-27,"6.10%",250,6.1,0
2026-06-16,2025-08-28,"0.10%",-300,0.1,0
2026-06-16,2025-08-28,"0.35%",-300,0.35,0
2026-06-16,2025-08-28,"0.60%",-300,0.6,0
2026-06-16,2025-08-28,"0.85%",-275,0.85,0
2026-06-16,2025-08-28,"1.10%",-250,1.1,0
2026-06-16,2025-08-28,"1.35%",-225,1.35,0
2026-06-16,2025-08-28,"1.60%",-200,1.6,0
2026-06-16,2025-08-28,"1.85%",-175,1.85,0
2026-06-16,2025-08-28,"2.10%",-150,2.1,0
2026-06-16,2025-08-28,"2.35%",-125,2.35,0.0258326232596479
2026-06-16,2025-08-28,"2.60%",-100,2.6,0.108036146715377
2026-06-16,2025-08-28,"2.85%",-75,2.85,0.247137900810294
2026-06-16,2025-08-28,"3.10%",-50,3.1,0.309726547300377
2026-06-16,2025-08-28,"3.35%",-25,3.35,0.212758704804504
2026-06-16,2025-08-28,"3.60%",0,3.6,0.0800449949109029
2026-06-16,2025-08-28,"3.85%",25,3.85,0.0164630821988968
2026-06-16,2025-08-28,"4.10%",50,4.1,0
2026-06-16,2025-08-28,"4.35%",75,4.35,0
2026-06-16,2025-08-28,"4.60%",100,4.6,0
2026-06-16,2025-08-28,"4.85%",125,4.85,0
2026-06-16,2025-08-28,"5.10%",150,5.1,0
2026-06-16,2025-08-28,"5.35%",175,5.35,0
2026-06-16,2025-08-28,"5.60%",200,5.6,0
2026-06-16,2025-08-28,"5.85%",225,5.85,0
2026-06-16,2025-08-28,"6.10%",250,6.1,0
2026-06-16,2025-08-31,"0.10%",-300,0.1,0
2026-06-16,2025-08-31,"0.35%",-300,0.35,0
2026-06-16,2025-08-31,"0.60%",-300,0.6,0
2026-06-16,2025-08-31,"0.85%",-275,0.85,0
2026-06-16,2025-08-31,"1.10%",-250,1.1,0
2026-06-16,2025-08-31,"1.35%",-225,1.35,0
2026-06-16,2025-08-31,"1.60%",-200,1.6,0
2026-06-16,2025-08-31,"1.85%",-175,1.85,0
2026-06-16,2025-08-31,"2.10%",-150,2.1,0
2026-06-16,2025-08-31,"2.35%",-125,2.35,0.0259516270364828
2026-06-16,2025-08-31,"2.60%",-100,2.6,0.108198048160347
2026-06-16,2025-08-31,"2.85%",-75,2.85,0.247049650905589
2026-06-16,2025-08-31,"3.10%",-50,3.1,0.309422831383035
2026-06-16,2025-08-31,"3.35%",-25,3.35,0.212678191277911
2026-06-16,2025-08-31,"3.60%",0,3.6,0.0801616741030173
2026-06-16,2025-08-31,"3.85%",25,3.85,0.0165379771336178
2026-06-16,2025-08-31,"4.10%",50,4.1,0
2026-06-16,2025-08-31,"4.35%",75,4.35,0
2026-06-16,2025-08-31,"4.60%",100,4.6,0
2026-06-16,2025-08-31,"4.85%",125,4.85,0
2026-06-16,2025-08-31,"5.10%",150,5.1,0
2026-06-16,2025-08-31,"5.35%",175,5.35,0
2026-06-16,2025-08-31,"5.60%",200,5.6,0
2026-06-16,2025-08-31,"5.85%",225,5.85,0
2026-06-16,2025-08-31,"6.10%",250,6.1,0
2026-06-16,2025-09-01,"0.10%",-300,0.1,0
2026-06-16,2025-09-01,"0.35%",-300,0.35,0
2026-06-16,2025-09-01,"0.60%",-300,0.6,0
2026-06-16,2025-09-01,"0.85%",-275,0.85,0
2026-06-16,2025-09-01,"1.10%",-250,1.1,0
2026-06-16,2025-09-01,"1.35%",-225,1.35,0
2026-06-16,2025-09-01,"1.60%",-200,1.6,0
2026-06-16,2025-09-01,"1.85%",-175,1.85,0
2026-06-16,2025-09-01,"2.10%",-150,2.1,0
2026-06-16,2025-09-01,"2.35%",-125,2.35,0.0273511971752755
2026-06-16,2025-09-01,"2.60%",-100,2.6,0.109784811497535
2026-06-16,2025-09-01,"2.85%",-75,2.85,0.245295084545665
2026-06-16,2025-09-01,"3.10%",-50,3.1,0.305519096604332
2026-06-16,2025-09-01,"3.35%",-25,3.35,0.212211729287139
2026-06-16,2025-09-01,"3.60%",0,3.6,0.0821462205025264
2026-06-16,2025-09-01,"3.85%",25,3.85,0.0176918603875269
2026-06-16,2025-09-01,"4.10%",50,4.1,0
2026-06-16,2025-09-01,"4.35%",75,4.35,0
2026-06-16,2025-09-01,"4.60%",100,4.6,0
2026-06-16,2025-09-01,"4.85%",125,4.85,0
2026-06-16,2025-09-01,"5.10%",150,5.1,0
2026-06-16,2025-09-01,"5.35%",175,5.35,0
2026-06-16,2025-09-01,"5.60%",200,5.6,0
2026-06-16,2025-09-01,"5.85%",225,5.85,0
2026-06-16,2025-09-01,"6.10%",250,6.1,0
2026-06-16,2025-09-02,"0.10%",-300,0.1,0
2026-06-16,2025-09-02,"0.35%",-300,0.35,0
2026-06-16,2025-09-02,"0.60%",-300,0.6,0
2026-06-16,2025-09-02,"0.85%",-275,0.85,0
2026-06-16,2025-09-02,"1.10%",-250,1.1,0
2026-06-16,2025-09-02,"1.35%",-225,1.35,0
2026-06-16,2025-09-02,"1.60%",-200,1.6,0
2026-06-16,2025-09-02,"1.85%",-175,1.85,0
2026-06-16,2025-09-02,"2.10%",-150,2.1,0
2026-06-16,2025-09-02,"2.35%",-125,2.35,0.0225185018622252
2026-06-16,2025-09-02,"2.60%",-100,2.6,0.103573878780264
2026-06-16,2025-09-02,"2.85%",-75,2.85,0.250474093530626
2026-06-16,2025-09-02,"3.10%",-50,3.1,0.319136969671129
2026-06-16,2025-09-02,"3.35%",-25,3.35,0.214365679726445
2026-06-16,2025-09-02,"3.60%",0,3.6,0.0758351031446561
2026-06-16,2025-09-02,"3.85%",25,3.85,0.0140957732846552
2026-06-16,2025-09-02,"4.10%",50,4.1,0
2026-06-16,2025-09-02,"4.35%",75,4.35,0
2026-06-16,2025-09-02,"4.60%",100,4.6,0
2026-06-16,2025-09-02,"4.85%",125,4.85,0
2026-06-16,2025-09-02,"5.10%",150,5.1,0
2026-06-16,2025-09-02,"5.35%",175,5.35,0
2026-06-16,2025-09-02,"5.60%",200,5.6,0
2026-06-16,2025-09-02,"5.85%",225,5.85,0
2026-06-16,2025-09-02,"6.10%",250,6.1,0
2026-06-16,2025-09-03,"0.10%",-300,0.1,0
2026-06-16,2025-09-03,"0.35%",-300,0.35,0
2026-06-16,2025-09-03,"0.60%",-300,0.6,0
2026-06-16,2025-09-03,"0.85%",-275,0.85,0
2026-06-16,2025-09-03,"1.10%",-250,1.1,0
2026-06-16,2025-09-03,"1.35%",-225,1.35,0
2026-06-16,2025-09-03,"1.60%",-200,1.6,0
2026-06-16,2025-09-03,"1.85%",-175,1.85,0
2026-06-16,2025-09-03,"2.10%",-150,2.1,0
2026-06-16,2025-09-03,"2.35%",-125,2.35,0.0252225215568038
2026-06-16,2025-09-03,"2.60%",-100,2.6,0.111479113079425
2026-06-16,2025-09-03,"2.85%",-75,2.85,0.259097239367102
2026-06-16,2025-09-03,"3.10%",-50,3.1,0.317293173584394
2026-06-16,2025-09-03,"3.35%",-25,3.35,0.204836287625845
2026-06-16,2025-09-03,"3.60%",0,3.6,0.069635872743217
2026-06-16,2025-09-03,"3.85%",25,3.85,0.0124357920432125
2026-06-16,2025-09-03,"4.10%",50,4.1,0
2026-06-16,2025-09-03,"4.35%",75,4.35,0
2026-06-16,2025-09-03,"4.60%",100,4.6,0
2026-06-16,2025-09-03,"4.85%",125,4.85,0
2026-06-16,2025-09-03,"5.10%",150,5.1,0
2026-06-16,2025-09-03,"5.35%",175,5.35,0
2026-06-16,2025-09-03,"5.60%",200,5.6,0
2026-06-16,2025-09-03,"5.85%",225,5.85,0
2026-06-16,2025-09-03,"6.10%",250,6.1,0
2026-06-16,2025-09-04,"0.10%",-300,0.1,0
2026-06-16,2025-09-04,"0.35%",-300,0.35,0
2026-06-16,2025-09-04,"0.60%",-300,0.6,0
2026-06-16,2025-09-04,"0.85%",-275,0.85,0
2026-06-16,2025-09-04,"1.10%",-250,1.1,0
2026-06-16,2025-09-04,"1.35%",-225,1.35,0
2026-06-16,2025-09-04,"1.60%",-200,1.6,0
2026-06-16,2025-09-04,"1.85%",-175,1.85,0
2026-06-16,2025-09-04,"2.10%",-150,2.1,0
2026-06-16,2025-09-04,"2.35%",-125,2.35,0.0399180466413261
2026-06-16,2025-09-04,"2.60%",-100,2.6,0.125640658935059
2026-06-16,2025-09-04,"2.85%",-75,2.85,0.240973904980888
2026-06-16,2025-09-04,"3.10%",-50,3.1,0.281835104878068
2026-06-16,2025-09-04,"3.35%",-25,3.35,0.201039587375819
2026-06-16,2025-09-04,"3.60%",0,3.6,0.0874312040198716
2026-06-16,2025-09-04,"3.85%",25,3.85,0.0231614931689692
2026-06-16,2025-09-04,"4.10%",50,4.1,0
2026-06-16,2025-09-04,"4.35%",75,4.35,0
2026-06-16,2025-09-04,"4.60%",100,4.6,0
2026-06-16,2025-09-04,"4.85%",125,4.85,0
2026-06-16,2025-09-04,"5.10%",150,5.1,0
2026-06-16,2025-09-04,"5.35%",175,5.35,0
2026-06-16,2025-09-04,"5.60%",200,5.6,0
2026-06-16,2025-09-04,"5.85%",225,5.85,0
2026-06-16,2025-09-04,"6.10%",250,6.1,0
2026-06-16,2025-09-07,"0.10%",-300,0.1,0
2026-06-16,2025-09-07,"0.35%",-300,0.35,0
2026-06-16,2025-09-07,"0.60%",-300,0.6,0
2026-06-16,2025-09-07,"0.85%",-275,0.85,0
2026-06-16,2025-09-07,"1.10%",-250,1.1,0
2026-06-16,2025-09-07,"1.35%",-225,1.35,0
2026-06-16,2025-09-07,"1.60%",-200,1.6,0
2026-06-16,2025-09-07,"1.85%",-175,1.85,0
2026-06-16,2025-09-07,"2.10%",-150,2.1,0
2026-06-16,2025-09-07,"2.35%",-125,2.35,0.0370330633163329
2026-06-16,2025-09-07,"2.60%",-100,2.6,0.123470511613352
2026-06-16,2025-09-07,"2.85%",-75,2.85,0.244588794193317
2026-06-16,2025-09-07,"3.10%",-50,3.1,0.288126424847332
2026-06-16,2025-09-07,"3.35%",-25,3.35,0.201881115144204
2026-06-16,2025-09-07,"3.60%",0,3.6,0.0840958249497775
2026-06-16,2025-09-07,"3.85%",25,3.85,0.0208042659356844
2026-06-16,2025-09-07,"4.10%",50,4.1,0
2026-06-16,2025-09-07,"4.35%",75,4.35,0
2026-06-16,2025-09-07,"4.60%",100,4.6,0
2026-06-16,2025-09-07,"4.85%",125,4.85,0
2026-06-16,2025-09-07,"5.10%",150,5.1,0
2026-06-16,2025-09-07,"5.35%",175,5.35,0
2026-06-16,2025-09-07,"5.60%",200,5.6,0
2026-06-16,2025-09-07,"5.85%",225,5.85,0
2026-06-16,2025-09-07,"6.10%",250,6.1,0
2026-06-16,2025-09-08,"0.10%",-300,0.1,0
2026-06-16,2025-09-08,"0.35%",-300,0.35,0
2026-06-16,2025-09-08,"0.60%",-300,0.6,0
2026-06-16,2025-09-08,"0.85%",-275,0.85,0
2026-06-16,2025-09-08,"1.10%",-250,1.1,0
2026-06-16,2025-09-08,"1.35%",-225,1.35,0
2026-06-16,2025-09-08,"1.60%",-200,1.6,0
2026-06-16,2025-09-08,"1.85%",-175,1.85,0
2026-06-16,2025-09-08,"2.10%",-150,2.1,0
2026-06-16,2025-09-08,"2.35%",-125,2.35,0.0373209153008973
2026-06-16,2025-09-08,"2.60%",-100,2.6,0.12265854623553
2026-06-16,2025-09-08,"2.85%",-75,2.85,0.241793807874984
2026-06-16,2025-09-08,"3.10%",-50,3.1,0.28611791342579
2026-06-16,2025-09-08,"3.35%",-25,3.35,0.203276688545894
2026-06-16,2025-09-08,"3.60%",0,3.6,0.0866744385191085
2026-06-16,2025-09-08,"3.85%",25,3.85,0.022157690097797
2026-06-16,2025-09-08,"4.10%",50,4.1,0
2026-06-16,2025-09-08,"4.35%",75,4.35,0
2026-06-16,2025-09-08,"4.60%",100,4.6,0
2026-06-16,2025-09-08,"4.85%",125,4.85,0
2026-06-16,2025-09-08,"5.10%",150,5.1,0
2026-06-16,2025-09-08,"5.35%",175,5.35,0
2026-06-16,2025-09-08,"5.60%",200,5.6,0
2026-06-16,2025-09-08,"5.85%",225,5.85,0
2026-06-16,2025-09-08,"6.10%",250,6.1,0
2026-06-16,2025-09-09,"0.10%",-300,0.1,0
2026-06-16,2025-09-09,"0.35%",-300,0.35,0
2026-06-16,2025-09-09,"0.60%",-300,0.6,0
2026-06-16,2025-09-09,"0.85%",-275,0.85,0
2026-06-16,2025-09-09,"1.10%",-250,1.1,0
2026-06-16,2025-09-09,"1.35%",-225,1.35,0
2026-06-16,2025-09-09,"1.60%",-200,1.6,0
2026-06-16,2025-09-09,"1.85%",-175,1.85,0
2026-06-16,2025-09-09,"2.10%",-150,2.1,0
2026-06-16,2025-09-09,"2.35%",-125,2.35,0.0322363850186454
2026-06-16,2025-09-09,"2.60%",-100,2.6,0.11818053918916
2026-06-16,2025-09-09,"2.85%",-75,2.85,0.247871960133342
2026-06-16,2025-09-09,"3.10%",-50,3.1,0.297775879478596
2026-06-16,2025-09-09,"3.35%",-25,3.35,0.204956287795323
2026-06-16,2025-09-09,"3.60%",0,3.6,0.080775997968577
2026-06-16,2025-09-09,"3.85%",25,3.85,0.0182029504163569
2026-06-16,2025-09-09,"4.10%",50,4.1,0
2026-06-16,2025-09-09,"4.35%",75,4.35,0
2026-06-16,2025-09-09,"4.60%",100,4.6,0
2026-06-16,2025-09-09,"4.85%",125,4.85,0
2026-06-16,2025-09-09,"5.10%",150,5.1,0
2026-06-16,2025-09-09,"5.35%",175,5.35,0
2026-06-16,2025-09-09,"5.60%",200,5.6,0
2026-06-16,2025-09-09,"5.85%",225,5.85,0
2026-06-16,2025-09-09,"6.10%",250,6.1,0
2026-06-16,2025-09-10,"0.10%",-300,0.1,0
2026-06-16,2025-09-10,"0.35%",-300,0.35,0
2026-06-16,2025-09-10,"0.60%",-300,0.6,0
2026-06-16,2025-09-10,"0.85%",-275,0.85,0
2026-06-16,2025-09-10,"1.10%",-250,1.1,0
2026-06-16,2025-09-10,"1.35%",-225,1.35,0
2026-06-16,2025-09-10,"1.60%",-200,1.6,0
2026-06-16,2025-09-10,"1.85%",-175,1.85,0
2026-06-16,2025-09-10,"2.10%",-150,2.1,0
2026-06-16,2025-09-10,"2.35%",-125,2.35,0.0276110038424485
2026-06-16,2025-09-10,"2.60%",-100,2.6,0.104781145039338
2026-06-16,2025-09-10,"2.85%",-75,2.85,0.230968989852704
2026-06-16,2025-09-10,"3.10%",-50,3.1,0.296059714741743
2026-06-16,2025-09-10,"3.35%",-25,3.35,0.220759724662814
2026-06-16,2025-09-10,"3.60%",0,3.6,0.0957164910238048
2026-06-16,2025-09-10,"3.85%",25,3.85,0.0241029308371485
2026-06-16,2025-09-10,"4.10%",50,4.1,0
2026-06-16,2025-09-10,"4.35%",75,4.35,0
2026-06-16,2025-09-10,"4.60%",100,4.6,0
2026-06-16,2025-09-10,"4.85%",125,4.85,0
2026-06-16,2025-09-10,"5.10%",150,5.1,0
2026-06-16,2025-09-10,"5.35%",175,5.35,0
2026-06-16,2025-09-10,"5.60%",200,5.6,0
2026-06-16,2025-09-10,"5.85%",225,5.85,0
2026-06-16,2025-09-10,"6.10%",250,6.1,0
2026-06-16,2025-09-11,"0.10%",-300,0.1,0
2026-06-16,2025-09-11,"0.35%",-300,0.35,0
2026-06-16,2025-09-11,"0.60%",-300,0.6,0
2026-06-16,2025-09-11,"0.85%",-275,0.85,0
2026-06-16,2025-09-11,"1.10%",-250,1.1,0
2026-06-16,2025-09-11,"1.35%",-225,1.35,0
2026-06-16,2025-09-11,"1.60%",-200,1.6,0
2026-06-16,2025-09-11,"1.85%",-175,1.85,0
2026-06-16,2025-09-11,"2.10%",-150,2.1,0
2026-06-16,2025-09-11,"2.35%",-125,2.35,0.0381266350269051
2026-06-16,2025-09-11,"2.60%",-100,2.6,0.114951476696593
2026-06-16,2025-09-11,"2.85%",-75,2.85,0.221170998339128
2026-06-16,2025-09-11,"3.10%",-50,3.1,0.271704569851629
2026-06-16,2025-09-11,"3.35%",-25,3.35,0.213154609752194
2026-06-16,2025-09-11,"3.60%",0,3.6,0.106766380890344
2026-06-16,2025-09-11,"3.85%",25,3.85,0.0341253294432073
2026-06-16,2025-09-11,"4.10%",50,4.1,0
2026-06-16,2025-09-11,"4.35%",75,4.35,0
2026-06-16,2025-09-11,"4.60%",100,4.6,0
2026-06-16,2025-09-11,"4.85%",125,4.85,0
2026-06-16,2025-09-11,"5.10%",150,5.1,0
2026-06-16,2025-09-11,"5.35%",175,5.35,0
2026-06-16,2025-09-11,"5.60%",200,5.6,0
2026-06-16,2025-09-11,"5.85%",225,5.85,0
2026-06-16,2025-09-11,"6.10%",250,6.1,0
2026-06-16,2025-09-12,"0.10%",-300,0.1,0
2026-06-16,2025-09-12,"0.35%",-300,0.35,0
2026-06-16,2025-09-12,"0.60%",-300,0.6,0
2026-06-16,2025-09-12,"0.85%",-275,0.85,0
2026-06-16,2025-09-12,"1.10%",-250,1.1,0
2026-06-16,2025-09-12,"1.35%",-225,1.35,0
2026-06-16,2025-09-12,"1.60%",-200,1.6,0
2026-06-16,2025-09-12,"1.85%",-175,1.85,0
2026-06-16,2025-09-12,"2.10%",-150,2.1,0
2026-06-16,2025-09-12,"2.35%",-125,2.35,0.0364265957550867
2026-06-16,2025-09-12,"2.60%",-100,2.6,0.113509695022106
2026-06-16,2025-09-12,"2.85%",-75,2.85,0.222704459813389
2026-06-16,2025-09-12,"3.10%",-50,3.1,0.275272341145088
2026-06-16,2025-09-12,"3.35%",-25,3.35,0.214396278826324
2026-06-16,2025-09-12,"3.60%",0,3.6,0.105194931066633
2026-06-16,2025-09-12,"3.85%",25,3.85,0.0324956983713732
2026-06-16,2025-09-12,"4.10%",50,4.1,0
2026-06-16,2025-09-12,"4.35%",75,4.35,0
2026-06-16,2025-09-12,"4.60%",100,4.6,0
2026-06-16,2025-09-12,"4.85%",125,4.85,0
2026-06-16,2025-09-12,"5.10%",150,5.1,0
2026-06-16,2025-09-12,"5.35%",175,5.35,0
2026-06-16,2025-09-12,"5.60%",200,5.6,0
2026-06-16,2025-09-12,"5.85%",225,5.85,0
2026-06-16,2025-09-12,"6.10%",250,6.1,0
2026-06-16,2025-09-14,"0.10%",-300,0.1,0
2026-06-16,2025-09-14,"0.35%",-300,0.35,0
2026-06-16,2025-09-14,"0.60%",-300,0.6,0
2026-06-16,2025-09-14,"0.85%",-275,0.85,0
2026-06-16,2025-09-14,"1.10%",-250,1.1,0
2026-06-16,2025-09-14,"1.35%",-225,1.35,0
2026-06-16,2025-09-14,"1.60%",-200,1.6,0
2026-06-16,2025-09-14,"1.85%",-175,1.85,0.0156426386650272
2026-06-16,2025-09-14,"2.10%",-150,2.1,0.0379595217552611
2026-06-16,2025-09-14,"2.35%",-125,2.35,0.075503447656038
2026-06-16,2025-09-14,"2.60%",-100,2.6,0.123102778716192
2026-06-16,2025-09-14,"2.85%",-75,2.85,0.16452739254133
2026-06-16,2025-09-14,"3.10%",-50,3.1,0.180254630334295
2026-06-16,2025-09-14,"3.35%",-25,3.35,0.161888207287314
2026-06-16,2025-09-14,"3.60%",0,3.6,0.119184937710494
2026-06-16,2025-09-14,"3.85%",25,3.85,0.0719276496023788
2026-06-16,2025-09-14,"4.10%",50,4.1,0.0355814779182752
2026-06-16,2025-09-14,"4.35%",75,4.35,0.0144273178133954
2026-06-16,2025-09-14,"4.60%",100,4.6,0
2026-06-16,2025-09-14,"4.85%",125,4.85,0
2026-06-16,2025-09-14,"5.10%",150,5.1,0
2026-06-16,2025-09-14,"5.35%",175,5.35,0
2026-06-16,2025-09-14,"5.60%",200,5.6,0
2026-06-16,2025-09-14,"5.85%",225,5.85,0
2026-06-16,2025-09-14,"6.10%",250,6.1,0
2026-06-16,2025-09-15,"0.10%",-300,0.1,0
2026-06-16,2025-09-15,"0.35%",-300,0.35,0
2026-06-16,2025-09-15,"0.60%",-300,0.6,0
2026-06-16,2025-09-15,"0.85%",-275,0.85,0
2026-06-16,2025-09-15,"1.10%",-250,1.1,0
2026-06-16,2025-09-15,"1.35%",-225,1.35,0
2026-06-16,2025-09-15,"1.60%",-200,1.6,0.0117811485243975
2026-06-16,2025-09-15,"1.85%",-175,1.85,0.0259363348570419
2026-06-16,2025-09-15,"2.10%",-150,2.1,0.0494173684792992
2026-06-16,2025-09-15,"2.35%",-125,2.35,0.0814906336916396
2026-06-16,2025-09-15,"2.60%",-100,2.6,0.116304996722003
2026-06-16,2025-09-15,"2.85%",-75,2.85,0.143666536434907
2026-06-16,2025-09-15,"3.10%",-50,3.1,0.153596675061454
2026-06-16,2025-09-15,"3.35%",-25,3.35,0.142127365280755
2026-06-16,2025-09-15,"3.60%",0,3.6,0.113826247591645
2026-06-16,2025-09-15,"3.85%",25,3.85,0.0788993565536715
2026-06-16,2025-09-15,"4.10%",50,4.1,0.0473332955624845
2026-06-16,2025-09-15,"4.35%",75,4.35,0.0245763068538322
2026-06-16,2025-09-15,"4.60%",100,4.6,0.0110437343868693
2026-06-16,2025-09-15,"4.85%",125,4.85,0
2026-06-16,2025-09-15,"5.10%",150,5.1,0
2026-06-16,2025-09-15,"5.35%",175,5.35,0
2026-06-16,2025-09-15,"5.60%",200,5.6,0
2026-06-16,2025-09-15,"5.85%",225,5.85,0
2026-06-16,2025-09-15,"6.10%",250,6.1,0
2026-06-16,2025-09-16,"0.10%",-300,0.1,0
2026-06-16,2025-09-16,"0.35%",-300,0.35,0
2026-06-16,2025-09-16,"0.60%",-300,0.6,0
2026-06-16,2025-09-16,"0.85%",-275,0.85,0
2026-06-16,2025-09-16,"1.10%",-250,1.1,0
2026-06-16,2025-09-16,"1.35%",-225,1.35,0
2026-06-16,2025-09-16,"1.60%",-200,1.6,0
2026-06-16,2025-09-16,"1.85%",-175,1.85,0
2026-06-16,2025-09-16,"2.10%",-150,2.1,0
2026-06-16,2025-09-16,"2.35%",-125,2.35,0.023808393936479
2026-06-16,2025-09-16,"2.60%",-100,2.6,0.100104731643933
2026-06-16,2025-09-16,"2.85%",-75,2.85,0.234482222808868
2026-06-16,2025-09-16,"3.10%",-50,3.1,0.30644133299177
2026-06-16,2025-09-16,"3.35%",-25,3.35,0.223554305340566
2026-06-16,2025-09-16,"3.60%",0,3.6,0.0909835508554736
2026-06-16,2025-09-16,"3.85%",25,3.85,0.020625462422909
2026-06-16,2025-09-16,"4.10%",50,4.1,0
2026-06-16,2025-09-16,"4.35%",75,4.35,0
2026-06-16,2025-09-16,"4.60%",100,4.6,0
2026-06-16,2025-09-16,"4.85%",125,4.85,0
2026-06-16,2025-09-16,"5.10%",150,5.1,0
2026-06-16,2025-09-16,"5.35%",175,5.35,0
2026-06-16,2025-09-16,"5.60%",200,5.6,0
2026-06-16,2025-09-16,"5.85%",225,5.85,0
2026-06-16,2025-09-16,"6.10%",250,6.1,0
2026-06-16,2025-09-17,"0.10%",-300,0.1,0
2026-06-16,2025-09-17,"0.35%",-300,0.35,0
2026-06-16,2025-09-17,"0.60%",-300,0.6,0
2026-06-16,2025-09-17,"0.85%",-275,0.85,0
2026-06-16,2025-09-17,"1.10%",-250,1.1,0
2026-06-16,2025-09-17,"1.35%",-225,1.35,0
2026-06-16,2025-09-17,"1.60%",-200,1.6,0
2026-06-16,2025-09-17,"1.85%",-175,1.85,0
2026-06-16,2025-09-17,"2.10%",-150,2.1,0
2026-06-16,2025-09-17,"2.35%",-125,2.35,0.0304875712042144
2026-06-16,2025-09-17,"2.60%",-100,2.6,0.107088939355539
2026-06-16,2025-09-17,"2.85%",-75,2.85,0.226145598553321
2026-06-16,2025-09-17,"3.10%",-50,3.1,0.287362960303609
2026-06-16,2025-09-17,"3.35%",-25,3.35,0.21978529445484
2026-06-16,2025-09-17,"3.60%",0,3.6,0.101146476401883
2026-06-16,2025-09-17,"3.85%",25,3.85,0.0279831597265938
2026-06-16,2025-09-17,"4.10%",50,4.1,0
2026-06-16,2025-09-17,"4.35%",75,4.35,0
2026-06-16,2025-09-17,"4.60%",100,4.6,0
2026-06-16,2025-09-17,"4.85%",125,4.85,0
2026-06-16,2025-09-17,"5.10%",150,5.1,0
2026-06-16,2025-09-17,"5.35%",175,5.35,0
2026-06-16,2025-09-17,"5.60%",200,5.6,0
2026-06-16,2025-09-17,"5.85%",225,5.85,0
2026-06-16,2025-09-17,"6.10%",250,6.1,0
2026-06-16,2025-09-18,"0.10%",-300,0.1,0
2026-06-16,2025-09-18,"0.35%",-300,0.35,0
2026-06-16,2025-09-18,"0.60%",-300,0.6,0
2026-06-16,2025-09-18,"0.85%",-275,0.85,0
2026-06-16,2025-09-18,"1.10%",-250,1.1,0
2026-06-16,2025-09-18,"1.35%",-225,1.35,0
2026-06-16,2025-09-18,"1.60%",-200,1.6,0
2026-06-16,2025-09-18,"1.85%",-175,1.85,0
2026-06-16,2025-09-18,"2.10%",-150,2.1,0
2026-06-16,2025-09-18,"2.35%",-125,2.35,0.0284801972535156
2026-06-16,2025-09-18,"2.60%",-100,2.6,0.104913532900571
2026-06-16,2025-09-18,"2.85%",-75,2.85,0.227916550295773
2026-06-16,2025-09-18,"3.10%",-50,3.1,0.292289776700898
2026-06-16,2025-09-18,"3.35%",-25,3.35,0.22135610911997
2026-06-16,2025-09-18,"3.60%",0,3.6,0.0989568348599102
2026-06-16,2025-09-18,"3.85%",25,3.85,0.0260869988693616
2026-06-16,2025-09-18,"4.10%",50,4.1,0
2026-06-16,2025-09-18,"4.35%",75,4.35,0
2026-06-16,2025-09-18,"4.60%",100,4.6,0
2026-06-16,2025-09-18,"4.85%",125,4.85,0
2026-06-16,2025-09-18,"5.10%",150,5.1,0
2026-06-16,2025-09-18,"5.35%",175,5.35,0
2026-06-16,2025-09-18,"5.60%",200,5.6,0
2026-06-16,2025-09-18,"5.85%",225,5.85,0
2026-06-16,2025-09-18,"6.10%",250,6.1,0
2026-06-16,2025-09-21,"0.10%",-300,0.1,0
2026-06-16,2025-09-21,"0.35%",-300,0.35,0
2026-06-16,2025-09-21,"0.60%",-300,0.6,0
2026-06-16,2025-09-21,"0.85%",-275,0.85,0
2026-06-16,2025-09-21,"1.10%",-250,1.1,0
2026-06-16,2025-09-21,"1.35%",-225,1.35,0
2026-06-16,2025-09-21,"1.60%",-200,1.6,0
2026-06-16,2025-09-21,"1.85%",-175,1.85,0
2026-06-16,2025-09-21,"2.10%",-150,2.1,0
2026-06-16,2025-09-21,"2.35%",-125,2.35,0.0201759860313145
2026-06-16,2025-09-21,"2.60%",-100,2.6,0.0941873606302471
2026-06-16,2025-09-21,"2.85%",-75,2.85,0.235511917695997
2026-06-16,2025-09-21,"3.10%",-50,3.1,0.316041298723557
2026-06-16,2025-09-21,"3.35%",-25,3.35,0.227758829612511
2026-06-16,2025-09-21,"3.60%",0,3.6,0.0880815357758125
2026-06-16,2025-09-21,"3.85%",25,3.85,0.0182430715305608
2026-06-16,2025-09-21,"4.10%",50,4.1,0
2026-06-16,2025-09-21,"4.35%",75,4.35,0
2026-06-16,2025-09-21,"4.60%",100,4.6,0
2026-06-16,2025-09-21,"4.85%",125,4.85,0
2026-06-16,2025-09-21,"5.10%",150,5.1,0
2026-06-16,2025-09-21,"5.35%",175,5.35,0
2026-06-16,2025-09-21,"5.60%",200,5.6,0
2026-06-16,2025-09-21,"5.85%",225,5.85,0
2026-06-16,2025-09-21,"6.10%",250,6.1,0
2026-06-16,2025-09-22,"0.10%",-300,0.1,0
2026-06-16,2025-09-22,"0.35%",-300,0.35,0
2026-06-16,2025-09-22,"0.60%",-300,0.6,0
2026-06-16,2025-09-22,"0.85%",-275,0.85,0
2026-06-16,2025-09-22,"1.10%",-250,1.1,0
2026-06-16,2025-09-22,"1.35%",-225,1.35,0
2026-06-16,2025-09-22,"1.60%",-200,1.6,0
2026-06-16,2025-09-22,"1.85%",-175,1.85,0
2026-06-16,2025-09-22,"2.10%",-150,2.1,0
2026-06-16,2025-09-22,"2.35%",-125,2.35,0.0183644215234445
2026-06-16,2025-09-22,"2.60%",-100,2.6,0.0912911391406332
2026-06-16,2025-09-22,"2.85%",-75,2.85,0.237000841310381
2026-06-16,2025-09-22,"3.10%",-50,3.1,0.322057213191652
2026-06-16,2025-09-22,"3.35%",-25,3.35,0.22925521209303
2026-06-16,2025-09-22,"3.60%",0,3.6,0.0854143816775948
2026-06-16,2025-09-22,"3.85%",25,3.85,0.0166167910632637
2026-06-16,2025-09-22,"4.10%",50,4.1,0
2026-06-16,2025-09-22,"4.35%",75,4.35,0
2026-06-16,2025-09-22,"4.60%",100,4.6,0
2026-06-16,2025-09-22,"4.85%",125,4.85,0
2026-06-16,2025-09-22,"5.10%",150,5.1,0
2026-06-16,2025-09-22,"5.35%",175,5.35,0
2026-06-16,2025-09-22,"5.60%",200,5.6,0
2026-06-16,2025-09-22,"5.85%",225,5.85,0
2026-06-16,2025-09-22,"6.10%",250,6.1,0
2026-06-16,2025-09-23,"0.10%",-300,0.1,0
2026-06-16,2025-09-23,"0.35%",-300,0.35,0
2026-06-16,2025-09-23,"0.60%",-300,0.6,0
2026-06-16,2025-09-23,"0.85%",-275,0.85,0
2026-06-16,2025-09-23,"1.10%",-250,1.1,0
2026-06-16,2025-09-23,"1.35%",-225,1.35,0
2026-06-16,2025-09-23,"1.60%",-200,1.6,0
2026-06-16,2025-09-23,"1.85%",-175,1.85,0
2026-06-16,2025-09-23,"2.10%",-150,2.1,0
2026-06-16,2025-09-23,"2.35%",-125,2.35,0.0215028043044624
2026-06-16,2025-09-23,"2.60%",-100,2.6,0.102779362890418
2026-06-16,2025-09-23,"2.85%",-75,2.85,0.253473446578112
2026-06-16,2025-09-23,"3.10%",-50,3.1,0.323278914989997
2026-06-16,2025-09-23,"3.35%",-25,3.35,0.213367530062983
2026-06-16,2025-09-23,"3.60%",0,3.6,0.0727945042520053
2026-06-16,2025-09-23,"3.85%",25,3.85,0.012803436922022
2026-06-16,2025-09-23,"4.10%",50,4.1,0
2026-06-16,2025-09-23,"4.35%",75,4.35,0
2026-06-16,2025-09-23,"4.60%",100,4.6,0
2026-06-16,2025-09-23,"4.85%",125,4.85,0
2026-06-16,2025-09-23,"5.10%",150,5.1,0
2026-06-16,2025-09-23,"5.35%",175,5.35,0
2026-06-16,2025-09-23,"5.60%",200,5.6,0
2026-06-16,2025-09-23,"5.85%",225,5.85,0
2026-06-16,2025-09-23,"6.10%",250,6.1,0
2026-06-16,2025-09-24,"0.10%",-300,0.1,0
2026-06-16,2025-09-24,"0.35%",-300,0.35,0
2026-06-16,2025-09-24,"0.60%",-300,0.6,0
2026-06-16,2025-09-24,"0.85%",-275,0.85,0
2026-06-16,2025-09-24,"1.10%",-250,1.1,0
2026-06-16,2025-09-24,"1.35%",-225,1.35,0
2026-06-16,2025-09-24,"1.60%",-200,1.6,0
2026-06-16,2025-09-24,"1.85%",-175,1.85,0
2026-06-16,2025-09-24,"2.10%",-150,2.1,0
2026-06-16,2025-09-24,"2.35%",-125,2.35,0.011079349161071
2026-06-16,2025-09-24,"2.60%",-100,2.6,0.0711869301464206
2026-06-16,2025-09-24,"2.85%",-75,2.85,0.222138249625423
2026-06-16,2025-09-24,"3.10%",-50,3.1,0.337883942404268
2026-06-16,2025-09-24,"3.35%",-25,3.35,0.250884082793394
2026-06-16,2025-09-24,"3.60%",0,3.6,0.0908410639615636
2026-06-16,2025-09-24,"3.85%",25,3.85,0.0159863819078606
2026-06-16,2025-09-24,"4.10%",50,4.1,0
2026-06-16,2025-09-24,"4.35%",75,4.35,0
2026-06-16,2025-09-24,"4.60%",100,4.6,0
2026-06-16,2025-09-24,"4.85%",125,4.85,0
2026-06-16,2025-09-24,"5.10%",150,5.1,0
2026-06-16,2025-09-24,"5.35%",175,5.35,0
2026-06-16,2025-09-24,"5.60%",200,5.6,0
2026-06-16,2025-09-24,"5.85%",225,5.85,0
2026-06-16,2025-09-24,"6.10%",250,6.1,0
2026-06-16,2025-09-25,"0.10%",-300,0.1,0
2026-06-16,2025-09-25,"0.35%",-300,0.35,0
2026-06-16,2025-09-25,"0.60%",-300,0.6,0
2026-06-16,2025-09-25,"0.85%",-275,0.85,0
2026-06-16,2025-09-25,"1.10%",-250,1.1,0
2026-06-16,2025-09-25,"1.35%",-225,1.35,0
2026-06-16,2025-09-25,"1.60%",-200,1.6,0
2026-06-16,2025-09-25,"1.85%",-175,1.85,0
2026-06-16,2025-09-25,"2.10%",-150,2.1,0
2026-06-16,2025-09-25,"2.35%",-125,2.35,0.011367887117759
2026-06-16,2025-09-25,"2.60%",-100,2.6,0.0718441208362533
2026-06-16,2025-09-25,"2.85%",-75,2.85,0.22196352012625
2026-06-16,2025-09-25,"3.10%",-50,3.1,0.33641915614598
2026-06-16,2025-09-25,"3.35%",-25,3.35,0.250499045329682
2026-06-16,2025-09-25,"3.60%",0,3.6,0.0915411990970905
2026-06-16,2025-09-25,"3.85%",25,3.85,0.016365071346986
2026-06-16,2025-09-25,"4.10%",50,4.1,0
2026-06-16,2025-09-25,"4.35%",75,4.35,0
2026-06-16,2025-09-25,"4.60%",100,4.6,0
2026-06-16,2025-09-25,"4.85%",125,4.85,0
2026-06-16,2025-09-25,"5.10%",150,5.1,0
2026-06-16,2025-09-25,"5.35%",175,5.35,0
2026-06-16,2025-09-25,"5.60%",200,5.6,0
2026-06-16,2025-09-25,"5.85%",225,5.85,0
2026-06-16,2025-09-25,"6.10%",250,6.1,0
2026-06-16,2025-09-28,"0.10%",-300,0.1,0
2026-06-16,2025-09-28,"0.35%",-300,0.35,0
2026-06-16,2025-09-28,"0.60%",-300,0.6,0
2026-06-16,2025-09-28,"0.85%",-275,0.85,0
2026-06-16,2025-09-28,"1.10%",-250,1.1,0
2026-06-16,2025-09-28,"1.35%",-225,1.35,0
2026-06-16,2025-09-28,"1.60%",-200,1.6,0
2026-06-16,2025-09-28,"1.85%",-175,1.85,0
2026-06-16,2025-09-28,"2.10%",-150,2.1,0
2026-06-16,2025-09-28,"2.35%",-125,2.35,0
2026-06-16,2025-09-28,"2.60%",-100,2.6,0.0555453600701975
2026-06-16,2025-09-28,"2.85%",-75,2.85,0.226843732555752
2026-06-16,2025-09-28,"3.10%",-50,3.1,0.380331132171476
2026-06-16,2025-09-28,"3.35%",-25,3.35,0.262709443741229
2026-06-16,2025-09-28,"3.60%",0,3.6,0.0745703314613447
2026-06-16,2025-09-28,"3.85%",25,3.85,0
2026-06-16,2025-09-28,"4.10%",50,4.1,0
2026-06-16,2025-09-28,"4.35%",75,4.35,0
2026-06-16,2025-09-28,"4.60%",100,4.6,0
2026-06-16,2025-09-28,"4.85%",125,4.85,0
2026-06-16,2025-09-28,"5.10%",150,5.1,0
2026-06-16,2025-09-28,"5.35%",175,5.35,0
2026-06-16,2025-09-28,"5.60%",200,5.6,0
2026-06-16,2025-09-28,"5.85%",225,5.85,0
2026-06-16,2025-09-28,"6.10%",250,6.1,0
2026-06-16,2025-09-29,"0.10%",-300,0.1,0
2026-06-16,2025-09-29,"0.35%",-300,0.35,0
2026-06-16,2025-09-29,"0.60%",-300,0.6,0
2026-06-16,2025-09-29,"0.85%",-275,0.85,0
2026-06-16,2025-09-29,"1.10%",-250,1.1,0
2026-06-16,2025-09-29,"1.35%",-225,1.35,0
2026-06-16,2025-09-29,"1.60%",-200,1.6,0
2026-06-16,2025-09-29,"1.85%",-175,1.85,0
2026-06-16,2025-09-29,"2.10%",-150,2.1,0
2026-06-16,2025-09-29,"2.35%",-125,2.35,0
2026-06-16,2025-09-29,"2.60%",-100,2.6,0.0520143665110678
2026-06-16,2025-09-29,"2.85%",-75,2.85,0.217985158762854
2026-06-16,2025-09-29,"3.10%",-50,3.1,0.377679911908432
2026-06-16,2025-09-29,"3.35%",-25,3.35,0.271511585856076
2026-06-16,2025-09-29,"3.60%",0,3.6,0.0808089769615695
2026-06-16,2025-09-29,"3.85%",25,3.85,0
2026-06-16,2025-09-29,"4.10%",50,4.1,0
2026-06-16,2025-09-29,"4.35%",75,4.35,0
2026-06-16,2025-09-29,"4.60%",100,4.6,0
2026-06-16,2025-09-29,"4.85%",125,4.85,0
2026-06-16,2025-09-29,"5.10%",150,5.1,0
2026-06-16,2025-09-29,"5.35%",175,5.35,0
2026-06-16,2025-09-29,"5.60%",200,5.6,0
2026-06-16,2025-09-29,"5.85%",225,5.85,0
2026-06-16,2025-09-29,"6.10%",250,6.1,0
2026-06-16,2025-09-30,"0.10%",-300,0.1,0
2026-06-16,2025-09-30,"0.35%",-300,0.35,0
2026-06-16,2025-09-30,"0.60%",-300,0.6,0
2026-06-16,2025-09-30,"0.85%",-275,0.85,0
2026-06-16,2025-09-30,"1.10%",-250,1.1,0
2026-06-16,2025-09-30,"1.35%",-225,1.35,0
2026-06-16,2025-09-30,"1.60%",-200,1.6,0
2026-06-16,2025-09-30,"1.85%",-175,1.85,0
2026-06-16,2025-09-30,"2.10%",-150,2.1,0
2026-06-16,2025-09-30,"2.35%",-125,2.35,0
2026-06-16,2025-09-30,"2.60%",-100,2.6,0.0659881020000242
2026-06-16,2025-09-30,"2.85%",-75,2.85,0.223666169824532
2026-06-16,2025-09-30,"3.10%",-50,3.1,0.3518380992832
2026-06-16,2025-09-30,"3.35%",-25,3.35,0.257359487788277
2026-06-16,2025-09-30,"3.60%",0,3.6,0.08741831041795
2026-06-16,2025-09-30,"3.85%",25,3.85,0.0137298306860166
2026-06-16,2025-09-30,"4.10%",50,4.1,0
2026-06-16,2025-09-30,"4.35%",75,4.35,0
2026-06-16,2025-09-30,"4.60%",100,4.6,0
2026-06-16,2025-09-30,"4.85%",125,4.85,0
2026-06-16,2025-09-30,"5.10%",150,5.1,0
2026-06-16,2025-09-30,"5.35%",175,5.35,0
2026-06-16,2025-09-30,"5.60%",200,5.6,0
2026-06-16,2025-09-30,"5.85%",225,5.85,0
2026-06-16,2025-09-30,"6.10%",250,6.1,0
2026-06-16,2025-10-01,"0.10%",-300,0.1,0
2026-06-16,2025-10-01,"0.35%",-300,0.35,0
2026-06-16,2025-10-01,"0.60%",-300,0.6,0
2026-06-16,2025-10-01,"0.85%",-275,0.85,0
2026-06-16,2025-10-01,"1.10%",-250,1.1,0
2026-06-16,2025-10-01,"1.35%",-225,1.35,0
2026-06-16,2025-10-01,"1.60%",-200,1.6,0
2026-06-16,2025-10-01,"1.85%",-175,1.85,0
2026-06-16,2025-10-01,"2.10%",-150,2.1,0
2026-06-16,2025-10-01,"2.35%",-125,2.35,0
2026-06-16,2025-10-01,"2.60%",-100,2.6,0.056356410996538
2026-06-16,2025-10-01,"2.85%",-75,2.85,0.227462677730286
2026-06-16,2025-10-01,"3.10%",-50,3.1,0.37923545955765
2026-06-16,2025-10-01,"3.35%",-25,3.35,0.262068295509113
2026-06-16,2025-10-01,"3.60%",0,3.6,0.0748771562064132
2026-06-16,2025-10-01,"3.85%",25,3.85,0
2026-06-16,2025-10-01,"4.10%",50,4.1,0
2026-06-16,2025-10-01,"4.35%",75,4.35,0
2026-06-16,2025-10-01,"4.60%",100,4.6,0
2026-06-16,2025-10-01,"4.85%",125,4.85,0
2026-06-16,2025-10-01,"5.10%",150,5.1,0
2026-06-16,2025-10-01,"5.35%",175,5.35,0
2026-06-16,2025-10-01,"5.60%",200,5.6,0
2026-06-16,2025-10-01,"5.85%",225,5.85,0
2026-06-16,2025-10-01,"6.10%",250,6.1,0
2026-06-16,2025-10-02,"0.10%",-300,0.1,0
2026-06-16,2025-10-02,"0.35%",-300,0.35,0
2026-06-16,2025-10-02,"0.60%",-300,0.6,0
2026-06-16,2025-10-02,"0.85%",-275,0.85,0
2026-06-16,2025-10-02,"1.10%",-250,1.1,0
2026-06-16,2025-10-02,"1.35%",-225,1.35,0
2026-06-16,2025-10-02,"1.60%",-200,1.6,0
2026-06-16,2025-10-02,"1.85%",-175,1.85,0
2026-06-16,2025-10-02,"2.10%",-150,2.1,0
2026-06-16,2025-10-02,"2.35%",-125,2.35,0
2026-06-16,2025-10-02,"2.60%",-100,2.6,0.0580790546447023
2026-06-16,2025-10-02,"2.85%",-75,2.85,0.227783802884987
2026-06-16,2025-10-02,"3.10%",-50,3.1,0.375807371368099
2026-06-16,2025-10-02,"3.35%",-25,3.35,0.261638896341061
2026-06-16,2025-10-02,"3.60%",0,3.6,0.0766908747611504
2026-06-16,2025-10-02,"3.85%",25,3.85,0
2026-06-16,2025-10-02,"4.10%",50,4.1,0
2026-06-16,2025-10-02,"4.35%",75,4.35,0
2026-06-16,2025-10-02,"4.60%",100,4.6,0
2026-06-16,2025-10-02,"4.85%",125,4.85,0
2026-06-16,2025-10-02,"5.10%",150,5.1,0
2026-06-16,2025-10-02,"5.35%",175,5.35,0
2026-06-16,2025-10-02,"5.60%",200,5.6,0
2026-06-16,2025-10-02,"5.85%",225,5.85,0
2026-06-16,2025-10-02,"6.10%",250,6.1,0
2026-06-16,2025-10-05,"0.10%",-300,0.1,0
2026-06-16,2025-10-05,"0.35%",-300,0.35,0
2026-06-16,2025-10-05,"0.60%",-300,0.6,0
2026-06-16,2025-10-05,"0.85%",-275,0.85,0
2026-06-16,2025-10-05,"1.10%",-250,1.1,0
2026-06-16,2025-10-05,"1.35%",-225,1.35,0
2026-06-16,2025-10-05,"1.60%",-200,1.6,0
2026-06-16,2025-10-05,"1.85%",-175,1.85,0
2026-06-16,2025-10-05,"2.10%",-150,2.1,0
2026-06-16,2025-10-05,"2.35%",-125,2.35,0
2026-06-16,2025-10-05,"2.60%",-100,2.6,0.0411405520954878
2026-06-16,2025-10-05,"2.85%",-75,2.85,0.222636932479212
2026-06-16,2025-10-05,"3.10%",-50,3.1,0.413121918509508
2026-06-16,2025-10-05,"3.35%",-25,3.35,0.26479090274353
2026-06-16,2025-10-05,"3.60%",0,3.6,0.058309694172262
2026-06-16,2025-10-05,"3.85%",25,3.85,0
2026-06-16,2025-10-05,"4.10%",50,4.1,0
2026-06-16,2025-10-05,"4.35%",75,4.35,0
2026-06-16,2025-10-05,"4.60%",100,4.6,0
2026-06-16,2025-10-05,"4.85%",125,4.85,0
2026-06-16,2025-10-05,"5.10%",150,5.1,0
2026-06-16,2025-10-05,"5.35%",175,5.35,0
2026-06-16,2025-10-05,"5.60%",200,5.6,0
2026-06-16,2025-10-05,"5.85%",225,5.85,0
2026-06-16,2025-10-05,"6.10%",250,6.1,0
2026-06-16,2025-10-06,"0.10%",-300,0.1,0
2026-06-16,2025-10-06,"0.35%",-300,0.35,0
2026-06-16,2025-10-06,"0.60%",-300,0.6,0
2026-06-16,2025-10-06,"0.85%",-275,0.85,0
2026-06-16,2025-10-06,"1.10%",-250,1.1,0
2026-06-16,2025-10-06,"1.35%",-225,1.35,0
2026-06-16,2025-10-06,"1.60%",-200,1.6,0
2026-06-16,2025-10-06,"1.85%",-175,1.85,0
2026-06-16,2025-10-06,"2.10%",-150,2.1,0
2026-06-16,2025-10-06,"2.35%",-125,2.35,0
2026-06-16,2025-10-06,"2.60%",-100,2.6,0.0418409193441623
2026-06-16,2025-10-06,"2.85%",-75,2.85,0.222990882348179
2026-06-16,2025-10-06,"3.10%",-50,3.1,0.411433544854882
2026-06-16,2025-10-06,"3.35%",-25,3.35,0.264676065150202
2026-06-16,2025-10-06,"3.60%",0,3.6,0.0590585883025739
2026-06-16,2025-10-06,"3.85%",25,3.85,0
2026-06-16,2025-10-06,"4.10%",50,4.1,0
2026-06-16,2025-10-06,"4.35%",75,4.35,0
2026-06-16,2025-10-06,"4.60%",100,4.6,0
2026-06-16,2025-10-06,"4.85%",125,4.85,0
2026-06-16,2025-10-06,"5.10%",150,5.1,0
2026-06-16,2025-10-06,"5.35%",175,5.35,0
2026-06-16,2025-10-06,"5.60%",200,5.6,0
2026-06-16,2025-10-06,"5.85%",225,5.85,0
2026-06-16,2025-10-06,"6.10%",250,6.1,0
2026-06-16,2025-10-07,"0.10%",-300,0.1,0
2026-06-16,2025-10-07,"0.35%",-300,0.35,0
2026-06-16,2025-10-07,"0.60%",-300,0.6,0
2026-06-16,2025-10-07,"0.85%",-275,0.85,0
2026-06-16,2025-10-07,"1.10%",-250,1.1,0
2026-06-16,2025-10-07,"1.35%",-225,1.35,0
2026-06-16,2025-10-07,"1.60%",-200,1.6,0
2026-06-16,2025-10-07,"1.85%",-175,1.85,0
2026-06-16,2025-10-07,"2.10%",-150,2.1,0
2026-06-16,2025-10-07,"2.35%",-125,2.35,0
2026-06-16,2025-10-07,"2.60%",-100,2.6,0.0489088458405653
2026-06-16,2025-10-07,"2.85%",-75,2.85,0.225628096306626
2026-06-16,2025-10-07,"3.10%",-50,3.1,0.39496114647196
2026-06-16,2025-10-07,"3.35%",-25,3.35,0.263638006750511
2026-06-16,2025-10-07,"3.60%",0,3.6,0.0668639046303381
2026-06-16,2025-10-07,"3.85%",25,3.85,0
2026-06-16,2025-10-07,"4.10%",50,4.1,0
2026-06-16,2025-10-07,"4.35%",75,4.35,0
2026-06-16,2025-10-07,"4.60%",100,4.6,0
2026-06-16,2025-10-07,"4.85%",125,4.85,0
2026-06-16,2025-10-07,"5.10%",150,5.1,0
2026-06-16,2025-10-07,"5.35%",175,5.35,0
2026-06-16,2025-10-07,"5.60%",200,5.6,0
2026-06-16,2025-10-07,"5.85%",225,5.85,0
2026-06-16,2025-10-07,"6.10%",250,6.1,0
2026-06-16,2025-10-08,"0.10%",-300,0.1,0
2026-06-16,2025-10-08,"0.35%",-300,0.35,0
2026-06-16,2025-10-08,"0.60%",-300,0.6,0
2026-06-16,2025-10-08,"0.85%",-275,0.85,0
2026-06-16,2025-10-08,"1.10%",-250,1.1,0
2026-06-16,2025-10-08,"1.35%",-225,1.35,0
2026-06-16,2025-10-08,"1.60%",-200,1.6,0
2026-06-16,2025-10-08,"1.85%",-175,1.85,0
2026-06-16,2025-10-08,"2.10%",-150,2.1,0
2026-06-16,2025-10-08,"2.35%",-125,2.35,0
2026-06-16,2025-10-08,"2.60%",-100,2.6,0.0309028004346193
2026-06-16,2025-10-08,"2.85%",-75,2.85,0.216864016483881
2026-06-16,2025-10-08,"3.10%",-50,3.1,0.44165822059412
2026-06-16,2025-10-08,"3.35%",-25,3.35,0.264460157174401
2026-06-16,2025-10-08,"3.60%",0,3.6,0.046114805312979
2026-06-16,2025-10-08,"3.85%",25,3.85,0
2026-06-16,2025-10-08,"4.10%",50,4.1,0
2026-06-16,2025-10-08,"4.35%",75,4.35,0
2026-06-16,2025-10-08,"4.60%",100,4.6,0
2026-06-16,2025-10-08,"4.85%",125,4.85,0
2026-06-16,2025-10-08,"5.10%",150,5.1,0
2026-06-16,2025-10-08,"5.35%",175,5.35,0
2026-06-16,2025-10-08,"5.60%",200,5.6,0
2026-06-16,2025-10-08,"5.85%",225,5.85,0
2026-06-16,2025-10-08,"6.10%",250,6.1,0
2026-06-16,2025-10-09,"0.10%",-300,0.1,0
2026-06-16,2025-10-09,"0.35%",-300,0.35,0
2026-06-16,2025-10-09,"0.60%",-300,0.6,0
2026-06-16,2025-10-09,"0.85%",-275,0.85,0
2026-06-16,2025-10-09,"1.10%",-250,1.1,0
2026-06-16,2025-10-09,"1.35%",-225,1.35,0
2026-06-16,2025-10-09,"1.60%",-200,1.6,0
2026-06-16,2025-10-09,"1.85%",-175,1.85,0
2026-06-16,2025-10-09,"2.10%",-150,2.1,0
2026-06-16,2025-10-09,"2.35%",-125,2.35,0
2026-06-16,2025-10-09,"2.60%",-100,2.6,0.0355824760772539
2026-06-16,2025-10-09,"2.85%",-75,2.85,0.215802590740178
2026-06-16,2025-10-09,"3.10%",-50,3.1,0.422743127248212
2026-06-16,2025-10-09,"3.35%",-25,3.35,0.27000385745822
2026-06-16,2025-10-09,"3.60%",0,3.6,0.055867948476136
2026-06-16,2025-10-09,"3.85%",25,3.85,0
2026-06-16,2025-10-09,"4.10%",50,4.1,0
2026-06-16,2025-10-09,"4.35%",75,4.35,0
2026-06-16,2025-10-09,"4.60%",100,4.6,0
2026-06-16,2025-10-09,"4.85%",125,4.85,0
2026-06-16,2025-10-09,"5.10%",150,5.1,0
2026-06-16,2025-10-09,"5.35%",175,5.35,0
2026-06-16,2025-10-09,"5.60%",200,5.6,0
2026-06-16,2025-10-09,"5.85%",225,5.85,0
2026-06-16,2025-10-09,"6.10%",250,6.1,0
2026-06-16,2025-10-10,"0.10%",-300,0.1,0
2026-06-16,2025-10-10,"0.35%",-300,0.35,0
2026-06-16,2025-10-10,"0.60%",-300,0.6,0
2026-06-16,2025-10-10,"0.85%",-275,0.85,0
2026-06-16,2025-10-10,"1.10%",-250,1.1,0
2026-06-16,2025-10-10,"1.35%",-225,1.35,0
2026-06-16,2025-10-10,"1.60%",-200,1.6,0
2026-06-16,2025-10-10,"1.85%",-175,1.85,0
2026-06-16,2025-10-10,"2.10%",-150,2.1,0
2026-06-16,2025-10-10,"2.35%",-125,2.35,0
2026-06-16,2025-10-10,"2.60%",-100,2.6,0.0363242947566867
2026-06-16,2025-10-10,"2.85%",-75,2.85,0.216204410557791
2026-06-16,2025-10-10,"3.10%",-50,3.1,0.420674009850896
2026-06-16,2025-10-10,"3.35%",-25,3.35,0.26998919743981
2026-06-16,2025-10-10,"3.60%",0,3.6,0.0568080873948155
2026-06-16,2025-10-10,"3.85%",25,3.85,0
2026-06-16,2025-10-10,"4.10%",50,4.1,0
2026-06-16,2025-10-10,"4.35%",75,4.35,0
2026-06-16,2025-10-10,"4.60%",100,4.6,0
2026-06-16,2025-10-10,"4.85%",125,4.85,0
2026-06-16,2025-10-10,"5.10%",150,5.1,0
2026-06-16,2025-10-10,"5.35%",175,5.35,0
2026-06-16,2025-10-10,"5.60%",200,5.6,0
2026-06-16,2025-10-10,"5.85%",225,5.85,0
2026-06-16,2025-10-10,"6.10%",250,6.1,0
2026-06-16,2025-10-11,"0.10%",-300,0.1,0
2026-06-16,2025-10-11,"0.35%",-300,0.35,0
2026-06-16,2025-10-11,"0.60%",-300,0.6,0
2026-06-16,2025-10-11,"0.85%",-275,0.85,0
2026-06-16,2025-10-11,"1.10%",-250,1.1,0
2026-06-16,2025-10-11,"1.35%",-225,1.35,0
2026-06-16,2025-10-11,"1.60%",-200,1.6,0
2026-06-16,2025-10-11,"1.85%",-175,1.85,0
2026-06-16,2025-10-11,"2.10%",-150,2.1,0
2026-06-16,2025-10-11,"2.35%",-125,2.35,0
2026-06-16,2025-10-11,"2.60%",-100,2.6,0.0348512989514349
2026-06-16,2025-10-11,"2.85%",-75,2.85,0.215311053254039
2026-06-16,2025-10-11,"3.10%",-50,3.1,0.42470925729984
2026-06-16,2025-10-11,"3.35%",-25,3.35,0.270108676855502
2026-06-16,2025-10-11,"3.60%",0,3.6,0.055019713639184
2026-06-16,2025-10-11,"3.85%",25,3.85,0
2026-06-16,2025-10-11,"4.10%",50,4.1,0
2026-06-16,2025-10-11,"4.35%",75,4.35,0
2026-06-16,2025-10-11,"4.60%",100,4.6,0
2026-06-16,2025-10-11,"4.85%",125,4.85,0
2026-06-16,2025-10-11,"5.10%",150,5.1,0
2026-06-16,2025-10-11,"5.35%",175,5.35,0
2026-06-16,2025-10-11,"5.60%",200,5.6,0
2026-06-16,2025-10-11,"5.85%",225,5.85,0
2026-06-16,2025-10-11,"6.10%",250,6.1,0
2026-06-16,2025-10-12,"0.10%",-300,0.1,0
2026-06-16,2025-10-12,"0.35%",-300,0.35,0
2026-06-16,2025-10-12,"0.60%",-300,0.6,0
2026-06-16,2025-10-12,"0.85%",-275,0.85,0
2026-06-16,2025-10-12,"1.10%",-250,1.1,0
2026-06-16,2025-10-12,"1.35%",-225,1.35,0
2026-06-16,2025-10-12,"1.60%",-200,1.6,0
2026-06-16,2025-10-12,"1.85%",-175,1.85,0
2026-06-16,2025-10-12,"2.10%",-150,2.1,0
2026-06-16,2025-10-12,"2.35%",-125,2.35,0
2026-06-16,2025-10-12,"2.60%",-100,2.6,0.0335802432953009
2026-06-16,2025-10-12,"2.85%",-75,2.85,0.214993670825942
2026-06-16,2025-10-12,"3.10%",-50,3.1,0.428944423036357
2026-06-16,2025-10-12,"3.35%",-25,3.35,0.269529709594042
2026-06-16,2025-10-12,"3.60%",0,3.6,0.0529519532483579
2026-06-16,2025-10-12,"3.85%",25,3.85,0
2026-06-16,2025-10-12,"4.10%",50,4.1,0
2026-06-16,2025-10-12,"4.35%",75,4.35,0
2026-06-16,2025-10-12,"4.60%",100,4.6,0
2026-06-16,2025-10-12,"4.85%",125,4.85,0
2026-06-16,2025-10-12,"5.10%",150,5.1,0
2026-06-16,2025-10-12,"5.35%",175,5.35,0
2026-06-16,2025-10-12,"5.60%",200,5.6,0
2026-06-16,2025-10-12,"5.85%",225,5.85,0
2026-06-16,2025-10-12,"6.10%",250,6.1,0
2026-06-16,2025-10-13,"0.10%",-300,0.1,0
2026-06-16,2025-10-13,"0.35%",-300,0.35,0
2026-06-16,2025-10-13,"0.60%",-300,0.6,0
2026-06-16,2025-10-13,"0.85%",-275,0.85,0
2026-06-16,2025-10-13,"1.10%",-250,1.1,0
2026-06-16,2025-10-13,"1.35%",-225,1.35,0
2026-06-16,2025-10-13,"1.60%",-200,1.6,0
2026-06-16,2025-10-13,"1.85%",-175,1.85,0
2026-06-16,2025-10-13,"2.10%",-150,2.1,0
2026-06-16,2025-10-13,"2.35%",-125,2.35,0.0793371653046253
2026-06-16,2025-10-13,"2.60%",-100,2.6,0.327550298972651
2026-06-16,2025-10-13,"2.85%",-75,2.85,0.4137401326042
2026-06-16,2025-10-13,"3.10%",-50,3.1,0.160525800193242
2026-06-16,2025-10-13,"3.35%",-25,3.35,0.0188466029252824
2026-06-16,2025-10-13,"3.60%",0,3.6,0
2026-06-16,2025-10-13,"3.85%",25,3.85,0
2026-06-16,2025-10-13,"4.10%",50,4.1,0
2026-06-16,2025-10-13,"4.35%",75,4.35,0
2026-06-16,2025-10-13,"4.60%",100,4.6,0
2026-06-16,2025-10-13,"4.85%",125,4.85,0
2026-06-16,2025-10-13,"5.10%",150,5.1,0
2026-06-16,2025-10-13,"5.35%",175,5.35,0
2026-06-16,2025-10-13,"5.60%",200,5.6,0
2026-06-16,2025-10-13,"5.85%",225,5.85,0
2026-06-16,2025-10-13,"6.10%",250,6.1,0
2026-06-16,2025-10-14,"0.10%",-300,0.1,0
2026-06-16,2025-10-14,"0.35%",-300,0.35,0
2026-06-16,2025-10-14,"0.60%",-300,0.6,0
2026-06-16,2025-10-14,"0.85%",-275,0.85,0
2026-06-16,2025-10-14,"1.10%",-250,1.1,0
2026-06-16,2025-10-14,"1.35%",-225,1.35,0
2026-06-16,2025-10-14,"1.60%",-200,1.6,0
2026-06-16,2025-10-14,"1.85%",-175,1.85,0
2026-06-16,2025-10-14,"2.10%",-150,2.1,0
2026-06-16,2025-10-14,"2.35%",-125,2.35,0.075385220237524
2026-06-16,2025-10-14,"2.60%",-100,2.6,0.329905143674568
2026-06-16,2025-10-14,"2.85%",-75,2.85,0.420735043283819
2026-06-16,2025-10-14,"3.10%",-50,3.1,0.157098724769764
2026-06-16,2025-10-14,"3.35%",-25,3.35,0.0168758680343251
2026-06-16,2025-10-14,"3.60%",0,3.6,0
2026-06-16,2025-10-14,"3.85%",25,3.85,0
2026-06-16,2025-10-14,"4.10%",50,4.1,0
2026-06-16,2025-10-14,"4.35%",75,4.35,0
2026-06-16,2025-10-14,"4.60%",100,4.6,0
2026-06-16,2025-10-14,"4.85%",125,4.85,0
2026-06-16,2025-10-14,"5.10%",150,5.1,0
2026-06-16,2025-10-14,"5.35%",175,5.35,0
2026-06-16,2025-10-14,"5.60%",200,5.6,0
2026-06-16,2025-10-14,"5.85%",225,5.85,0
2026-06-16,2025-10-14,"6.10%",250,6.1,0
2026-06-16,2025-10-15,"0.10%",-300,0.1,0
2026-06-16,2025-10-15,"0.35%",-300,0.35,0
2026-06-16,2025-10-15,"0.60%",-300,0.6,0
2026-06-16,2025-10-15,"0.85%",-275,0.85,0
2026-06-16,2025-10-15,"1.10%",-250,1.1,0
2026-06-16,2025-10-15,"1.35%",-225,1.35,0
2026-06-16,2025-10-15,"1.60%",-200,1.6,0
2026-06-16,2025-10-15,"1.85%",-175,1.85,0
2026-06-16,2025-10-15,"2.10%",-150,2.1,0
2026-06-16,2025-10-15,"2.35%",-125,2.35,0.0604084694843308
2026-06-16,2025-10-15,"2.60%",-100,2.6,0.298179629757892
2026-06-16,2025-10-15,"2.85%",-75,2.85,0.432527062303748
2026-06-16,2025-10-15,"3.10%",-50,3.1,0.185654799088323
2026-06-16,2025-10-15,"3.35%",-25,3.35,0.0232300393657056
2026-06-16,2025-10-15,"3.60%",0,3.6,0
2026-06-16,2025-10-15,"3.85%",25,3.85,0
2026-06-16,2025-10-15,"4.10%",50,4.1,0
2026-06-16,2025-10-15,"4.35%",75,4.35,0
2026-06-16,2025-10-15,"4.60%",100,4.6,0
2026-06-16,2025-10-15,"4.85%",125,4.85,0
2026-06-16,2025-10-15,"5.10%",150,5.1,0
2026-06-16,2025-10-15,"5.35%",175,5.35,0
2026-06-16,2025-10-15,"5.60%",200,5.6,0
2026-06-16,2025-10-15,"5.85%",225,5.85,0
2026-06-16,2025-10-15,"6.10%",250,6.1,0
2026-06-16,2025-10-16,"0.10%",-300,0.1,0
2026-06-16,2025-10-16,"0.35%",-300,0.35,0
2026-06-16,2025-10-16,"0.60%",-300,0.6,0
2026-06-16,2025-10-16,"0.85%",-275,0.85,0
2026-06-16,2025-10-16,"1.10%",-250,1.1,0
2026-06-16,2025-10-16,"1.35%",-225,1.35,0
2026-06-16,2025-10-16,"1.60%",-200,1.6,0
2026-06-16,2025-10-16,"1.85%",-175,1.85,0
2026-06-16,2025-10-16,"2.10%",-150,2.1,0
2026-06-16,2025-10-16,"2.35%",-125,2.35,0
2026-06-16,2025-10-16,"2.60%",-100,2.6,0.0268998622614802
2026-06-16,2025-10-16,"2.85%",-75,2.85,0.256839399707557
2026-06-16,2025-10-16,"3.10%",-50,3.1,0.498204553736738
2026-06-16,2025-10-16,"3.35%",-25,3.35,0.201621539124786
2026-06-16,2025-10-16,"3.60%",0,3.6,0.0164346451694387
2026-06-16,2025-10-16,"3.85%",25,3.85,0
2026-06-16,2025-10-16,"4.10%",50,4.1,0
2026-06-16,2025-10-16,"4.35%",75,4.35,0
2026-06-16,2025-10-16,"4.60%",100,4.6,0
2026-06-16,2025-10-16,"4.85%",125,4.85,0
2026-06-16,2025-10-16,"5.10%",150,5.1,0
2026-06-16,2025-10-16,"5.35%",175,5.35,0
2026-06-16,2025-10-16,"5.60%",200,5.6,0
2026-06-16,2025-10-16,"5.85%",225,5.85,0
2026-06-16,2025-10-16,"6.10%",250,6.1,0
2026-06-16,2025-10-17,"0.10%",-300,0.1,0
2026-06-16,2025-10-17,"0.35%",-300,0.35,0
2026-06-16,2025-10-17,"0.60%",-300,0.6,0
2026-06-16,2025-10-17,"0.85%",-275,0.85,0
2026-06-16,2025-10-17,"1.10%",-250,1.1,0
2026-06-16,2025-10-17,"1.35%",-225,1.35,0
2026-06-16,2025-10-17,"1.60%",-200,1.6,0
2026-06-16,2025-10-17,"1.85%",-175,1.85,0
2026-06-16,2025-10-17,"2.10%",-150,2.1,0
2026-06-16,2025-10-17,"2.35%",-125,2.35,0
2026-06-16,2025-10-17,"2.60%",-100,2.6,0.0331212748329435
2026-06-16,2025-10-17,"2.85%",-75,2.85,0.259652046056192
2026-06-16,2025-10-17,"3.10%",-50,3.1,0.476873995862173
2026-06-16,2025-10-17,"3.35%",-25,3.35,0.209017545272224
2026-06-16,2025-10-17,"3.60%",0,3.6,0.0213351379764667
2026-06-16,2025-10-17,"3.85%",25,3.85,0
2026-06-16,2025-10-17,"4.10%",50,4.1,0
2026-06-16,2025-10-17,"4.35%",75,4.35,0
2026-06-16,2025-10-17,"4.60%",100,4.6,0
2026-06-16,2025-10-17,"4.85%",125,4.85,0
2026-06-16,2025-10-17,"5.10%",150,5.1,0
2026-06-16,2025-10-17,"5.35%",175,5.35,0
2026-06-16,2025-10-17,"5.60%",200,5.6,0
2026-06-16,2025-10-17,"5.85%",225,5.85,0
2026-06-16,2025-10-17,"6.10%",250,6.1,0
2026-06-16,2025-10-18,"0.10%",-300,0.1,0
2026-06-16,2025-10-18,"0.35%",-300,0.35,0
2026-06-16,2025-10-18,"0.60%",-300,0.6,0
2026-06-16,2025-10-18,"0.85%",-275,0.85,0
2026-06-16,2025-10-18,"1.10%",-250,1.1,0
2026-06-16,2025-10-18,"1.35%",-225,1.35,0
2026-06-16,2025-10-18,"1.60%",-200,1.6,0
2026-06-16,2025-10-18,"1.85%",-175,1.85,0
2026-06-16,2025-10-18,"2.10%",-150,2.1,0
2026-06-16,2025-10-18,"2.35%",-125,2.35,0
2026-06-16,2025-10-18,"2.60%",-100,2.6,0.0437813840620541
2026-06-16,2025-10-18,"2.85%",-75,2.85,0.262595532945803
2026-06-16,2025-10-18,"3.10%",-50,3.1,0.446384728575731
2026-06-16,2025-10-18,"3.35%",-25,3.35,0.217349283683273
2026-06-16,2025-10-18,"3.60%",0,3.6,0.0298890707331377
2026-06-16,2025-10-18,"3.85%",25,3.85,0
2026-06-16,2025-10-18,"4.10%",50,4.1,0
2026-06-16,2025-10-18,"4.35%",75,4.35,0
2026-06-16,2025-10-18,"4.60%",100,4.6,0
2026-06-16,2025-10-18,"4.85%",125,4.85,0
2026-06-16,2025-10-18,"5.10%",150,5.1,0
2026-06-16,2025-10-18,"5.35%",175,5.35,0
2026-06-16,2025-10-18,"5.60%",200,5.6,0
2026-06-16,2025-10-18,"5.85%",225,5.85,0
2026-06-16,2025-10-18,"6.10%",250,6.1,0
2026-06-16,2025-10-19,"0.10%",-300,0.1,0
2026-06-16,2025-10-19,"0.35%",-300,0.35,0
2026-06-16,2025-10-19,"0.60%",-300,0.6,0
2026-06-16,2025-10-19,"0.85%",-275,0.85,0
2026-06-16,2025-10-19,"1.10%",-250,1.1,0
2026-06-16,2025-10-19,"1.35%",-225,1.35,0
2026-06-16,2025-10-19,"1.60%",-200,1.6,0
2026-06-16,2025-10-19,"1.85%",-175,1.85,0
2026-06-16,2025-10-19,"2.10%",-150,2.1,0
2026-06-16,2025-10-19,"2.35%",-125,2.35,0
2026-06-16,2025-10-19,"2.60%",-100,2.6,0.0354201790757913
2026-06-16,2025-10-19,"2.85%",-75,2.85,0.211777806774573
2026-06-16,2025-10-19,"3.10%",-50,3.1,0.418044926571891
2026-06-16,2025-10-19,"3.35%",-25,3.35,0.274885473736639
2026-06-16,2025-10-19,"3.60%",0,3.6,0.0598716138411065
2026-06-16,2025-10-19,"3.85%",25,3.85,0
2026-06-16,2025-10-19,"4.10%",50,4.1,0
2026-06-16,2025-10-19,"4.35%",75,4.35,0
2026-06-16,2025-10-19,"4.60%",100,4.6,0
2026-06-16,2025-10-19,"4.85%",125,4.85,0
2026-06-16,2025-10-19,"5.10%",150,5.1,0
2026-06-16,2025-10-19,"5.35%",175,5.35,0
2026-06-16,2025-10-19,"5.60%",200,5.6,0
2026-06-16,2025-10-19,"5.85%",225,5.85,0
2026-06-16,2025-10-19,"6.10%",250,6.1,0
2026-06-16,2025-10-20,"0.10%",-300,0.1,0
2026-06-16,2025-10-20,"0.35%",-300,0.35,0
2026-06-16,2025-10-20,"0.60%",-300,0.6,0
2026-06-16,2025-10-20,"0.85%",-275,0.85,0
2026-06-16,2025-10-20,"1.10%",-250,1.1,0
2026-06-16,2025-10-20,"1.35%",-225,1.35,0
2026-06-16,2025-10-20,"1.60%",-200,1.6,0
2026-06-16,2025-10-20,"1.85%",-175,1.85,0
2026-06-16,2025-10-20,"2.10%",-150,2.1,0
2026-06-16,2025-10-20,"2.35%",-125,2.35,0
2026-06-16,2025-10-20,"2.60%",-100,2.6,0.0479162226288595
2026-06-16,2025-10-20,"2.85%",-75,2.85,0.224814175702373
2026-06-16,2025-10-20,"3.10%",-50,3.1,0.396566395104793
2026-06-16,2025-10-20,"3.35%",-25,3.35,0.264355397149837
2026-06-16,2025-10-20,"3.60%",0,3.6,0.0663478094141375
2026-06-16,2025-10-20,"3.85%",25,3.85,0
2026-06-16,2025-10-20,"4.10%",50,4.1,0
2026-06-16,2025-10-20,"4.35%",75,4.35,0
2026-06-16,2025-10-20,"4.60%",100,4.6,0
2026-06-16,2025-10-20,"4.85%",125,4.85,0
2026-06-16,2025-10-20,"5.10%",150,5.1,0
2026-06-16,2025-10-20,"5.35%",175,5.35,0
2026-06-16,2025-10-20,"5.60%",200,5.6,0
2026-06-16,2025-10-20,"5.85%",225,5.85,0
2026-06-16,2025-10-20,"6.10%",250,6.1,0
2026-06-16,2025-10-21,"0.10%",-300,0.1,0
2026-06-16,2025-10-21,"0.35%",-300,0.35,0
2026-06-16,2025-10-21,"0.60%",-300,0.6,0
2026-06-16,2025-10-21,"0.85%",-275,0.85,0
2026-06-16,2025-10-21,"1.10%",-250,1.1,0
2026-06-16,2025-10-21,"1.35%",-225,1.35,0
2026-06-16,2025-10-21,"1.60%",-200,1.6,0
2026-06-16,2025-10-21,"1.85%",-175,1.85,0
2026-06-16,2025-10-21,"2.10%",-150,2.1,0
2026-06-16,2025-10-21,"2.35%",-125,2.35,0
2026-06-16,2025-10-21,"2.60%",-100,2.6,0.0271224887497756
2026-06-16,2025-10-21,"2.85%",-75,2.85,0.200920100654806
2026-06-16,2025-10-21,"3.10%",-50,3.1,0.436444085499189
2026-06-16,2025-10-21,"3.35%",-25,3.35,0.281839022982661
2026-06-16,2025-10-21,"3.60%",0,3.6,0.0536743021135685
2026-06-16,2025-10-21,"3.85%",25,3.85,0
2026-06-16,2025-10-21,"4.10%",50,4.1,0
2026-06-16,2025-10-21,"4.35%",75,4.35,0
2026-06-16,2025-10-21,"4.60%",100,4.6,0
2026-06-16,2025-10-21,"4.85%",125,4.85,0
2026-06-16,2025-10-21,"5.10%",150,5.1,0
2026-06-16,2025-10-21,"5.35%",175,5.35,0
2026-06-16,2025-10-21,"5.60%",200,5.6,0
2026-06-16,2025-10-21,"5.85%",225,5.85,0
2026-06-16,2025-10-21,"6.10%",250,6.1,0
2026-06-16,2025-10-22,"0.10%",-300,0.1,0
2026-06-16,2025-10-22,"0.35%",-300,0.35,0
2026-06-16,2025-10-22,"0.60%",-300,0.6,0
2026-06-16,2025-10-22,"0.85%",-275,0.85,0
2026-06-16,2025-10-22,"1.10%",-250,1.1,0
2026-06-16,2025-10-22,"1.35%",-225,1.35,0
2026-06-16,2025-10-22,"1.60%",-200,1.6,0
2026-06-16,2025-10-22,"1.85%",-175,1.85,0
2026-06-16,2025-10-22,"2.10%",-150,2.1,0
2026-06-16,2025-10-22,"2.35%",-125,2.35,0
2026-06-16,2025-10-22,"2.60%",-100,2.6,0.0364890450462453
2026-06-16,2025-10-22,"2.85%",-75,2.85,0.212839249138577
2026-06-16,2025-10-22,"3.10%",-50,3.1,0.415718016434553
2026-06-16,2025-10-22,"3.35%",-25,3.35,0.274204174025743
2026-06-16,2025-10-22,"3.60%",0,3.6,0.0607495153548822
2026-06-16,2025-10-22,"3.85%",25,3.85,0
2026-06-16,2025-10-22,"4.10%",50,4.1,0
2026-06-16,2025-10-22,"4.35%",75,4.35,0
2026-06-16,2025-10-22,"4.60%",100,4.6,0
2026-06-16,2025-10-22,"4.85%",125,4.85,0
2026-06-16,2025-10-22,"5.10%",150,5.1,0
2026-06-16,2025-10-22,"5.35%",175,5.35,0
2026-06-16,2025-10-22,"5.60%",200,5.6,0
2026-06-16,2025-10-22,"5.85%",225,5.85,0
2026-06-16,2025-10-22,"6.10%",250,6.1,0
2026-06-16,2025-10-23,"0.10%",-300,0.1,0
2026-06-16,2025-10-23,"0.35%",-300,0.35,0
2026-06-16,2025-10-23,"0.60%",-300,0.6,0
2026-06-16,2025-10-23,"0.85%",-275,0.85,0
2026-06-16,2025-10-23,"1.10%",-250,1.1,0
2026-06-16,2025-10-23,"1.35%",-225,1.35,0
2026-06-16,2025-10-23,"1.60%",-200,1.6,0
2026-06-16,2025-10-23,"1.85%",-175,1.85,0
2026-06-16,2025-10-23,"2.10%",-150,2.1,0
2026-06-16,2025-10-23,"2.35%",-125,2.35,0
2026-06-16,2025-10-23,"2.60%",-100,2.6,0.0436066650963645
2026-06-16,2025-10-23,"2.85%",-75,2.85,0.199968305004137
2026-06-16,2025-10-23,"3.10%",-50,3.1,0.372956791823217
2026-06-16,2025-10-23,"3.35%",-25,3.35,0.284130470089827
2026-06-16,2025-10-23,"3.60%",0,3.6,0.088246961413989
2026-06-16,2025-10-23,"3.85%",25,3.85,0.0110908065724654
2026-06-16,2025-10-23,"4.10%",50,4.1,0
2026-06-16,2025-10-23,"4.35%",75,4.35,0
2026-06-16,2025-10-23,"4.60%",100,4.6,0
2026-06-16,2025-10-23,"4.85%",125,4.85,0
2026-06-16,2025-10-23,"5.10%",150,5.1,0
2026-06-16,2025-10-23,"5.35%",175,5.35,0
2026-06-16,2025-10-23,"5.60%",200,5.6,0
2026-06-16,2025-10-23,"5.85%",225,5.85,0
2026-06-16,2025-10-23,"6.10%",250,6.1,0
2026-06-16,2025-10-24,"0.10%",-300,0.1,0
2026-06-16,2025-10-24,"0.35%",-300,0.35,0
2026-06-16,2025-10-24,"0.60%",-300,0.6,0
2026-06-16,2025-10-24,"0.85%",-275,0.85,0
2026-06-16,2025-10-24,"1.10%",-250,1.1,0
2026-06-16,2025-10-24,"1.35%",-225,1.35,0
2026-06-16,2025-10-24,"1.60%",-200,1.6,0
2026-06-16,2025-10-24,"1.85%",-175,1.85,0
2026-06-16,2025-10-24,"2.10%",-150,2.1,0
2026-06-16,2025-10-24,"2.35%",-125,2.35,0
2026-06-16,2025-10-24,"2.60%",-100,2.6,0.039373316908719
2026-06-16,2025-10-24,"2.85%",-75,2.85,0.19950556593925
2026-06-16,2025-10-24,"3.10%",-50,3.1,0.38749790234593
2026-06-16,2025-10-24,"3.35%",-25,3.35,0.290110704682438
2026-06-16,2025-10-24,"3.60%",0,3.6,0.0835125101236624
2026-06-16,2025-10-24,"3.85%",25,3.85,0
2026-06-16,2025-10-24,"4.10%",50,4.1,0
2026-06-16,2025-10-24,"4.35%",75,4.35,0
2026-06-16,2025-10-24,"4.60%",100,4.6,0
2026-06-16,2025-10-24,"4.85%",125,4.85,0
2026-06-16,2025-10-24,"5.10%",150,5.1,0
2026-06-16,2025-10-24,"5.35%",175,5.35,0
2026-06-16,2025-10-24,"5.60%",200,5.6,0
2026-06-16,2025-10-24,"5.85%",225,5.85,0
2026-06-16,2025-10-24,"6.10%",250,6.1,0
2026-06-16,2025-10-25,"0.10%",-300,0.1,0
2026-06-16,2025-10-25,"0.35%",-300,0.35,0
2026-06-16,2025-10-25,"0.60%",-300,0.6,0
2026-06-16,2025-10-25,"0.85%",-275,0.85,0
2026-06-16,2025-10-25,"1.10%",-250,1.1,0
2026-06-16,2025-10-25,"1.35%",-225,1.35,0
2026-06-16,2025-10-25,"1.60%",-200,1.6,0
2026-06-16,2025-10-25,"1.85%",-175,1.85,0
2026-06-16,2025-10-25,"2.10%",-150,2.1,0
2026-06-16,2025-10-25,"2.35%",-125,2.35,0
2026-06-16,2025-10-25,"2.60%",-100,2.6,0.0368725289614159
2026-06-16,2025-10-25,"2.85%",-75,2.85,0.19787872247988
2026-06-16,2025-10-25,"3.10%",-50,3.1,0.393375550737999
2026-06-16,2025-10-25,"3.35%",-25,3.35,0.29154769589045
2026-06-16,2025-10-25,"3.60%",0,3.6,0.080325501930255
2026-06-16,2025-10-25,"3.85%",25,3.85,0
2026-06-16,2025-10-25,"4.10%",50,4.1,0
2026-06-16,2025-10-25,"4.35%",75,4.35,0
2026-06-16,2025-10-25,"4.60%",100,4.6,0
2026-06-16,2025-10-25,"4.85%",125,4.85,0
2026-06-16,2025-10-25,"5.10%",150,5.1,0
2026-06-16,2025-10-25,"5.35%",175,5.35,0
2026-06-16,2025-10-25,"5.60%",200,5.6,0
2026-06-16,2025-10-25,"5.85%",225,5.85,0
2026-06-16,2025-10-25,"6.10%",250,6.1,0
2026-06-16,2025-10-26,"0.10%",-300,0.1,0
2026-06-16,2025-10-26,"0.35%",-300,0.35,0
2026-06-16,2025-10-26,"0.60%",-300,0.6,0
2026-06-16,2025-10-26,"0.85%",-275,0.85,0
2026-06-16,2025-10-26,"1.10%",-250,1.1,0
2026-06-16,2025-10-26,"1.35%",-225,1.35,0
2026-06-16,2025-10-26,"1.60%",-200,1.6,0
2026-06-16,2025-10-26,"1.85%",-175,1.85,0
2026-06-16,2025-10-26,"2.10%",-150,2.1,0
2026-06-16,2025-10-26,"2.35%",-125,2.35,0
2026-06-16,2025-10-26,"2.60%",-100,2.6,0.0240431354985937
2026-06-16,2025-10-26,"2.85%",-75,2.85,0.160110163326442
2026-06-16,2025-10-26,"3.10%",-50,3.1,0.380269405044505
2026-06-16,2025-10-26,"3.35%",-25,3.35,0.324959076276095
2026-06-16,2025-10-26,"3.60%",0,3.6,0.0997454944419193
2026-06-16,2025-10-26,"3.85%",25,3.85,0.010872725412444
2026-06-16,2025-10-26,"4.10%",50,4.1,0
2026-06-16,2025-10-26,"4.35%",75,4.35,0
2026-06-16,2025-10-26,"4.60%",100,4.6,0
2026-06-16,2025-10-26,"4.85%",125,4.85,0
2026-06-16,2025-10-26,"5.10%",150,5.1,0
2026-06-16,2025-10-26,"5.35%",175,5.35,0
2026-06-16,2025-10-26,"5.60%",200,5.6,0
2026-06-16,2025-10-26,"5.85%",225,5.85,0
2026-06-16,2025-10-26,"6.10%",250,6.1,0
2026-06-16,2025-10-27,"0.10%",-300,0.1,0
2026-06-16,2025-10-27,"0.35%",-300,0.35,0
2026-06-16,2025-10-27,"0.60%",-300,0.6,0
2026-06-16,2025-10-27,"0.85%",-275,0.85,0
2026-06-16,2025-10-27,"1.10%",-250,1.1,0
2026-06-16,2025-10-27,"1.35%",-225,1.35,0
2026-06-16,2025-10-27,"1.60%",-200,1.6,0
2026-06-16,2025-10-27,"1.85%",-175,1.85,0
2026-06-16,2025-10-27,"2.10%",-150,2.1,0
2026-06-16,2025-10-27,"2.35%",-125,2.35,0
2026-06-16,2025-10-27,"2.60%",-100,2.6,0.0156495519022858
2026-06-16,2025-10-27,"2.85%",-75,2.85,0.128998380162939
2026-06-16,2025-10-27,"3.10%",-50,3.1,0.364231376841917
2026-06-16,2025-10-27,"3.35%",-25,3.35,0.356344114376035
2026-06-16,2025-10-27,"3.60%",0,3.6,0.120766333110113
2026-06-16,2025-10-27,"3.85%",25,3.85,0.0140102436067105
2026-06-16,2025-10-27,"4.10%",50,4.1,0
2026-06-16,2025-10-27,"4.35%",75,4.35,0
2026-06-16,2025-10-27,"4.60%",100,4.6,0
2026-06-16,2025-10-27,"4.85%",125,4.85,0
2026-06-16,2025-10-27,"5.10%",150,5.1,0
2026-06-16,2025-10-27,"5.35%",175,5.35,0
2026-06-16,2025-10-27,"5.60%",200,5.6,0
2026-06-16,2025-10-27,"5.85%",225,5.85,0
2026-06-16,2025-10-27,"6.10%",250,6.1,0
2026-06-16,2025-10-28,"0.10%",-300,0.1,0
2026-06-16,2025-10-28,"0.35%",-300,0.35,0
2026-06-16,2025-10-28,"0.60%",-300,0.6,0
2026-06-16,2025-10-28,"0.85%",-275,0.85,0
2026-06-16,2025-10-28,"1.10%",-250,1.1,0
2026-06-16,2025-10-28,"1.35%",-225,1.35,0
2026-06-16,2025-10-28,"1.60%",-200,1.6,0
2026-06-16,2025-10-28,"1.85%",-175,1.85,0
2026-06-16,2025-10-28,"2.10%",-150,2.1,0
2026-06-16,2025-10-28,"2.35%",-125,2.35,0
2026-06-16,2025-10-28,"2.60%",-100,2.6,0
2026-06-16,2025-10-28,"2.85%",-75,2.85,0.0399732796063089
2026-06-16,2025-10-28,"3.10%",-50,3.1,0.222761073750092
2026-06-16,2025-10-28,"3.35%",-25,3.35,0.416888424326055
2026-06-16,2025-10-28,"3.60%",0,3.6,0.264082967727362
2026-06-16,2025-10-28,"3.85%",25,3.85,0.056294254590182
2026-06-16,2025-10-28,"4.10%",50,4.1,0
2026-06-16,2025-10-28,"4.35%",75,4.35,0
2026-06-16,2025-10-28,"4.60%",100,4.6,0
2026-06-16,2025-10-28,"4.85%",125,4.85,0
2026-06-16,2025-10-28,"5.10%",150,5.1,0
2026-06-16,2025-10-28,"5.35%",175,5.35,0
2026-06-16,2025-10-28,"5.60%",200,5.6,0
2026-06-16,2025-10-28,"5.85%",225,5.85,0
2026-06-16,2025-10-28,"6.10%",250,6.1,0
2026-06-16,2025-10-29,"0.10%",-300,0.1,0
2026-06-16,2025-10-29,"0.35%",-300,0.35,0
2026-06-16,2025-10-29,"0.60%",-300,0.6,0
2026-06-16,2025-10-29,"0.85%",-275,0.85,0
2026-06-16,2025-10-29,"1.10%",-250,1.1,0
2026-06-16,2025-10-29,"1.35%",-225,1.35,0
2026-06-16,2025-10-29,"1.60%",-200,1.6,0
2026-06-16,2025-10-29,"1.85%",-175,1.85,0
2026-06-16,2025-10-29,"2.10%",-150,2.1,0
2026-06-16,2025-10-29,"2.35%",-125,2.35,0
2026-06-16,2025-10-29,"2.60%",-100,2.6,0
2026-06-16,2025-10-29,"2.85%",-75,2.85,0.0589709676967164
2026-06-16,2025-10-29,"3.10%",-50,3.1,0.235660019055314
2026-06-16,2025-10-29,"3.35%",-25,3.35,0.382951510896299
2026-06-16,2025-10-29,"3.60%",0,3.6,0.253919332827401
2026-06-16,2025-10-29,"3.85%",25,3.85,0.0684981695242702
2026-06-16,2025-10-29,"4.10%",50,4.1,0
2026-06-16,2025-10-29,"4.35%",75,4.35,0
2026-06-16,2025-10-29,"4.60%",100,4.6,0
2026-06-16,2025-10-29,"4.85%",125,4.85,0
2026-06-16,2025-10-29,"5.10%",150,5.1,0
2026-06-16,2025-10-29,"5.35%",175,5.35,0
2026-06-16,2025-10-29,"5.60%",200,5.6,0
2026-06-16,2025-10-29,"5.85%",225,5.85,0
2026-06-16,2025-10-29,"6.10%",250,6.1,0
2026-06-16,2025-10-30,"0.10%",-300,0.1,0
2026-06-16,2025-10-30,"0.35%",-300,0.35,0
2026-06-16,2025-10-30,"0.60%",-300,0.6,0
2026-06-16,2025-10-30,"0.85%",-275,0.85,0
2026-06-16,2025-10-30,"1.10%",-250,1.1,0
2026-06-16,2025-10-30,"1.35%",-225,1.35,0
2026-06-16,2025-10-30,"1.60%",-200,1.6,0
2026-06-16,2025-10-30,"1.85%",-175,1.85,0
2026-06-16,2025-10-30,"2.10%",-150,2.1,0
2026-06-16,2025-10-30,"2.35%",-125,2.35,0
2026-06-16,2025-10-30,"2.60%",-100,2.6,0
2026-06-16,2025-10-30,"2.85%",-75,2.85,0.0579523308052624
2026-06-16,2025-10-30,"3.10%",-50,3.1,0.24110336954305
2026-06-16,2025-10-30,"3.35%",-25,3.35,0.391105604562406
2026-06-16,2025-10-30,"3.60%",0,3.6,0.248340730237219
2026-06-16,2025-10-30,"3.85%",25,3.85,0.0614979648520632
2026-06-16,2025-10-30,"4.10%",50,4.1,0
2026-06-16,2025-10-30,"4.35%",75,4.35,0
2026-06-16,2025-10-30,"4.60%",100,4.6,0
2026-06-16,2025-10-30,"4.85%",125,4.85,0
2026-06-16,2025-10-30,"5.10%",150,5.1,0
2026-06-16,2025-10-30,"5.35%",175,5.35,0
2026-06-16,2025-10-30,"5.60%",200,5.6,0
2026-06-16,2025-10-30,"5.85%",225,5.85,0
2026-06-16,2025-10-30,"6.10%",250,6.1,0
2026-06-16,2025-10-31,"0.10%",-300,0.1,0
2026-06-16,2025-10-31,"0.35%",-300,0.35,0
2026-06-16,2025-10-31,"0.60%",-300,0.6,0
2026-06-16,2025-10-31,"0.85%",-275,0.85,0
2026-06-16,2025-10-31,"1.10%",-250,1.1,0
2026-06-16,2025-10-31,"1.35%",-225,1.35,0
2026-06-16,2025-10-31,"1.60%",-200,1.6,0
2026-06-16,2025-10-31,"1.85%",-175,1.85,0
2026-06-16,2025-10-31,"2.10%",-150,2.1,0
2026-06-16,2025-10-31,"2.35%",-125,2.35,0
2026-06-16,2025-10-31,"2.60%",-100,2.6,0
2026-06-16,2025-10-31,"2.85%",-75,2.85,0.0501291797620087
2026-06-16,2025-10-31,"3.10%",-50,3.1,0.240096116359863
2026-06-16,2025-10-31,"3.35%",-25,3.35,0.408310270930276
2026-06-16,2025-10-31,"3.60%",0,3.6,0.247973833970684
2026-06-16,2025-10-31,"3.85%",25,3.85,0.0534905989771684
2026-06-16,2025-10-31,"4.10%",50,4.1,0
2026-06-16,2025-10-31,"4.35%",75,4.35,0
2026-06-16,2025-10-31,"4.60%",100,4.6,0
2026-06-16,2025-10-31,"4.85%",125,4.85,0
2026-06-16,2025-10-31,"5.10%",150,5.1,0
2026-06-16,2025-10-31,"5.35%",175,5.35,0
2026-06-16,2025-10-31,"5.60%",200,5.6,0
2026-06-16,2025-10-31,"5.85%",225,5.85,0
2026-06-16,2025-10-31,"6.10%",250,6.1,0
2026-06-16,2025-11-01,"0.10%",-300,0.1,0
2026-06-16,2025-11-01,"0.35%",-300,0.35,0
2026-06-16,2025-11-01,"0.60%",-300,0.6,0
2026-06-16,2025-11-01,"0.85%",-275,0.85,0
2026-06-16,2025-11-01,"1.10%",-250,1.1,0
2026-06-16,2025-11-01,"1.35%",-225,1.35,0
2026-06-16,2025-11-01,"1.60%",-200,1.6,0
2026-06-16,2025-11-01,"1.85%",-175,1.85,0
2026-06-16,2025-11-01,"2.10%",-150,2.1,0
2026-06-16,2025-11-01,"2.35%",-125,2.35,0
2026-06-16,2025-11-01,"2.60%",-100,2.6,0
2026-06-16,2025-11-01,"2.85%",-75,2.85,0.0481346333193136
2026-06-16,2025-11-01,"3.10%",-50,3.1,0.239692529593749
2026-06-16,2025-11-01,"3.35%",-25,3.35,0.412973094791099
2026-06-16,2025-11-01,"3.60%",0,3.6,0.247753927927016
2026-06-16,2025-11-01,"3.85%",25,3.85,0.0514458143688217
2026-06-16,2025-11-01,"4.10%",50,4.1,0
2026-06-16,2025-11-01,"4.35%",75,4.35,0
2026-06-16,2025-11-01,"4.60%",100,4.6,0
2026-06-16,2025-11-01,"4.85%",125,4.85,0
2026-06-16,2025-11-01,"5.10%",150,5.1,0
2026-06-16,2025-11-01,"5.35%",175,5.35,0
2026-06-16,2025-11-01,"5.60%",200,5.6,0
2026-06-16,2025-11-01,"5.85%",225,5.85,0
2026-06-16,2025-11-01,"6.10%",250,6.1,0
2026-06-16,2025-11-02,"0.10%",-300,0.1,0
2026-06-16,2025-11-02,"0.35%",-300,0.35,0
2026-06-16,2025-11-02,"0.60%",-300,0.6,0
2026-06-16,2025-11-02,"0.85%",-275,0.85,0
2026-06-16,2025-11-02,"1.10%",-250,1.1,0
2026-06-16,2025-11-02,"1.35%",-225,1.35,0
2026-06-16,2025-11-02,"1.60%",-200,1.6,0
2026-06-16,2025-11-02,"1.85%",-175,1.85,0
2026-06-16,2025-11-02,"2.10%",-150,2.1,0
2026-06-16,2025-11-02,"2.35%",-125,2.35,0
2026-06-16,2025-11-02,"2.60%",-100,2.6,0
2026-06-16,2025-11-02,"2.85%",-75,2.85,0.0310384573883887
2026-06-16,2025-11-02,"3.10%",-50,3.1,0.194679358500914
2026-06-16,2025-11-02,"3.35%",-25,3.35,0.410288731178256
2026-06-16,2025-11-02,"3.60%",0,3.6,0.29323027565817
2026-06-16,2025-11-02,"3.85%",25,3.85,0.0707631772742716
2026-06-16,2025-11-02,"4.10%",50,4.1,0
2026-06-16,2025-11-02,"4.35%",75,4.35,0
2026-06-16,2025-11-02,"4.60%",100,4.6,0
2026-06-16,2025-11-02,"4.85%",125,4.85,0
2026-06-16,2025-11-02,"5.10%",150,5.1,0
2026-06-16,2025-11-02,"5.35%",175,5.35,0
2026-06-16,2025-11-02,"5.60%",200,5.6,0
2026-06-16,2025-11-02,"5.85%",225,5.85,0
2026-06-16,2025-11-02,"6.10%",250,6.1,0
2026-06-16,2025-11-03,"0.10%",-300,0.1,0
2026-06-16,2025-11-03,"0.35%",-300,0.35,0
2026-06-16,2025-11-03,"0.60%",-300,0.6,0
2026-06-16,2025-11-03,"0.85%",-275,0.85,0
2026-06-16,2025-11-03,"1.10%",-250,1.1,0
2026-06-16,2025-11-03,"1.35%",-225,1.35,0
2026-06-16,2025-11-03,"1.60%",-200,1.6,0
2026-06-16,2025-11-03,"1.85%",-175,1.85,0
2026-06-16,2025-11-03,"2.10%",-150,2.1,0
2026-06-16,2025-11-03,"2.35%",-125,2.35,0
2026-06-16,2025-11-03,"2.60%",-100,2.6,0
2026-06-16,2025-11-03,"2.85%",-75,2.85,0.020451083300228
2026-06-16,2025-11-03,"3.10%",-50,3.1,0.158216346880946
2026-06-16,2025-11-03,"3.35%",-25,3.35,0.398887466648998
2026-06-16,2025-11-03,"3.60%",0,3.6,0.331700500064648
2026-06-16,2025-11-03,"3.85%",25,3.85,0.0907446031051796
2026-06-16,2025-11-03,"4.10%",50,4.1,0
2026-06-16,2025-11-03,"4.35%",75,4.35,0
2026-06-16,2025-11-03,"4.60%",100,4.6,0
2026-06-16,2025-11-03,"4.85%",125,4.85,0
2026-06-16,2025-11-03,"5.10%",150,5.1,0
2026-06-16,2025-11-03,"5.35%",175,5.35,0
2026-06-16,2025-11-03,"5.60%",200,5.6,0
2026-06-16,2025-11-03,"5.85%",225,5.85,0
2026-06-16,2025-11-03,"6.10%",250,6.1,0
2026-06-16,2025-11-04,"0.10%",-300,0.1,0
2026-06-16,2025-11-04,"0.35%",-300,0.35,0
2026-06-16,2025-11-04,"0.60%",-300,0.6,0
2026-06-16,2025-11-04,"0.85%",-275,0.85,0
2026-06-16,2025-11-04,"1.10%",-250,1.1,0
2026-06-16,2025-11-04,"1.35%",-225,1.35,0
2026-06-16,2025-11-04,"1.60%",-200,1.6,0
2026-06-16,2025-11-04,"1.85%",-175,1.85,0
2026-06-16,2025-11-04,"2.10%",-150,2.1,0
2026-06-16,2025-11-04,"2.35%",-125,2.35,0
2026-06-16,2025-11-04,"2.60%",-100,2.6,0
2026-06-16,2025-11-04,"2.85%",-75,2.85,0.0275493078204434
2026-06-16,2025-11-04,"3.10%",-50,3.1,0.195945726465093
2026-06-16,2025-11-04,"3.35%",-25,3.35,0.427196584084058
2026-06-16,2025-11-04,"3.60%",0,3.6,0.289018075708295
2026-06-16,2025-11-04,"3.85%",25,3.85,0.0602903059221111
2026-06-16,2025-11-04,"4.10%",50,4.1,0
2026-06-16,2025-11-04,"4.35%",75,4.35,0
2026-06-16,2025-11-04,"4.60%",100,4.6,0
2026-06-16,2025-11-04,"4.85%",125,4.85,0
2026-06-16,2025-11-04,"5.10%",150,5.1,0
2026-06-16,2025-11-04,"5.35%",175,5.35,0
2026-06-16,2025-11-04,"5.60%",200,5.6,0
2026-06-16,2025-11-04,"5.85%",225,5.85,0
2026-06-16,2025-11-04,"6.10%",250,6.1,0
2026-06-16,2025-11-05,"0.10%",-300,0.1,0
2026-06-16,2025-11-05,"0.35%",-300,0.35,0
2026-06-16,2025-11-05,"0.60%",-300,0.6,0
2026-06-16,2025-11-05,"0.85%",-275,0.85,0
2026-06-16,2025-11-05,"1.10%",-250,1.1,0
2026-06-16,2025-11-05,"1.35%",-225,1.35,0
2026-06-16,2025-11-05,"1.60%",-200,1.6,0
2026-06-16,2025-11-05,"1.85%",-175,1.85,0
2026-06-16,2025-11-05,"2.10%",-150,2.1,0
2026-06-16,2025-11-05,"2.35%",-125,2.35,0
2026-06-16,2025-11-05,"2.60%",-100,2.6,0
2026-06-16,2025-11-05,"2.85%",-75,2.85,0.0289875528448322
2026-06-16,2025-11-05,"3.10%",-50,3.1,0.184567743259632
2026-06-16,2025-11-05,"3.35%",-25,3.35,0.402909118578005
2026-06-16,2025-11-05,"3.60%",0,3.6,0.304295629671886
2026-06-16,2025-11-05,"3.85%",25,3.85,0.079239955645644
2026-06-16,2025-11-05,"4.10%",50,4.1,0
2026-06-16,2025-11-05,"4.35%",75,4.35,0
2026-06-16,2025-11-05,"4.60%",100,4.6,0
2026-06-16,2025-11-05,"4.85%",125,4.85,0
2026-06-16,2025-11-05,"5.10%",150,5.1,0
2026-06-16,2025-11-05,"5.35%",175,5.35,0
2026-06-16,2025-11-05,"5.60%",200,5.6,0
2026-06-16,2025-11-05,"5.85%",225,5.85,0
2026-06-16,2025-11-05,"6.10%",250,6.1,0
2026-06-16,2025-11-06,"0.10%",-300,0.1,0
2026-06-16,2025-11-06,"0.35%",-300,0.35,0
2026-06-16,2025-11-06,"0.60%",-300,0.6,0
2026-06-16,2025-11-06,"0.85%",-275,0.85,0
2026-06-16,2025-11-06,"1.10%",-250,1.1,0
2026-06-16,2025-11-06,"1.35%",-225,1.35,0
2026-06-16,2025-11-06,"1.60%",-200,1.6,0
2026-06-16,2025-11-06,"1.85%",-175,1.85,0
2026-06-16,2025-11-06,"2.10%",-150,2.1,0
2026-06-16,2025-11-06,"2.35%",-125,2.35,0
2026-06-16,2025-11-06,"2.60%",-100,2.6,0
2026-06-16,2025-11-06,"2.85%",-75,2.85,0.0401895066806871
2026-06-16,2025-11-06,"3.10%",-50,3.1,0.206566674465513
2026-06-16,2025-11-06,"3.35%",-25,3.35,0.395013117929706
2026-06-16,2025-11-06,"3.60%",0,3.6,0.282728839916201
2026-06-16,2025-11-06,"3.85%",25,3.85,0.0755018610078932
2026-06-16,2025-11-06,"4.10%",50,4.1,0
2026-06-16,2025-11-06,"4.35%",75,4.35,0
2026-06-16,2025-11-06,"4.60%",100,4.6,0
2026-06-16,2025-11-06,"4.85%",125,4.85,0
2026-06-16,2025-11-06,"5.10%",150,5.1,0
2026-06-16,2025-11-06,"5.35%",175,5.35,0
2026-06-16,2025-11-06,"5.60%",200,5.6,0
2026-06-16,2025-11-06,"5.85%",225,5.85,0
2026-06-16,2025-11-06,"6.10%",250,6.1,0
2026-06-16,2025-11-07,"0.10%",-300,0.1,0
2026-06-16,2025-11-07,"0.35%",-300,0.35,0
2026-06-16,2025-11-07,"0.60%",-300,0.6,0
2026-06-16,2025-11-07,"0.85%",-275,0.85,0
2026-06-16,2025-11-07,"1.10%",-250,1.1,0
2026-06-16,2025-11-07,"1.35%",-225,1.35,0
2026-06-16,2025-11-07,"1.60%",-200,1.6,0
2026-06-16,2025-11-07,"1.85%",-175,1.85,0
2026-06-16,2025-11-07,"2.10%",-150,2.1,0
2026-06-16,2025-11-07,"2.35%",-125,2.35,0
2026-06-16,2025-11-07,"2.60%",-100,2.6,0
2026-06-16,2025-11-07,"2.85%",-75,2.85,0.0229651714906565
2026-06-16,2025-11-07,"3.10%",-50,3.1,0.192272616762513
2026-06-16,2025-11-07,"3.35%",-25,3.35,0.44436497288891
2026-06-16,2025-11-07,"3.60%",0,3.6,0.288343203436363
2026-06-16,2025-11-07,"3.85%",25,3.85,0.0520540354215563
2026-06-16,2025-11-07,"4.10%",50,4.1,0
2026-06-16,2025-11-07,"4.35%",75,4.35,0
2026-06-16,2025-11-07,"4.60%",100,4.6,0
2026-06-16,2025-11-07,"4.85%",125,4.85,0
2026-06-16,2025-11-07,"5.10%",150,5.1,0
2026-06-16,2025-11-07,"5.35%",175,5.35,0
2026-06-16,2025-11-07,"5.60%",200,5.6,0
2026-06-16,2025-11-07,"5.85%",225,5.85,0
2026-06-16,2025-11-07,"6.10%",250,6.1,0
2026-06-16,2025-11-08,"0.10%",-300,0.1,0
2026-06-16,2025-11-08,"0.35%",-300,0.35,0
2026-06-16,2025-11-08,"0.60%",-300,0.6,0
2026-06-16,2025-11-08,"0.85%",-275,0.85,0
2026-06-16,2025-11-08,"1.10%",-250,1.1,0
2026-06-16,2025-11-08,"1.35%",-225,1.35,0
2026-06-16,2025-11-08,"1.60%",-200,1.6,0
2026-06-16,2025-11-08,"1.85%",-175,1.85,0
2026-06-16,2025-11-08,"2.10%",-150,2.1,0
2026-06-16,2025-11-08,"2.35%",-125,2.35,0
2026-06-16,2025-11-08,"2.60%",-100,2.6,0
2026-06-16,2025-11-08,"2.85%",-75,2.85,0.0218051329926095
2026-06-16,2025-11-08,"3.10%",-50,3.1,0.190814900348284
2026-06-16,2025-11-08,"3.35%",-25,3.35,0.448565848684463
2026-06-16,2025-11-08,"3.60%",0,3.6,0.288532973072636
2026-06-16,2025-11-08,"3.85%",25,3.85,0.050281144902008
2026-06-16,2025-11-08,"4.10%",50,4.1,0
2026-06-16,2025-11-08,"4.35%",75,4.35,0
2026-06-16,2025-11-08,"4.60%",100,4.6,0
2026-06-16,2025-11-08,"4.85%",125,4.85,0
2026-06-16,2025-11-08,"5.10%",150,5.1,0
2026-06-16,2025-11-08,"5.35%",175,5.35,0
2026-06-16,2025-11-08,"5.60%",200,5.6,0
2026-06-16,2025-11-08,"5.85%",225,5.85,0
2026-06-16,2025-11-08,"6.10%",250,6.1,0
2026-06-16,2025-11-09,"0.10%",-300,0.1,0
2026-06-16,2025-11-09,"0.35%",-300,0.35,0
2026-06-16,2025-11-09,"0.60%",-300,0.6,0
2026-06-16,2025-11-09,"0.85%",-275,0.85,0
2026-06-16,2025-11-09,"1.10%",-250,1.1,0
2026-06-16,2025-11-09,"1.35%",-225,1.35,0
2026-06-16,2025-11-09,"1.60%",-200,1.6,0
2026-06-16,2025-11-09,"1.85%",-175,1.85,0
2026-06-16,2025-11-09,"2.10%",-150,2.1,0
2026-06-16,2025-11-09,"2.35%",-125,2.35,0
2026-06-16,2025-11-09,"2.60%",-100,2.6,0
2026-06-16,2025-11-09,"2.85%",-75,2.85,0.0129543638076728
2026-06-16,2025-11-09,"3.10%",-50,3.1,0.146735820837988
2026-06-16,2025-11-09,"3.35%",-25,3.35,0.431889751356431
2026-06-16,2025-11-09,"3.60%",0,3.6,0.33830926946592
2026-06-16,2025-11-09,"3.85%",25,3.85,0.0701107945319892
2026-06-16,2025-11-09,"4.10%",50,4.1,0
2026-06-16,2025-11-09,"4.35%",75,4.35,0
2026-06-16,2025-11-09,"4.60%",100,4.6,0
2026-06-16,2025-11-09,"4.85%",125,4.85,0
2026-06-16,2025-11-09,"5.10%",150,5.1,0
2026-06-16,2025-11-09,"5.35%",175,5.35,0
2026-06-16,2025-11-09,"5.60%",200,5.6,0
2026-06-16,2025-11-09,"5.85%",225,5.85,0
2026-06-16,2025-11-09,"6.10%",250,6.1,0
2026-06-16,2025-11-10,"0.10%",-300,0.1,0
2026-06-16,2025-11-10,"0.35%",-300,0.35,0
2026-06-16,2025-11-10,"0.60%",-300,0.6,0
2026-06-16,2025-11-10,"0.85%",-275,0.85,0
2026-06-16,2025-11-10,"1.10%",-250,1.1,0
2026-06-16,2025-11-10,"1.35%",-225,1.35,0
2026-06-16,2025-11-10,"1.60%",-200,1.6,0
2026-06-16,2025-11-10,"1.85%",-175,1.85,0
2026-06-16,2025-11-10,"2.10%",-150,2.1,0
2026-06-16,2025-11-10,"2.35%",-125,2.35,0
2026-06-16,2025-11-10,"2.60%",-100,2.6,0
2026-06-16,2025-11-10,"2.85%",-75,2.85,0
2026-06-16,2025-11-10,"3.10%",-50,3.1,0.127030397897941
2026-06-16,2025-11-10,"3.35%",-25,3.35,0.424424667918922
2026-06-16,2025-11-10,"3.60%",0,3.6,0.366835138072769
2026-06-16,2025-11-10,"3.85%",25,3.85,0.0817097961103667
2026-06-16,2025-11-10,"4.10%",50,4.1,0
2026-06-16,2025-11-10,"4.35%",75,4.35,0
2026-06-16,2025-11-10,"4.60%",100,4.6,0
2026-06-16,2025-11-10,"4.85%",125,4.85,0
2026-06-16,2025-11-10,"5.10%",150,5.1,0
2026-06-16,2025-11-10,"5.35%",175,5.35,0
2026-06-16,2025-11-10,"5.60%",200,5.6,0
2026-06-16,2025-11-10,"5.85%",225,5.85,0
2026-06-16,2025-11-10,"6.10%",250,6.1,0
2026-06-16,2025-11-11,"0.10%",-300,0.1,0
2026-06-16,2025-11-11,"0.35%",-300,0.35,0
2026-06-16,2025-11-11,"0.60%",-300,0.6,0
2026-06-16,2025-11-11,"0.85%",-275,0.85,0
2026-06-16,2025-11-11,"1.10%",-250,1.1,0
2026-06-16,2025-11-11,"1.35%",-225,1.35,0
2026-06-16,2025-11-11,"1.60%",-200,1.6,0
2026-06-16,2025-11-11,"1.85%",-175,1.85,0
2026-06-16,2025-11-11,"2.10%",-150,2.1,0
2026-06-16,2025-11-11,"2.35%",-125,2.35,0
2026-06-16,2025-11-11,"2.60%",-100,2.6,0
2026-06-16,2025-11-11,"2.85%",-75,2.85,0.0136420432434026
2026-06-16,2025-11-11,"3.10%",-50,3.1,0.135770327742774
2026-06-16,2025-11-11,"3.35%",-25,3.35,0.400164486475302
2026-06-16,2025-11-11,"3.60%",0,3.6,0.355461411090967
2026-06-16,2025-11-11,"3.85%",25,3.85,0.0949617314475544
2026-06-16,2025-11-11,"4.10%",50,4.1,0
2026-06-16,2025-11-11,"4.35%",75,4.35,0
2026-06-16,2025-11-11,"4.60%",100,4.6,0
2026-06-16,2025-11-11,"4.85%",125,4.85,0
2026-06-16,2025-11-11,"5.10%",150,5.1,0
2026-06-16,2025-11-11,"5.35%",175,5.35,0
2026-06-16,2025-11-11,"5.60%",200,5.6,0
2026-06-16,2025-11-11,"5.85%",225,5.85,0
2026-06-16,2025-11-11,"6.10%",250,6.1,0
2026-06-16,2025-11-12,"0.10%",-300,0.1,0
2026-06-16,2025-11-12,"0.35%",-300,0.35,0
2026-06-16,2025-11-12,"0.60%",-300,0.6,0
2026-06-16,2025-11-12,"0.85%",-275,0.85,0
2026-06-16,2025-11-12,"1.10%",-250,1.1,0
2026-06-16,2025-11-12,"1.35%",-225,1.35,0
2026-06-16,2025-11-12,"1.60%",-200,1.6,0
2026-06-16,2025-11-12,"1.85%",-175,1.85,0
2026-06-16,2025-11-12,"2.10%",-150,2.1,0
2026-06-16,2025-11-12,"2.35%",-125,2.35,0
2026-06-16,2025-11-12,"2.60%",-100,2.6,0
2026-06-16,2025-11-12,"2.85%",-75,2.85,0
2026-06-16,2025-11-12,"3.10%",-50,3.1,0.0598823053429991
2026-06-16,2025-11-12,"3.35%",-25,3.35,0.358024954158752
2026-06-16,2025-11-12,"3.60%",0,3.6,0.456659525426371
2026-06-16,2025-11-12,"3.85%",25,3.85,0.125433215071878
2026-06-16,2025-11-12,"4.10%",50,4.1,0
2026-06-16,2025-11-12,"4.35%",75,4.35,0
2026-06-16,2025-11-12,"4.60%",100,4.6,0
2026-06-16,2025-11-12,"4.85%",125,4.85,0
2026-06-16,2025-11-12,"5.10%",150,5.1,0
2026-06-16,2025-11-12,"5.35%",175,5.35,0
2026-06-16,2025-11-12,"5.60%",200,5.6,0
2026-06-16,2025-11-12,"5.85%",225,5.85,0
2026-06-16,2025-11-12,"6.10%",250,6.1,0
2026-06-16,2025-11-13,"0.10%",-300,0.1,0
2026-06-16,2025-11-13,"0.35%",-300,0.35,0
2026-06-16,2025-11-13,"0.60%",-300,0.6,0
2026-06-16,2025-11-13,"0.85%",-275,0.85,0
2026-06-16,2025-11-13,"1.10%",-250,1.1,0
2026-06-16,2025-11-13,"1.35%",-225,1.35,0
2026-06-16,2025-11-13,"1.60%",-200,1.6,0
2026-06-16,2025-11-13,"1.85%",-175,1.85,0
2026-06-16,2025-11-13,"2.10%",-150,2.1,0
2026-06-16,2025-11-13,"2.35%",-125,2.35,0
2026-06-16,2025-11-13,"2.60%",-100,2.6,0
2026-06-16,2025-11-13,"2.85%",-75,2.85,0
2026-06-16,2025-11-13,"3.10%",-50,3.1,0.0816356741607105
2026-06-16,2025-11-13,"3.35%",-25,3.35,0.403527212728808
2026-06-16,2025-11-13,"3.60%",0,3.6,0.42158298243925
2026-06-16,2025-11-13,"3.85%",25,3.85,0.0932541306712315
2026-06-16,2025-11-13,"4.10%",50,4.1,0
2026-06-16,2025-11-13,"4.35%",75,4.35,0
2026-06-16,2025-11-13,"4.60%",100,4.6,0
2026-06-16,2025-11-13,"4.85%",125,4.85,0
2026-06-16,2025-11-13,"5.10%",150,5.1,0
2026-06-16,2025-11-13,"5.35%",175,5.35,0
2026-06-16,2025-11-13,"5.60%",200,5.6,0
2026-06-16,2025-11-13,"5.85%",225,5.85,0
2026-06-16,2025-11-13,"6.10%",250,6.1,0
2026-06-16,2025-11-14,"0.10%",-300,0.1,0
2026-06-16,2025-11-14,"0.35%",-300,0.35,0
2026-06-16,2025-11-14,"0.60%",-300,0.6,0
2026-06-16,2025-11-14,"0.85%",-275,0.85,0
2026-06-16,2025-11-14,"1.10%",-250,1.1,0
2026-06-16,2025-11-14,"1.35%",-225,1.35,0
2026-06-16,2025-11-14,"1.60%",-200,1.6,0
2026-06-16,2025-11-14,"1.85%",-175,1.85,0
2026-06-16,2025-11-14,"2.10%",-150,2.1,0
2026-06-16,2025-11-14,"2.35%",-125,2.35,0
2026-06-16,2025-11-14,"2.60%",-100,2.6,0
2026-06-16,2025-11-14,"2.85%",-75,2.85,0
2026-06-16,2025-11-14,"3.10%",-50,3.1,0.0807803056054081
2026-06-16,2025-11-14,"3.35%",-25,3.35,0.404306803186951
2026-06-16,2025-11-14,"3.60%",0,3.6,0.422538340783071
2026-06-16,2025-11-14,"3.85%",25,3.85,0.0923745504245702
2026-06-16,2025-11-14,"4.10%",50,4.1,0
2026-06-16,2025-11-14,"4.35%",75,4.35,0
2026-06-16,2025-11-14,"4.60%",100,4.6,0
2026-06-16,2025-11-14,"4.85%",125,4.85,0
2026-06-16,2025-11-14,"5.10%",150,5.1,0
2026-06-16,2025-11-14,"5.35%",175,5.35,0
2026-06-16,2025-11-14,"5.60%",200,5.6,0
2026-06-16,2025-11-14,"5.85%",225,5.85,0
2026-06-16,2025-11-14,"6.10%",250,6.1,0
2026-06-16,2025-11-15,"0.10%",-300,0.1,0
2026-06-16,2025-11-15,"0.35%",-300,0.35,0
2026-06-16,2025-11-15,"0.60%",-300,0.6,0
2026-06-16,2025-11-15,"0.85%",-275,0.85,0
2026-06-16,2025-11-15,"1.10%",-250,1.1,0
2026-06-16,2025-11-15,"1.35%",-225,1.35,0
2026-06-16,2025-11-15,"1.60%",-200,1.6,0
2026-06-16,2025-11-15,"1.85%",-175,1.85,0
2026-06-16,2025-11-15,"2.10%",-150,2.1,0
2026-06-16,2025-11-15,"2.35%",-125,2.35,0
2026-06-16,2025-11-15,"2.60%",-100,2.6,0
2026-06-16,2025-11-15,"2.85%",-75,2.85,0
2026-06-16,2025-11-15,"3.10%",-50,3.1,0.0826440208048196
2026-06-16,2025-11-15,"3.35%",-25,3.35,0.402607818503946
2026-06-16,2025-11-15,"3.60%",0,3.6,0.420458514689024
2026-06-16,2025-11-15,"3.85%",25,3.85,0.0942896460022098
2026-06-16,2025-11-15,"4.10%",50,4.1,0
2026-06-16,2025-11-15,"4.35%",75,4.35,0
2026-06-16,2025-11-15,"4.60%",100,4.6,0
2026-06-16,2025-11-15,"4.85%",125,4.85,0
2026-06-16,2025-11-15,"5.10%",150,5.1,0
2026-06-16,2025-11-15,"5.35%",175,5.35,0
2026-06-16,2025-11-15,"5.60%",200,5.6,0
2026-06-16,2025-11-15,"5.85%",225,5.85,0
2026-06-16,2025-11-15,"6.10%",250,6.1,0
2026-06-16,2025-11-16,"0.10%",-300,0.1,0
2026-06-16,2025-11-16,"0.35%",-300,0.35,0
2026-06-16,2025-11-16,"0.60%",-300,0.6,0
2026-06-16,2025-11-16,"0.85%",-275,0.85,0
2026-06-16,2025-11-16,"1.10%",-250,1.1,0
2026-06-16,2025-11-16,"1.35%",-225,1.35,0
2026-06-16,2025-11-16,"1.60%",-200,1.6,0
2026-06-16,2025-11-16,"1.85%",-175,1.85,0
2026-06-16,2025-11-16,"2.10%",-150,2.1,0
2026-06-16,2025-11-16,"2.35%",-125,2.35,0
2026-06-16,2025-11-16,"2.60%",-100,2.6,0
2026-06-16,2025-11-16,"2.85%",-75,2.85,0
2026-06-16,2025-11-16,"3.10%",-50,3.1,0.0685281583202968
2026-06-16,2025-11-16,"3.35%",-25,3.35,0.372024975826467
2026-06-16,2025-11-16,"3.60%",0,3.6,0.442997300229087
2026-06-16,2025-11-16,"3.85%",25,3.85,0.116449565624149
2026-06-16,2025-11-16,"4.10%",50,4.1,0
2026-06-16,2025-11-16,"4.35%",75,4.35,0
2026-06-16,2025-11-16,"4.60%",100,4.6,0
2026-06-16,2025-11-16,"4.85%",125,4.85,0
2026-06-16,2025-11-16,"5.10%",150,5.1,0
2026-06-16,2025-11-16,"5.35%",175,5.35,0
2026-06-16,2025-11-16,"5.60%",200,5.6,0
2026-06-16,2025-11-16,"5.85%",225,5.85,0
2026-06-16,2025-11-16,"6.10%",250,6.1,0
2026-06-16,2025-11-17,"0.10%",-300,0.1,0
2026-06-16,2025-11-17,"0.35%",-300,0.35,0
2026-06-16,2025-11-17,"0.60%",-300,0.6,0
2026-06-16,2025-11-17,"0.85%",-275,0.85,0
2026-06-16,2025-11-17,"1.10%",-250,1.1,0
2026-06-16,2025-11-17,"1.35%",-225,1.35,0
2026-06-16,2025-11-17,"1.60%",-200,1.6,0
2026-06-16,2025-11-17,"1.85%",-175,1.85,0
2026-06-16,2025-11-17,"2.10%",-150,2.1,0
2026-06-16,2025-11-17,"2.35%",-125,2.35,0
2026-06-16,2025-11-17,"2.60%",-100,2.6,0
2026-06-16,2025-11-17,"2.85%",-75,2.85,0
2026-06-16,2025-11-17,"3.10%",-50,3.1,0.0762567189839297
2026-06-16,2025-11-17,"3.35%",-25,3.35,0.382224556307174
2026-06-16,2025-11-17,"3.60%",0,3.6,0.431409223030058
2026-06-16,2025-11-17,"3.85%",25,3.85,0.110109501678839
2026-06-16,2025-11-17,"4.10%",50,4.1,0
2026-06-16,2025-11-17,"4.35%",75,4.35,0
2026-06-16,2025-11-17,"4.60%",100,4.6,0
2026-06-16,2025-11-17,"4.85%",125,4.85,0
2026-06-16,2025-11-17,"5.10%",150,5.1,0
2026-06-16,2025-11-17,"5.35%",175,5.35,0
2026-06-16,2025-11-17,"5.60%",200,5.6,0
2026-06-16,2025-11-17,"5.85%",225,5.85,0
2026-06-16,2025-11-17,"6.10%",250,6.1,0
2026-06-16,2025-11-18,"0.10%",-300,0.1,0
2026-06-16,2025-11-18,"0.35%",-300,0.35,0
2026-06-16,2025-11-18,"0.60%",-300,0.6,0
2026-06-16,2025-11-18,"0.85%",-275,0.85,0
2026-06-16,2025-11-18,"1.10%",-250,1.1,0
2026-06-16,2025-11-18,"1.35%",-225,1.35,0
2026-06-16,2025-11-18,"1.60%",-200,1.6,0
2026-06-16,2025-11-18,"1.85%",-175,1.85,0
2026-06-16,2025-11-18,"2.10%",-150,2.1,0
2026-06-16,2025-11-18,"2.35%",-125,2.35,0
2026-06-16,2025-11-18,"2.60%",-100,2.6,0
2026-06-16,2025-11-18,"2.85%",-75,2.85,0
2026-06-16,2025-11-18,"3.10%",-50,3.1,0.109810711020225
2026-06-16,2025-11-18,"3.35%",-25,3.35,0.423308196834831
2026-06-16,2025-11-18,"3.60%",0,3.6,0.384706523696164
2026-06-16,2025-11-18,"3.85%",25,3.85,0.0821745684487796
2026-06-16,2025-11-18,"4.10%",50,4.1,0
2026-06-16,2025-11-18,"4.35%",75,4.35,0
2026-06-16,2025-11-18,"4.60%",100,4.6,0
2026-06-16,2025-11-18,"4.85%",125,4.85,0
2026-06-16,2025-11-18,"5.10%",150,5.1,0
2026-06-16,2025-11-18,"5.35%",175,5.35,0
2026-06-16,2025-11-18,"5.60%",200,5.6,0
2026-06-16,2025-11-18,"5.85%",225,5.85,0
2026-06-16,2025-11-18,"6.10%",250,6.1,0
2026-06-16,2025-11-19,"0.10%",-300,0.1,0
2026-06-16,2025-11-19,"0.35%",-300,0.35,0
2026-06-16,2025-11-19,"0.60%",-300,0.6,0
2026-06-16,2025-11-19,"0.85%",-275,0.85,0
2026-06-16,2025-11-19,"1.10%",-250,1.1,0
2026-06-16,2025-11-19,"1.35%",-225,1.35,0
2026-06-16,2025-11-19,"1.60%",-200,1.6,0
2026-06-16,2025-11-19,"1.85%",-175,1.85,0
2026-06-16,2025-11-19,"2.10%",-150,2.1,0
2026-06-16,2025-11-19,"2.35%",-125,2.35,0
2026-06-16,2025-11-19,"2.60%",-100,2.6,0
2026-06-16,2025-11-19,"2.85%",-75,2.85,0
2026-06-16,2025-11-19,"3.10%",-50,3.1,0.108640784508257
2026-06-16,2025-11-19,"3.35%",-25,3.35,0.384718202406133
2026-06-16,2025-11-19,"3.60%",0,3.6,0.391825246558704
2026-06-16,2025-11-19,"3.85%",25,3.85,0.114815766526905
2026-06-16,2025-11-19,"4.10%",50,4.1,0
2026-06-16,2025-11-19,"4.35%",75,4.35,0
2026-06-16,2025-11-19,"4.60%",100,4.6,0
2026-06-16,2025-11-19,"4.85%",125,4.85,0
2026-06-16,2025-11-19,"5.10%",150,5.1,0
2026-06-16,2025-11-19,"5.35%",175,5.35,0
2026-06-16,2025-11-19,"5.60%",200,5.6,0
2026-06-16,2025-11-19,"5.85%",225,5.85,0
2026-06-16,2025-11-19,"6.10%",250,6.1,0
2026-06-16,2025-11-20,"0.10%",-300,0.1,0
2026-06-16,2025-11-20,"0.35%",-300,0.35,0
2026-06-16,2025-11-20,"0.60%",-300,0.6,0
2026-06-16,2025-11-20,"0.85%",-275,0.85,0
2026-06-16,2025-11-20,"1.10%",-250,1.1,0
2026-06-16,2025-11-20,"1.35%",-225,1.35,0
2026-06-16,2025-11-20,"1.60%",-200,1.6,0
2026-06-16,2025-11-20,"1.85%",-175,1.85,0
2026-06-16,2025-11-20,"2.10%",-150,2.1,0
2026-06-16,2025-11-20,"2.35%",-125,2.35,0
2026-06-16,2025-11-20,"2.60%",-100,2.6,0
2026-06-16,2025-11-20,"2.85%",-75,2.85,0
2026-06-16,2025-11-20,"3.10%",-50,3.1,0.0910240170060959
2026-06-16,2025-11-20,"3.35%",-25,3.35,0.389276140633666
2026-06-16,2025-11-20,"3.60%",0,3.6,0.411783378979865
2026-06-16,2025-11-20,"3.85%",25,3.85,0.107916463380374
2026-06-16,2025-11-20,"4.10%",50,4.1,0
2026-06-16,2025-11-20,"4.35%",75,4.35,0
2026-06-16,2025-11-20,"4.60%",100,4.6,0
2026-06-16,2025-11-20,"4.85%",125,4.85,0
2026-06-16,2025-11-20,"5.10%",150,5.1,0
2026-06-16,2025-11-20,"5.35%",175,5.35,0
2026-06-16,2025-11-20,"5.60%",200,5.6,0
2026-06-16,2025-11-20,"5.85%",225,5.85,0
2026-06-16,2025-11-20,"6.10%",250,6.1,0
2026-06-16,2025-11-21,"0.10%",-300,0.1,0
2026-06-16,2025-11-21,"0.35%",-300,0.35,0
2026-06-16,2025-11-21,"0.60%",-300,0.6,0
2026-06-16,2025-11-21,"0.85%",-275,0.85,0
2026-06-16,2025-11-21,"1.10%",-250,1.1,0
2026-06-16,2025-11-21,"1.35%",-225,1.35,0
2026-06-16,2025-11-21,"1.60%",-200,1.6,0
2026-06-16,2025-11-21,"1.85%",-175,1.85,0
2026-06-16,2025-11-21,"2.10%",-150,2.1,0
2026-06-16,2025-11-21,"2.35%",-125,2.35,0
2026-06-16,2025-11-21,"2.60%",-100,2.6,0
2026-06-16,2025-11-21,"2.85%",-75,2.85,0
2026-06-16,2025-11-21,"3.10%",-50,3.1,0.0912739725348412
2026-06-16,2025-11-21,"3.35%",-25,3.35,0.389056442970087
2026-06-16,2025-11-21,"3.60%",0,3.6,0.411499217226583
2026-06-16,2025-11-21,"3.85%",25,3.85,0.108170367268488
2026-06-16,2025-11-21,"4.10%",50,4.1,0
2026-06-16,2025-11-21,"4.35%",75,4.35,0
2026-06-16,2025-11-21,"4.60%",100,4.6,0
2026-06-16,2025-11-21,"4.85%",125,4.85,0
2026-06-16,2025-11-21,"5.10%",150,5.1,0
2026-06-16,2025-11-21,"5.35%",175,5.35,0
2026-06-16,2025-11-21,"5.60%",200,5.6,0
2026-06-16,2025-11-21,"5.85%",225,5.85,0
2026-06-16,2025-11-21,"6.10%",250,6.1,0
2026-06-16,2025-11-22,"0.10%",-300,0.1,0
2026-06-16,2025-11-22,"0.35%",-300,0.35,0
2026-06-16,2025-11-22,"0.60%",-300,0.6,0
2026-06-16,2025-11-22,"0.85%",-275,0.85,0
2026-06-16,2025-11-22,"1.10%",-250,1.1,0
2026-06-16,2025-11-22,"1.35%",-225,1.35,0
2026-06-16,2025-11-22,"1.60%",-200,1.6,0
2026-06-16,2025-11-22,"1.85%",-175,1.85,0
2026-06-16,2025-11-22,"2.10%",-150,2.1,0
2026-06-16,2025-11-22,"2.35%",-125,2.35,0
2026-06-16,2025-11-22,"2.60%",-100,2.6,0
2026-06-16,2025-11-22,"2.85%",-75,2.85,0
2026-06-16,2025-11-22,"3.10%",-50,3.1,0.0920123097644586
2026-06-16,2025-11-22,"3.35%",-25,3.35,0.388407346533796
2026-06-16,2025-11-22,"3.60%",0,3.6,0.410660673271638
2026-06-16,2025-11-22,"3.85%",25,3.85,0.108919670430107
2026-06-16,2025-11-22,"4.10%",50,4.1,0
2026-06-16,2025-11-22,"4.35%",75,4.35,0
2026-06-16,2025-11-22,"4.60%",100,4.6,0
2026-06-16,2025-11-22,"4.85%",125,4.85,0
2026-06-16,2025-11-22,"5.10%",150,5.1,0
2026-06-16,2025-11-22,"5.35%",175,5.35,0
2026-06-16,2025-11-22,"5.60%",200,5.6,0
2026-06-16,2025-11-22,"5.85%",225,5.85,0
2026-06-16,2025-11-22,"6.10%",250,6.1,0
2026-06-16,2025-11-23,"0.10%",-300,0.1,0
2026-06-16,2025-11-23,"0.35%",-300,0.35,0
2026-06-16,2025-11-23,"0.60%",-300,0.6,0
2026-06-16,2025-11-23,"0.85%",-275,0.85,0
2026-06-16,2025-11-23,"1.10%",-250,1.1,0
2026-06-16,2025-11-23,"1.35%",-225,1.35,0
2026-06-16,2025-11-23,"1.60%",-200,1.6,0
2026-06-16,2025-11-23,"1.85%",-175,1.85,0
2026-06-16,2025-11-23,"2.10%",-150,2.1,0
2026-06-16,2025-11-23,"2.35%",-125,2.35,0
2026-06-16,2025-11-23,"2.60%",-100,2.6,0
2026-06-16,2025-11-23,"2.85%",-75,2.85,0
2026-06-16,2025-11-23,"3.10%",-50,3.1,0.0968409474636242
2026-06-16,2025-11-23,"3.35%",-25,3.35,0.393529330462095
2026-06-16,2025-11-23,"3.60%",0,3.6,0.404434514980598
2026-06-16,2025-11-23,"3.85%",25,3.85,0.105195207093683
2026-06-16,2025-11-23,"4.10%",50,4.1,0
2026-06-16,2025-11-23,"4.35%",75,4.35,0
2026-06-16,2025-11-23,"4.60%",100,4.6,0
2026-06-16,2025-11-23,"4.85%",125,4.85,0
2026-06-16,2025-11-23,"5.10%",150,5.1,0
2026-06-16,2025-11-23,"5.35%",175,5.35,0
2026-06-16,2025-11-23,"5.60%",200,5.6,0
2026-06-16,2025-11-23,"5.85%",225,5.85,0
2026-06-16,2025-11-23,"6.10%",250,6.1,0
2026-06-16,2025-11-24,"0.10%",-300,0.1,0
2026-06-16,2025-11-24,"0.35%",-300,0.35,0
2026-06-16,2025-11-24,"0.60%",-300,0.6,0
2026-06-16,2025-11-24,"0.85%",-275,0.85,0
2026-06-16,2025-11-24,"1.10%",-250,1.1,0
2026-06-16,2025-11-24,"1.35%",-225,1.35,0
2026-06-16,2025-11-24,"1.60%",-200,1.6,0
2026-06-16,2025-11-24,"1.85%",-175,1.85,0
2026-06-16,2025-11-24,"2.10%",-150,2.1,0
2026-06-16,2025-11-24,"2.35%",-125,2.35,0
2026-06-16,2025-11-24,"2.60%",-100,2.6,0
2026-06-16,2025-11-24,"2.85%",-75,2.85,0
2026-06-16,2025-11-24,"3.10%",-50,3.1,0.0957932755749987
2026-06-16,2025-11-24,"3.35%",-25,3.35,0.390379683946156
2026-06-16,2025-11-24,"3.60%",0,3.6,0.40597540234271
2026-06-16,2025-11-24,"3.85%",25,3.85,0.107851638136135
2026-06-16,2025-11-24,"4.10%",50,4.1,0
2026-06-16,2025-11-24,"4.35%",75,4.35,0
2026-06-16,2025-11-24,"4.60%",100,4.6,0
2026-06-16,2025-11-24,"4.85%",125,4.85,0
2026-06-16,2025-11-24,"5.10%",150,5.1,0
2026-06-16,2025-11-24,"5.35%",175,5.35,0
2026-06-16,2025-11-24,"5.60%",200,5.6,0
2026-06-16,2025-11-24,"5.85%",225,5.85,0
2026-06-16,2025-11-24,"6.10%",250,6.1,0
2026-06-16,2025-11-25,"0.10%",-300,0.1,0
2026-06-16,2025-11-25,"0.35%",-300,0.35,0
2026-06-16,2025-11-25,"0.60%",-300,0.6,0
2026-06-16,2025-11-25,"0.85%",-275,0.85,0
2026-06-16,2025-11-25,"1.10%",-250,1.1,0
2026-06-16,2025-11-25,"1.35%",-225,1.35,0
2026-06-16,2025-11-25,"1.60%",-200,1.6,0
2026-06-16,2025-11-25,"1.85%",-175,1.85,0
2026-06-16,2025-11-25,"2.10%",-150,2.1,0
2026-06-16,2025-11-25,"2.35%",-125,2.35,0
2026-06-16,2025-11-25,"2.60%",-100,2.6,0
2026-06-16,2025-11-25,"2.85%",-75,2.85,0
2026-06-16,2025-11-25,"3.10%",-50,3.1,0.0214154843947395
2026-06-16,2025-11-25,"3.35%",-25,3.35,0.227751336608755
2026-06-16,2025-11-25,"3.60%",0,3.6,0.498050526363303
2026-06-16,2025-11-25,"3.85%",25,3.85,0.23078313779035
2026-06-16,2025-11-25,"4.10%",50,4.1,0.0219995148428526
2026-06-16,2025-11-25,"4.35%",75,4.35,0
2026-06-16,2025-11-25,"4.60%",100,4.6,0
2026-06-16,2025-11-25,"4.85%",125,4.85,0
2026-06-16,2025-11-25,"5.10%",150,5.1,0
2026-06-16,2025-11-25,"5.35%",175,5.35,0
2026-06-16,2025-11-25,"5.60%",200,5.6,0
2026-06-16,2025-11-25,"5.85%",225,5.85,0
2026-06-16,2025-11-25,"6.10%",250,6.1,0
2026-06-16,2025-11-26,"0.10%",-300,0.1,0
2026-06-16,2025-11-26,"0.35%",-300,0.35,0
2026-06-16,2025-11-26,"0.60%",-300,0.6,0
2026-06-16,2025-11-26,"0.85%",-275,0.85,0
2026-06-16,2025-11-26,"1.10%",-250,1.1,0
2026-06-16,2025-11-26,"1.35%",-225,1.35,0
2026-06-16,2025-11-26,"1.60%",-200,1.6,0
2026-06-16,2025-11-26,"1.85%",-175,1.85,0
2026-06-16,2025-11-26,"2.10%",-150,2.1,0
2026-06-16,2025-11-26,"2.35%",-125,2.35,0
2026-06-16,2025-11-26,"2.60%",-100,2.6,0
2026-06-16,2025-11-26,"2.85%",-75,2.85,0
2026-06-16,2025-11-26,"3.10%",-50,3.1,0.021248799407996
2026-06-16,2025-11-26,"3.35%",-25,3.35,0.256757789140791
2026-06-16,2025-11-26,"3.60%",0,3.6,0.523501748408806
2026-06-16,2025-11-26,"3.85%",25,3.85,0.187347143659444
2026-06-16,2025-11-26,"4.10%",50,4.1,0.0111445193829636
2026-06-16,2025-11-26,"4.35%",75,4.35,0
2026-06-16,2025-11-26,"4.60%",100,4.6,0
2026-06-16,2025-11-26,"4.85%",125,4.85,0
2026-06-16,2025-11-26,"5.10%",150,5.1,0
2026-06-16,2025-11-26,"5.35%",175,5.35,0
2026-06-16,2025-11-26,"5.60%",200,5.6,0
2026-06-16,2025-11-26,"5.85%",225,5.85,0
2026-06-16,2025-11-26,"6.10%",250,6.1,0
2026-06-16,2025-11-27,"0.10%",-300,0.1,0
2026-06-16,2025-11-27,"0.35%",-300,0.35,0
2026-06-16,2025-11-27,"0.60%",-300,0.6,0
2026-06-16,2025-11-27,"0.85%",-275,0.85,0
2026-06-16,2025-11-27,"1.10%",-250,1.1,0
2026-06-16,2025-11-27,"1.35%",-225,1.35,0
2026-06-16,2025-11-27,"1.60%",-200,1.6,0
2026-06-16,2025-11-27,"1.85%",-175,1.85,0
2026-06-16,2025-11-27,"2.10%",-150,2.1,0
2026-06-16,2025-11-27,"2.35%",-125,2.35,0
2026-06-16,2025-11-27,"2.60%",-100,2.6,0
2026-06-16,2025-11-27,"2.85%",-75,2.85,0
2026-06-16,2025-11-27,"3.10%",-50,3.1,0.0119684627732766
2026-06-16,2025-11-27,"3.35%",-25,3.35,0.188308550700518
2026-06-16,2025-11-27,"3.60%",0,3.6,0.51673084677744
2026-06-16,2025-11-27,"3.85%",25,3.85,0.259870130842183
2026-06-16,2025-11-27,"4.10%",50,4.1,0.0231220089065825
2026-06-16,2025-11-27,"4.35%",75,4.35,0
2026-06-16,2025-11-27,"4.60%",100,4.6,0
2026-06-16,2025-11-27,"4.85%",125,4.85,0
2026-06-16,2025-11-27,"5.10%",150,5.1,0
2026-06-16,2025-11-27,"5.35%",175,5.35,0
2026-06-16,2025-11-27,"5.60%",200,5.6,0
2026-06-16,2025-11-27,"5.85%",225,5.85,0
2026-06-16,2025-11-27,"6.10%",250,6.1,0
2026-06-16,2025-11-28,"0.10%",-300,0.1,0
2026-06-16,2025-11-28,"0.35%",-300,0.35,0
2026-06-16,2025-11-28,"0.60%",-300,0.6,0
2026-06-16,2025-11-28,"0.85%",-275,0.85,0
2026-06-16,2025-11-28,"1.10%",-250,1.1,0
2026-06-16,2025-11-28,"1.35%",-225,1.35,0
2026-06-16,2025-11-28,"1.60%",-200,1.6,0
2026-06-16,2025-11-28,"1.85%",-175,1.85,0
2026-06-16,2025-11-28,"2.10%",-150,2.1,0
2026-06-16,2025-11-28,"2.35%",-125,2.35,0
2026-06-16,2025-11-28,"2.60%",-100,2.6,0
2026-06-16,2025-11-28,"2.85%",-75,2.85,0
2026-06-16,2025-11-28,"3.10%",-50,3.1,0.0157342873988524
2026-06-16,2025-11-28,"3.35%",-25,3.35,0.196177189205826
2026-06-16,2025-11-28,"3.60%",0,3.6,0.495976228852868
2026-06-16,2025-11-28,"3.85%",25,3.85,0.26344291160626
2026-06-16,2025-11-28,"4.10%",50,4.1,0.028669382936193
2026-06-16,2025-11-28,"4.35%",75,4.35,0
2026-06-16,2025-11-28,"4.60%",100,4.6,0
2026-06-16,2025-11-28,"4.85%",125,4.85,0
2026-06-16,2025-11-28,"5.10%",150,5.1,0
2026-06-16,2025-11-28,"5.35%",175,5.35,0
2026-06-16,2025-11-28,"5.60%",200,5.6,0
2026-06-16,2025-11-28,"5.85%",225,5.85,0
2026-06-16,2025-11-28,"6.10%",250,6.1,0
2026-06-16,2025-11-29,"0.10%",-300,0.1,0
2026-06-16,2025-11-29,"0.35%",-300,0.35,0
2026-06-16,2025-11-29,"0.60%",-300,0.6,0
2026-06-16,2025-11-29,"0.85%",-275,0.85,0
2026-06-16,2025-11-29,"1.10%",-250,1.1,0
2026-06-16,2025-11-29,"1.35%",-225,1.35,0
2026-06-16,2025-11-29,"1.60%",-200,1.6,0
2026-06-16,2025-11-29,"1.85%",-175,1.85,0
2026-06-16,2025-11-29,"2.10%",-150,2.1,0
2026-06-16,2025-11-29,"2.35%",-125,2.35,0
2026-06-16,2025-11-29,"2.60%",-100,2.6,0
2026-06-16,2025-11-29,"2.85%",-75,2.85,0
2026-06-16,2025-11-29,"3.10%",-50,3.1,0.0177945095408003
2026-06-16,2025-11-29,"3.35%",-25,3.35,0.199614149690341
2026-06-16,2025-11-29,"3.60%",0,3.6,0.486125033121176
2026-06-16,2025-11-29,"3.85%",25,3.85,0.264860110010655
2026-06-16,2025-11-29,"4.10%",50,4.1,0.0316061976370284
2026-06-16,2025-11-29,"4.35%",75,4.35,0
2026-06-16,2025-11-29,"4.60%",100,4.6,0
2026-06-16,2025-11-29,"4.85%",125,4.85,0
2026-06-16,2025-11-29,"5.10%",150,5.1,0
2026-06-16,2025-11-29,"5.35%",175,5.35,0
2026-06-16,2025-11-29,"5.60%",200,5.6,0
2026-06-16,2025-11-29,"5.85%",225,5.85,0
2026-06-16,2025-11-29,"6.10%",250,6.1,0
2026-06-16,2025-11-30,"0.10%",-300,0.1,0
2026-06-16,2025-11-30,"0.35%",-300,0.35,0
2026-06-16,2025-11-30,"0.60%",-300,0.6,0
2026-06-16,2025-11-30,"0.85%",-275,0.85,0
2026-06-16,2025-11-30,"1.10%",-250,1.1,0
2026-06-16,2025-11-30,"1.35%",-225,1.35,0
2026-06-16,2025-11-30,"1.60%",-200,1.6,0
2026-06-16,2025-11-30,"1.85%",-175,1.85,0
2026-06-16,2025-11-30,"2.10%",-150,2.1,0
2026-06-16,2025-11-30,"2.35%",-125,2.35,0
2026-06-16,2025-11-30,"2.60%",-100,2.6,0
2026-06-16,2025-11-30,"2.85%",-75,2.85,0
2026-06-16,2025-11-30,"3.10%",-50,3.1,0.0136575726156306
2026-06-16,2025-11-30,"3.35%",-25,3.35,0.16598395277013
2026-06-16,2025-11-30,"3.60%",0,3.6,0.464353712788268
2026-06-16,2025-11-30,"3.85%",25,3.85,0.308127298191716
2026-06-16,2025-11-30,"4.10%",50,4.1,0.0478774636342556
2026-06-16,2025-11-30,"4.35%",75,4.35,0
2026-06-16,2025-11-30,"4.60%",100,4.6,0
2026-06-16,2025-11-30,"4.85%",125,4.85,0
2026-06-16,2025-11-30,"5.10%",150,5.1,0
2026-06-16,2025-11-30,"5.35%",175,5.35,0
2026-06-16,2025-11-30,"5.60%",200,5.6,0
2026-06-16,2025-11-30,"5.85%",225,5.85,0
2026-06-16,2025-11-30,"6.10%",250,6.1,0
2026-06-16,2025-12-01,"0.10%",-300,0.1,0
2026-06-16,2025-12-01,"0.35%",-300,0.35,0
2026-06-16,2025-12-01,"0.60%",-300,0.6,0
2026-06-16,2025-12-01,"0.85%",-275,0.85,0
2026-06-16,2025-12-01,"1.10%",-250,1.1,0
2026-06-16,2025-12-01,"1.35%",-225,1.35,0
2026-06-16,2025-12-01,"1.60%",-200,1.6,0
2026-06-16,2025-12-01,"1.85%",-175,1.85,0
2026-06-16,2025-12-01,"2.10%",-150,2.1,0
2026-06-16,2025-12-01,"2.35%",-125,2.35,0
2026-06-16,2025-12-01,"2.60%",-100,2.6,0
2026-06-16,2025-12-01,"2.85%",-75,2.85,0
2026-06-16,2025-12-01,"3.10%",-50,3.1,0.0150837547292784
2026-06-16,2025-12-01,"3.35%",-25,3.35,0.167537036479025
2026-06-16,2025-12-01,"3.60%",0,3.6,0.45497325863744
2026-06-16,2025-12-01,"3.85%",25,3.85,0.309980495270513
2026-06-16,2025-12-01,"4.10%",50,4.1,0.0524254548837436
2026-06-16,2025-12-01,"4.35%",75,4.35,0
2026-06-16,2025-12-01,"4.60%",100,4.6,0
2026-06-16,2025-12-01,"4.85%",125,4.85,0
2026-06-16,2025-12-01,"5.10%",150,5.1,0
2026-06-16,2025-12-01,"5.35%",175,5.35,0
2026-06-16,2025-12-01,"5.60%",200,5.6,0
2026-06-16,2025-12-01,"5.85%",225,5.85,0
2026-06-16,2025-12-01,"6.10%",250,6.1,0
2026-06-16,2025-12-02,"0.10%",-300,0.1,0
2026-06-16,2025-12-02,"0.35%",-300,0.35,0
2026-06-16,2025-12-02,"0.60%",-300,0.6,0
2026-06-16,2025-12-02,"0.85%",-275,0.85,0
2026-06-16,2025-12-02,"1.10%",-250,1.1,0
2026-06-16,2025-12-02,"1.35%",-225,1.35,0
2026-06-16,2025-12-02,"1.60%",-200,1.6,0
2026-06-16,2025-12-02,"1.85%",-175,1.85,0
2026-06-16,2025-12-02,"2.10%",-150,2.1,0
2026-06-16,2025-12-02,"2.35%",-125,2.35,0
2026-06-16,2025-12-02,"2.60%",-100,2.6,0
2026-06-16,2025-12-02,"2.85%",-75,2.85,0
2026-06-16,2025-12-02,"3.10%",-50,3.1,0
2026-06-16,2025-12-02,"3.35%",-25,3.35,0.0992214157985069
2026-06-16,2025-12-02,"3.60%",0,3.6,0.421214178776065
2026-06-16,2025-12-02,"3.85%",25,3.85,0.396796728325439
2026-06-16,2025-12-02,"4.10%",50,4.1,0.0827676770999892
2026-06-16,2025-12-02,"4.35%",75,4.35,0
2026-06-16,2025-12-02,"4.60%",100,4.6,0
2026-06-16,2025-12-02,"4.85%",125,4.85,0
2026-06-16,2025-12-02,"5.10%",150,5.1,0
2026-06-16,2025-12-02,"5.35%",175,5.35,0
2026-06-16,2025-12-02,"5.60%",200,5.6,0
2026-06-16,2025-12-02,"5.85%",225,5.85,0
2026-06-16,2025-12-02,"6.10%",250,6.1,0
2026-06-16,2025-12-03,"0.10%",-300,0.1,0
2026-06-16,2025-12-03,"0.35%",-300,0.35,0
2026-06-16,2025-12-03,"0.60%",-300,0.6,0
2026-06-16,2025-12-03,"0.85%",-275,0.85,0
2026-06-16,2025-12-03,"1.10%",-250,1.1,0
2026-06-16,2025-12-03,"1.35%",-225,1.35,0
2026-06-16,2025-12-03,"1.60%",-200,1.6,0
2026-06-16,2025-12-03,"1.85%",-175,1.85,0
2026-06-16,2025-12-03,"2.10%",-150,2.1,0
2026-06-16,2025-12-03,"2.35%",-125,2.35,0
2026-06-16,2025-12-03,"2.60%",-100,2.6,0
2026-06-16,2025-12-03,"2.85%",-75,2.85,0
2026-06-16,2025-12-03,"3.10%",-50,3.1,0
2026-06-16,2025-12-03,"3.35%",-25,3.35,0.0783438259728475
2026-06-16,2025-12-03,"3.60%",0,3.6,0.395656733821616
2026-06-16,2025-12-03,"3.85%",25,3.85,0.427135364254986
2026-06-16,2025-12-03,"4.10%",50,4.1,0.0988640759505504
2026-06-16,2025-12-03,"4.35%",75,4.35,0
2026-06-16,2025-12-03,"4.60%",100,4.6,0
2026-06-16,2025-12-03,"4.85%",125,4.85,0
2026-06-16,2025-12-03,"5.10%",150,5.1,0
2026-06-16,2025-12-03,"5.35%",175,5.35,0
2026-06-16,2025-12-03,"5.60%",200,5.6,0
2026-06-16,2025-12-03,"5.85%",225,5.85,0
2026-06-16,2025-12-03,"6.10%",250,6.1,0
2026-06-16,2025-12-04,"0.10%",-300,0.1,0
2026-06-16,2025-12-04,"0.35%",-300,0.35,0
2026-06-16,2025-12-04,"0.60%",-300,0.6,0
2026-06-16,2025-12-04,"0.85%",-275,0.85,0
2026-06-16,2025-12-04,"1.10%",-250,1.1,0
2026-06-16,2025-12-04,"1.35%",-225,1.35,0
2026-06-16,2025-12-04,"1.60%",-200,1.6,0
2026-06-16,2025-12-04,"1.85%",-175,1.85,0
2026-06-16,2025-12-04,"2.10%",-150,2.1,0
2026-06-16,2025-12-04,"2.35%",-125,2.35,0
2026-06-16,2025-12-04,"2.60%",-100,2.6,0
2026-06-16,2025-12-04,"2.85%",-75,2.85,0
2026-06-16,2025-12-04,"3.10%",-50,3.1,0
2026-06-16,2025-12-04,"3.35%",-25,3.35,0.0417890501724026
2026-06-16,2025-12-04,"3.60%",0,3.6,0.368893506660611
2026-06-16,2025-12-04,"3.85%",25,3.85,0.489617109227969
2026-06-16,2025-12-04,"4.10%",50,4.1,0.0997003339390177
2026-06-16,2025-12-04,"4.35%",75,4.35,0
2026-06-16,2025-12-04,"4.60%",100,4.6,0
2026-06-16,2025-12-04,"4.85%",125,4.85,0
2026-06-16,2025-12-04,"5.10%",150,5.1,0
2026-06-16,2025-12-04,"5.35%",175,5.35,0
2026-06-16,2025-12-04,"5.60%",200,5.6,0
2026-06-16,2025-12-04,"5.85%",225,5.85,0
2026-06-16,2025-12-04,"6.10%",250,6.1,0
2026-06-16,2025-12-05,"0.10%",-300,0.1,0
2026-06-16,2025-12-05,"0.35%",-300,0.35,0
2026-06-16,2025-12-05,"0.60%",-300,0.6,0
2026-06-16,2025-12-05,"0.85%",-275,0.85,0
2026-06-16,2025-12-05,"1.10%",-250,1.1,0
2026-06-16,2025-12-05,"1.35%",-225,1.35,0
2026-06-16,2025-12-05,"1.60%",-200,1.6,0
2026-06-16,2025-12-05,"1.85%",-175,1.85,0
2026-06-16,2025-12-05,"2.10%",-150,2.1,0
2026-06-16,2025-12-05,"2.35%",-125,2.35,0
2026-06-16,2025-12-05,"2.60%",-100,2.6,0
2026-06-16,2025-12-05,"2.85%",-75,2.85,0
2026-06-16,2025-12-05,"3.10%",-50,3.1,0
2026-06-16,2025-12-05,"3.35%",-25,3.35,0.0376719638756419
2026-06-16,2025-12-05,"3.60%",0,3.6,0.370330691509517
2026-06-16,2025-12-05,"3.85%",25,3.85,0.498082043681621
2026-06-16,2025-12-05,"4.10%",50,4.1,0.09391530093322
2026-06-16,2025-12-05,"4.35%",75,4.35,0
2026-06-16,2025-12-05,"4.60%",100,4.6,0
2026-06-16,2025-12-05,"4.85%",125,4.85,0
2026-06-16,2025-12-05,"5.10%",150,5.1,0
2026-06-16,2025-12-05,"5.35%",175,5.35,0
2026-06-16,2025-12-05,"5.60%",200,5.6,0
2026-06-16,2025-12-05,"5.85%",225,5.85,0
2026-06-16,2025-12-05,"6.10%",250,6.1,0
2026-06-16,2025-12-06,"0.10%",-300,0.1,0
2026-06-16,2025-12-06,"0.35%",-300,0.35,0
2026-06-16,2025-12-06,"0.60%",-300,0.6,0
2026-06-16,2025-12-06,"0.85%",-275,0.85,0
2026-06-16,2025-12-06,"1.10%",-250,1.1,0
2026-06-16,2025-12-06,"1.35%",-225,1.35,0
2026-06-16,2025-12-06,"1.60%",-200,1.6,0
2026-06-16,2025-12-06,"1.85%",-175,1.85,0
2026-06-16,2025-12-06,"2.10%",-150,2.1,0
2026-06-16,2025-12-06,"2.35%",-125,2.35,0
2026-06-16,2025-12-06,"2.60%",-100,2.6,0
2026-06-16,2025-12-06,"2.85%",-75,2.85,0
2026-06-16,2025-12-06,"3.10%",-50,3.1,0
2026-06-16,2025-12-06,"3.35%",-25,3.35,0.0335657520479361
2026-06-16,2025-12-06,"3.60%",0,3.6,0.371562028564992
2026-06-16,2025-12-06,"3.85%",25,3.85,0.507020229602865
2026-06-16,2025-12-06,"4.10%",50,4.1,0.087851989784207
2026-06-16,2025-12-06,"4.35%",75,4.35,0
2026-06-16,2025-12-06,"4.60%",100,4.6,0
2026-06-16,2025-12-06,"4.85%",125,4.85,0
2026-06-16,2025-12-06,"5.10%",150,5.1,0
2026-06-16,2025-12-06,"5.35%",175,5.35,0
2026-06-16,2025-12-06,"5.60%",200,5.6,0
2026-06-16,2025-12-06,"5.85%",225,5.85,0
2026-06-16,2025-12-06,"6.10%",250,6.1,0
2026-06-16,2025-12-07,"0.10%",-300,0.1,0
2026-06-16,2025-12-07,"0.35%",-300,0.35,0
2026-06-16,2025-12-07,"0.60%",-300,0.6,0
2026-06-16,2025-12-07,"0.85%",-275,0.85,0
2026-06-16,2025-12-07,"1.10%",-250,1.1,0
2026-06-16,2025-12-07,"1.35%",-225,1.35,0
2026-06-16,2025-12-07,"1.60%",-200,1.6,0
2026-06-16,2025-12-07,"1.85%",-175,1.85,0
2026-06-16,2025-12-07,"2.10%",-150,2.1,0
2026-06-16,2025-12-07,"2.35%",-125,2.35,0
2026-06-16,2025-12-07,"2.60%",-100,2.6,0
2026-06-16,2025-12-07,"2.85%",-75,2.85,0
2026-06-16,2025-12-07,"3.10%",-50,3.1,0
2026-06-16,2025-12-07,"3.35%",-25,3.35,0.0278038338698855
2026-06-16,2025-12-07,"3.60%",0,3.6,0.363711956308137
2026-06-16,2025-12-07,"3.85%",25,3.85,0.522621801438187
2026-06-16,2025-12-07,"4.10%",50,4.1,0.0858624083837898
2026-06-16,2025-12-07,"4.35%",75,4.35,0
2026-06-16,2025-12-07,"4.60%",100,4.6,0
2026-06-16,2025-12-07,"4.85%",125,4.85,0
2026-06-16,2025-12-07,"5.10%",150,5.1,0
2026-06-16,2025-12-07,"5.35%",175,5.35,0
2026-06-16,2025-12-07,"5.60%",200,5.6,0
2026-06-16,2025-12-07,"5.85%",225,5.85,0
2026-06-16,2025-12-07,"6.10%",250,6.1,0
2026-06-16,2025-12-08,"0.10%",-300,0.1,0
2026-06-16,2025-12-08,"0.35%",-300,0.35,0
2026-06-16,2025-12-08,"0.60%",-300,0.6,0
2026-06-16,2025-12-08,"0.85%",-275,0.85,0
2026-06-16,2025-12-08,"1.10%",-250,1.1,0
2026-06-16,2025-12-08,"1.35%",-225,1.35,0
2026-06-16,2025-12-08,"1.60%",-200,1.6,0
2026-06-16,2025-12-08,"1.85%",-175,1.85,0
2026-06-16,2025-12-08,"2.10%",-150,2.1,0
2026-06-16,2025-12-08,"2.35%",-125,2.35,0
2026-06-16,2025-12-08,"2.60%",-100,2.6,0
2026-06-16,2025-12-08,"2.85%",-75,2.85,0
2026-06-16,2025-12-08,"3.10%",-50,3.1,0
2026-06-16,2025-12-08,"3.35%",-25,3.35,0.068712007608769
2026-06-16,2025-12-08,"3.60%",0,3.6,0.513256283191146
2026-06-16,2025-12-08,"3.85%",25,3.85,0.389138882831854
2026-06-16,2025-12-08,"4.10%",50,4.1,0.028892826368231
2026-06-16,2025-12-08,"4.35%",75,4.35,0
2026-06-16,2025-12-08,"4.60%",100,4.6,0
2026-06-16,2025-12-08,"4.85%",125,4.85,0
2026-06-16,2025-12-08,"5.10%",150,5.1,0
2026-06-16,2025-12-08,"5.35%",175,5.35,0
2026-06-16,2025-12-08,"5.60%",200,5.6,0
2026-06-16,2025-12-08,"5.85%",225,5.85,0
2026-06-16,2025-12-08,"6.10%",250,6.1,0
2026-06-16,2025-12-09,"0.10%",-300,0.1,0
2026-06-16,2025-12-09,"0.35%",-300,0.35,0
2026-06-16,2025-12-09,"0.60%",-300,0.6,0
2026-06-16,2025-12-09,"0.85%",-275,0.85,0
2026-06-16,2025-12-09,"1.10%",-250,1.1,0
2026-06-16,2025-12-09,"1.35%",-225,1.35,0
2026-06-16,2025-12-09,"1.60%",-200,1.6,0
2026-06-16,2025-12-09,"1.85%",-175,1.85,0
2026-06-16,2025-12-09,"2.10%",-150,2.1,0
2026-06-16,2025-12-09,"2.35%",-125,2.35,0
2026-06-16,2025-12-09,"2.60%",-100,2.6,0
2026-06-16,2025-12-09,"2.85%",-75,2.85,0
2026-06-16,2025-12-09,"3.10%",-50,3.1,0
2026-06-16,2025-12-09,"3.35%",-25,3.35,0.0171307012232
2026-06-16,2025-12-09,"3.60%",0,3.6,0.187243398537241
2026-06-16,2025-12-09,"3.85%",25,3.85,0.472696604333956
2026-06-16,2025-12-09,"4.10%",50,4.1,0.283269501127724
2026-06-16,2025-12-09,"4.35%",75,4.35,0.0396597947778787
2026-06-16,2025-12-09,"4.60%",100,4.6,0
2026-06-16,2025-12-09,"4.85%",125,4.85,0
2026-06-16,2025-12-09,"5.10%",150,5.1,0
2026-06-16,2025-12-09,"5.35%",175,5.35,0
2026-06-16,2025-12-09,"5.60%",200,5.6,0
2026-06-16,2025-12-09,"5.85%",225,5.85,0
2026-06-16,2025-12-09,"6.10%",250,6.1,0
2026-06-16,2025-12-10,"0.10%",-300,0.1,0
2026-06-16,2025-12-10,"0.35%",-300,0.35,0
2026-06-16,2025-12-10,"0.60%",-300,0.6,0
2026-06-16,2025-12-10,"0.85%",-275,0.85,0
2026-06-16,2025-12-10,"1.10%",-250,1.1,0
2026-06-16,2025-12-10,"1.35%",-225,1.35,0
2026-06-16,2025-12-10,"1.60%",-200,1.6,0
2026-06-16,2025-12-10,"1.85%",-175,1.85,0
2026-06-16,2025-12-10,"2.10%",-150,2.1,0
2026-06-16,2025-12-10,"2.35%",-125,2.35,0
2026-06-16,2025-12-10,"2.60%",-100,2.6,0
2026-06-16,2025-12-10,"2.85%",-75,2.85,0
2026-06-16,2025-12-10,"3.10%",-50,3.1,0
2026-06-16,2025-12-10,"3.35%",-25,3.35,0.0540094890528198
2026-06-16,2025-12-10,"3.60%",0,3.6,0.275292869916294
2026-06-16,2025-12-10,"3.85%",25,3.85,0.430988179694478
2026-06-16,2025-12-10,"4.10%",50,4.1,0.208777343786091
2026-06-16,2025-12-10,"4.35%",75,4.35,0.0309321175503177
2026-06-16,2025-12-10,"4.60%",100,4.6,0
2026-06-16,2025-12-10,"4.85%",125,4.85,0
2026-06-16,2025-12-10,"5.10%",150,5.1,0
2026-06-16,2025-12-10,"5.35%",175,5.35,0
2026-06-16,2025-12-10,"5.60%",200,5.6,0
2026-06-16,2025-12-10,"5.85%",225,5.85,0
2026-06-16,2025-12-10,"6.10%",250,6.1,0
2026-06-16,2025-12-11,"0.10%",-300,0.1,0
2026-06-16,2025-12-11,"0.35%",-300,0.35,0
2026-06-16,2025-12-11,"0.60%",-300,0.6,0
2026-06-16,2025-12-11,"0.85%",-275,0.85,0
2026-06-16,2025-12-11,"1.10%",-250,1.1,0
2026-06-16,2025-12-11,"1.35%",-225,1.35,0
2026-06-16,2025-12-11,"1.60%",-200,1.6,0
2026-06-16,2025-12-11,"1.85%",-175,1.85,0
2026-06-16,2025-12-11,"2.10%",-150,2.1,0
2026-06-16,2025-12-11,"2.35%",-125,2.35,0
2026-06-16,2025-12-11,"2.60%",-100,2.6,0
2026-06-16,2025-12-11,"2.85%",-75,2.85,0
2026-06-16,2025-12-11,"3.10%",-50,3.1,0
2026-06-16,2025-12-11,"3.35%",-25,3.35,0.0371464676284509
2026-06-16,2025-12-11,"3.60%",0,3.6,0.248498984262319
2026-06-16,2025-12-11,"3.85%",25,3.85,0.453736859992033
2026-06-16,2025-12-11,"4.10%",50,4.1,0.229096867507645
2026-06-16,2025-12-11,"4.35%",75,4.35,0.0315208206095522
2026-06-16,2025-12-11,"4.60%",100,4.6,0
2026-06-16,2025-12-11,"4.85%",125,4.85,0
2026-06-16,2025-12-11,"5.10%",150,5.1,0
2026-06-16,2025-12-11,"5.35%",175,5.35,0
2026-06-16,2025-12-11,"5.60%",200,5.6,0
2026-06-16,2025-12-11,"5.85%",225,5.85,0
2026-06-16,2025-12-11,"6.10%",250,6.1,0
2026-06-16,2025-12-12,"0.10%",-300,0.1,0
2026-06-16,2025-12-12,"0.35%",-300,0.35,0
2026-06-16,2025-12-12,"0.60%",-300,0.6,0
2026-06-16,2025-12-12,"0.85%",-275,0.85,0
2026-06-16,2025-12-12,"1.10%",-250,1.1,0
2026-06-16,2025-12-12,"1.35%",-225,1.35,0
2026-06-16,2025-12-12,"1.60%",-200,1.6,0
2026-06-16,2025-12-12,"1.85%",-175,1.85,0
2026-06-16,2025-12-12,"2.10%",-150,2.1,0
2026-06-16,2025-12-12,"2.35%",-125,2.35,0
2026-06-16,2025-12-12,"2.60%",-100,2.6,0
2026-06-16,2025-12-12,"2.85%",-75,2.85,0
2026-06-16,2025-12-12,"3.10%",-50,3.1,0
2026-06-16,2025-12-12,"3.35%",-25,3.35,0.0316779000443135
2026-06-16,2025-12-12,"3.60%",0,3.6,0.247953806569894
2026-06-16,2025-12-12,"3.85%",25,3.85,0.472167693722403
2026-06-16,2025-12-12,"4.10%",50,4.1,0.222713638542979
2026-06-16,2025-12-12,"4.35%",75,4.35,0.0254869611204114
2026-06-16,2025-12-12,"4.60%",100,4.6,0
2026-06-16,2025-12-12,"4.85%",125,4.85,0
2026-06-16,2025-12-12,"5.10%",150,5.1,0
2026-06-16,2025-12-12,"5.35%",175,5.35,0
2026-06-16,2025-12-12,"5.60%",200,5.6,0
2026-06-16,2025-12-12,"5.85%",225,5.85,0
2026-06-16,2025-12-12,"6.10%",250,6.1,0
2026-06-16,2025-12-13,"0.10%",-300,0.1,0
2026-06-16,2025-12-13,"0.35%",-300,0.35,0
2026-06-16,2025-12-13,"0.60%",-300,0.6,0
2026-06-16,2025-12-13,"0.85%",-275,0.85,0
2026-06-16,2025-12-13,"1.10%",-250,1.1,0
2026-06-16,2025-12-13,"1.35%",-225,1.35,0
2026-06-16,2025-12-13,"1.60%",-200,1.6,0
2026-06-16,2025-12-13,"1.85%",-175,1.85,0
2026-06-16,2025-12-13,"2.10%",-150,2.1,0
2026-06-16,2025-12-13,"2.35%",-125,2.35,0
2026-06-16,2025-12-13,"2.60%",-100,2.6,0
2026-06-16,2025-12-13,"2.85%",-75,2.85,0
2026-06-16,2025-12-13,"3.10%",-50,3.1,0.0234740955463791
2026-06-16,2025-12-13,"3.35%",-25,3.35,0.0995113317354538
2026-06-16,2025-12-13,"3.60%",0,3.6,0.234366403045284
2026-06-16,2025-12-13,"3.85%",25,3.85,0.307129660335484
2026-06-16,2025-12-13,"4.10%",50,4.1,0.22406461135022
2026-06-16,2025-12-13,"4.35%",75,4.35,0.0909477813475254
2026-06-16,2025-12-13,"4.60%",100,4.6,0.0205061166396526
2026-06-16,2025-12-13,"4.85%",125,4.85,0
2026-06-16,2025-12-13,"5.10%",150,5.1,0
2026-06-16,2025-12-13,"5.35%",175,5.35,0
2026-06-16,2025-12-13,"5.60%",200,5.6,0
2026-06-16,2025-12-13,"5.85%",225,5.85,0
2026-06-16,2025-12-13,"6.10%",250,6.1,0
2026-06-16,2025-12-14,"0.10%",-300,0.1,0
2026-06-16,2025-12-14,"0.35%",-300,0.35,0
2026-06-16,2025-12-14,"0.60%",-300,0.6,0
2026-06-16,2025-12-14,"0.85%",-275,0.85,0
2026-06-16,2025-12-14,"1.10%",-250,1.1,0
2026-06-16,2025-12-14,"1.35%",-225,1.35,0
2026-06-16,2025-12-14,"1.60%",-200,1.6,0
2026-06-16,2025-12-14,"1.85%",-175,1.85,0
2026-06-16,2025-12-14,"2.10%",-150,2.1,0
2026-06-16,2025-12-14,"2.35%",-125,2.35,0
2026-06-16,2025-12-14,"2.60%",-100,2.6,0
2026-06-16,2025-12-14,"2.85%",-75,2.85,0.0266132791512489
2026-06-16,2025-12-14,"3.10%",-50,3.1,0.072815344016345
2026-06-16,2025-12-14,"3.35%",-25,3.35,0.14516898954488
2026-06-16,2025-12-14,"3.60%",0,3.6,0.210927306566202
2026-06-16,2025-12-14,"3.85%",25,3.85,0.223380451046529
2026-06-16,2025-12-14,"4.10%",50,4.1,0.172432042350544
2026-06-16,2025-12-14,"4.35%",75,4.35,0.0970106890179829
2026-06-16,2025-12-14,"4.60%",100,4.6,0.0397723457042163
2026-06-16,2025-12-14,"4.85%",125,4.85,0.0118795526020517
2026-06-16,2025-12-14,"5.10%",150,5.1,0
2026-06-16,2025-12-14,"5.35%",175,5.35,0
2026-06-16,2025-12-14,"5.60%",200,5.6,0
2026-06-16,2025-12-14,"5.85%",225,5.85,0
2026-06-16,2025-12-14,"6.10%",250,6.1,0
2026-06-16,2025-12-15,"0.10%",-300,0.1,0
2026-06-16,2025-12-15,"0.35%",-300,0.35,0
2026-06-16,2025-12-15,"0.60%",-300,0.6,0
2026-06-16,2025-12-15,"0.85%",-275,0.85,0
2026-06-16,2025-12-15,"1.10%",-250,1.1,0
2026-06-16,2025-12-15,"1.35%",-225,1.35,0
2026-06-16,2025-12-15,"1.60%",-200,1.6,0
2026-06-16,2025-12-15,"1.85%",-175,1.85,0
2026-06-16,2025-12-15,"2.10%",-150,2.1,0
2026-06-16,2025-12-15,"2.35%",-125,2.35,0
2026-06-16,2025-12-15,"2.60%",-100,2.6,0.0207791987978583
2026-06-16,2025-12-15,"2.85%",-75,2.85,0.0473314850029724
2026-06-16,2025-12-15,"3.10%",-50,3.1,0.0885415160761704
2026-06-16,2025-12-15,"3.35%",-25,3.35,0.13603065645047
2026-06-16,2025-12-15,"3.60%",0,3.6,0.171645281283408
2026-06-16,2025-12-15,"3.85%",25,3.85,0.177884810663492
2026-06-16,2025-12-15,"4.10%",50,4.1,0.151411484184571
2026-06-16,2025-12-15,"4.35%",75,4.35,0.10584907729136
2026-06-16,2025-12-15,"4.60%",100,4.6,0.0607733830707463
2026-06-16,2025-12-15,"4.85%",125,4.85,0.0286564371475934
2026-06-16,2025-12-15,"5.10%",150,5.1,0.011096670031358
2026-06-16,2025-12-15,"5.35%",175,5.35,0
2026-06-16,2025-12-15,"5.60%",200,5.6,0
2026-06-16,2025-12-15,"5.85%",225,5.85,0
2026-06-16,2025-12-15,"6.10%",250,6.1,0
