"meeting_date","scrape_date","move","diff_bps","bucket_rate","probability"
2026-03-17,2024-10-01,"0.10%",-300,0.1,0
2026-03-17,2024-10-01,"0.35%",-300,0.35,0
2026-03-17,2024-10-01,"0.60%",-300,0.6,0
2026-03-17,2024-10-01,"0.85%",-275,0.85,0
2026-03-17,2024-10-01,"1.10%",-250,1.1,0
2026-03-17,2024-10-01,"1.35%",-225,1.35,0
2026-03-17,2024-10-01,"1.60%",-200,1.6,0.0188385301358265
2026-03-17,2024-10-01,"1.85%",-175,1.85,0.033267869524622
2026-03-17,2024-10-01,"2.10%",-150,2.1,0.0531971406021023
2026-03-17,2024-10-01,"2.35%",-125,2.35,0.0770262197161284
2026-03-17,2024-10-01,"2.60%",-100,2.6,0.100989727604497
2026-03-17,2024-10-01,"2.85%",-75,2.85,0.119896116089046
2026-03-17,2024-10-01,"3.10%",-50,3.1,0.128891104840957
2026-03-17,2024-10-01,"3.35%",-25,3.35,0.125467417119056
2026-03-17,2024-10-01,"3.60%",0,3.6,0.110593359534224
2026-03-17,2024-10-01,"3.85%",25,3.85,0.0882707404773303
2026-03-17,2024-10-01,"4.10%",50,4.1,0.063795978136701
2026-03-17,2024-10-01,"4.35%",75,4.35,0.041750095834024
2026-03-17,2024-10-01,"4.60%",100,4.6,0.0247404607918261
2026-03-17,2024-10-01,"4.85%",125,4.85,0.0132752395936595
2026-03-17,2024-10-01,"5.10%",150,5.1,0
2026-03-17,2024-10-01,"5.35%",175,5.35,0
2026-03-17,2024-10-01,"5.60%",200,5.6,0
2026-03-17,2024-10-01,"5.85%",225,5.85,0
2026-03-17,2024-10-01,"6.10%",250,6.1,0
2026-03-17,2024-10-02,"0.10%",-300,0.1,0
2026-03-17,2024-10-02,"0.35%",-300,0.35,0
2026-03-17,2024-10-02,"0.60%",-300,0.6,0
2026-03-17,2024-10-02,"0.85%",-275,0.85,0
2026-03-17,2024-10-02,"1.10%",-250,1.1,0
2026-03-17,2024-10-02,"1.35%",-225,1.35,0
2026-03-17,2024-10-02,"1.60%",-200,1.6,0.0164894317966108
2026-03-17,2024-10-02,"1.85%",-175,1.85,0.031274843652372
2026-03-17,2024-10-02,"2.10%",-150,2.1,0.0529178282264893
2026-03-17,2024-10-02,"2.35%",-125,2.35,0.0798783581047892
2026-03-17,2024-10-02,"2.60%",-100,2.6,0.107566922709056
2026-03-17,2024-10-02,"2.85%",-75,2.85,0.129226770501058
2026-03-17,2024-10-02,"3.10%",-50,3.1,0.138500512570189
2026-03-17,2024-10-02,"3.35%",-25,3.35,0.132426773040444
2026-03-17,2024-10-02,"3.60%",0,3.6,0.11296020976653
2026-03-17,2024-10-02,"3.85%",25,3.85,0.0859606290574411
2026-03-17,2024-10-02,"4.10%",50,4.1,0.0583574866911521
2026-03-17,2024-10-02,"4.35%",75,4.35,0.0353438909581476
2026-03-17,2024-10-02,"4.60%",100,4.6,0.019096342925721
2026-03-17,2024-10-02,"4.85%",125,4.85,0
2026-03-17,2024-10-02,"5.10%",150,5.1,0
2026-03-17,2024-10-02,"5.35%",175,5.35,0
2026-03-17,2024-10-02,"5.60%",200,5.6,0
2026-03-17,2024-10-02,"5.85%",225,5.85,0
2026-03-17,2024-10-02,"6.10%",250,6.1,0
2026-03-17,2024-10-04,"0.10%",-300,0.1,0
2026-03-17,2024-10-04,"0.35%",-300,0.35,0
2026-03-17,2024-10-04,"0.60%",-300,0.6,0
2026-03-17,2024-10-04,"0.85%",-275,0.85,0
2026-03-17,2024-10-04,"1.10%",-250,1.1,0
2026-03-17,2024-10-04,"1.35%",-225,1.35,0
2026-03-17,2024-10-04,"1.60%",-200,1.6,0
2026-03-17,2024-10-04,"1.85%",-175,1.85,0
2026-03-17,2024-10-04,"2.10%",-150,2.1,0.0230792094397359
2026-03-17,2024-10-04,"2.35%",-125,2.35,0.0467246063016685
2026-03-17,2024-10-04,"2.60%",-100,2.6,0.0808245536906021
2026-03-17,2024-10-04,"2.85%",-75,2.85,0.119459786571942
2026-03-17,2024-10-04,"3.10%",-50,3.1,0.150864322058932
2026-03-17,2024-10-04,"3.35%",-25,3.35,0.162795030061844
2026-03-17,2024-10-04,"3.60%",0,3.6,0.150102054256506
2026-03-17,2024-10-04,"3.85%",25,3.85,0.1182556341768
2026-03-17,2024-10-04,"4.10%",50,4.1,0.0796055398253542
2026-03-17,2024-10-04,"4.35%",75,4.35,0.0457873257482546
2026-03-17,2024-10-04,"4.60%",100,4.6,0.0225019378683611
2026-03-17,2024-10-04,"4.85%",125,4.85,0
2026-03-17,2024-10-04,"5.10%",150,5.1,0
2026-03-17,2024-10-04,"5.35%",175,5.35,0
2026-03-17,2024-10-04,"5.60%",200,5.6,0
2026-03-17,2024-10-04,"5.85%",225,5.85,0
2026-03-17,2024-10-04,"6.10%",250,6.1,0
2026-03-17,2024-10-07,"0.10%",-300,0.1,0
2026-03-17,2024-10-07,"0.35%",-300,0.35,0
2026-03-17,2024-10-07,"0.60%",-300,0.6,0
2026-03-17,2024-10-07,"0.85%",-275,0.85,0
2026-03-17,2024-10-07,"1.10%",-250,1.1,0
2026-03-17,2024-10-07,"1.35%",-225,1.35,0
2026-03-17,2024-10-07,"1.60%",-200,1.6,0
2026-03-17,2024-10-07,"1.85%",-175,1.85,0
2026-03-17,2024-10-07,"2.10%",-150,2.1,0.01078532853865
2026-03-17,2024-10-07,"2.35%",-125,2.35,0.0267027416971453
2026-03-17,2024-10-07,"2.60%",-100,2.6,0.0552363195323753
2026-03-17,2024-10-07,"2.85%",-75,2.85,0.0954674334704425
2026-03-17,2024-10-07,"3.10%",-50,3.1,0.137866603348739
2026-03-17,2024-10-07,"3.35%",-25,3.35,0.16635818300161
2026-03-17,2024-10-07,"3.60%",0,3.6,0.167731496011351
2026-03-17,2024-10-07,"3.85%",25,3.85,0.141309256841601
2026-03-17,2024-10-07,"4.10%",50,4.1,0.0994737303141174
2026-03-17,2024-10-07,"4.35%",75,4.35,0.0585086929433888
2026-03-17,2024-10-07,"4.60%",100,4.6,0.0287537997148958
2026-03-17,2024-10-07,"4.85%",125,4.85,0.0118064145856835
2026-03-17,2024-10-07,"5.10%",150,5.1,0
2026-03-17,2024-10-07,"5.35%",175,5.35,0
2026-03-17,2024-10-07,"5.60%",200,5.6,0
2026-03-17,2024-10-07,"5.85%",225,5.85,0
2026-03-17,2024-10-07,"6.10%",250,6.1,0
2026-03-17,2024-10-08,"0.10%",-300,0.1,0
2026-03-17,2024-10-08,"0.35%",-300,0.35,0
2026-03-17,2024-10-08,"0.60%",-300,0.6,0
2026-03-17,2024-10-08,"0.85%",-275,0.85,0
2026-03-17,2024-10-08,"1.10%",-250,1.1,0
2026-03-17,2024-10-08,"1.35%",-225,1.35,0
2026-03-17,2024-10-08,"1.60%",-200,1.6,0
2026-03-17,2024-10-08,"1.85%",-175,1.85,0
2026-03-17,2024-10-08,"2.10%",-150,2.1,0.0134104576994542
2026-03-17,2024-10-08,"2.35%",-125,2.35,0.0319949409423385
2026-03-17,2024-10-08,"2.60%",-100,2.6,0.0637475589825418
2026-03-17,2024-10-08,"2.85%",-75,2.85,0.1060730275779
2026-03-17,2024-10-08,"3.10%",-50,3.1,0.147406461280753
2026-03-17,2024-10-08,"3.35%",-25,3.35,0.171082432427219
2026-03-17,2024-10-08,"3.60%",0,3.6,0.165834516961168
2026-03-17,2024-10-08,"3.85%",25,3.85,0.134253116161089
2026-03-17,2024-10-08,"4.10%",50,4.1,0.090771416109473
2026-03-17,2024-10-08,"4.35%",75,4.35,0.051255516824572
2026-03-17,2024-10-08,"4.60%",100,4.6,0.0241705550334921
2026-03-17,2024-10-08,"4.85%",125,4.85,0
2026-03-17,2024-10-08,"5.10%",150,5.1,0
2026-03-17,2024-10-08,"5.35%",175,5.35,0
2026-03-17,2024-10-08,"5.60%",200,5.6,0
2026-03-17,2024-10-08,"5.85%",225,5.85,0
2026-03-17,2024-10-08,"6.10%",250,6.1,0
2026-03-17,2024-10-09,"0.10%",-300,0.1,0
2026-03-17,2024-10-09,"0.35%",-300,0.35,0
2026-03-17,2024-10-09,"0.60%",-300,0.6,0
2026-03-17,2024-10-09,"0.85%",-275,0.85,0
2026-03-17,2024-10-09,"1.10%",-250,1.1,0
2026-03-17,2024-10-09,"1.35%",-225,1.35,0
2026-03-17,2024-10-09,"1.60%",-200,1.6,0
2026-03-17,2024-10-09,"1.85%",-175,1.85,0
2026-03-17,2024-10-09,"2.10%",-150,2.1,0.0102948976320888
2026-03-17,2024-10-09,"2.35%",-125,2.35,0.027480315532518
2026-03-17,2024-10-09,"2.60%",-100,2.6,0.0597976652772927
2026-03-17,2024-10-09,"2.85%",-75,2.85,0.106079993394013
2026-03-17,2024-10-09,"3.10%",-50,3.1,0.153421953665266
2026-03-17,2024-10-09,"3.35%",-25,3.35,0.180908131026169
2026-03-17,2024-10-09,"3.60%",0,3.6,0.17392040121416
2026-03-17,2024-10-09,"3.85%",25,3.85,0.136321250679894
2026-03-17,2024-10-09,"4.10%",50,4.1,0.0871142814262567
2026-03-17,2024-10-09,"4.35%",75,4.35,0.0453851412785182
2026-03-17,2024-10-09,"4.60%",100,4.6,0.0192759688738229
2026-03-17,2024-10-09,"4.85%",125,4.85,0
2026-03-17,2024-10-09,"5.10%",150,5.1,0
2026-03-17,2024-10-09,"5.35%",175,5.35,0
2026-03-17,2024-10-09,"5.60%",200,5.6,0
2026-03-17,2024-10-09,"5.85%",225,5.85,0
2026-03-17,2024-10-09,"6.10%",250,6.1,0
2026-03-17,2024-10-11,"0.10%",-300,0.1,0
2026-03-17,2024-10-11,"0.35%",-300,0.35,0
2026-03-17,2024-10-11,"0.60%",-300,0.6,0
2026-03-17,2024-10-11,"0.85%",-275,0.85,0
2026-03-17,2024-10-11,"1.10%",-250,1.1,0
2026-03-17,2024-10-11,"1.35%",-225,1.35,0
2026-03-17,2024-10-11,"1.60%",-200,1.6,0
2026-03-17,2024-10-11,"1.85%",-175,1.85,0
2026-03-17,2024-10-11,"2.10%",-150,2.1,0.0110751547025951
2026-03-17,2024-10-11,"2.35%",-125,2.35,0.0275964675778855
2026-03-17,2024-10-11,"2.60%",-100,2.6,0.0572146525645276
2026-03-17,2024-10-11,"2.85%",-75,2.85,0.0987023473974877
2026-03-17,2024-10-11,"3.10%",-50,3.1,0.141685895201297
2026-03-17,2024-10-11,"3.35%",-25,3.35,0.169243913044351
2026-03-17,2024-10-11,"3.60%",0,3.6,0.168225161511173
2026-03-17,2024-10-11,"3.85%",25,3.85,0.139142616209779
2026-03-17,2024-10-11,"4.10%",50,4.1,0.0957670822980997
2026-03-17,2024-10-11,"4.35%",75,4.35,0.0548467088296269
2026-03-17,2024-10-11,"4.60%",100,4.6,0.0261366772903359
2026-03-17,2024-10-11,"4.85%",125,4.85,0.0103633233728419
2026-03-17,2024-10-11,"5.10%",150,5.1,0
2026-03-17,2024-10-11,"5.35%",175,5.35,0
2026-03-17,2024-10-11,"5.60%",200,5.6,0
2026-03-17,2024-10-11,"5.85%",225,5.85,0
2026-03-17,2024-10-11,"6.10%",250,6.1,0
2026-03-17,2024-10-14,"0.10%",-300,0.1,0
2026-03-17,2024-10-14,"0.35%",-300,0.35,0
2026-03-17,2024-10-14,"0.60%",-300,0.6,0
2026-03-17,2024-10-14,"0.85%",-275,0.85,0
2026-03-17,2024-10-14,"1.10%",-250,1.1,0
2026-03-17,2024-10-14,"1.35%",-225,1.35,0
2026-03-17,2024-10-14,"1.60%",-200,1.6,0
2026-03-17,2024-10-14,"1.85%",-175,1.85,0
2026-03-17,2024-10-14,"2.10%",-150,2.1,0.0125230260875506
2026-03-17,2024-10-14,"2.35%",-125,2.35,0.0294494569634616
2026-03-17,2024-10-14,"2.60%",-100,2.6,0.0583814387570353
2026-03-17,2024-10-14,"2.85%",-75,2.85,0.0975695128360544
2026-03-17,2024-10-14,"3.10%",-50,3.1,0.137468988345738
2026-03-17,2024-10-14,"3.35%",-25,3.35,0.163287505485688
2026-03-17,2024-10-14,"3.60%",0,3.6,0.163516659392961
2026-03-17,2024-10-14,"3.85%",25,3.85,0.138048571690006
2026-03-17,2024-10-14,"4.10%",50,4.1,0.0982561007483418
2026-03-17,2024-10-14,"4.35%",75,4.35,0.0589574266942513
2026-03-17,2024-10-14,"4.60%",100,4.6,0.0298235634193722
2026-03-17,2024-10-14,"4.85%",125,4.85,0.012717749579539
2026-03-17,2024-10-14,"5.10%",150,5.1,0
2026-03-17,2024-10-14,"5.35%",175,5.35,0
2026-03-17,2024-10-14,"5.60%",200,5.6,0
2026-03-17,2024-10-14,"5.85%",225,5.85,0
2026-03-17,2024-10-14,"6.10%",250,6.1,0
2026-03-17,2024-10-15,"0.10%",-300,0.1,0
2026-03-17,2024-10-15,"0.35%",-300,0.35,0
2026-03-17,2024-10-15,"0.60%",-300,0.6,0
2026-03-17,2024-10-15,"0.85%",-275,0.85,0
2026-03-17,2024-10-15,"1.10%",-250,1.1,0
2026-03-17,2024-10-15,"1.35%",-225,1.35,0
2026-03-17,2024-10-15,"1.60%",-200,1.6,0
2026-03-17,2024-10-15,"1.85%",-175,1.85,0
2026-03-17,2024-10-15,"2.10%",-150,2.1,0.0105506919440744
2026-03-17,2024-10-15,"2.35%",-125,2.35,0.0269156879939745
2026-03-17,2024-10-15,"2.60%",-100,2.6,0.0568590906272388
2026-03-17,2024-10-15,"2.85%",-75,2.85,0.0994677579478984
2026-03-17,2024-10-15,"3.10%",-50,3.1,0.144100855427809
2026-03-17,2024-10-15,"3.35%",-25,3.35,0.172886820493964
2026-03-17,2024-10-15,"3.60%",0,3.6,0.171780125679542
2026-03-17,2024-10-15,"3.85%",25,3.85,0.141351194362327
2026-03-17,2024-10-15,"4.10%",50,4.1,0.0963244774843386
2026-03-17,2024-10-15,"4.35%",75,4.35,0.0543594247698016
2026-03-17,2024-10-15,"4.60%",100,4.6,0.0254038732690312
2026-03-17,2024-10-15,"4.85%",125,4.85,0
2026-03-17,2024-10-15,"5.10%",150,5.1,0
2026-03-17,2024-10-15,"5.35%",175,5.35,0
2026-03-17,2024-10-15,"5.60%",200,5.6,0
2026-03-17,2024-10-15,"5.85%",225,5.85,0
2026-03-17,2024-10-15,"6.10%",250,6.1,0
2026-03-17,2024-10-16,"0.10%",-300,0.1,0
2026-03-17,2024-10-16,"0.35%",-300,0.35,0
2026-03-17,2024-10-16,"0.60%",-300,0.6,0
2026-03-17,2024-10-16,"0.85%",-275,0.85,0
2026-03-17,2024-10-16,"1.10%",-250,1.1,0
2026-03-17,2024-10-16,"1.35%",-225,1.35,0
2026-03-17,2024-10-16,"1.60%",-200,1.6,0
2026-03-17,2024-10-16,"1.85%",-175,1.85,0
2026-03-17,2024-10-16,"2.10%",-150,2.1,0
2026-03-17,2024-10-16,"2.35%",-125,2.35,0.0249575559665839
2026-03-17,2024-10-16,"2.60%",-100,2.6,0.0577882092890047
2026-03-17,2024-10-16,"2.85%",-75,2.85,0.10718576386839
2026-03-17,2024-10-16,"3.10%",-50,3.1,0.159265065498607
2026-03-17,2024-10-16,"3.35%",-25,3.35,0.189585761108581
2026-03-17,2024-10-16,"3.60%",0,3.6,0.180800612784756
2026-03-17,2024-10-16,"3.85%",25,3.85,0.138134163058725
2026-03-17,2024-10-16,"4.10%",50,4.1,0.0845470031485946
2026-03-17,2024-10-16,"4.35%",75,4.35,0.0414544607599511
2026-03-17,2024-10-16,"4.60%",100,4.6,0.0162814045168063
2026-03-17,2024-10-16,"4.85%",125,4.85,0
2026-03-17,2024-10-16,"5.10%",150,5.1,0
2026-03-17,2024-10-16,"5.35%",175,5.35,0
2026-03-17,2024-10-16,"5.60%",200,5.6,0
2026-03-17,2024-10-16,"5.85%",225,5.85,0
2026-03-17,2024-10-16,"6.10%",250,6.1,0
2026-03-17,2024-10-17,"0.10%",-300,0.1,0
2026-03-17,2024-10-17,"0.35%",-300,0.35,0
2026-03-17,2024-10-17,"0.60%",-300,0.6,0
2026-03-17,2024-10-17,"0.85%",-275,0.85,0
2026-03-17,2024-10-17,"1.10%",-250,1.1,0
2026-03-17,2024-10-17,"1.35%",-225,1.35,0
2026-03-17,2024-10-17,"1.60%",-200,1.6,0
2026-03-17,2024-10-17,"1.85%",-175,1.85,0
2026-03-17,2024-10-17,"2.10%",-150,2.1,0.010399487126847
2026-03-17,2024-10-17,"2.35%",-125,2.35,0.0264561440095948
2026-03-17,2024-10-17,"2.60%",-100,2.6,0.0558082142938325
2026-03-17,2024-10-17,"2.85%",-75,2.85,0.0976212477839727
2026-03-17,2024-10-17,"3.10%",-50,3.1,0.141605051042535
2026-03-17,2024-10-17,"3.35%",-25,3.35,0.170337557293862
2026-03-17,2024-10-17,"3.60%",0,3.6,0.169919777826456
2026-03-17,2024-10-17,"3.85%",25,3.85,0.140565659213665
2026-03-17,2024-10-17,"4.10%",50,4.1,0.0964298816793051
2026-03-17,2024-10-17,"4.35%",75,4.35,0.054856980292529
2026-03-17,2024-10-17,"4.60%",100,4.6,0.0258777430467911
2026-03-17,2024-10-17,"4.85%",125,4.85,0.01012225639061
2026-03-17,2024-10-17,"5.10%",150,5.1,0
2026-03-17,2024-10-17,"5.35%",175,5.35,0
2026-03-17,2024-10-17,"5.60%",200,5.6,0
2026-03-17,2024-10-17,"5.85%",225,5.85,0
2026-03-17,2024-10-17,"6.10%",250,6.1,0
2026-03-17,2024-10-18,"0.10%",-300,0.1,0
2026-03-17,2024-10-18,"0.35%",-300,0.35,0
2026-03-17,2024-10-18,"0.60%",-300,0.6,0
2026-03-17,2024-10-18,"0.85%",-275,0.85,0
2026-03-17,2024-10-18,"1.10%",-250,1.1,0
2026-03-17,2024-10-18,"1.35%",-225,1.35,0
2026-03-17,2024-10-18,"1.60%",-200,1.6,0
2026-03-17,2024-10-18,"1.85%",-175,1.85,0
2026-03-17,2024-10-18,"2.10%",-150,2.1,0.0102614231625098
2026-03-17,2024-10-18,"2.35%",-125,2.35,0.0250456588971819
2026-03-17,2024-10-18,"2.60%",-100,2.6,0.051502818846157
2026-03-17,2024-10-18,"2.85%",-75,2.85,0.0892311101621909
2026-03-17,2024-10-18,"3.10%",-50,3.1,0.13025622949869
2026-03-17,2024-10-18,"3.35%",-25,3.35,0.160208182984338
2026-03-17,2024-10-18,"3.60%",0,3.6,0.166027021355894
2026-03-17,2024-10-18,"3.85%",25,3.85,0.144971096041446
2026-03-17,2024-10-18,"4.10%",50,4.1,0.106657173414863
2026-03-17,2024-10-18,"4.35%",75,4.35,0.0661148405836283
2026-03-17,2024-10-18,"4.60%",100,4.6,0.0345302078779832
2026-03-17,2024-10-18,"4.85%",125,4.85,0.0151942371751192
2026-03-17,2024-10-18,"5.10%",150,5.1,0
2026-03-17,2024-10-18,"5.35%",175,5.35,0
2026-03-17,2024-10-18,"5.60%",200,5.6,0
2026-03-17,2024-10-18,"5.85%",225,5.85,0
2026-03-17,2024-10-18,"6.10%",250,6.1,0
2026-03-17,2024-10-21,"0.10%",-300,0.1,0
2026-03-17,2024-10-21,"0.35%",-300,0.35,0
2026-03-17,2024-10-21,"0.60%",-300,0.6,0
2026-03-17,2024-10-21,"0.85%",-275,0.85,0
2026-03-17,2024-10-21,"1.10%",-250,1.1,0
2026-03-17,2024-10-21,"1.35%",-225,1.35,0
2026-03-17,2024-10-21,"1.60%",-200,1.6,0
2026-03-17,2024-10-21,"1.85%",-175,1.85,0
2026-03-17,2024-10-21,"2.10%",-150,2.1,0.0143851926834403
2026-03-17,2024-10-21,"2.35%",-125,2.35,0.031613152034795
2026-03-17,2024-10-21,"2.60%",-100,2.6,0.059478309280009
2026-03-17,2024-10-21,"2.85%",-75,2.85,0.095806886459262
2026-03-17,2024-10-21,"3.10%",-50,3.1,0.13212612893132
2026-03-17,2024-10-21,"3.35%",-25,3.35,0.156005189795984
2026-03-17,2024-10-21,"3.60%",0,3.6,0.157706669646707
2026-03-17,2024-10-21,"3.85%",25,3.85,0.136496623029014
2026-03-17,2024-10-21,"4.10%",50,4.1,0.101146895899206
2026-03-17,2024-10-21,"4.35%",75,4.35,0.0641708567019385
2026-03-17,2024-10-21,"4.60%",100,4.6,0.0348555110324512
2026-03-17,2024-10-21,"4.85%",125,4.85,0.0162085845058733
2026-03-17,2024-10-21,"5.10%",150,5.1,0
2026-03-17,2024-10-21,"5.35%",175,5.35,0
2026-03-17,2024-10-21,"5.60%",200,5.6,0
2026-03-17,2024-10-21,"5.85%",225,5.85,0
2026-03-17,2024-10-21,"6.10%",250,6.1,0
2026-03-17,2024-10-23,"0.10%",-300,0.1,0
2026-03-17,2024-10-23,"0.35%",-300,0.35,0
2026-03-17,2024-10-23,"0.60%",-300,0.6,0
2026-03-17,2024-10-23,"0.85%",-275,0.85,0
2026-03-17,2024-10-23,"1.10%",-250,1.1,0
2026-03-17,2024-10-23,"1.35%",-225,1.35,0
2026-03-17,2024-10-23,"1.60%",-200,1.6,0
2026-03-17,2024-10-23,"1.85%",-175,1.85,0
2026-03-17,2024-10-23,"2.10%",-150,2.1,0
2026-03-17,2024-10-23,"2.35%",-125,2.35,0.0162631845168339
2026-03-17,2024-10-23,"2.60%",-100,2.6,0.0367069442967604
2026-03-17,2024-10-23,"2.85%",-75,2.85,0.0696891424867126
2026-03-17,2024-10-23,"3.10%",-50,3.1,0.111293123576446
2026-03-17,2024-10-23,"3.35%",-25,3.35,0.149508822994343
2026-03-17,2024-10-23,"3.60%",0,3.6,0.168953153374765
2026-03-17,2024-10-23,"3.85%",25,3.85,0.160608730062617
2026-03-17,2024-10-23,"4.10%",50,4.1,0.128432333944449
2026-03-17,2024-10-23,"4.35%",75,4.35,0.0863928190741211
2026-03-17,2024-10-23,"4.60%",100,4.6,0.0488845178488636
2026-03-17,2024-10-23,"4.85%",125,4.85,0.0232672278240892
2026-03-17,2024-10-23,"5.10%",150,5.1,0
2026-03-17,2024-10-23,"5.35%",175,5.35,0
2026-03-17,2024-10-23,"5.60%",200,5.6,0
2026-03-17,2024-10-23,"5.85%",225,5.85,0
2026-03-17,2024-10-23,"6.10%",250,6.1,0
2026-03-17,2024-10-24,"0.10%",-300,0.1,0
2026-03-17,2024-10-24,"0.35%",-300,0.35,0
2026-03-17,2024-10-24,"0.60%",-300,0.6,0
2026-03-17,2024-10-24,"0.85%",-275,0.85,0
2026-03-17,2024-10-24,"1.10%",-250,1.1,0
2026-03-17,2024-10-24,"1.35%",-225,1.35,0
2026-03-17,2024-10-24,"1.60%",-200,1.6,0
2026-03-17,2024-10-24,"1.85%",-175,1.85,0
2026-03-17,2024-10-24,"2.10%",-150,2.1,0
2026-03-17,2024-10-24,"2.35%",-125,2.35,0.0104526178950668
2026-03-17,2024-10-24,"2.60%",-100,2.6,0.0285327023587243
2026-03-17,2024-10-24,"2.85%",-75,2.85,0.0628609276550439
2026-03-17,2024-10-24,"3.10%",-50,3.1,0.111780684192247
2026-03-17,2024-10-24,"3.35%",-25,3.35,0.160443366707539
2026-03-17,2024-10-24,"3.60%",0,3.6,0.185891336080202
2026-03-17,2024-10-24,"3.85%",25,3.85,0.173853884536464
2026-03-17,2024-10-24,"4.10%",50,4.1,0.131248702048329
2026-03-17,2024-10-24,"4.35%",75,4.35,0.0799798476978169
2026-03-17,2024-10-24,"4.60%",100,4.6,0.0393389652388293
2026-03-17,2024-10-24,"4.85%",125,4.85,0.0156169655897383
2026-03-17,2024-10-24,"5.10%",150,5.1,0
2026-03-17,2024-10-24,"5.35%",175,5.35,0
2026-03-17,2024-10-24,"5.60%",200,5.6,0
2026-03-17,2024-10-24,"5.85%",225,5.85,0
2026-03-17,2024-10-24,"6.10%",250,6.1,0
2026-03-17,2024-10-25,"0.10%",-300,0.1,0
2026-03-17,2024-10-25,"0.35%",-300,0.35,0
2026-03-17,2024-10-25,"0.60%",-300,0.6,0
2026-03-17,2024-10-25,"0.85%",-275,0.85,0
2026-03-17,2024-10-25,"1.10%",-250,1.1,0
2026-03-17,2024-10-25,"1.35%",-225,1.35,0
2026-03-17,2024-10-25,"1.60%",-200,1.6,0
2026-03-17,2024-10-25,"1.85%",-175,1.85,0
2026-03-17,2024-10-25,"2.10%",-150,2.1,0
2026-03-17,2024-10-25,"2.35%",-125,2.35,0.0211169959447658
2026-03-17,2024-10-25,"2.60%",-100,2.6,0.0449034347578618
2026-03-17,2024-10-25,"2.85%",-75,2.85,0.0805728950012633
2026-03-17,2024-10-25,"3.10%",-50,3.1,0.122003087898725
2026-03-17,2024-10-25,"3.35%",-25,3.35,0.155895169005666
2026-03-17,2024-10-25,"3.60%",0,3.6,0.168104353765876
2026-03-17,2024-10-25,"3.85%",25,3.85,0.152971710504265
2026-03-17,2024-10-25,"4.10%",50,4.1,0.117470118404392
2026-03-17,2024-10-25,"4.35%",75,4.35,0.0761242416120141
2026-03-17,2024-10-25,"4.60%",100,4.6,0.0416284246299812
2026-03-17,2024-10-25,"4.85%",125,4.85,0.0192095684751885
2026-03-17,2024-10-25,"5.10%",150,5.1,0
2026-03-17,2024-10-25,"5.35%",175,5.35,0
2026-03-17,2024-10-25,"5.60%",200,5.6,0
2026-03-17,2024-10-25,"5.85%",225,5.85,0
2026-03-17,2024-10-25,"6.10%",250,6.1,0
2026-03-17,2024-10-28,"0.10%",-300,0.1,0
2026-03-17,2024-10-28,"0.35%",-300,0.35,0
2026-03-17,2024-10-28,"0.60%",-300,0.6,0
2026-03-17,2024-10-28,"0.85%",-275,0.85,0
2026-03-17,2024-10-28,"1.10%",-250,1.1,0
2026-03-17,2024-10-28,"1.35%",-225,1.35,0
2026-03-17,2024-10-28,"1.60%",-200,1.6,0
2026-03-17,2024-10-28,"1.85%",-175,1.85,0
2026-03-17,2024-10-28,"2.10%",-150,2.1,0
2026-03-17,2024-10-28,"2.35%",-125,2.35,0.017178244836693
2026-03-17,2024-10-28,"2.60%",-100,2.6,0.0378727151677283
2026-03-17,2024-10-28,"2.85%",-75,2.85,0.0705870369373512
2026-03-17,2024-10-28,"3.10%",-50,3.1,0.111220557619857
2026-03-17,2024-10-28,"3.35%",-25,3.35,0.148154468845531
2026-03-17,2024-10-28,"3.60%",0,3.6,0.166847263678573
2026-03-17,2024-10-28,"3.85%",25,3.85,0.158854740882007
2026-03-17,2024-10-28,"4.10%",50,4.1,0.127866611800017
2026-03-17,2024-10-28,"4.35%",75,4.35,0.0870134059704714
2026-03-17,2024-10-28,"4.60%",100,4.6,0.0500588005115503
2026-03-17,2024-10-28,"4.85%",125,4.85,0.0243461537502208
2026-03-17,2024-10-28,"5.10%",150,5.1,0
2026-03-17,2024-10-28,"5.35%",175,5.35,0
2026-03-17,2024-10-28,"5.60%",200,5.6,0
2026-03-17,2024-10-28,"5.85%",225,5.85,0
2026-03-17,2024-10-28,"6.10%",250,6.1,0
2026-03-17,2024-10-29,"0.10%",-300,0.1,0
2026-03-17,2024-10-29,"0.35%",-300,0.35,0
2026-03-17,2024-10-29,"0.60%",-300,0.6,0
2026-03-17,2024-10-29,"0.85%",-275,0.85,0
2026-03-17,2024-10-29,"1.10%",-250,1.1,0
2026-03-17,2024-10-29,"1.35%",-225,1.35,0
2026-03-17,2024-10-29,"1.60%",-200,1.6,0
2026-03-17,2024-10-29,"1.85%",-175,1.85,0
2026-03-17,2024-10-29,"2.10%",-150,2.1,0
2026-03-17,2024-10-29,"2.35%",-125,2.35,0.0163447979775078
2026-03-17,2024-10-29,"2.60%",-100,2.6,0.0372696871187837
2026-03-17,2024-10-29,"2.85%",-75,2.85,0.0711716895840178
2026-03-17,2024-10-29,"3.10%",-50,3.1,0.113827522826538
2026-03-17,2024-10-29,"3.35%",-25,3.35,0.152470373575783
2026-03-17,2024-10-29,"3.60%",0,3.6,0.171051904337594
2026-03-17,2024-10-29,"3.85%",25,3.85,0.160722635625784
2026-03-17,2024-10-29,"4.10%",50,4.1,0.126482823621352
2026-03-17,2024-10-29,"4.35%",75,4.35,0.083365512365959
2026-03-17,2024-10-29,"4.60%",100,4.6,0.0460185599164502
2026-03-17,2024-10-29,"4.85%",125,4.85,0.0212744930502316
2026-03-17,2024-10-29,"5.10%",150,5.1,0
2026-03-17,2024-10-29,"5.35%",175,5.35,0
2026-03-17,2024-10-29,"5.60%",200,5.6,0
2026-03-17,2024-10-29,"5.85%",225,5.85,0
2026-03-17,2024-10-29,"6.10%",250,6.1,0
2026-03-17,2024-10-30,"0.10%",-300,0.1,0
2026-03-17,2024-10-30,"0.35%",-300,0.35,0
2026-03-17,2024-10-30,"0.60%",-300,0.6,0
2026-03-17,2024-10-30,"0.85%",-275,0.85,0
2026-03-17,2024-10-30,"1.10%",-250,1.1,0
2026-03-17,2024-10-30,"1.35%",-225,1.35,0
2026-03-17,2024-10-30,"1.60%",-200,1.6,0
2026-03-17,2024-10-30,"1.85%",-175,1.85,0
2026-03-17,2024-10-30,"2.10%",-150,2.1,0
2026-03-17,2024-10-30,"2.35%",-125,2.35,0.0163501135110286
2026-03-17,2024-10-30,"2.60%",-100,2.6,0.0361940705014318
2026-03-17,2024-10-30,"2.85%",-75,2.85,0.0678214474074609
2026-03-17,2024-10-30,"3.10%",-50,3.1,0.107577199641036
2026-03-17,2024-10-30,"3.35%",-25,3.35,0.14444578075925
2026-03-17,2024-10-30,"3.60%",0,3.6,0.164182181889842
2026-03-17,2024-10-30,"3.85%",25,3.85,0.15797412078036
2026-03-17,2024-10-30,"4.10%",50,4.1,0.128671973570921
2026-03-17,2024-10-30,"4.35%",75,4.35,0.0887189740979802
2026-03-17,2024-10-30,"4.60%",100,4.6,0.051781806429121
2026-03-17,2024-10-30,"4.85%",125,4.85,0.0255833179045261
2026-03-17,2024-10-30,"5.10%",150,5.1,0.0106990135070423
2026-03-17,2024-10-30,"5.35%",175,5.35,0
2026-03-17,2024-10-30,"5.60%",200,5.6,0
2026-03-17,2024-10-30,"5.85%",225,5.85,0
2026-03-17,2024-10-30,"6.10%",250,6.1,0
2026-03-17,2024-10-31,"0.10%",-300,0.1,0
2026-03-17,2024-10-31,"0.35%",-300,0.35,0
2026-03-17,2024-10-31,"0.60%",-300,0.6,0
2026-03-17,2024-10-31,"0.85%",-275,0.85,0
2026-03-17,2024-10-31,"1.10%",-250,1.1,0
2026-03-17,2024-10-31,"1.35%",-225,1.35,0
2026-03-17,2024-10-31,"1.60%",-200,1.6,0
2026-03-17,2024-10-31,"1.85%",-175,1.85,0
2026-03-17,2024-10-31,"2.10%",-150,2.1,0
2026-03-17,2024-10-31,"2.35%",-125,2.35,0
2026-03-17,2024-10-31,"2.60%",-100,2.6,0.024523068595066
2026-03-17,2024-10-31,"2.85%",-75,2.85,0.0537813294624544
2026-03-17,2024-10-31,"3.10%",-50,3.1,0.0970461721602032
2026-03-17,2024-10-31,"3.35%",-25,3.35,0.14408923758239
2026-03-17,2024-10-31,"3.60%",0,3.6,0.176036159088757
2026-03-17,2024-10-31,"3.85%",25,3.85,0.176968118210991
2026-03-17,2024-10-31,"4.10%",50,4.1,0.146389907898238
2026-03-17,2024-10-31,"4.35%",75,4.35,0.0996425633306691
2026-03-17,2024-10-31,"4.60%",100,4.6,0.0558066084089042
2026-03-17,2024-10-31,"4.85%",125,4.85,0.0257168352623262
2026-03-17,2024-10-31,"5.10%",150,5.1,0
2026-03-17,2024-10-31,"5.35%",175,5.35,0
2026-03-17,2024-10-31,"5.60%",200,5.6,0
2026-03-17,2024-10-31,"5.85%",225,5.85,0
2026-03-17,2024-10-31,"6.10%",250,6.1,0
2026-03-17,2024-11-01,"0.10%",-300,0.1,0
2026-03-17,2024-11-01,"0.35%",-300,0.35,0
2026-03-17,2024-11-01,"0.60%",-300,0.6,0
2026-03-17,2024-11-01,"0.85%",-275,0.85,0
2026-03-17,2024-11-01,"1.10%",-250,1.1,0
2026-03-17,2024-11-01,"1.35%",-225,1.35,0
2026-03-17,2024-11-01,"1.60%",-200,1.6,0
2026-03-17,2024-11-01,"1.85%",-175,1.85,0
2026-03-17,2024-11-01,"2.10%",-150,2.1,0
2026-03-17,2024-11-01,"2.35%",-125,2.35,0.0127575092232386
2026-03-17,2024-11-01,"2.60%",-100,2.6,0.0296609842023167
2026-03-17,2024-11-01,"2.85%",-75,2.85,0.0583051221685464
2026-03-17,2024-11-01,"3.10%",-50,3.1,0.0969038262289742
2026-03-17,2024-11-01,"3.35%",-25,3.35,0.136174894543486
2026-03-17,2024-11-01,"3.60%",0,3.6,0.161800949735172
2026-03-17,2024-11-01,"3.85%",25,3.85,0.162553393040079
2026-03-17,2024-11-01,"4.10%",50,4.1,0.138083583111855
2026-03-17,2024-11-01,"4.35%",75,4.35,0.0991781949270187
2026-03-17,2024-11-01,"4.60%",100,4.6,0.0602299724713913
2026-03-17,2024-11-01,"4.85%",125,4.85,0.0309259290342965
2026-03-17,2024-11-01,"5.10%",150,5.1,0.0134256413136257
2026-03-17,2024-11-01,"5.35%",175,5.35,0
2026-03-17,2024-11-01,"5.60%",200,5.6,0
2026-03-17,2024-11-01,"5.85%",225,5.85,0
2026-03-17,2024-11-01,"6.10%",250,6.1,0
2026-03-17,2024-11-04,"0.10%",-300,0.1,0
2026-03-17,2024-11-04,"0.35%",-300,0.35,0
2026-03-17,2024-11-04,"0.60%",-300,0.6,0
2026-03-17,2024-11-04,"0.85%",-275,0.85,0
2026-03-17,2024-11-04,"1.10%",-250,1.1,0
2026-03-17,2024-11-04,"1.35%",-225,1.35,0
2026-03-17,2024-11-04,"1.60%",-200,1.6,0
2026-03-17,2024-11-04,"1.85%",-175,1.85,0
2026-03-17,2024-11-04,"2.10%",-150,2.1,0
2026-03-17,2024-11-04,"2.35%",-125,2.35,0.0164653553801418
2026-03-17,2024-11-04,"2.60%",-100,2.6,0.0354641269347607
2026-03-17,2024-11-04,"2.85%",-75,2.85,0.0652879910696239
2026-03-17,2024-11-04,"3.10%",-50,3.1,0.102733432180204
2026-03-17,2024-11-04,"3.35%",-25,3.35,0.1381755545765
2026-03-17,2024-11-04,"3.60%",0,3.6,0.158853149747018
2026-03-17,2024-11-04,"3.85%",25,3.85,0.156101709633477
2026-03-17,2024-11-04,"4.10%",50,4.1,0.131119248074365
2026-03-17,2024-11-04,"4.35%",75,4.35,0.0941390212363443
2026-03-17,2024-11-04,"4.60%",100,4.6,0.0577713587205833
2026-03-17,2024-11-04,"4.85%",125,4.85,0.0303031804519008
2026-03-17,2024-11-04,"5.10%",150,5.1,0.0135858719950815
2026-03-17,2024-11-04,"5.35%",175,5.35,0
2026-03-17,2024-11-04,"5.60%",200,5.6,0
2026-03-17,2024-11-04,"5.85%",225,5.85,0
2026-03-17,2024-11-04,"6.10%",250,6.1,0
2026-03-17,2024-11-05,"0.10%",-300,0.1,0
2026-03-17,2024-11-05,"0.35%",-300,0.35,0
2026-03-17,2024-11-05,"0.60%",-300,0.6,0
2026-03-17,2024-11-05,"0.85%",-275,0.85,0
2026-03-17,2024-11-05,"1.10%",-250,1.1,0
2026-03-17,2024-11-05,"1.35%",-225,1.35,0
2026-03-17,2024-11-05,"1.60%",-200,1.6,0
2026-03-17,2024-11-05,"1.85%",-175,1.85,0
2026-03-17,2024-11-05,"2.10%",-150,2.1,0
2026-03-17,2024-11-05,"2.35%",-125,2.35,0
2026-03-17,2024-11-05,"2.60%",-100,2.6,0.0228778163475022
2026-03-17,2024-11-05,"2.85%",-75,2.85,0.0506558924936134
2026-03-17,2024-11-05,"3.10%",-50,3.1,0.0924213456731675
2026-03-17,2024-11-05,"3.35%",-25,3.35,0.138949673613199
2026-03-17,2024-11-05,"3.60%",0,3.6,0.172145919431326
2026-03-17,2024-11-05,"3.85%",25,3.85,0.175750166407836
2026-03-17,2024-11-05,"4.10%",50,4.1,0.147861509675178
2026-03-17,2024-11-05,"4.35%",75,4.35,0.10251093144488
2026-03-17,2024-11-05,"4.60%",100,4.6,0.0585640280754266
2026-03-17,2024-11-05,"4.85%",125,4.85,0.027569091227259
2026-03-17,2024-11-05,"5.10%",150,5.1,0.0106936256106128
2026-03-17,2024-11-05,"5.35%",175,5.35,0
2026-03-17,2024-11-05,"5.60%",200,5.6,0
2026-03-17,2024-11-05,"5.85%",225,5.85,0
2026-03-17,2024-11-05,"6.10%",250,6.1,0
2026-03-17,2024-11-06,"0.10%",-300,0.1,0
2026-03-17,2024-11-06,"0.35%",-300,0.35,0
2026-03-17,2024-11-06,"0.60%",-300,0.6,0
2026-03-17,2024-11-06,"0.85%",-275,0.85,0
2026-03-17,2024-11-06,"1.10%",-250,1.1,0
2026-03-17,2024-11-06,"1.35%",-225,1.35,0
2026-03-17,2024-11-06,"1.60%",-200,1.6,0
2026-03-17,2024-11-06,"1.85%",-175,1.85,0
2026-03-17,2024-11-06,"2.10%",-150,2.1,0
2026-03-17,2024-11-06,"2.35%",-125,2.35,0
2026-03-17,2024-11-06,"2.60%",-100,2.6,0.0187667003434994
2026-03-17,2024-11-06,"2.85%",-75,2.85,0.0430728179718795
2026-03-17,2024-11-06,"3.10%",-50,3.1,0.0816577077891718
2026-03-17,2024-11-06,"3.35%",-25,3.35,0.127875088183365
2026-03-17,2024-11-06,"3.60%",0,3.6,0.165417409028904
2026-03-17,2024-11-06,"3.85%",25,3.85,0.176762340893636
2026-03-17,2024-11-06,"4.10%",50,4.1,0.156031860419204
2026-03-17,2024-11-06,"4.35%",75,4.35,0.113775447878039
2026-03-17,2024-11-06,"4.60%",100,4.6,0.0685310330818437
2026-03-17,2024-11-06,"4.85%",125,4.85,0.034097014963346
2026-03-17,2024-11-06,"5.10%",150,5.1,0.0140125794471121
2026-03-17,2024-11-06,"5.35%",175,5.35,0
2026-03-17,2024-11-06,"5.60%",200,5.6,0
2026-03-17,2024-11-06,"5.85%",225,5.85,0
2026-03-17,2024-11-06,"6.10%",250,6.1,0
2026-03-17,2024-11-07,"0.10%",-300,0.1,0
2026-03-17,2024-11-07,"0.35%",-300,0.35,0
2026-03-17,2024-11-07,"0.60%",-300,0.6,0
2026-03-17,2024-11-07,"0.85%",-275,0.85,0
2026-03-17,2024-11-07,"1.10%",-250,1.1,0
2026-03-17,2024-11-07,"1.35%",-225,1.35,0
2026-03-17,2024-11-07,"1.60%",-200,1.6,0
2026-03-17,2024-11-07,"1.85%",-175,1.85,0
2026-03-17,2024-11-07,"2.10%",-150,2.1,0
2026-03-17,2024-11-07,"2.35%",-125,2.35,0
2026-03-17,2024-11-07,"2.60%",-100,2.6,0.016098395440522
2026-03-17,2024-11-07,"2.85%",-75,2.85,0.0404565995038307
2026-03-17,2024-11-07,"3.10%",-50,3.1,0.0819944117482433
2026-03-17,2024-11-07,"3.35%",-25,3.35,0.134027170866828
2026-03-17,2024-11-07,"3.60%",0,3.6,0.176698703131283
2026-03-17,2024-11-07,"3.85%",25,3.85,0.187895406859562
2026-03-17,2024-11-07,"4.10%",50,4.1,0.161154922366096
2026-03-17,2024-11-07,"4.35%",75,4.35,0.111483298440157
2026-03-17,2024-11-07,"4.60%",100,4.6,0.0622015350899378
2026-03-17,2024-11-07,"4.85%",125,4.85,0.0279895565535394
2026-03-17,2024-11-07,"5.10%",150,5.1,0
2026-03-17,2024-11-07,"5.35%",175,5.35,0
2026-03-17,2024-11-07,"5.60%",200,5.6,0
2026-03-17,2024-11-07,"5.85%",225,5.85,0
2026-03-17,2024-11-07,"6.10%",250,6.1,0
2026-03-17,2024-11-08,"0.10%",-300,0.1,0
2026-03-17,2024-11-08,"0.35%",-300,0.35,0
2026-03-17,2024-11-08,"0.60%",-300,0.6,0
2026-03-17,2024-11-08,"0.85%",-275,0.85,0
2026-03-17,2024-11-08,"1.10%",-250,1.1,0
2026-03-17,2024-11-08,"1.35%",-225,1.35,0
2026-03-17,2024-11-08,"1.60%",-200,1.6,0
2026-03-17,2024-11-08,"1.85%",-175,1.85,0
2026-03-17,2024-11-08,"2.10%",-150,2.1,0
2026-03-17,2024-11-08,"2.35%",-125,2.35,0
2026-03-17,2024-11-08,"2.60%",-100,2.6,0.016551164513069
2026-03-17,2024-11-08,"2.85%",-75,2.85,0.0428173017990328
2026-03-17,2024-11-08,"3.10%",-50,3.1,0.0879620960024444
2026-03-17,2024-11-08,"3.35%",-25,3.35,0.143512448917497
2026-03-17,2024-11-08,"3.60%",0,3.6,0.185961784504983
2026-03-17,2024-11-08,"3.85%",25,3.85,0.191385917274449
2026-03-17,2024-11-08,"4.10%",50,4.1,0.156440694394312
2026-03-17,2024-11-08,"4.35%",75,4.35,0.101562551710748
2026-03-17,2024-11-08,"4.60%",100,4.6,0.0523650760988625
2026-03-17,2024-11-08,"4.85%",125,4.85,0.021440964784602
2026-03-17,2024-11-08,"5.10%",150,5.1,0
2026-03-17,2024-11-08,"5.35%",175,5.35,0
2026-03-17,2024-11-08,"5.60%",200,5.6,0
2026-03-17,2024-11-08,"5.85%",225,5.85,0
2026-03-17,2024-11-08,"6.10%",250,6.1,0
2026-03-17,2024-11-12,"0.10%",-300,0.1,0
2026-03-17,2024-11-12,"0.35%",-300,0.35,0
2026-03-17,2024-11-12,"0.60%",-300,0.6,0
2026-03-17,2024-11-12,"0.85%",-275,0.85,0
2026-03-17,2024-11-12,"1.10%",-250,1.1,0
2026-03-17,2024-11-12,"1.35%",-225,1.35,0
2026-03-17,2024-11-12,"1.60%",-200,1.6,0
2026-03-17,2024-11-12,"1.85%",-175,1.85,0
2026-03-17,2024-11-12,"2.10%",-150,2.1,0
2026-03-17,2024-11-12,"2.35%",-125,2.35,0
2026-03-17,2024-11-12,"2.60%",-100,2.6,0.0113615643211547
2026-03-17,2024-11-12,"2.85%",-75,2.85,0.0330409268876496
2026-03-17,2024-11-12,"3.10%",-50,3.1,0.0750580682157954
2026-03-17,2024-11-12,"3.35%",-25,3.35,0.133204323040861
2026-03-17,2024-11-12,"3.60%",0,3.6,0.18469160924675
2026-03-17,2024-11-12,"3.85%",25,3.85,0.200079484196568
2026-03-17,2024-11-12,"4.10%",50,4.1,0.169351521514185
2026-03-17,2024-11-12,"4.35%",75,4.35,0.111994636663262
2026-03-17,2024-11-12,"4.60%",100,4.6,0.0578633352771597
2026-03-17,2024-11-12,"4.85%",125,4.85,0.0233545306366147
2026-03-17,2024-11-12,"5.10%",150,5.1,0
2026-03-17,2024-11-12,"5.35%",175,5.35,0
2026-03-17,2024-11-12,"5.60%",200,5.6,0
2026-03-17,2024-11-12,"5.85%",225,5.85,0
2026-03-17,2024-11-12,"6.10%",250,6.1,0
2026-03-17,2024-11-13,"0.10%",-300,0.1,0
2026-03-17,2024-11-13,"0.35%",-300,0.35,0
2026-03-17,2024-11-13,"0.60%",-300,0.6,0
2026-03-17,2024-11-13,"0.85%",-275,0.85,0
2026-03-17,2024-11-13,"1.10%",-250,1.1,0
2026-03-17,2024-11-13,"1.35%",-225,1.35,0
2026-03-17,2024-11-13,"1.60%",-200,1.6,0
2026-03-17,2024-11-13,"1.85%",-175,1.85,0
2026-03-17,2024-11-13,"2.10%",-150,2.1,0
2026-03-17,2024-11-13,"2.35%",-125,2.35,0
2026-03-17,2024-11-13,"2.60%",-100,2.6,0.0116287263687644
2026-03-17,2024-11-13,"2.85%",-75,2.85,0.0300995707353818
2026-03-17,2024-11-13,"3.10%",-50,3.1,0.0637001007995272
2026-03-17,2024-11-13,"3.35%",-25,3.35,0.110228458960064
2026-03-17,2024-11-13,"3.60%",0,3.6,0.155968782767389
2026-03-17,2024-11-13,"3.85%",25,3.85,0.180460675283866
2026-03-17,2024-11-13,"4.10%",50,4.1,0.170739073232732
2026-03-17,2024-11-13,"4.35%",75,4.35,0.132095188025279
2026-03-17,2024-11-13,"4.60%",100,4.6,0.0835674069506629
2026-03-17,2024-11-13,"4.85%",125,4.85,0.043228364175811
2026-03-17,2024-11-13,"5.10%",150,5.1,0.0182836527005234
2026-03-17,2024-11-13,"5.35%",175,5.35,0
2026-03-17,2024-11-13,"5.60%",200,5.6,0
2026-03-17,2024-11-13,"5.85%",225,5.85,0
2026-03-17,2024-11-13,"6.10%",250,6.1,0
2026-03-17,2024-11-14,"0.10%",-300,0.1,0
2026-03-17,2024-11-14,"0.35%",-300,0.35,0
2026-03-17,2024-11-14,"0.60%",-300,0.6,0
2026-03-17,2024-11-14,"0.85%",-275,0.85,0
2026-03-17,2024-11-14,"1.10%",-250,1.1,0
2026-03-17,2024-11-14,"1.35%",-225,1.35,0
2026-03-17,2024-11-14,"1.60%",-200,1.6,0
2026-03-17,2024-11-14,"1.85%",-175,1.85,0
2026-03-17,2024-11-14,"2.10%",-150,2.1,0
2026-03-17,2024-11-14,"2.35%",-125,2.35,0
2026-03-17,2024-11-14,"2.60%",-100,2.6,0.0162674093189359
2026-03-17,2024-11-14,"2.85%",-75,2.85,0.0376843227917091
2026-03-17,2024-11-14,"3.10%",-50,3.1,0.0726810007795591
2026-03-17,2024-11-14,"3.35%",-25,3.35,0.116711503317238
2026-03-17,2024-11-14,"3.60%",0,3.6,0.156044979057696
2026-03-17,2024-11-14,"3.85%",25,3.85,0.173714471626902
2026-03-17,2024-11-14,"4.10%",50,4.1,0.161018119698907
2026-03-17,2024-11-14,"4.35%",75,4.35,0.124269426072726
2026-03-17,2024-11-14,"4.60%",100,4.6,0.0798543625326353
2026-03-17,2024-11-14,"4.85%",125,4.85,0.0427235876713728
2026-03-17,2024-11-14,"5.10%",150,5.1,0.019030817132319
2026-03-17,2024-11-14,"5.35%",175,5.35,0
2026-03-17,2024-11-14,"5.60%",200,5.6,0
2026-03-17,2024-11-14,"5.85%",225,5.85,0
2026-03-17,2024-11-14,"6.10%",250,6.1,0
2026-03-17,2024-11-15,"0.10%",-300,0.1,0
2026-03-17,2024-11-15,"0.35%",-300,0.35,0
2026-03-17,2024-11-15,"0.60%",-300,0.6,0
2026-03-17,2024-11-15,"0.85%",-275,0.85,0
2026-03-17,2024-11-15,"1.10%",-250,1.1,0
2026-03-17,2024-11-15,"1.35%",-225,1.35,0
2026-03-17,2024-11-15,"1.60%",-200,1.6,0
2026-03-17,2024-11-15,"1.85%",-175,1.85,0
2026-03-17,2024-11-15,"2.10%",-150,2.1,0
2026-03-17,2024-11-15,"2.35%",-125,2.35,0
2026-03-17,2024-11-15,"2.60%",-100,2.6,0.0189911158314708
2026-03-17,2024-11-15,"2.85%",-75,2.85,0.0429785512890541
2026-03-17,2024-11-15,"3.10%",-50,3.1,0.0807271139920803
2026-03-17,2024-11-15,"3.35%",-25,3.35,0.125854385790149
2026-03-17,2024-11-15,"3.60%",0,3.6,0.16285804928999
2026-03-17,2024-11-15,"3.85%",25,3.85,0.17492356088213
2026-03-17,2024-11-15,"4.10%",50,4.1,0.155950705013276
2026-03-17,2024-11-15,"4.35%",75,4.35,0.115404707928854
2026-03-17,2024-11-15,"4.60%",100,4.6,0.0708842194733659
2026-03-17,2024-11-15,"4.85%",125,4.85,0.036137139492447
2026-03-17,2024-11-15,"5.10%",150,5.1,0.0152904510171831
2026-03-17,2024-11-15,"5.35%",175,5.35,0
2026-03-17,2024-11-15,"5.60%",200,5.6,0
2026-03-17,2024-11-15,"5.85%",225,5.85,0
2026-03-17,2024-11-15,"6.10%",250,6.1,0
2026-03-17,2024-11-19,"0.10%",-300,0.1,0
2026-03-17,2024-11-19,"0.35%",-300,0.35,0
2026-03-17,2024-11-19,"0.60%",-300,0.6,0
2026-03-17,2024-11-19,"0.85%",-275,0.85,0
2026-03-17,2024-11-19,"1.10%",-250,1.1,0
2026-03-17,2024-11-19,"1.35%",-225,1.35,0
2026-03-17,2024-11-19,"1.60%",-200,1.6,0
2026-03-17,2024-11-19,"1.85%",-175,1.85,0
2026-03-17,2024-11-19,"2.10%",-150,2.1,0
2026-03-17,2024-11-19,"2.35%",-125,2.35,0
2026-03-17,2024-11-19,"2.60%",-100,2.6,0.0214303670877081
2026-03-17,2024-11-19,"2.85%",-75,2.85,0.0502384438559057
2026-03-17,2024-11-19,"3.10%",-50,3.1,0.0953109474810508
2026-03-17,2024-11-19,"3.35%",-25,3.35,0.146342915353841
2026-03-17,2024-11-19,"3.60%",0,3.6,0.181860387111399
2026-03-17,2024-11-19,"3.85%",25,3.85,0.182915198846537
2026-03-17,2024-11-19,"4.10%",50,4.1,0.148904203320733
2026-03-17,2024-11-19,"4.35%",75,4.35,0.0981075054868051
2026-03-17,2024-11-19,"4.60%",100,4.6,0.0523143500285844
2026-03-17,2024-11-19,"4.85%",125,4.85,0.0225756814274352
2026-03-17,2024-11-19,"5.10%",150,5.1,0
2026-03-17,2024-11-19,"5.35%",175,5.35,0
2026-03-17,2024-11-19,"5.60%",200,5.6,0
2026-03-17,2024-11-19,"5.85%",225,5.85,0
2026-03-17,2024-11-19,"6.10%",250,6.1,0
2026-03-17,2024-11-21,"0.10%",-300,0.1,0
2026-03-17,2024-11-21,"0.35%",-300,0.35,0
2026-03-17,2024-11-21,"0.60%",-300,0.6,0
2026-03-17,2024-11-21,"0.85%",-275,0.85,0
2026-03-17,2024-11-21,"1.10%",-250,1.1,0
2026-03-17,2024-11-21,"1.35%",-225,1.35,0
2026-03-17,2024-11-21,"1.60%",-200,1.6,0
2026-03-17,2024-11-21,"1.85%",-175,1.85,0
2026-03-17,2024-11-21,"2.10%",-150,2.1,0
2026-03-17,2024-11-21,"2.35%",-125,2.35,0
2026-03-17,2024-11-21,"2.60%",-100,2.6,0.0162260660799454
2026-03-17,2024-11-21,"2.85%",-75,2.85,0.0408219551125326
2026-03-17,2024-11-21,"3.10%",-50,3.1,0.0827257947122949
2026-03-17,2024-11-21,"3.35%",-25,3.35,0.135045693792818
2026-03-17,2024-11-21,"3.60%",0,3.6,0.177595370320297
2026-03-17,2024-11-21,"3.85%",25,3.85,0.188149948613241
2026-03-17,2024-11-21,"4.10%",50,4.1,0.16058328918435
2026-03-17,2024-11-21,"4.35%",75,4.35,0.110411498077205
2026-03-17,2024-11-21,"4.60%",100,4.6,0.0611549672259981
2026-03-17,2024-11-21,"4.85%",125,4.85,0.0272854168813172
2026-03-17,2024-11-21,"5.10%",150,5.1,0
2026-03-17,2024-11-21,"5.35%",175,5.35,0
2026-03-17,2024-11-21,"5.60%",200,5.6,0
2026-03-17,2024-11-21,"5.85%",225,5.85,0
2026-03-17,2024-11-21,"6.10%",250,6.1,0
2026-03-17,2024-11-25,"0.10%",-300,0.1,0
2026-03-17,2024-11-25,"0.35%",-300,0.35,0
2026-03-17,2024-11-25,"0.60%",-300,0.6,0
2026-03-17,2024-11-25,"0.85%",-275,0.85,0
2026-03-17,2024-11-25,"1.10%",-250,1.1,0
2026-03-17,2024-11-25,"1.35%",-225,1.35,0
2026-03-17,2024-11-25,"1.60%",-200,1.6,0
2026-03-17,2024-11-25,"1.85%",-175,1.85,0
2026-03-17,2024-11-25,"2.10%",-150,2.1,0
2026-03-17,2024-11-25,"2.35%",-125,2.35,0
2026-03-17,2024-11-25,"2.60%",-100,2.6,0.017146802468112
2026-03-17,2024-11-25,"2.85%",-75,2.85,0.0438230713663597
2026-03-17,2024-11-25,"3.10%",-50,3.1,0.0891209207807166
2026-03-17,2024-11-25,"3.35%",-25,3.35,0.144226363353598
2026-03-17,2024-11-25,"3.60%",0,3.6,0.185745897922094
2026-03-17,2024-11-25,"3.85%",25,3.85,0.19037715417958
2026-03-17,2024-11-25,"4.10%",50,4.1,0.155286094987535
2026-03-17,2024-11-25,"4.35%",75,4.35,0.100800624889218
2026-03-17,2024-11-25,"4.60%",100,4.6,0.0520699868120264
2026-03-17,2024-11-25,"4.85%",125,4.85,0.0214030832407605
2026-03-17,2024-11-25,"5.10%",150,5.1,0
2026-03-17,2024-11-25,"5.35%",175,5.35,0
2026-03-17,2024-11-25,"5.60%",200,5.6,0
2026-03-17,2024-11-25,"5.85%",225,5.85,0
2026-03-17,2024-11-25,"6.10%",250,6.1,0
2026-03-17,2024-11-26,"0.10%",-300,0.1,0
2026-03-17,2024-11-26,"0.35%",-300,0.35,0
2026-03-17,2024-11-26,"0.60%",-300,0.6,0
2026-03-17,2024-11-26,"0.85%",-275,0.85,0
2026-03-17,2024-11-26,"1.10%",-250,1.1,0
2026-03-17,2024-11-26,"1.35%",-225,1.35,0
2026-03-17,2024-11-26,"1.60%",-200,1.6,0
2026-03-17,2024-11-26,"1.85%",-175,1.85,0
2026-03-17,2024-11-26,"2.10%",-150,2.1,0
2026-03-17,2024-11-26,"2.35%",-125,2.35,0
2026-03-17,2024-11-26,"2.60%",-100,2.6,0.0164130886984793
2026-03-17,2024-11-26,"2.85%",-75,2.85,0.043301983757554
2026-03-17,2024-11-26,"3.10%",-50,3.1,0.0899930605165877
2026-03-17,2024-11-26,"3.35%",-25,3.35,0.147343263087964
2026-03-17,2024-11-26,"3.60%",0,3.6,0.190062576983634
2026-03-17,2024-11-26,"3.85%",25,3.85,0.193161748100226
2026-03-17,2024-11-26,"4.10%",50,4.1,0.154669493135107
2026-03-17,2024-11-26,"4.35%",75,4.35,0.0975743698981975
2026-03-17,2024-11-26,"4.60%",100,4.6,0.0484943291502795
2026-03-17,2024-11-26,"4.85%",125,4.85,0.0189860866719706
2026-03-17,2024-11-26,"5.10%",150,5.1,0
2026-03-17,2024-11-26,"5.35%",175,5.35,0
2026-03-17,2024-11-26,"5.60%",200,5.6,0
2026-03-17,2024-11-26,"5.85%",225,5.85,0
2026-03-17,2024-11-26,"6.10%",250,6.1,0
2026-03-17,2024-11-27,"0.10%",-300,0.1,0
2026-03-17,2024-11-27,"0.35%",-300,0.35,0
2026-03-17,2024-11-27,"0.60%",-300,0.6,0
2026-03-17,2024-11-27,"0.85%",-275,0.85,0
2026-03-17,2024-11-27,"1.10%",-250,1.1,0
2026-03-17,2024-11-27,"1.35%",-225,1.35,0
2026-03-17,2024-11-27,"1.60%",-200,1.6,0
2026-03-17,2024-11-27,"1.85%",-175,1.85,0
2026-03-17,2024-11-27,"2.10%",-150,2.1,0
2026-03-17,2024-11-27,"2.35%",-125,2.35,0
2026-03-17,2024-11-27,"2.60%",-100,2.6,0.0112892455527975
2026-03-17,2024-11-27,"2.85%",-75,2.85,0.0370907310809016
2026-03-17,2024-11-27,"3.10%",-50,3.1,0.0901421374871188
2026-03-17,2024-11-27,"3.35%",-25,3.35,0.162084082313543
2026-03-17,2024-11-27,"3.60%",0,3.6,0.215656848092239
2026-03-17,2024-11-27,"3.85%",25,3.85,0.212337405510959
2026-03-17,2024-11-27,"4.10%",50,4.1,0.154713597724427
2026-03-17,2024-11-27,"4.35%",75,4.35,0.0834134316936281
2026-03-17,2024-11-27,"4.60%",100,4.6,0.0332725205443856
2026-03-17,2024-11-27,"4.85%",125,4.85,0
2026-03-17,2024-11-27,"5.10%",150,5.1,0
2026-03-17,2024-11-27,"5.35%",175,5.35,0
2026-03-17,2024-11-27,"5.60%",200,5.6,0
2026-03-17,2024-11-27,"5.85%",225,5.85,0
2026-03-17,2024-11-27,"6.10%",250,6.1,0
2026-03-17,2024-11-28,"0.10%",-300,0.1,0
2026-03-17,2024-11-28,"0.35%",-300,0.35,0
2026-03-17,2024-11-28,"0.60%",-300,0.6,0
2026-03-17,2024-11-28,"0.85%",-275,0.85,0
2026-03-17,2024-11-28,"1.10%",-250,1.1,0
2026-03-17,2024-11-28,"1.35%",-225,1.35,0
2026-03-17,2024-11-28,"1.60%",-200,1.6,0
2026-03-17,2024-11-28,"1.85%",-175,1.85,0
2026-03-17,2024-11-28,"2.10%",-150,2.1,0
2026-03-17,2024-11-28,"2.35%",-125,2.35,0
2026-03-17,2024-11-28,"2.60%",-100,2.6,0.0203452154357
2026-03-17,2024-11-28,"2.85%",-75,2.85,0.0539534101748009
2026-03-17,2024-11-28,"3.10%",-50,3.1,0.109979310029171
2026-03-17,2024-11-28,"3.35%",-25,3.35,0.172340075352538
2026-03-17,2024-11-28,"3.60%",0,3.6,0.207623070680648
2026-03-17,2024-11-28,"3.85%",25,3.85,0.192305608720129
2026-03-17,2024-11-28,"4.10%",50,4.1,0.136939883461748
2026-03-17,2024-11-28,"4.35%",75,4.35,0.0749663103405452
2026-03-17,2024-11-28,"4.60%",100,4.6,0.031547115804719
2026-03-17,2024-11-28,"4.85%",125,4.85,0
2026-03-17,2024-11-28,"5.10%",150,5.1,0
2026-03-17,2024-11-28,"5.35%",175,5.35,0
2026-03-17,2024-11-28,"5.60%",200,5.6,0
2026-03-17,2024-11-28,"5.85%",225,5.85,0
2026-03-17,2024-11-28,"6.10%",250,6.1,0
2026-03-17,2024-11-29,"0.10%",-300,0.1,0
2026-03-17,2024-11-29,"0.35%",-300,0.35,0
2026-03-17,2024-11-29,"0.60%",-300,0.6,0
2026-03-17,2024-11-29,"0.85%",-275,0.85,0
2026-03-17,2024-11-29,"1.10%",-250,1.1,0
2026-03-17,2024-11-29,"1.35%",-225,1.35,0
2026-03-17,2024-11-29,"1.60%",-200,1.6,0
2026-03-17,2024-11-29,"1.85%",-175,1.85,0
2026-03-17,2024-11-29,"2.10%",-150,2.1,0
2026-03-17,2024-11-29,"2.35%",-125,2.35,0
2026-03-17,2024-11-29,"2.60%",-100,2.6,0.0208579830249592
2026-03-17,2024-11-29,"2.85%",-75,2.85,0.0539929234187956
2026-03-17,2024-11-29,"3.10%",-50,3.1,0.108274774741794
2026-03-17,2024-11-29,"3.35%",-25,3.35,0.168223340900424
2026-03-17,2024-11-29,"3.60%",0,3.6,0.202507614539228
2026-03-17,2024-11-29,"3.85%",25,3.85,0.188888005406969
2026-03-17,2024-11-29,"4.10%",50,4.1,0.136512018989766
2026-03-17,2024-11-29,"4.35%",75,4.35,0.0764399477565977
2026-03-17,2024-11-29,"4.60%",100,4.6,0.0331601831640935
2026-03-17,2024-11-29,"4.85%",125,4.85,0.011143208057373
2026-03-17,2024-11-29,"5.10%",150,5.1,0
2026-03-17,2024-11-29,"5.35%",175,5.35,0
2026-03-17,2024-11-29,"5.60%",200,5.6,0
2026-03-17,2024-11-29,"5.85%",225,5.85,0
2026-03-17,2024-11-29,"6.10%",250,6.1,0
2026-03-17,2024-12-02,"0.10%",-300,0.1,0
2026-03-17,2024-12-02,"0.35%",-300,0.35,0
2026-03-17,2024-12-02,"0.60%",-300,0.6,0
2026-03-17,2024-12-02,"0.85%",-275,0.85,0
2026-03-17,2024-12-02,"1.10%",-250,1.1,0
2026-03-17,2024-12-02,"1.35%",-225,1.35,0
2026-03-17,2024-12-02,"1.60%",-200,1.6,0
2026-03-17,2024-12-02,"1.85%",-175,1.85,0
2026-03-17,2024-12-02,"2.10%",-150,2.1,0
2026-03-17,2024-12-02,"2.35%",-125,2.35,0
2026-03-17,2024-12-02,"2.60%",-100,2.6,0.0243697056057174
2026-03-17,2024-12-02,"2.85%",-75,2.85,0.0561772977280926
2026-03-17,2024-12-02,"3.10%",-50,3.1,0.104221479187366
2026-03-17,2024-12-02,"3.35%",-25,3.35,0.155619049011611
2026-03-17,2024-12-02,"3.60%",0,3.6,0.187022049241912
2026-03-17,2024-12-02,"3.85%",25,3.85,0.180906648144332
2026-03-17,2024-12-02,"4.10%",50,4.1,0.14084667887688
2026-03-17,2024-12-02,"4.35%",75,4.35,0.0882590756283919
2026-03-17,2024-12-02,"4.60%",100,4.6,0.0445117792537227
2026-03-17,2024-12-02,"4.85%",125,4.85,0.0180662373219751
2026-03-17,2024-12-02,"5.10%",150,5.1,0
2026-03-17,2024-12-02,"5.35%",175,5.35,0
2026-03-17,2024-12-02,"5.60%",200,5.6,0
2026-03-17,2024-12-02,"5.85%",225,5.85,0
2026-03-17,2024-12-02,"6.10%",250,6.1,0
2026-03-17,2024-12-03,"0.10%",-300,0.1,0
2026-03-17,2024-12-03,"0.35%",-300,0.35,0
2026-03-17,2024-12-03,"0.60%",-300,0.6,0
2026-03-17,2024-12-03,"0.85%",-275,0.85,0
2026-03-17,2024-12-03,"1.10%",-250,1.1,0
2026-03-17,2024-12-03,"1.35%",-225,1.35,0
2026-03-17,2024-12-03,"1.60%",-200,1.6,0
2026-03-17,2024-12-03,"1.85%",-175,1.85,0
2026-03-17,2024-12-03,"2.10%",-150,2.1,0
2026-03-17,2024-12-03,"2.35%",-125,2.35,0
2026-03-17,2024-12-03,"2.60%",-100,2.6,0.0171898546477998
2026-03-17,2024-12-03,"2.85%",-75,2.85,0.0500404419641778
2026-03-17,2024-12-03,"3.10%",-50,3.1,0.109002711224346
2026-03-17,2024-12-03,"3.35%",-25,3.35,0.177701177484183
2026-03-17,2024-12-03,"3.60%",0,3.6,0.21683289610514
2026-03-17,2024-12-03,"3.85%",25,3.85,0.19804347045115
2026-03-17,2024-12-03,"4.10%",50,4.1,0.135390399838901
2026-03-17,2024-12-03,"4.35%",75,4.35,0.0692742601002018
2026-03-17,2024-12-03,"4.60%",100,4.6,0.0265247881841
2026-03-17,2024-12-03,"4.85%",125,4.85,0
2026-03-17,2024-12-03,"5.10%",150,5.1,0
2026-03-17,2024-12-03,"5.35%",175,5.35,0
2026-03-17,2024-12-03,"5.60%",200,5.6,0
2026-03-17,2024-12-03,"5.85%",225,5.85,0
2026-03-17,2024-12-03,"6.10%",250,6.1,0
2026-03-17,2024-12-04,"0.10%",-300,0.1,0
2026-03-17,2024-12-04,"0.35%",-300,0.35,0
2026-03-17,2024-12-04,"0.60%",-300,0.6,0
2026-03-17,2024-12-04,"0.85%",-275,0.85,0
2026-03-17,2024-12-04,"1.10%",-250,1.1,0
2026-03-17,2024-12-04,"1.35%",-225,1.35,0
2026-03-17,2024-12-04,"1.60%",-200,1.6,0
2026-03-17,2024-12-04,"1.85%",-175,1.85,0
2026-03-17,2024-12-04,"2.10%",-150,2.1,0
2026-03-17,2024-12-04,"2.35%",-125,2.35,0.0148134280864073
2026-03-17,2024-12-04,"2.60%",-100,2.6,0.0388459225899315
2026-03-17,2024-12-04,"2.85%",-75,2.85,0.0812599429444129
2026-03-17,2024-12-04,"3.10%",-50,3.1,0.135606281274826
2026-03-17,2024-12-04,"3.35%",-25,3.35,0.180541620431466
2026-03-17,2024-12-04,"3.60%",0,3.6,0.191770405763948
2026-03-17,2024-12-04,"3.85%",25,3.85,0.162515657270178
2026-03-17,2024-12-04,"4.10%",50,4.1,0.109878051071396
2026-03-17,2024-12-04,"4.35%",75,4.35,0.0592668476909853
2026-03-17,2024-12-04,"4.60%",100,4.6,0.0255018428764472
2026-03-17,2024-12-04,"4.85%",125,4.85,0
2026-03-17,2024-12-04,"5.10%",150,5.1,0
2026-03-17,2024-12-04,"5.35%",175,5.35,0
2026-03-17,2024-12-04,"5.60%",200,5.6,0
2026-03-17,2024-12-04,"5.85%",225,5.85,0
2026-03-17,2024-12-04,"6.10%",250,6.1,0
2026-03-17,2024-12-05,"0.10%",-300,0.1,0
2026-03-17,2024-12-05,"0.35%",-300,0.35,0
2026-03-17,2024-12-05,"0.60%",-300,0.6,0
2026-03-17,2024-12-05,"0.85%",-275,0.85,0
2026-03-17,2024-12-05,"1.10%",-250,1.1,0
2026-03-17,2024-12-05,"1.35%",-225,1.35,0
2026-03-17,2024-12-05,"1.60%",-200,1.6,0
2026-03-17,2024-12-05,"1.85%",-175,1.85,0
2026-03-17,2024-12-05,"2.10%",-150,2.1,0
2026-03-17,2024-12-05,"2.35%",-125,2.35,0.0174207535636938
2026-03-17,2024-12-05,"2.60%",-100,2.6,0.0428644219969724
2026-03-17,2024-12-05,"2.85%",-75,2.85,0.085222313585871
2026-03-17,2024-12-05,"3.10%",-50,3.1,0.136917918886492
2026-03-17,2024-12-05,"3.35%",-25,3.35,0.177760387117929
2026-03-17,2024-12-05,"3.60%",0,3.6,0.186503486179863
2026-03-17,2024-12-05,"3.85%",25,3.85,0.158131340963101
2026-03-17,2024-12-05,"4.10%",50,4.1,0.108348258560948
2026-03-17,2024-12-05,"4.35%",75,4.35,0.0599908708476435
2026-03-17,2024-12-05,"4.60%",100,4.6,0.0268402482974866
2026-03-17,2024-12-05,"4.85%",125,4.85,0
2026-03-17,2024-12-05,"5.10%",150,5.1,0
2026-03-17,2024-12-05,"5.35%",175,5.35,0
2026-03-17,2024-12-05,"5.60%",200,5.6,0
2026-03-17,2024-12-05,"5.85%",225,5.85,0
2026-03-17,2024-12-05,"6.10%",250,6.1,0
2026-03-17,2024-12-06,"0.10%",-300,0.1,0
2026-03-17,2024-12-06,"0.35%",-300,0.35,0
2026-03-17,2024-12-06,"0.60%",-300,0.6,0
2026-03-17,2024-12-06,"0.85%",-275,0.85,0
2026-03-17,2024-12-06,"1.10%",-250,1.1,0
2026-03-17,2024-12-06,"1.35%",-225,1.35,0
2026-03-17,2024-12-06,"1.60%",-200,1.6,0
2026-03-17,2024-12-06,"1.85%",-175,1.85,0
2026-03-17,2024-12-06,"2.10%",-150,2.1,0
2026-03-17,2024-12-06,"2.35%",-125,2.35,0.0199273592241553
2026-03-17,2024-12-06,"2.60%",-100,2.6,0.0462252602951009
2026-03-17,2024-12-06,"2.85%",-75,2.85,0.0877100949595611
2026-03-17,2024-12-06,"3.10%",-50,3.1,0.136138017063878
2026-03-17,2024-12-06,"3.35%",-25,3.35,0.172855089312337
2026-03-17,2024-12-06,"3.60%",0,3.6,0.179541615753273
2026-03-17,2024-12-06,"3.85%",25,3.85,0.152556058909557
2026-03-17,2024-12-06,"4.10%",50,4.1,0.106040111500059
2026-03-17,2024-12-06,"4.35%",75,4.35,0.0602942957469684
2026-03-17,2024-12-06,"4.60%",100,4.6,0.0280434035849616
2026-03-17,2024-12-06,"4.85%",125,4.85,0.0106686936501495
2026-03-17,2024-12-06,"5.10%",150,5.1,0
2026-03-17,2024-12-06,"5.35%",175,5.35,0
2026-03-17,2024-12-06,"5.60%",200,5.6,0
2026-03-17,2024-12-06,"5.85%",225,5.85,0
2026-03-17,2024-12-06,"6.10%",250,6.1,0
2026-03-17,2024-12-09,"0.10%",-300,0.1,0
2026-03-17,2024-12-09,"0.35%",-300,0.35,0
2026-03-17,2024-12-09,"0.60%",-300,0.6,0
2026-03-17,2024-12-09,"0.85%",-275,0.85,0
2026-03-17,2024-12-09,"1.10%",-250,1.1,0
2026-03-17,2024-12-09,"1.35%",-225,1.35,0
2026-03-17,2024-12-09,"1.60%",-200,1.6,0
2026-03-17,2024-12-09,"1.85%",-175,1.85,0
2026-03-17,2024-12-09,"2.10%",-150,2.1,0.0101083178639224
2026-03-17,2024-12-09,"2.35%",-125,2.35,0.0255550178215584
2026-03-17,2024-12-09,"2.60%",-100,2.6,0.0537965168282549
2026-03-17,2024-12-09,"2.85%",-75,2.85,0.0943038165309035
2026-03-17,2024-12-09,"3.10%",-50,3.1,0.137662035036938
2026-03-17,2024-12-09,"3.35%",-25,3.35,0.167346855931196
2026-03-17,2024-12-09,"3.60%",0,3.6,0.169411890666487
2026-03-17,2024-12-09,"3.85%",25,3.85,0.142821458868512
2026-03-17,2024-12-09,"4.10%",50,4.1,0.100267997865375
2026-03-17,2024-12-09,"4.35%",75,4.35,0.0586195420675721
2026-03-17,2024-12-09,"4.60%",100,4.6,0.0285378706945363
2026-03-17,2024-12-09,"4.85%",125,4.85,0.0115686798247438
2026-03-17,2024-12-09,"5.10%",150,5.1,0
2026-03-17,2024-12-09,"5.35%",175,5.35,0
2026-03-17,2024-12-09,"5.60%",200,5.6,0
2026-03-17,2024-12-09,"5.85%",225,5.85,0
2026-03-17,2024-12-09,"6.10%",250,6.1,0
2026-03-17,2024-12-10,"0.10%",-300,0.1,0
2026-03-17,2024-12-10,"0.35%",-300,0.35,0
2026-03-17,2024-12-10,"0.60%",-300,0.6,0
2026-03-17,2024-12-10,"0.85%",-275,0.85,0
2026-03-17,2024-12-10,"1.10%",-250,1.1,0
2026-03-17,2024-12-10,"1.35%",-225,1.35,0
2026-03-17,2024-12-10,"1.60%",-200,1.6,0
2026-03-17,2024-12-10,"1.85%",-175,1.85,0
2026-03-17,2024-12-10,"2.10%",-150,2.1,0.0132471384259722
2026-03-17,2024-12-10,"2.35%",-125,2.35,0.033367519750927
2026-03-17,2024-12-10,"2.60%",-100,2.6,0.0687721740116507
2026-03-17,2024-12-10,"2.85%",-75,2.85,0.115987109827718
2026-03-17,2024-12-10,"3.10%",-50,3.1,0.160077560502247
2026-03-17,2024-12-10,"3.35%",-25,3.35,0.180794285767442
2026-03-17,2024-12-10,"3.60%",0,3.6,0.167099890944753
2026-03-17,2024-12-10,"3.85%",25,3.85,0.126387013855285
2026-03-17,2024-12-10,"4.10%",50,4.1,0.0782267137872274
2026-03-17,2024-12-10,"4.35%",75,4.35,0.0396204760075535
2026-03-17,2024-12-10,"4.60%",100,4.6,0.016420117119224
2026-03-17,2024-12-10,"4.85%",125,4.85,0
2026-03-17,2024-12-10,"5.10%",150,5.1,0
2026-03-17,2024-12-10,"5.35%",175,5.35,0
2026-03-17,2024-12-10,"5.60%",200,5.6,0
2026-03-17,2024-12-10,"5.85%",225,5.85,0
2026-03-17,2024-12-10,"6.10%",250,6.1,0
2026-03-17,2024-12-12,"0.10%",-300,0.1,0
2026-03-17,2024-12-12,"0.35%",-300,0.35,0
2026-03-17,2024-12-12,"0.60%",-300,0.6,0
2026-03-17,2024-12-12,"0.85%",-275,0.85,0
2026-03-17,2024-12-12,"1.10%",-250,1.1,0
2026-03-17,2024-12-12,"1.35%",-225,1.35,0
2026-03-17,2024-12-12,"1.60%",-200,1.6,0
2026-03-17,2024-12-12,"1.85%",-175,1.85,0
2026-03-17,2024-12-12,"2.10%",-150,2.1,0
2026-03-17,2024-12-12,"2.35%",-125,2.35,0.0201427053783787
2026-03-17,2024-12-12,"2.60%",-100,2.6,0.0484371709186461
2026-03-17,2024-12-12,"2.85%",-75,2.85,0.0937623321366361
2026-03-17,2024-12-12,"3.10%",-50,3.1,0.146113859694276
2026-03-17,2024-12-12,"3.35%",-25,3.35,0.183309397985624
2026-03-17,2024-12-12,"3.60%",0,3.6,0.185147183722936
2026-03-17,2024-12-12,"3.85%",25,3.85,0.150552834857451
2026-03-17,2024-12-12,"4.10%",50,4.1,0.0985580771717664
2026-03-17,2024-12-12,"4.35%",75,4.35,0.0519410562423515
2026-03-17,2024-12-12,"4.60%",100,4.6,0.0220353818919347
2026-03-17,2024-12-12,"4.85%",125,4.85,0
2026-03-17,2024-12-12,"5.10%",150,5.1,0
2026-03-17,2024-12-12,"5.35%",175,5.35,0
2026-03-17,2024-12-12,"5.60%",200,5.6,0
2026-03-17,2024-12-12,"5.85%",225,5.85,0
2026-03-17,2024-12-12,"6.10%",250,6.1,0
2026-03-17,2024-12-13,"0.10%",-300,0.1,0
2026-03-17,2024-12-13,"0.35%",-300,0.35,0
2026-03-17,2024-12-13,"0.60%",-300,0.6,0
2026-03-17,2024-12-13,"0.85%",-275,0.85,0
2026-03-17,2024-12-13,"1.10%",-250,1.1,0
2026-03-17,2024-12-13,"1.35%",-225,1.35,0
2026-03-17,2024-12-13,"1.60%",-200,1.6,0
2026-03-17,2024-12-13,"1.85%",-175,1.85,0
2026-03-17,2024-12-13,"2.10%",-150,2.1,0.0116715701358482
2026-03-17,2024-12-13,"2.35%",-125,2.35,0.0271224068706283
2026-03-17,2024-12-13,"2.60%",-100,2.6,0.0536018993725993
2026-03-17,2024-12-13,"2.85%",-75,2.85,0.0900939460657503
2026-03-17,2024-12-13,"3.10%",-50,3.1,0.128790141782868
2026-03-17,2024-12-13,"3.35%",-25,3.35,0.156583810134632
2026-03-17,2024-12-13,"3.60%",0,3.6,0.161916617226666
2026-03-17,2024-12-13,"3.85%",25,3.85,0.142402250146992
2026-03-17,2024-12-13,"4.10%",50,4.1,0.106517533229392
2026-03-17,2024-12-13,"4.35%",75,4.35,0.0677640833428029
2026-03-17,2024-12-13,"4.60%",100,4.6,0.03666444865867
2026-03-17,2024-12-13,"4.85%",125,4.85,0.0168712930331511
2026-03-17,2024-12-13,"5.10%",150,5.1,0
2026-03-17,2024-12-13,"5.35%",175,5.35,0
2026-03-17,2024-12-13,"5.60%",200,5.6,0
2026-03-17,2024-12-13,"5.85%",225,5.85,0
2026-03-17,2024-12-13,"6.10%",250,6.1,0
2026-03-17,2024-12-16,"0.10%",-300,0.1,0
2026-03-17,2024-12-16,"0.35%",-300,0.35,0
2026-03-17,2024-12-16,"0.60%",-300,0.6,0
2026-03-17,2024-12-16,"0.85%",-275,0.85,0
2026-03-17,2024-12-16,"1.10%",-250,1.1,0
2026-03-17,2024-12-16,"1.35%",-225,1.35,0
2026-03-17,2024-12-16,"1.60%",-200,1.6,0
2026-03-17,2024-12-16,"1.85%",-175,1.85,0.011470498251819
2026-03-17,2024-12-16,"2.10%",-150,2.1,0.0224546621817106
2026-03-17,2024-12-16,"2.35%",-125,2.35,0.0394898357944653
2026-03-17,2024-12-16,"2.60%",-100,2.6,0.0623908930838377
2026-03-17,2024-12-16,"2.85%",-75,2.85,0.0885556352354788
2026-03-17,2024-12-16,"3.10%",-50,3.1,0.112920271206156
2026-03-17,2024-12-16,"3.35%",-25,3.35,0.129356851456472
2026-03-17,2024-12-16,"3.60%",0,3.6,0.133127995710114
2026-03-17,2024-12-16,"3.85%",25,3.85,0.123086923153655
2026-03-17,2024-12-16,"4.10%",50,4.1,0.102239012114771
2026-03-17,2024-12-16,"4.35%",75,4.35,0.0762926561280685
2026-03-17,2024-12-16,"4.60%",100,4.6,0.0511456685768992
2026-03-17,2024-12-16,"4.85%",125,4.85,0.0308030142435299
2026-03-17,2024-12-16,"5.10%",150,5.1,0.0166660828630226
2026-03-17,2024-12-16,"5.35%",175,5.35,0
2026-03-17,2024-12-16,"5.60%",200,5.6,0
2026-03-17,2024-12-16,"5.85%",225,5.85,0
2026-03-17,2024-12-16,"6.10%",250,6.1,0
2026-03-17,2024-12-17,"0.10%",-300,0.1,0
2026-03-17,2024-12-17,"0.35%",-300,0.35,0
2026-03-17,2024-12-17,"0.60%",-300,0.6,0
2026-03-17,2024-12-17,"0.85%",-275,0.85,0
2026-03-17,2024-12-17,"1.10%",-250,1.1,0
2026-03-17,2024-12-17,"1.35%",-225,1.35,0
2026-03-17,2024-12-17,"1.60%",-200,1.6,0
2026-03-17,2024-12-17,"1.85%",-175,1.85,0
2026-03-17,2024-12-17,"2.10%",-150,2.1,0.0113416685242043
2026-03-17,2024-12-17,"2.35%",-125,2.35,0.0271900536809522
2026-03-17,2024-12-17,"2.60%",-100,2.6,0.0549223442960022
2026-03-17,2024-12-17,"2.85%",-75,2.85,0.0934774216381492
2026-03-17,2024-12-17,"3.10%",-50,3.1,0.134058040006436
2026-03-17,2024-12-17,"3.35%",-25,3.35,0.161999708047132
2026-03-17,2024-12-17,"3.60%",0,3.6,0.164958383442369
2026-03-17,2024-12-17,"3.85%",25,3.85,0.141538206414504
2026-03-17,2024-12-17,"4.10%",50,4.1,0.102331474252972
2026-03-17,2024-12-17,"4.35%",75,4.35,0.0623411690802777
2026-03-17,2024-12-17,"4.60%",100,4.6,0.032000859181805
2026-03-17,2024-12-17,"4.85%",125,4.85,0.0138406714351959
2026-03-17,2024-12-17,"5.10%",150,5.1,0
2026-03-17,2024-12-17,"5.35%",175,5.35,0
2026-03-17,2024-12-17,"5.60%",200,5.6,0
2026-03-17,2024-12-17,"5.85%",225,5.85,0
2026-03-17,2024-12-17,"6.10%",250,6.1,0
2026-03-17,2024-12-18,"0.10%",-300,0.1,0
2026-03-17,2024-12-18,"0.35%",-300,0.35,0
2026-03-17,2024-12-18,"0.60%",-300,0.6,0
2026-03-17,2024-12-18,"0.85%",-275,0.85,0
2026-03-17,2024-12-18,"1.10%",-250,1.1,0
2026-03-17,2024-12-18,"1.35%",-225,1.35,0
2026-03-17,2024-12-18,"1.60%",-200,1.6,0
2026-03-17,2024-12-18,"1.85%",-175,1.85,0
2026-03-17,2024-12-18,"2.10%",-150,2.1,0.0117027366740253
2026-03-17,2024-12-18,"2.35%",-125,2.35,0.0285418292071324
2026-03-17,2024-12-18,"2.60%",-100,2.6,0.0581641281930637
2026-03-17,2024-12-18,"2.85%",-75,2.85,0.0990427338438112
2026-03-17,2024-12-18,"3.10%",-50,3.1,0.140927372625096
2026-03-17,2024-12-18,"3.35%",-25,3.35,0.16756413002443
2026-03-17,2024-12-18,"3.60%",0,3.6,0.166488213796066
2026-03-17,2024-12-18,"3.85%",25,3.85,0.138230070050569
2026-03-17,2024-12-18,"4.10%",50,4.1,0.0959034228154702
2026-03-17,2024-12-18,"4.35%",75,4.35,0.0555994292644665
2026-03-17,2024-12-18,"4.60%",100,4.6,0.0269339209719744
2026-03-17,2024-12-18,"4.85%",125,4.85,0.0109020125338947
2026-03-17,2024-12-18,"5.10%",150,5.1,0
2026-03-17,2024-12-18,"5.35%",175,5.35,0
2026-03-17,2024-12-18,"5.60%",200,5.6,0
2026-03-17,2024-12-18,"5.85%",225,5.85,0
2026-03-17,2024-12-18,"6.10%",250,6.1,0
2026-03-17,2024-12-19,"0.10%",-300,0.1,0
2026-03-17,2024-12-19,"0.35%",-300,0.35,0
2026-03-17,2024-12-19,"0.60%",-300,0.6,0
2026-03-17,2024-12-19,"0.85%",-275,0.85,0
2026-03-17,2024-12-19,"1.10%",-250,1.1,0
2026-03-17,2024-12-19,"1.35%",-225,1.35,0
2026-03-17,2024-12-19,"1.60%",-200,1.6,0
2026-03-17,2024-12-19,"1.85%",-175,1.85,0
2026-03-17,2024-12-19,"2.10%",-150,2.1,0
2026-03-17,2024-12-19,"2.35%",-125,2.35,0.0162556285457869
2026-03-17,2024-12-19,"2.60%",-100,2.6,0.0383448716362895
2026-03-17,2024-12-19,"2.85%",-75,2.85,0.074764764684614
2026-03-17,2024-12-19,"3.10%",-50,3.1,0.120500713489077
2026-03-17,2024-12-19,"3.35%",-25,3.35,0.16054524816163
2026-03-17,2024-12-19,"3.60%",0,3.6,0.17681858807014
2026-03-17,2024-12-19,"3.85%",25,3.85,0.16098429975277
2026-03-17,2024-12-19,"4.10%",50,4.1,0.121160713895095
2026-03-17,2024-12-19,"4.35%",75,4.35,0.0753798823050362
2026-03-17,2024-12-19,"4.60%",100,4.6,0.0387661132324739
2026-03-17,2024-12-19,"4.85%",125,4.85,0.016479176227088
2026-03-17,2024-12-19,"5.10%",150,5.1,0
2026-03-17,2024-12-19,"5.35%",175,5.35,0
2026-03-17,2024-12-19,"5.60%",200,5.6,0
2026-03-17,2024-12-19,"5.85%",225,5.85,0
2026-03-17,2024-12-19,"6.10%",250,6.1,0
2026-03-17,2024-12-20,"0.10%",-300,0.1,0
2026-03-17,2024-12-20,"0.35%",-300,0.35,0
2026-03-17,2024-12-20,"0.60%",-300,0.6,0
2026-03-17,2024-12-20,"0.85%",-275,0.85,0
2026-03-17,2024-12-20,"1.10%",-250,1.1,0
2026-03-17,2024-12-20,"1.35%",-225,1.35,0
2026-03-17,2024-12-20,"1.60%",-200,1.6,0
2026-03-17,2024-12-20,"1.85%",-175,1.85,0
2026-03-17,2024-12-20,"2.10%",-150,2.1,0
2026-03-17,2024-12-20,"2.35%",-125,2.35,0.0140423771324591
2026-03-17,2024-12-20,"2.60%",-100,2.6,0.0343647864450297
2026-03-17,2024-12-20,"2.85%",-75,2.85,0.0692952459952574
2026-03-17,2024-12-20,"3.10%",-50,3.1,0.1151406004421
2026-03-17,2024-12-20,"3.35%",-25,3.35,0.157653070106427
2026-03-17,2024-12-20,"3.60%",0,3.6,0.177882742519533
2026-03-17,2024-12-20,"3.85%",25,3.85,0.165396360405405
2026-03-17,2024-12-20,"4.10%",50,4.1,0.126729240939213
2026-03-17,2024-12-20,"4.35%",75,4.35,0.0800164375248064
2026-03-17,2024-12-20,"4.60%",100,4.6,0.041631368676904
2026-03-17,2024-12-20,"4.85%",125,4.85,0.0178477698128666
2026-03-17,2024-12-20,"5.10%",150,5.1,0
2026-03-17,2024-12-20,"5.35%",175,5.35,0
2026-03-17,2024-12-20,"5.60%",200,5.6,0
2026-03-17,2024-12-20,"5.85%",225,5.85,0
2026-03-17,2024-12-20,"6.10%",250,6.1,0
2026-03-17,2024-12-23,"0.10%",-300,0.1,0
2026-03-17,2024-12-23,"0.35%",-300,0.35,0
2026-03-17,2024-12-23,"0.60%",-300,0.6,0
2026-03-17,2024-12-23,"0.85%",-275,0.85,0
2026-03-17,2024-12-23,"1.10%",-250,1.1,0
2026-03-17,2024-12-23,"1.35%",-225,1.35,0
2026-03-17,2024-12-23,"1.60%",-200,1.6,0
2026-03-17,2024-12-23,"1.85%",-175,1.85,0
2026-03-17,2024-12-23,"2.10%",-150,2.1,0
2026-03-17,2024-12-23,"2.35%",-125,2.35,0.0185781989316563
2026-03-17,2024-12-23,"2.60%",-100,2.6,0.042651784201993
2026-03-17,2024-12-23,"2.85%",-75,2.85,0.0809418221739487
2026-03-17,2024-12-23,"3.10%",-50,3.1,0.12697759334576
2026-03-17,2024-12-23,"3.35%",-25,3.35,0.164668714989694
2026-03-17,2024-12-23,"3.60%",0,3.6,0.176535370174865
2026-03-17,2024-12-23,"3.85%",25,3.85,0.156455492342539
2026-03-17,2024-12-23,"4.10%",50,4.1,0.114626542954342
2026-03-17,2024-12-23,"4.35%",75,4.35,0.0694235515334222
2026-03-17,2024-12-23,"4.60%",100,4.6,0.0347570492600126
2026-03-17,2024-12-23,"4.85%",125,4.85,0.014383880091767
2026-03-17,2024-12-23,"5.10%",150,5.1,0
2026-03-17,2024-12-23,"5.35%",175,5.35,0
2026-03-17,2024-12-23,"5.60%",200,5.6,0
2026-03-17,2024-12-23,"5.85%",225,5.85,0
2026-03-17,2024-12-23,"6.10%",250,6.1,0
2026-03-17,2024-12-24,"0.10%",-300,0.1,0
2026-03-17,2024-12-24,"0.35%",-300,0.35,0
2026-03-17,2024-12-24,"0.60%",-300,0.6,0
2026-03-17,2024-12-24,"0.85%",-275,0.85,0
2026-03-17,2024-12-24,"1.10%",-250,1.1,0
2026-03-17,2024-12-24,"1.35%",-225,1.35,0
2026-03-17,2024-12-24,"1.60%",-200,1.6,0
2026-03-17,2024-12-24,"1.85%",-175,1.85,0
2026-03-17,2024-12-24,"2.10%",-150,2.1,0
2026-03-17,2024-12-24,"2.35%",-125,2.35,0.0216190270858184
2026-03-17,2024-12-24,"2.60%",-100,2.6,0.0475643328829255
2026-03-17,2024-12-24,"2.85%",-75,2.85,0.0869060331112372
2026-03-17,2024-12-24,"3.10%",-50,3.1,0.131872990323087
2026-03-17,2024-12-24,"3.35%",-25,3.35,0.166191626653165
2026-03-17,2024-12-24,"3.60%",0,3.6,0.173946362153565
2026-03-17,2024-12-24,"3.85%",25,3.85,0.151208286797935
2026-03-17,2024-12-24,"4.10%",50,4.1,0.109165770001853
2026-03-17,2024-12-24,"4.35%",75,4.35,0.0654546049871202
2026-03-17,2024-12-24,"4.60%",100,4.6,0.032593023558112
2026-03-17,2024-12-24,"4.85%",125,4.85,0.013477942445183
2026-03-17,2024-12-24,"5.10%",150,5.1,0
2026-03-17,2024-12-24,"5.35%",175,5.35,0
2026-03-17,2024-12-24,"5.60%",200,5.6,0
2026-03-17,2024-12-24,"5.85%",225,5.85,0
2026-03-17,2024-12-24,"6.10%",250,6.1,0
2026-03-17,2024-12-27,"0.10%",-300,0.1,0
2026-03-17,2024-12-27,"0.35%",-300,0.35,0
2026-03-17,2024-12-27,"0.60%",-300,0.6,0
2026-03-17,2024-12-27,"0.85%",-275,0.85,0
2026-03-17,2024-12-27,"1.10%",-250,1.1,0
2026-03-17,2024-12-27,"1.35%",-225,1.35,0
2026-03-17,2024-12-27,"1.60%",-200,1.6,0
2026-03-17,2024-12-27,"1.85%",-175,1.85,0
2026-03-17,2024-12-27,"2.10%",-150,2.1,0
2026-03-17,2024-12-27,"2.35%",-125,2.35,0.0147619198917788
2026-03-17,2024-12-27,"2.60%",-100,2.6,0.0391984521388898
2026-03-17,2024-12-27,"2.85%",-75,2.85,0.0826004059020358
2026-03-17,2024-12-27,"3.10%",-50,3.1,0.138138956187322
2026-03-17,2024-12-27,"3.35%",-25,3.35,0.183355765080935
2026-03-17,2024-12-27,"3.60%",0,3.6,0.193165969965466
2026-03-17,2024-12-27,"3.85%",25,3.85,0.161520172970099
2026-03-17,2024-12-27,"4.10%",50,4.1,0.107195024329864
2026-03-17,2024-12-27,"4.35%",75,4.35,0.056461856798564
2026-03-17,2024-12-27,"4.60%",100,4.6,0.0236014767350457
2026-03-17,2024-12-27,"4.85%",125,4.85,0
2026-03-17,2024-12-27,"5.10%",150,5.1,0
2026-03-17,2024-12-27,"5.35%",175,5.35,0
2026-03-17,2024-12-27,"5.60%",200,5.6,0
2026-03-17,2024-12-27,"5.85%",225,5.85,0
2026-03-17,2024-12-27,"6.10%",250,6.1,0
2026-03-17,2024-12-30,"0.10%",-300,0.1,0
2026-03-17,2024-12-30,"0.35%",-300,0.35,0
2026-03-17,2024-12-30,"0.60%",-300,0.6,0
2026-03-17,2024-12-30,"0.85%",-275,0.85,0
2026-03-17,2024-12-30,"1.10%",-250,1.1,0
2026-03-17,2024-12-30,"1.35%",-225,1.35,0
2026-03-17,2024-12-30,"1.60%",-200,1.6,0
2026-03-17,2024-12-30,"1.85%",-175,1.85,0
2026-03-17,2024-12-30,"2.10%",-150,2.1,0
2026-03-17,2024-12-30,"2.35%",-125,2.35,0
2026-03-17,2024-12-30,"2.60%",-100,2.6,0.0310753252939863
2026-03-17,2024-12-30,"2.85%",-75,2.85,0.0741856894951514
2026-03-17,2024-12-30,"3.10%",-50,3.1,0.136089968397242
2026-03-17,2024-12-30,"3.35%",-25,3.35,0.191855781163149
2026-03-17,2024-12-30,"3.60%",0,3.6,0.20786928061774
2026-03-17,2024-12-30,"3.85%",25,3.85,0.173092399545564
2026-03-17,2024-12-30,"4.10%",50,4.1,0.110770762957068
2026-03-17,2024-12-30,"4.35%",75,4.35,0.0544754682140427
2026-03-17,2024-12-30,"4.60%",100,4.6,0.0205853243160564
2026-03-17,2024-12-30,"4.85%",125,4.85,0
2026-03-17,2024-12-30,"5.10%",150,5.1,0
2026-03-17,2024-12-30,"5.35%",175,5.35,0
2026-03-17,2024-12-30,"5.60%",200,5.6,0
2026-03-17,2024-12-30,"5.85%",225,5.85,0
2026-03-17,2024-12-30,"6.10%",250,6.1,0
2026-03-17,2024-12-31,"0.10%",-300,0.1,0
2026-03-17,2024-12-31,"0.35%",-300,0.35,0
2026-03-17,2024-12-31,"0.60%",-300,0.6,0
2026-03-17,2024-12-31,"0.85%",-275,0.85,0
2026-03-17,2024-12-31,"1.10%",-250,1.1,0
2026-03-17,2024-12-31,"1.35%",-225,1.35,0
2026-03-17,2024-12-31,"1.60%",-200,1.6,0
2026-03-17,2024-12-31,"1.85%",-175,1.85,0
2026-03-17,2024-12-31,"2.10%",-150,2.1,0
2026-03-17,2024-12-31,"2.35%",-125,2.35,0.0117885097286825
2026-03-17,2024-12-31,"2.60%",-100,2.6,0.0363930640901759
2026-03-17,2024-12-31,"2.85%",-75,2.85,0.0851191766282149
2026-03-17,2024-12-31,"3.10%",-50,3.1,0.150852014451984
2026-03-17,2024-12-31,"3.35%",-25,3.35,0.202598158800602
2026-03-17,2024-12-31,"3.60%",0,3.6,0.20620757295842
2026-03-17,2024-12-31,"3.85%",25,3.85,0.159059610300612
2026-03-17,2024-12-31,"4.10%",50,4.1,0.0929779989839837
2026-03-17,2024-12-31,"4.35%",75,4.35,0.0411834164779157
2026-03-17,2024-12-31,"4.60%",100,4.6,0.0138204775794089
2026-03-17,2024-12-31,"4.85%",125,4.85,0
2026-03-17,2024-12-31,"5.10%",150,5.1,0
2026-03-17,2024-12-31,"5.35%",175,5.35,0
2026-03-17,2024-12-31,"5.60%",200,5.6,0
2026-03-17,2024-12-31,"5.85%",225,5.85,0
2026-03-17,2024-12-31,"6.10%",250,6.1,0
2026-03-17,2025-01-02,"0.10%",-300,0.1,0
2026-03-17,2025-01-02,"0.35%",-300,0.35,0
2026-03-17,2025-01-02,"0.60%",-300,0.6,0
2026-03-17,2025-01-02,"0.85%",-275,0.85,0
2026-03-17,2025-01-02,"1.10%",-250,1.1,0
2026-03-17,2025-01-02,"1.35%",-225,1.35,0
2026-03-17,2025-01-02,"1.60%",-200,1.6,0
2026-03-17,2025-01-02,"1.85%",-175,1.85,0
2026-03-17,2025-01-02,"2.10%",-150,2.1,0
2026-03-17,2025-01-02,"2.35%",-125,2.35,0.0134691642130014
2026-03-17,2025-01-02,"2.60%",-100,2.6,0.0375177527182803
2026-03-17,2025-01-02,"2.85%",-75,2.85,0.0818939928000792
2026-03-17,2025-01-02,"3.10%",-50,3.1,0.140096547016013
2026-03-17,2025-01-02,"3.35%",-25,3.35,0.187841686679777
2026-03-17,2025-01-02,"3.60%",0,3.6,0.197406657956529
2026-03-17,2025-01-02,"3.85%",25,3.85,0.162607146296728
2026-03-17,2025-01-02,"4.10%",50,4.1,0.104981985638226
2026-03-17,2025-01-02,"4.35%",75,4.35,0.053120656650941
2026-03-17,2025-01-02,"4.60%",100,4.6,0.0210644100304239
2026-03-17,2025-01-02,"4.85%",125,4.85,0
2026-03-17,2025-01-02,"5.10%",150,5.1,0
2026-03-17,2025-01-02,"5.35%",175,5.35,0
2026-03-17,2025-01-02,"5.60%",200,5.6,0
2026-03-17,2025-01-02,"5.85%",225,5.85,0
2026-03-17,2025-01-02,"6.10%",250,6.1,0
2026-03-17,2025-01-03,"0.10%",-300,0.1,0
2026-03-17,2025-01-03,"0.35%",-300,0.35,0
2026-03-17,2025-01-03,"0.60%",-300,0.6,0
2026-03-17,2025-01-03,"0.85%",-275,0.85,0
2026-03-17,2025-01-03,"1.10%",-250,1.1,0
2026-03-17,2025-01-03,"1.35%",-225,1.35,0
2026-03-17,2025-01-03,"1.60%",-200,1.6,0
2026-03-17,2025-01-03,"1.85%",-175,1.85,0
2026-03-17,2025-01-03,"2.10%",-150,2.1,0
2026-03-17,2025-01-03,"2.35%",-125,2.35,0.0161646528002888
2026-03-17,2025-01-03,"2.60%",-100,2.6,0.0429838670172501
2026-03-17,2025-01-03,"2.85%",-75,2.85,0.0898523868860971
2026-03-17,2025-01-03,"3.10%",-50,3.1,0.147664568725184
2026-03-17,2025-01-03,"3.35%",-25,3.35,0.190796947439362
2026-03-17,2025-01-03,"3.60%",0,3.6,0.19383336452278
2026-03-17,2025-01-03,"3.85%",25,3.85,0.154827633966469
2026-03-17,2025-01-03,"4.10%",50,4.1,0.0972342688420216
2026-03-17,2025-01-03,"4.35%",75,4.35,0.0480083586670028
2026-03-17,2025-01-03,"4.60%",100,4.6,0.0186339511335449
2026-03-17,2025-01-03,"4.85%",125,4.85,0
2026-03-17,2025-01-03,"5.10%",150,5.1,0
2026-03-17,2025-01-03,"5.35%",175,5.35,0
2026-03-17,2025-01-03,"5.60%",200,5.6,0
2026-03-17,2025-01-03,"5.85%",225,5.85,0
2026-03-17,2025-01-03,"6.10%",250,6.1,0
2026-03-17,2025-01-06,"0.10%",-300,0.1,0
2026-03-17,2025-01-06,"0.35%",-300,0.35,0
2026-03-17,2025-01-06,"0.60%",-300,0.6,0
2026-03-17,2025-01-06,"0.85%",-275,0.85,0
2026-03-17,2025-01-06,"1.10%",-250,1.1,0
2026-03-17,2025-01-06,"1.35%",-225,1.35,0
2026-03-17,2025-01-06,"1.60%",-200,1.6,0
2026-03-17,2025-01-06,"1.85%",-175,1.85,0
2026-03-17,2025-01-06,"2.10%",-150,2.1,0
2026-03-17,2025-01-06,"2.35%",-125,2.35,0.0121398414919381
2026-03-17,2025-01-06,"2.60%",-100,2.6,0.0341093923325361
2026-03-17,2025-01-06,"2.85%",-75,2.85,0.0755417520211896
2026-03-17,2025-01-06,"3.10%",-50,3.1,0.131883673236027
2026-03-17,2025-01-06,"3.35%",-25,3.35,0.181515550502629
2026-03-17,2025-01-06,"3.60%",0,3.6,0.196957141276189
2026-03-17,2025-01-06,"3.85%",25,3.85,0.16848797512322
2026-03-17,2025-01-06,"4.10%",50,4.1,0.113631141757114
2026-03-17,2025-01-06,"4.35%",75,4.35,0.0604139359790907
2026-03-17,2025-01-06,"4.60%",100,4.6,0.0253195962800654
2026-03-17,2025-01-06,"4.85%",125,4.85,0
2026-03-17,2025-01-06,"5.10%",150,5.1,0
2026-03-17,2025-01-06,"5.35%",175,5.35,0
2026-03-17,2025-01-06,"5.60%",200,5.6,0
2026-03-17,2025-01-06,"5.85%",225,5.85,0
2026-03-17,2025-01-06,"6.10%",250,6.1,0
2026-03-17,2025-01-07,"0.10%",-300,0.1,0
2026-03-17,2025-01-07,"0.35%",-300,0.35,0
2026-03-17,2025-01-07,"0.60%",-300,0.6,0
2026-03-17,2025-01-07,"0.85%",-275,0.85,0
2026-03-17,2025-01-07,"1.10%",-250,1.1,0
2026-03-17,2025-01-07,"1.35%",-225,1.35,0
2026-03-17,2025-01-07,"1.60%",-200,1.6,0
2026-03-17,2025-01-07,"1.85%",-175,1.85,0
2026-03-17,2025-01-07,"2.10%",-150,2.1,0
2026-03-17,2025-01-07,"2.35%",-125,2.35,0.0106105622740738
2026-03-17,2025-01-07,"2.60%",-100,2.6,0.0298490010139801
2026-03-17,2025-01-07,"2.85%",-75,2.85,0.0668671516997201
2026-03-17,2025-01-07,"3.10%",-50,3.1,0.119294893155072
2026-03-17,2025-01-07,"3.35%",-25,3.35,0.169504876740007
2026-03-17,2025-01-07,"3.60%",0,3.6,0.191826889496255
2026-03-17,2025-01-07,"3.85%",25,3.85,0.172905682005081
2026-03-17,2025-01-07,"4.10%",50,4.1,0.124130034906523
2026-03-17,2025-01-07,"4.35%",75,4.35,0.0709737191488808
2026-03-17,2025-01-07,"4.60%",100,4.6,0.0323181755649192
2026-03-17,2025-01-07,"4.85%",125,4.85,0.0117190139954879
2026-03-17,2025-01-07,"5.10%",150,5.1,0
2026-03-17,2025-01-07,"5.35%",175,5.35,0
2026-03-17,2025-01-07,"5.60%",200,5.6,0
2026-03-17,2025-01-07,"5.85%",225,5.85,0
2026-03-17,2025-01-07,"6.10%",250,6.1,0
2026-03-17,2025-01-08,"0.10%",-300,0.1,0
2026-03-17,2025-01-08,"0.35%",-300,0.35,0
2026-03-17,2025-01-08,"0.60%",-300,0.6,0
2026-03-17,2025-01-08,"0.85%",-275,0.85,0
2026-03-17,2025-01-08,"1.10%",-250,1.1,0
2026-03-17,2025-01-08,"1.35%",-225,1.35,0
2026-03-17,2025-01-08,"1.60%",-200,1.6,0
2026-03-17,2025-01-08,"1.85%",-175,1.85,0
2026-03-17,2025-01-08,"2.10%",-150,2.1,0
2026-03-17,2025-01-08,"2.35%",-125,2.35,0
2026-03-17,2025-01-08,"2.60%",-100,2.6,0.0285099931610392
2026-03-17,2025-01-08,"2.85%",-75,2.85,0.068790662312295
2026-03-17,2025-01-08,"3.10%",-50,3.1,0.128334155812314
2026-03-17,2025-01-08,"3.35%",-25,3.35,0.185129150836378
2026-03-17,2025-01-08,"3.60%",0,3.6,0.206514606948758
2026-03-17,2025-01-08,"3.85%",25,3.85,0.178146492935174
2026-03-17,2025-01-08,"4.10%",50,4.1,0.118835089450127
2026-03-17,2025-01-08,"4.35%",75,4.35,0.061295273564012
2026-03-17,2025-01-08,"4.60%",100,4.6,0.0244445749799036
2026-03-17,2025-01-08,"4.85%",125,4.85,0
2026-03-17,2025-01-08,"5.10%",150,5.1,0
2026-03-17,2025-01-08,"5.35%",175,5.35,0
2026-03-17,2025-01-08,"5.60%",200,5.6,0
2026-03-17,2025-01-08,"5.85%",225,5.85,0
2026-03-17,2025-01-08,"6.10%",250,6.1,0
2026-03-17,2025-01-09,"0.10%",-300,0.1,0
2026-03-17,2025-01-09,"0.35%",-300,0.35,0
2026-03-17,2025-01-09,"0.60%",-300,0.6,0
2026-03-17,2025-01-09,"0.85%",-275,0.85,0
2026-03-17,2025-01-09,"1.10%",-250,1.1,0
2026-03-17,2025-01-09,"1.35%",-225,1.35,0
2026-03-17,2025-01-09,"1.60%",-200,1.6,0
2026-03-17,2025-01-09,"1.85%",-175,1.85,0
2026-03-17,2025-01-09,"2.10%",-150,2.1,0
2026-03-17,2025-01-09,"2.35%",-125,2.35,0.0139410532696345
2026-03-17,2025-01-09,"2.60%",-100,2.6,0.0373955324383036
2026-03-17,2025-01-09,"2.85%",-75,2.85,0.0796723777956999
2026-03-17,2025-01-09,"3.10%",-50,3.1,0.134832117737016
2026-03-17,2025-01-09,"3.35%",-25,3.35,0.181259335422133
2026-03-17,2025-01-09,"3.60%",0,3.6,0.193571996316685
2026-03-17,2025-01-09,"3.85%",25,3.85,0.164218790452029
2026-03-17,2025-01-09,"4.10%",50,4.1,0.110670968356103
2026-03-17,2025-01-09,"4.35%",75,4.35,0.0592457203183071
2026-03-17,2025-01-09,"4.60%",100,4.6,0.0251921078940876
2026-03-17,2025-01-09,"4.85%",125,4.85,0
2026-03-17,2025-01-09,"5.10%",150,5.1,0
2026-03-17,2025-01-09,"5.35%",175,5.35,0
2026-03-17,2025-01-09,"5.60%",200,5.6,0
2026-03-17,2025-01-09,"5.85%",225,5.85,0
2026-03-17,2025-01-09,"6.10%",250,6.1,0
2026-03-17,2025-01-10,"0.10%",-300,0.1,0
2026-03-17,2025-01-10,"0.35%",-300,0.35,0
2026-03-17,2025-01-10,"0.60%",-300,0.6,0
2026-03-17,2025-01-10,"0.85%",-275,0.85,0
2026-03-17,2025-01-10,"1.10%",-250,1.1,0
2026-03-17,2025-01-10,"1.35%",-225,1.35,0
2026-03-17,2025-01-10,"1.60%",-200,1.6,0
2026-03-17,2025-01-10,"1.85%",-175,1.85,0
2026-03-17,2025-01-10,"2.10%",-150,2.1,0
2026-03-17,2025-01-10,"2.35%",-125,2.35,0.0101624991462191
2026-03-17,2025-01-10,"2.60%",-100,2.6,0.0305249699421126
2026-03-17,2025-01-10,"2.85%",-75,2.85,0.0713331177012132
2026-03-17,2025-01-10,"3.10%",-50,3.1,0.12970502445098
2026-03-17,2025-01-10,"3.35%",-25,3.35,0.183521574715312
2026-03-17,2025-01-10,"3.60%",0,3.6,0.202070519302612
2026-03-17,2025-01-10,"3.85%",25,3.85,0.173145060317171
2026-03-17,2025-01-10,"4.10%",50,4.1,0.115451413398894
2026-03-17,2025-01-10,"4.35%",75,4.35,0.05990267742373
2026-03-17,2025-01-10,"4.60%",100,4.6,0.0241831436017569
2026-03-17,2025-01-10,"4.85%",125,4.85,0
2026-03-17,2025-01-10,"5.10%",150,5.1,0
2026-03-17,2025-01-10,"5.35%",175,5.35,0
2026-03-17,2025-01-10,"5.60%",200,5.6,0
2026-03-17,2025-01-10,"5.85%",225,5.85,0
2026-03-17,2025-01-10,"6.10%",250,6.1,0
2026-03-17,2025-01-13,"0.10%",-300,0.1,0
2026-03-17,2025-01-13,"0.35%",-300,0.35,0
2026-03-17,2025-01-13,"0.60%",-300,0.6,0
2026-03-17,2025-01-13,"0.85%",-275,0.85,0
2026-03-17,2025-01-13,"1.10%",-250,1.1,0
2026-03-17,2025-01-13,"1.35%",-225,1.35,0
2026-03-17,2025-01-13,"1.60%",-200,1.6,0
2026-03-17,2025-01-13,"1.85%",-175,1.85,0
2026-03-17,2025-01-13,"2.10%",-150,2.1,0
2026-03-17,2025-01-13,"2.35%",-125,2.35,0
2026-03-17,2025-01-13,"2.60%",-100,2.6,0.0235890910219337
2026-03-17,2025-01-13,"2.85%",-75,2.85,0.0547350103647413
2026-03-17,2025-01-13,"3.10%",-50,3.1,0.102254586594184
2026-03-17,2025-01-13,"3.35%",-25,3.35,0.153811003110124
2026-03-17,2025-01-13,"3.60%",0,3.6,0.186292171579243
2026-03-17,2025-01-13,"3.85%",25,3.85,0.181681952249788
2026-03-17,2025-01-13,"4.10%",50,4.1,0.142671748375227
2026-03-17,2025-01-13,"4.35%",75,4.35,0.0902119118150915
2026-03-17,2025-01-13,"4.60%",100,4.6,0.0459274219540818
2026-03-17,2025-01-13,"4.85%",125,4.85,0.0188251029355859
2026-03-17,2025-01-13,"5.10%",150,5.1,0
2026-03-17,2025-01-13,"5.35%",175,5.35,0
2026-03-17,2025-01-13,"5.60%",200,5.6,0
2026-03-17,2025-01-13,"5.85%",225,5.85,0
2026-03-17,2025-01-13,"6.10%",250,6.1,0
2026-03-17,2025-01-14,"0.10%",-300,0.1,0
2026-03-17,2025-01-14,"0.35%",-300,0.35,0
2026-03-17,2025-01-14,"0.60%",-300,0.6,0
2026-03-17,2025-01-14,"0.85%",-275,0.85,0
2026-03-17,2025-01-14,"1.10%",-250,1.1,0
2026-03-17,2025-01-14,"1.35%",-225,1.35,0
2026-03-17,2025-01-14,"1.60%",-200,1.6,0
2026-03-17,2025-01-14,"1.85%",-175,1.85,0
2026-03-17,2025-01-14,"2.10%",-150,2.1,0
2026-03-17,2025-01-14,"2.35%",-125,2.35,0
2026-03-17,2025-01-14,"2.60%",-100,2.6,0.0222029098391903
2026-03-17,2025-01-14,"2.85%",-75,2.85,0.0528473901828411
2026-03-17,2025-01-14,"3.10%",-50,3.1,0.100725510658244
2026-03-17,2025-01-14,"3.35%",-25,3.35,0.153738876864369
2026-03-17,2025-01-14,"3.60%",0,3.6,0.187920260360656
2026-03-17,2025-01-14,"3.85%",25,3.85,0.183957512406561
2026-03-17,2025-01-14,"4.10%",50,4.1,0.144216377684767
2026-03-17,2025-01-14,"4.35%",75,4.35,0.0905429557784125
2026-03-17,2025-01-14,"4.60%",100,4.6,0.0455217245727396
2026-03-17,2025-01-14,"4.85%",125,4.85,0.0183264816522207
2026-03-17,2025-01-14,"5.10%",150,5.1,0
2026-03-17,2025-01-14,"5.35%",175,5.35,0
2026-03-17,2025-01-14,"5.60%",200,5.6,0
2026-03-17,2025-01-14,"5.85%",225,5.85,0
2026-03-17,2025-01-14,"6.10%",250,6.1,0
2026-03-17,2025-01-15,"0.10%",-300,0.1,0
2026-03-17,2025-01-15,"0.35%",-300,0.35,0
2026-03-17,2025-01-15,"0.60%",-300,0.6,0
2026-03-17,2025-01-15,"0.85%",-275,0.85,0
2026-03-17,2025-01-15,"1.10%",-250,1.1,0
2026-03-17,2025-01-15,"1.35%",-225,1.35,0
2026-03-17,2025-01-15,"1.60%",-200,1.6,0
2026-03-17,2025-01-15,"1.85%",-175,1.85,0
2026-03-17,2025-01-15,"2.10%",-150,2.1,0
2026-03-17,2025-01-15,"2.35%",-125,2.35,0
2026-03-17,2025-01-15,"2.60%",-100,2.6,0.015737278190941
2026-03-17,2025-01-15,"2.85%",-75,2.85,0.0441951676672858
2026-03-17,2025-01-15,"3.10%",-50,3.1,0.0953847483078539
2026-03-17,2025-01-15,"3.35%",-25,3.35,0.158231649932882
2026-03-17,2025-01-15,"3.60%",0,3.6,0.20176819372701
2026-03-17,2025-01-15,"3.85%",25,3.85,0.197776142676229
2026-03-17,2025-01-15,"4.10%",50,4.1,0.14902377068785
2026-03-17,2025-01-15,"4.35%",75,4.35,0.0863133512338179
2026-03-17,2025-01-15,"4.60%",100,4.6,0.0384241191417057
2026-03-17,2025-01-15,"4.85%",125,4.85,0.0131455784344248
2026-03-17,2025-01-15,"5.10%",150,5.1,0
2026-03-17,2025-01-15,"5.35%",175,5.35,0
2026-03-17,2025-01-15,"5.60%",200,5.6,0
2026-03-17,2025-01-15,"5.85%",225,5.85,0
2026-03-17,2025-01-15,"6.10%",250,6.1,0
2026-03-17,2025-01-16,"0.10%",-300,0.1,0
2026-03-17,2025-01-16,"0.35%",-300,0.35,0
2026-03-17,2025-01-16,"0.60%",-300,0.6,0
2026-03-17,2025-01-16,"0.85%",-275,0.85,0
2026-03-17,2025-01-16,"1.10%",-250,1.1,0
2026-03-17,2025-01-16,"1.35%",-225,1.35,0
2026-03-17,2025-01-16,"1.60%",-200,1.6,0
2026-03-17,2025-01-16,"1.85%",-175,1.85,0
2026-03-17,2025-01-16,"2.10%",-150,2.1,0
2026-03-17,2025-01-16,"2.35%",-125,2.35,0
2026-03-17,2025-01-16,"2.60%",-100,2.6,0.0209589190391586
2026-03-17,2025-01-16,"2.85%",-75,2.85,0.056872836077432
2026-03-17,2025-01-16,"3.10%",-50,3.1,0.116808798589768
2026-03-17,2025-01-16,"3.35%",-25,3.35,0.181609359431816
2026-03-17,2025-01-16,"3.60%",0,3.6,0.213761251215991
2026-03-17,2025-01-16,"3.85%",25,3.85,0.190485244472204
2026-03-17,2025-01-16,"4.10%",50,4.1,0.128506687435717
2026-03-17,2025-01-16,"4.35%",75,4.35,0.0656281043029054
2026-03-17,2025-01-16,"4.60%",100,4.6,0.0253687994350075
2026-03-17,2025-01-16,"4.85%",125,4.85,0
2026-03-17,2025-01-16,"5.10%",150,5.1,0
2026-03-17,2025-01-16,"5.35%",175,5.35,0
2026-03-17,2025-01-16,"5.60%",200,5.6,0
2026-03-17,2025-01-16,"5.85%",225,5.85,0
2026-03-17,2025-01-16,"6.10%",250,6.1,0
2026-03-17,2025-01-17,"0.10%",-300,0.1,0
2026-03-17,2025-01-17,"0.35%",-300,0.35,0
2026-03-17,2025-01-17,"0.60%",-300,0.6,0
2026-03-17,2025-01-17,"0.85%",-275,0.85,0
2026-03-17,2025-01-17,"1.10%",-250,1.1,0
2026-03-17,2025-01-17,"1.35%",-225,1.35,0
2026-03-17,2025-01-17,"1.60%",-200,1.6,0
2026-03-17,2025-01-17,"1.85%",-175,1.85,0
2026-03-17,2025-01-17,"2.10%",-150,2.1,0
2026-03-17,2025-01-17,"2.35%",-125,2.35,0
2026-03-17,2025-01-17,"2.60%",-100,2.6,0.0219618909133022
2026-03-17,2025-01-17,"2.85%",-75,2.85,0.0560795601974465
2026-03-17,2025-01-17,"3.10%",-50,3.1,0.111013981592451
2026-03-17,2025-01-17,"3.35%",-25,3.35,0.170384658612651
2026-03-17,2025-01-17,"3.60%",0,3.6,0.202763451785805
2026-03-17,2025-01-17,"3.85%",25,3.85,0.187096731350269
2026-03-17,2025-01-17,"4.10%",50,4.1,0.133861284042347
2026-03-17,2025-01-17,"4.35%",75,4.35,0.0742566043287477
2026-03-17,2025-01-17,"4.60%",100,4.6,0.031935250277028
2026-03-17,2025-01-17,"4.85%",125,4.85,0.0106465868999527
2026-03-17,2025-01-17,"5.10%",150,5.1,0
2026-03-17,2025-01-17,"5.35%",175,5.35,0
2026-03-17,2025-01-17,"5.60%",200,5.6,0
2026-03-17,2025-01-17,"5.85%",225,5.85,0
2026-03-17,2025-01-17,"6.10%",250,6.1,0
2026-03-17,2025-01-20,"0.10%",-300,0.1,0
2026-03-17,2025-01-20,"0.35%",-300,0.35,0
2026-03-17,2025-01-20,"0.60%",-300,0.6,0
2026-03-17,2025-01-20,"0.85%",-275,0.85,0
2026-03-17,2025-01-20,"1.10%",-250,1.1,0
2026-03-17,2025-01-20,"1.35%",-225,1.35,0
2026-03-17,2025-01-20,"1.60%",-200,1.6,0
2026-03-17,2025-01-20,"1.85%",-175,1.85,0
2026-03-17,2025-01-20,"2.10%",-150,2.1,0
2026-03-17,2025-01-20,"2.35%",-125,2.35,0.0119383822736064
2026-03-17,2025-01-20,"2.60%",-100,2.6,0.0317664969423747
2026-03-17,2025-01-20,"2.85%",-75,2.85,0.0682085145168801
2026-03-17,2025-01-20,"3.10%",-50,3.1,0.118189956225217
2026-03-17,2025-01-20,"3.35%",-25,3.35,0.165278115035748
2026-03-17,2025-01-20,"3.60%",0,3.6,0.186532869208234
2026-03-17,2025-01-20,"3.85%",25,3.85,0.169904606579748
2026-03-17,2025-01-20,"4.10%",50,4.1,0.124899646181681
2026-03-17,2025-01-20,"4.35%",75,4.35,0.0740989578136067
2026-03-17,2025-01-20,"4.60%",100,4.6,0.0354763317933468
2026-03-17,2025-01-20,"4.85%",125,4.85,0.0137061234295575
2026-03-17,2025-01-20,"5.10%",150,5.1,0
2026-03-17,2025-01-20,"5.35%",175,5.35,0
2026-03-17,2025-01-20,"5.60%",200,5.6,0
2026-03-17,2025-01-20,"5.85%",225,5.85,0
2026-03-17,2025-01-20,"6.10%",250,6.1,0
2026-03-17,2025-01-21,"0.10%",-300,0.1,0
2026-03-17,2025-01-21,"0.35%",-300,0.35,0
2026-03-17,2025-01-21,"0.60%",-300,0.6,0
2026-03-17,2025-01-21,"0.85%",-275,0.85,0
2026-03-17,2025-01-21,"1.10%",-250,1.1,0
2026-03-17,2025-01-21,"1.35%",-225,1.35,0
2026-03-17,2025-01-21,"1.60%",-200,1.6,0
2026-03-17,2025-01-21,"1.85%",-175,1.85,0
2026-03-17,2025-01-21,"2.10%",-150,2.1,0
2026-03-17,2025-01-21,"2.35%",-125,2.35,0
2026-03-17,2025-01-21,"2.60%",-100,2.6,0.0294263030821141
2026-03-17,2025-01-21,"2.85%",-75,2.85,0.0692889446260608
2026-03-17,2025-01-21,"3.10%",-50,3.1,0.127238092402827
2026-03-17,2025-01-21,"3.35%",-25,3.35,0.182234236653593
2026-03-17,2025-01-21,"3.60%",0,3.6,0.203574465430422
2026-03-17,2025-01-21,"3.85%",25,3.85,0.177379588735674
2026-03-17,2025-01-21,"4.10%",50,4.1,0.120548805704065
2026-03-17,2025-01-21,"4.35%",75,4.35,0.0638967377768998
2026-03-17,2025-01-21,"4.60%",100,4.6,0.0264128255883446
2026-03-17,2025-01-21,"4.85%",125,4.85,0
2026-03-17,2025-01-21,"5.10%",150,5.1,0
2026-03-17,2025-01-21,"5.35%",175,5.35,0
2026-03-17,2025-01-21,"5.60%",200,5.6,0
2026-03-17,2025-01-21,"5.85%",225,5.85,0
2026-03-17,2025-01-21,"6.10%",250,6.1,0
2026-03-17,2025-01-22,"0.10%",-300,0.1,0
2026-03-17,2025-01-22,"0.35%",-300,0.35,0
2026-03-17,2025-01-22,"0.60%",-300,0.6,0
2026-03-17,2025-01-22,"0.85%",-275,0.85,0
2026-03-17,2025-01-22,"1.10%",-250,1.1,0
2026-03-17,2025-01-22,"1.35%",-225,1.35,0
2026-03-17,2025-01-22,"1.60%",-200,1.6,0
2026-03-17,2025-01-22,"1.85%",-175,1.85,0
2026-03-17,2025-01-22,"2.10%",-150,2.1,0
2026-03-17,2025-01-22,"2.35%",-125,2.35,0.0125188205865241
2026-03-17,2025-01-22,"2.60%",-100,2.6,0.0329658785304823
2026-03-17,2025-01-22,"2.85%",-75,2.85,0.0700791306397314
2026-03-17,2025-01-22,"3.10%",-50,3.1,0.120271404899644
2026-03-17,2025-01-22,"3.35%",-25,3.35,0.166650003152449
2026-03-17,2025-01-22,"3.60%",0,3.6,0.186435910780417
2026-03-17,2025-01-22,"3.85%",25,3.85,0.168398912930296
2026-03-17,2025-01-22,"4.10%",50,4.1,0.122809138966411
2026-03-17,2025-01-22,"4.35%",75,4.35,0.0723089607195241
2026-03-17,2025-01-22,"4.60%",100,4.6,0.0343719608411639
2026-03-17,2025-01-22,"4.85%",125,4.85,0.0131898779533565
2026-03-17,2025-01-22,"5.10%",150,5.1,0
2026-03-17,2025-01-22,"5.35%",175,5.35,0
2026-03-17,2025-01-22,"5.60%",200,5.6,0
2026-03-17,2025-01-22,"5.85%",225,5.85,0
2026-03-17,2025-01-22,"6.10%",250,6.1,0
2026-03-17,2025-01-23,"0.10%",-300,0.1,0
2026-03-17,2025-01-23,"0.35%",-300,0.35,0
2026-03-17,2025-01-23,"0.60%",-300,0.6,0
2026-03-17,2025-01-23,"0.85%",-275,0.85,0
2026-03-17,2025-01-23,"1.10%",-250,1.1,0
2026-03-17,2025-01-23,"1.35%",-225,1.35,0
2026-03-17,2025-01-23,"1.60%",-200,1.6,0
2026-03-17,2025-01-23,"1.85%",-175,1.85,0
2026-03-17,2025-01-23,"2.10%",-150,2.1,0
2026-03-17,2025-01-23,"2.35%",-125,2.35,0.0147692268717457
2026-03-17,2025-01-23,"2.60%",-100,2.6,0.0365422486439466
2026-03-17,2025-01-23,"2.85%",-75,2.85,0.0738702737781142
2026-03-17,2025-01-23,"3.10%",-50,3.1,0.122011904409601
2026-03-17,2025-01-23,"3.35%",-25,3.35,0.164667585644111
2026-03-17,2025-01-23,"3.60%",0,3.6,0.181592012463684
2026-03-17,2025-01-23,"3.85%",25,3.85,0.163633089620709
2026-03-17,2025-01-23,"4.10%",50,4.1,0.120483627496914
2026-03-17,2025-01-23,"4.35%",75,4.35,0.0724866392809547
2026-03-17,2025-01-23,"4.60%",100,4.6,0.035632424881023
2026-03-17,2025-01-23,"4.85%",125,4.85,0.0143109669091963
2026-03-17,2025-01-23,"5.10%",150,5.1,0
2026-03-17,2025-01-23,"5.35%",175,5.35,0
2026-03-17,2025-01-23,"5.60%",200,5.6,0
2026-03-17,2025-01-23,"5.85%",225,5.85,0
2026-03-17,2025-01-23,"6.10%",250,6.1,0
2026-03-17,2025-01-24,"0.10%",-300,0.1,0
2026-03-17,2025-01-24,"0.35%",-300,0.35,0
2026-03-17,2025-01-24,"0.60%",-300,0.6,0
2026-03-17,2025-01-24,"0.85%",-275,0.85,0
2026-03-17,2025-01-24,"1.10%",-250,1.1,0
2026-03-17,2025-01-24,"1.35%",-225,1.35,0
2026-03-17,2025-01-24,"1.60%",-200,1.6,0
2026-03-17,2025-01-24,"1.85%",-175,1.85,0
2026-03-17,2025-01-24,"2.10%",-150,2.1,0
2026-03-17,2025-01-24,"2.35%",-125,2.35,0.0188929024948066
2026-03-17,2025-01-24,"2.60%",-100,2.6,0.0424580310635315
2026-03-17,2025-01-24,"2.85%",-75,2.85,0.0794546115611067
2026-03-17,2025-01-24,"3.10%",-50,3.1,0.123819915240471
2026-03-17,2025-01-24,"3.35%",-25,3.35,0.160688253852453
2026-03-17,2025-01-24,"3.60%",0,3.6,0.173662477303885
2026-03-17,2025-01-24,"3.85%",25,3.85,0.156299604549668
2026-03-17,2025-01-24,"4.10%",50,4.1,0.117148669009515
2026-03-17,2025-01-24,"4.35%",75,4.35,0.0731202732182366
2026-03-17,2025-01-24,"4.60%",100,4.6,0.038005680292018
2026-03-17,2025-01-24,"4.85%",125,4.85,0.0164495814143081
2026-03-17,2025-01-24,"5.10%",150,5.1,0
2026-03-17,2025-01-24,"5.35%",175,5.35,0
2026-03-17,2025-01-24,"5.60%",200,5.6,0
2026-03-17,2025-01-24,"5.85%",225,5.85,0
2026-03-17,2025-01-24,"6.10%",250,6.1,0
2026-03-17,2025-01-27,"0.10%",-300,0.1,0
2026-03-17,2025-01-27,"0.35%",-300,0.35,0
2026-03-17,2025-01-27,"0.60%",-300,0.6,0
2026-03-17,2025-01-27,"0.85%",-275,0.85,0
2026-03-17,2025-01-27,"1.10%",-250,1.1,0
2026-03-17,2025-01-27,"1.35%",-225,1.35,0
2026-03-17,2025-01-27,"1.60%",-200,1.6,0
2026-03-17,2025-01-27,"1.85%",-175,1.85,0
2026-03-17,2025-01-27,"2.10%",-150,2.1,0
2026-03-17,2025-01-27,"2.35%",-125,2.35,0.0134306156897052
2026-03-17,2025-01-27,"2.60%",-100,2.6,0.0353605619752315
2026-03-17,2025-01-27,"2.85%",-75,2.85,0.0747218662024856
2026-03-17,2025-01-27,"3.10%",-50,3.1,0.126739051807288
2026-03-17,2025-01-27,"3.35%",-25,3.35,0.172555278125039
2026-03-17,2025-01-27,"3.60%",0,3.6,0.188587741071993
2026-03-17,2025-01-27,"3.85%",25,3.85,0.165451104427139
2026-03-17,2025-01-27,"4.10%",50,4.1,0.116517620223122
2026-03-17,2025-01-27,"4.35%",75,4.35,0.0658666000327854
2026-03-17,2025-01-27,"4.60%",100,4.6,0.0298860250627924
2026-03-17,2025-01-27,"4.85%",125,4.85,0.0108835353824175
2026-03-17,2025-01-27,"5.10%",150,5.1,0
2026-03-17,2025-01-27,"5.35%",175,5.35,0
2026-03-17,2025-01-27,"5.60%",200,5.6,0
2026-03-17,2025-01-27,"5.85%",225,5.85,0
2026-03-17,2025-01-27,"6.10%",250,6.1,0
2026-03-17,2025-01-28,"0.10%",-300,0.1,0
2026-03-17,2025-01-28,"0.35%",-300,0.35,0
2026-03-17,2025-01-28,"0.60%",-300,0.6,0
2026-03-17,2025-01-28,"0.85%",-275,0.85,0
2026-03-17,2025-01-28,"1.10%",-250,1.1,0
2026-03-17,2025-01-28,"1.35%",-225,1.35,0
2026-03-17,2025-01-28,"1.60%",-200,1.6,0
2026-03-17,2025-01-28,"1.85%",-175,1.85,0
2026-03-17,2025-01-28,"2.10%",-150,2.1,0
2026-03-17,2025-01-28,"2.35%",-125,2.35,0.0171437275718734
2026-03-17,2025-01-28,"2.60%",-100,2.6,0.0422901171071202
2026-03-17,2025-01-28,"2.85%",-75,2.85,0.0843263508056804
2026-03-17,2025-01-28,"3.10%",-50,3.1,0.135926077595858
2026-03-17,2025-01-28,"3.35%",-25,3.35,0.177122792505351
2026-03-17,2025-01-28,"3.60%",0,3.6,0.186589811166436
2026-03-17,2025-01-28,"3.85%",25,3.85,0.158907761882928
2026-03-17,2025-01-28,"4.10%",50,4.1,0.109405750828367
2026-03-17,2025-01-28,"4.35%",75,4.35,0.060891904375083
2026-03-17,2025-01-28,"4.60%",100,4.6,0.0273957061613024
2026-03-17,2025-01-28,"4.85%",125,4.85,0
2026-03-17,2025-01-28,"5.10%",150,5.1,0
2026-03-17,2025-01-28,"5.35%",175,5.35,0
2026-03-17,2025-01-28,"5.60%",200,5.6,0
2026-03-17,2025-01-28,"5.85%",225,5.85,0
2026-03-17,2025-01-28,"6.10%",250,6.1,0
2026-03-17,2025-01-29,"0.10%",-300,0.1,0
2026-03-17,2025-01-29,"0.35%",-300,0.35,0
2026-03-17,2025-01-29,"0.60%",-300,0.6,0
2026-03-17,2025-01-29,"0.85%",-275,0.85,0
2026-03-17,2025-01-29,"1.10%",-250,1.1,0
2026-03-17,2025-01-29,"1.35%",-225,1.35,0
2026-03-17,2025-01-29,"1.60%",-200,1.6,0
2026-03-17,2025-01-29,"1.85%",-175,1.85,0
2026-03-17,2025-01-29,"2.10%",-150,2.1,0
2026-03-17,2025-01-29,"2.35%",-125,2.35,0.0233160864728825
2026-03-17,2025-01-29,"2.60%",-100,2.6,0.0533143361230162
2026-03-17,2025-01-29,"2.85%",-75,2.85,0.0989337019889135
2026-03-17,2025-01-29,"3.10%",-50,3.1,0.148996859940664
2026-03-17,2025-01-29,"3.35%",-25,3.35,0.182119529199803
2026-03-17,2025-01-29,"3.60%",0,3.6,0.180671386390265
2026-03-17,2025-01-29,"3.85%",25,3.85,0.145470661902692
2026-03-17,2025-01-29,"4.10%",50,4.1,0.0950620507424674
2026-03-17,2025-01-29,"4.35%",75,4.35,0.0504162100047156
2026-03-17,2025-01-29,"4.60%",100,4.6,0.0216991772345803
2026-03-17,2025-01-29,"4.85%",125,4.85,0
2026-03-17,2025-01-29,"5.10%",150,5.1,0
2026-03-17,2025-01-29,"5.35%",175,5.35,0
2026-03-17,2025-01-29,"5.60%",200,5.6,0
2026-03-17,2025-01-29,"5.85%",225,5.85,0
2026-03-17,2025-01-29,"6.10%",250,6.1,0
2026-03-17,2025-01-30,"0.10%",-300,0.1,0
2026-03-17,2025-01-30,"0.35%",-300,0.35,0
2026-03-17,2025-01-30,"0.60%",-300,0.6,0
2026-03-17,2025-01-30,"0.85%",-275,0.85,0
2026-03-17,2025-01-30,"1.10%",-250,1.1,0
2026-03-17,2025-01-30,"1.35%",-225,1.35,0
2026-03-17,2025-01-30,"1.60%",-200,1.6,0
2026-03-17,2025-01-30,"1.85%",-175,1.85,0
2026-03-17,2025-01-30,"2.10%",-150,2.1,0
2026-03-17,2025-01-30,"2.35%",-125,2.35,0.0168644393771737
2026-03-17,2025-01-30,"2.60%",-100,2.6,0.0455169358778394
2026-03-17,2025-01-30,"2.85%",-75,2.85,0.0954940126448372
2026-03-17,2025-01-30,"3.10%",-50,3.1,0.155748759712027
2026-03-17,2025-01-30,"3.35%",-25,3.35,0.197491178592346
2026-03-17,2025-01-30,"3.60%",0,3.6,0.194697288194531
2026-03-17,2025-01-30,"3.85%",25,3.85,0.14923143975217
2026-03-17,2025-01-30,"4.10%",50,4.1,0.0889268318808863
2026-03-17,2025-01-30,"4.35%",75,4.35,0.0411951814090504
2026-03-17,2025-01-30,"4.60%",100,4.6,0.0148339325591386
2026-03-17,2025-01-30,"4.85%",125,4.85,0
2026-03-17,2025-01-30,"5.10%",150,5.1,0
2026-03-17,2025-01-30,"5.35%",175,5.35,0
2026-03-17,2025-01-30,"5.60%",200,5.6,0
2026-03-17,2025-01-30,"5.85%",225,5.85,0
2026-03-17,2025-01-30,"6.10%",250,6.1,0
2026-03-17,2025-01-31,"0.10%",-300,0.1,0
2026-03-17,2025-01-31,"0.35%",-300,0.35,0
2026-03-17,2025-01-31,"0.60%",-300,0.6,0
2026-03-17,2025-01-31,"0.85%",-275,0.85,0
2026-03-17,2025-01-31,"1.10%",-250,1.1,0
2026-03-17,2025-01-31,"1.35%",-225,1.35,0
2026-03-17,2025-01-31,"1.60%",-200,1.6,0
2026-03-17,2025-01-31,"1.85%",-175,1.85,0
2026-03-17,2025-01-31,"2.10%",-150,2.1,0
2026-03-17,2025-01-31,"2.35%",-125,2.35,0.0215074778747755
2026-03-17,2025-01-31,"2.60%",-100,2.6,0.0503437977518583
2026-03-17,2025-01-31,"2.85%",-75,2.85,0.0953982391437101
2026-03-17,2025-01-31,"3.10%",-50,3.1,0.14635068730748
2026-03-17,2025-01-31,"3.35%",-25,3.35,0.181770869331836
2026-03-17,2025-01-31,"3.60%",0,3.6,0.182783352330066
2026-03-17,2025-01-31,"3.85%",25,3.85,0.148809969263783
2026-03-17,2025-01-31,"4.10%",50,4.1,0.0980851177694907
2026-03-17,2025-01-31,"4.35%",75,4.35,0.0523401791110489
2026-03-17,2025-01-31,"4.60%",100,4.6,0.0226103101159513
2026-03-17,2025-01-31,"4.85%",125,4.85,0
2026-03-17,2025-01-31,"5.10%",150,5.1,0
2026-03-17,2025-01-31,"5.35%",175,5.35,0
2026-03-17,2025-01-31,"5.60%",200,5.6,0
2026-03-17,2025-01-31,"5.85%",225,5.85,0
2026-03-17,2025-01-31,"6.10%",250,6.1,0
2026-03-17,2025-02-03,"0.10%",-300,0.1,0
2026-03-17,2025-02-03,"0.35%",-300,0.35,0
2026-03-17,2025-02-03,"0.60%",-300,0.6,0
2026-03-17,2025-02-03,"0.85%",-275,0.85,0
2026-03-17,2025-02-03,"1.10%",-250,1.1,0
2026-03-17,2025-02-03,"1.35%",-225,1.35,0
2026-03-17,2025-02-03,"1.60%",-200,1.6,0
2026-03-17,2025-02-03,"1.85%",-175,1.85,0
2026-03-17,2025-02-03,"2.10%",-150,2.1,0.0125592978423774
2026-03-17,2025-02-03,"2.35%",-125,2.35,0.0312169465554755
2026-03-17,2025-02-03,"2.60%",-100,2.6,0.0640862590084295
2026-03-17,2025-02-03,"2.85%",-75,2.85,0.10866935199013
2026-03-17,2025-02-03,"3.10%",-50,3.1,0.152205562650015
2026-03-17,2025-02-03,"3.35%",-25,3.35,0.176093805524827
2026-03-17,2025-02-03,"3.60%",0,3.6,0.168287393066414
2026-03-17,2025-02-03,"3.85%",25,3.85,0.132847026835442
2026-03-17,2025-02-03,"4.10%",50,4.1,0.0866240793040983
2026-03-17,2025-02-03,"4.35%",75,4.35,0.0466552836423738
2026-03-17,2025-02-03,"4.60%",100,4.6,0.0207549935804176
2026-03-17,2025-02-03,"4.85%",125,4.85,0
2026-03-17,2025-02-03,"5.10%",150,5.1,0
2026-03-17,2025-02-03,"5.35%",175,5.35,0
2026-03-17,2025-02-03,"5.60%",200,5.6,0
2026-03-17,2025-02-03,"5.85%",225,5.85,0
2026-03-17,2025-02-03,"6.10%",250,6.1,0
2026-03-17,2025-02-04,"0.10%",-300,0.1,0
2026-03-17,2025-02-04,"0.35%",-300,0.35,0
2026-03-17,2025-02-04,"0.60%",-300,0.6,0
2026-03-17,2025-02-04,"0.85%",-275,0.85,0
2026-03-17,2025-02-04,"1.10%",-250,1.1,0
2026-03-17,2025-02-04,"1.35%",-225,1.35,0
2026-03-17,2025-02-04,"1.60%",-200,1.6,0
2026-03-17,2025-02-04,"1.85%",-175,1.85,0
2026-03-17,2025-02-04,"2.10%",-150,2.1,0
2026-03-17,2025-02-04,"2.35%",-125,2.35,0.0241733524645348
2026-03-17,2025-02-04,"2.60%",-100,2.6,0.0557078705319866
2026-03-17,2025-02-04,"2.85%",-75,2.85,0.103422988931216
2026-03-17,2025-02-04,"3.10%",-50,3.1,0.154689727562364
2026-03-17,2025-02-04,"3.35%",-25,3.35,0.186408180868153
2026-03-17,2025-02-04,"3.60%",0,3.6,0.180981715354201
2026-03-17,2025-02-04,"3.85%",25,3.85,0.141569447502157
2026-03-17,2025-02-04,"4.10%",50,4.1,0.0892195655570082
2026-03-17,2025-02-04,"4.35%",75,4.35,0.045299039646179
2026-03-17,2025-02-04,"4.60%",100,4.6,0.0185281115822012
2026-03-17,2025-02-04,"4.85%",125,4.85,0
2026-03-17,2025-02-04,"5.10%",150,5.1,0
2026-03-17,2025-02-04,"5.35%",175,5.35,0
2026-03-17,2025-02-04,"5.60%",200,5.6,0
2026-03-17,2025-02-04,"5.85%",225,5.85,0
2026-03-17,2025-02-04,"6.10%",250,6.1,0
2026-03-17,2025-02-05,"0.10%",-300,0.1,0
2026-03-17,2025-02-05,"0.35%",-300,0.35,0
2026-03-17,2025-02-05,"0.60%",-300,0.6,0
2026-03-17,2025-02-05,"0.85%",-275,0.85,0
2026-03-17,2025-02-05,"1.10%",-250,1.1,0
2026-03-17,2025-02-05,"1.35%",-225,1.35,0
2026-03-17,2025-02-05,"1.60%",-200,1.6,0
2026-03-17,2025-02-05,"1.85%",-175,1.85,0
2026-03-17,2025-02-05,"2.10%",-150,2.1,0
2026-03-17,2025-02-05,"2.35%",-125,2.35,0.024186054445433
2026-03-17,2025-02-05,"2.60%",-100,2.6,0.0566624565265754
2026-03-17,2025-02-05,"2.85%",-75,2.85,0.106113760103429
2026-03-17,2025-02-05,"3.10%",-50,3.1,0.15886195378351
2026-03-17,2025-02-05,"3.35%",-25,3.35,0.190132778827181
2026-03-17,2025-02-05,"3.60%",0,3.6,0.181924272655285
2026-03-17,2025-02-05,"3.85%",25,3.85,0.139161457872469
2026-03-17,2025-02-05,"4.10%",50,4.1,0.0851002006753452
2026-03-17,2025-02-05,"4.35%",75,4.35,0.0416011073945771
2026-03-17,2025-02-05,"4.60%",100,4.6,0.0162559577161944
2026-03-17,2025-02-05,"4.85%",125,4.85,0
2026-03-17,2025-02-05,"5.10%",150,5.1,0
2026-03-17,2025-02-05,"5.35%",175,5.35,0
2026-03-17,2025-02-05,"5.60%",200,5.6,0
2026-03-17,2025-02-05,"5.85%",225,5.85,0
2026-03-17,2025-02-05,"6.10%",250,6.1,0
2026-03-17,2025-02-06,"0.10%",-300,0.1,0
2026-03-17,2025-02-06,"0.35%",-300,0.35,0
2026-03-17,2025-02-06,"0.60%",-300,0.6,0
2026-03-17,2025-02-06,"0.85%",-275,0.85,0
2026-03-17,2025-02-06,"1.10%",-250,1.1,0
2026-03-17,2025-02-06,"1.35%",-225,1.35,0
2026-03-17,2025-02-06,"1.60%",-200,1.6,0
2026-03-17,2025-02-06,"1.85%",-175,1.85,0
2026-03-17,2025-02-06,"2.10%",-150,2.1,0
2026-03-17,2025-02-06,"2.35%",-125,2.35,0.0230927336088581
2026-03-17,2025-02-06,"2.60%",-100,2.6,0.0564093600697317
2026-03-17,2025-02-06,"2.85%",-75,2.85,0.10852886950581
2026-03-17,2025-02-06,"3.10%",-50,3.1,0.164471432286422
2026-03-17,2025-02-06,"3.35%",-25,3.35,0.196339661394887
2026-03-17,2025-02-06,"3.60%",0,3.6,0.184632070178064
2026-03-17,2025-02-06,"3.85%",25,3.85,0.136768029099565
2026-03-17,2025-02-06,"4.10%",50,4.1,0.0798040481985852
2026-03-17,2025-02-06,"4.35%",75,4.35,0.0366775930100314
2026-03-17,2025-02-06,"4.60%",100,4.6,0.0132762026480458
2026-03-17,2025-02-06,"4.85%",125,4.85,0
2026-03-17,2025-02-06,"5.10%",150,5.1,0
2026-03-17,2025-02-06,"5.35%",175,5.35,0
2026-03-17,2025-02-06,"5.60%",200,5.6,0
2026-03-17,2025-02-06,"5.85%",225,5.85,0
2026-03-17,2025-02-06,"6.10%",250,6.1,0
2026-03-17,2025-02-07,"0.10%",-300,0.1,0
2026-03-17,2025-02-07,"0.35%",-300,0.35,0
2026-03-17,2025-02-07,"0.60%",-300,0.6,0
2026-03-17,2025-02-07,"0.85%",-275,0.85,0
2026-03-17,2025-02-07,"1.10%",-250,1.1,0
2026-03-17,2025-02-07,"1.35%",-225,1.35,0
2026-03-17,2025-02-07,"1.60%",-200,1.6,0
2026-03-17,2025-02-07,"1.85%",-175,1.85,0
2026-03-17,2025-02-07,"2.10%",-150,2.1,0
2026-03-17,2025-02-07,"2.35%",-125,2.35,0.0178627030594201
2026-03-17,2025-02-07,"2.60%",-100,2.6,0.0474307413337474
2026-03-17,2025-02-07,"2.85%",-75,2.85,0.0980524350101264
2026-03-17,2025-02-07,"3.10%",-50,3.1,0.157828095462886
2026-03-17,2025-02-07,"3.35%",-25,3.35,0.197817965880139
2026-03-17,2025-02-07,"3.60%",0,3.6,0.193070587109123
2026-03-17,2025-02-07,"3.85%",25,3.85,0.146735101102373
2026-03-17,2025-02-07,"4.10%",50,4.1,0.0868366522352651
2026-03-17,2025-02-07,"4.35%",75,4.35,0.0400122087208564
2026-03-17,2025-02-07,"4.60%",100,4.6,0.0143535100860636
2026-03-17,2025-02-07,"4.85%",125,4.85,0
2026-03-17,2025-02-07,"5.10%",150,5.1,0
2026-03-17,2025-02-07,"5.35%",175,5.35,0
2026-03-17,2025-02-07,"5.60%",200,5.6,0
2026-03-17,2025-02-07,"5.85%",225,5.85,0
2026-03-17,2025-02-07,"6.10%",250,6.1,0
2026-03-17,2025-02-10,"0.10%",-300,0.1,0
2026-03-17,2025-02-10,"0.35%",-300,0.35,0
2026-03-17,2025-02-10,"0.60%",-300,0.6,0
2026-03-17,2025-02-10,"0.85%",-275,0.85,0
2026-03-17,2025-02-10,"1.10%",-250,1.1,0
2026-03-17,2025-02-10,"1.35%",-225,1.35,0
2026-03-17,2025-02-10,"1.60%",-200,1.6,0
2026-03-17,2025-02-10,"1.85%",-175,1.85,0
2026-03-17,2025-02-10,"2.10%",-150,2.1,0
2026-03-17,2025-02-10,"2.35%",-125,2.35,0.0141953284949167
2026-03-17,2025-02-10,"2.60%",-100,2.6,0.0399089728862147
2026-03-17,2025-02-10,"2.85%",-75,2.85,0.0871091254333382
2026-03-17,2025-02-10,"3.10%",-50,3.1,0.147628712879086
2026-03-17,2025-02-10,"3.35%",-25,3.35,0.19427820168016
2026-03-17,2025-02-10,"3.60%",0,3.6,0.198536473384773
2026-03-17,2025-02-10,"3.85%",25,3.85,0.15755089083665
2026-03-17,2025-02-10,"4.10%",50,4.1,0.0970848528851734
2026-03-17,2025-02-10,"4.35%",75,4.35,0.046451814702975
2026-03-17,2025-02-10,"4.60%",100,4.6,0.0172556268167132
2026-03-17,2025-02-10,"4.85%",125,4.85,0
2026-03-17,2025-02-10,"5.10%",150,5.1,0
2026-03-17,2025-02-10,"5.35%",175,5.35,0
2026-03-17,2025-02-10,"5.60%",200,5.6,0
2026-03-17,2025-02-10,"5.85%",225,5.85,0
2026-03-17,2025-02-10,"6.10%",250,6.1,0
2026-03-17,2025-02-11,"0.10%",-300,0.1,0
2026-03-17,2025-02-11,"0.35%",-300,0.35,0
2026-03-17,2025-02-11,"0.60%",-300,0.6,0
2026-03-17,2025-02-11,"0.85%",-275,0.85,0
2026-03-17,2025-02-11,"1.10%",-250,1.1,0
2026-03-17,2025-02-11,"1.35%",-225,1.35,0
2026-03-17,2025-02-11,"1.60%",-200,1.6,0
2026-03-17,2025-02-11,"1.85%",-175,1.85,0
2026-03-17,2025-02-11,"2.10%",-150,2.1,0
2026-03-17,2025-02-11,"2.35%",-125,2.35,0.0116884067031563
2026-03-17,2025-02-11,"2.60%",-100,2.6,0.0359795682786222
2026-03-17,2025-02-11,"2.85%",-75,2.85,0.0840943940756918
2026-03-17,2025-02-11,"3.10%",-50,3.1,0.149263219629514
2026-03-17,2025-02-11,"3.35%",-25,3.35,0.20121391220683
2026-03-17,2025-02-11,"3.60%",0,3.6,0.206018591380819
2026-03-17,2025-02-11,"3.85%",25,3.85,0.160213800146484
2026-03-17,2025-02-11,"4.10%",50,4.1,0.0946277417184027
2026-03-17,2025-02-11,"4.35%",75,4.35,0.0424444400072025
2026-03-17,2025-02-11,"4.60%",100,4.6,0.0144559258532779
2026-03-17,2025-02-11,"4.85%",125,4.85,0
2026-03-17,2025-02-11,"5.10%",150,5.1,0
2026-03-17,2025-02-11,"5.35%",175,5.35,0
2026-03-17,2025-02-11,"5.60%",200,5.6,0
2026-03-17,2025-02-11,"5.85%",225,5.85,0
2026-03-17,2025-02-11,"6.10%",250,6.1,0
2026-03-17,2025-02-12,"0.10%",-300,0.1,0
2026-03-17,2025-02-12,"0.35%",-300,0.35,0
2026-03-17,2025-02-12,"0.60%",-300,0.6,0
2026-03-17,2025-02-12,"0.85%",-275,0.85,0
2026-03-17,2025-02-12,"1.10%",-250,1.1,0
2026-03-17,2025-02-12,"1.35%",-225,1.35,0
2026-03-17,2025-02-12,"1.60%",-200,1.6,0
2026-03-17,2025-02-12,"1.85%",-175,1.85,0
2026-03-17,2025-02-12,"2.10%",-150,2.1,0
2026-03-17,2025-02-12,"2.35%",-125,2.35,0
2026-03-17,2025-02-12,"2.60%",-100,2.6,0.0304963640251943
2026-03-17,2025-02-12,"2.85%",-75,2.85,0.0736269179552791
2026-03-17,2025-02-12,"3.10%",-50,3.1,0.136123664533999
2026-03-17,2025-02-12,"3.35%",-25,3.35,0.192744751120113
2026-03-17,2025-02-12,"3.60%",0,3.6,0.209029952499449
2026-03-17,2025-02-12,"3.85%",25,3.85,0.173627067373997
2026-03-17,2025-02-12,"4.10%",50,4.1,0.110457647211787
2026-03-17,2025-02-12,"4.35%",75,4.35,0.053815968112719
2026-03-17,2025-02-12,"4.60%",100,4.6,0.0200776671674636
2026-03-17,2025-02-12,"4.85%",125,4.85,0
2026-03-17,2025-02-12,"5.10%",150,5.1,0
2026-03-17,2025-02-12,"5.35%",175,5.35,0
2026-03-17,2025-02-12,"5.60%",200,5.6,0
2026-03-17,2025-02-12,"5.85%",225,5.85,0
2026-03-17,2025-02-12,"6.10%",250,6.1,0
2026-03-17,2025-02-13,"0.10%",-300,0.1,0
2026-03-17,2025-02-13,"0.35%",-300,0.35,0
2026-03-17,2025-02-13,"0.60%",-300,0.6,0
2026-03-17,2025-02-13,"0.85%",-275,0.85,0
2026-03-17,2025-02-13,"1.10%",-250,1.1,0
2026-03-17,2025-02-13,"1.35%",-225,1.35,0
2026-03-17,2025-02-13,"1.60%",-200,1.6,0
2026-03-17,2025-02-13,"1.85%",-175,1.85,0
2026-03-17,2025-02-13,"2.10%",-150,2.1,0
2026-03-17,2025-02-13,"2.35%",-125,2.35,0.0104747870387235
2026-03-17,2025-02-13,"2.60%",-100,2.6,0.0317658515820033
2026-03-17,2025-02-13,"2.85%",-75,2.85,0.0744271488059716
2026-03-17,2025-02-13,"3.10%",-50,3.1,0.134744359028985
2026-03-17,2025-02-13,"3.35%",-25,3.35,0.188510710117988
2026-03-17,2025-02-13,"3.60%",0,3.6,0.203811905832401
2026-03-17,2025-02-13,"3.85%",25,3.85,0.17029279735459
2026-03-17,2025-02-13,"4.10%",50,4.1,0.109957395482068
2026-03-17,2025-02-13,"4.35%",75,4.35,0.0548637830528036
2026-03-17,2025-02-13,"4.60%",100,4.6,0.0211512617044659
2026-03-17,2025-02-13,"4.85%",125,4.85,0
2026-03-17,2025-02-13,"5.10%",150,5.1,0
2026-03-17,2025-02-13,"5.35%",175,5.35,0
2026-03-17,2025-02-13,"5.60%",200,5.6,0
2026-03-17,2025-02-13,"5.85%",225,5.85,0
2026-03-17,2025-02-13,"6.10%",250,6.1,0
2026-03-17,2025-02-14,"0.10%",-300,0.1,0
2026-03-17,2025-02-14,"0.35%",-300,0.35,0
2026-03-17,2025-02-14,"0.60%",-300,0.6,0
2026-03-17,2025-02-14,"0.85%",-275,0.85,0
2026-03-17,2025-02-14,"1.10%",-250,1.1,0
2026-03-17,2025-02-14,"1.35%",-225,1.35,0
2026-03-17,2025-02-14,"1.60%",-200,1.6,0
2026-03-17,2025-02-14,"1.85%",-175,1.85,0
2026-03-17,2025-02-14,"2.10%",-150,2.1,0
2026-03-17,2025-02-14,"2.35%",-125,2.35,0
2026-03-17,2025-02-14,"2.60%",-100,2.6,0.0302120791281757
2026-03-17,2025-02-14,"2.85%",-75,2.85,0.0738790913738661
2026-03-17,2025-02-14,"3.10%",-50,3.1,0.137570051741506
2026-03-17,2025-02-14,"3.35%",-25,3.35,0.195089776698666
2026-03-17,2025-02-14,"3.60%",0,3.6,0.21070763126957
2026-03-17,2025-02-14,"3.85%",25,3.85,0.173327368766029
2026-03-17,2025-02-14,"4.10%",50,4.1,0.108587545241052
2026-03-17,2025-02-14,"4.35%",75,4.35,0.0518063707925733
2026-03-17,2025-02-14,"4.60%",100,4.6,0.0188200849885613
2026-03-17,2025-02-14,"4.85%",125,4.85,0
2026-03-17,2025-02-14,"5.10%",150,5.1,0
2026-03-17,2025-02-14,"5.35%",175,5.35,0
2026-03-17,2025-02-14,"5.60%",200,5.6,0
2026-03-17,2025-02-14,"5.85%",225,5.85,0
2026-03-17,2025-02-14,"6.10%",250,6.1,0
2026-03-17,2025-02-17,"0.10%",-300,0.1,0
2026-03-17,2025-02-17,"0.35%",-300,0.35,0
2026-03-17,2025-02-17,"0.60%",-300,0.6,0
2026-03-17,2025-02-17,"0.85%",-275,0.85,0
2026-03-17,2025-02-17,"1.10%",-250,1.1,0
2026-03-17,2025-02-17,"1.35%",-225,1.35,0
2026-03-17,2025-02-17,"1.60%",-200,1.6,0
2026-03-17,2025-02-17,"1.85%",-175,1.85,0
2026-03-17,2025-02-17,"2.10%",-150,2.1,0
2026-03-17,2025-02-17,"2.35%",-125,2.35,0
2026-03-17,2025-02-17,"2.60%",-100,2.6,0.022717489966717
2026-03-17,2025-02-17,"2.85%",-75,2.85,0.0623144421851485
2026-03-17,2025-02-17,"3.10%",-50,3.1,0.127275644418509
2026-03-17,2025-02-17,"3.35%",-25,3.35,0.193596679686084
2026-03-17,2025-02-17,"3.60%",0,3.6,0.219324634385318
2026-03-17,2025-02-17,"3.85%",25,3.85,0.185065797021302
2026-03-17,2025-02-17,"4.10%",50,4.1,0.11630473194882
2026-03-17,2025-02-17,"4.35%",75,4.35,0.0544322054410729
2026-03-17,2025-02-17,"4.60%",100,4.6,0.0189683749470288
2026-03-17,2025-02-17,"4.85%",125,4.85,0
2026-03-17,2025-02-17,"5.10%",150,5.1,0
2026-03-17,2025-02-17,"5.35%",175,5.35,0
2026-03-17,2025-02-17,"5.60%",200,5.6,0
2026-03-17,2025-02-17,"5.85%",225,5.85,0
2026-03-17,2025-02-17,"6.10%",250,6.1,0
2026-03-17,2025-02-19,"0.10%",-300,0.1,0
2026-03-17,2025-02-19,"0.35%",-300,0.35,0
2026-03-17,2025-02-19,"0.60%",-300,0.6,0
2026-03-17,2025-02-19,"0.85%",-275,0.85,0
2026-03-17,2025-02-19,"1.10%",-250,1.1,0
2026-03-17,2025-02-19,"1.35%",-225,1.35,0
2026-03-17,2025-02-19,"1.60%",-200,1.6,0
2026-03-17,2025-02-19,"1.85%",-175,1.85,0
2026-03-17,2025-02-19,"2.10%",-150,2.1,0
2026-03-17,2025-02-19,"2.35%",-125,2.35,0
2026-03-17,2025-02-19,"2.60%",-100,2.6,0.017817779641829
2026-03-17,2025-02-19,"2.85%",-75,2.85,0.0506885379079446
2026-03-17,2025-02-19,"3.10%",-50,3.1,0.108700102832801
2026-03-17,2025-02-19,"3.35%",-25,3.35,0.175742719092476
2026-03-17,2025-02-19,"3.60%",0,3.6,0.214236203421042
2026-03-17,2025-02-19,"3.85%",25,3.85,0.196921739697117
2026-03-17,2025-02-19,"4.10%",50,4.1,0.136481073353081
2026-03-17,2025-02-19,"4.35%",75,4.35,0.0713177563934857
2026-03-17,2025-02-19,"4.60%",100,4.6,0.0280940876602243
2026-03-17,2025-02-19,"4.85%",125,4.85,0
2026-03-17,2025-02-19,"5.10%",150,5.1,0
2026-03-17,2025-02-19,"5.35%",175,5.35,0
2026-03-17,2025-02-19,"5.60%",200,5.6,0
2026-03-17,2025-02-19,"5.85%",225,5.85,0
2026-03-17,2025-02-19,"6.10%",250,6.1,0
2026-03-17,2025-02-20,"0.10%",-300,0.1,0
2026-03-17,2025-02-20,"0.35%",-300,0.35,0
2026-03-17,2025-02-20,"0.60%",-300,0.6,0
2026-03-17,2025-02-20,"0.85%",-275,0.85,0
2026-03-17,2025-02-20,"1.10%",-250,1.1,0
2026-03-17,2025-02-20,"1.35%",-225,1.35,0
2026-03-17,2025-02-20,"1.60%",-200,1.6,0
2026-03-17,2025-02-20,"1.85%",-175,1.85,0
2026-03-17,2025-02-20,"2.10%",-150,2.1,0
2026-03-17,2025-02-20,"2.35%",-125,2.35,0
2026-03-17,2025-02-20,"2.60%",-100,2.6,0.0176301259216465
2026-03-17,2025-02-20,"2.85%",-75,2.85,0.0494799801640846
2026-03-17,2025-02-20,"3.10%",-50,3.1,0.105534171496908
2026-03-17,2025-02-20,"3.35%",-25,3.35,0.171081721468407
2026-03-17,2025-02-20,"3.60%",0,3.6,0.210813631691758
2026-03-17,2025-02-20,"3.85%",25,3.85,0.197467155551178
2026-03-17,2025-02-20,"4.10%",50,4.1,0.140600530468121
2026-03-17,2025-02-20,"4.35%",75,4.35,0.0760936170579616
2026-03-17,2025-02-20,"4.60%",100,4.6,0.0312990661799358
2026-03-17,2025-02-20,"4.85%",125,4.85,0
2026-03-17,2025-02-20,"5.10%",150,5.1,0
2026-03-17,2025-02-20,"5.35%",175,5.35,0
2026-03-17,2025-02-20,"5.60%",200,5.6,0
2026-03-17,2025-02-20,"5.85%",225,5.85,0
2026-03-17,2025-02-20,"6.10%",250,6.1,0
2026-03-17,2025-02-21,"0.10%",-300,0.1,0
2026-03-17,2025-02-21,"0.35%",-300,0.35,0
2026-03-17,2025-02-21,"0.60%",-300,0.6,0
2026-03-17,2025-02-21,"0.85%",-275,0.85,0
2026-03-17,2025-02-21,"1.10%",-250,1.1,0
2026-03-17,2025-02-21,"1.35%",-225,1.35,0
2026-03-17,2025-02-21,"1.60%",-200,1.6,0
2026-03-17,2025-02-21,"1.85%",-175,1.85,0
2026-03-17,2025-02-21,"2.10%",-150,2.1,0
2026-03-17,2025-02-21,"2.35%",-125,2.35,0
2026-03-17,2025-02-21,"2.60%",-100,2.6,0.0178046522812712
2026-03-17,2025-02-21,"2.85%",-75,2.85,0.0510569931135749
2026-03-17,2025-02-21,"3.10%",-50,3.1,0.109928591512332
2026-03-17,2025-02-21,"3.35%",-25,3.35,0.177732169631171
2026-03-17,2025-02-21,"3.60%",0,3.6,0.215806291099692
2026-03-17,2025-02-21,"3.85%",25,3.85,0.196798768366602
2026-03-17,2025-02-21,"4.10%",50,4.1,0.13478219287633
2026-03-17,2025-02-21,"4.35%",75,4.35,0.069320329865484
2026-03-17,2025-02-21,"4.60%",100,4.6,0.0267700112535431
2026-03-17,2025-02-21,"4.85%",125,4.85,0
2026-03-17,2025-02-21,"5.10%",150,5.1,0
2026-03-17,2025-02-21,"5.35%",175,5.35,0
2026-03-17,2025-02-21,"5.60%",200,5.6,0
2026-03-17,2025-02-21,"5.85%",225,5.85,0
2026-03-17,2025-02-21,"6.10%",250,6.1,0
2026-03-17,2025-02-24,"0.10%",-300,0.1,0
2026-03-17,2025-02-24,"0.35%",-300,0.35,0
2026-03-17,2025-02-24,"0.60%",-300,0.6,0
2026-03-17,2025-02-24,"0.85%",-275,0.85,0
2026-03-17,2025-02-24,"1.10%",-250,1.1,0
2026-03-17,2025-02-24,"1.35%",-225,1.35,0
2026-03-17,2025-02-24,"1.60%",-200,1.6,0
2026-03-17,2025-02-24,"1.85%",-175,1.85,0
2026-03-17,2025-02-24,"2.10%",-150,2.1,0
2026-03-17,2025-02-24,"2.35%",-125,2.35,0
2026-03-17,2025-02-24,"2.60%",-100,2.6,0.0256929002514657
2026-03-17,2025-02-24,"2.85%",-75,2.85,0.0659238163397041
2026-03-17,2025-02-24,"3.10%",-50,3.1,0.128372421244205
2026-03-17,2025-02-24,"3.35%",-25,3.35,0.189737498845193
2026-03-17,2025-02-24,"3.60%",0,3.6,0.212871633066473
2026-03-17,2025-02-24,"3.85%",25,3.85,0.181290425065323
2026-03-17,2025-02-24,"4.10%",50,4.1,0.117195643226268
2026-03-17,2025-02-24,"4.35%",75,4.35,0.0575033217697085
2026-03-17,2025-02-24,"4.60%",100,4.6,0.0214123401916592
2026-03-17,2025-02-24,"4.85%",125,4.85,0
2026-03-17,2025-02-24,"5.10%",150,5.1,0
2026-03-17,2025-02-24,"5.35%",175,5.35,0
2026-03-17,2025-02-24,"5.60%",200,5.6,0
2026-03-17,2025-02-24,"5.85%",225,5.85,0
2026-03-17,2025-02-24,"6.10%",250,6.1,0
2026-03-17,2025-02-25,"0.10%",-300,0.1,0
2026-03-17,2025-02-25,"0.35%",-300,0.35,0
2026-03-17,2025-02-25,"0.60%",-300,0.6,0
2026-03-17,2025-02-25,"0.85%",-275,0.85,0
2026-03-17,2025-02-25,"1.10%",-250,1.1,0
2026-03-17,2025-02-25,"1.35%",-225,1.35,0
2026-03-17,2025-02-25,"1.60%",-200,1.6,0
2026-03-17,2025-02-25,"1.85%",-175,1.85,0
2026-03-17,2025-02-25,"2.10%",-150,2.1,0
2026-03-17,2025-02-25,"2.35%",-125,2.35,0
2026-03-17,2025-02-25,"2.60%",-100,2.6,0.027778791487468
2026-03-17,2025-02-25,"2.85%",-75,2.85,0.0718817075188005
2026-03-17,2025-02-25,"3.10%",-50,3.1,0.138972382366261
2026-03-17,2025-02-25,"3.35%",-25,3.35,0.200772617263685
2026-03-17,2025-02-25,"3.60%",0,3.6,0.216760963540624
2026-03-17,2025-02-25,"3.85%",25,3.85,0.174890248595222
2026-03-17,2025-02-25,"4.10%",50,4.1,0.105447824086931
2026-03-17,2025-02-25,"4.35%",75,4.35,0.0475061491825064
2026-03-17,2025-02-25,"4.60%",100,4.6,0.0159893159585017
2026-03-17,2025-02-25,"4.85%",125,4.85,0
2026-03-17,2025-02-25,"5.10%",150,5.1,0
2026-03-17,2025-02-25,"5.35%",175,5.35,0
2026-03-17,2025-02-25,"5.60%",200,5.6,0
2026-03-17,2025-02-25,"5.85%",225,5.85,0
2026-03-17,2025-02-25,"6.10%",250,6.1,0
2026-03-17,2025-02-26,"0.10%",-300,0.1,0
2026-03-17,2025-02-26,"0.35%",-300,0.35,0
2026-03-17,2025-02-26,"0.60%",-300,0.6,0
2026-03-17,2025-02-26,"0.85%",-275,0.85,0
2026-03-17,2025-02-26,"1.10%",-250,1.1,0
2026-03-17,2025-02-26,"1.35%",-225,1.35,0
2026-03-17,2025-02-26,"1.60%",-200,1.6,0
2026-03-17,2025-02-26,"1.85%",-175,1.85,0
2026-03-17,2025-02-26,"2.10%",-150,2.1,0
2026-03-17,2025-02-26,"2.35%",-125,2.35,0
2026-03-17,2025-02-26,"2.60%",-100,2.6,0.0216247156859037
2026-03-17,2025-02-26,"2.85%",-75,2.85,0.0676848611701358
2026-03-17,2025-02-26,"3.10%",-50,3.1,0.14767130447281
2026-03-17,2025-02-26,"3.35%",-25,3.35,0.22464688054422
2026-03-17,2025-02-26,"3.60%",0,3.6,0.238330874890946
2026-03-17,2025-02-26,"3.85%",25,3.85,0.176338324266991
2026-03-17,2025-02-26,"4.10%",50,4.1,0.0909797416404337
2026-03-17,2025-02-26,"4.35%",75,4.35,0.0327232973285595
2026-03-17,2025-02-26,"4.60%",100,4.6,0
2026-03-17,2025-02-26,"4.85%",125,4.85,0
2026-03-17,2025-02-26,"5.10%",150,5.1,0
2026-03-17,2025-02-26,"5.35%",175,5.35,0
2026-03-17,2025-02-26,"5.60%",200,5.6,0
2026-03-17,2025-02-26,"5.85%",225,5.85,0
2026-03-17,2025-02-26,"6.10%",250,6.1,0
2026-03-17,2025-02-27,"0.10%",-300,0.1,0
2026-03-17,2025-02-27,"0.35%",-300,0.35,0
2026-03-17,2025-02-27,"0.60%",-300,0.6,0
2026-03-17,2025-02-27,"0.85%",-275,0.85,0
2026-03-17,2025-02-27,"1.10%",-250,1.1,0
2026-03-17,2025-02-27,"1.35%",-225,1.35,0
2026-03-17,2025-02-27,"1.60%",-200,1.6,0
2026-03-17,2025-02-27,"1.85%",-175,1.85,0
2026-03-17,2025-02-27,"2.10%",-150,2.1,0
2026-03-17,2025-02-27,"2.35%",-125,2.35,0
2026-03-17,2025-02-27,"2.60%",-100,2.6,0.0237855573028752
2026-03-17,2025-02-27,"2.85%",-75,2.85,0.0704413846803511
2026-03-17,2025-02-27,"3.10%",-50,3.1,0.147986244583402
2026-03-17,2025-02-27,"3.35%",-25,3.35,0.220600043830141
2026-03-17,2025-02-27,"3.60%",0,3.6,0.233368768901463
2026-03-17,2025-02-27,"3.85%",25,3.85,0.175203040798511
2026-03-17,2025-02-27,"4.10%",50,4.1,0.0933377700160842
2026-03-17,2025-02-27,"4.35%",75,4.35,0.0352771898871725
2026-03-17,2025-02-27,"4.60%",100,4.6,0
2026-03-17,2025-02-27,"4.85%",125,4.85,0
2026-03-17,2025-02-27,"5.10%",150,5.1,0
2026-03-17,2025-02-27,"5.35%",175,5.35,0
2026-03-17,2025-02-27,"5.60%",200,5.6,0
2026-03-17,2025-02-27,"5.85%",225,5.85,0
2026-03-17,2025-02-27,"6.10%",250,6.1,0
2026-03-17,2025-02-28,"0.10%",-300,0.1,0
2026-03-17,2025-02-28,"0.35%",-300,0.35,0
2026-03-17,2025-02-28,"0.60%",-300,0.6,0
2026-03-17,2025-02-28,"0.85%",-275,0.85,0
2026-03-17,2025-02-28,"1.10%",-250,1.1,0
2026-03-17,2025-02-28,"1.35%",-225,1.35,0
2026-03-17,2025-02-28,"1.60%",-200,1.6,0
2026-03-17,2025-02-28,"1.85%",-175,1.85,0
2026-03-17,2025-02-28,"2.10%",-150,2.1,0
2026-03-17,2025-02-28,"2.35%",-125,2.35,0.0120657739162577
2026-03-17,2025-02-28,"2.60%",-100,2.6,0.0387482093501763
2026-03-17,2025-02-28,"2.85%",-75,2.85,0.0923948339954043
2026-03-17,2025-02-28,"3.10%",-50,3.1,0.163616276897597
2026-03-17,2025-02-28,"3.35%",-25,3.35,0.215201208192505
2026-03-17,2025-02-28,"3.60%",0,3.6,0.210247094106411
2026-03-17,2025-02-28,"3.85%",25,3.85,0.152573822347785
2026-03-17,2025-02-28,"4.10%",50,4.1,0.0822360848860962
2026-03-17,2025-02-28,"4.35%",75,4.35,0.0329166963077685
2026-03-17,2025-02-28,"4.60%",100,4.6,0
2026-03-17,2025-02-28,"4.85%",125,4.85,0
2026-03-17,2025-02-28,"5.10%",150,5.1,0
2026-03-17,2025-02-28,"5.35%",175,5.35,0
2026-03-17,2025-02-28,"5.60%",200,5.6,0
2026-03-17,2025-02-28,"5.85%",225,5.85,0
2026-03-17,2025-02-28,"6.10%",250,6.1,0
2026-03-17,2025-03-03,"0.10%",-300,0.1,0
2026-03-17,2025-03-03,"0.35%",-300,0.35,0
2026-03-17,2025-03-03,"0.60%",-300,0.6,0
2026-03-17,2025-03-03,"0.85%",-275,0.85,0
2026-03-17,2025-03-03,"1.10%",-250,1.1,0
2026-03-17,2025-03-03,"1.35%",-225,1.35,0
2026-03-17,2025-03-03,"1.60%",-200,1.6,0
2026-03-17,2025-03-03,"1.85%",-175,1.85,0
2026-03-17,2025-03-03,"2.10%",-150,2.1,0
2026-03-17,2025-03-03,"2.35%",-125,2.35,0.0106114701427192
2026-03-17,2025-03-03,"2.60%",-100,2.6,0.035332064868348
2026-03-17,2025-03-03,"2.85%",-75,2.85,0.0869512507762417
2026-03-17,2025-03-03,"3.10%",-50,3.1,0.158192494076394
2026-03-17,2025-03-03,"3.35%",-25,3.35,0.212794837349985
2026-03-17,2025-03-03,"3.60%",0,3.6,0.211657105727587
2026-03-17,2025-03-03,"3.85%",25,3.85,0.155668449396977
2026-03-17,2025-03-03,"4.10%",50,4.1,0.084650949011081
2026-03-17,2025-03-03,"4.35%",75,4.35,0.0340301258524914
2026-03-17,2025-03-03,"4.60%",100,4.6,0.0101112527981756
2026-03-17,2025-03-03,"4.85%",125,4.85,0
2026-03-17,2025-03-03,"5.10%",150,5.1,0
2026-03-17,2025-03-03,"5.35%",175,5.35,0
2026-03-17,2025-03-03,"5.60%",200,5.6,0
2026-03-17,2025-03-03,"5.85%",225,5.85,0
2026-03-17,2025-03-03,"6.10%",250,6.1,0
2026-03-17,2025-03-04,"0.10%",-300,0.1,0
2026-03-17,2025-03-04,"0.35%",-300,0.35,0
2026-03-17,2025-03-04,"0.60%",-300,0.6,0
2026-03-17,2025-03-04,"0.85%",-275,0.85,0
2026-03-17,2025-03-04,"1.10%",-250,1.1,0
2026-03-17,2025-03-04,"1.35%",-225,1.35,0
2026-03-17,2025-03-04,"1.60%",-200,1.6,0
2026-03-17,2025-03-04,"1.85%",-175,1.85,0
2026-03-17,2025-03-04,"2.10%",-150,2.1,0
2026-03-17,2025-03-04,"2.35%",-125,2.35,0
2026-03-17,2025-03-04,"2.60%",-100,2.6,0.0258842306087045
2026-03-17,2025-03-04,"2.85%",-75,2.85,0.0866221594419207
2026-03-17,2025-03-04,"3.10%",-50,3.1,0.187236758787461
2026-03-17,2025-03-04,"3.35%",-25,3.35,0.261555865413901
2026-03-17,2025-03-04,"3.60%",0,3.6,0.236188440084207
2026-03-17,2025-03-04,"3.85%",25,3.85,0.1378605196262
2026-03-17,2025-03-04,"4.10%",50,4.1,0.0519917408612212
2026-03-17,2025-03-04,"4.35%",75,4.35,0.0126602851763848
2026-03-17,2025-03-04,"4.60%",100,4.6,0
2026-03-17,2025-03-04,"4.85%",125,4.85,0
2026-03-17,2025-03-04,"5.10%",150,5.1,0
2026-03-17,2025-03-04,"5.35%",175,5.35,0
2026-03-17,2025-03-04,"5.60%",200,5.6,0
2026-03-17,2025-03-04,"5.85%",225,5.85,0
2026-03-17,2025-03-04,"6.10%",250,6.1,0
2026-03-17,2025-03-05,"0.10%",-300,0.1,0
2026-03-17,2025-03-05,"0.35%",-300,0.35,0
2026-03-17,2025-03-05,"0.60%",-300,0.6,0
2026-03-17,2025-03-05,"0.85%",-275,0.85,0
2026-03-17,2025-03-05,"1.10%",-250,1.1,0
2026-03-17,2025-03-05,"1.35%",-225,1.35,0
2026-03-17,2025-03-05,"1.60%",-200,1.6,0
2026-03-17,2025-03-05,"1.85%",-175,1.85,0
2026-03-17,2025-03-05,"2.10%",-150,2.1,0
2026-03-17,2025-03-05,"2.35%",-125,2.35,0.0107415060290628
2026-03-17,2025-03-05,"2.60%",-100,2.6,0.0371635018548676
2026-03-17,2025-03-05,"2.85%",-75,2.85,0.0932269536648329
2026-03-17,2025-03-05,"3.10%",-50,3.1,0.169609528276577
2026-03-17,2025-03-05,"3.35%",-25,3.35,0.223829678258455
2026-03-17,2025-03-05,"3.60%",0,3.6,0.214278813162943
2026-03-17,2025-03-05,"3.85%",25,3.85,0.148809042290233
2026-03-17,2025-03-05,"4.10%",50,4.1,0.074958611386598
2026-03-17,2025-03-05,"4.35%",75,4.35,0.027382365076431
2026-03-17,2025-03-05,"4.60%",100,4.6,0
2026-03-17,2025-03-05,"4.85%",125,4.85,0
2026-03-17,2025-03-05,"5.10%",150,5.1,0
2026-03-17,2025-03-05,"5.35%",175,5.35,0
2026-03-17,2025-03-05,"5.60%",200,5.6,0
2026-03-17,2025-03-05,"5.85%",225,5.85,0
2026-03-17,2025-03-05,"6.10%",250,6.1,0
2026-03-17,2025-03-06,"0.10%",-300,0.1,0
2026-03-17,2025-03-06,"0.35%",-300,0.35,0
2026-03-17,2025-03-06,"0.60%",-300,0.6,0
2026-03-17,2025-03-06,"0.85%",-275,0.85,0
2026-03-17,2025-03-06,"1.10%",-250,1.1,0
2026-03-17,2025-03-06,"1.35%",-225,1.35,0
2026-03-17,2025-03-06,"1.60%",-200,1.6,0
2026-03-17,2025-03-06,"1.85%",-175,1.85,0
2026-03-17,2025-03-06,"2.10%",-150,2.1,0
2026-03-17,2025-03-06,"2.35%",-125,2.35,0
2026-03-17,2025-03-06,"2.60%",-100,2.6,0.0290997559169484
2026-03-17,2025-03-06,"2.85%",-75,2.85,0.0789060006024393
2026-03-17,2025-03-06,"3.10%",-50,3.1,0.154753300311541
2026-03-17,2025-03-06,"3.35%",-25,3.35,0.219565780707557
2026-03-17,2025-03-06,"3.60%",0,3.6,0.225387558757762
2026-03-17,2025-03-06,"3.85%",25,3.85,0.167393743757231
2026-03-17,2025-03-06,"4.10%",50,4.1,0.0899401353653647
2026-03-17,2025-03-06,"4.35%",75,4.35,0.0349537245811571
2026-03-17,2025-03-06,"4.60%",100,4.6,0
2026-03-17,2025-03-06,"4.85%",125,4.85,0
2026-03-17,2025-03-06,"5.10%",150,5.1,0
2026-03-17,2025-03-06,"5.35%",175,5.35,0
2026-03-17,2025-03-06,"5.60%",200,5.6,0
2026-03-17,2025-03-06,"5.85%",225,5.85,0
2026-03-17,2025-03-06,"6.10%",250,6.1,0
2026-03-17,2025-03-07,"0.10%",-300,0.1,0
2026-03-17,2025-03-07,"0.35%",-300,0.35,0
2026-03-17,2025-03-07,"0.60%",-300,0.6,0
2026-03-17,2025-03-07,"0.85%",-275,0.85,0
2026-03-17,2025-03-07,"1.10%",-250,1.1,0
2026-03-17,2025-03-07,"1.35%",-225,1.35,0
2026-03-17,2025-03-07,"1.60%",-200,1.6,0
2026-03-17,2025-03-07,"1.85%",-175,1.85,0
2026-03-17,2025-03-07,"2.10%",-150,2.1,0
2026-03-17,2025-03-07,"2.35%",-125,2.35,0
2026-03-17,2025-03-07,"2.60%",-100,2.6,0.0365966339812584
2026-03-17,2025-03-07,"2.85%",-75,2.85,0.0976127680032625
2026-03-17,2025-03-07,"3.10%",-50,3.1,0.182431911794766
2026-03-17,2025-03-07,"3.35%",-25,3.35,0.238962722902534
2026-03-17,2025-03-07,"3.60%",0,3.6,0.219402638399616
2026-03-17,2025-03-07,"3.85%",25,3.85,0.141195503875171
2026-03-17,2025-03-07,"4.10%",50,4.1,0.0636782271421363
2026-03-17,2025-03-07,"4.35%",75,4.35,0.020119593901255
2026-03-17,2025-03-07,"4.60%",100,4.6,0
2026-03-17,2025-03-07,"4.85%",125,4.85,0
2026-03-17,2025-03-07,"5.10%",150,5.1,0
2026-03-17,2025-03-07,"5.35%",175,5.35,0
2026-03-17,2025-03-07,"5.60%",200,5.6,0
2026-03-17,2025-03-07,"5.85%",225,5.85,0
2026-03-17,2025-03-07,"6.10%",250,6.1,0
2026-03-17,2025-03-10,"0.10%",-300,0.1,0
2026-03-17,2025-03-10,"0.35%",-300,0.35,0
2026-03-17,2025-03-10,"0.60%",-300,0.6,0
2026-03-17,2025-03-10,"0.85%",-275,0.85,0
2026-03-17,2025-03-10,"1.10%",-250,1.1,0
2026-03-17,2025-03-10,"1.35%",-225,1.35,0
2026-03-17,2025-03-10,"1.60%",-200,1.6,0
2026-03-17,2025-03-10,"1.85%",-175,1.85,0
2026-03-17,2025-03-10,"2.10%",-150,2.1,0
2026-03-17,2025-03-10,"2.35%",-125,2.35,0
2026-03-17,2025-03-10,"2.60%",-100,2.6,0.0335170445519211
2026-03-17,2025-03-10,"2.85%",-75,2.85,0.0899830617892314
2026-03-17,2025-03-10,"3.10%",-50,3.1,0.171449602535088
2026-03-17,2025-03-10,"3.35%",-25,3.35,0.231894664520489
2026-03-17,2025-03-10,"3.60%",0,3.6,0.222674598360876
2026-03-17,2025-03-10,"3.85%",25,3.85,0.151799336473414
2026-03-17,2025-03-10,"4.10%",50,4.1,0.0734562697802677
2026-03-17,2025-03-10,"4.35%",75,4.35,0.0252254219887127
2026-03-17,2025-03-10,"4.60%",100,4.6,0
2026-03-17,2025-03-10,"4.85%",125,4.85,0
2026-03-17,2025-03-10,"5.10%",150,5.1,0
2026-03-17,2025-03-10,"5.35%",175,5.35,0
2026-03-17,2025-03-10,"5.60%",200,5.6,0
2026-03-17,2025-03-10,"5.85%",225,5.85,0
2026-03-17,2025-03-10,"6.10%",250,6.1,0
2026-03-17,2025-03-11,"0.10%",-300,0.1,0
2026-03-17,2025-03-11,"0.35%",-300,0.35,0
2026-03-17,2025-03-11,"0.60%",-300,0.6,0
2026-03-17,2025-03-11,"0.85%",-275,0.85,0
2026-03-17,2025-03-11,"1.10%",-250,1.1,0
2026-03-17,2025-03-11,"1.35%",-225,1.35,0
2026-03-17,2025-03-11,"1.60%",-200,1.6,0
2026-03-17,2025-03-11,"1.85%",-175,1.85,0
2026-03-17,2025-03-11,"2.10%",-150,2.1,0
2026-03-17,2025-03-11,"2.35%",-125,2.35,0.0193964910146891
2026-03-17,2025-03-11,"2.60%",-100,2.6,0.0552254517766993
2026-03-17,2025-03-11,"2.85%",-75,2.85,0.117221917322517
2026-03-17,2025-03-11,"3.10%",-50,3.1,0.185524812760597
2026-03-17,2025-03-11,"3.35%",-25,3.35,0.218959049555287
2026-03-17,2025-03-11,"3.60%",0,3.6,0.192711512614378
2026-03-17,2025-03-11,"3.85%",25,3.85,0.126480574506853
2026-03-17,2025-03-11,"4.10%",50,4.1,0.0618971807632013
2026-03-17,2025-03-11,"4.35%",75,4.35,0.0225830096857783
2026-03-17,2025-03-11,"4.60%",100,4.6,0
2026-03-17,2025-03-11,"4.85%",125,4.85,0
2026-03-17,2025-03-11,"5.10%",150,5.1,0
2026-03-17,2025-03-11,"5.35%",175,5.35,0
2026-03-17,2025-03-11,"5.60%",200,5.6,0
2026-03-17,2025-03-11,"5.85%",225,5.85,0
2026-03-17,2025-03-11,"6.10%",250,6.1,0
2026-03-17,2025-03-12,"0.10%",-300,0.1,0
2026-03-17,2025-03-12,"0.35%",-300,0.35,0
2026-03-17,2025-03-12,"0.60%",-300,0.6,0
2026-03-17,2025-03-12,"0.85%",-275,0.85,0
2026-03-17,2025-03-12,"1.10%",-250,1.1,0
2026-03-17,2025-03-12,"1.35%",-225,1.35,0
2026-03-17,2025-03-12,"1.60%",-200,1.6,0
2026-03-17,2025-03-12,"1.85%",-175,1.85,0
2026-03-17,2025-03-12,"2.10%",-150,2.1,0
2026-03-17,2025-03-12,"2.35%",-125,2.35,0.0164338439703575
2026-03-17,2025-03-12,"2.60%",-100,2.6,0.0499966236260885
2026-03-17,2025-03-12,"2.85%",-75,2.85,0.11187790703913
2026-03-17,2025-03-12,"3.10%",-50,3.1,0.184177129928224
2026-03-17,2025-03-12,"3.35%",-25,3.35,0.223084546336926
2026-03-17,2025-03-12,"3.60%",0,3.6,0.198823214166915
2026-03-17,2025-03-12,"3.85%",25,3.85,0.130381397337335
2026-03-17,2025-03-12,"4.10%",50,4.1,0.0629025910729306
2026-03-17,2025-03-12,"4.35%",75,4.35,0.0223227465220931
2026-03-17,2025-03-12,"4.60%",100,4.6,0
2026-03-17,2025-03-12,"4.85%",125,4.85,0
2026-03-17,2025-03-12,"5.10%",150,5.1,0
2026-03-17,2025-03-12,"5.35%",175,5.35,0
2026-03-17,2025-03-12,"5.60%",200,5.6,0
2026-03-17,2025-03-12,"5.85%",225,5.85,0
2026-03-17,2025-03-12,"6.10%",250,6.1,0
2026-03-17,2025-03-13,"0.10%",-300,0.1,0
2026-03-17,2025-03-13,"0.35%",-300,0.35,0
2026-03-17,2025-03-13,"0.60%",-300,0.6,0
2026-03-17,2025-03-13,"0.85%",-275,0.85,0
2026-03-17,2025-03-13,"1.10%",-250,1.1,0
2026-03-17,2025-03-13,"1.35%",-225,1.35,0
2026-03-17,2025-03-13,"1.60%",-200,1.6,0
2026-03-17,2025-03-13,"1.85%",-175,1.85,0
2026-03-17,2025-03-13,"2.10%",-150,2.1,0
2026-03-17,2025-03-13,"2.35%",-125,2.35,0
2026-03-17,2025-03-13,"2.60%",-100,2.6,0.0381051404736906
2026-03-17,2025-03-13,"2.85%",-75,2.85,0.100332417390127
2026-03-17,2025-03-13,"3.10%",-50,3.1,0.185178695590903
2026-03-17,2025-03-13,"3.35%",-25,3.35,0.239627657070848
2026-03-17,2025-03-13,"3.60%",0,3.6,0.217432252885275
2026-03-17,2025-03-13,"3.85%",25,3.85,0.13833595494697
2026-03-17,2025-03-13,"4.10%",50,4.1,0.0617010186722734
2026-03-17,2025-03-13,"4.35%",75,4.35,0.0192868629699133
2026-03-17,2025-03-13,"4.60%",100,4.6,0
2026-03-17,2025-03-13,"4.85%",125,4.85,0
2026-03-17,2025-03-13,"5.10%",150,5.1,0
2026-03-17,2025-03-13,"5.35%",175,5.35,0
2026-03-17,2025-03-13,"5.60%",200,5.6,0
2026-03-17,2025-03-13,"5.85%",225,5.85,0
2026-03-17,2025-03-13,"6.10%",250,6.1,0
2026-03-17,2025-03-14,"0.10%",-300,0.1,0
2026-03-17,2025-03-14,"0.35%",-300,0.35,0
2026-03-17,2025-03-14,"0.60%",-300,0.6,0
2026-03-17,2025-03-14,"0.85%",-275,0.85,0
2026-03-17,2025-03-14,"1.10%",-250,1.1,0
2026-03-17,2025-03-14,"1.35%",-225,1.35,0
2026-03-17,2025-03-14,"1.60%",-200,1.6,0
2026-03-17,2025-03-14,"1.85%",-175,1.85,0
2026-03-17,2025-03-14,"2.10%",-150,2.1,0.0101120947231648
2026-03-17,2025-03-14,"2.35%",-125,2.35,0.0284358898419063
2026-03-17,2025-03-14,"2.60%",-100,2.6,0.0639345614222561
2026-03-17,2025-03-14,"2.85%",-75,2.85,0.11494244335461
2026-03-17,2025-03-14,"3.10%",-50,3.1,0.165243847194772
2026-03-17,2025-03-14,"3.35%",-25,3.35,0.18997024771292
2026-03-17,2025-03-14,"3.60%",0,3.6,0.174649450175211
2026-03-17,2025-03-14,"3.85%",25,3.85,0.128400472856412
2026-03-17,2025-03-14,"4.10%",50,4.1,0.0754867628146438
2026-03-17,2025-03-14,"4.35%",75,4.35,0.0354860506162555
2026-03-17,2025-03-14,"4.60%",100,4.6,0.0133381792878488
2026-03-17,2025-03-14,"4.85%",125,4.85,0
2026-03-17,2025-03-14,"5.10%",150,5.1,0
2026-03-17,2025-03-14,"5.35%",175,5.35,0
2026-03-17,2025-03-14,"5.60%",200,5.6,0
2026-03-17,2025-03-14,"5.85%",225,5.85,0
2026-03-17,2025-03-14,"6.10%",250,6.1,0
2026-03-17,2025-03-17,"0.10%",-300,0.1,0
2026-03-17,2025-03-17,"0.35%",-300,0.35,0
2026-03-17,2025-03-17,"0.60%",-300,0.6,0
2026-03-17,2025-03-17,"0.85%",-275,0.85,0
2026-03-17,2025-03-17,"1.10%",-250,1.1,0
2026-03-17,2025-03-17,"1.35%",-225,1.35,0
2026-03-17,2025-03-17,"1.60%",-200,1.6,0
2026-03-17,2025-03-17,"1.85%",-175,1.85,0.0135385147403521
2026-03-17,2025-03-17,"2.10%",-150,2.1,0.0272181599051871
2026-03-17,2025-03-17,"2.35%",-125,2.35,0.0484135712879315
2026-03-17,2025-03-17,"2.60%",-100,2.6,0.0761903433409416
2026-03-17,2025-03-17,"2.85%",-75,2.85,0.106086529112145
2026-03-17,2025-03-17,"3.10%",-50,3.1,0.130692387557103
2026-03-17,2025-03-17,"3.35%",-25,3.35,0.142452968941716
2026-03-17,2025-03-17,"3.60%",0,3.6,0.137380302490105
2026-03-17,2025-03-17,"3.85%",25,3.85,0.117221947927803
2026-03-17,2025-03-17,"4.10%",50,4.1,0.0884960364426999
2026-03-17,2025-03-17,"4.35%",75,4.35,0.0591108517942887
2026-03-17,2025-03-17,"4.60%",100,4.6,0.0349330419474406
2026-03-17,2025-03-17,"4.85%",125,4.85,0.0182653445122862
2026-03-17,2025-03-17,"5.10%",150,5.1,0
2026-03-17,2025-03-17,"5.35%",175,5.35,0
2026-03-17,2025-03-17,"5.60%",200,5.6,0
2026-03-17,2025-03-17,"5.85%",225,5.85,0
2026-03-17,2025-03-17,"6.10%",250,6.1,0
2026-03-17,2025-03-18,"0.10%",-300,0.1,0
2026-03-17,2025-03-18,"0.35%",-300,0.35,0
2026-03-17,2025-03-18,"0.60%",-300,0.6,0
2026-03-17,2025-03-18,"0.85%",-275,0.85,0
2026-03-17,2025-03-18,"1.10%",-250,1.1,0
2026-03-17,2025-03-18,"1.35%",-225,1.35,0
2026-03-17,2025-03-18,"1.60%",-200,1.6,0
2026-03-17,2025-03-18,"1.85%",-175,1.85,0
2026-03-17,2025-03-18,"2.10%",-150,2.1,0
2026-03-17,2025-03-18,"2.35%",-125,2.35,0.0197021315176112
2026-03-17,2025-03-18,"2.60%",-100,2.6,0.0526251346478353
2026-03-17,2025-03-18,"2.85%",-75,2.85,0.107939120771477
2026-03-17,2025-03-18,"3.10%",-50,3.1,0.170027366746735
2026-03-17,2025-03-18,"3.35%",-25,3.35,0.205704896496495
2026-03-17,2025-03-18,"3.60%",0,3.6,0.191147969695988
2026-03-17,2025-03-18,"3.85%",25,3.85,0.136423387146824
2026-03-17,2025-03-18,"4.10%",50,4.1,0.0747787925053488
2026-03-17,2025-03-18,"4.35%",75,4.35,0.031477289179991
2026-03-17,2025-03-18,"4.60%",100,4.6,0.0101739112916938
2026-03-17,2025-03-18,"4.85%",125,4.85,0
2026-03-17,2025-03-18,"5.10%",150,5.1,0
2026-03-17,2025-03-18,"5.35%",175,5.35,0
2026-03-17,2025-03-18,"5.60%",200,5.6,0
2026-03-17,2025-03-18,"5.85%",225,5.85,0
2026-03-17,2025-03-18,"6.10%",250,6.1,0
2026-03-17,2025-03-19,"0.10%",-300,0.1,0
2026-03-17,2025-03-19,"0.35%",-300,0.35,0
2026-03-17,2025-03-19,"0.60%",-300,0.6,0
2026-03-17,2025-03-19,"0.85%",-275,0.85,0
2026-03-17,2025-03-19,"1.10%",-250,1.1,0
2026-03-17,2025-03-19,"1.35%",-225,1.35,0
2026-03-17,2025-03-19,"1.60%",-200,1.6,0
2026-03-17,2025-03-19,"1.85%",-175,1.85,0
2026-03-17,2025-03-19,"2.10%",-150,2.1,0
2026-03-17,2025-03-19,"2.35%",-125,2.35,0.0194378957873903
2026-03-17,2025-03-19,"2.60%",-100,2.6,0.051270950766853
2026-03-17,2025-03-19,"2.85%",-75,2.85,0.104648719794449
2026-03-17,2025-03-19,"3.10%",-50,3.1,0.165303129817869
2026-03-17,2025-03-19,"3.35%",-25,3.35,0.20208861427202
2026-03-17,2025-03-19,"3.60%",0,3.6,0.19121816750702
2026-03-17,2025-03-19,"3.85%",25,3.85,0.140035912988725
2026-03-17,2025-03-19,"4.10%",50,4.1,0.0793693323434186
2026-03-17,2025-03-19,"4.35%",75,4.35,0.0348123513779701
2026-03-17,2025-03-19,"4.60%",100,4.6,0.0118149253442857
2026-03-17,2025-03-19,"4.85%",125,4.85,0
2026-03-17,2025-03-19,"5.10%",150,5.1,0
2026-03-17,2025-03-19,"5.35%",175,5.35,0
2026-03-17,2025-03-19,"5.60%",200,5.6,0
2026-03-17,2025-03-19,"5.85%",225,5.85,0
2026-03-17,2025-03-19,"6.10%",250,6.1,0
2026-03-17,2025-03-20,"0.10%",-300,0.1,0
2026-03-17,2025-03-20,"0.35%",-300,0.35,0
2026-03-17,2025-03-20,"0.60%",-300,0.6,0
2026-03-17,2025-03-20,"0.85%",-275,0.85,0
2026-03-17,2025-03-20,"1.10%",-250,1.1,0
2026-03-17,2025-03-20,"1.35%",-225,1.35,0
2026-03-17,2025-03-20,"1.60%",-200,1.6,0
2026-03-17,2025-03-20,"1.85%",-175,1.85,0
2026-03-17,2025-03-20,"2.10%",-150,2.1,0
2026-03-17,2025-03-20,"2.35%",-125,2.35,0.0199696867339925
2026-03-17,2025-03-20,"2.60%",-100,2.6,0.0556474007238019
2026-03-17,2025-03-20,"2.85%",-75,2.85,0.116474749826902
2026-03-17,2025-03-20,"3.10%",-50,3.1,0.183145278993197
2026-03-17,2025-03-20,"3.35%",-25,3.35,0.216359952446348
2026-03-17,2025-03-20,"3.60%",0,3.6,0.19203935583497
2026-03-17,2025-03-20,"3.85%",25,3.85,0.128063412114916
2026-03-17,2025-03-20,"4.10%",50,4.1,0.064157182615058
2026-03-17,2025-03-20,"4.35%",75,4.35,0.0241429807108144
2026-03-17,2025-03-20,"4.60%",100,4.6,0
2026-03-17,2025-03-20,"4.85%",125,4.85,0
2026-03-17,2025-03-20,"5.10%",150,5.1,0
2026-03-17,2025-03-20,"5.35%",175,5.35,0
2026-03-17,2025-03-20,"5.60%",200,5.6,0
2026-03-17,2025-03-20,"5.85%",225,5.85,0
2026-03-17,2025-03-20,"6.10%",250,6.1,0
2026-03-17,2025-03-21,"0.10%",-300,0.1,0
2026-03-17,2025-03-21,"0.35%",-300,0.35,0
2026-03-17,2025-03-21,"0.60%",-300,0.6,0
2026-03-17,2025-03-21,"0.85%",-275,0.85,0
2026-03-17,2025-03-21,"1.10%",-250,1.1,0
2026-03-17,2025-03-21,"1.35%",-225,1.35,0
2026-03-17,2025-03-21,"1.60%",-200,1.6,0
2026-03-17,2025-03-21,"1.85%",-175,1.85,0
2026-03-17,2025-03-21,"2.10%",-150,2.1,0
2026-03-17,2025-03-21,"2.35%",-125,2.35,0.0208355247107832
2026-03-17,2025-03-21,"2.60%",-100,2.6,0.0563539116135385
2026-03-17,2025-03-21,"2.85%",-75,2.85,0.115647534338888
2026-03-17,2025-03-21,"3.10%",-50,3.1,0.180093124080498
2026-03-17,2025-03-21,"3.35%",-25,3.35,0.212834283360754
2026-03-17,2025-03-21,"3.60%",0,3.6,0.190890017943711
2026-03-17,2025-03-21,"3.85%",25,3.85,0.129931136969947
2026-03-17,2025-03-21,"4.10%",50,4.1,0.0671121115918547
2026-03-17,2025-03-21,"4.35%",75,4.35,0.0263023553900259
2026-03-17,2025-03-21,"4.60%",100,4.6,0
2026-03-17,2025-03-21,"4.85%",125,4.85,0
2026-03-17,2025-03-21,"5.10%",150,5.1,0
2026-03-17,2025-03-21,"5.35%",175,5.35,0
2026-03-17,2025-03-21,"5.60%",200,5.6,0
2026-03-17,2025-03-21,"5.85%",225,5.85,0
2026-03-17,2025-03-21,"6.10%",250,6.1,0
2026-03-17,2025-03-24,"0.10%",-300,0.1,0
2026-03-17,2025-03-24,"0.35%",-300,0.35,0
2026-03-17,2025-03-24,"0.60%",-300,0.6,0
2026-03-17,2025-03-24,"0.85%",-275,0.85,0
2026-03-17,2025-03-24,"1.10%",-250,1.1,0
2026-03-17,2025-03-24,"1.35%",-225,1.35,0
2026-03-17,2025-03-24,"1.60%",-200,1.6,0
2026-03-17,2025-03-24,"1.85%",-175,1.85,0
2026-03-17,2025-03-24,"2.10%",-150,2.1,0
2026-03-17,2025-03-24,"2.35%",-125,2.35,0.0251151803092684
2026-03-17,2025-03-24,"2.60%",-100,2.6,0.0638587158615361
2026-03-17,2025-03-24,"2.85%",-75,2.85,0.124199275096351
2026-03-17,2025-03-24,"3.10%",-50,3.1,0.184790797696467
2026-03-17,2025-03-24,"3.35%",-25,3.35,0.210345387003609
2026-03-17,2025-03-24,"3.60%",0,3.6,0.183183592179031
2026-03-17,2025-03-24,"3.85%",25,3.85,0.122048059996672
2026-03-17,2025-03-24,"4.10%",50,4.1,0.0622065801669613
2026-03-17,2025-03-24,"4.35%",75,4.35,0.0242524116901051
2026-03-17,2025-03-24,"4.60%",100,4.6,0
2026-03-17,2025-03-24,"4.85%",125,4.85,0
2026-03-17,2025-03-24,"5.10%",150,5.1,0
2026-03-17,2025-03-24,"5.35%",175,5.35,0
2026-03-17,2025-03-24,"5.60%",200,5.6,0
2026-03-17,2025-03-24,"5.85%",225,5.85,0
2026-03-17,2025-03-24,"6.10%",250,6.1,0
2026-03-17,2025-03-25,"0.10%",-300,0.1,0
2026-03-17,2025-03-25,"0.35%",-300,0.35,0
2026-03-17,2025-03-25,"0.60%",-300,0.6,0
2026-03-17,2025-03-25,"0.85%",-275,0.85,0
2026-03-17,2025-03-25,"1.10%",-250,1.1,0
2026-03-17,2025-03-25,"1.35%",-225,1.35,0
2026-03-17,2025-03-25,"1.60%",-200,1.6,0
2026-03-17,2025-03-25,"1.85%",-175,1.85,0
2026-03-17,2025-03-25,"2.10%",-150,2.1,0
2026-03-17,2025-03-25,"2.35%",-125,2.35,0.0185148441202363
2026-03-17,2025-03-25,"2.60%",-100,2.6,0.0536733874925642
2026-03-17,2025-03-25,"2.85%",-75,2.85,0.115598718584957
2026-03-17,2025-03-25,"3.10%",-50,3.1,0.185001872971779
2026-03-17,2025-03-25,"3.35%",-25,3.35,0.220026537698046
2026-03-17,2025-03-25,"3.60%",0,3.6,0.19447659611984
2026-03-17,2025-03-25,"3.85%",25,3.85,0.127743992740556
2026-03-17,2025-03-25,"4.10%",50,4.1,0.0623523118985407
2026-03-17,2025-03-25,"4.35%",75,4.35,0.0226117383734813
2026-03-17,2025-03-25,"4.60%",100,4.6,0
2026-03-17,2025-03-25,"4.85%",125,4.85,0
2026-03-17,2025-03-25,"5.10%",150,5.1,0
2026-03-17,2025-03-25,"5.35%",175,5.35,0
2026-03-17,2025-03-25,"5.60%",200,5.6,0
2026-03-17,2025-03-25,"5.85%",225,5.85,0
2026-03-17,2025-03-25,"6.10%",250,6.1,0
2026-03-17,2025-03-26,"0.10%",-300,0.1,0
2026-03-17,2025-03-26,"0.35%",-300,0.35,0
2026-03-17,2025-03-26,"0.60%",-300,0.6,0
2026-03-17,2025-03-26,"0.85%",-275,0.85,0
2026-03-17,2025-03-26,"1.10%",-250,1.1,0
2026-03-17,2025-03-26,"1.35%",-225,1.35,0
2026-03-17,2025-03-26,"1.60%",-200,1.6,0
2026-03-17,2025-03-26,"1.85%",-175,1.85,0
2026-03-17,2025-03-26,"2.10%",-150,2.1,0
2026-03-17,2025-03-26,"2.35%",-125,2.35,0.0145280204332795
2026-03-17,2025-03-26,"2.60%",-100,2.6,0.045203654491858
2026-03-17,2025-03-26,"2.85%",-75,2.85,0.103831345360477
2026-03-17,2025-03-26,"3.10%",-50,3.1,0.176098684423999
2026-03-17,2025-03-26,"3.35%",-25,3.35,0.220552599292944
2026-03-17,2025-03-26,"3.60%",0,3.6,0.203995640710338
2026-03-17,2025-03-26,"3.85%",25,3.85,0.13933935968312
2026-03-17,2025-03-26,"4.10%",50,4.1,0.0702797628960894
2026-03-17,2025-03-26,"4.35%",75,4.35,0.0261709327078952
2026-03-17,2025-03-26,"4.60%",100,4.6,0
2026-03-17,2025-03-26,"4.85%",125,4.85,0
2026-03-17,2025-03-26,"5.10%",150,5.1,0
2026-03-17,2025-03-26,"5.35%",175,5.35,0
2026-03-17,2025-03-26,"5.60%",200,5.6,0
2026-03-17,2025-03-26,"5.85%",225,5.85,0
2026-03-17,2025-03-26,"6.10%",250,6.1,0
2026-03-17,2025-03-27,"0.10%",-300,0.1,0
2026-03-17,2025-03-27,"0.35%",-300,0.35,0
2026-03-17,2025-03-27,"0.60%",-300,0.6,0
2026-03-17,2025-03-27,"0.85%",-275,0.85,0
2026-03-17,2025-03-27,"1.10%",-250,1.1,0
2026-03-17,2025-03-27,"1.35%",-225,1.35,0
2026-03-17,2025-03-27,"1.60%",-200,1.6,0
2026-03-17,2025-03-27,"1.85%",-175,1.85,0
2026-03-17,2025-03-27,"2.10%",-150,2.1,0
2026-03-17,2025-03-27,"2.35%",-125,2.35,0.0132668433114578
2026-03-17,2025-03-27,"2.60%",-100,2.6,0.0423255106640468
2026-03-17,2025-03-27,"2.85%",-75,2.85,0.0994991263098532
2026-03-17,2025-03-27,"3.10%",-50,3.1,0.17238812966479
2026-03-17,2025-03-27,"3.35%",-25,3.35,0.220153422293126
2026-03-17,2025-03-27,"3.60%",0,3.6,0.207252739595871
2026-03-17,2025-03-27,"3.85%",25,3.85,0.143821971141946
2026-03-17,2025-03-27,"4.10%",50,4.1,0.073563192874373
2026-03-17,2025-03-27,"4.35%",75,4.35,0.0277290641445353
2026-03-17,2025-03-27,"4.60%",100,4.6,0
2026-03-17,2025-03-27,"4.85%",125,4.85,0
2026-03-17,2025-03-27,"5.10%",150,5.1,0
2026-03-17,2025-03-27,"5.35%",175,5.35,0
2026-03-17,2025-03-27,"5.60%",200,5.6,0
2026-03-17,2025-03-27,"5.85%",225,5.85,0
2026-03-17,2025-03-27,"6.10%",250,6.1,0
2026-03-17,2025-03-28,"0.10%",-300,0.1,0
2026-03-17,2025-03-28,"0.35%",-300,0.35,0
2026-03-17,2025-03-28,"0.60%",-300,0.6,0
2026-03-17,2025-03-28,"0.85%",-275,0.85,0
2026-03-17,2025-03-28,"1.10%",-250,1.1,0
2026-03-17,2025-03-28,"1.35%",-225,1.35,0
2026-03-17,2025-03-28,"1.60%",-200,1.6,0
2026-03-17,2025-03-28,"1.85%",-175,1.85,0
2026-03-17,2025-03-28,"2.10%",-150,2.1,0
2026-03-17,2025-03-28,"2.35%",-125,2.35,0
2026-03-17,2025-03-28,"2.60%",-100,2.6,0.0380225823456813
2026-03-17,2025-03-28,"2.85%",-75,2.85,0.102199212643719
2026-03-17,2025-03-28,"3.10%",-50,3.1,0.190003485726446
2026-03-17,2025-03-28,"3.35%",-25,3.35,0.244400197620491
2026-03-17,2025-03-28,"3.60%",0,3.6,0.217528739035901
2026-03-17,2025-03-28,"3.85%",25,3.85,0.133962736326533
2026-03-17,2025-03-28,"4.10%",50,4.1,0.0570703273002608
2026-03-17,2025-03-28,"4.35%",75,4.35,0.0168127190009674
2026-03-17,2025-03-28,"4.60%",100,4.6,0
2026-03-17,2025-03-28,"4.85%",125,4.85,0
2026-03-17,2025-03-28,"5.10%",150,5.1,0
2026-03-17,2025-03-28,"5.35%",175,5.35,0
2026-03-17,2025-03-28,"5.60%",200,5.6,0
2026-03-17,2025-03-28,"5.85%",225,5.85,0
2026-03-17,2025-03-28,"6.10%",250,6.1,0
2026-03-17,2025-03-31,"0.10%",-300,0.1,0
2026-03-17,2025-03-31,"0.35%",-300,0.35,0
2026-03-17,2025-03-31,"0.60%",-300,0.6,0
2026-03-17,2025-03-31,"0.85%",-275,0.85,0
2026-03-17,2025-03-31,"1.10%",-250,1.1,0
2026-03-17,2025-03-31,"1.35%",-225,1.35,0
2026-03-17,2025-03-31,"1.60%",-200,1.6,0
2026-03-17,2025-03-31,"1.85%",-175,1.85,0
2026-03-17,2025-03-31,"2.10%",-150,2.1,0
2026-03-17,2025-03-31,"2.35%",-125,2.35,0.0104137054528122
2026-03-17,2025-03-31,"2.60%",-100,2.6,0.0443533658337363
2026-03-17,2025-03-31,"2.85%",-75,2.85,0.123073359540762
2026-03-17,2025-03-31,"3.10%",-50,3.1,0.222642723789184
2026-03-17,2025-03-31,"3.35%",-25,3.35,0.262687002882138
2026-03-17,2025-03-31,"3.60%",0,3.6,0.202164775802569
2026-03-17,2025-03-31,"3.85%",25,3.85,0.101467843486803
2026-03-17,2025-03-31,"4.10%",50,4.1,0.0331972232119958
2026-03-17,2025-03-31,"4.35%",75,4.35,0
2026-03-17,2025-03-31,"4.60%",100,4.6,0
2026-03-17,2025-03-31,"4.85%",125,4.85,0
2026-03-17,2025-03-31,"5.10%",150,5.1,0
2026-03-17,2025-03-31,"5.35%",175,5.35,0
2026-03-17,2025-03-31,"5.60%",200,5.6,0
2026-03-17,2025-03-31,"5.85%",225,5.85,0
2026-03-17,2025-03-31,"6.10%",250,6.1,0
2026-03-17,2025-04-01,"0.10%",-300,0.1,0
2026-03-17,2025-04-01,"0.35%",-300,0.35,0
2026-03-17,2025-04-01,"0.60%",-300,0.6,0
2026-03-17,2025-04-01,"0.85%",-275,0.85,0
2026-03-17,2025-04-01,"1.10%",-250,1.1,0
2026-03-17,2025-04-01,"1.35%",-225,1.35,0
2026-03-17,2025-04-01,"1.60%",-200,1.6,0
2026-03-17,2025-04-01,"1.85%",-175,1.85,0
2026-03-17,2025-04-01,"2.10%",-150,2.1,0
2026-03-17,2025-04-01,"2.35%",-125,2.35,0.0112977094111692
2026-03-17,2025-04-01,"2.60%",-100,2.6,0.0461125934399043
2026-03-17,2025-04-01,"2.85%",-75,2.85,0.124173491111473
2026-03-17,2025-04-01,"3.10%",-50,3.1,0.220738122654743
2026-03-17,2025-04-01,"3.35%",-25,3.35,0.259133428109623
2026-03-17,2025-04-01,"3.60%",0,3.6,0.20091506222849
2026-03-17,2025-04-01,"3.85%",25,3.85,0.102866233081111
2026-03-17,2025-04-01,"4.10%",50,4.1,0.0347633599634863
2026-03-17,2025-04-01,"4.35%",75,4.35,0
2026-03-17,2025-04-01,"4.60%",100,4.6,0
2026-03-17,2025-04-01,"4.85%",125,4.85,0
2026-03-17,2025-04-01,"5.10%",150,5.1,0
2026-03-17,2025-04-01,"5.35%",175,5.35,0
2026-03-17,2025-04-01,"5.60%",200,5.6,0
2026-03-17,2025-04-01,"5.85%",225,5.85,0
2026-03-17,2025-04-01,"6.10%",250,6.1,0
2026-03-17,2025-04-02,"0.10%",-300,0.1,0
2026-03-17,2025-04-02,"0.35%",-300,0.35,0
2026-03-17,2025-04-02,"0.60%",-300,0.6,0
2026-03-17,2025-04-02,"0.85%",-275,0.85,0
2026-03-17,2025-04-02,"1.10%",-250,1.1,0
2026-03-17,2025-04-02,"1.35%",-225,1.35,0
2026-03-17,2025-04-02,"1.60%",-200,1.6,0
2026-03-17,2025-04-02,"1.85%",-175,1.85,0
2026-03-17,2025-04-02,"2.10%",-150,2.1,0
2026-03-17,2025-04-02,"2.35%",-125,2.35,0.0160432438197056
2026-03-17,2025-04-02,"2.60%",-100,2.6,0.0549184074964032
2026-03-17,2025-04-02,"2.85%",-75,2.85,0.130093109341881
2026-03-17,2025-04-02,"3.10%",-50,3.1,0.213333735284563
2026-03-17,2025-04-02,"3.35%",-25,3.35,0.242230154219078
2026-03-17,2025-04-02,"3.60%",0,3.6,0.190451781501347
2026-03-17,2025-04-02,"3.85%",25,3.85,0.103677224065856
2026-03-17,2025-04-02,"4.10%",50,4.1,0.0390668250597087
2026-03-17,2025-04-02,"4.35%",75,4.35,0.0101855192114583
2026-03-17,2025-04-02,"4.60%",100,4.6,0
2026-03-17,2025-04-02,"4.85%",125,4.85,0
2026-03-17,2025-04-02,"5.10%",150,5.1,0
2026-03-17,2025-04-02,"5.35%",175,5.35,0
2026-03-17,2025-04-02,"5.60%",200,5.6,0
2026-03-17,2025-04-02,"5.85%",225,5.85,0
2026-03-17,2025-04-02,"6.10%",250,6.1,0
2026-03-17,2025-04-03,"0.10%",-300,0.1,0
2026-03-17,2025-04-03,"0.35%",-300,0.35,0
2026-03-17,2025-04-03,"0.60%",-300,0.6,0
2026-03-17,2025-04-03,"0.85%",-275,0.85,0
2026-03-17,2025-04-03,"1.10%",-250,1.1,0
2026-03-17,2025-04-03,"1.35%",-225,1.35,0
2026-03-17,2025-04-03,"1.60%",-200,1.6,0
2026-03-17,2025-04-03,"1.85%",-175,1.85,0
2026-03-17,2025-04-03,"2.10%",-150,2.1,0.0126522284798515
2026-03-17,2025-04-03,"2.35%",-125,2.35,0.042950374570898
2026-03-17,2025-04-03,"2.60%",-100,2.6,0.104670776234134
2026-03-17,2025-04-03,"2.85%",-75,2.85,0.183172582846433
2026-03-17,2025-04-03,"3.10%",-50,3.1,0.230223199421822
2026-03-17,2025-04-03,"3.35%",-25,3.35,0.207837280873664
2026-03-17,2025-04-03,"3.60%",0,3.6,0.134762522275106
2026-03-17,2025-04-03,"3.85%",25,3.85,0.0627517513811306
2026-03-17,2025-04-03,"4.10%",50,4.1,0.0209792839169613
2026-03-17,2025-04-03,"4.35%",75,4.35,0
2026-03-17,2025-04-03,"4.60%",100,4.6,0
2026-03-17,2025-04-03,"4.85%",125,4.85,0
2026-03-17,2025-04-03,"5.10%",150,5.1,0
2026-03-17,2025-04-03,"5.35%",175,5.35,0
2026-03-17,2025-04-03,"5.60%",200,5.6,0
2026-03-17,2025-04-03,"5.85%",225,5.85,0
2026-03-17,2025-04-03,"6.10%",250,6.1,0
2026-03-17,2025-04-04,"0.10%",-300,0.1,0
2026-03-17,2025-04-04,"0.35%",-300,0.35,0
2026-03-17,2025-04-04,"0.60%",-300,0.6,0
2026-03-17,2025-04-04,"0.85%",-275,0.85,0
2026-03-17,2025-04-04,"1.10%",-250,1.1,0
2026-03-17,2025-04-04,"1.35%",-225,1.35,0
2026-03-17,2025-04-04,"1.60%",-200,1.6,0
2026-03-17,2025-04-04,"1.85%",-175,1.85,0
2026-03-17,2025-04-04,"2.10%",-150,2.1,0.0289546770578521
2026-03-17,2025-04-04,"2.35%",-125,2.35,0.0802934779831557
2026-03-17,2025-04-04,"2.60%",-100,2.6,0.158999864395576
2026-03-17,2025-04-04,"2.85%",-75,2.85,0.22488779159057
2026-03-17,2025-04-04,"3.10%",-50,3.1,0.227215863805322
2026-03-17,2025-04-04,"3.35%",-25,3.35,0.16398970864787
2026-03-17,2025-04-04,"3.60%",0,3.6,0.0845379450798296
2026-03-17,2025-04-04,"3.85%",25,3.85,0.0311206714398256
2026-03-17,2025-04-04,"4.10%",50,4.1,0
2026-03-17,2025-04-04,"4.35%",75,4.35,0
2026-03-17,2025-04-04,"4.60%",100,4.6,0
2026-03-17,2025-04-04,"4.85%",125,4.85,0
2026-03-17,2025-04-04,"5.10%",150,5.1,0
2026-03-17,2025-04-04,"5.35%",175,5.35,0
2026-03-17,2025-04-04,"5.60%",200,5.6,0
2026-03-17,2025-04-04,"5.85%",225,5.85,0
2026-03-17,2025-04-04,"6.10%",250,6.1,0
2026-03-17,2025-04-07,"0.10%",-300,0.1,0
2026-03-17,2025-04-07,"0.35%",-300,0.35,0
2026-03-17,2025-04-07,"0.60%",-300,0.6,0
2026-03-17,2025-04-07,"0.85%",-275,0.85,0
2026-03-17,2025-04-07,"1.10%",-250,1.1,0
2026-03-17,2025-04-07,"1.35%",-225,1.35,0
2026-03-17,2025-04-07,"1.60%",-200,1.6,0
2026-03-17,2025-04-07,"1.85%",-175,1.85,0.0115262111865408
2026-03-17,2025-04-07,"2.10%",-150,2.1,0.044114798299461
2026-03-17,2025-04-07,"2.35%",-125,2.35,0.115051524101112
2026-03-17,2025-04-07,"2.60%",-100,2.6,0.204553704857786
2026-03-17,2025-04-07,"2.85%",-75,2.85,0.248000737267467
2026-03-17,2025-04-07,"3.10%",-50,3.1,0.205055619576675
2026-03-17,2025-04-07,"3.35%",-25,3.35,0.115616964968159
2026-03-17,2025-04-07,"3.60%",0,3.6,0.0444405458360661
2026-03-17,2025-04-07,"3.85%",25,3.85,0.0116398939067331
2026-03-17,2025-04-07,"4.10%",50,4.1,0
2026-03-17,2025-04-07,"4.35%",75,4.35,0
2026-03-17,2025-04-07,"4.60%",100,4.6,0
2026-03-17,2025-04-07,"4.85%",125,4.85,0
2026-03-17,2025-04-07,"5.10%",150,5.1,0
2026-03-17,2025-04-07,"5.35%",175,5.35,0
2026-03-17,2025-04-07,"5.60%",200,5.6,0
2026-03-17,2025-04-07,"5.85%",225,5.85,0
2026-03-17,2025-04-07,"6.10%",250,6.1,0
2026-03-17,2025-04-08,"0.10%",-300,0.1,0
2026-03-17,2025-04-08,"0.35%",-300,0.35,0
2026-03-17,2025-04-08,"0.60%",-300,0.6,0
2026-03-17,2025-04-08,"0.85%",-275,0.85,0
2026-03-17,2025-04-08,"1.10%",-250,1.1,0
2026-03-17,2025-04-08,"1.35%",-225,1.35,0
2026-03-17,2025-04-08,"1.60%",-200,1.6,0
2026-03-17,2025-04-08,"1.85%",-175,1.85,0.0146545524482366
2026-03-17,2025-04-08,"2.10%",-150,2.1,0.0453858730294157
2026-03-17,2025-04-08,"2.35%",-125,2.35,0.103903707683024
2026-03-17,2025-04-08,"2.60%",-100,2.6,0.175868094438041
2026-03-17,2025-04-08,"2.85%",-75,2.85,0.22011190752426
2026-03-17,2025-04-08,"3.10%",-50,3.1,0.203715600879639
2026-03-17,2025-04-08,"3.35%",-25,3.35,0.139418713611435
2026-03-17,2025-04-08,"3.60%",0,3.6,0.070549502931355
2026-03-17,2025-04-08,"3.85%",25,3.85,0.0263920474545933
2026-03-17,2025-04-08,"4.10%",50,4.1,0
2026-03-17,2025-04-08,"4.35%",75,4.35,0
2026-03-17,2025-04-08,"4.60%",100,4.6,0
2026-03-17,2025-04-08,"4.85%",125,4.85,0
2026-03-17,2025-04-08,"5.10%",150,5.1,0
2026-03-17,2025-04-08,"5.35%",175,5.35,0
2026-03-17,2025-04-08,"5.60%",200,5.6,0
2026-03-17,2025-04-08,"5.85%",225,5.85,0
2026-03-17,2025-04-08,"6.10%",250,6.1,0
2026-03-17,2025-04-09,"0.10%",-300,0.1,0
2026-03-17,2025-04-09,"0.35%",-300,0.35,0
2026-03-17,2025-04-09,"0.60%",-300,0.6,0
2026-03-17,2025-04-09,"0.85%",-275,0.85,0
2026-03-17,2025-04-09,"1.10%",-250,1.1,0
2026-03-17,2025-04-09,"1.35%",-225,1.35,0
2026-03-17,2025-04-09,"1.60%",-200,1.6,0
2026-03-17,2025-04-09,"1.85%",-175,1.85,0.0276691634631428
2026-03-17,2025-04-09,"2.10%",-150,2.1,0.0804102952250367
2026-03-17,2025-04-09,"2.35%",-125,2.35,0.163402317598786
2026-03-17,2025-04-09,"2.60%",-100,2.6,0.232250892571951
2026-03-17,2025-04-09,"2.85%",-75,2.85,0.230925259299685
2026-03-17,2025-04-09,"3.10%",-50,3.1,0.16061989327409
2026-03-17,2025-04-09,"3.35%",-25,3.35,0.0781406182012942
2026-03-17,2025-04-09,"3.60%",0,3.6,0.0265815603660137
2026-03-17,2025-04-09,"3.85%",25,3.85,0
2026-03-17,2025-04-09,"4.10%",50,4.1,0
2026-03-17,2025-04-09,"4.35%",75,4.35,0
2026-03-17,2025-04-09,"4.60%",100,4.6,0
2026-03-17,2025-04-09,"4.85%",125,4.85,0
2026-03-17,2025-04-09,"5.10%",150,5.1,0
2026-03-17,2025-04-09,"5.35%",175,5.35,0
2026-03-17,2025-04-09,"5.60%",200,5.6,0
2026-03-17,2025-04-09,"5.85%",225,5.85,0
2026-03-17,2025-04-09,"6.10%",250,6.1,0
2026-03-17,2025-04-10,"0.10%",-300,0.1,0
2026-03-17,2025-04-10,"0.35%",-300,0.35,0
2026-03-17,2025-04-10,"0.60%",-300,0.6,0
2026-03-17,2025-04-10,"0.85%",-275,0.85,0
2026-03-17,2025-04-10,"1.10%",-250,1.1,0
2026-03-17,2025-04-10,"1.35%",-225,1.35,0
2026-03-17,2025-04-10,"1.60%",-200,1.6,0
2026-03-17,2025-04-10,"1.85%",-175,1.85,0
2026-03-17,2025-04-10,"2.10%",-150,2.1,0.0398255158811045
2026-03-17,2025-04-10,"2.35%",-125,2.35,0.111408547100858
2026-03-17,2025-04-10,"2.60%",-100,2.6,0.207534653499851
2026-03-17,2025-04-10,"2.85%",-75,2.85,0.257535778535266
2026-03-17,2025-04-10,"3.10%",-50,3.1,0.212919965443881
2026-03-17,2025-04-10,"3.35%",-25,3.35,0.117267255526792
2026-03-17,2025-04-10,"3.60%",0,3.6,0.0430095666521117
2026-03-17,2025-04-10,"3.85%",25,3.85,0.0104987173601347
2026-03-17,2025-04-10,"4.10%",50,4.1,0
2026-03-17,2025-04-10,"4.35%",75,4.35,0
2026-03-17,2025-04-10,"4.60%",100,4.6,0
2026-03-17,2025-04-10,"4.85%",125,4.85,0
2026-03-17,2025-04-10,"5.10%",150,5.1,0
2026-03-17,2025-04-10,"5.35%",175,5.35,0
2026-03-17,2025-04-10,"5.60%",200,5.6,0
2026-03-17,2025-04-10,"5.85%",225,5.85,0
2026-03-17,2025-04-10,"6.10%",250,6.1,0
2026-03-17,2025-04-11,"0.10%",-300,0.1,0
2026-03-17,2025-04-11,"0.35%",-300,0.35,0
2026-03-17,2025-04-11,"0.60%",-300,0.6,0
2026-03-17,2025-04-11,"0.85%",-275,0.85,0
2026-03-17,2025-04-11,"1.10%",-250,1.1,0
2026-03-17,2025-04-11,"1.35%",-225,1.35,0
2026-03-17,2025-04-11,"1.60%",-200,1.6,0
2026-03-17,2025-04-11,"1.85%",-175,1.85,0.0115158471742206
2026-03-17,2025-04-11,"2.10%",-150,2.1,0.0482300658468342
2026-03-17,2025-04-11,"2.35%",-125,2.35,0.130863108725806
2026-03-17,2025-04-11,"2.60%",-100,2.6,0.230192522663969
2026-03-17,2025-04-11,"2.85%",-75,2.85,0.26261375740081
2026-03-17,2025-04-11,"3.10%",-50,3.1,0.194329403365504
2026-03-17,2025-04-11,"3.35%",-25,3.35,0.0932519247909056
2026-03-17,2025-04-11,"3.60%",0,3.6,0.0290033700319506
2026-03-17,2025-04-11,"3.85%",25,3.85,0
2026-03-17,2025-04-11,"4.10%",50,4.1,0
2026-03-17,2025-04-11,"4.35%",75,4.35,0
2026-03-17,2025-04-11,"4.60%",100,4.6,0
2026-03-17,2025-04-11,"4.85%",125,4.85,0
2026-03-17,2025-04-11,"5.10%",150,5.1,0
2026-03-17,2025-04-11,"5.35%",175,5.35,0
2026-03-17,2025-04-11,"5.60%",200,5.6,0
2026-03-17,2025-04-11,"5.85%",225,5.85,0
2026-03-17,2025-04-11,"6.10%",250,6.1,0
2026-03-17,2025-04-14,"0.10%",-300,0.1,0
2026-03-17,2025-04-14,"0.35%",-300,0.35,0
2026-03-17,2025-04-14,"0.60%",-300,0.6,0
2026-03-17,2025-04-14,"0.85%",-275,0.85,0
2026-03-17,2025-04-14,"1.10%",-250,1.1,0
2026-03-17,2025-04-14,"1.35%",-225,1.35,0
2026-03-17,2025-04-14,"1.60%",-200,1.6,0
2026-03-17,2025-04-14,"1.85%",-175,1.85,0
2026-03-17,2025-04-14,"2.10%",-150,2.1,0.0397003473223479
2026-03-17,2025-04-14,"2.35%",-125,2.35,0.11030952850496
2026-03-17,2025-04-14,"2.60%",-100,2.6,0.205237538717617
2026-03-17,2025-04-14,"2.85%",-75,2.85,0.255787043795404
2026-03-17,2025-04-14,"3.10%",-50,3.1,0.213566936900565
2026-03-17,2025-04-14,"3.35%",-25,3.35,0.11944761542971
2026-03-17,2025-04-14,"3.60%",0,3.6,0.0447368347626801
2026-03-17,2025-04-14,"3.85%",25,3.85,0.0112141545667167
2026-03-17,2025-04-14,"4.10%",50,4.1,0
2026-03-17,2025-04-14,"4.35%",75,4.35,0
2026-03-17,2025-04-14,"4.60%",100,4.6,0
2026-03-17,2025-04-14,"4.85%",125,4.85,0
2026-03-17,2025-04-14,"5.10%",150,5.1,0
2026-03-17,2025-04-14,"5.35%",175,5.35,0
2026-03-17,2025-04-14,"5.60%",200,5.6,0
2026-03-17,2025-04-14,"5.85%",225,5.85,0
2026-03-17,2025-04-14,"6.10%",250,6.1,0
2026-03-17,2025-04-15,"0.10%",-300,0.1,0
2026-03-17,2025-04-15,"0.35%",-300,0.35,0
2026-03-17,2025-04-15,"0.60%",-300,0.6,0
2026-03-17,2025-04-15,"0.85%",-275,0.85,0
2026-03-17,2025-04-15,"1.10%",-250,1.1,0
2026-03-17,2025-04-15,"1.35%",-225,1.35,0
2026-03-17,2025-04-15,"1.60%",-200,1.6,0
2026-03-17,2025-04-15,"1.85%",-175,1.85,0
2026-03-17,2025-04-15,"2.10%",-150,2.1,0.0388243182303677
2026-03-17,2025-04-15,"2.35%",-125,2.35,0.111820301236974
2026-03-17,2025-04-15,"2.60%",-100,2.6,0.211748765303738
2026-03-17,2025-04-15,"2.85%",-75,2.85,0.26374519764012
2026-03-17,2025-04-15,"3.10%",-50,3.1,0.216110293958318
2026-03-17,2025-04-15,"3.35%",-25,3.35,0.116475792296208
2026-03-17,2025-04-15,"3.60%",0,3.6,0.0412753313342746
2026-03-17,2025-04-15,"3.85%",25,3.85,0
2026-03-17,2025-04-15,"4.10%",50,4.1,0
2026-03-17,2025-04-15,"4.35%",75,4.35,0
2026-03-17,2025-04-15,"4.60%",100,4.6,0
2026-03-17,2025-04-15,"4.85%",125,4.85,0
2026-03-17,2025-04-15,"5.10%",150,5.1,0
2026-03-17,2025-04-15,"5.35%",175,5.35,0
2026-03-17,2025-04-15,"5.60%",200,5.6,0
2026-03-17,2025-04-15,"5.85%",225,5.85,0
2026-03-17,2025-04-15,"6.10%",250,6.1,0
2026-03-17,2025-04-16,"0.10%",-300,0.1,0
2026-03-17,2025-04-16,"0.35%",-300,0.35,0
2026-03-17,2025-04-16,"0.60%",-300,0.6,0
2026-03-17,2025-04-16,"0.85%",-275,0.85,0
2026-03-17,2025-04-16,"1.10%",-250,1.1,0
2026-03-17,2025-04-16,"1.35%",-225,1.35,0
2026-03-17,2025-04-16,"1.60%",-200,1.6,0
2026-03-17,2025-04-16,"1.85%",-175,1.85,0
2026-03-17,2025-04-16,"2.10%",-150,2.1,0.026423510649137
2026-03-17,2025-04-16,"2.35%",-125,2.35,0.0934410839617701
2026-03-17,2025-04-16,"2.60%",-100,2.6,0.204769174896217
2026-03-17,2025-04-16,"2.85%",-75,2.85,0.278289450402911
2026-03-17,2025-04-16,"3.10%",-50,3.1,0.234621312481443
2026-03-17,2025-04-16,"3.35%",-25,3.35,0.122688052321225
2026-03-17,2025-04-16,"3.60%",0,3.6,0.0397674152872968
2026-03-17,2025-04-16,"3.85%",25,3.85,0
2026-03-17,2025-04-16,"4.10%",50,4.1,0
2026-03-17,2025-04-16,"4.35%",75,4.35,0
2026-03-17,2025-04-16,"4.60%",100,4.6,0
2026-03-17,2025-04-16,"4.85%",125,4.85,0
2026-03-17,2025-04-16,"5.10%",150,5.1,0
2026-03-17,2025-04-16,"5.35%",175,5.35,0
2026-03-17,2025-04-16,"5.60%",200,5.6,0
2026-03-17,2025-04-16,"5.85%",225,5.85,0
2026-03-17,2025-04-16,"6.10%",250,6.1,0
2026-03-17,2025-04-17,"0.10%",-300,0.1,0
2026-03-17,2025-04-17,"0.35%",-300,0.35,0
2026-03-17,2025-04-17,"0.60%",-300,0.6,0
2026-03-17,2025-04-17,"0.85%",-275,0.85,0
2026-03-17,2025-04-17,"1.10%",-250,1.1,0
2026-03-17,2025-04-17,"1.35%",-225,1.35,0
2026-03-17,2025-04-17,"1.60%",-200,1.6,0
2026-03-17,2025-04-17,"1.85%",-175,1.85,0
2026-03-17,2025-04-17,"2.10%",-150,2.1,0.0207161626103758
2026-03-17,2025-04-17,"2.35%",-125,2.35,0.0882253528681344
2026-03-17,2025-04-17,"2.60%",-100,2.6,0.214805233799888
2026-03-17,2025-04-17,"2.85%",-75,2.85,0.299400220930216
2026-03-17,2025-04-17,"3.10%",-50,3.1,0.239027277619604
2026-03-17,2025-04-17,"3.35%",-25,3.35,0.109262863210646
2026-03-17,2025-04-17,"3.60%",0,3.6,0.0285628889611361
2026-03-17,2025-04-17,"3.85%",25,3.85,0
2026-03-17,2025-04-17,"4.10%",50,4.1,0
2026-03-17,2025-04-17,"4.35%",75,4.35,0
2026-03-17,2025-04-17,"4.60%",100,4.6,0
2026-03-17,2025-04-17,"4.85%",125,4.85,0
2026-03-17,2025-04-17,"5.10%",150,5.1,0
2026-03-17,2025-04-17,"5.35%",175,5.35,0
2026-03-17,2025-04-17,"5.60%",200,5.6,0
2026-03-17,2025-04-17,"5.85%",225,5.85,0
2026-03-17,2025-04-17,"6.10%",250,6.1,0
2026-03-17,2025-04-22,"0.10%",-300,0.1,0
2026-03-17,2025-04-22,"0.35%",-300,0.35,0
2026-03-17,2025-04-22,"0.60%",-300,0.6,0
2026-03-17,2025-04-22,"0.85%",-275,0.85,0
2026-03-17,2025-04-22,"1.10%",-250,1.1,0
2026-03-17,2025-04-22,"1.35%",-225,1.35,0
2026-03-17,2025-04-22,"1.60%",-200,1.6,0
2026-03-17,2025-04-22,"1.85%",-175,1.85,0.0162992984780975
2026-03-17,2025-04-22,"2.10%",-150,2.1,0.0561452818563416
2026-03-17,2025-04-22,"2.35%",-125,2.35,0.133232545901366
2026-03-17,2025-04-22,"2.60%",-100,2.6,0.217883670598926
2026-03-17,2025-04-22,"2.85%",-75,2.85,0.245614469395369
2026-03-17,2025-04-22,"3.10%",-50,3.1,0.190863263752836
2026-03-17,2025-04-22,"3.35%",-25,3.35,0.102230170861703
2026-03-17,2025-04-22,"3.60%",0,3.6,0.0377312991553603
2026-03-17,2025-04-22,"3.85%",25,3.85,0
2026-03-17,2025-04-22,"4.10%",50,4.1,0
2026-03-17,2025-04-22,"4.35%",75,4.35,0
2026-03-17,2025-04-22,"4.60%",100,4.6,0
2026-03-17,2025-04-22,"4.85%",125,4.85,0
2026-03-17,2025-04-22,"5.10%",150,5.1,0
2026-03-17,2025-04-22,"5.35%",175,5.35,0
2026-03-17,2025-04-22,"5.60%",200,5.6,0
2026-03-17,2025-04-22,"5.85%",225,5.85,0
2026-03-17,2025-04-22,"6.10%",250,6.1,0
2026-03-17,2025-04-23,"0.10%",-300,0.1,0
2026-03-17,2025-04-23,"0.35%",-300,0.35,0
2026-03-17,2025-04-23,"0.60%",-300,0.6,0
2026-03-17,2025-04-23,"0.85%",-275,0.85,0
2026-03-17,2025-04-23,"1.10%",-250,1.1,0
2026-03-17,2025-04-23,"1.35%",-225,1.35,0
2026-03-17,2025-04-23,"1.60%",-200,1.6,0
2026-03-17,2025-04-23,"1.85%",-175,1.85,0.0130105070726202
2026-03-17,2025-04-23,"2.10%",-150,2.1,0.0438671136062037
2026-03-17,2025-04-23,"2.35%",-125,2.35,0.106185996813823
2026-03-17,2025-04-23,"2.60%",-100,2.6,0.184584797708362
2026-03-17,2025-04-23,"2.85%",-75,2.85,0.230463020485765
2026-03-17,2025-04-23,"3.10%",-50,3.1,0.206687601709727
2026-03-17,2025-04-23,"3.35%",-25,3.35,0.133143539849987
2026-03-17,2025-04-23,"3.60%",0,3.6,0.0615966575329639
2026-03-17,2025-04-23,"3.85%",25,3.85,0.0204607652205482
2026-03-17,2025-04-23,"4.10%",50,4.1,0
2026-03-17,2025-04-23,"4.35%",75,4.35,0
2026-03-17,2025-04-23,"4.60%",100,4.6,0
2026-03-17,2025-04-23,"4.85%",125,4.85,0
2026-03-17,2025-04-23,"5.10%",150,5.1,0
2026-03-17,2025-04-23,"5.35%",175,5.35,0
2026-03-17,2025-04-23,"5.60%",200,5.6,0
2026-03-17,2025-04-23,"5.85%",225,5.85,0
2026-03-17,2025-04-23,"6.10%",250,6.1,0
2026-03-17,2025-04-25,"0.10%",-300,0.1,0
2026-03-17,2025-04-25,"0.35%",-300,0.35,0
2026-03-17,2025-04-25,"0.60%",-300,0.6,0
2026-03-17,2025-04-25,"0.85%",-275,0.85,0
2026-03-17,2025-04-25,"1.10%",-250,1.1,0
2026-03-17,2025-04-25,"1.35%",-225,1.35,0
2026-03-17,2025-04-25,"1.60%",-200,1.6,0
2026-03-17,2025-04-25,"1.85%",-175,1.85,0.0228595318613254
2026-03-17,2025-04-25,"2.10%",-150,2.1,0.0578269820017001
2026-03-17,2025-04-25,"2.35%",-125,2.35,0.113395057513247
2026-03-17,2025-04-25,"2.60%",-100,2.6,0.172384874855375
2026-03-17,2025-04-25,"2.85%",-75,2.85,0.203175681263179
2026-03-17,2025-04-25,"3.10%",-50,3.1,0.185661643823452
2026-03-17,2025-04-25,"3.35%",-25,3.35,0.131536070438844
2026-03-17,2025-04-25,"3.60%",0,3.6,0.0722467250413464
2026-03-17,2025-04-25,"3.85%",25,3.85,0.0307613442367067
2026-03-17,2025-04-25,"4.10%",50,4.1,0.0101520889648243
2026-03-17,2025-04-25,"4.35%",75,4.35,0
2026-03-17,2025-04-25,"4.60%",100,4.6,0
2026-03-17,2025-04-25,"4.85%",125,4.85,0
2026-03-17,2025-04-25,"5.10%",150,5.1,0
2026-03-17,2025-04-25,"5.35%",175,5.35,0
2026-03-17,2025-04-25,"5.60%",200,5.6,0
2026-03-17,2025-04-25,"5.85%",225,5.85,0
2026-03-17,2025-04-25,"6.10%",250,6.1,0
2026-03-17,2025-04-28,"0.10%",-300,0.1,0
2026-03-17,2025-04-28,"0.35%",-300,0.35,0
2026-03-17,2025-04-28,"0.60%",-300,0.6,0
2026-03-17,2025-04-28,"0.85%",-275,0.85,0
2026-03-17,2025-04-28,"1.10%",-250,1.1,0
2026-03-17,2025-04-28,"1.35%",-225,1.35,0
2026-03-17,2025-04-28,"1.60%",-200,1.6,0
2026-03-17,2025-04-28,"1.85%",-175,1.85,0.0244453099630099
2026-03-17,2025-04-28,"2.10%",-150,2.1,0.0635116399326634
2026-03-17,2025-04-28,"2.35%",-125,2.35,0.125237904763436
2026-03-17,2025-04-28,"2.60%",-100,2.6,0.187454418337628
2026-03-17,2025-04-28,"2.85%",-75,2.85,0.212992878232304
2026-03-17,2025-04-28,"3.10%",-50,3.1,0.183719088147079
2026-03-17,2025-04-28,"3.35%",-25,3.35,0.120296052905861
2026-03-17,2025-04-28,"3.60%",0,3.6,0.0597891974980981
2026-03-17,2025-04-28,"3.85%",25,3.85,0.0225535102199202
2026-03-17,2025-04-28,"4.10%",50,4.1,0
2026-03-17,2025-04-28,"4.35%",75,4.35,0
2026-03-17,2025-04-28,"4.60%",100,4.6,0
2026-03-17,2025-04-28,"4.85%",125,4.85,0
2026-03-17,2025-04-28,"5.10%",150,5.1,0
2026-03-17,2025-04-28,"5.35%",175,5.35,0
2026-03-17,2025-04-28,"5.60%",200,5.6,0
2026-03-17,2025-04-28,"5.85%",225,5.85,0
2026-03-17,2025-04-28,"6.10%",250,6.1,0
2026-03-17,2025-04-29,"0.10%",-300,0.1,0
2026-03-17,2025-04-29,"0.35%",-300,0.35,0
2026-03-17,2025-04-29,"0.60%",-300,0.6,0
2026-03-17,2025-04-29,"0.85%",-275,0.85,0
2026-03-17,2025-04-29,"1.10%",-250,1.1,0
2026-03-17,2025-04-29,"1.35%",-225,1.35,0
2026-03-17,2025-04-29,"1.60%",-200,1.6,0
2026-03-17,2025-04-29,"1.85%",-175,1.85,0.0249952963264358
2026-03-17,2025-04-29,"2.10%",-150,2.1,0.062858806405629
2026-03-17,2025-04-29,"2.35%",-125,2.35,0.121690635343911
2026-03-17,2025-04-29,"2.60%",-100,2.6,0.181374042354237
2026-03-17,2025-04-29,"2.85%",-75,2.85,0.208135944110209
2026-03-17,2025-04-29,"3.10%",-50,3.1,0.183900307060225
2026-03-17,2025-04-29,"3.35%",-25,3.35,0.125104447099262
2026-03-17,2025-04-29,"3.60%",0,3.6,0.0655227092325383
2026-03-17,2025-04-29,"3.85%",25,3.85,0.0264178120675531
2026-03-17,2025-04-29,"4.10%",50,4.1,0
2026-03-17,2025-04-29,"4.35%",75,4.35,0
2026-03-17,2025-04-29,"4.60%",100,4.6,0
2026-03-17,2025-04-29,"4.85%",125,4.85,0
2026-03-17,2025-04-29,"5.10%",150,5.1,0
2026-03-17,2025-04-29,"5.35%",175,5.35,0
2026-03-17,2025-04-29,"5.60%",200,5.6,0
2026-03-17,2025-04-29,"5.85%",225,5.85,0
2026-03-17,2025-04-29,"6.10%",250,6.1,0
2026-03-17,2025-04-30,"0.10%",-300,0.1,0
2026-03-17,2025-04-30,"0.35%",-300,0.35,0
2026-03-17,2025-04-30,"0.60%",-300,0.6,0
2026-03-17,2025-04-30,"0.85%",-275,0.85,0
2026-03-17,2025-04-30,"1.10%",-250,1.1,0
2026-03-17,2025-04-30,"1.35%",-225,1.35,0
2026-03-17,2025-04-30,"1.60%",-200,1.6,0
2026-03-17,2025-04-30,"1.85%",-175,1.85,0.0214212010844646
2026-03-17,2025-04-30,"2.10%",-150,2.1,0.0570637740758514
2026-03-17,2025-04-30,"2.35%",-125,2.35,0.115840194737224
2026-03-17,2025-04-30,"2.60%",-100,2.6,0.179222512968668
2026-03-17,2025-04-30,"2.85%",-75,2.85,0.211345717930441
2026-03-17,2025-04-30,"3.10%",-50,3.1,0.18996545260549
2026-03-17,2025-04-30,"3.35%",-25,3.35,0.130145115353052
2026-03-17,2025-04-30,"3.60%",0,3.6,0.0679554646826425
2026-03-17,2025-04-30,"3.85%",25,3.85,0.0270405665621667
2026-03-17,2025-04-30,"4.10%",50,4.1,0
2026-03-17,2025-04-30,"4.35%",75,4.35,0
2026-03-17,2025-04-30,"4.60%",100,4.6,0
2026-03-17,2025-04-30,"4.85%",125,4.85,0
2026-03-17,2025-04-30,"5.10%",150,5.1,0
2026-03-17,2025-04-30,"5.35%",175,5.35,0
2026-03-17,2025-04-30,"5.60%",200,5.6,0
2026-03-17,2025-04-30,"5.85%",225,5.85,0
2026-03-17,2025-04-30,"6.10%",250,6.1,0
2026-03-17,2025-05-01,"0.10%",-300,0.1,0
2026-03-17,2025-05-01,"0.35%",-300,0.35,0
2026-03-17,2025-05-01,"0.60%",-300,0.6,0
2026-03-17,2025-05-01,"0.85%",-275,0.85,0
2026-03-17,2025-05-01,"1.10%",-250,1.1,0
2026-03-17,2025-05-01,"1.35%",-225,1.35,0
2026-03-17,2025-05-01,"1.60%",-200,1.6,0
2026-03-17,2025-05-01,"1.85%",-175,1.85,0.0169525875239136
2026-03-17,2025-05-01,"2.10%",-150,2.1,0.0510383001653192
2026-03-17,2025-05-01,"2.35%",-125,2.35,0.113191861299649
2026-03-17,2025-05-01,"2.60%",-100,2.6,0.18495941788321
2026-03-17,2025-05-01,"2.85%",-75,2.85,0.222706588598256
2026-03-17,2025-05-01,"3.10%",-50,3.1,0.197608435660495
2026-03-17,2025-05-01,"3.35%",-25,3.35,0.129205356217761
2026-03-17,2025-05-01,"3.60%",0,3.6,0.062246077576202
2026-03-17,2025-05-01,"3.85%",25,3.85,0.0220913750751938
2026-03-17,2025-05-01,"4.10%",50,4.1,0
2026-03-17,2025-05-01,"4.35%",75,4.35,0
2026-03-17,2025-05-01,"4.60%",100,4.6,0
2026-03-17,2025-05-01,"4.85%",125,4.85,0
2026-03-17,2025-05-01,"5.10%",150,5.1,0
2026-03-17,2025-05-01,"5.35%",175,5.35,0
2026-03-17,2025-05-01,"5.60%",200,5.6,0
2026-03-17,2025-05-01,"5.85%",225,5.85,0
2026-03-17,2025-05-01,"6.10%",250,6.1,0
2026-03-17,2025-05-02,"0.10%",-300,0.1,0
2026-03-17,2025-05-02,"0.35%",-300,0.35,0
2026-03-17,2025-05-02,"0.60%",-300,0.6,0
2026-03-17,2025-05-02,"0.85%",-275,0.85,0
2026-03-17,2025-05-02,"1.10%",-250,1.1,0
2026-03-17,2025-05-02,"1.35%",-225,1.35,0
2026-03-17,2025-05-02,"1.60%",-200,1.6,0
2026-03-17,2025-05-02,"1.85%",-175,1.85,0.015346990379223
2026-03-17,2025-05-02,"2.10%",-150,2.1,0.0463323650335944
2026-03-17,2025-05-02,"2.35%",-125,2.35,0.104167319495773
2026-03-17,2025-05-02,"2.60%",-100,2.6,0.174437604741573
2026-03-17,2025-05-02,"2.85%",-75,2.85,0.21760063451541
2026-03-17,2025-05-02,"3.10%",-50,3.1,0.202214996115184
2026-03-17,2025-05-02,"3.35%",-25,3.35,0.139988539840387
2026-03-17,2025-05-02,"3.60%",0,3.6,0.0721874363061575
2026-03-17,2025-05-02,"3.85%",25,3.85,0.0277241135726988
2026-03-17,2025-05-02,"4.10%",50,4.1,0
2026-03-17,2025-05-02,"4.35%",75,4.35,0
2026-03-17,2025-05-02,"4.60%",100,4.6,0
2026-03-17,2025-05-02,"4.85%",125,4.85,0
2026-03-17,2025-05-02,"5.10%",150,5.1,0
2026-03-17,2025-05-02,"5.35%",175,5.35,0
2026-03-17,2025-05-02,"5.60%",200,5.6,0
2026-03-17,2025-05-02,"5.85%",225,5.85,0
2026-03-17,2025-05-02,"6.10%",250,6.1,0
2026-03-17,2025-05-05,"0.10%",-300,0.1,0
2026-03-17,2025-05-05,"0.35%",-300,0.35,0
2026-03-17,2025-05-05,"0.60%",-300,0.6,0
2026-03-17,2025-05-05,"0.85%",-275,0.85,0
2026-03-17,2025-05-05,"1.10%",-250,1.1,0
2026-03-17,2025-05-05,"1.35%",-225,1.35,0
2026-03-17,2025-05-05,"1.60%",-200,1.6,0
2026-03-17,2025-05-05,"1.85%",-175,1.85,0.015719423132011
2026-03-17,2025-05-05,"2.10%",-150,2.1,0.0435632332478842
2026-03-17,2025-05-05,"2.35%",-125,2.35,0.0933749368903873
2026-03-17,2025-05-05,"2.60%",-100,2.6,0.154815503998296
2026-03-17,2025-05-05,"2.85%",-75,2.85,0.19856588233025
2026-03-17,2025-05-05,"3.10%",-50,3.1,0.197023000234512
2026-03-17,2025-05-05,"3.35%",-25,3.35,0.151234487675416
2026-03-17,2025-05-05,"3.60%",0,3.6,0.0898026800028833
2026-03-17,2025-05-05,"3.85%",25,3.85,0.0412476507400287
2026-03-17,2025-05-05,"4.10%",50,4.1,0.0146532017483316
2026-03-17,2025-05-05,"4.35%",75,4.35,0
2026-03-17,2025-05-05,"4.60%",100,4.6,0
2026-03-17,2025-05-05,"4.85%",125,4.85,0
2026-03-17,2025-05-05,"5.10%",150,5.1,0
2026-03-17,2025-05-05,"5.35%",175,5.35,0
2026-03-17,2025-05-05,"5.60%",200,5.6,0
2026-03-17,2025-05-05,"5.85%",225,5.85,0
2026-03-17,2025-05-05,"6.10%",250,6.1,0
2026-03-17,2025-05-06,"0.10%",-300,0.1,0
2026-03-17,2025-05-06,"0.35%",-300,0.35,0
2026-03-17,2025-05-06,"0.60%",-300,0.6,0
2026-03-17,2025-05-06,"0.85%",-275,0.85,0
2026-03-17,2025-05-06,"1.10%",-250,1.1,0
2026-03-17,2025-05-06,"1.35%",-225,1.35,0
2026-03-17,2025-05-06,"1.60%",-200,1.6,0
2026-03-17,2025-05-06,"1.85%",-175,1.85,0.0103919503204407
2026-03-17,2025-05-06,"2.10%",-150,2.1,0.0335253261991025
2026-03-17,2025-05-06,"2.35%",-125,2.35,0.0813141634170648
2026-03-17,2025-05-06,"2.60%",-100,2.6,0.148303306356258
2026-03-17,2025-05-06,"2.85%",-75,2.85,0.203413139916768
2026-03-17,2025-05-06,"3.10%",-50,3.1,0.209835364939074
2026-03-17,2025-05-06,"3.35%",-25,3.35,0.162799343986291
2026-03-17,2025-05-06,"3.60%",0,3.6,0.0949901044876322
2026-03-17,2025-05-06,"3.85%",25,3.85,0.0416781913877922
2026-03-17,2025-05-06,"4.10%",50,4.1,0.0137491089895768
2026-03-17,2025-05-06,"4.35%",75,4.35,0
2026-03-17,2025-05-06,"4.60%",100,4.6,0
2026-03-17,2025-05-06,"4.85%",125,4.85,0
2026-03-17,2025-05-06,"5.10%",150,5.1,0
2026-03-17,2025-05-06,"5.35%",175,5.35,0
2026-03-17,2025-05-06,"5.60%",200,5.6,0
2026-03-17,2025-05-06,"5.85%",225,5.85,0
2026-03-17,2025-05-06,"6.10%",250,6.1,0
2026-03-17,2025-05-07,"0.10%",-300,0.1,0
2026-03-17,2025-05-07,"0.35%",-300,0.35,0
2026-03-17,2025-05-07,"0.60%",-300,0.6,0
2026-03-17,2025-05-07,"0.85%",-275,0.85,0
2026-03-17,2025-05-07,"1.10%",-250,1.1,0
2026-03-17,2025-05-07,"1.35%",-225,1.35,0
2026-03-17,2025-05-07,"1.60%",-200,1.6,0
2026-03-17,2025-05-07,"1.85%",-175,1.85,0.0161054952470527
2026-03-17,2025-05-07,"2.10%",-150,2.1,0.0461289304702847
2026-03-17,2025-05-07,"2.35%",-125,2.35,0.100328655656214
2026-03-17,2025-05-07,"2.60%",-100,2.6,0.165725058703203
2026-03-17,2025-05-07,"2.85%",-75,2.85,0.207922908809937
2026-03-17,2025-05-07,"3.10%",-50,3.1,0.198146119896328
2026-03-17,2025-05-07,"3.35%",-25,3.35,0.143428023606164
2026-03-17,2025-05-07,"3.60%",0,3.6,0.078853685367063
2026-03-17,2025-05-07,"3.85%",25,3.85,0.0329232701162348
2026-03-17,2025-05-07,"4.10%",50,4.1,0.0104378521275179
2026-03-17,2025-05-07,"4.35%",75,4.35,0
2026-03-17,2025-05-07,"4.60%",100,4.6,0
2026-03-17,2025-05-07,"4.85%",125,4.85,0
2026-03-17,2025-05-07,"5.10%",150,5.1,0
2026-03-17,2025-05-07,"5.35%",175,5.35,0
2026-03-17,2025-05-07,"5.60%",200,5.6,0
2026-03-17,2025-05-07,"5.85%",225,5.85,0
2026-03-17,2025-05-07,"6.10%",250,6.1,0
2026-03-17,2025-05-08,"0.10%",-300,0.1,0
2026-03-17,2025-05-08,"0.35%",-300,0.35,0
2026-03-17,2025-05-08,"0.60%",-300,0.6,0
2026-03-17,2025-05-08,"0.85%",-275,0.85,0
2026-03-17,2025-05-08,"1.10%",-250,1.1,0
2026-03-17,2025-05-08,"1.35%",-225,1.35,0
2026-03-17,2025-05-08,"1.60%",-200,1.6,0
2026-03-17,2025-05-08,"1.85%",-175,1.85,0.0142008756619031
2026-03-17,2025-05-08,"2.10%",-150,2.1,0.0414035945884284
2026-03-17,2025-05-08,"2.35%",-125,2.35,0.092142711192544
2026-03-17,2025-05-08,"2.60%",-100,2.6,0.156545776962625
2026-03-17,2025-05-08,"2.85%",-75,2.85,0.203057163237549
2026-03-17,2025-05-08,"3.10%",-50,3.1,0.201099697662001
2026-03-17,2025-05-08,"3.35%",-25,3.35,0.152061732104794
2026-03-17,2025-05-08,"3.60%",0,3.6,0.0877855160139064
2026-03-17,2025-05-08,"3.85%",25,3.85,0.038688304387324
2026-03-17,2025-05-08,"4.10%",50,4.1,0.0130146281889247
2026-03-17,2025-05-08,"4.35%",75,4.35,0
2026-03-17,2025-05-08,"4.60%",100,4.6,0
2026-03-17,2025-05-08,"4.85%",125,4.85,0
2026-03-17,2025-05-08,"5.10%",150,5.1,0
2026-03-17,2025-05-08,"5.35%",175,5.35,0
2026-03-17,2025-05-08,"5.60%",200,5.6,0
2026-03-17,2025-05-08,"5.85%",225,5.85,0
2026-03-17,2025-05-08,"6.10%",250,6.1,0
2026-03-17,2025-05-09,"0.10%",-300,0.1,0
2026-03-17,2025-05-09,"0.35%",-300,0.35,0
2026-03-17,2025-05-09,"0.60%",-300,0.6,0
2026-03-17,2025-05-09,"0.85%",-275,0.85,0
2026-03-17,2025-05-09,"1.10%",-250,1.1,0
2026-03-17,2025-05-09,"1.35%",-225,1.35,0
2026-03-17,2025-05-09,"1.60%",-200,1.6,0
2026-03-17,2025-05-09,"1.85%",-175,1.85,0.0101612162935588
2026-03-17,2025-05-09,"2.10%",-150,2.1,0.0323582479595691
2026-03-17,2025-05-09,"2.35%",-125,2.35,0.0781086841631669
2026-03-17,2025-05-09,"2.60%",-100,2.6,0.142940810783567
2026-03-17,2025-05-09,"2.85%",-75,2.85,0.198336964197208
2026-03-17,2025-05-09,"3.10%",-50,3.1,0.208673882533084
2026-03-17,2025-05-09,"3.35%",-25,3.35,0.166476790331624
2026-03-17,2025-05-09,"3.60%",0,3.6,0.100702924343958
2026-03-17,2025-05-09,"3.85%",25,3.85,0.0461841599776392
2026-03-17,2025-05-09,"4.10%",50,4.1,0.0160563194166255
2026-03-17,2025-05-09,"4.35%",75,4.35,0
2026-03-17,2025-05-09,"4.60%",100,4.6,0
2026-03-17,2025-05-09,"4.85%",125,4.85,0
2026-03-17,2025-05-09,"5.10%",150,5.1,0
2026-03-17,2025-05-09,"5.35%",175,5.35,0
2026-03-17,2025-05-09,"5.60%",200,5.6,0
2026-03-17,2025-05-09,"5.85%",225,5.85,0
2026-03-17,2025-05-09,"6.10%",250,6.1,0
2026-03-17,2025-05-12,"0.10%",-300,0.1,0
2026-03-17,2025-05-12,"0.35%",-300,0.35,0
2026-03-17,2025-05-12,"0.60%",-300,0.6,0
2026-03-17,2025-05-12,"0.85%",-275,0.85,0
2026-03-17,2025-05-12,"1.10%",-250,1.1,0
2026-03-17,2025-05-12,"1.35%",-225,1.35,0
2026-03-17,2025-05-12,"1.60%",-200,1.6,0
2026-03-17,2025-05-12,"1.85%",-175,1.85,0
2026-03-17,2025-05-12,"2.10%",-150,2.1,0.0154636991751712
2026-03-17,2025-05-12,"2.35%",-125,2.35,0.051851009675086
2026-03-17,2025-05-12,"2.60%",-100,2.6,0.122359998196048
2026-03-17,2025-05-12,"2.85%",-75,2.85,0.203280945007561
2026-03-17,2025-05-12,"3.10%",-50,3.1,0.237800510246603
2026-03-17,2025-05-12,"3.35%",-25,3.35,0.195890886234959
2026-03-17,2025-05-12,"3.60%",0,3.6,0.113623555590726
2026-03-17,2025-05-12,"3.85%",25,3.85,0.0463965233937167
2026-03-17,2025-05-12,"4.10%",50,4.1,0.0133328724801285
2026-03-17,2025-05-12,"4.35%",75,4.35,0
2026-03-17,2025-05-12,"4.60%",100,4.6,0
2026-03-17,2025-05-12,"4.85%",125,4.85,0
2026-03-17,2025-05-12,"5.10%",150,5.1,0
2026-03-17,2025-05-12,"5.35%",175,5.35,0
2026-03-17,2025-05-12,"5.60%",200,5.6,0
2026-03-17,2025-05-12,"5.85%",225,5.85,0
2026-03-17,2025-05-12,"6.10%",250,6.1,0
2026-03-17,2025-05-13,"0.10%",-300,0.1,0
2026-03-17,2025-05-13,"0.35%",-300,0.35,0
2026-03-17,2025-05-13,"0.60%",-300,0.6,0
2026-03-17,2025-05-13,"0.85%",-275,0.85,0
2026-03-17,2025-05-13,"1.10%",-250,1.1,0
2026-03-17,2025-05-13,"1.35%",-225,1.35,0
2026-03-17,2025-05-13,"1.60%",-200,1.6,0
2026-03-17,2025-05-13,"1.85%",-175,1.85,0
2026-03-17,2025-05-13,"2.10%",-150,2.1,0
2026-03-17,2025-05-13,"2.35%",-125,2.35,0.0331027482770622
2026-03-17,2025-05-13,"2.60%",-100,2.6,0.0901174942848456
2026-03-17,2025-05-13,"2.85%",-75,2.85,0.172979566574822
2026-03-17,2025-05-13,"3.10%",-50,3.1,0.234167152236691
2026-03-17,2025-05-13,"3.35%",-25,3.35,0.223590143684704
2026-03-17,2025-05-13,"3.60%",0,3.6,0.1505799517123
2026-03-17,2025-05-13,"3.85%",25,3.85,0.0715162117466661
2026-03-17,2025-05-13,"4.10%",50,4.1,0.0239467314829084
2026-03-17,2025-05-13,"4.35%",75,4.35,0
2026-03-17,2025-05-13,"4.60%",100,4.6,0
2026-03-17,2025-05-13,"4.85%",125,4.85,0
2026-03-17,2025-05-13,"5.10%",150,5.1,0
2026-03-17,2025-05-13,"5.35%",175,5.35,0
2026-03-17,2025-05-13,"5.60%",200,5.6,0
2026-03-17,2025-05-13,"5.85%",225,5.85,0
2026-03-17,2025-05-13,"6.10%",250,6.1,0
2026-03-17,2025-05-14,"0.10%",-300,0.1,0
2026-03-17,2025-05-14,"0.35%",-300,0.35,0
2026-03-17,2025-05-14,"0.60%",-300,0.6,0
2026-03-17,2025-05-14,"0.85%",-275,0.85,0
2026-03-17,2025-05-14,"1.10%",-250,1.1,0
2026-03-17,2025-05-14,"1.35%",-225,1.35,0
2026-03-17,2025-05-14,"1.60%",-200,1.6,0
2026-03-17,2025-05-14,"1.85%",-175,1.85,0
2026-03-17,2025-05-14,"2.10%",-150,2.1,0
2026-03-17,2025-05-14,"2.35%",-125,2.35,0.0308179978823816
2026-03-17,2025-05-14,"2.60%",-100,2.6,0.0836298622437101
2026-03-17,2025-05-14,"2.85%",-75,2.85,0.162447162005189
2026-03-17,2025-05-14,"3.10%",-50,3.1,0.225917445001881
2026-03-17,2025-05-14,"3.35%",-25,3.35,0.224968555882354
2026-03-17,2025-05-14,"3.60%",0,3.6,0.160408609739103
2026-03-17,2025-05-14,"3.85%",25,3.85,0.0818876897455879
2026-03-17,2025-05-14,"4.10%",50,4.1,0.0299226774997937
2026-03-17,2025-05-14,"4.35%",75,4.35,0
2026-03-17,2025-05-14,"4.60%",100,4.6,0
2026-03-17,2025-05-14,"4.85%",125,4.85,0
2026-03-17,2025-05-14,"5.10%",150,5.1,0
2026-03-17,2025-05-14,"5.35%",175,5.35,0
2026-03-17,2025-05-14,"5.60%",200,5.6,0
2026-03-17,2025-05-14,"5.85%",225,5.85,0
2026-03-17,2025-05-14,"6.10%",250,6.1,0
2026-03-17,2025-05-15,"0.10%",-300,0.1,0
2026-03-17,2025-05-15,"0.35%",-300,0.35,0
2026-03-17,2025-05-15,"0.60%",-300,0.6,0
2026-03-17,2025-05-15,"0.85%",-275,0.85,0
2026-03-17,2025-05-15,"1.10%",-250,1.1,0
2026-03-17,2025-05-15,"1.35%",-225,1.35,0
2026-03-17,2025-05-15,"1.60%",-200,1.6,0
2026-03-17,2025-05-15,"1.85%",-175,1.85,0
2026-03-17,2025-05-15,"2.10%",-150,2.1,0
2026-03-17,2025-05-15,"2.35%",-125,2.35,0.0267598083364634
2026-03-17,2025-05-15,"2.60%",-100,2.6,0.0728175920725011
2026-03-17,2025-05-15,"2.85%",-75,2.85,0.144712916645942
2026-03-17,2025-05-15,"3.10%",-50,3.1,0.210075495100324
2026-03-17,2025-05-15,"3.35%",-25,3.35,0.222784468686559
2026-03-17,2025-05-15,"3.60%",0,3.6,0.172600838673161
2026-03-17,2025-05-15,"3.85%",25,3.85,0.0976829684418472
2026-03-17,2025-05-15,"4.10%",50,4.1,0.0403781211266432
2026-03-17,2025-05-15,"4.35%",75,4.35,0.0121877909165597
2026-03-17,2025-05-15,"4.60%",100,4.6,0
2026-03-17,2025-05-15,"4.85%",125,4.85,0
2026-03-17,2025-05-15,"5.10%",150,5.1,0
2026-03-17,2025-05-15,"5.35%",175,5.35,0
2026-03-17,2025-05-15,"5.60%",200,5.6,0
2026-03-17,2025-05-15,"5.85%",225,5.85,0
2026-03-17,2025-05-15,"6.10%",250,6.1,0
2026-03-17,2025-05-16,"0.10%",-300,0.1,0
2026-03-17,2025-05-16,"0.35%",-300,0.35,0
2026-03-17,2025-05-16,"0.60%",-300,0.6,0
2026-03-17,2025-05-16,"0.85%",-275,0.85,0
2026-03-17,2025-05-16,"1.10%",-250,1.1,0
2026-03-17,2025-05-16,"1.35%",-225,1.35,0
2026-03-17,2025-05-16,"1.60%",-200,1.6,0
2026-03-17,2025-05-16,"1.85%",-175,1.85,0
2026-03-17,2025-05-16,"2.10%",-150,2.1,0
2026-03-17,2025-05-16,"2.35%",-125,2.35,0.0289968392906585
2026-03-17,2025-05-16,"2.60%",-100,2.6,0.0809751783308522
2026-03-17,2025-05-16,"2.85%",-75,2.85,0.160741307379602
2026-03-17,2025-05-16,"3.10%",-50,3.1,0.226871300701827
2026-03-17,2025-05-16,"3.35%",-25,3.35,0.227698903210383
2026-03-17,2025-05-16,"3.60%",0,3.6,0.162507045009801
2026-03-17,2025-05-16,"3.85%",25,3.85,0.082463466786958
2026-03-17,2025-05-16,"4.10%",50,4.1,0.029745959289919
2026-03-17,2025-05-16,"4.35%",75,4.35,0
2026-03-17,2025-05-16,"4.60%",100,4.6,0
2026-03-17,2025-05-16,"4.85%",125,4.85,0
2026-03-17,2025-05-16,"5.10%",150,5.1,0
2026-03-17,2025-05-16,"5.35%",175,5.35,0
2026-03-17,2025-05-16,"5.60%",200,5.6,0
2026-03-17,2025-05-16,"5.85%",225,5.85,0
2026-03-17,2025-05-16,"6.10%",250,6.1,0
2026-03-17,2025-05-19,"0.10%",-300,0.1,0
2026-03-17,2025-05-19,"0.35%",-300,0.35,0
2026-03-17,2025-05-19,"0.60%",-300,0.6,0
2026-03-17,2025-05-19,"0.85%",-275,0.85,0
2026-03-17,2025-05-19,"1.10%",-250,1.1,0
2026-03-17,2025-05-19,"1.35%",-225,1.35,0
2026-03-17,2025-05-19,"1.60%",-200,1.6,0
2026-03-17,2025-05-19,"1.85%",-175,1.85,0
2026-03-17,2025-05-19,"2.10%",-150,2.1,0
2026-03-17,2025-05-19,"2.35%",-125,2.35,0.0197752898497931
2026-03-17,2025-05-19,"2.60%",-100,2.6,0.0644598681161988
2026-03-17,2025-05-19,"2.85%",-75,2.85,0.145042255237293
2026-03-17,2025-05-19,"3.10%",-50,3.1,0.225367512979809
2026-03-17,2025-05-19,"3.35%",-25,3.35,0.241861141536051
2026-03-17,2025-05-19,"3.60%",0,3.6,0.179280462558443
2026-03-17,2025-05-19,"3.85%",25,3.85,0.0917767587909059
2026-03-17,2025-05-19,"4.10%",50,4.1,0.0324367109315058
2026-03-17,2025-05-19,"4.35%",75,4.35,0
2026-03-17,2025-05-19,"4.60%",100,4.6,0
2026-03-17,2025-05-19,"4.85%",125,4.85,0
2026-03-17,2025-05-19,"5.10%",150,5.1,0
2026-03-17,2025-05-19,"5.35%",175,5.35,0
2026-03-17,2025-05-19,"5.60%",200,5.6,0
2026-03-17,2025-05-19,"5.85%",225,5.85,0
2026-03-17,2025-05-19,"6.10%",250,6.1,0
2026-03-17,2025-05-20,"0.10%",-300,0.1,0
2026-03-17,2025-05-20,"0.35%",-300,0.35,0
2026-03-17,2025-05-20,"0.60%",-300,0.6,0
2026-03-17,2025-05-20,"0.85%",-275,0.85,0
2026-03-17,2025-05-20,"1.10%",-250,1.1,0
2026-03-17,2025-05-20,"1.35%",-225,1.35,0
2026-03-17,2025-05-20,"1.60%",-200,1.6,0
2026-03-17,2025-05-20,"1.85%",-175,1.85,0
2026-03-17,2025-05-20,"2.10%",-150,2.1,0.0147752653171868
2026-03-17,2025-05-20,"2.35%",-125,2.35,0.0507160095960317
2026-03-17,2025-05-20,"2.60%",-100,2.6,0.121713473389887
2026-03-17,2025-05-20,"2.85%",-75,2.85,0.204297486705425
2026-03-17,2025-05-20,"3.10%",-50,3.1,0.239888115556797
2026-03-17,2025-05-20,"3.35%",-25,3.35,0.197062699300901
2026-03-17,2025-05-20,"3.60%",0,3.6,0.113243965643802
2026-03-17,2025-05-20,"3.85%",25,3.85,0.0455139055064208
2026-03-17,2025-05-20,"4.10%",50,4.1,0.0127890789835484
2026-03-17,2025-05-20,"4.35%",75,4.35,0
2026-03-17,2025-05-20,"4.60%",100,4.6,0
2026-03-17,2025-05-20,"4.85%",125,4.85,0
2026-03-17,2025-05-20,"5.10%",150,5.1,0
2026-03-17,2025-05-20,"5.35%",175,5.35,0
2026-03-17,2025-05-20,"5.60%",200,5.6,0
2026-03-17,2025-05-20,"5.85%",225,5.85,0
2026-03-17,2025-05-20,"6.10%",250,6.1,0
2026-03-17,2025-05-21,"0.10%",-300,0.1,0
2026-03-17,2025-05-21,"0.35%",-300,0.35,0
2026-03-17,2025-05-21,"0.60%",-300,0.6,0
2026-03-17,2025-05-21,"0.85%",-275,0.85,0
2026-03-17,2025-05-21,"1.10%",-250,1.1,0
2026-03-17,2025-05-21,"1.35%",-225,1.35,0
2026-03-17,2025-05-21,"1.60%",-200,1.6,0
2026-03-17,2025-05-21,"1.85%",-175,1.85,0
2026-03-17,2025-05-21,"2.10%",-150,2.1,0.0160113306833093
2026-03-17,2025-05-21,"2.35%",-125,2.35,0.0554841121526683
2026-03-17,2025-05-21,"2.60%",-100,2.6,0.132353756100694
2026-03-17,2025-05-21,"2.85%",-75,2.85,0.217418651143673
2026-03-17,2025-05-21,"3.10%",-50,3.1,0.246008034659024
2026-03-17,2025-05-21,"3.35%",-25,3.35,0.191742720906631
2026-03-17,2025-05-21,"3.60%",0,3.6,0.102933106161493
2026-03-17,2025-05-21,"3.85%",25,3.85,0.0380482881925079
2026-03-17,2025-05-21,"4.10%",50,4.1,0
2026-03-17,2025-05-21,"4.35%",75,4.35,0
2026-03-17,2025-05-21,"4.60%",100,4.6,0
2026-03-17,2025-05-21,"4.85%",125,4.85,0
2026-03-17,2025-05-21,"5.10%",150,5.1,0
2026-03-17,2025-05-21,"5.35%",175,5.35,0
2026-03-17,2025-05-21,"5.60%",200,5.6,0
2026-03-17,2025-05-21,"5.85%",225,5.85,0
2026-03-17,2025-05-21,"6.10%",250,6.1,0
2026-03-17,2025-05-22,"0.10%",-300,0.1,0
2026-03-17,2025-05-22,"0.35%",-300,0.35,0
2026-03-17,2025-05-22,"0.60%",-300,0.6,0
2026-03-17,2025-05-22,"0.85%",-275,0.85,0
2026-03-17,2025-05-22,"1.10%",-250,1.1,0
2026-03-17,2025-05-22,"1.35%",-225,1.35,0
2026-03-17,2025-05-22,"1.60%",-200,1.6,0
2026-03-17,2025-05-22,"1.85%",-175,1.85,0
2026-03-17,2025-05-22,"2.10%",-150,2.1,0.0130355673654672
2026-03-17,2025-05-22,"2.35%",-125,2.35,0.0500057319736221
2026-03-17,2025-05-22,"2.60%",-100,2.6,0.128410115841037
2026-03-17,2025-05-22,"2.85%",-75,2.85,0.220846773819809
2026-03-17,2025-05-22,"3.10%",-50,3.1,0.254465961933221
2026-03-17,2025-05-22,"3.35%",-25,3.35,0.196449572917558
2026-03-17,2025-05-22,"3.60%",0,3.6,0.101599100562994
2026-03-17,2025-05-22,"3.85%",25,3.85,0.0351871755862928
2026-03-17,2025-05-22,"4.10%",50,4.1,0
2026-03-17,2025-05-22,"4.35%",75,4.35,0
2026-03-17,2025-05-22,"4.60%",100,4.6,0
2026-03-17,2025-05-22,"4.85%",125,4.85,0
2026-03-17,2025-05-22,"5.10%",150,5.1,0
2026-03-17,2025-05-22,"5.35%",175,5.35,0
2026-03-17,2025-05-22,"5.60%",200,5.6,0
2026-03-17,2025-05-22,"5.85%",225,5.85,0
2026-03-17,2025-05-22,"6.10%",250,6.1,0
2026-03-17,2025-05-23,"0.10%",-300,0.1,0
2026-03-17,2025-05-23,"0.35%",-300,0.35,0
2026-03-17,2025-05-23,"0.60%",-300,0.6,0
2026-03-17,2025-05-23,"0.85%",-275,0.85,0
2026-03-17,2025-05-23,"1.10%",-250,1.1,0
2026-03-17,2025-05-23,"1.35%",-225,1.35,0
2026-03-17,2025-05-23,"1.60%",-200,1.6,0
2026-03-17,2025-05-23,"1.85%",-175,1.85,0
2026-03-17,2025-05-23,"2.10%",-150,2.1,0.0122009471898183
2026-03-17,2025-05-23,"2.35%",-125,2.35,0.04854038312166
2026-03-17,2025-05-23,"2.60%",-100,2.6,0.127826126522097
2026-03-17,2025-05-23,"2.85%",-75,2.85,0.222941422228185
2026-03-17,2025-05-23,"3.10%",-50,3.1,0.257612250999452
2026-03-17,2025-05-23,"3.35%",-25,3.35,0.197236258132304
2026-03-17,2025-05-23,"3.60%",0,3.6,0.100041017953398
2026-03-17,2025-05-23,"3.85%",25,3.85,0.0336015938530857
2026-03-17,2025-05-23,"4.10%",50,4.1,0
2026-03-17,2025-05-23,"4.35%",75,4.35,0
2026-03-17,2025-05-23,"4.60%",100,4.6,0
2026-03-17,2025-05-23,"4.85%",125,4.85,0
2026-03-17,2025-05-23,"5.10%",150,5.1,0
2026-03-17,2025-05-23,"5.35%",175,5.35,0
2026-03-17,2025-05-23,"5.60%",200,5.6,0
2026-03-17,2025-05-23,"5.85%",225,5.85,0
2026-03-17,2025-05-23,"6.10%",250,6.1,0
2026-03-17,2025-06-05,"0.10%",-300,0.1,0
2026-03-17,2025-06-05,"0.35%",-300,0.35,0
2026-03-17,2025-06-05,"0.60%",-300,0.6,0
2026-03-17,2025-06-05,"0.85%",-275,0.85,0
2026-03-17,2025-06-05,"1.10%",-250,1.1,0
2026-03-17,2025-06-05,"1.35%",-225,1.35,0
2026-03-17,2025-06-05,"1.60%",-200,1.6,0
2026-03-17,2025-06-05,"1.85%",-175,1.85,0
2026-03-17,2025-06-05,"2.10%",-150,2.1,0.0178254010658946
2026-03-17,2025-06-05,"2.35%",-125,2.35,0.0727374647359392
2026-03-17,2025-06-05,"2.60%",-100,2.6,0.180765137537047
2026-03-17,2025-06-05,"2.85%",-75,2.85,0.273856573887097
2026-03-17,2025-06-05,"3.10%",-50,3.1,0.253036497660357
2026-03-17,2025-06-05,"3.35%",-25,3.35,0.142579195667418
2026-03-17,2025-06-05,"3.60%",0,3.6,0.0489632422140259
2026-03-17,2025-06-05,"3.85%",25,3.85,0.0102364872322216
2026-03-17,2025-06-05,"4.10%",50,4.1,0
2026-03-17,2025-06-05,"4.35%",75,4.35,0
2026-03-17,2025-06-05,"4.60%",100,4.6,0
2026-03-17,2025-06-05,"4.85%",125,4.85,0
2026-03-17,2025-06-05,"5.10%",150,5.1,0
2026-03-17,2025-06-05,"5.35%",175,5.35,0
2026-03-17,2025-06-05,"5.60%",200,5.6,0
2026-03-17,2025-06-05,"5.85%",225,5.85,0
2026-03-17,2025-06-05,"6.10%",250,6.1,0
2026-03-17,2025-06-08,"0.10%",-300,0.1,0
2026-03-17,2025-06-08,"0.35%",-300,0.35,0
2026-03-17,2025-06-08,"0.60%",-300,0.6,0
2026-03-17,2025-06-08,"0.85%",-275,0.85,0
2026-03-17,2025-06-08,"1.10%",-250,1.1,0
2026-03-17,2025-06-08,"1.35%",-225,1.35,0
2026-03-17,2025-06-08,"1.60%",-200,1.6,0
2026-03-17,2025-06-08,"1.85%",-175,1.85,0
2026-03-17,2025-06-08,"2.10%",-150,2.1,0.0157281418795658
2026-03-17,2025-06-08,"2.35%",-125,2.35,0.0693131012945411
2026-03-17,2025-06-08,"2.60%",-100,2.6,0.181364821046949
2026-03-17,2025-06-08,"2.85%",-75,2.85,0.282095956883411
2026-03-17,2025-06-08,"3.10%",-50,3.1,0.260971829992855
2026-03-17,2025-06-08,"3.35%",-25,3.35,0.143581726326015
2026-03-17,2025-06-08,"3.60%",0,3.6,0.0469444225766627
2026-03-17,2025-06-08,"3.85%",25,3.85,0
2026-03-17,2025-06-08,"4.10%",50,4.1,0
2026-03-17,2025-06-08,"4.35%",75,4.35,0
2026-03-17,2025-06-08,"4.60%",100,4.6,0
2026-03-17,2025-06-08,"4.85%",125,4.85,0
2026-03-17,2025-06-08,"5.10%",150,5.1,0
2026-03-17,2025-06-08,"5.35%",175,5.35,0
2026-03-17,2025-06-08,"5.60%",200,5.6,0
2026-03-17,2025-06-08,"5.85%",225,5.85,0
2026-03-17,2025-06-08,"6.10%",250,6.1,0
2026-03-17,2025-06-09,"0.10%",-300,0.1,0
2026-03-17,2025-06-09,"0.35%",-300,0.35,0
2026-03-17,2025-06-09,"0.60%",-300,0.6,0
2026-03-17,2025-06-09,"0.85%",-275,0.85,0
2026-03-17,2025-06-09,"1.10%",-250,1.1,0
2026-03-17,2025-06-09,"1.35%",-225,1.35,0
2026-03-17,2025-06-09,"1.60%",-200,1.6,0
2026-03-17,2025-06-09,"1.85%",-175,1.85,0
2026-03-17,2025-06-09,"2.10%",-150,2.1,0
2026-03-17,2025-06-09,"2.35%",-125,2.35,0.0340068003746301
2026-03-17,2025-06-09,"2.60%",-100,2.6,0.115449555890018
2026-03-17,2025-06-09,"2.85%",-75,2.85,0.235066340356308
2026-03-17,2025-06-09,"3.10%",-50,3.1,0.287293863147867
2026-03-17,2025-06-09,"3.35%",-25,3.35,0.210817820111427
2026-03-17,2025-06-09,"3.60%",0,3.6,0.0928471392817912
2026-03-17,2025-06-09,"3.85%",25,3.85,0.0245184808379593
2026-03-17,2025-06-09,"4.10%",50,4.1,0
2026-03-17,2025-06-09,"4.35%",75,4.35,0
2026-03-17,2025-06-09,"4.60%",100,4.6,0
2026-03-17,2025-06-09,"4.85%",125,4.85,0
2026-03-17,2025-06-09,"5.10%",150,5.1,0
2026-03-17,2025-06-09,"5.35%",175,5.35,0
2026-03-17,2025-06-09,"5.60%",200,5.6,0
2026-03-17,2025-06-09,"5.85%",225,5.85,0
2026-03-17,2025-06-09,"6.10%",250,6.1,0
2026-03-17,2025-06-10,"0.10%",-300,0.1,0
2026-03-17,2025-06-10,"0.35%",-300,0.35,0
2026-03-17,2025-06-10,"0.60%",-300,0.6,0
2026-03-17,2025-06-10,"0.85%",-275,0.85,0
2026-03-17,2025-06-10,"1.10%",-250,1.1,0
2026-03-17,2025-06-10,"1.35%",-225,1.35,0
2026-03-17,2025-06-10,"1.60%",-200,1.6,0
2026-03-17,2025-06-10,"1.85%",-175,1.85,0
2026-03-17,2025-06-10,"2.10%",-150,2.1,0
2026-03-17,2025-06-10,"2.35%",-125,2.35,0.0286776935656941
2026-03-17,2025-06-10,"2.60%",-100,2.6,0.109510997107653
2026-03-17,2025-06-10,"2.85%",-75,2.85,0.23922350871466
2026-03-17,2025-06-10,"3.10%",-50,3.1,0.299299637248833
2026-03-17,2025-06-10,"3.35%",-25,3.35,0.214546782072147
2026-03-17,2025-06-10,"3.60%",0,3.6,0.0880681331094384
2026-03-17,2025-06-10,"3.85%",25,3.85,0.0206732481815748
2026-03-17,2025-06-10,"4.10%",50,4.1,0
2026-03-17,2025-06-10,"4.35%",75,4.35,0
2026-03-17,2025-06-10,"4.60%",100,4.6,0
2026-03-17,2025-06-10,"4.85%",125,4.85,0
2026-03-17,2025-06-10,"5.10%",150,5.1,0
2026-03-17,2025-06-10,"5.35%",175,5.35,0
2026-03-17,2025-06-10,"5.60%",200,5.6,0
2026-03-17,2025-06-10,"5.85%",225,5.85,0
2026-03-17,2025-06-10,"6.10%",250,6.1,0
2026-03-17,2025-06-11,"0.10%",-300,0.1,0
2026-03-17,2025-06-11,"0.35%",-300,0.35,0
2026-03-17,2025-06-11,"0.60%",-300,0.6,0
2026-03-17,2025-06-11,"0.85%",-275,0.85,0
2026-03-17,2025-06-11,"1.10%",-250,1.1,0
2026-03-17,2025-06-11,"1.35%",-225,1.35,0
2026-03-17,2025-06-11,"1.60%",-200,1.6,0
2026-03-17,2025-06-11,"1.85%",-175,1.85,0
2026-03-17,2025-06-11,"2.10%",-150,2.1,0
2026-03-17,2025-06-11,"2.35%",-125,2.35,0.0306240957677069
2026-03-17,2025-06-11,"2.60%",-100,2.6,0.112171759975103
2026-03-17,2025-06-11,"2.85%",-75,2.85,0.238678779372488
2026-03-17,2025-06-11,"3.10%",-50,3.1,0.295338455129875
2026-03-17,2025-06-11,"3.35%",-25,3.35,0.212588305799881
2026-03-17,2025-06-11,"3.60%",0,3.6,0.0889736003990374
2026-03-17,2025-06-11,"3.85%",25,3.85,0.0216250035559086
2026-03-17,2025-06-11,"4.10%",50,4.1,0
2026-03-17,2025-06-11,"4.35%",75,4.35,0
2026-03-17,2025-06-11,"4.60%",100,4.6,0
2026-03-17,2025-06-11,"4.85%",125,4.85,0
2026-03-17,2025-06-11,"5.10%",150,5.1,0
2026-03-17,2025-06-11,"5.35%",175,5.35,0
2026-03-17,2025-06-11,"5.60%",200,5.6,0
2026-03-17,2025-06-11,"5.85%",225,5.85,0
2026-03-17,2025-06-11,"6.10%",250,6.1,0
2026-03-17,2025-06-12,"0.10%",-300,0.1,0
2026-03-17,2025-06-12,"0.35%",-300,0.35,0
2026-03-17,2025-06-12,"0.60%",-300,0.6,0
2026-03-17,2025-06-12,"0.85%",-275,0.85,0
2026-03-17,2025-06-12,"1.10%",-250,1.1,0
2026-03-17,2025-06-12,"1.35%",-225,1.35,0
2026-03-17,2025-06-12,"1.60%",-200,1.6,0
2026-03-17,2025-06-12,"1.85%",-175,1.85,0
2026-03-17,2025-06-12,"2.10%",-150,2.1,0
2026-03-17,2025-06-12,"2.35%",-125,2.35,0.0424335546790983
2026-03-17,2025-06-12,"2.60%",-100,2.6,0.123338727576697
2026-03-17,2025-06-12,"2.85%",-75,2.85,0.228792038852463
2026-03-17,2025-06-12,"3.10%",-50,3.1,0.270987622857132
2026-03-17,2025-06-12,"3.35%",-25,3.35,0.2049679427881
2026-03-17,2025-06-12,"3.60%",0,3.6,0.0989806763782985
2026-03-17,2025-06-12,"3.85%",25,3.85,0.0304994368682107
2026-03-17,2025-06-12,"4.10%",50,4.1,0
2026-03-17,2025-06-12,"4.35%",75,4.35,0
2026-03-17,2025-06-12,"4.60%",100,4.6,0
2026-03-17,2025-06-12,"4.85%",125,4.85,0
2026-03-17,2025-06-12,"5.10%",150,5.1,0
2026-03-17,2025-06-12,"5.35%",175,5.35,0
2026-03-17,2025-06-12,"5.60%",200,5.6,0
2026-03-17,2025-06-12,"5.85%",225,5.85,0
2026-03-17,2025-06-12,"6.10%",250,6.1,0
2026-03-17,2025-06-15,"0.10%",-300,0.1,0
2026-03-17,2025-06-15,"0.35%",-300,0.35,0
2026-03-17,2025-06-15,"0.60%",-300,0.6,0
2026-03-17,2025-06-15,"0.85%",-275,0.85,0
2026-03-17,2025-06-15,"1.10%",-250,1.1,0
2026-03-17,2025-06-15,"1.35%",-225,1.35,0
2026-03-17,2025-06-15,"1.60%",-200,1.6,0
2026-03-17,2025-06-15,"1.85%",-175,1.85,0.0170181795203535
2026-03-17,2025-06-15,"2.10%",-150,2.1,0.0405964268604369
2026-03-17,2025-06-15,"2.35%",-125,2.35,0.0793779268991804
2026-03-17,2025-06-15,"2.60%",-100,2.6,0.127223741224409
2026-03-17,2025-06-15,"2.85%",-75,2.85,0.167150170298174
2026-03-17,2025-06-15,"3.10%",-50,3.1,0.18002126346318
2026-03-17,2025-06-15,"3.35%",-25,3.35,0.158935647095822
2026-03-17,2025-06-15,"3.60%",0,3.6,0.115025902451175
2026-03-17,2025-06-15,"3.85%",25,3.85,0.068239725679917
2026-03-17,2025-06-15,"4.10%",50,4.1,0.0331841723445186
2026-03-17,2025-06-15,"4.35%",75,4.35,0.0132268441628323
2026-03-17,2025-06-15,"4.60%",100,4.6,0
2026-03-17,2025-06-15,"4.85%",125,4.85,0
2026-03-17,2025-06-15,"5.10%",150,5.1,0
2026-03-17,2025-06-15,"5.35%",175,5.35,0
2026-03-17,2025-06-15,"5.60%",200,5.6,0
2026-03-17,2025-06-15,"5.85%",225,5.85,0
2026-03-17,2025-06-15,"6.10%",250,6.1,0
2026-03-17,2025-06-16,"0.10%",-300,0.1,0
2026-03-17,2025-06-16,"0.35%",-300,0.35,0
2026-03-17,2025-06-16,"0.60%",-300,0.6,0
2026-03-17,2025-06-16,"0.85%",-275,0.85,0
2026-03-17,2025-06-16,"1.10%",-250,1.1,0
2026-03-17,2025-06-16,"1.35%",-225,1.35,0
2026-03-17,2025-06-16,"1.60%",-200,1.6,0.0124447089091645
2026-03-17,2025-06-16,"1.85%",-175,1.85,0.0271454263969758
2026-03-17,2025-06-16,"2.10%",-150,2.1,0.0512458998139693
2026-03-17,2025-06-16,"2.35%",-125,2.35,0.0837296058384271
2026-03-17,2025-06-16,"2.60%",-100,2.6,0.118402771872646
2026-03-17,2025-06-16,"2.85%",-75,2.85,0.14491437301715
2026-03-17,2025-06-16,"3.10%",-50,3.1,0.15350767568385
2026-03-17,2025-06-16,"3.35%",-25,3.35,0.140740283156063
2026-03-17,2025-06-16,"3.60%",0,3.6,0.1116800132818
2026-03-17,2025-06-16,"3.85%",25,3.85,0.0767005729334959
2026-03-17,2025-06-16,"4.10%",50,4.1,0.0455914792975501
2026-03-17,2025-06-16,"4.35%",75,4.35,0.0234544332810811
2026-03-17,2025-06-16,"4.60%",100,4.6,0.0104427565178268
2026-03-17,2025-06-16,"4.85%",125,4.85,0
2026-03-17,2025-06-16,"5.10%",150,5.1,0
2026-03-17,2025-06-16,"5.35%",175,5.35,0
2026-03-17,2025-06-16,"5.60%",200,5.6,0
2026-03-17,2025-06-16,"5.85%",225,5.85,0
2026-03-17,2025-06-16,"6.10%",250,6.1,0
2026-03-17,2025-06-17,"0.10%",-300,0.1,0
2026-03-17,2025-06-17,"0.35%",-300,0.35,0
2026-03-17,2025-06-17,"0.60%",-300,0.6,0
2026-03-17,2025-06-17,"0.85%",-275,0.85,0
2026-03-17,2025-06-17,"1.10%",-250,1.1,0
2026-03-17,2025-06-17,"1.35%",-225,1.35,0
2026-03-17,2025-06-17,"1.60%",-200,1.6,0
2026-03-17,2025-06-17,"1.85%",-175,1.85,0
2026-03-17,2025-06-17,"2.10%",-150,2.1,0
2026-03-17,2025-06-17,"2.35%",-125,2.35,0.026606053663962
2026-03-17,2025-06-17,"2.60%",-100,2.6,0.10769524667652
2026-03-17,2025-06-17,"2.85%",-75,2.85,0.242883027925688
2026-03-17,2025-06-17,"3.10%",-50,3.1,0.305638382437394
2026-03-17,2025-06-17,"3.35%",-25,3.35,0.214691387077145
2026-03-17,2025-06-17,"3.60%",0,3.6,0.0841266020814223
2026-03-17,2025-06-17,"3.85%",25,3.85,0.0183593001378683
2026-03-17,2025-06-17,"4.10%",50,4.1,0
2026-03-17,2025-06-17,"4.35%",75,4.35,0
2026-03-17,2025-06-17,"4.60%",100,4.6,0
2026-03-17,2025-06-17,"4.85%",125,4.85,0
2026-03-17,2025-06-17,"5.10%",150,5.1,0
2026-03-17,2025-06-17,"5.35%",175,5.35,0
2026-03-17,2025-06-17,"5.60%",200,5.6,0
2026-03-17,2025-06-17,"5.85%",225,5.85,0
2026-03-17,2025-06-17,"6.10%",250,6.1,0
2026-03-17,2025-06-18,"0.10%",-300,0.1,0
2026-03-17,2025-06-18,"0.35%",-300,0.35,0
2026-03-17,2025-06-18,"0.60%",-300,0.6,0
2026-03-17,2025-06-18,"0.85%",-275,0.85,0
2026-03-17,2025-06-18,"1.10%",-250,1.1,0
2026-03-17,2025-06-18,"1.35%",-225,1.35,0
2026-03-17,2025-06-18,"1.60%",-200,1.6,0
2026-03-17,2025-06-18,"1.85%",-175,1.85,0
2026-03-17,2025-06-18,"2.10%",-150,2.1,0
2026-03-17,2025-06-18,"2.35%",-125,2.35,0.0386226232170197
2026-03-17,2025-06-18,"2.60%",-100,2.6,0.125023505817588
2026-03-17,2025-06-18,"2.85%",-75,2.85,0.24335439487083
2026-03-17,2025-06-18,"3.10%",-50,3.1,0.285051791995258
2026-03-17,2025-06-18,"3.35%",-25,3.35,0.200968904957084
2026-03-17,2025-06-18,"3.60%",0,3.6,0.0852455128879208
2026-03-17,2025-06-18,"3.85%",25,3.85,0.0217332662542999
2026-03-17,2025-06-18,"4.10%",50,4.1,0
2026-03-17,2025-06-18,"4.35%",75,4.35,0
2026-03-17,2025-06-18,"4.60%",100,4.6,0
2026-03-17,2025-06-18,"4.85%",125,4.85,0
2026-03-17,2025-06-18,"5.10%",150,5.1,0
2026-03-17,2025-06-18,"5.35%",175,5.35,0
2026-03-17,2025-06-18,"5.60%",200,5.6,0
2026-03-17,2025-06-18,"5.85%",225,5.85,0
2026-03-17,2025-06-18,"6.10%",250,6.1,0
2026-03-17,2025-06-19,"0.10%",-300,0.1,0
2026-03-17,2025-06-19,"0.35%",-300,0.35,0
2026-03-17,2025-06-19,"0.60%",-300,0.6,0
2026-03-17,2025-06-19,"0.85%",-275,0.85,0
2026-03-17,2025-06-19,"1.10%",-250,1.1,0
2026-03-17,2025-06-19,"1.35%",-225,1.35,0
2026-03-17,2025-06-19,"1.60%",-200,1.6,0
2026-03-17,2025-06-19,"1.85%",-175,1.85,0
2026-03-17,2025-06-19,"2.10%",-150,2.1,0
2026-03-17,2025-06-19,"2.35%",-125,2.35,0.0359166208433745
2026-03-17,2025-06-19,"2.60%",-100,2.6,0.122131214218267
2026-03-17,2025-06-19,"2.85%",-75,2.85,0.244960901218209
2026-03-17,2025-06-19,"3.10%",-50,3.1,0.290069533939529
2026-03-17,2025-06-19,"3.35%",-25,3.35,0.202834895631777
2026-03-17,2025-06-19,"3.60%",0,3.6,0.083716029381046
2026-03-17,2025-06-19,"3.85%",25,3.85,0.0203708047677972
2026-03-17,2025-06-19,"4.10%",50,4.1,0
2026-03-17,2025-06-19,"4.35%",75,4.35,0
2026-03-17,2025-06-19,"4.60%",100,4.6,0
2026-03-17,2025-06-19,"4.85%",125,4.85,0
2026-03-17,2025-06-19,"5.10%",150,5.1,0
2026-03-17,2025-06-19,"5.35%",175,5.35,0
2026-03-17,2025-06-19,"5.60%",200,5.6,0
2026-03-17,2025-06-19,"5.85%",225,5.85,0
2026-03-17,2025-06-19,"6.10%",250,6.1,0
2026-03-17,2025-06-22,"0.10%",-300,0.1,0
2026-03-17,2025-06-22,"0.35%",-300,0.35,0
2026-03-17,2025-06-22,"0.60%",-300,0.6,0
2026-03-17,2025-06-22,"0.85%",-275,0.85,0
2026-03-17,2025-06-22,"1.10%",-250,1.1,0
2026-03-17,2025-06-22,"1.35%",-225,1.35,0
2026-03-17,2025-06-22,"1.60%",-200,1.6,0
2026-03-17,2025-06-22,"1.85%",-175,1.85,0
2026-03-17,2025-06-22,"2.10%",-150,2.1,0
2026-03-17,2025-06-22,"2.35%",-125,2.35,0.0265702364176902
2026-03-17,2025-06-22,"2.60%",-100,2.6,0.112775820150441
2026-03-17,2025-06-22,"2.85%",-75,2.85,0.256483293522706
2026-03-17,2025-06-22,"3.10%",-50,3.1,0.313109007858988
2026-03-17,2025-06-22,"3.35%",-25,3.35,0.205268700928481
2026-03-17,2025-06-22,"3.60%",0,3.6,0.07219843918761
2026-03-17,2025-06-22,"3.85%",25,3.85,0.0135945019340833
2026-03-17,2025-06-22,"4.10%",50,4.1,0
2026-03-17,2025-06-22,"4.35%",75,4.35,0
2026-03-17,2025-06-22,"4.60%",100,4.6,0
2026-03-17,2025-06-22,"4.85%",125,4.85,0
2026-03-17,2025-06-22,"5.10%",150,5.1,0
2026-03-17,2025-06-22,"5.35%",175,5.35,0
2026-03-17,2025-06-22,"5.60%",200,5.6,0
2026-03-17,2025-06-22,"5.85%",225,5.85,0
2026-03-17,2025-06-22,"6.10%",250,6.1,0
2026-03-17,2025-06-23,"0.10%",-300,0.1,0
2026-03-17,2025-06-23,"0.35%",-300,0.35,0
2026-03-17,2025-06-23,"0.60%",-300,0.6,0
2026-03-17,2025-06-23,"0.85%",-275,0.85,0
2026-03-17,2025-06-23,"1.10%",-250,1.1,0
2026-03-17,2025-06-23,"1.35%",-225,1.35,0
2026-03-17,2025-06-23,"1.60%",-200,1.6,0
2026-03-17,2025-06-23,"1.85%",-175,1.85,0
2026-03-17,2025-06-23,"2.10%",-150,2.1,0
2026-03-17,2025-06-23,"2.35%",-125,2.35,0.0253170719274807
2026-03-17,2025-06-23,"2.60%",-100,2.6,0.112589089267367
2026-03-17,2025-06-23,"2.85%",-75,2.85,0.261612229076084
2026-03-17,2025-06-23,"3.10%",-50,3.1,0.318265685361383
2026-03-17,2025-06-23,"3.35%",-25,3.35,0.202819975559375
2026-03-17,2025-06-23,"3.60%",0,3.6,0.0676276140591754
2026-03-17,2025-06-23,"3.85%",25,3.85,0.0117683347491346
2026-03-17,2025-06-23,"4.10%",50,4.1,0
2026-03-17,2025-06-23,"4.35%",75,4.35,0
2026-03-17,2025-06-23,"4.60%",100,4.6,0
2026-03-17,2025-06-23,"4.85%",125,4.85,0
2026-03-17,2025-06-23,"5.10%",150,5.1,0
2026-03-17,2025-06-23,"5.35%",175,5.35,0
2026-03-17,2025-06-23,"5.60%",200,5.6,0
2026-03-17,2025-06-23,"5.85%",225,5.85,0
2026-03-17,2025-06-23,"6.10%",250,6.1,0
2026-03-17,2025-06-24,"0.10%",-300,0.1,0
2026-03-17,2025-06-24,"0.35%",-300,0.35,0
2026-03-17,2025-06-24,"0.60%",-300,0.6,0
2026-03-17,2025-06-24,"0.85%",-275,0.85,0
2026-03-17,2025-06-24,"1.10%",-250,1.1,0
2026-03-17,2025-06-24,"1.35%",-225,1.35,0
2026-03-17,2025-06-24,"1.60%",-200,1.6,0
2026-03-17,2025-06-24,"1.85%",-175,1.85,0
2026-03-17,2025-06-24,"2.10%",-150,2.1,0
2026-03-17,2025-06-24,"2.35%",-125,2.35,0.025349005214998
2026-03-17,2025-06-24,"2.60%",-100,2.6,0.114299169113147
2026-03-17,2025-06-24,"2.85%",-75,2.85,0.265982784499614
2026-03-17,2025-06-24,"3.10%",-50,3.1,0.320138774851259
2026-03-17,2025-06-24,"3.35%",-25,3.35,0.199396232527137
2026-03-17,2025-06-24,"3.60%",0,3.6,0.0641855542638129
2026-03-17,2025-06-24,"3.85%",25,3.85,0.0106484795300314
2026-03-17,2025-06-24,"4.10%",50,4.1,0
2026-03-17,2025-06-24,"4.35%",75,4.35,0
2026-03-17,2025-06-24,"4.60%",100,4.6,0
2026-03-17,2025-06-24,"4.85%",125,4.85,0
2026-03-17,2025-06-24,"5.10%",150,5.1,0
2026-03-17,2025-06-24,"5.35%",175,5.35,0
2026-03-17,2025-06-24,"5.60%",200,5.6,0
2026-03-17,2025-06-24,"5.85%",225,5.85,0
2026-03-17,2025-06-24,"6.10%",250,6.1,0
2026-03-17,2025-06-25,"0.10%",-300,0.1,0
2026-03-17,2025-06-25,"0.35%",-300,0.35,0
2026-03-17,2025-06-25,"0.60%",-300,0.6,0
2026-03-17,2025-06-25,"0.85%",-275,0.85,0
2026-03-17,2025-06-25,"1.10%",-250,1.1,0
2026-03-17,2025-06-25,"1.35%",-225,1.35,0
2026-03-17,2025-06-25,"1.60%",-200,1.6,0
2026-03-17,2025-06-25,"1.85%",-175,1.85,0
2026-03-17,2025-06-25,"2.10%",-150,2.1,0
2026-03-17,2025-06-25,"2.35%",-125,2.35,0.0212703680952978
2026-03-17,2025-06-25,"2.60%",-100,2.6,0.109613481029642
2026-03-17,2025-06-25,"2.85%",-75,2.85,0.27469727300384
2026-03-17,2025-06-25,"3.10%",-50,3.1,0.335793984381944
2026-03-17,2025-06-25,"3.35%",-25,3.35,0.200368634261323
2026-03-17,2025-06-25,"3.60%",0,3.6,0.0582562592279527
2026-03-17,2025-06-25,"3.85%",25,3.85,0
2026-03-17,2025-06-25,"4.10%",50,4.1,0
2026-03-17,2025-06-25,"4.35%",75,4.35,0
2026-03-17,2025-06-25,"4.60%",100,4.6,0
2026-03-17,2025-06-25,"4.85%",125,4.85,0
2026-03-17,2025-06-25,"5.10%",150,5.1,0
2026-03-17,2025-06-25,"5.35%",175,5.35,0
2026-03-17,2025-06-25,"5.60%",200,5.6,0
2026-03-17,2025-06-25,"5.85%",225,5.85,0
2026-03-17,2025-06-25,"6.10%",250,6.1,0
2026-03-17,2025-06-26,"0.10%",-300,0.1,0
2026-03-17,2025-06-26,"0.35%",-300,0.35,0
2026-03-17,2025-06-26,"0.60%",-300,0.6,0
2026-03-17,2025-06-26,"0.85%",-275,0.85,0
2026-03-17,2025-06-26,"1.10%",-250,1.1,0
2026-03-17,2025-06-26,"1.35%",-225,1.35,0
2026-03-17,2025-06-26,"1.60%",-200,1.6,0
2026-03-17,2025-06-26,"1.85%",-175,1.85,0
2026-03-17,2025-06-26,"2.10%",-150,2.1,0.0116722939863086
2026-03-17,2025-06-26,"2.35%",-125,2.35,0.0731337722118056
2026-03-17,2025-06-26,"2.60%",-100,2.6,0.224017140749044
2026-03-17,2025-06-26,"2.85%",-75,2.85,0.33664071341103
2026-03-17,2025-06-26,"3.10%",-50,3.1,0.248530274828102
2026-03-17,2025-06-26,"3.35%",-25,3.35,0.0900462357920209
2026-03-17,2025-06-26,"3.60%",0,3.6,0.0159595690216891
2026-03-17,2025-06-26,"3.85%",25,3.85,0
2026-03-17,2025-06-26,"4.10%",50,4.1,0
2026-03-17,2025-06-26,"4.35%",75,4.35,0
2026-03-17,2025-06-26,"4.60%",100,4.6,0
2026-03-17,2025-06-26,"4.85%",125,4.85,0
2026-03-17,2025-06-26,"5.10%",150,5.1,0
2026-03-17,2025-06-26,"5.35%",175,5.35,0
2026-03-17,2025-06-26,"5.60%",200,5.6,0
2026-03-17,2025-06-26,"5.85%",225,5.85,0
2026-03-17,2025-06-26,"6.10%",250,6.1,0
2026-03-17,2025-06-29,"0.10%",-300,0.1,0
2026-03-17,2025-06-29,"0.35%",-300,0.35,0
2026-03-17,2025-06-29,"0.60%",-300,0.6,0
2026-03-17,2025-06-29,"0.85%",-275,0.85,0
2026-03-17,2025-06-29,"1.10%",-250,1.1,0
2026-03-17,2025-06-29,"1.35%",-225,1.35,0
2026-03-17,2025-06-29,"1.60%",-200,1.6,0
2026-03-17,2025-06-29,"1.85%",-175,1.85,0
2026-03-17,2025-06-29,"2.10%",-150,2.1,0
2026-03-17,2025-06-29,"2.35%",-125,2.35,0.0435470291848556
2026-03-17,2025-06-29,"2.60%",-100,2.6,0.198376987781752
2026-03-17,2025-06-29,"2.85%",-75,2.85,0.370707989063394
2026-03-17,2025-06-29,"3.10%",-50,3.1,0.285366950530949
2026-03-17,2025-06-29,"3.35%",-25,3.35,0.0903280416251699
2026-03-17,2025-06-29,"3.60%",0,3.6,0.0116730018138799
2026-03-17,2025-06-29,"3.85%",25,3.85,0
2026-03-17,2025-06-29,"4.10%",50,4.1,0
2026-03-17,2025-06-29,"4.35%",75,4.35,0
2026-03-17,2025-06-29,"4.60%",100,4.6,0
2026-03-17,2025-06-29,"4.85%",125,4.85,0
2026-03-17,2025-06-29,"5.10%",150,5.1,0
2026-03-17,2025-06-29,"5.35%",175,5.35,0
2026-03-17,2025-06-29,"5.60%",200,5.6,0
2026-03-17,2025-06-29,"5.85%",225,5.85,0
2026-03-17,2025-06-29,"6.10%",250,6.1,0
2026-03-17,2025-06-30,"0.10%",-300,0.1,0
2026-03-17,2025-06-30,"0.35%",-300,0.35,0
2026-03-17,2025-06-30,"0.60%",-300,0.6,0
2026-03-17,2025-06-30,"0.85%",-275,0.85,0
2026-03-17,2025-06-30,"1.10%",-250,1.1,0
2026-03-17,2025-06-30,"1.35%",-225,1.35,0
2026-03-17,2025-06-30,"1.60%",-200,1.6,0
2026-03-17,2025-06-30,"1.85%",-175,1.85,0
2026-03-17,2025-06-30,"2.10%",-150,2.1,0
2026-03-17,2025-06-30,"2.35%",-125,2.35,0.0754939930100843
2026-03-17,2025-06-30,"2.60%",-100,2.6,0.26289235599026
2026-03-17,2025-06-30,"2.85%",-75,2.85,0.378930927174553
2026-03-17,2025-06-30,"3.10%",-50,3.1,0.226631751472958
2026-03-17,2025-06-30,"3.35%",-25,3.35,0.0560509723521444
2026-03-17,2025-06-30,"3.60%",0,3.6,0
2026-03-17,2025-06-30,"3.85%",25,3.85,0
2026-03-17,2025-06-30,"4.10%",50,4.1,0
2026-03-17,2025-06-30,"4.35%",75,4.35,0
2026-03-17,2025-06-30,"4.60%",100,4.6,0
2026-03-17,2025-06-30,"4.85%",125,4.85,0
2026-03-17,2025-06-30,"5.10%",150,5.1,0
2026-03-17,2025-06-30,"5.35%",175,5.35,0
2026-03-17,2025-06-30,"5.60%",200,5.6,0
2026-03-17,2025-06-30,"5.85%",225,5.85,0
2026-03-17,2025-06-30,"6.10%",250,6.1,0
2026-03-17,2025-07-01,"0.10%",-300,0.1,0
2026-03-17,2025-07-01,"0.35%",-300,0.35,0
2026-03-17,2025-07-01,"0.60%",-300,0.6,0
2026-03-17,2025-07-01,"0.85%",-275,0.85,0
2026-03-17,2025-07-01,"1.10%",-250,1.1,0
2026-03-17,2025-07-01,"1.35%",-225,1.35,0
2026-03-17,2025-07-01,"1.60%",-200,1.6,0
2026-03-17,2025-07-01,"1.85%",-175,1.85,0
2026-03-17,2025-07-01,"2.10%",-150,2.1,0.0135268283633489
2026-03-17,2025-07-01,"2.35%",-125,2.35,0.0865741784332997
2026-03-17,2025-07-01,"2.60%",-100,2.6,0.256191946468795
2026-03-17,2025-07-01,"2.85%",-75,2.85,0.352045519759169
2026-03-17,2025-07-01,"3.10%",-50,3.1,0.224950930888804
2026-03-17,2025-07-01,"3.35%",-25,3.35,0.0667105960865835
2026-03-17,2025-07-01,"3.60%",0,3.6,0
2026-03-17,2025-07-01,"3.85%",25,3.85,0
2026-03-17,2025-07-01,"4.10%",50,4.1,0
2026-03-17,2025-07-01,"4.35%",75,4.35,0
2026-03-17,2025-07-01,"4.60%",100,4.6,0
2026-03-17,2025-07-01,"4.85%",125,4.85,0
2026-03-17,2025-07-01,"5.10%",150,5.1,0
2026-03-17,2025-07-01,"5.35%",175,5.35,0
2026-03-17,2025-07-01,"5.60%",200,5.6,0
2026-03-17,2025-07-01,"5.85%",225,5.85,0
2026-03-17,2025-07-01,"6.10%",250,6.1,0
2026-03-17,2025-07-02,"0.10%",-300,0.1,0
2026-03-17,2025-07-02,"0.35%",-300,0.35,0
2026-03-17,2025-07-02,"0.60%",-300,0.6,0
2026-03-17,2025-07-02,"0.85%",-275,0.85,0
2026-03-17,2025-07-02,"1.10%",-250,1.1,0
2026-03-17,2025-07-02,"1.35%",-225,1.35,0
2026-03-17,2025-07-02,"1.60%",-200,1.6,0
2026-03-17,2025-07-02,"1.85%",-175,1.85,0
2026-03-17,2025-07-02,"2.10%",-150,2.1,0
2026-03-17,2025-07-02,"2.35%",-125,2.35,0.0754572338240204
2026-03-17,2025-07-02,"2.60%",-100,2.6,0.263039693916632
2026-03-17,2025-07-02,"2.85%",-75,2.85,0.379124109937065
2026-03-17,2025-07-02,"3.10%",-50,3.1,0.22648908837139
2026-03-17,2025-07-02,"3.35%",-25,3.35,0.055889873950892
2026-03-17,2025-07-02,"3.60%",0,3.6,0
2026-03-17,2025-07-02,"3.85%",25,3.85,0
2026-03-17,2025-07-02,"4.10%",50,4.1,0
2026-03-17,2025-07-02,"4.35%",75,4.35,0
2026-03-17,2025-07-02,"4.60%",100,4.6,0
2026-03-17,2025-07-02,"4.85%",125,4.85,0
2026-03-17,2025-07-02,"5.10%",150,5.1,0
2026-03-17,2025-07-02,"5.35%",175,5.35,0
2026-03-17,2025-07-02,"5.60%",200,5.6,0
2026-03-17,2025-07-02,"5.85%",225,5.85,0
2026-03-17,2025-07-02,"6.10%",250,6.1,0
2026-03-17,2025-07-03,"0.10%",-300,0.1,0
2026-03-17,2025-07-03,"0.35%",-300,0.35,0
2026-03-17,2025-07-03,"0.60%",-300,0.6,0
2026-03-17,2025-07-03,"0.85%",-275,0.85,0
2026-03-17,2025-07-03,"1.10%",-250,1.1,0
2026-03-17,2025-07-03,"1.35%",-225,1.35,0
2026-03-17,2025-07-03,"1.60%",-200,1.6,0
2026-03-17,2025-07-03,"1.85%",-175,1.85,0
2026-03-17,2025-07-03,"2.10%",-150,2.1,0
2026-03-17,2025-07-03,"2.35%",-125,2.35,0.0739869314374478
2026-03-17,2025-07-03,"2.60%",-100,2.6,0.25714458343787
2026-03-17,2025-07-03,"2.85%",-75,2.85,0.376234342544
2026-03-17,2025-07-03,"3.10%",-50,3.1,0.232293818365767
2026-03-17,2025-07-03,"3.35%",-25,3.35,0.0603403242149162
2026-03-17,2025-07-03,"3.60%",0,3.6,0
2026-03-17,2025-07-03,"3.85%",25,3.85,0
2026-03-17,2025-07-03,"4.10%",50,4.1,0
2026-03-17,2025-07-03,"4.35%",75,4.35,0
2026-03-17,2025-07-03,"4.60%",100,4.6,0
2026-03-17,2025-07-03,"4.85%",125,4.85,0
2026-03-17,2025-07-03,"5.10%",150,5.1,0
2026-03-17,2025-07-03,"5.35%",175,5.35,0
2026-03-17,2025-07-03,"5.60%",200,5.6,0
2026-03-17,2025-07-03,"5.85%",225,5.85,0
2026-03-17,2025-07-03,"6.10%",250,6.1,0
2026-03-17,2025-07-06,"0.10%",-300,0.1,0
2026-03-17,2025-07-06,"0.35%",-300,0.35,0
2026-03-17,2025-07-06,"0.60%",-300,0.6,0
2026-03-17,2025-07-06,"0.85%",-275,0.85,0
2026-03-17,2025-07-06,"1.10%",-250,1.1,0
2026-03-17,2025-07-06,"1.35%",-225,1.35,0
2026-03-17,2025-07-06,"1.60%",-200,1.6,0
2026-03-17,2025-07-06,"1.85%",-175,1.85,0
2026-03-17,2025-07-06,"2.10%",-150,2.1,0
2026-03-17,2025-07-06,"2.35%",-125,2.35,0.0268923012061494
2026-03-17,2025-07-06,"2.60%",-100,2.6,0.177402947929609
2026-03-17,2025-07-06,"2.85%",-75,2.85,0.400268984621201
2026-03-17,2025-07-06,"3.10%",-50,3.1,0.311819453203079
2026-03-17,2025-07-06,"3.35%",-25,3.35,0.0836163130399608
2026-03-17,2025-07-06,"3.60%",0,3.6,0
2026-03-17,2025-07-06,"3.85%",25,3.85,0
2026-03-17,2025-07-06,"4.10%",50,4.1,0
2026-03-17,2025-07-06,"4.35%",75,4.35,0
2026-03-17,2025-07-06,"4.60%",100,4.6,0
2026-03-17,2025-07-06,"4.85%",125,4.85,0
2026-03-17,2025-07-06,"5.10%",150,5.1,0
2026-03-17,2025-07-06,"5.35%",175,5.35,0
2026-03-17,2025-07-06,"5.60%",200,5.6,0
2026-03-17,2025-07-06,"5.85%",225,5.85,0
2026-03-17,2025-07-06,"6.10%",250,6.1,0
2026-03-17,2025-07-07,"0.10%",-300,0.1,0
2026-03-17,2025-07-07,"0.35%",-300,0.35,0
2026-03-17,2025-07-07,"0.60%",-300,0.6,0
2026-03-17,2025-07-07,"0.85%",-275,0.85,0
2026-03-17,2025-07-07,"1.10%",-250,1.1,0
2026-03-17,2025-07-07,"1.35%",-225,1.35,0
2026-03-17,2025-07-07,"1.60%",-200,1.6,0
2026-03-17,2025-07-07,"1.85%",-175,1.85,0
2026-03-17,2025-07-07,"2.10%",-150,2.1,0
2026-03-17,2025-07-07,"2.35%",-125,2.35,0.0251991585135546
2026-03-17,2025-07-07,"2.60%",-100,2.6,0.169781127826928
2026-03-17,2025-07-07,"2.85%",-75,2.85,0.394858678641014
2026-03-17,2025-07-07,"3.10%",-50,3.1,0.320010100029527
2026-03-17,2025-07-07,"3.35%",-25,3.35,0.0901509349889755
2026-03-17,2025-07-07,"3.60%",0,3.6,0
2026-03-17,2025-07-07,"3.85%",25,3.85,0
2026-03-17,2025-07-07,"4.10%",50,4.1,0
2026-03-17,2025-07-07,"4.35%",75,4.35,0
2026-03-17,2025-07-07,"4.60%",100,4.6,0
2026-03-17,2025-07-07,"4.85%",125,4.85,0
2026-03-17,2025-07-07,"5.10%",150,5.1,0
2026-03-17,2025-07-07,"5.35%",175,5.35,0
2026-03-17,2025-07-07,"5.60%",200,5.6,0
2026-03-17,2025-07-07,"5.85%",225,5.85,0
2026-03-17,2025-07-07,"6.10%",250,6.1,0
2026-03-17,2025-07-08,"0.10%",-300,0.1,0
2026-03-17,2025-07-08,"0.35%",-300,0.35,0
2026-03-17,2025-07-08,"0.60%",-300,0.6,0
2026-03-17,2025-07-08,"0.85%",-275,0.85,0
2026-03-17,2025-07-08,"1.10%",-250,1.1,0
2026-03-17,2025-07-08,"1.35%",-225,1.35,0
2026-03-17,2025-07-08,"1.60%",-200,1.6,0
2026-03-17,2025-07-08,"1.85%",-175,1.85,0
2026-03-17,2025-07-08,"2.10%",-150,2.1,0
2026-03-17,2025-07-08,"2.35%",-125,2.35,0.0287516675305538
2026-03-17,2025-07-08,"2.60%",-100,2.6,0.168406176539167
2026-03-17,2025-07-08,"2.85%",-75,2.85,0.373418395801755
2026-03-17,2025-07-08,"3.10%",-50,3.1,0.315598735330595
2026-03-17,2025-07-08,"3.35%",-25,3.35,0.101512365096396
2026-03-17,2025-07-08,"3.60%",0,3.6,0.0123126597015319
2026-03-17,2025-07-08,"3.85%",25,3.85,0
2026-03-17,2025-07-08,"4.10%",50,4.1,0
2026-03-17,2025-07-08,"4.35%",75,4.35,0
2026-03-17,2025-07-08,"4.60%",100,4.6,0
2026-03-17,2025-07-08,"4.85%",125,4.85,0
2026-03-17,2025-07-08,"5.10%",150,5.1,0
2026-03-17,2025-07-08,"5.35%",175,5.35,0
2026-03-17,2025-07-08,"5.60%",200,5.6,0
2026-03-17,2025-07-08,"5.85%",225,5.85,0
2026-03-17,2025-07-08,"6.10%",250,6.1,0
2026-03-17,2025-07-09,"0.10%",-300,0.1,0
2026-03-17,2025-07-09,"0.35%",-300,0.35,0
2026-03-17,2025-07-09,"0.60%",-300,0.6,0
2026-03-17,2025-07-09,"0.85%",-275,0.85,0
2026-03-17,2025-07-09,"1.10%",-250,1.1,0
2026-03-17,2025-07-09,"1.35%",-225,1.35,0
2026-03-17,2025-07-09,"1.60%",-200,1.6,0
2026-03-17,2025-07-09,"1.85%",-175,1.85,0
2026-03-17,2025-07-09,"2.10%",-150,2.1,0
2026-03-17,2025-07-09,"2.35%",-125,2.35,0.0160460844785807
2026-03-17,2025-07-09,"2.60%",-100,2.6,0.152319072829846
2026-03-17,2025-07-09,"2.85%",-75,2.85,0.417169522263161
2026-03-17,2025-07-09,"3.10%",-50,3.1,0.335536740936574
2026-03-17,2025-07-09,"3.35%",-25,3.35,0.0789285794918375
2026-03-17,2025-07-09,"3.60%",0,3.6,0
2026-03-17,2025-07-09,"3.85%",25,3.85,0
2026-03-17,2025-07-09,"4.10%",50,4.1,0
2026-03-17,2025-07-09,"4.35%",75,4.35,0
2026-03-17,2025-07-09,"4.60%",100,4.6,0
2026-03-17,2025-07-09,"4.85%",125,4.85,0
2026-03-17,2025-07-09,"5.10%",150,5.1,0
2026-03-17,2025-07-09,"5.35%",175,5.35,0
2026-03-17,2025-07-09,"5.60%",200,5.6,0
2026-03-17,2025-07-09,"5.85%",225,5.85,0
2026-03-17,2025-07-09,"6.10%",250,6.1,0
2026-03-17,2025-07-10,"0.10%",-300,0.1,0
2026-03-17,2025-07-10,"0.35%",-300,0.35,0
2026-03-17,2025-07-10,"0.60%",-300,0.6,0
2026-03-17,2025-07-10,"0.85%",-275,0.85,0
2026-03-17,2025-07-10,"1.10%",-250,1.1,0
2026-03-17,2025-07-10,"1.35%",-225,1.35,0
2026-03-17,2025-07-10,"1.60%",-200,1.6,0
2026-03-17,2025-07-10,"1.85%",-175,1.85,0
2026-03-17,2025-07-10,"2.10%",-150,2.1,0
2026-03-17,2025-07-10,"2.35%",-125,2.35,0.0200062275689289
2026-03-17,2025-07-10,"2.60%",-100,2.6,0.157928900764729
2026-03-17,2025-07-10,"2.85%",-75,2.85,0.40106851907864
2026-03-17,2025-07-10,"3.10%",-50,3.1,0.331811538368017
2026-03-17,2025-07-10,"3.35%",-25,3.35,0.0891848142196856
2026-03-17,2025-07-10,"3.60%",0,3.6,0
2026-03-17,2025-07-10,"3.85%",25,3.85,0
2026-03-17,2025-07-10,"4.10%",50,4.1,0
2026-03-17,2025-07-10,"4.35%",75,4.35,0
2026-03-17,2025-07-10,"4.60%",100,4.6,0
2026-03-17,2025-07-10,"4.85%",125,4.85,0
2026-03-17,2025-07-10,"5.10%",150,5.1,0
2026-03-17,2025-07-10,"5.35%",175,5.35,0
2026-03-17,2025-07-10,"5.60%",200,5.6,0
2026-03-17,2025-07-10,"5.85%",225,5.85,0
2026-03-17,2025-07-10,"6.10%",250,6.1,0
2026-03-17,2025-07-14,"0.10%",-300,0.1,0
2026-03-17,2025-07-14,"0.35%",-300,0.35,0
2026-03-17,2025-07-14,"0.60%",-300,0.6,0
2026-03-17,2025-07-14,"0.85%",-275,0.85,0
2026-03-17,2025-07-14,"1.10%",-250,1.1,0
2026-03-17,2025-07-14,"1.35%",-225,1.35,0
2026-03-17,2025-07-14,"1.60%",-200,1.6,0
2026-03-17,2025-07-14,"1.85%",-175,1.85,0
2026-03-17,2025-07-14,"2.10%",-150,2.1,0
2026-03-17,2025-07-14,"2.35%",-125,2.35,0
2026-03-17,2025-07-14,"2.60%",-100,2.6,0
2026-03-17,2025-07-14,"2.85%",-75,2.85,0.0382432703451873
2026-03-17,2025-07-14,"3.10%",-50,3.1,0.233897392998916
2026-03-17,2025-07-14,"3.35%",-25,3.35,0.435331402151784
2026-03-17,2025-07-14,"3.60%",0,3.6,0.24910677701833
2026-03-17,2025-07-14,"3.85%",25,3.85,0.043421157485782
2026-03-17,2025-07-14,"4.10%",50,4.1,0
2026-03-17,2025-07-14,"4.35%",75,4.35,0
2026-03-17,2025-07-14,"4.60%",100,4.6,0
2026-03-17,2025-07-14,"4.85%",125,4.85,0
2026-03-17,2025-07-14,"5.10%",150,5.1,0
2026-03-17,2025-07-14,"5.35%",175,5.35,0
2026-03-17,2025-07-14,"5.60%",200,5.6,0
2026-03-17,2025-07-14,"5.85%",225,5.85,0
2026-03-17,2025-07-14,"6.10%",250,6.1,0
2026-03-17,2025-07-15,"0.10%",-300,0.1,0
2026-03-17,2025-07-15,"0.35%",-300,0.35,0
2026-03-17,2025-07-15,"0.60%",-300,0.6,0
2026-03-17,2025-07-15,"0.85%",-275,0.85,0
2026-03-17,2025-07-15,"1.10%",-250,1.1,0
2026-03-17,2025-07-15,"1.35%",-225,1.35,0
2026-03-17,2025-07-15,"1.60%",-200,1.6,0
2026-03-17,2025-07-15,"1.85%",-175,1.85,0
2026-03-17,2025-07-15,"2.10%",-150,2.1,0
2026-03-17,2025-07-15,"2.35%",-125,2.35,0
2026-03-17,2025-07-15,"2.60%",-100,2.6,0
2026-03-17,2025-07-15,"2.85%",-75,2.85,0.0340975982953152
2026-03-17,2025-07-15,"3.10%",-50,3.1,0.228548273524127
2026-03-17,2025-07-15,"3.35%",-25,3.35,0.443500190025058
2026-03-17,2025-07-15,"3.60%",0,3.6,0.252246661354959
2026-03-17,2025-07-15,"3.85%",25,3.85,0.0416072768005407
2026-03-17,2025-07-15,"4.10%",50,4.1,0
2026-03-17,2025-07-15,"4.35%",75,4.35,0
2026-03-17,2025-07-15,"4.60%",100,4.6,0
2026-03-17,2025-07-15,"4.85%",125,4.85,0
2026-03-17,2025-07-15,"5.10%",150,5.1,0
2026-03-17,2025-07-15,"5.35%",175,5.35,0
2026-03-17,2025-07-15,"5.60%",200,5.6,0
2026-03-17,2025-07-15,"5.85%",225,5.85,0
2026-03-17,2025-07-15,"6.10%",250,6.1,0
2026-03-17,2025-07-16,"0.10%",-300,0.1,0
2026-03-17,2025-07-16,"0.35%",-300,0.35,0
2026-03-17,2025-07-16,"0.60%",-300,0.6,0
2026-03-17,2025-07-16,"0.85%",-275,0.85,0
2026-03-17,2025-07-16,"1.10%",-250,1.1,0
2026-03-17,2025-07-16,"1.35%",-225,1.35,0
2026-03-17,2025-07-16,"1.60%",-200,1.6,0
2026-03-17,2025-07-16,"1.85%",-175,1.85,0
2026-03-17,2025-07-16,"2.10%",-150,2.1,0
2026-03-17,2025-07-16,"2.35%",-125,2.35,0
2026-03-17,2025-07-16,"2.60%",-100,2.6,0
2026-03-17,2025-07-16,"2.85%",-75,2.85,0.0337398839116398
2026-03-17,2025-07-16,"3.10%",-50,3.1,0.225687419634111
2026-03-17,2025-07-16,"3.35%",-25,3.35,0.441500457024177
2026-03-17,2025-07-16,"3.60%",0,3.6,0.255677259940224
2026-03-17,2025-07-16,"3.85%",25,3.85,0.0433949794898479
2026-03-17,2025-07-16,"4.10%",50,4.1,0
2026-03-17,2025-07-16,"4.35%",75,4.35,0
2026-03-17,2025-07-16,"4.60%",100,4.6,0
2026-03-17,2025-07-16,"4.85%",125,4.85,0
2026-03-17,2025-07-16,"5.10%",150,5.1,0
2026-03-17,2025-07-16,"5.35%",175,5.35,0
2026-03-17,2025-07-16,"5.60%",200,5.6,0
2026-03-17,2025-07-16,"5.85%",225,5.85,0
2026-03-17,2025-07-16,"6.10%",250,6.1,0
2026-03-17,2025-07-17,"0.10%",-300,0.1,0
2026-03-17,2025-07-17,"0.35%",-300,0.35,0
2026-03-17,2025-07-17,"0.60%",-300,0.6,0
2026-03-17,2025-07-17,"0.85%",-275,0.85,0
2026-03-17,2025-07-17,"1.10%",-250,1.1,0
2026-03-17,2025-07-17,"1.35%",-225,1.35,0
2026-03-17,2025-07-17,"1.60%",-200,1.6,0
2026-03-17,2025-07-17,"1.85%",-175,1.85,0
2026-03-17,2025-07-17,"2.10%",-150,2.1,0
2026-03-17,2025-07-17,"2.35%",-125,2.35,0
2026-03-17,2025-07-17,"2.60%",-100,2.6,0
2026-03-17,2025-07-17,"2.85%",-75,2.85,0.0211174916647288
2026-03-17,2025-07-17,"3.10%",-50,3.1,0.228568131187412
2026-03-17,2025-07-17,"3.35%",-25,3.35,0.500487348232567
2026-03-17,2025-07-17,"3.60%",0,3.6,0.22868714764473
2026-03-17,2025-07-17,"3.85%",25,3.85,0.0211398812705627
2026-03-17,2025-07-17,"4.10%",50,4.1,0
2026-03-17,2025-07-17,"4.35%",75,4.35,0
2026-03-17,2025-07-17,"4.60%",100,4.6,0
2026-03-17,2025-07-17,"4.85%",125,4.85,0
2026-03-17,2025-07-17,"5.10%",150,5.1,0
2026-03-17,2025-07-17,"5.35%",175,5.35,0
2026-03-17,2025-07-17,"5.60%",200,5.6,0
2026-03-17,2025-07-17,"5.85%",225,5.85,0
2026-03-17,2025-07-17,"6.10%",250,6.1,0
2026-03-17,2025-07-20,"0.10%",-300,0.1,0
2026-03-17,2025-07-20,"0.35%",-300,0.35,0
2026-03-17,2025-07-20,"0.60%",-300,0.6,0
2026-03-17,2025-07-20,"0.85%",-275,0.85,0
2026-03-17,2025-07-20,"1.10%",-250,1.1,0
2026-03-17,2025-07-20,"1.35%",-225,1.35,0
2026-03-17,2025-07-20,"1.60%",-200,1.6,0
2026-03-17,2025-07-20,"1.85%",-175,1.85,0
2026-03-17,2025-07-20,"2.10%",-150,2.1,0
2026-03-17,2025-07-20,"2.35%",-125,2.35,0
2026-03-17,2025-07-20,"2.60%",-100,2.6,0.0259239593981535
2026-03-17,2025-07-20,"2.85%",-75,2.85,0.179148120988396
2026-03-17,2025-07-20,"3.10%",-50,3.1,0.407894627815826
2026-03-17,2025-07-20,"3.35%",-25,3.35,0.309251808612473
2026-03-17,2025-07-20,"3.60%",0,3.6,0.077781483185151
2026-03-17,2025-07-20,"3.85%",25,3.85,0
2026-03-17,2025-07-20,"4.10%",50,4.1,0
2026-03-17,2025-07-20,"4.35%",75,4.35,0
2026-03-17,2025-07-20,"4.60%",100,4.6,0
2026-03-17,2025-07-20,"4.85%",125,4.85,0
2026-03-17,2025-07-20,"5.10%",150,5.1,0
2026-03-17,2025-07-20,"5.35%",175,5.35,0
2026-03-17,2025-07-20,"5.60%",200,5.6,0
2026-03-17,2025-07-20,"5.85%",225,5.85,0
2026-03-17,2025-07-20,"6.10%",250,6.1,0
2026-03-17,2025-07-21,"0.10%",-300,0.1,0
2026-03-17,2025-07-21,"0.35%",-300,0.35,0
2026-03-17,2025-07-21,"0.60%",-300,0.6,0
2026-03-17,2025-07-21,"0.85%",-275,0.85,0
2026-03-17,2025-07-21,"1.10%",-250,1.1,0
2026-03-17,2025-07-21,"1.35%",-225,1.35,0
2026-03-17,2025-07-21,"1.60%",-200,1.6,0
2026-03-17,2025-07-21,"1.85%",-175,1.85,0
2026-03-17,2025-07-21,"2.10%",-150,2.1,0
2026-03-17,2025-07-21,"2.35%",-125,2.35,0
2026-03-17,2025-07-21,"2.60%",-100,2.6,0.0326546685160578
2026-03-17,2025-07-21,"2.85%",-75,2.85,0.182333109867792
2026-03-17,2025-07-21,"3.10%",-50,3.1,0.382114290793624
2026-03-17,2025-07-21,"3.35%",-25,3.35,0.302538038156234
2026-03-17,2025-07-21,"3.60%",0,3.6,0.0902999909946118
2026-03-17,2025-07-21,"3.85%",25,3.85,0.0100599016716812
2026-03-17,2025-07-21,"4.10%",50,4.1,0
2026-03-17,2025-07-21,"4.35%",75,4.35,0
2026-03-17,2025-07-21,"4.60%",100,4.6,0
2026-03-17,2025-07-21,"4.85%",125,4.85,0
2026-03-17,2025-07-21,"5.10%",150,5.1,0
2026-03-17,2025-07-21,"5.35%",175,5.35,0
2026-03-17,2025-07-21,"5.60%",200,5.6,0
2026-03-17,2025-07-21,"5.85%",225,5.85,0
2026-03-17,2025-07-21,"6.10%",250,6.1,0
2026-03-17,2025-07-22,"0.10%",-300,0.1,0
2026-03-17,2025-07-22,"0.35%",-300,0.35,0
2026-03-17,2025-07-22,"0.60%",-300,0.6,0
2026-03-17,2025-07-22,"0.85%",-275,0.85,0
2026-03-17,2025-07-22,"1.10%",-250,1.1,0
2026-03-17,2025-07-22,"1.35%",-225,1.35,0
2026-03-17,2025-07-22,"1.60%",-200,1.6,0
2026-03-17,2025-07-22,"1.85%",-175,1.85,0
2026-03-17,2025-07-22,"2.10%",-150,2.1,0
2026-03-17,2025-07-22,"2.35%",-125,2.35,0
2026-03-17,2025-07-22,"2.60%",-100,2.6,0.0196063439353059
2026-03-17,2025-07-22,"2.85%",-75,2.85,0.168690344146338
2026-03-17,2025-07-22,"3.10%",-50,3.1,0.42439510605711
2026-03-17,2025-07-22,"3.35%",-25,3.35,0.317231373369887
2026-03-17,2025-07-22,"3.60%",0,3.6,0.0700768324913593
2026-03-17,2025-07-22,"3.85%",25,3.85,0
2026-03-17,2025-07-22,"4.10%",50,4.1,0
2026-03-17,2025-07-22,"4.35%",75,4.35,0
2026-03-17,2025-07-22,"4.60%",100,4.6,0
2026-03-17,2025-07-22,"4.85%",125,4.85,0
2026-03-17,2025-07-22,"5.10%",150,5.1,0
2026-03-17,2025-07-22,"5.35%",175,5.35,0
2026-03-17,2025-07-22,"5.60%",200,5.6,0
2026-03-17,2025-07-22,"5.85%",225,5.85,0
2026-03-17,2025-07-22,"6.10%",250,6.1,0
2026-03-17,2025-07-23,"0.10%",-300,0.1,0
2026-03-17,2025-07-23,"0.35%",-300,0.35,0
2026-03-17,2025-07-23,"0.60%",-300,0.6,0
2026-03-17,2025-07-23,"0.85%",-275,0.85,0
2026-03-17,2025-07-23,"1.10%",-250,1.1,0
2026-03-17,2025-07-23,"1.35%",-225,1.35,0
2026-03-17,2025-07-23,"1.60%",-200,1.6,0
2026-03-17,2025-07-23,"1.85%",-175,1.85,0
2026-03-17,2025-07-23,"2.10%",-150,2.1,0
2026-03-17,2025-07-23,"2.35%",-125,2.35,0
2026-03-17,2025-07-23,"2.60%",-100,2.6,0.0245385994919595
2026-03-17,2025-07-23,"2.85%",-75,2.85,0.171842247095362
2026-03-17,2025-07-23,"3.10%",-50,3.1,0.401953982391613
2026-03-17,2025-07-23,"3.35%",-25,3.35,0.317353052724005
2026-03-17,2025-07-23,"3.60%",0,3.6,0.0843121182970606
2026-03-17,2025-07-23,"3.85%",25,3.85,0
2026-03-17,2025-07-23,"4.10%",50,4.1,0
2026-03-17,2025-07-23,"4.35%",75,4.35,0
2026-03-17,2025-07-23,"4.60%",100,4.6,0
2026-03-17,2025-07-23,"4.85%",125,4.85,0
2026-03-17,2025-07-23,"5.10%",150,5.1,0
2026-03-17,2025-07-23,"5.35%",175,5.35,0
2026-03-17,2025-07-23,"5.60%",200,5.6,0
2026-03-17,2025-07-23,"5.85%",225,5.85,0
2026-03-17,2025-07-23,"6.10%",250,6.1,0
2026-03-17,2025-07-24,"0.10%",-300,0.1,0
2026-03-17,2025-07-24,"0.35%",-300,0.35,0
2026-03-17,2025-07-24,"0.60%",-300,0.6,0
2026-03-17,2025-07-24,"0.85%",-275,0.85,0
2026-03-17,2025-07-24,"1.10%",-250,1.1,0
2026-03-17,2025-07-24,"1.35%",-225,1.35,0
2026-03-17,2025-07-24,"1.60%",-200,1.6,0
2026-03-17,2025-07-24,"1.85%",-175,1.85,0
2026-03-17,2025-07-24,"2.10%",-150,2.1,0
2026-03-17,2025-07-24,"2.35%",-125,2.35,0
2026-03-17,2025-07-24,"2.60%",-100,2.6,0.0369713530917775
2026-03-17,2025-07-24,"2.85%",-75,2.85,0.18253306599047
2026-03-17,2025-07-24,"3.10%",-50,3.1,0.366310265060249
2026-03-17,2025-07-24,"3.35%",-25,3.35,0.300236917454138
2026-03-17,2025-07-24,"3.60%",0,3.6,0.100362412040552
2026-03-17,2025-07-24,"3.85%",25,3.85,0.0135859863628128
2026-03-17,2025-07-24,"4.10%",50,4.1,0
2026-03-17,2025-07-24,"4.35%",75,4.35,0
2026-03-17,2025-07-24,"4.60%",100,4.6,0
2026-03-17,2025-07-24,"4.85%",125,4.85,0
2026-03-17,2025-07-24,"5.10%",150,5.1,0
2026-03-17,2025-07-24,"5.35%",175,5.35,0
2026-03-17,2025-07-24,"5.60%",200,5.6,0
2026-03-17,2025-07-24,"5.85%",225,5.85,0
2026-03-17,2025-07-24,"6.10%",250,6.1,0
2026-03-17,2025-07-27,"0.10%",-300,0.1,0
2026-03-17,2025-07-27,"0.35%",-300,0.35,0
2026-03-17,2025-07-27,"0.60%",-300,0.6,0
2026-03-17,2025-07-27,"0.85%",-275,0.85,0
2026-03-17,2025-07-27,"1.10%",-250,1.1,0
2026-03-17,2025-07-27,"1.35%",-225,1.35,0
2026-03-17,2025-07-27,"1.60%",-200,1.6,0
2026-03-17,2025-07-27,"1.85%",-175,1.85,0
2026-03-17,2025-07-27,"2.10%",-150,2.1,0
2026-03-17,2025-07-27,"2.35%",-125,2.35,0
2026-03-17,2025-07-27,"2.60%",-100,2.6,0.0287429639116898
2026-03-17,2025-07-27,"2.85%",-75,2.85,0.177784040053713
2026-03-17,2025-07-27,"3.10%",-50,3.1,0.392548249153692
2026-03-17,2025-07-27,"3.35%",-25,3.35,0.311936096397707
2026-03-17,2025-07-27,"3.60%",0,3.6,0.0889886504831975
2026-03-17,2025-07-27,"3.85%",25,3.85,0
2026-03-17,2025-07-27,"4.10%",50,4.1,0
2026-03-17,2025-07-27,"4.35%",75,4.35,0
2026-03-17,2025-07-27,"4.60%",100,4.6,0
2026-03-17,2025-07-27,"4.85%",125,4.85,0
2026-03-17,2025-07-27,"5.10%",150,5.1,0
2026-03-17,2025-07-27,"5.35%",175,5.35,0
2026-03-17,2025-07-27,"5.60%",200,5.6,0
2026-03-17,2025-07-27,"5.85%",225,5.85,0
2026-03-17,2025-07-27,"6.10%",250,6.1,0
2026-03-17,2025-07-28,"0.10%",-300,0.1,0
2026-03-17,2025-07-28,"0.35%",-300,0.35,0
2026-03-17,2025-07-28,"0.60%",-300,0.6,0
2026-03-17,2025-07-28,"0.85%",-275,0.85,0
2026-03-17,2025-07-28,"1.10%",-250,1.1,0
2026-03-17,2025-07-28,"1.35%",-225,1.35,0
2026-03-17,2025-07-28,"1.60%",-200,1.6,0
2026-03-17,2025-07-28,"1.85%",-175,1.85,0
2026-03-17,2025-07-28,"2.10%",-150,2.1,0
2026-03-17,2025-07-28,"2.35%",-125,2.35,0
2026-03-17,2025-07-28,"2.60%",-100,2.6,0.0265240317827191
2026-03-17,2025-07-28,"2.85%",-75,2.85,0.17538749779387
2026-03-17,2025-07-28,"3.10%",-50,3.1,0.398485146444801
2026-03-17,2025-07-28,"3.35%",-25,3.35,0.31402013631163
2026-03-17,2025-07-28,"3.60%",0,3.6,0.0855831876669806
2026-03-17,2025-07-28,"3.85%",25,3.85,0
2026-03-17,2025-07-28,"4.10%",50,4.1,0
2026-03-17,2025-07-28,"4.35%",75,4.35,0
2026-03-17,2025-07-28,"4.60%",100,4.6,0
2026-03-17,2025-07-28,"4.85%",125,4.85,0
2026-03-17,2025-07-28,"5.10%",150,5.1,0
2026-03-17,2025-07-28,"5.35%",175,5.35,0
2026-03-17,2025-07-28,"5.60%",200,5.6,0
2026-03-17,2025-07-28,"5.85%",225,5.85,0
2026-03-17,2025-07-28,"6.10%",250,6.1,0
2026-03-17,2025-07-29,"0.10%",-300,0.1,0
2026-03-17,2025-07-29,"0.35%",-300,0.35,0
2026-03-17,2025-07-29,"0.60%",-300,0.6,0
2026-03-17,2025-07-29,"0.85%",-275,0.85,0
2026-03-17,2025-07-29,"1.10%",-250,1.1,0
2026-03-17,2025-07-29,"1.35%",-225,1.35,0
2026-03-17,2025-07-29,"1.60%",-200,1.6,0
2026-03-17,2025-07-29,"1.85%",-175,1.85,0
2026-03-17,2025-07-29,"2.10%",-150,2.1,0
2026-03-17,2025-07-29,"2.35%",-125,2.35,0
2026-03-17,2025-07-29,"2.60%",-100,2.6,0.0246667673382103
2026-03-17,2025-07-29,"2.85%",-75,2.85,0.172011531798102
2026-03-17,2025-07-29,"3.10%",-50,3.1,0.401604330304307
2026-03-17,2025-07-29,"3.35%",-25,3.35,0.317212093434341
2026-03-17,2025-07-29,"3.60%",0,3.6,0.0845052771250396
2026-03-17,2025-07-29,"3.85%",25,3.85,0
2026-03-17,2025-07-29,"4.10%",50,4.1,0
2026-03-17,2025-07-29,"4.35%",75,4.35,0
2026-03-17,2025-07-29,"4.60%",100,4.6,0
2026-03-17,2025-07-29,"4.85%",125,4.85,0
2026-03-17,2025-07-29,"5.10%",150,5.1,0
2026-03-17,2025-07-29,"5.35%",175,5.35,0
2026-03-17,2025-07-29,"5.60%",200,5.6,0
2026-03-17,2025-07-29,"5.85%",225,5.85,0
2026-03-17,2025-07-29,"6.10%",250,6.1,0
2026-03-17,2025-07-30,"0.10%",-300,0.1,0
2026-03-17,2025-07-30,"0.35%",-300,0.35,0
2026-03-17,2025-07-30,"0.60%",-300,0.6,0
2026-03-17,2025-07-30,"0.85%",-275,0.85,0
2026-03-17,2025-07-30,"1.10%",-250,1.1,0
2026-03-17,2025-07-30,"1.35%",-225,1.35,0
2026-03-17,2025-07-30,"1.60%",-200,1.6,0
2026-03-17,2025-07-30,"1.85%",-175,1.85,0
2026-03-17,2025-07-30,"2.10%",-150,2.1,0
2026-03-17,2025-07-30,"2.35%",-125,2.35,0
2026-03-17,2025-07-30,"2.60%",-100,2.6,0.0365339160290949
2026-03-17,2025-07-30,"2.85%",-75,2.85,0.181511760278753
2026-03-17,2025-07-30,"3.10%",-50,3.1,0.366098750067869
2026-03-17,2025-07-30,"3.35%",-25,3.35,0.301214132975833
2026-03-17,2025-07-30,"3.60%",0,3.6,0.100955462753538
2026-03-17,2025-07-30,"3.85%",25,3.85,0.013685977894913
2026-03-17,2025-07-30,"4.10%",50,4.1,0
2026-03-17,2025-07-30,"4.35%",75,4.35,0
2026-03-17,2025-07-30,"4.60%",100,4.6,0
2026-03-17,2025-07-30,"4.85%",125,4.85,0
2026-03-17,2025-07-30,"5.10%",150,5.1,0
2026-03-17,2025-07-30,"5.35%",175,5.35,0
2026-03-17,2025-07-30,"5.60%",200,5.6,0
2026-03-17,2025-07-30,"5.85%",225,5.85,0
2026-03-17,2025-07-30,"6.10%",250,6.1,0
2026-03-17,2025-07-31,"0.10%",-300,0.1,0
2026-03-17,2025-07-31,"0.35%",-300,0.35,0
2026-03-17,2025-07-31,"0.60%",-300,0.6,0
2026-03-17,2025-07-31,"0.85%",-275,0.85,0
2026-03-17,2025-07-31,"1.10%",-250,1.1,0
2026-03-17,2025-07-31,"1.35%",-225,1.35,0
2026-03-17,2025-07-31,"1.60%",-200,1.6,0
2026-03-17,2025-07-31,"1.85%",-175,1.85,0
2026-03-17,2025-07-31,"2.10%",-150,2.1,0
2026-03-17,2025-07-31,"2.35%",-125,2.35,0
2026-03-17,2025-07-31,"2.60%",-100,2.6,0.0334774583264583
2026-03-17,2025-07-31,"2.85%",-75,2.85,0.179298303380786
2026-03-17,2025-07-31,"3.10%",-50,3.1,0.373598481855274
2026-03-17,2025-07-31,"3.35%",-25,3.35,0.304621945653861
2026-03-17,2025-07-31,"3.60%",0,3.6,0.0970316410791373
2026-03-17,2025-07-31,"3.85%",25,3.85,0.0119721697044824
2026-03-17,2025-07-31,"4.10%",50,4.1,0
2026-03-17,2025-07-31,"4.35%",75,4.35,0
2026-03-17,2025-07-31,"4.60%",100,4.6,0
2026-03-17,2025-07-31,"4.85%",125,4.85,0
2026-03-17,2025-07-31,"5.10%",150,5.1,0
2026-03-17,2025-07-31,"5.35%",175,5.35,0
2026-03-17,2025-07-31,"5.60%",200,5.6,0
2026-03-17,2025-07-31,"5.85%",225,5.85,0
2026-03-17,2025-07-31,"6.10%",250,6.1,0
2026-03-17,2025-08-01,"0.10%",-300,0.1,0
2026-03-17,2025-08-01,"0.35%",-300,0.35,0
2026-03-17,2025-08-01,"0.60%",-300,0.6,0
2026-03-17,2025-08-01,"0.85%",-275,0.85,0
2026-03-17,2025-08-01,"1.10%",-250,1.1,0
2026-03-17,2025-08-01,"1.35%",-225,1.35,0
2026-03-17,2025-08-01,"1.60%",-200,1.6,0
2026-03-17,2025-08-01,"1.85%",-175,1.85,0
2026-03-17,2025-08-01,"2.10%",-150,2.1,0
2026-03-17,2025-08-01,"2.35%",-125,2.35,0
2026-03-17,2025-08-01,"2.60%",-100,2.6,0.0277496204706657
2026-03-17,2025-08-01,"2.85%",-75,2.85,0.17555428623621
2026-03-17,2025-08-01,"3.10%",-50,3.1,0.393092878583992
2026-03-17,2025-08-01,"3.35%",-25,3.35,0.314187148607989
2026-03-17,2025-08-01,"3.60%",0,3.6,0.0894160661011438
2026-03-17,2025-08-01,"3.85%",25,3.85,0
2026-03-17,2025-08-01,"4.10%",50,4.1,0
2026-03-17,2025-08-01,"4.35%",75,4.35,0
2026-03-17,2025-08-01,"4.60%",100,4.6,0
2026-03-17,2025-08-01,"4.85%",125,4.85,0
2026-03-17,2025-08-01,"5.10%",150,5.1,0
2026-03-17,2025-08-01,"5.35%",175,5.35,0
2026-03-17,2025-08-01,"5.60%",200,5.6,0
2026-03-17,2025-08-01,"5.85%",225,5.85,0
2026-03-17,2025-08-01,"6.10%",250,6.1,0
2026-03-17,2025-08-03,"0.10%",-300,0.1,0
2026-03-17,2025-08-03,"0.35%",-300,0.35,0
2026-03-17,2025-08-03,"0.60%",-300,0.6,0
2026-03-17,2025-08-03,"0.85%",-275,0.85,0
2026-03-17,2025-08-03,"1.10%",-250,1.1,0
2026-03-17,2025-08-03,"1.35%",-225,1.35,0
2026-03-17,2025-08-03,"1.60%",-200,1.6,0
2026-03-17,2025-08-03,"1.85%",-175,1.85,0
2026-03-17,2025-08-03,"2.10%",-150,2.1,0
2026-03-17,2025-08-03,"2.35%",-125,2.35,0
2026-03-17,2025-08-03,"2.60%",-100,2.6,0.0247806532799472
2026-03-17,2025-08-03,"2.85%",-75,2.85,0.172152137811919
2026-03-17,2025-08-03,"3.10%",-50,3.1,0.401278437311017
2026-03-17,2025-08-03,"3.35%",-25,3.35,0.317097774178042
2026-03-17,2025-08-03,"3.60%",0,3.6,0.0846909974190751
2026-03-17,2025-08-03,"3.85%",25,3.85,0
2026-03-17,2025-08-03,"4.10%",50,4.1,0
2026-03-17,2025-08-03,"4.35%",75,4.35,0
2026-03-17,2025-08-03,"4.60%",100,4.6,0
2026-03-17,2025-08-03,"4.85%",125,4.85,0
2026-03-17,2025-08-03,"5.10%",150,5.1,0
2026-03-17,2025-08-03,"5.35%",175,5.35,0
2026-03-17,2025-08-03,"5.60%",200,5.6,0
2026-03-17,2025-08-03,"5.85%",225,5.85,0
2026-03-17,2025-08-03,"6.10%",250,6.1,0
2026-03-17,2025-08-04,"0.10%",-300,0.1,0
2026-03-17,2025-08-04,"0.35%",-300,0.35,0
2026-03-17,2025-08-04,"0.60%",-300,0.6,0
2026-03-17,2025-08-04,"0.85%",-275,0.85,0
2026-03-17,2025-08-04,"1.10%",-250,1.1,0
2026-03-17,2025-08-04,"1.35%",-225,1.35,0
2026-03-17,2025-08-04,"1.60%",-200,1.6,0
2026-03-17,2025-08-04,"1.85%",-175,1.85,0
2026-03-17,2025-08-04,"2.10%",-150,2.1,0
2026-03-17,2025-08-04,"2.35%",-125,2.35,0
2026-03-17,2025-08-04,"2.60%",-100,2.6,0.0252346973287648
2026-03-17,2025-08-04,"2.85%",-75,2.85,0.177845849336465
2026-03-17,2025-08-04,"3.10%",-50,3.1,0.409048402287751
2026-03-17,2025-08-04,"3.35%",-25,3.35,0.31043269017027
2026-03-17,2025-08-04,"3.60%",0,3.6,0.0774383608767485
2026-03-17,2025-08-04,"3.85%",25,3.85,0
2026-03-17,2025-08-04,"4.10%",50,4.1,0
2026-03-17,2025-08-04,"4.35%",75,4.35,0
2026-03-17,2025-08-04,"4.60%",100,4.6,0
2026-03-17,2025-08-04,"4.85%",125,4.85,0
2026-03-17,2025-08-04,"5.10%",150,5.1,0
2026-03-17,2025-08-04,"5.35%",175,5.35,0
2026-03-17,2025-08-04,"5.60%",200,5.6,0
2026-03-17,2025-08-04,"5.85%",225,5.85,0
2026-03-17,2025-08-04,"6.10%",250,6.1,0
2026-03-17,2025-08-05,"0.10%",-300,0.1,0
2026-03-17,2025-08-05,"0.35%",-300,0.35,0
2026-03-17,2025-08-05,"0.60%",-300,0.6,0
2026-03-17,2025-08-05,"0.85%",-275,0.85,0
2026-03-17,2025-08-05,"1.10%",-250,1.1,0
2026-03-17,2025-08-05,"1.35%",-225,1.35,0
2026-03-17,2025-08-05,"1.60%",-200,1.6,0
2026-03-17,2025-08-05,"1.85%",-175,1.85,0
2026-03-17,2025-08-05,"2.10%",-150,2.1,0
2026-03-17,2025-08-05,"2.35%",-125,2.35,0
2026-03-17,2025-08-05,"2.60%",-100,2.6,0.0221376919238505
2026-03-17,2025-08-05,"2.85%",-75,2.85,0.174094971115934
2026-03-17,2025-08-05,"3.10%",-50,3.1,0.418948541880265
2026-03-17,2025-08-05,"3.35%",-25,3.35,0.312744400735366
2026-03-17,2025-08-05,"3.60%",0,3.6,0.0720743943445842
2026-03-17,2025-08-05,"3.85%",25,3.85,0
2026-03-17,2025-08-05,"4.10%",50,4.1,0
2026-03-17,2025-08-05,"4.35%",75,4.35,0
2026-03-17,2025-08-05,"4.60%",100,4.6,0
2026-03-17,2025-08-05,"4.85%",125,4.85,0
2026-03-17,2025-08-05,"5.10%",150,5.1,0
2026-03-17,2025-08-05,"5.35%",175,5.35,0
2026-03-17,2025-08-05,"5.60%",200,5.6,0
2026-03-17,2025-08-05,"5.85%",225,5.85,0
2026-03-17,2025-08-05,"6.10%",250,6.1,0
2026-03-17,2025-08-06,"0.10%",-300,0.1,0
2026-03-17,2025-08-06,"0.35%",-300,0.35,0
2026-03-17,2025-08-06,"0.60%",-300,0.6,0
2026-03-17,2025-08-06,"0.85%",-275,0.85,0
2026-03-17,2025-08-06,"1.10%",-250,1.1,0
2026-03-17,2025-08-06,"1.35%",-225,1.35,0
2026-03-17,2025-08-06,"1.60%",-200,1.6,0
2026-03-17,2025-08-06,"1.85%",-175,1.85,0
2026-03-17,2025-08-06,"2.10%",-150,2.1,0
2026-03-17,2025-08-06,"2.35%",-125,2.35,0
2026-03-17,2025-08-06,"2.60%",-100,2.6,0.0279949710546126
2026-03-17,2025-08-06,"2.85%",-75,2.85,0.18108056868358
2026-03-17,2025-08-06,"3.10%",-50,3.1,0.401495101673345
2026-03-17,2025-08-06,"3.35%",-25,3.35,0.307968059091558
2026-03-17,2025-08-06,"3.60%",0,3.6,0.0814612994969049
2026-03-17,2025-08-06,"3.85%",25,3.85,0
2026-03-17,2025-08-06,"4.10%",50,4.1,0
2026-03-17,2025-08-06,"4.35%",75,4.35,0
2026-03-17,2025-08-06,"4.60%",100,4.6,0
2026-03-17,2025-08-06,"4.85%",125,4.85,0
2026-03-17,2025-08-06,"5.10%",150,5.1,0
2026-03-17,2025-08-06,"5.35%",175,5.35,0
2026-03-17,2025-08-06,"5.60%",200,5.6,0
2026-03-17,2025-08-06,"5.85%",225,5.85,0
2026-03-17,2025-08-06,"6.10%",250,6.1,0
2026-03-17,2025-08-07,"0.10%",-300,0.1,0
2026-03-17,2025-08-07,"0.35%",-300,0.35,0
2026-03-17,2025-08-07,"0.60%",-300,0.6,0
2026-03-17,2025-08-07,"0.85%",-275,0.85,0
2026-03-17,2025-08-07,"1.10%",-250,1.1,0
2026-03-17,2025-08-07,"1.35%",-225,1.35,0
2026-03-17,2025-08-07,"1.60%",-200,1.6,0
2026-03-17,2025-08-07,"1.85%",-175,1.85,0
2026-03-17,2025-08-07,"2.10%",-150,2.1,0
2026-03-17,2025-08-07,"2.35%",-125,2.35,0
2026-03-17,2025-08-07,"2.60%",-100,2.6,0.017091333392102
2026-03-17,2025-08-07,"2.85%",-75,2.85,0.126400544614524
2026-03-17,2025-08-07,"3.10%",-50,3.1,0.346386569723628
2026-03-17,2025-08-07,"3.35%",-25,3.35,0.354867261669727
2026-03-17,2025-08-07,"3.60%",0,3.6,0.135945317311519
2026-03-17,2025-08-07,"3.85%",25,3.85,0.0193089732885001
2026-03-17,2025-08-07,"4.10%",50,4.1,0
2026-03-17,2025-08-07,"4.35%",75,4.35,0
2026-03-17,2025-08-07,"4.60%",100,4.6,0
2026-03-17,2025-08-07,"4.85%",125,4.85,0
2026-03-17,2025-08-07,"5.10%",150,5.1,0
2026-03-17,2025-08-07,"5.35%",175,5.35,0
2026-03-17,2025-08-07,"5.60%",200,5.6,0
2026-03-17,2025-08-07,"5.85%",225,5.85,0
2026-03-17,2025-08-07,"6.10%",250,6.1,0
2026-03-17,2025-08-10,"0.10%",-300,0.1,0
2026-03-17,2025-08-10,"0.35%",-300,0.35,0
2026-03-17,2025-08-10,"0.60%",-300,0.6,0
2026-03-17,2025-08-10,"0.85%",-275,0.85,0
2026-03-17,2025-08-10,"1.10%",-250,1.1,0
2026-03-17,2025-08-10,"1.35%",-225,1.35,0
2026-03-17,2025-08-10,"1.60%",-200,1.6,0
2026-03-17,2025-08-10,"1.85%",-175,1.85,0
2026-03-17,2025-08-10,"2.10%",-150,2.1,0
2026-03-17,2025-08-10,"2.35%",-125,2.35,0
2026-03-17,2025-08-10,"2.60%",-100,2.6,0
2026-03-17,2025-08-10,"2.85%",-75,2.85,0.0998107658211428
2026-03-17,2025-08-10,"3.10%",-50,3.1,0.388577081535853
2026-03-17,2025-08-10,"3.35%",-25,3.35,0.40145650635512
2026-03-17,2025-08-10,"3.60%",0,3.6,0.110155646287884
2026-03-17,2025-08-10,"3.85%",25,3.85,0
2026-03-17,2025-08-10,"4.10%",50,4.1,0
2026-03-17,2025-08-10,"4.35%",75,4.35,0
2026-03-17,2025-08-10,"4.60%",100,4.6,0
2026-03-17,2025-08-10,"4.85%",125,4.85,0
2026-03-17,2025-08-10,"5.10%",150,5.1,0
2026-03-17,2025-08-10,"5.35%",175,5.35,0
2026-03-17,2025-08-10,"5.60%",200,5.6,0
2026-03-17,2025-08-10,"5.85%",225,5.85,0
2026-03-17,2025-08-10,"6.10%",250,6.1,0
2026-03-17,2025-08-11,"0.10%",-300,0.1,0
2026-03-17,2025-08-11,"0.35%",-300,0.35,0
2026-03-17,2025-08-11,"0.60%",-300,0.6,0
2026-03-17,2025-08-11,"0.85%",-275,0.85,0
2026-03-17,2025-08-11,"1.10%",-250,1.1,0
2026-03-17,2025-08-11,"1.35%",-225,1.35,0
2026-03-17,2025-08-11,"1.60%",-200,1.6,0
2026-03-17,2025-08-11,"1.85%",-175,1.85,0
2026-03-17,2025-08-11,"2.10%",-150,2.1,0
2026-03-17,2025-08-11,"2.35%",-125,2.35,0
2026-03-17,2025-08-11,"2.60%",-100,2.6,0
2026-03-17,2025-08-11,"2.85%",-75,2.85,0.0945448438623085
2026-03-17,2025-08-11,"3.10%",-50,3.1,0.38651342709869
2026-03-17,2025-08-11,"3.35%",-25,3.35,0.407769968545752
2026-03-17,2025-08-11,"3.60%",0,3.6,0.11117176049325
2026-03-17,2025-08-11,"3.85%",25,3.85,0
2026-03-17,2025-08-11,"4.10%",50,4.1,0
2026-03-17,2025-08-11,"4.35%",75,4.35,0
2026-03-17,2025-08-11,"4.60%",100,4.6,0
2026-03-17,2025-08-11,"4.85%",125,4.85,0
2026-03-17,2025-08-11,"5.10%",150,5.1,0
2026-03-17,2025-08-11,"5.35%",175,5.35,0
2026-03-17,2025-08-11,"5.60%",200,5.6,0
2026-03-17,2025-08-11,"5.85%",225,5.85,0
2026-03-17,2025-08-11,"6.10%",250,6.1,0
2026-03-17,2025-08-12,"0.10%",-300,0.1,0
2026-03-17,2025-08-12,"0.35%",-300,0.35,0
2026-03-17,2025-08-12,"0.60%",-300,0.6,0
2026-03-17,2025-08-12,"0.85%",-275,0.85,0
2026-03-17,2025-08-12,"1.10%",-250,1.1,0
2026-03-17,2025-08-12,"1.35%",-225,1.35,0
2026-03-17,2025-08-12,"1.60%",-200,1.6,0
2026-03-17,2025-08-12,"1.85%",-175,1.85,0
2026-03-17,2025-08-12,"2.10%",-150,2.1,0
2026-03-17,2025-08-12,"2.35%",-125,2.35,0
2026-03-17,2025-08-12,"2.60%",-100,2.6,0
2026-03-17,2025-08-12,"2.85%",-75,2.85,0.111083839307265
2026-03-17,2025-08-12,"3.10%",-50,3.1,0.376378984480265
2026-03-17,2025-08-12,"3.35%",-25,3.35,0.383906788609947
2026-03-17,2025-08-12,"3.60%",0,3.6,0.117924976836662
2026-03-17,2025-08-12,"3.85%",25,3.85,0.010705410765862
2026-03-17,2025-08-12,"4.10%",50,4.1,0
2026-03-17,2025-08-12,"4.35%",75,4.35,0
2026-03-17,2025-08-12,"4.60%",100,4.6,0
2026-03-17,2025-08-12,"4.85%",125,4.85,0
2026-03-17,2025-08-12,"5.10%",150,5.1,0
2026-03-17,2025-08-12,"5.35%",175,5.35,0
2026-03-17,2025-08-12,"5.60%",200,5.6,0
2026-03-17,2025-08-12,"5.85%",225,5.85,0
2026-03-17,2025-08-12,"6.10%",250,6.1,0
2026-03-17,2025-08-13,"0.10%",-300,0.1,0
2026-03-17,2025-08-13,"0.35%",-300,0.35,0
2026-03-17,2025-08-13,"0.60%",-300,0.6,0
2026-03-17,2025-08-13,"0.85%",-275,0.85,0
2026-03-17,2025-08-13,"1.10%",-250,1.1,0
2026-03-17,2025-08-13,"1.35%",-225,1.35,0
2026-03-17,2025-08-13,"1.60%",-200,1.6,0
2026-03-17,2025-08-13,"1.85%",-175,1.85,0
2026-03-17,2025-08-13,"2.10%",-150,2.1,0
2026-03-17,2025-08-13,"2.35%",-125,2.35,0
2026-03-17,2025-08-13,"2.60%",-100,2.6,0
2026-03-17,2025-08-13,"2.85%",-75,2.85,0.0864154332386076
2026-03-17,2025-08-13,"3.10%",-50,3.1,0.4087641900366
2026-03-17,2025-08-13,"3.35%",-25,3.35,0.414600664838803
2026-03-17,2025-08-13,"3.60%",0,3.6,0.0902197118859887
2026-03-17,2025-08-13,"3.85%",25,3.85,0
2026-03-17,2025-08-13,"4.10%",50,4.1,0
2026-03-17,2025-08-13,"4.35%",75,4.35,0
2026-03-17,2025-08-13,"4.60%",100,4.6,0
2026-03-17,2025-08-13,"4.85%",125,4.85,0
2026-03-17,2025-08-13,"5.10%",150,5.1,0
2026-03-17,2025-08-13,"5.35%",175,5.35,0
2026-03-17,2025-08-13,"5.60%",200,5.6,0
2026-03-17,2025-08-13,"5.85%",225,5.85,0
2026-03-17,2025-08-13,"6.10%",250,6.1,0
2026-03-17,2025-08-14,"0.10%",-300,0.1,0
2026-03-17,2025-08-14,"0.35%",-300,0.35,0
2026-03-17,2025-08-14,"0.60%",-300,0.6,0
2026-03-17,2025-08-14,"0.85%",-275,0.85,0
2026-03-17,2025-08-14,"1.10%",-250,1.1,0
2026-03-17,2025-08-14,"1.35%",-225,1.35,0
2026-03-17,2025-08-14,"1.60%",-200,1.6,0
2026-03-17,2025-08-14,"1.85%",-175,1.85,0
2026-03-17,2025-08-14,"2.10%",-150,2.1,0
2026-03-17,2025-08-14,"2.35%",-125,2.35,0
2026-03-17,2025-08-14,"2.60%",-100,2.6,0
2026-03-17,2025-08-14,"2.85%",-75,2.85,0.0857590222152258
2026-03-17,2025-08-14,"3.10%",-50,3.1,0.410267044744446
2026-03-17,2025-08-14,"3.35%",-25,3.35,0.415104167500232
2026-03-17,2025-08-14,"3.60%",0,3.6,0.0888697655400954
2026-03-17,2025-08-14,"3.85%",25,3.85,0
2026-03-17,2025-08-14,"4.10%",50,4.1,0
2026-03-17,2025-08-14,"4.35%",75,4.35,0
2026-03-17,2025-08-14,"4.60%",100,4.6,0
2026-03-17,2025-08-14,"4.85%",125,4.85,0
2026-03-17,2025-08-14,"5.10%",150,5.1,0
2026-03-17,2025-08-14,"5.35%",175,5.35,0
2026-03-17,2025-08-14,"5.60%",200,5.6,0
2026-03-17,2025-08-14,"5.85%",225,5.85,0
2026-03-17,2025-08-14,"6.10%",250,6.1,0
2026-03-17,2025-08-17,"0.10%",-300,0.1,0
2026-03-17,2025-08-17,"0.35%",-300,0.35,0
2026-03-17,2025-08-17,"0.60%",-300,0.6,0
2026-03-17,2025-08-17,"0.85%",-275,0.85,0
2026-03-17,2025-08-17,"1.10%",-250,1.1,0
2026-03-17,2025-08-17,"1.35%",-225,1.35,0
2026-03-17,2025-08-17,"1.60%",-200,1.6,0
2026-03-17,2025-08-17,"1.85%",-175,1.85,0
2026-03-17,2025-08-17,"2.10%",-150,2.1,0
2026-03-17,2025-08-17,"2.35%",-125,2.35,0
2026-03-17,2025-08-17,"2.60%",-100,2.6,0
2026-03-17,2025-08-17,"2.85%",-75,2.85,0.0877273512896655
2026-03-17,2025-08-17,"3.10%",-50,3.1,0.406026589670672
2026-03-17,2025-08-17,"3.35%",-25,3.35,0.41351346596751
2026-03-17,2025-08-17,"3.60%",0,3.6,0.0927325930721533
2026-03-17,2025-08-17,"3.85%",25,3.85,0
2026-03-17,2025-08-17,"4.10%",50,4.1,0
2026-03-17,2025-08-17,"4.35%",75,4.35,0
2026-03-17,2025-08-17,"4.60%",100,4.6,0
2026-03-17,2025-08-17,"4.85%",125,4.85,0
2026-03-17,2025-08-17,"5.10%",150,5.1,0
2026-03-17,2025-08-17,"5.35%",175,5.35,0
2026-03-17,2025-08-17,"5.60%",200,5.6,0
2026-03-17,2025-08-17,"5.85%",225,5.85,0
2026-03-17,2025-08-17,"6.10%",250,6.1,0
2026-03-17,2025-08-18,"0.10%",-300,0.1,0
2026-03-17,2025-08-18,"0.35%",-300,0.35,0
2026-03-17,2025-08-18,"0.60%",-300,0.6,0
2026-03-17,2025-08-18,"0.85%",-275,0.85,0
2026-03-17,2025-08-18,"1.10%",-250,1.1,0
2026-03-17,2025-08-18,"1.35%",-225,1.35,0
2026-03-17,2025-08-18,"1.60%",-200,1.6,0
2026-03-17,2025-08-18,"1.85%",-175,1.85,0
2026-03-17,2025-08-18,"2.10%",-150,2.1,0
2026-03-17,2025-08-18,"2.35%",-125,2.35,0
2026-03-17,2025-08-18,"2.60%",-100,2.6,0
2026-03-17,2025-08-18,"2.85%",-75,2.85,0.0871038892399592
2026-03-17,2025-08-18,"3.10%",-50,3.1,0.400443726923384
2026-03-17,2025-08-18,"3.35%",-25,3.35,0.415221756530728
2026-03-17,2025-08-18,"3.60%",0,3.6,0.0972306273059294
2026-03-17,2025-08-18,"3.85%",25,3.85,0
2026-03-17,2025-08-18,"4.10%",50,4.1,0
2026-03-17,2025-08-18,"4.35%",75,4.35,0
2026-03-17,2025-08-18,"4.60%",100,4.6,0
2026-03-17,2025-08-18,"4.85%",125,4.85,0
2026-03-17,2025-08-18,"5.10%",150,5.1,0
2026-03-17,2025-08-18,"5.35%",175,5.35,0
2026-03-17,2025-08-18,"5.60%",200,5.6,0
2026-03-17,2025-08-18,"5.85%",225,5.85,0
2026-03-17,2025-08-18,"6.10%",250,6.1,0
2026-03-17,2025-08-19,"0.10%",-300,0.1,0
2026-03-17,2025-08-19,"0.35%",-300,0.35,0
2026-03-17,2025-08-19,"0.60%",-300,0.6,0
2026-03-17,2025-08-19,"0.85%",-275,0.85,0
2026-03-17,2025-08-19,"1.10%",-250,1.1,0
2026-03-17,2025-08-19,"1.35%",-225,1.35,0
2026-03-17,2025-08-19,"1.60%",-200,1.6,0
2026-03-17,2025-08-19,"1.85%",-175,1.85,0
2026-03-17,2025-08-19,"2.10%",-150,2.1,0
2026-03-17,2025-08-19,"2.35%",-125,2.35,0
2026-03-17,2025-08-19,"2.60%",-100,2.6,0.0718275740779301
2026-03-17,2025-08-19,"2.85%",-75,2.85,0.366229548303128
2026-03-17,2025-08-19,"3.10%",-50,3.1,0.43819831240958
2026-03-17,2025-08-19,"3.35%",-25,3.35,0.123744565209362
2026-03-17,2025-08-19,"3.60%",0,3.6,0
2026-03-17,2025-08-19,"3.85%",25,3.85,0
2026-03-17,2025-08-19,"4.10%",50,4.1,0
2026-03-17,2025-08-19,"4.35%",75,4.35,0
2026-03-17,2025-08-19,"4.60%",100,4.6,0
2026-03-17,2025-08-19,"4.85%",125,4.85,0
2026-03-17,2025-08-19,"5.10%",150,5.1,0
2026-03-17,2025-08-19,"5.35%",175,5.35,0
2026-03-17,2025-08-19,"5.60%",200,5.6,0
2026-03-17,2025-08-19,"5.85%",225,5.85,0
2026-03-17,2025-08-19,"6.10%",250,6.1,0
2026-03-17,2025-08-20,"0.10%",-300,0.1,0
2026-03-17,2025-08-20,"0.35%",-300,0.35,0
2026-03-17,2025-08-20,"0.60%",-300,0.6,0
2026-03-17,2025-08-20,"0.85%",-275,0.85,0
2026-03-17,2025-08-20,"1.10%",-250,1.1,0
2026-03-17,2025-08-20,"1.35%",-225,1.35,0
2026-03-17,2025-08-20,"1.60%",-200,1.6,0
2026-03-17,2025-08-20,"1.85%",-175,1.85,0
2026-03-17,2025-08-20,"2.10%",-150,2.1,0
2026-03-17,2025-08-20,"2.35%",-125,2.35,0
2026-03-17,2025-08-20,"2.60%",-100,2.6,0.084932083182404
2026-03-17,2025-08-20,"2.85%",-75,2.85,0.349193882855447
2026-03-17,2025-08-20,"3.10%",-50,3.1,0.412221123384278
2026-03-17,2025-08-20,"3.35%",-25,3.35,0.140186445947883
2026-03-17,2025-08-20,"3.60%",0,3.6,0.0134664646299884
2026-03-17,2025-08-20,"3.85%",25,3.85,0
2026-03-17,2025-08-20,"4.10%",50,4.1,0
2026-03-17,2025-08-20,"4.35%",75,4.35,0
2026-03-17,2025-08-20,"4.60%",100,4.6,0
2026-03-17,2025-08-20,"4.85%",125,4.85,0
2026-03-17,2025-08-20,"5.10%",150,5.1,0
2026-03-17,2025-08-20,"5.35%",175,5.35,0
2026-03-17,2025-08-20,"5.60%",200,5.6,0
2026-03-17,2025-08-20,"5.85%",225,5.85,0
2026-03-17,2025-08-20,"6.10%",250,6.1,0
2026-03-17,2025-08-21,"0.10%",-300,0.1,0
2026-03-17,2025-08-21,"0.35%",-300,0.35,0
2026-03-17,2025-08-21,"0.60%",-300,0.6,0
2026-03-17,2025-08-21,"0.85%",-275,0.85,0
2026-03-17,2025-08-21,"1.10%",-250,1.1,0
2026-03-17,2025-08-21,"1.35%",-225,1.35,0
2026-03-17,2025-08-21,"1.60%",-200,1.6,0
2026-03-17,2025-08-21,"1.85%",-175,1.85,0
2026-03-17,2025-08-21,"2.10%",-150,2.1,0
2026-03-17,2025-08-21,"2.35%",-125,2.35,0
2026-03-17,2025-08-21,"2.60%",-100,2.6,0.0743515414896135
2026-03-17,2025-08-21,"2.85%",-75,2.85,0.361752055995573
2026-03-17,2025-08-21,"3.10%",-50,3.1,0.434441125581152
2026-03-17,2025-08-21,"3.35%",-25,3.35,0.129455276933661
2026-03-17,2025-08-21,"3.60%",0,3.6,0
2026-03-17,2025-08-21,"3.85%",25,3.85,0
2026-03-17,2025-08-21,"4.10%",50,4.1,0
2026-03-17,2025-08-21,"4.35%",75,4.35,0
2026-03-17,2025-08-21,"4.60%",100,4.6,0
2026-03-17,2025-08-21,"4.85%",125,4.85,0
2026-03-17,2025-08-21,"5.10%",150,5.1,0
2026-03-17,2025-08-21,"5.35%",175,5.35,0
2026-03-17,2025-08-21,"5.60%",200,5.6,0
2026-03-17,2025-08-21,"5.85%",225,5.85,0
2026-03-17,2025-08-21,"6.10%",250,6.1,0
2026-03-17,2025-08-24,"0.10%",-300,0.1,0
2026-03-17,2025-08-24,"0.35%",-300,0.35,0
2026-03-17,2025-08-24,"0.60%",-300,0.6,0
2026-03-17,2025-08-24,"0.85%",-275,0.85,0
2026-03-17,2025-08-24,"1.10%",-250,1.1,0
2026-03-17,2025-08-24,"1.35%",-225,1.35,0
2026-03-17,2025-08-24,"1.60%",-200,1.6,0
2026-03-17,2025-08-24,"1.85%",-175,1.85,0
2026-03-17,2025-08-24,"2.10%",-150,2.1,0
2026-03-17,2025-08-24,"2.35%",-125,2.35,0
2026-03-17,2025-08-24,"2.60%",-100,2.6,0.0763943774158162
2026-03-17,2025-08-24,"2.85%",-75,2.85,0.361461474022543
2026-03-17,2025-08-24,"3.10%",-50,3.1,0.431528374527881
2026-03-17,2025-08-24,"3.35%",-25,3.35,0.13061577403376
2026-03-17,2025-08-24,"3.60%",0,3.6,0
2026-03-17,2025-08-24,"3.85%",25,3.85,0
2026-03-17,2025-08-24,"4.10%",50,4.1,0
2026-03-17,2025-08-24,"4.35%",75,4.35,0
2026-03-17,2025-08-24,"4.60%",100,4.6,0
2026-03-17,2025-08-24,"4.85%",125,4.85,0
2026-03-17,2025-08-24,"5.10%",150,5.1,0
2026-03-17,2025-08-24,"5.35%",175,5.35,0
2026-03-17,2025-08-24,"5.60%",200,5.6,0
2026-03-17,2025-08-24,"5.85%",225,5.85,0
2026-03-17,2025-08-24,"6.10%",250,6.1,0
2026-03-17,2025-08-25,"0.10%",-300,0.1,0
2026-03-17,2025-08-25,"0.35%",-300,0.35,0
2026-03-17,2025-08-25,"0.60%",-300,0.6,0
2026-03-17,2025-08-25,"0.85%",-275,0.85,0
2026-03-17,2025-08-25,"1.10%",-250,1.1,0
2026-03-17,2025-08-25,"1.35%",-225,1.35,0
2026-03-17,2025-08-25,"1.60%",-200,1.6,0
2026-03-17,2025-08-25,"1.85%",-175,1.85,0
2026-03-17,2025-08-25,"2.10%",-150,2.1,0
2026-03-17,2025-08-25,"2.35%",-125,2.35,0
2026-03-17,2025-08-25,"2.60%",-100,2.6,0.0766678441409012
2026-03-17,2025-08-25,"2.85%",-75,2.85,0.360266468158439
2026-03-17,2025-08-25,"3.10%",-50,3.1,0.431085715568334
2026-03-17,2025-08-25,"3.35%",-25,3.35,0.131979972132326
2026-03-17,2025-08-25,"3.60%",0,3.6,0
2026-03-17,2025-08-25,"3.85%",25,3.85,0
2026-03-17,2025-08-25,"4.10%",50,4.1,0
2026-03-17,2025-08-25,"4.35%",75,4.35,0
2026-03-17,2025-08-25,"4.60%",100,4.6,0
2026-03-17,2025-08-25,"4.85%",125,4.85,0
2026-03-17,2025-08-25,"5.10%",150,5.1,0
2026-03-17,2025-08-25,"5.35%",175,5.35,0
2026-03-17,2025-08-25,"5.60%",200,5.6,0
2026-03-17,2025-08-25,"5.85%",225,5.85,0
2026-03-17,2025-08-25,"6.10%",250,6.1,0
2026-03-17,2025-08-26,"0.10%",-300,0.1,0
2026-03-17,2025-08-26,"0.35%",-300,0.35,0
2026-03-17,2025-08-26,"0.60%",-300,0.6,0
2026-03-17,2025-08-26,"0.85%",-275,0.85,0
2026-03-17,2025-08-26,"1.10%",-250,1.1,0
2026-03-17,2025-08-26,"1.35%",-225,1.35,0
2026-03-17,2025-08-26,"1.60%",-200,1.6,0
2026-03-17,2025-08-26,"1.85%",-175,1.85,0
2026-03-17,2025-08-26,"2.10%",-150,2.1,0
2026-03-17,2025-08-26,"2.35%",-125,2.35,0
2026-03-17,2025-08-26,"2.60%",-100,2.6,0.0611654320275701
2026-03-17,2025-08-26,"2.85%",-75,2.85,0.36461876197084
2026-03-17,2025-08-26,"3.10%",-50,3.1,0.45460940462278
2026-03-17,2025-08-26,"3.35%",-25,3.35,0.11960640137881
2026-03-17,2025-08-26,"3.60%",0,3.6,0
2026-03-17,2025-08-26,"3.85%",25,3.85,0
2026-03-17,2025-08-26,"4.10%",50,4.1,0
2026-03-17,2025-08-26,"4.35%",75,4.35,0
2026-03-17,2025-08-26,"4.60%",100,4.6,0
2026-03-17,2025-08-26,"4.85%",125,4.85,0
2026-03-17,2025-08-26,"5.10%",150,5.1,0
2026-03-17,2025-08-26,"5.35%",175,5.35,0
2026-03-17,2025-08-26,"5.60%",200,5.6,0
2026-03-17,2025-08-26,"5.85%",225,5.85,0
2026-03-17,2025-08-26,"6.10%",250,6.1,0
2026-03-17,2025-08-27,"0.10%",-300,0.1,0
2026-03-17,2025-08-27,"0.35%",-300,0.35,0
2026-03-17,2025-08-27,"0.60%",-300,0.6,0
2026-03-17,2025-08-27,"0.85%",-275,0.85,0
2026-03-17,2025-08-27,"1.10%",-250,1.1,0
2026-03-17,2025-08-27,"1.35%",-225,1.35,0
2026-03-17,2025-08-27,"1.60%",-200,1.6,0
2026-03-17,2025-08-27,"1.85%",-175,1.85,0
2026-03-17,2025-08-27,"2.10%",-150,2.1,0
2026-03-17,2025-08-27,"2.35%",-125,2.35,0
2026-03-17,2025-08-27,"2.60%",-100,2.6,0.0494539924480862
2026-03-17,2025-08-27,"2.85%",-75,2.85,0.369490240023458
2026-03-17,2025-08-27,"3.10%",-50,3.1,0.474680383767171
2026-03-17,2025-08-27,"3.35%",-25,3.35,0.106375383761285
2026-03-17,2025-08-27,"3.60%",0,3.6,0
2026-03-17,2025-08-27,"3.85%",25,3.85,0
2026-03-17,2025-08-27,"4.10%",50,4.1,0
2026-03-17,2025-08-27,"4.35%",75,4.35,0
2026-03-17,2025-08-27,"4.60%",100,4.6,0
2026-03-17,2025-08-27,"4.85%",125,4.85,0
2026-03-17,2025-08-27,"5.10%",150,5.1,0
2026-03-17,2025-08-27,"5.35%",175,5.35,0
2026-03-17,2025-08-27,"5.60%",200,5.6,0
2026-03-17,2025-08-27,"5.85%",225,5.85,0
2026-03-17,2025-08-27,"6.10%",250,6.1,0
2026-03-17,2025-08-28,"0.10%",-300,0.1,0
2026-03-17,2025-08-28,"0.35%",-300,0.35,0
2026-03-17,2025-08-28,"0.60%",-300,0.6,0
2026-03-17,2025-08-28,"0.85%",-275,0.85,0
2026-03-17,2025-08-28,"1.10%",-250,1.1,0
2026-03-17,2025-08-28,"1.35%",-225,1.35,0
2026-03-17,2025-08-28,"1.60%",-200,1.6,0
2026-03-17,2025-08-28,"1.85%",-175,1.85,0
2026-03-17,2025-08-28,"2.10%",-150,2.1,0
2026-03-17,2025-08-28,"2.35%",-125,2.35,0
2026-03-17,2025-08-28,"2.60%",-100,2.6,0.0519041206682769
2026-03-17,2025-08-28,"2.85%",-75,2.85,0.368349991594972
2026-03-17,2025-08-28,"3.10%",-50,3.1,0.470303273800765
2026-03-17,2025-08-28,"3.35%",-25,3.35,0.109442613935986
2026-03-17,2025-08-28,"3.60%",0,3.6,0
2026-03-17,2025-08-28,"3.85%",25,3.85,0
2026-03-17,2025-08-28,"4.10%",50,4.1,0
2026-03-17,2025-08-28,"4.35%",75,4.35,0
2026-03-17,2025-08-28,"4.60%",100,4.6,0
2026-03-17,2025-08-28,"4.85%",125,4.85,0
2026-03-17,2025-08-28,"5.10%",150,5.1,0
2026-03-17,2025-08-28,"5.35%",175,5.35,0
2026-03-17,2025-08-28,"5.60%",200,5.6,0
2026-03-17,2025-08-28,"5.85%",225,5.85,0
2026-03-17,2025-08-28,"6.10%",250,6.1,0
2026-03-17,2025-08-31,"0.10%",-300,0.1,0
2026-03-17,2025-08-31,"0.35%",-300,0.35,0
2026-03-17,2025-08-31,"0.60%",-300,0.6,0
2026-03-17,2025-08-31,"0.85%",-275,0.85,0
2026-03-17,2025-08-31,"1.10%",-250,1.1,0
2026-03-17,2025-08-31,"1.35%",-225,1.35,0
2026-03-17,2025-08-31,"1.60%",-200,1.6,0
2026-03-17,2025-08-31,"1.85%",-175,1.85,0
2026-03-17,2025-08-31,"2.10%",-150,2.1,0
2026-03-17,2025-08-31,"2.35%",-125,2.35,0
2026-03-17,2025-08-31,"2.60%",-100,2.6,0.0690665372644313
2026-03-17,2025-08-31,"2.85%",-75,2.85,0.360327221570095
2026-03-17,2025-08-31,"3.10%",-50,3.1,0.44215894293266
2026-03-17,2025-08-31,"3.35%",-25,3.35,0.128447298232814
2026-03-17,2025-08-31,"3.60%",0,3.6,0
2026-03-17,2025-08-31,"3.85%",25,3.85,0
2026-03-17,2025-08-31,"4.10%",50,4.1,0
2026-03-17,2025-08-31,"4.35%",75,4.35,0
2026-03-17,2025-08-31,"4.60%",100,4.6,0
2026-03-17,2025-08-31,"4.85%",125,4.85,0
2026-03-17,2025-08-31,"5.10%",150,5.1,0
2026-03-17,2025-08-31,"5.35%",175,5.35,0
2026-03-17,2025-08-31,"5.60%",200,5.6,0
2026-03-17,2025-08-31,"5.85%",225,5.85,0
2026-03-17,2025-08-31,"6.10%",250,6.1,0
2026-03-17,2025-09-01,"0.10%",-300,0.1,0
2026-03-17,2025-09-01,"0.35%",-300,0.35,0
2026-03-17,2025-09-01,"0.60%",-300,0.6,0
2026-03-17,2025-09-01,"0.85%",-275,0.85,0
2026-03-17,2025-09-01,"1.10%",-250,1.1,0
2026-03-17,2025-09-01,"1.35%",-225,1.35,0
2026-03-17,2025-09-01,"1.60%",-200,1.6,0
2026-03-17,2025-09-01,"1.85%",-175,1.85,0
2026-03-17,2025-09-01,"2.10%",-150,2.1,0
2026-03-17,2025-09-01,"2.35%",-125,2.35,0
2026-03-17,2025-09-01,"2.60%",-100,2.6,0.0723807187147125
2026-03-17,2025-09-01,"2.85%",-75,2.85,0.356353028302295
2026-03-17,2025-09-01,"3.10%",-50,3.1,0.437010593517138
2026-03-17,2025-09-01,"3.35%",-25,3.35,0.134255659465854
2026-03-17,2025-09-01,"3.60%",0,3.6,0
2026-03-17,2025-09-01,"3.85%",25,3.85,0
2026-03-17,2025-09-01,"4.10%",50,4.1,0
2026-03-17,2025-09-01,"4.35%",75,4.35,0
2026-03-17,2025-09-01,"4.60%",100,4.6,0
2026-03-17,2025-09-01,"4.85%",125,4.85,0
2026-03-17,2025-09-01,"5.10%",150,5.1,0
2026-03-17,2025-09-01,"5.35%",175,5.35,0
2026-03-17,2025-09-01,"5.60%",200,5.6,0
2026-03-17,2025-09-01,"5.85%",225,5.85,0
2026-03-17,2025-09-01,"6.10%",250,6.1,0
2026-03-17,2025-09-02,"0.10%",-300,0.1,0
2026-03-17,2025-09-02,"0.35%",-300,0.35,0
2026-03-17,2025-09-02,"0.60%",-300,0.6,0
2026-03-17,2025-09-02,"0.85%",-275,0.85,0
2026-03-17,2025-09-02,"1.10%",-250,1.1,0
2026-03-17,2025-09-02,"1.35%",-225,1.35,0
2026-03-17,2025-09-02,"1.60%",-200,1.6,0
2026-03-17,2025-09-02,"1.85%",-175,1.85,0
2026-03-17,2025-09-02,"2.10%",-150,2.1,0
2026-03-17,2025-09-02,"2.35%",-125,2.35,0
2026-03-17,2025-09-02,"2.60%",-100,2.6,0.0612224517692067
2026-03-17,2025-09-02,"2.85%",-75,2.85,0.355130291512497
2026-03-17,2025-09-02,"3.10%",-50,3.1,0.454319725789337
2026-03-17,2025-09-02,"3.35%",-25,3.35,0.129327530928959
2026-03-17,2025-09-02,"3.60%",0,3.6,0
2026-03-17,2025-09-02,"3.85%",25,3.85,0
2026-03-17,2025-09-02,"4.10%",50,4.1,0
2026-03-17,2025-09-02,"4.35%",75,4.35,0
2026-03-17,2025-09-02,"4.60%",100,4.6,0
2026-03-17,2025-09-02,"4.85%",125,4.85,0
2026-03-17,2025-09-02,"5.10%",150,5.1,0
2026-03-17,2025-09-02,"5.35%",175,5.35,0
2026-03-17,2025-09-02,"5.60%",200,5.6,0
2026-03-17,2025-09-02,"5.85%",225,5.85,0
2026-03-17,2025-09-02,"6.10%",250,6.1,0
2026-03-17,2025-09-03,"0.10%",-300,0.1,0
2026-03-17,2025-09-03,"0.35%",-300,0.35,0
2026-03-17,2025-09-03,"0.60%",-300,0.6,0
2026-03-17,2025-09-03,"0.85%",-275,0.85,0
2026-03-17,2025-09-03,"1.10%",-250,1.1,0
2026-03-17,2025-09-03,"1.35%",-225,1.35,0
2026-03-17,2025-09-03,"1.60%",-200,1.6,0
2026-03-17,2025-09-03,"1.85%",-175,1.85,0
2026-03-17,2025-09-03,"2.10%",-150,2.1,0
2026-03-17,2025-09-03,"2.35%",-125,2.35,0
2026-03-17,2025-09-03,"2.60%",-100,2.6,0.151680339271239
2026-03-17,2025-09-03,"2.85%",-75,2.85,0.477722634296437
2026-03-17,2025-09-03,"3.10%",-50,3.1,0.323985083382304
2026-03-17,2025-09-03,"3.35%",-25,3.35,0.0466119430500206
2026-03-17,2025-09-03,"3.60%",0,3.6,0
2026-03-17,2025-09-03,"3.85%",25,3.85,0
2026-03-17,2025-09-03,"4.10%",50,4.1,0
2026-03-17,2025-09-03,"4.35%",75,4.35,0
2026-03-17,2025-09-03,"4.60%",100,4.6,0
2026-03-17,2025-09-03,"4.85%",125,4.85,0
2026-03-17,2025-09-03,"5.10%",150,5.1,0
2026-03-17,2025-09-03,"5.35%",175,5.35,0
2026-03-17,2025-09-03,"5.60%",200,5.6,0
2026-03-17,2025-09-03,"5.85%",225,5.85,0
2026-03-17,2025-09-03,"6.10%",250,6.1,0
2026-03-17,2025-09-04,"0.10%",-300,0.1,0
2026-03-17,2025-09-04,"0.35%",-300,0.35,0
2026-03-17,2025-09-04,"0.60%",-300,0.6,0
2026-03-17,2025-09-04,"0.85%",-275,0.85,0
2026-03-17,2025-09-04,"1.10%",-250,1.1,0
2026-03-17,2025-09-04,"1.35%",-225,1.35,0
2026-03-17,2025-09-04,"1.60%",-200,1.6,0
2026-03-17,2025-09-04,"1.85%",-175,1.85,0
2026-03-17,2025-09-04,"2.10%",-150,2.1,0
2026-03-17,2025-09-04,"2.35%",-125,2.35,0
2026-03-17,2025-09-04,"2.60%",-100,2.6,0.127473100712195
2026-03-17,2025-09-04,"2.85%",-75,2.85,0.517994045413188
2026-03-17,2025-09-04,"3.10%",-50,3.1,0.324274779276881
2026-03-17,2025-09-04,"3.35%",-25,3.35,0.0302580745977359
2026-03-17,2025-09-04,"3.60%",0,3.6,0
2026-03-17,2025-09-04,"3.85%",25,3.85,0
2026-03-17,2025-09-04,"4.10%",50,4.1,0
2026-03-17,2025-09-04,"4.35%",75,4.35,0
2026-03-17,2025-09-04,"4.60%",100,4.6,0
2026-03-17,2025-09-04,"4.85%",125,4.85,0
2026-03-17,2025-09-04,"5.10%",150,5.1,0
2026-03-17,2025-09-04,"5.35%",175,5.35,0
2026-03-17,2025-09-04,"5.60%",200,5.6,0
2026-03-17,2025-09-04,"5.85%",225,5.85,0
2026-03-17,2025-09-04,"6.10%",250,6.1,0
2026-03-17,2025-09-07,"0.10%",-300,0.1,0
2026-03-17,2025-09-07,"0.35%",-300,0.35,0
2026-03-17,2025-09-07,"0.60%",-300,0.6,0
2026-03-17,2025-09-07,"0.85%",-275,0.85,0
2026-03-17,2025-09-07,"1.10%",-250,1.1,0
2026-03-17,2025-09-07,"1.35%",-225,1.35,0
2026-03-17,2025-09-07,"1.60%",-200,1.6,0
2026-03-17,2025-09-07,"1.85%",-175,1.85,0
2026-03-17,2025-09-07,"2.10%",-150,2.1,0
2026-03-17,2025-09-07,"2.35%",-125,2.35,0
2026-03-17,2025-09-07,"2.60%",-100,2.6,0.111612406290282
2026-03-17,2025-09-07,"2.85%",-75,2.85,0.553237749199299
2026-03-17,2025-09-07,"3.10%",-50,3.1,0.315650107080442
2026-03-17,2025-09-07,"3.35%",-25,3.35,0.019499737429977
2026-03-17,2025-09-07,"3.60%",0,3.6,0
2026-03-17,2025-09-07,"3.85%",25,3.85,0
2026-03-17,2025-09-07,"4.10%",50,4.1,0
2026-03-17,2025-09-07,"4.35%",75,4.35,0
2026-03-17,2025-09-07,"4.60%",100,4.6,0
2026-03-17,2025-09-07,"4.85%",125,4.85,0
2026-03-17,2025-09-07,"5.10%",150,5.1,0
2026-03-17,2025-09-07,"5.35%",175,5.35,0
2026-03-17,2025-09-07,"5.60%",200,5.6,0
2026-03-17,2025-09-07,"5.85%",225,5.85,0
2026-03-17,2025-09-07,"6.10%",250,6.1,0
2026-03-17,2025-09-08,"0.10%",-300,0.1,0
2026-03-17,2025-09-08,"0.35%",-300,0.35,0
2026-03-17,2025-09-08,"0.60%",-300,0.6,0
2026-03-17,2025-09-08,"0.85%",-275,0.85,0
2026-03-17,2025-09-08,"1.10%",-250,1.1,0
2026-03-17,2025-09-08,"1.35%",-225,1.35,0
2026-03-17,2025-09-08,"1.60%",-200,1.6,0
2026-03-17,2025-09-08,"1.85%",-175,1.85,0
2026-03-17,2025-09-08,"2.10%",-150,2.1,0
2026-03-17,2025-09-08,"2.35%",-125,2.35,0
2026-03-17,2025-09-08,"2.60%",-100,2.6,0.0779667149563848
2026-03-17,2025-09-08,"2.85%",-75,2.85,0.529995206198613
2026-03-17,2025-09-08,"3.10%",-50,3.1,0.367286804832953
2026-03-17,2025-09-08,"3.35%",-25,3.35,0.0247512740120484
2026-03-17,2025-09-08,"3.60%",0,3.6,0
2026-03-17,2025-09-08,"3.85%",25,3.85,0
2026-03-17,2025-09-08,"4.10%",50,4.1,0
2026-03-17,2025-09-08,"4.35%",75,4.35,0
2026-03-17,2025-09-08,"4.60%",100,4.6,0
2026-03-17,2025-09-08,"4.85%",125,4.85,0
2026-03-17,2025-09-08,"5.10%",150,5.1,0
2026-03-17,2025-09-08,"5.35%",175,5.35,0
2026-03-17,2025-09-08,"5.60%",200,5.6,0
2026-03-17,2025-09-08,"5.85%",225,5.85,0
2026-03-17,2025-09-08,"6.10%",250,6.1,0
2026-03-17,2025-09-09,"0.10%",-300,0.1,0
2026-03-17,2025-09-09,"0.35%",-300,0.35,0
2026-03-17,2025-09-09,"0.60%",-300,0.6,0
2026-03-17,2025-09-09,"0.85%",-275,0.85,0
2026-03-17,2025-09-09,"1.10%",-250,1.1,0
2026-03-17,2025-09-09,"1.35%",-225,1.35,0
2026-03-17,2025-09-09,"1.60%",-200,1.6,0
2026-03-17,2025-09-09,"1.85%",-175,1.85,0
2026-03-17,2025-09-09,"2.10%",-150,2.1,0
2026-03-17,2025-09-09,"2.35%",-125,2.35,0
2026-03-17,2025-09-09,"2.60%",-100,2.6,0.134765942832429
2026-03-17,2025-09-09,"2.85%",-75,2.85,0.447720516250571
2026-03-17,2025-09-09,"3.10%",-50,3.1,0.352331722165982
2026-03-17,2025-09-09,"3.35%",-25,3.35,0.0651818187510181
2026-03-17,2025-09-09,"3.60%",0,3.6,0
2026-03-17,2025-09-09,"3.85%",25,3.85,0
2026-03-17,2025-09-09,"4.10%",50,4.1,0
2026-03-17,2025-09-09,"4.35%",75,4.35,0
2026-03-17,2025-09-09,"4.60%",100,4.6,0
2026-03-17,2025-09-09,"4.85%",125,4.85,0
2026-03-17,2025-09-09,"5.10%",150,5.1,0
2026-03-17,2025-09-09,"5.35%",175,5.35,0
2026-03-17,2025-09-09,"5.60%",200,5.6,0
2026-03-17,2025-09-09,"5.85%",225,5.85,0
2026-03-17,2025-09-09,"6.10%",250,6.1,0
2026-03-17,2025-09-10,"0.10%",-300,0.1,0
2026-03-17,2025-09-10,"0.35%",-300,0.35,0
2026-03-17,2025-09-10,"0.60%",-300,0.6,0
2026-03-17,2025-09-10,"0.85%",-275,0.85,0
2026-03-17,2025-09-10,"1.10%",-250,1.1,0
2026-03-17,2025-09-10,"1.35%",-225,1.35,0
2026-03-17,2025-09-10,"1.60%",-200,1.6,0
2026-03-17,2025-09-10,"1.85%",-175,1.85,0
2026-03-17,2025-09-10,"2.10%",-150,2.1,0
2026-03-17,2025-09-10,"2.35%",-125,2.35,0
2026-03-17,2025-09-10,"2.60%",-100,2.6,0.0248553812624355
2026-03-17,2025-09-10,"2.85%",-75,2.85,0.185873975404376
2026-03-17,2025-09-10,"3.10%",-50,3.1,0.424402437293134
2026-03-17,2025-09-10,"3.35%",-25,3.35,0.299753689704399
2026-03-17,2025-09-10,"3.60%",0,3.6,0.065114516335655
2026-03-17,2025-09-10,"3.85%",25,3.85,0
2026-03-17,2025-09-10,"4.10%",50,4.1,0
2026-03-17,2025-09-10,"4.35%",75,4.35,0
2026-03-17,2025-09-10,"4.60%",100,4.6,0
2026-03-17,2025-09-10,"4.85%",125,4.85,0
2026-03-17,2025-09-10,"5.10%",150,5.1,0
2026-03-17,2025-09-10,"5.35%",175,5.35,0
2026-03-17,2025-09-10,"5.60%",200,5.6,0
2026-03-17,2025-09-10,"5.85%",225,5.85,0
2026-03-17,2025-09-10,"6.10%",250,6.1,0
2026-03-17,2025-09-11,"0.10%",-300,0.1,0
2026-03-17,2025-09-11,"0.35%",-300,0.35,0
2026-03-17,2025-09-11,"0.60%",-300,0.6,0
2026-03-17,2025-09-11,"0.85%",-275,0.85,0
2026-03-17,2025-09-11,"1.10%",-250,1.1,0
2026-03-17,2025-09-11,"1.35%",-225,1.35,0
2026-03-17,2025-09-11,"1.60%",-200,1.6,0
2026-03-17,2025-09-11,"1.85%",-175,1.85,0
2026-03-17,2025-09-11,"2.10%",-150,2.1,0
2026-03-17,2025-09-11,"2.35%",-125,2.35,0
2026-03-17,2025-09-11,"2.60%",-100,2.6,0.0194246418209168
2026-03-17,2025-09-11,"2.85%",-75,2.85,0.177950569186928
2026-03-17,2025-09-11,"3.10%",-50,3.1,0.44205456601125
2026-03-17,2025-09-11,"3.35%",-25,3.35,0.303471918870219
2026-03-17,2025-09-11,"3.60%",0,3.6,0.057098304110687
2026-03-17,2025-09-11,"3.85%",25,3.85,0
2026-03-17,2025-09-11,"4.10%",50,4.1,0
2026-03-17,2025-09-11,"4.35%",75,4.35,0
2026-03-17,2025-09-11,"4.60%",100,4.6,0
2026-03-17,2025-09-11,"4.85%",125,4.85,0
2026-03-17,2025-09-11,"5.10%",150,5.1,0
2026-03-17,2025-09-11,"5.35%",175,5.35,0
2026-03-17,2025-09-11,"5.60%",200,5.6,0
2026-03-17,2025-09-11,"5.85%",225,5.85,0
2026-03-17,2025-09-11,"6.10%",250,6.1,0
2026-03-17,2025-09-12,"0.10%",-300,0.1,0
2026-03-17,2025-09-12,"0.35%",-300,0.35,0
2026-03-17,2025-09-12,"0.60%",-300,0.6,0
2026-03-17,2025-09-12,"0.85%",-275,0.85,0
2026-03-17,2025-09-12,"1.10%",-250,1.1,0
2026-03-17,2025-09-12,"1.35%",-225,1.35,0
2026-03-17,2025-09-12,"1.60%",-200,1.6,0
2026-03-17,2025-09-12,"1.85%",-175,1.85,0
2026-03-17,2025-09-12,"2.10%",-150,2.1,0
2026-03-17,2025-09-12,"2.35%",-125,2.35,0
2026-03-17,2025-09-12,"2.60%",-100,2.6,0.0153335562484151
2026-03-17,2025-09-12,"2.85%",-75,2.85,0.170877217882233
2026-03-17,2025-09-12,"3.10%",-50,3.1,0.459013441172886
2026-03-17,2025-09-12,"3.35%",-25,3.35,0.305151192569347
2026-03-17,2025-09-12,"3.60%",0,3.6,0.0496245921271184
2026-03-17,2025-09-12,"3.85%",25,3.85,0
2026-03-17,2025-09-12,"4.10%",50,4.1,0
2026-03-17,2025-09-12,"4.35%",75,4.35,0
2026-03-17,2025-09-12,"4.60%",100,4.6,0
2026-03-17,2025-09-12,"4.85%",125,4.85,0
2026-03-17,2025-09-12,"5.10%",150,5.1,0
2026-03-17,2025-09-12,"5.35%",175,5.35,0
2026-03-17,2025-09-12,"5.60%",200,5.6,0
2026-03-17,2025-09-12,"5.85%",225,5.85,0
2026-03-17,2025-09-12,"6.10%",250,6.1,0
2026-03-17,2025-09-14,"0.10%",-300,0.1,0
2026-03-17,2025-09-14,"0.35%",-300,0.35,0
2026-03-17,2025-09-14,"0.60%",-300,0.6,0
2026-03-17,2025-09-14,"0.85%",-275,0.85,0
2026-03-17,2025-09-14,"1.10%",-250,1.1,0
2026-03-17,2025-09-14,"1.35%",-225,1.35,0
2026-03-17,2025-09-14,"1.60%",-200,1.6,0
2026-03-17,2025-09-14,"1.85%",-175,1.85,0
2026-03-17,2025-09-14,"2.10%",-150,2.1,0.0137373063880045
2026-03-17,2025-09-14,"2.35%",-125,2.35,0.0444422024663089
2026-03-17,2025-09-14,"2.60%",-100,2.6,0.104751306087008
2026-03-17,2025-09-14,"2.85%",-75,2.85,0.179925397775969
2026-03-17,2025-09-14,"3.10%",-50,3.1,0.225247284415679
2026-03-17,2025-09-14,"3.35%",-25,3.35,0.205536152320851
2026-03-17,2025-09-14,"3.60%",0,3.6,0.136699585761426
2026-03-17,2025-09-14,"3.85%",25,3.85,0.0662593306341478
2026-03-17,2025-09-14,"4.10%",50,4.1,0.0234014341506056
2026-03-17,2025-09-14,"4.35%",75,4.35,0
2026-03-17,2025-09-14,"4.60%",100,4.6,0
2026-03-17,2025-09-14,"4.85%",125,4.85,0
2026-03-17,2025-09-14,"5.10%",150,5.1,0
2026-03-17,2025-09-14,"5.35%",175,5.35,0
2026-03-17,2025-09-14,"5.60%",200,5.6,0
2026-03-17,2025-09-14,"5.85%",225,5.85,0
2026-03-17,2025-09-14,"6.10%",250,6.1,0
2026-03-17,2025-09-15,"0.10%",-300,0.1,0
2026-03-17,2025-09-15,"0.35%",-300,0.35,0
2026-03-17,2025-09-15,"0.60%",-300,0.6,0
2026-03-17,2025-09-15,"0.85%",-275,0.85,0
2026-03-17,2025-09-15,"1.10%",-250,1.1,0
2026-03-17,2025-09-15,"1.35%",-225,1.35,0
2026-03-17,2025-09-15,"1.60%",-200,1.6,0
2026-03-17,2025-09-15,"1.85%",-175,1.85,0.0121190788861408
2026-03-17,2025-09-15,"2.10%",-150,2.1,0.0307753692522172
2026-03-17,2025-09-15,"2.35%",-125,2.35,0.0641801296947203
2026-03-17,2025-09-15,"2.60%",-100,2.6,0.109921308599185
2026-03-17,2025-09-15,"2.85%",-75,2.85,0.154618819288311
2026-03-17,2025-09-15,"3.10%",-50,3.1,0.178628906809695
2026-03-17,2025-09-15,"3.35%",-25,3.35,0.169493955758575
2026-03-17,2025-09-15,"3.60%",0,3.6,0.132089489733444
2026-03-17,2025-09-15,"3.85%",25,3.85,0.0845447638707117
2026-03-17,2025-09-15,"4.10%",50,4.1,0.0444423375186949
2026-03-17,2025-09-15,"4.35%",75,4.35,0.0191858405883048
2026-03-17,2025-09-15,"4.60%",100,4.6,0
2026-03-17,2025-09-15,"4.85%",125,4.85,0
2026-03-17,2025-09-15,"5.10%",150,5.1,0
2026-03-17,2025-09-15,"5.35%",175,5.35,0
2026-03-17,2025-09-15,"5.60%",200,5.6,0
2026-03-17,2025-09-15,"5.85%",225,5.85,0
2026-03-17,2025-09-15,"6.10%",250,6.1,0
2026-03-17,2025-09-16,"0.10%",-300,0.1,0
2026-03-17,2025-09-16,"0.35%",-300,0.35,0
2026-03-17,2025-09-16,"0.60%",-300,0.6,0
2026-03-17,2025-09-16,"0.85%",-275,0.85,0
2026-03-17,2025-09-16,"1.10%",-250,1.1,0
2026-03-17,2025-09-16,"1.35%",-225,1.35,0
2026-03-17,2025-09-16,"1.60%",-200,1.6,0
2026-03-17,2025-09-16,"1.85%",-175,1.85,0
2026-03-17,2025-09-16,"2.10%",-150,2.1,0
2026-03-17,2025-09-16,"2.35%",-125,2.35,0
2026-03-17,2025-09-16,"2.60%",-100,2.6,0
2026-03-17,2025-09-16,"2.85%",-75,2.85,0.135931140478232
2026-03-17,2025-09-16,"3.10%",-50,3.1,0.534257372612579
2026-03-17,2025-09-16,"3.35%",-25,3.35,0.30547279913129
2026-03-17,2025-09-16,"3.60%",0,3.6,0.0243386877778988
2026-03-17,2025-09-16,"3.85%",25,3.85,0
2026-03-17,2025-09-16,"4.10%",50,4.1,0
2026-03-17,2025-09-16,"4.35%",75,4.35,0
2026-03-17,2025-09-16,"4.60%",100,4.6,0
2026-03-17,2025-09-16,"4.85%",125,4.85,0
2026-03-17,2025-09-16,"5.10%",150,5.1,0
2026-03-17,2025-09-16,"5.35%",175,5.35,0
2026-03-17,2025-09-16,"5.60%",200,5.6,0
2026-03-17,2025-09-16,"5.85%",225,5.85,0
2026-03-17,2025-09-16,"6.10%",250,6.1,0
2026-03-17,2025-09-17,"0.10%",-300,0.1,0
2026-03-17,2025-09-17,"0.35%",-300,0.35,0
2026-03-17,2025-09-17,"0.60%",-300,0.6,0
2026-03-17,2025-09-17,"0.85%",-275,0.85,0
2026-03-17,2025-09-17,"1.10%",-250,1.1,0
2026-03-17,2025-09-17,"1.35%",-225,1.35,0
2026-03-17,2025-09-17,"1.60%",-200,1.6,0
2026-03-17,2025-09-17,"1.85%",-175,1.85,0
2026-03-17,2025-09-17,"2.10%",-150,2.1,0
2026-03-17,2025-09-17,"2.35%",-125,2.35,0
2026-03-17,2025-09-17,"2.60%",-100,2.6,0
2026-03-17,2025-09-17,"2.85%",-75,2.85,0.12758894256592
2026-03-17,2025-09-17,"3.10%",-50,3.1,0.483497078778758
2026-03-17,2025-09-17,"3.35%",-25,3.35,0.343815039099145
2026-03-17,2025-09-17,"3.60%",0,3.6,0.0450989395561768
2026-03-17,2025-09-17,"3.85%",25,3.85,0
2026-03-17,2025-09-17,"4.10%",50,4.1,0
2026-03-17,2025-09-17,"4.35%",75,4.35,0
2026-03-17,2025-09-17,"4.60%",100,4.6,0
2026-03-17,2025-09-17,"4.85%",125,4.85,0
2026-03-17,2025-09-17,"5.10%",150,5.1,0
2026-03-17,2025-09-17,"5.35%",175,5.35,0
2026-03-17,2025-09-17,"5.60%",200,5.6,0
2026-03-17,2025-09-17,"5.85%",225,5.85,0
2026-03-17,2025-09-17,"6.10%",250,6.1,0
2026-03-17,2025-09-18,"0.10%",-300,0.1,0
2026-03-17,2025-09-18,"0.35%",-300,0.35,0
2026-03-17,2025-09-18,"0.60%",-300,0.6,0
2026-03-17,2025-09-18,"0.85%",-275,0.85,0
2026-03-17,2025-09-18,"1.10%",-250,1.1,0
2026-03-17,2025-09-18,"1.35%",-225,1.35,0
2026-03-17,2025-09-18,"1.60%",-200,1.6,0
2026-03-17,2025-09-18,"1.85%",-175,1.85,0
2026-03-17,2025-09-18,"2.10%",-150,2.1,0
2026-03-17,2025-09-18,"2.35%",-125,2.35,0
2026-03-17,2025-09-18,"2.60%",-100,2.6,0
2026-03-17,2025-09-18,"2.85%",-75,2.85,0.112013319157622
2026-03-17,2025-09-18,"3.10%",-50,3.1,0.50643327989302
2026-03-17,2025-09-18,"3.35%",-25,3.35,0.346617562002855
2026-03-17,2025-09-18,"3.60%",0,3.6,0.0349358389465021
2026-03-17,2025-09-18,"3.85%",25,3.85,0
2026-03-17,2025-09-18,"4.10%",50,4.1,0
2026-03-17,2025-09-18,"4.35%",75,4.35,0
2026-03-17,2025-09-18,"4.60%",100,4.6,0
2026-03-17,2025-09-18,"4.85%",125,4.85,0
2026-03-17,2025-09-18,"5.10%",150,5.1,0
2026-03-17,2025-09-18,"5.35%",175,5.35,0
2026-03-17,2025-09-18,"5.60%",200,5.6,0
2026-03-17,2025-09-18,"5.85%",225,5.85,0
2026-03-17,2025-09-18,"6.10%",250,6.1,0
2026-03-17,2025-09-21,"0.10%",-300,0.1,0
2026-03-17,2025-09-21,"0.35%",-300,0.35,0
2026-03-17,2025-09-21,"0.60%",-300,0.6,0
2026-03-17,2025-09-21,"0.85%",-275,0.85,0
2026-03-17,2025-09-21,"1.10%",-250,1.1,0
2026-03-17,2025-09-21,"1.35%",-225,1.35,0
2026-03-17,2025-09-21,"1.60%",-200,1.6,0
2026-03-17,2025-09-21,"1.85%",-175,1.85,0
2026-03-17,2025-09-21,"2.10%",-150,2.1,0
2026-03-17,2025-09-21,"2.35%",-125,2.35,0
2026-03-17,2025-09-21,"2.60%",-100,2.6,0.0145181216423428
2026-03-17,2025-09-21,"2.85%",-75,2.85,0.15215454238961
2026-03-17,2025-09-21,"3.10%",-50,3.1,0.42934306518013
2026-03-17,2025-09-21,"3.35%",-25,3.35,0.333241558556727
2026-03-17,2025-09-21,"3.60%",0,3.6,0.0707427122311916
2026-03-17,2025-09-21,"3.85%",25,3.85,0
2026-03-17,2025-09-21,"4.10%",50,4.1,0
2026-03-17,2025-09-21,"4.35%",75,4.35,0
2026-03-17,2025-09-21,"4.60%",100,4.6,0
2026-03-17,2025-09-21,"4.85%",125,4.85,0
2026-03-17,2025-09-21,"5.10%",150,5.1,0
2026-03-17,2025-09-21,"5.35%",175,5.35,0
2026-03-17,2025-09-21,"5.60%",200,5.6,0
2026-03-17,2025-09-21,"5.85%",225,5.85,0
2026-03-17,2025-09-21,"6.10%",250,6.1,0
2026-03-17,2025-09-22,"0.10%",-300,0.1,0
2026-03-17,2025-09-22,"0.35%",-300,0.35,0
2026-03-17,2025-09-22,"0.60%",-300,0.6,0
2026-03-17,2025-09-22,"0.85%",-275,0.85,0
2026-03-17,2025-09-22,"1.10%",-250,1.1,0
2026-03-17,2025-09-22,"1.35%",-225,1.35,0
2026-03-17,2025-09-22,"1.60%",-200,1.6,0
2026-03-17,2025-09-22,"1.85%",-175,1.85,0
2026-03-17,2025-09-22,"2.10%",-150,2.1,0
2026-03-17,2025-09-22,"2.35%",-125,2.35,0
2026-03-17,2025-09-22,"2.60%",-100,2.6,0.0228197983637866
2026-03-17,2025-09-22,"2.85%",-75,2.85,0.164979111270858
2026-03-17,2025-09-22,"3.10%",-50,3.1,0.398348794756316
2026-03-17,2025-09-22,"3.35%",-25,3.35,0.324723107859596
2026-03-17,2025-09-22,"3.60%",0,3.6,0.0891291877494435
2026-03-17,2025-09-22,"3.85%",25,3.85,0
2026-03-17,2025-09-22,"4.10%",50,4.1,0
2026-03-17,2025-09-22,"4.35%",75,4.35,0
2026-03-17,2025-09-22,"4.60%",100,4.6,0
2026-03-17,2025-09-22,"4.85%",125,4.85,0
2026-03-17,2025-09-22,"5.10%",150,5.1,0
2026-03-17,2025-09-22,"5.35%",175,5.35,0
2026-03-17,2025-09-22,"5.60%",200,5.6,0
2026-03-17,2025-09-22,"5.85%",225,5.85,0
2026-03-17,2025-09-22,"6.10%",250,6.1,0
2026-03-17,2025-09-23,"0.10%",-300,0.1,0
2026-03-17,2025-09-23,"0.35%",-300,0.35,0
2026-03-17,2025-09-23,"0.60%",-300,0.6,0
2026-03-17,2025-09-23,"0.85%",-275,0.85,0
2026-03-17,2025-09-23,"1.10%",-250,1.1,0
2026-03-17,2025-09-23,"1.35%",-225,1.35,0
2026-03-17,2025-09-23,"1.60%",-200,1.6,0
2026-03-17,2025-09-23,"1.85%",-175,1.85,0
2026-03-17,2025-09-23,"2.10%",-150,2.1,0
2026-03-17,2025-09-23,"2.35%",-125,2.35,0
2026-03-17,2025-09-23,"2.60%",-100,2.6,0.0850659300978408
2026-03-17,2025-09-23,"2.85%",-75,2.85,0.366788884030011
2026-03-17,2025-09-23,"3.10%",-50,3.1,0.420003288059851
2026-03-17,2025-09-23,"3.35%",-25,3.35,0.128141897812297
2026-03-17,2025-09-23,"3.60%",0,3.6,0
2026-03-17,2025-09-23,"3.85%",25,3.85,0
2026-03-17,2025-09-23,"4.10%",50,4.1,0
2026-03-17,2025-09-23,"4.35%",75,4.35,0
2026-03-17,2025-09-23,"4.60%",100,4.6,0
2026-03-17,2025-09-23,"4.85%",125,4.85,0
2026-03-17,2025-09-23,"5.10%",150,5.1,0
2026-03-17,2025-09-23,"5.35%",175,5.35,0
2026-03-17,2025-09-23,"5.60%",200,5.6,0
2026-03-17,2025-09-23,"5.85%",225,5.85,0
2026-03-17,2025-09-23,"6.10%",250,6.1,0
2026-03-17,2025-09-24,"0.10%",-300,0.1,0
2026-03-17,2025-09-24,"0.35%",-300,0.35,0
2026-03-17,2025-09-24,"0.60%",-300,0.6,0
2026-03-17,2025-09-24,"0.85%",-275,0.85,0
2026-03-17,2025-09-24,"1.10%",-250,1.1,0
2026-03-17,2025-09-24,"1.35%",-225,1.35,0
2026-03-17,2025-09-24,"1.60%",-200,1.6,0
2026-03-17,2025-09-24,"1.85%",-175,1.85,0
2026-03-17,2025-09-24,"2.10%",-150,2.1,0
2026-03-17,2025-09-24,"2.35%",-125,2.35,0
2026-03-17,2025-09-24,"2.60%",-100,2.6,0
2026-03-17,2025-09-24,"2.85%",-75,2.85,0.0565434616577321
2026-03-17,2025-09-24,"3.10%",-50,3.1,0.232055247178446
2026-03-17,2025-09-24,"3.35%",-25,3.35,0.384188001730432
2026-03-17,2025-09-24,"3.60%",0,3.6,0.257525506710922
2026-03-17,2025-09-24,"3.85%",25,3.85,0.069687782722468
2026-03-17,2025-09-24,"4.10%",50,4.1,0
2026-03-17,2025-09-24,"4.35%",75,4.35,0
2026-03-17,2025-09-24,"4.60%",100,4.6,0
2026-03-17,2025-09-24,"4.85%",125,4.85,0
2026-03-17,2025-09-24,"5.10%",150,5.1,0
2026-03-17,2025-09-24,"5.35%",175,5.35,0
2026-03-17,2025-09-24,"5.60%",200,5.6,0
2026-03-17,2025-09-24,"5.85%",225,5.85,0
2026-03-17,2025-09-24,"6.10%",250,6.1,0
2026-03-17,2025-09-25,"0.10%",-300,0.1,0
2026-03-17,2025-09-25,"0.35%",-300,0.35,0
2026-03-17,2025-09-25,"0.60%",-300,0.6,0
2026-03-17,2025-09-25,"0.85%",-275,0.85,0
2026-03-17,2025-09-25,"1.10%",-250,1.1,0
2026-03-17,2025-09-25,"1.35%",-225,1.35,0
2026-03-17,2025-09-25,"1.60%",-200,1.6,0
2026-03-17,2025-09-25,"1.85%",-175,1.85,0
2026-03-17,2025-09-25,"2.10%",-150,2.1,0
2026-03-17,2025-09-25,"2.35%",-125,2.35,0
2026-03-17,2025-09-25,"2.60%",-100,2.6,0
2026-03-17,2025-09-25,"2.85%",-75,2.85,0.0358815119370883
2026-03-17,2025-09-25,"3.10%",-50,3.1,0.225039399651891
2026-03-17,2025-09-25,"3.35%",-25,3.35,0.433118902613842
2026-03-17,2025-09-25,"3.60%",0,3.6,0.258510997091896
2026-03-17,2025-09-25,"3.85%",25,3.85,0.0474491887052826
2026-03-17,2025-09-25,"4.10%",50,4.1,0
2026-03-17,2025-09-25,"4.35%",75,4.35,0
2026-03-17,2025-09-25,"4.60%",100,4.6,0
2026-03-17,2025-09-25,"4.85%",125,4.85,0
2026-03-17,2025-09-25,"5.10%",150,5.1,0
2026-03-17,2025-09-25,"5.35%",175,5.35,0
2026-03-17,2025-09-25,"5.60%",200,5.6,0
2026-03-17,2025-09-25,"5.85%",225,5.85,0
2026-03-17,2025-09-25,"6.10%",250,6.1,0
2026-03-17,2025-09-28,"0.10%",-300,0.1,0
2026-03-17,2025-09-28,"0.35%",-300,0.35,0
2026-03-17,2025-09-28,"0.60%",-300,0.6,0
2026-03-17,2025-09-28,"0.85%",-275,0.85,0
2026-03-17,2025-09-28,"1.10%",-250,1.1,0
2026-03-17,2025-09-28,"1.35%",-225,1.35,0
2026-03-17,2025-09-28,"1.60%",-200,1.6,0
2026-03-17,2025-09-28,"1.85%",-175,1.85,0
2026-03-17,2025-09-28,"2.10%",-150,2.1,0
2026-03-17,2025-09-28,"2.35%",-125,2.35,0
2026-03-17,2025-09-28,"2.60%",-100,2.6,0
2026-03-17,2025-09-28,"2.85%",-75,2.85,0.0296753442293054
2026-03-17,2025-09-28,"3.10%",-50,3.1,0.224895260207506
2026-03-17,2025-09-28,"3.35%",-25,3.35,0.45631302654937
2026-03-17,2025-09-28,"3.60%",0,3.6,0.251821785009161
2026-03-17,2025-09-28,"3.85%",25,3.85,0.0372945840046578
2026-03-17,2025-09-28,"4.10%",50,4.1,0
2026-03-17,2025-09-28,"4.35%",75,4.35,0
2026-03-17,2025-09-28,"4.60%",100,4.6,0
2026-03-17,2025-09-28,"4.85%",125,4.85,0
2026-03-17,2025-09-28,"5.10%",150,5.1,0
2026-03-17,2025-09-28,"5.35%",175,5.35,0
2026-03-17,2025-09-28,"5.60%",200,5.6,0
2026-03-17,2025-09-28,"5.85%",225,5.85,0
2026-03-17,2025-09-28,"6.10%",250,6.1,0
2026-03-17,2025-09-29,"0.10%",-300,0.1,0
2026-03-17,2025-09-29,"0.35%",-300,0.35,0
2026-03-17,2025-09-29,"0.60%",-300,0.6,0
2026-03-17,2025-09-29,"0.85%",-275,0.85,0
2026-03-17,2025-09-29,"1.10%",-250,1.1,0
2026-03-17,2025-09-29,"1.35%",-225,1.35,0
2026-03-17,2025-09-29,"1.60%",-200,1.6,0
2026-03-17,2025-09-29,"1.85%",-175,1.85,0
2026-03-17,2025-09-29,"2.10%",-150,2.1,0
2026-03-17,2025-09-29,"2.35%",-125,2.35,0
2026-03-17,2025-09-29,"2.60%",-100,2.6,0
2026-03-17,2025-09-29,"2.85%",-75,2.85,0.0113912355742146
2026-03-17,2025-09-29,"3.10%",-50,3.1,0.140915404839621
2026-03-17,2025-09-29,"3.35%",-25,3.35,0.434767970725208
2026-03-17,2025-09-29,"3.60%",0,3.6,0.343724543073827
2026-03-17,2025-09-29,"3.85%",25,3.85,0.0692008457871286
2026-03-17,2025-09-29,"4.10%",50,4.1,0
2026-03-17,2025-09-29,"4.35%",75,4.35,0
2026-03-17,2025-09-29,"4.60%",100,4.6,0
2026-03-17,2025-09-29,"4.85%",125,4.85,0
2026-03-17,2025-09-29,"5.10%",150,5.1,0
2026-03-17,2025-09-29,"5.35%",175,5.35,0
2026-03-17,2025-09-29,"5.60%",200,5.6,0
2026-03-17,2025-09-29,"5.85%",225,5.85,0
2026-03-17,2025-09-29,"6.10%",250,6.1,0
2026-03-17,2025-09-30,"0.10%",-300,0.1,0
2026-03-17,2025-09-30,"0.35%",-300,0.35,0
2026-03-17,2025-09-30,"0.60%",-300,0.6,0
2026-03-17,2025-09-30,"0.85%",-275,0.85,0
2026-03-17,2025-09-30,"1.10%",-250,1.1,0
2026-03-17,2025-09-30,"1.35%",-225,1.35,0
2026-03-17,2025-09-30,"1.60%",-200,1.6,0
2026-03-17,2025-09-30,"1.85%",-175,1.85,0
2026-03-17,2025-09-30,"2.10%",-150,2.1,0
2026-03-17,2025-09-30,"2.35%",-125,2.35,0
2026-03-17,2025-09-30,"2.60%",-100,2.6,0
2026-03-17,2025-09-30,"2.85%",-75,2.85,0.0238032895053875
2026-03-17,2025-09-30,"3.10%",-50,3.1,0.205346043814971
2026-03-17,2025-09-30,"3.35%",-25,3.35,0.458763213093344
2026-03-17,2025-09-30,"3.60%",0,3.6,0.270521892739702
2026-03-17,2025-09-30,"3.85%",25,3.85,0.0415655608465955
2026-03-17,2025-09-30,"4.10%",50,4.1,0
2026-03-17,2025-09-30,"4.35%",75,4.35,0
2026-03-17,2025-09-30,"4.60%",100,4.6,0
2026-03-17,2025-09-30,"4.85%",125,4.85,0
2026-03-17,2025-09-30,"5.10%",150,5.1,0
2026-03-17,2025-09-30,"5.35%",175,5.35,0
2026-03-17,2025-09-30,"5.60%",200,5.6,0
2026-03-17,2025-09-30,"5.85%",225,5.85,0
2026-03-17,2025-09-30,"6.10%",250,6.1,0
2026-03-17,2025-10-01,"0.10%",-300,0.1,0
2026-03-17,2025-10-01,"0.35%",-300,0.35,0
2026-03-17,2025-10-01,"0.60%",-300,0.6,0
2026-03-17,2025-10-01,"0.85%",-275,0.85,0
2026-03-17,2025-10-01,"1.10%",-250,1.1,0
2026-03-17,2025-10-01,"1.35%",-225,1.35,0
2026-03-17,2025-10-01,"1.60%",-200,1.6,0
2026-03-17,2025-10-01,"1.85%",-175,1.85,0
2026-03-17,2025-10-01,"2.10%",-150,2.1,0
2026-03-17,2025-10-01,"2.35%",-125,2.35,0
2026-03-17,2025-10-01,"2.60%",-100,2.6,0
2026-03-17,2025-10-01,"2.85%",-75,2.85,0.0211798493007361
2026-03-17,2025-10-01,"3.10%",-50,3.1,0.22113368844022
2026-03-17,2025-10-01,"3.35%",-25,3.35,0.492234135689891
2026-03-17,2025-10-01,"3.60%",0,3.6,0.240361324044871
2026-03-17,2025-10-01,"3.85%",25,3.85,0.0250910025242815
2026-03-17,2025-10-01,"4.10%",50,4.1,0
2026-03-17,2025-10-01,"4.35%",75,4.35,0
2026-03-17,2025-10-01,"4.60%",100,4.6,0
2026-03-17,2025-10-01,"4.85%",125,4.85,0
2026-03-17,2025-10-01,"5.10%",150,5.1,0
2026-03-17,2025-10-01,"5.35%",175,5.35,0
2026-03-17,2025-10-01,"5.60%",200,5.6,0
2026-03-17,2025-10-01,"5.85%",225,5.85,0
2026-03-17,2025-10-01,"6.10%",250,6.1,0
2026-03-17,2025-10-02,"0.10%",-300,0.1,0
2026-03-17,2025-10-02,"0.35%",-300,0.35,0
2026-03-17,2025-10-02,"0.60%",-300,0.6,0
2026-03-17,2025-10-02,"0.85%",-275,0.85,0
2026-03-17,2025-10-02,"1.10%",-250,1.1,0
2026-03-17,2025-10-02,"1.35%",-225,1.35,0
2026-03-17,2025-10-02,"1.60%",-200,1.6,0
2026-03-17,2025-10-02,"1.85%",-175,1.85,0
2026-03-17,2025-10-02,"2.10%",-150,2.1,0
2026-03-17,2025-10-02,"2.35%",-125,2.35,0
2026-03-17,2025-10-02,"2.60%",-100,2.6,0
2026-03-17,2025-10-02,"2.85%",-75,2.85,0.0175526928949743
2026-03-17,2025-10-02,"3.10%",-50,3.1,0.216533148406984
2026-03-17,2025-10-02,"3.35%",-25,3.35,0.5087087907772
2026-03-17,2025-10-02,"3.60%",0,3.6,0.236240730982738
2026-03-17,2025-10-02,"3.85%",25,3.85,0.0209646369381043
2026-03-17,2025-10-02,"4.10%",50,4.1,0
2026-03-17,2025-10-02,"4.35%",75,4.35,0
2026-03-17,2025-10-02,"4.60%",100,4.6,0
2026-03-17,2025-10-02,"4.85%",125,4.85,0
2026-03-17,2025-10-02,"5.10%",150,5.1,0
2026-03-17,2025-10-02,"5.35%",175,5.35,0
2026-03-17,2025-10-02,"5.60%",200,5.6,0
2026-03-17,2025-10-02,"5.85%",225,5.85,0
2026-03-17,2025-10-02,"6.10%",250,6.1,0
2026-03-17,2025-10-05,"0.10%",-300,0.1,0
2026-03-17,2025-10-05,"0.35%",-300,0.35,0
2026-03-17,2025-10-05,"0.60%",-300,0.6,0
2026-03-17,2025-10-05,"0.85%",-275,0.85,0
2026-03-17,2025-10-05,"1.10%",-250,1.1,0
2026-03-17,2025-10-05,"1.35%",-225,1.35,0
2026-03-17,2025-10-05,"1.60%",-200,1.6,0
2026-03-17,2025-10-05,"1.85%",-175,1.85,0
2026-03-17,2025-10-05,"2.10%",-150,2.1,0
2026-03-17,2025-10-05,"2.35%",-125,2.35,0
2026-03-17,2025-10-05,"2.60%",-100,2.6,0
2026-03-17,2025-10-05,"2.85%",-75,2.85,0
2026-03-17,2025-10-05,"3.10%",-50,3.1,0.137368815430051
2026-03-17,2025-10-05,"3.35%",-25,3.35,0.69188872539451
2026-03-17,2025-10-05,"3.60%",0,3.6,0.170742459175439
2026-03-17,2025-10-05,"3.85%",25,3.85,0
2026-03-17,2025-10-05,"4.10%",50,4.1,0
2026-03-17,2025-10-05,"4.35%",75,4.35,0
2026-03-17,2025-10-05,"4.60%",100,4.6,0
2026-03-17,2025-10-05,"4.85%",125,4.85,0
2026-03-17,2025-10-05,"5.10%",150,5.1,0
2026-03-17,2025-10-05,"5.35%",175,5.35,0
2026-03-17,2025-10-05,"5.60%",200,5.6,0
2026-03-17,2025-10-05,"5.85%",225,5.85,0
2026-03-17,2025-10-05,"6.10%",250,6.1,0
2026-03-17,2025-10-06,"0.10%",-300,0.1,0
2026-03-17,2025-10-06,"0.35%",-300,0.35,0
2026-03-17,2025-10-06,"0.60%",-300,0.6,0
2026-03-17,2025-10-06,"0.85%",-275,0.85,0
2026-03-17,2025-10-06,"1.10%",-250,1.1,0
2026-03-17,2025-10-06,"1.35%",-225,1.35,0
2026-03-17,2025-10-06,"1.60%",-200,1.6,0
2026-03-17,2025-10-06,"1.85%",-175,1.85,0
2026-03-17,2025-10-06,"2.10%",-150,2.1,0
2026-03-17,2025-10-06,"2.35%",-125,2.35,0
2026-03-17,2025-10-06,"2.60%",-100,2.6,0
2026-03-17,2025-10-06,"2.85%",-75,2.85,0
2026-03-17,2025-10-06,"3.10%",-50,3.1,0.144148549609055
2026-03-17,2025-10-06,"3.35%",-25,3.35,0.679925582473094
2026-03-17,2025-10-06,"3.60%",0,3.6,0.17592586791785
2026-03-17,2025-10-06,"3.85%",25,3.85,0
2026-03-17,2025-10-06,"4.10%",50,4.1,0
2026-03-17,2025-10-06,"4.35%",75,4.35,0
2026-03-17,2025-10-06,"4.60%",100,4.6,0
2026-03-17,2025-10-06,"4.85%",125,4.85,0
2026-03-17,2025-10-06,"5.10%",150,5.1,0
2026-03-17,2025-10-06,"5.35%",175,5.35,0
2026-03-17,2025-10-06,"5.60%",200,5.6,0
2026-03-17,2025-10-06,"5.85%",225,5.85,0
2026-03-17,2025-10-06,"6.10%",250,6.1,0
2026-03-17,2025-10-07,"0.10%",-300,0.1,0
2026-03-17,2025-10-07,"0.35%",-300,0.35,0
2026-03-17,2025-10-07,"0.60%",-300,0.6,0
2026-03-17,2025-10-07,"0.85%",-275,0.85,0
2026-03-17,2025-10-07,"1.10%",-250,1.1,0
2026-03-17,2025-10-07,"1.35%",-225,1.35,0
2026-03-17,2025-10-07,"1.60%",-200,1.6,0
2026-03-17,2025-10-07,"1.85%",-175,1.85,0
2026-03-17,2025-10-07,"2.10%",-150,2.1,0
2026-03-17,2025-10-07,"2.35%",-125,2.35,0
2026-03-17,2025-10-07,"2.60%",-100,2.6,0
2026-03-17,2025-10-07,"2.85%",-75,2.85,0.0222365178248995
2026-03-17,2025-10-07,"3.10%",-50,3.1,0.221739144168673
2026-03-17,2025-10-07,"3.35%",-25,3.35,0.48722378936516
2026-03-17,2025-10-07,"3.60%",0,3.6,0.242199328606829
2026-03-17,2025-10-07,"3.85%",25,3.85,0.0266012200344393
2026-03-17,2025-10-07,"4.10%",50,4.1,0
2026-03-17,2025-10-07,"4.35%",75,4.35,0
2026-03-17,2025-10-07,"4.60%",100,4.6,0
2026-03-17,2025-10-07,"4.85%",125,4.85,0
2026-03-17,2025-10-07,"5.10%",150,5.1,0
2026-03-17,2025-10-07,"5.35%",175,5.35,0
2026-03-17,2025-10-07,"5.60%",200,5.6,0
2026-03-17,2025-10-07,"5.85%",225,5.85,0
2026-03-17,2025-10-07,"6.10%",250,6.1,0
2026-03-17,2025-10-08,"0.10%",-300,0.1,0
2026-03-17,2025-10-08,"0.35%",-300,0.35,0
2026-03-17,2025-10-08,"0.60%",-300,0.6,0
2026-03-17,2025-10-08,"0.85%",-275,0.85,0
2026-03-17,2025-10-08,"1.10%",-250,1.1,0
2026-03-17,2025-10-08,"1.35%",-225,1.35,0
2026-03-17,2025-10-08,"1.60%",-200,1.6,0
2026-03-17,2025-10-08,"1.85%",-175,1.85,0
2026-03-17,2025-10-08,"2.10%",-150,2.1,0
2026-03-17,2025-10-08,"2.35%",-125,2.35,0
2026-03-17,2025-10-08,"2.60%",-100,2.6,0
2026-03-17,2025-10-08,"2.85%",-75,2.85,0
2026-03-17,2025-10-08,"3.10%",-50,3.1,0.125482800456821
2026-03-17,2025-10-08,"3.35%",-25,3.35,0.719287032184518
2026-03-17,2025-10-08,"3.60%",0,3.6,0.155230167358662
2026-03-17,2025-10-08,"3.85%",25,3.85,0
2026-03-17,2025-10-08,"4.10%",50,4.1,0
2026-03-17,2025-10-08,"4.35%",75,4.35,0
2026-03-17,2025-10-08,"4.60%",100,4.6,0
2026-03-17,2025-10-08,"4.85%",125,4.85,0
2026-03-17,2025-10-08,"5.10%",150,5.1,0
2026-03-17,2025-10-08,"5.35%",175,5.35,0
2026-03-17,2025-10-08,"5.60%",200,5.6,0
2026-03-17,2025-10-08,"5.85%",225,5.85,0
2026-03-17,2025-10-08,"6.10%",250,6.1,0
2026-03-17,2025-10-09,"0.10%",-300,0.1,0
2026-03-17,2025-10-09,"0.35%",-300,0.35,0
2026-03-17,2025-10-09,"0.60%",-300,0.6,0
2026-03-17,2025-10-09,"0.85%",-275,0.85,0
2026-03-17,2025-10-09,"1.10%",-250,1.1,0
2026-03-17,2025-10-09,"1.35%",-225,1.35,0
2026-03-17,2025-10-09,"1.60%",-200,1.6,0
2026-03-17,2025-10-09,"1.85%",-175,1.85,0
2026-03-17,2025-10-09,"2.10%",-150,2.1,0
2026-03-17,2025-10-09,"2.35%",-125,2.35,0
2026-03-17,2025-10-09,"2.60%",-100,2.6,0
2026-03-17,2025-10-09,"2.85%",-75,2.85,0
2026-03-17,2025-10-09,"3.10%",-50,3.1,0.0947574774646847
2026-03-17,2025-10-09,"3.35%",-25,3.35,0.659350892225909
2026-03-17,2025-10-09,"3.60%",0,3.6,0.245891630309407
2026-03-17,2025-10-09,"3.85%",25,3.85,0
2026-03-17,2025-10-09,"4.10%",50,4.1,0
2026-03-17,2025-10-09,"4.35%",75,4.35,0
2026-03-17,2025-10-09,"4.60%",100,4.6,0
2026-03-17,2025-10-09,"4.85%",125,4.85,0
2026-03-17,2025-10-09,"5.10%",150,5.1,0
2026-03-17,2025-10-09,"5.35%",175,5.35,0
2026-03-17,2025-10-09,"5.60%",200,5.6,0
2026-03-17,2025-10-09,"5.85%",225,5.85,0
2026-03-17,2025-10-09,"6.10%",250,6.1,0
2026-03-17,2025-10-10,"0.10%",-300,0.1,0
2026-03-17,2025-10-10,"0.35%",-300,0.35,0
2026-03-17,2025-10-10,"0.60%",-300,0.6,0
2026-03-17,2025-10-10,"0.85%",-275,0.85,0
2026-03-17,2025-10-10,"1.10%",-250,1.1,0
2026-03-17,2025-10-10,"1.35%",-225,1.35,0
2026-03-17,2025-10-10,"1.60%",-200,1.6,0
2026-03-17,2025-10-10,"1.85%",-175,1.85,0
2026-03-17,2025-10-10,"2.10%",-150,2.1,0
2026-03-17,2025-10-10,"2.35%",-125,2.35,0
2026-03-17,2025-10-10,"2.60%",-100,2.6,0
2026-03-17,2025-10-10,"2.85%",-75,2.85,0
2026-03-17,2025-10-10,"3.10%",-50,3.1,0.159872546100699
2026-03-17,2025-10-10,"3.35%",-25,3.35,0.529224869429589
2026-03-17,2025-10-10,"3.60%",0,3.6,0.286502657211367
2026-03-17,2025-10-10,"3.85%",25,3.85,0.0243999272583447
2026-03-17,2025-10-10,"4.10%",50,4.1,0
2026-03-17,2025-10-10,"4.35%",75,4.35,0
2026-03-17,2025-10-10,"4.60%",100,4.6,0
2026-03-17,2025-10-10,"4.85%",125,4.85,0
2026-03-17,2025-10-10,"5.10%",150,5.1,0
2026-03-17,2025-10-10,"5.35%",175,5.35,0
2026-03-17,2025-10-10,"5.60%",200,5.6,0
2026-03-17,2025-10-10,"5.85%",225,5.85,0
2026-03-17,2025-10-10,"6.10%",250,6.1,0
2026-03-17,2025-10-11,"0.10%",-300,0.1,0
2026-03-17,2025-10-11,"0.35%",-300,0.35,0
2026-03-17,2025-10-11,"0.60%",-300,0.6,0
2026-03-17,2025-10-11,"0.85%",-275,0.85,0
2026-03-17,2025-10-11,"1.10%",-250,1.1,0
2026-03-17,2025-10-11,"1.35%",-225,1.35,0
2026-03-17,2025-10-11,"1.60%",-200,1.6,0
2026-03-17,2025-10-11,"1.85%",-175,1.85,0
2026-03-17,2025-10-11,"2.10%",-150,2.1,0
2026-03-17,2025-10-11,"2.35%",-125,2.35,0
2026-03-17,2025-10-11,"2.60%",-100,2.6,0
2026-03-17,2025-10-11,"2.85%",-75,2.85,0
2026-03-17,2025-10-11,"3.10%",-50,3.1,0.161307920514619
2026-03-17,2025-10-11,"3.35%",-25,3.35,0.526436333377598
2026-03-17,2025-10-11,"3.60%",0,3.6,0.28705314294606
2026-03-17,2025-10-11,"3.85%",25,3.85,0.0252026031617225
2026-03-17,2025-10-11,"4.10%",50,4.1,0
2026-03-17,2025-10-11,"4.35%",75,4.35,0
2026-03-17,2025-10-11,"4.60%",100,4.6,0
2026-03-17,2025-10-11,"4.85%",125,4.85,0
2026-03-17,2025-10-11,"5.10%",150,5.1,0
2026-03-17,2025-10-11,"5.35%",175,5.35,0
2026-03-17,2025-10-11,"5.60%",200,5.6,0
2026-03-17,2025-10-11,"5.85%",225,5.85,0
2026-03-17,2025-10-11,"6.10%",250,6.1,0
2026-03-17,2025-10-12,"0.10%",-300,0.1,0
2026-03-17,2025-10-12,"0.35%",-300,0.35,0
2026-03-17,2025-10-12,"0.60%",-300,0.6,0
2026-03-17,2025-10-12,"0.85%",-275,0.85,0
2026-03-17,2025-10-12,"1.10%",-250,1.1,0
2026-03-17,2025-10-12,"1.35%",-225,1.35,0
2026-03-17,2025-10-12,"1.60%",-200,1.6,0
2026-03-17,2025-10-12,"1.85%",-175,1.85,0
2026-03-17,2025-10-12,"2.10%",-150,2.1,0
2026-03-17,2025-10-12,"2.35%",-125,2.35,0
2026-03-17,2025-10-12,"2.60%",-100,2.6,0
2026-03-17,2025-10-12,"2.85%",-75,2.85,0
2026-03-17,2025-10-12,"3.10%",-50,3.1,0.168148957701353
2026-03-17,2025-10-12,"3.35%",-25,3.35,0.526150481283026
2026-03-17,2025-10-12,"3.60%",0,3.6,0.281008943779106
2026-03-17,2025-10-12,"3.85%",25,3.85,0.0246916172365159
2026-03-17,2025-10-12,"4.10%",50,4.1,0
2026-03-17,2025-10-12,"4.35%",75,4.35,0
2026-03-17,2025-10-12,"4.60%",100,4.6,0
2026-03-17,2025-10-12,"4.85%",125,4.85,0
2026-03-17,2025-10-12,"5.10%",150,5.1,0
2026-03-17,2025-10-12,"5.35%",175,5.35,0
2026-03-17,2025-10-12,"5.60%",200,5.6,0
2026-03-17,2025-10-12,"5.85%",225,5.85,0
2026-03-17,2025-10-12,"6.10%",250,6.1,0
2026-03-17,2025-10-13,"0.10%",-300,0.1,0
2026-03-17,2025-10-13,"0.35%",-300,0.35,0
2026-03-17,2025-10-13,"0.60%",-300,0.6,0
2026-03-17,2025-10-13,"0.85%",-275,0.85,0
2026-03-17,2025-10-13,"1.10%",-250,1.1,0
2026-03-17,2025-10-13,"1.35%",-225,1.35,0
2026-03-17,2025-10-13,"1.60%",-200,1.6,0
2026-03-17,2025-10-13,"1.85%",-175,1.85,0
2026-03-17,2025-10-13,"2.10%",-150,2.1,0
2026-03-17,2025-10-13,"2.35%",-125,2.35,0
2026-03-17,2025-10-13,"2.60%",-100,2.6,0
2026-03-17,2025-10-13,"2.85%",-75,2.85,0
2026-03-17,2025-10-13,"3.10%",-50,3.1,0.166689589483255
2026-03-17,2025-10-13,"3.35%",-25,3.35,0.52214796598269
2026-03-17,2025-10-13,"3.60%",0,3.6,0.284977130543792
2026-03-17,2025-10-13,"3.85%",25,3.85,0.0261853139902634
2026-03-17,2025-10-13,"4.10%",50,4.1,0
2026-03-17,2025-10-13,"4.35%",75,4.35,0
2026-03-17,2025-10-13,"4.60%",100,4.6,0
2026-03-17,2025-10-13,"4.85%",125,4.85,0
2026-03-17,2025-10-13,"5.10%",150,5.1,0
2026-03-17,2025-10-13,"5.35%",175,5.35,0
2026-03-17,2025-10-13,"5.60%",200,5.6,0
2026-03-17,2025-10-13,"5.85%",225,5.85,0
2026-03-17,2025-10-13,"6.10%",250,6.1,0
2026-03-17,2025-10-14,"0.10%",-300,0.1,0
2026-03-17,2025-10-14,"0.35%",-300,0.35,0
2026-03-17,2025-10-14,"0.60%",-300,0.6,0
2026-03-17,2025-10-14,"0.85%",-275,0.85,0
2026-03-17,2025-10-14,"1.10%",-250,1.1,0
2026-03-17,2025-10-14,"1.35%",-225,1.35,0
2026-03-17,2025-10-14,"1.60%",-200,1.6,0
2026-03-17,2025-10-14,"1.85%",-175,1.85,0
2026-03-17,2025-10-14,"2.10%",-150,2.1,0
2026-03-17,2025-10-14,"2.35%",-125,2.35,0
2026-03-17,2025-10-14,"2.60%",-100,2.6,0
2026-03-17,2025-10-14,"2.85%",-75,2.85,0
2026-03-17,2025-10-14,"3.10%",-50,3.1,0.153260545594236
2026-03-17,2025-10-14,"3.35%",-25,3.35,0.547641814960925
2026-03-17,2025-10-14,"3.60%",0,3.6,0.279723396773099
2026-03-17,2025-10-14,"3.85%",25,3.85,0.0193742426717403
2026-03-17,2025-10-14,"4.10%",50,4.1,0
2026-03-17,2025-10-14,"4.35%",75,4.35,0
2026-03-17,2025-10-14,"4.60%",100,4.6,0
2026-03-17,2025-10-14,"4.85%",125,4.85,0
2026-03-17,2025-10-14,"5.10%",150,5.1,0
2026-03-17,2025-10-14,"5.35%",175,5.35,0
2026-03-17,2025-10-14,"5.60%",200,5.6,0
2026-03-17,2025-10-14,"5.85%",225,5.85,0
2026-03-17,2025-10-14,"6.10%",250,6.1,0
2026-03-17,2025-10-15,"0.10%",-300,0.1,0
2026-03-17,2025-10-15,"0.35%",-300,0.35,0
2026-03-17,2025-10-15,"0.60%",-300,0.6,0
2026-03-17,2025-10-15,"0.85%",-275,0.85,0
2026-03-17,2025-10-15,"1.10%",-250,1.1,0
2026-03-17,2025-10-15,"1.35%",-225,1.35,0
2026-03-17,2025-10-15,"1.60%",-200,1.6,0
2026-03-17,2025-10-15,"1.85%",-175,1.85,0
2026-03-17,2025-10-15,"2.10%",-150,2.1,0
2026-03-17,2025-10-15,"2.35%",-125,2.35,0
2026-03-17,2025-10-15,"2.60%",-100,2.6,0
2026-03-17,2025-10-15,"2.85%",-75,2.85,0
2026-03-17,2025-10-15,"3.10%",-50,3.1,0.0129037476610043
2026-03-17,2025-10-15,"3.35%",-25,3.35,0.258457267568654
2026-03-17,2025-10-15,"3.60%",0,3.6,0.574812127109863
2026-03-17,2025-10-15,"3.85%",25,3.85,0.153826857660479
2026-03-17,2025-10-15,"4.10%",50,4.1,0
2026-03-17,2025-10-15,"4.35%",75,4.35,0
2026-03-17,2025-10-15,"4.60%",100,4.6,0
2026-03-17,2025-10-15,"4.85%",125,4.85,0
2026-03-17,2025-10-15,"5.10%",150,5.1,0
2026-03-17,2025-10-15,"5.35%",175,5.35,0
2026-03-17,2025-10-15,"5.60%",200,5.6,0
2026-03-17,2025-10-15,"5.85%",225,5.85,0
2026-03-17,2025-10-15,"6.10%",250,6.1,0
2026-03-17,2025-10-16,"0.10%",-300,0.1,0
2026-03-17,2025-10-16,"0.35%",-300,0.35,0
2026-03-17,2025-10-16,"0.60%",-300,0.6,0
2026-03-17,2025-10-16,"0.85%",-275,0.85,0
2026-03-17,2025-10-16,"1.10%",-250,1.1,0
2026-03-17,2025-10-16,"1.35%",-225,1.35,0
2026-03-17,2025-10-16,"1.60%",-200,1.6,0
2026-03-17,2025-10-16,"1.85%",-175,1.85,0
2026-03-17,2025-10-16,"2.10%",-150,2.1,0
2026-03-17,2025-10-16,"2.35%",-125,2.35,0
2026-03-17,2025-10-16,"2.60%",-100,2.6,0
2026-03-17,2025-10-16,"2.85%",-75,2.85,0.0947430457666761
2026-03-17,2025-10-16,"3.10%",-50,3.1,0.539839271102
2026-03-17,2025-10-16,"3.35%",-25,3.35,0.342459252784309
2026-03-17,2025-10-16,"3.60%",0,3.6,0.0229584303470156
2026-03-17,2025-10-16,"3.85%",25,3.85,0
2026-03-17,2025-10-16,"4.10%",50,4.1,0
2026-03-17,2025-10-16,"4.35%",75,4.35,0
2026-03-17,2025-10-16,"4.60%",100,4.6,0
2026-03-17,2025-10-16,"4.85%",125,4.85,0
2026-03-17,2025-10-16,"5.10%",150,5.1,0
2026-03-17,2025-10-16,"5.35%",175,5.35,0
2026-03-17,2025-10-16,"5.60%",200,5.6,0
2026-03-17,2025-10-16,"5.85%",225,5.85,0
2026-03-17,2025-10-16,"6.10%",250,6.1,0
2026-03-17,2025-10-17,"0.10%",-300,0.1,0
2026-03-17,2025-10-17,"0.35%",-300,0.35,0
2026-03-17,2025-10-17,"0.60%",-300,0.6,0
2026-03-17,2025-10-17,"0.85%",-275,0.85,0
2026-03-17,2025-10-17,"1.10%",-250,1.1,0
2026-03-17,2025-10-17,"1.35%",-225,1.35,0
2026-03-17,2025-10-17,"1.60%",-200,1.6,0
2026-03-17,2025-10-17,"1.85%",-175,1.85,0
2026-03-17,2025-10-17,"2.10%",-150,2.1,0
2026-03-17,2025-10-17,"2.35%",-125,2.35,0
2026-03-17,2025-10-17,"2.60%",-100,2.6,0
2026-03-17,2025-10-17,"2.85%",-75,2.85,0.0802745081448822
2026-03-17,2025-10-17,"3.10%",-50,3.1,0.555798260143264
2026-03-17,2025-10-17,"3.35%",-25,3.35,0.345909679386723
2026-03-17,2025-10-17,"3.60%",0,3.6,0.0180175523251307
2026-03-17,2025-10-17,"3.85%",25,3.85,0
2026-03-17,2025-10-17,"4.10%",50,4.1,0
2026-03-17,2025-10-17,"4.35%",75,4.35,0
2026-03-17,2025-10-17,"4.60%",100,4.6,0
2026-03-17,2025-10-17,"4.85%",125,4.85,0
2026-03-17,2025-10-17,"5.10%",150,5.1,0
2026-03-17,2025-10-17,"5.35%",175,5.35,0
2026-03-17,2025-10-17,"5.60%",200,5.6,0
2026-03-17,2025-10-17,"5.85%",225,5.85,0
2026-03-17,2025-10-17,"6.10%",250,6.1,0
2026-03-17,2025-10-18,"0.10%",-300,0.1,0
2026-03-17,2025-10-18,"0.35%",-300,0.35,0
2026-03-17,2025-10-18,"0.60%",-300,0.6,0
2026-03-17,2025-10-18,"0.85%",-275,0.85,0
2026-03-17,2025-10-18,"1.10%",-250,1.1,0
2026-03-17,2025-10-18,"1.35%",-225,1.35,0
2026-03-17,2025-10-18,"1.60%",-200,1.6,0
2026-03-17,2025-10-18,"1.85%",-175,1.85,0
2026-03-17,2025-10-18,"2.10%",-150,2.1,0
2026-03-17,2025-10-18,"2.35%",-125,2.35,0
2026-03-17,2025-10-18,"2.60%",-100,2.6,0
2026-03-17,2025-10-18,"2.85%",-75,2.85,0.0795410414191828
2026-03-17,2025-10-18,"3.10%",-50,3.1,0.557018419545555
2026-03-17,2025-10-18,"3.35%",-25,3.35,0.345756793097653
2026-03-17,2025-10-18,"3.60%",0,3.6,0.0176837459376096
2026-03-17,2025-10-18,"3.85%",25,3.85,0
2026-03-17,2025-10-18,"4.10%",50,4.1,0
2026-03-17,2025-10-18,"4.35%",75,4.35,0
2026-03-17,2025-10-18,"4.60%",100,4.6,0
2026-03-17,2025-10-18,"4.85%",125,4.85,0
2026-03-17,2025-10-18,"5.10%",150,5.1,0
2026-03-17,2025-10-18,"5.35%",175,5.35,0
2026-03-17,2025-10-18,"5.60%",200,5.6,0
2026-03-17,2025-10-18,"5.85%",225,5.85,0
2026-03-17,2025-10-18,"6.10%",250,6.1,0
2026-03-17,2025-10-19,"0.10%",-300,0.1,0
2026-03-17,2025-10-19,"0.35%",-300,0.35,0
2026-03-17,2025-10-19,"0.60%",-300,0.6,0
2026-03-17,2025-10-19,"0.85%",-275,0.85,0
2026-03-17,2025-10-19,"1.10%",-250,1.1,0
2026-03-17,2025-10-19,"1.35%",-225,1.35,0
2026-03-17,2025-10-19,"1.60%",-200,1.6,0
2026-03-17,2025-10-19,"1.85%",-175,1.85,0
2026-03-17,2025-10-19,"2.10%",-150,2.1,0
2026-03-17,2025-10-19,"2.35%",-125,2.35,0
2026-03-17,2025-10-19,"2.60%",-100,2.6,0
2026-03-17,2025-10-19,"2.85%",-75,2.85,0.0524269159382263
2026-03-17,2025-10-19,"3.10%",-50,3.1,0.503548248337393
2026-03-17,2025-10-19,"3.35%",-25,3.35,0.415460712563557
2026-03-17,2025-10-19,"3.60%",0,3.6,0.0285641231608239
2026-03-17,2025-10-19,"3.85%",25,3.85,0
2026-03-17,2025-10-19,"4.10%",50,4.1,0
2026-03-17,2025-10-19,"4.35%",75,4.35,0
2026-03-17,2025-10-19,"4.60%",100,4.6,0
2026-03-17,2025-10-19,"4.85%",125,4.85,0
2026-03-17,2025-10-19,"5.10%",150,5.1,0
2026-03-17,2025-10-19,"5.35%",175,5.35,0
2026-03-17,2025-10-19,"5.60%",200,5.6,0
2026-03-17,2025-10-19,"5.85%",225,5.85,0
2026-03-17,2025-10-19,"6.10%",250,6.1,0
2026-03-17,2025-10-20,"0.10%",-300,0.1,0
2026-03-17,2025-10-20,"0.35%",-300,0.35,0
2026-03-17,2025-10-20,"0.60%",-300,0.6,0
2026-03-17,2025-10-20,"0.85%",-275,0.85,0
2026-03-17,2025-10-20,"1.10%",-250,1.1,0
2026-03-17,2025-10-20,"1.35%",-225,1.35,0
2026-03-17,2025-10-20,"1.60%",-200,1.6,0
2026-03-17,2025-10-20,"1.85%",-175,1.85,0
2026-03-17,2025-10-20,"2.10%",-150,2.1,0
2026-03-17,2025-10-20,"2.35%",-125,2.35,0
2026-03-17,2025-10-20,"2.60%",-100,2.6,0
2026-03-17,2025-10-20,"2.85%",-75,2.85,0.0533835494073916
2026-03-17,2025-10-20,"3.10%",-50,3.1,0.508626828030783
2026-03-17,2025-10-20,"3.35%",-25,3.35,0.410810757613466
2026-03-17,2025-10-20,"3.60%",0,3.6,0.0271788649483591
2026-03-17,2025-10-20,"3.85%",25,3.85,0
2026-03-17,2025-10-20,"4.10%",50,4.1,0
2026-03-17,2025-10-20,"4.35%",75,4.35,0
2026-03-17,2025-10-20,"4.60%",100,4.6,0
2026-03-17,2025-10-20,"4.85%",125,4.85,0
2026-03-17,2025-10-20,"5.10%",150,5.1,0
2026-03-17,2025-10-20,"5.35%",175,5.35,0
2026-03-17,2025-10-20,"5.60%",200,5.6,0
2026-03-17,2025-10-20,"5.85%",225,5.85,0
2026-03-17,2025-10-20,"6.10%",250,6.1,0
2026-03-17,2025-10-21,"0.10%",-300,0.1,0
2026-03-17,2025-10-21,"0.35%",-300,0.35,0
2026-03-17,2025-10-21,"0.60%",-300,0.6,0
2026-03-17,2025-10-21,"0.85%",-275,0.85,0
2026-03-17,2025-10-21,"1.10%",-250,1.1,0
2026-03-17,2025-10-21,"1.35%",-225,1.35,0
2026-03-17,2025-10-21,"1.60%",-200,1.6,0
2026-03-17,2025-10-21,"1.85%",-175,1.85,0
2026-03-17,2025-10-21,"2.10%",-150,2.1,0
2026-03-17,2025-10-21,"2.35%",-125,2.35,0
2026-03-17,2025-10-21,"2.60%",-100,2.6,0
2026-03-17,2025-10-21,"2.85%",-75,2.85,0.0488653221236885
2026-03-17,2025-10-21,"3.10%",-50,3.1,0.489262669972379
2026-03-17,2025-10-21,"3.35%",-25,3.35,0.4294763805057
2026-03-17,2025-10-21,"3.60%",0,3.6,0.0323956273982318
2026-03-17,2025-10-21,"3.85%",25,3.85,0
2026-03-17,2025-10-21,"4.10%",50,4.1,0
2026-03-17,2025-10-21,"4.35%",75,4.35,0
2026-03-17,2025-10-21,"4.60%",100,4.6,0
2026-03-17,2025-10-21,"4.85%",125,4.85,0
2026-03-17,2025-10-21,"5.10%",150,5.1,0
2026-03-17,2025-10-21,"5.35%",175,5.35,0
2026-03-17,2025-10-21,"5.60%",200,5.6,0
2026-03-17,2025-10-21,"5.85%",225,5.85,0
2026-03-17,2025-10-21,"6.10%",250,6.1,0
2026-03-17,2025-10-22,"0.10%",-300,0.1,0
2026-03-17,2025-10-22,"0.35%",-300,0.35,0
2026-03-17,2025-10-22,"0.60%",-300,0.6,0
2026-03-17,2025-10-22,"0.85%",-275,0.85,0
2026-03-17,2025-10-22,"1.10%",-250,1.1,0
2026-03-17,2025-10-22,"1.35%",-225,1.35,0
2026-03-17,2025-10-22,"1.60%",-200,1.6,0
2026-03-17,2025-10-22,"1.85%",-175,1.85,0
2026-03-17,2025-10-22,"2.10%",-150,2.1,0
2026-03-17,2025-10-22,"2.35%",-125,2.35,0
2026-03-17,2025-10-22,"2.60%",-100,2.6,0
2026-03-17,2025-10-22,"2.85%",-75,2.85,0.0514141112378864
2026-03-17,2025-10-22,"3.10%",-50,3.1,0.484983101434327
2026-03-17,2025-10-22,"3.35%",-25,3.35,0.428706683351664
2026-03-17,2025-10-22,"3.60%",0,3.6,0.034896103976122
2026-03-17,2025-10-22,"3.85%",25,3.85,0
2026-03-17,2025-10-22,"4.10%",50,4.1,0
2026-03-17,2025-10-22,"4.35%",75,4.35,0
2026-03-17,2025-10-22,"4.60%",100,4.6,0
2026-03-17,2025-10-22,"4.85%",125,4.85,0
2026-03-17,2025-10-22,"5.10%",150,5.1,0
2026-03-17,2025-10-22,"5.35%",175,5.35,0
2026-03-17,2025-10-22,"5.60%",200,5.6,0
2026-03-17,2025-10-22,"5.85%",225,5.85,0
2026-03-17,2025-10-22,"6.10%",250,6.1,0
2026-03-17,2025-10-23,"0.10%",-300,0.1,0
2026-03-17,2025-10-23,"0.35%",-300,0.35,0
2026-03-17,2025-10-23,"0.60%",-300,0.6,0
2026-03-17,2025-10-23,"0.85%",-275,0.85,0
2026-03-17,2025-10-23,"1.10%",-250,1.1,0
2026-03-17,2025-10-23,"1.35%",-225,1.35,0
2026-03-17,2025-10-23,"1.60%",-200,1.6,0
2026-03-17,2025-10-23,"1.85%",-175,1.85,0
2026-03-17,2025-10-23,"2.10%",-150,2.1,0
2026-03-17,2025-10-23,"2.35%",-125,2.35,0
2026-03-17,2025-10-23,"2.60%",-100,2.6,0
2026-03-17,2025-10-23,"2.85%",-75,2.85,0.0498133008862201
2026-03-17,2025-10-23,"3.10%",-50,3.1,0.461170535874503
2026-03-17,2025-10-23,"3.35%",-25,3.35,0.444587465461577
2026-03-17,2025-10-23,"3.60%",0,3.6,0.0444286977777003
2026-03-17,2025-10-23,"3.85%",25,3.85,0
2026-03-17,2025-10-23,"4.10%",50,4.1,0
2026-03-17,2025-10-23,"4.35%",75,4.35,0
2026-03-17,2025-10-23,"4.60%",100,4.6,0
2026-03-17,2025-10-23,"4.85%",125,4.85,0
2026-03-17,2025-10-23,"5.10%",150,5.1,0
2026-03-17,2025-10-23,"5.35%",175,5.35,0
2026-03-17,2025-10-23,"5.60%",200,5.6,0
2026-03-17,2025-10-23,"5.85%",225,5.85,0
2026-03-17,2025-10-23,"6.10%",250,6.1,0
2026-03-17,2025-10-24,"0.10%",-300,0.1,0
2026-03-17,2025-10-24,"0.35%",-300,0.35,0
2026-03-17,2025-10-24,"0.60%",-300,0.6,0
2026-03-17,2025-10-24,"0.85%",-275,0.85,0
2026-03-17,2025-10-24,"1.10%",-250,1.1,0
2026-03-17,2025-10-24,"1.35%",-225,1.35,0
2026-03-17,2025-10-24,"1.60%",-200,1.6,0
2026-03-17,2025-10-24,"1.85%",-175,1.85,0
2026-03-17,2025-10-24,"2.10%",-150,2.1,0
2026-03-17,2025-10-24,"2.35%",-125,2.35,0
2026-03-17,2025-10-24,"2.60%",-100,2.6,0
2026-03-17,2025-10-24,"2.85%",-75,2.85,0.0285018844183947
2026-03-17,2025-10-24,"3.10%",-50,3.1,0.483269417122891
2026-03-17,2025-10-24,"3.35%",-25,3.35,0.463360004177081
2026-03-17,2025-10-24,"3.60%",0,3.6,0.0248686942816336
2026-03-17,2025-10-24,"3.85%",25,3.85,0
2026-03-17,2025-10-24,"4.10%",50,4.1,0
2026-03-17,2025-10-24,"4.35%",75,4.35,0
2026-03-17,2025-10-24,"4.60%",100,4.6,0
2026-03-17,2025-10-24,"4.85%",125,4.85,0
2026-03-17,2025-10-24,"5.10%",150,5.1,0
2026-03-17,2025-10-24,"5.35%",175,5.35,0
2026-03-17,2025-10-24,"5.60%",200,5.6,0
2026-03-17,2025-10-24,"5.85%",225,5.85,0
2026-03-17,2025-10-24,"6.10%",250,6.1,0
2026-03-17,2025-10-25,"0.10%",-300,0.1,0
2026-03-17,2025-10-25,"0.35%",-300,0.35,0
2026-03-17,2025-10-25,"0.60%",-300,0.6,0
2026-03-17,2025-10-25,"0.85%",-275,0.85,0
2026-03-17,2025-10-25,"1.10%",-250,1.1,0
2026-03-17,2025-10-25,"1.35%",-225,1.35,0
2026-03-17,2025-10-25,"1.60%",-200,1.6,0
2026-03-17,2025-10-25,"1.85%",-175,1.85,0
2026-03-17,2025-10-25,"2.10%",-150,2.1,0
2026-03-17,2025-10-25,"2.35%",-125,2.35,0
2026-03-17,2025-10-25,"2.60%",-100,2.6,0
2026-03-17,2025-10-25,"2.85%",-75,2.85,0.0278209985170462
2026-03-17,2025-10-25,"3.10%",-50,3.1,0.484016338684675
2026-03-17,2025-10-25,"3.35%",-25,3.35,0.463920483526144
2026-03-17,2025-10-25,"3.60%",0,3.6,0.0242421792721343
2026-03-17,2025-10-25,"3.85%",25,3.85,0
2026-03-17,2025-10-25,"4.10%",50,4.1,0
2026-03-17,2025-10-25,"4.35%",75,4.35,0
2026-03-17,2025-10-25,"4.60%",100,4.6,0
2026-03-17,2025-10-25,"4.85%",125,4.85,0
2026-03-17,2025-10-25,"5.10%",150,5.1,0
2026-03-17,2025-10-25,"5.35%",175,5.35,0
2026-03-17,2025-10-25,"5.60%",200,5.6,0
2026-03-17,2025-10-25,"5.85%",225,5.85,0
2026-03-17,2025-10-25,"6.10%",250,6.1,0
2026-03-17,2025-10-26,"0.10%",-300,0.1,0
2026-03-17,2025-10-26,"0.35%",-300,0.35,0
2026-03-17,2025-10-26,"0.60%",-300,0.6,0
2026-03-17,2025-10-26,"0.85%",-275,0.85,0
2026-03-17,2025-10-26,"1.10%",-250,1.1,0
2026-03-17,2025-10-26,"1.35%",-225,1.35,0
2026-03-17,2025-10-26,"1.60%",-200,1.6,0
2026-03-17,2025-10-26,"1.85%",-175,1.85,0
2026-03-17,2025-10-26,"2.10%",-150,2.1,0
2026-03-17,2025-10-26,"2.35%",-125,2.35,0
2026-03-17,2025-10-26,"2.60%",-100,2.6,0
2026-03-17,2025-10-26,"2.85%",-75,2.85,0
2026-03-17,2025-10-26,"3.10%",-50,3.1,0.348121697983303
2026-03-17,2025-10-26,"3.35%",-25,3.35,0.594504666284136
2026-03-17,2025-10-26,"3.60%",0,3.6,0.0573736357325609
2026-03-17,2025-10-26,"3.85%",25,3.85,0
2026-03-17,2025-10-26,"4.10%",50,4.1,0
2026-03-17,2025-10-26,"4.35%",75,4.35,0
2026-03-17,2025-10-26,"4.60%",100,4.6,0
2026-03-17,2025-10-26,"4.85%",125,4.85,0
2026-03-17,2025-10-26,"5.10%",150,5.1,0
2026-03-17,2025-10-26,"5.35%",175,5.35,0
2026-03-17,2025-10-26,"5.60%",200,5.6,0
2026-03-17,2025-10-26,"5.85%",225,5.85,0
2026-03-17,2025-10-26,"6.10%",250,6.1,0
2026-03-17,2025-10-27,"0.10%",-300,0.1,0
2026-03-17,2025-10-27,"0.35%",-300,0.35,0
2026-03-17,2025-10-27,"0.60%",-300,0.6,0
2026-03-17,2025-10-27,"0.85%",-275,0.85,0
2026-03-17,2025-10-27,"1.10%",-250,1.1,0
2026-03-17,2025-10-27,"1.35%",-225,1.35,0
2026-03-17,2025-10-27,"1.60%",-200,1.6,0
2026-03-17,2025-10-27,"1.85%",-175,1.85,0
2026-03-17,2025-10-27,"2.10%",-150,2.1,0
2026-03-17,2025-10-27,"2.35%",-125,2.35,0
2026-03-17,2025-10-27,"2.60%",-100,2.6,0
2026-03-17,2025-10-27,"2.85%",-75,2.85,0
2026-03-17,2025-10-27,"3.10%",-50,3.1,0.283531964564773
2026-03-17,2025-10-27,"3.35%",-25,3.35,0.636201180354699
2026-03-17,2025-10-27,"3.60%",0,3.6,0.0802668550805284
2026-03-17,2025-10-27,"3.85%",25,3.85,0
2026-03-17,2025-10-27,"4.10%",50,4.1,0
2026-03-17,2025-10-27,"4.35%",75,4.35,0
2026-03-17,2025-10-27,"4.60%",100,4.6,0
2026-03-17,2025-10-27,"4.85%",125,4.85,0
2026-03-17,2025-10-27,"5.10%",150,5.1,0
2026-03-17,2025-10-27,"5.35%",175,5.35,0
2026-03-17,2025-10-27,"5.60%",200,5.6,0
2026-03-17,2025-10-27,"5.85%",225,5.85,0
2026-03-17,2025-10-27,"6.10%",250,6.1,0
2026-03-17,2025-10-28,"0.10%",-300,0.1,0
2026-03-17,2025-10-28,"0.35%",-300,0.35,0
2026-03-17,2025-10-28,"0.60%",-300,0.6,0
2026-03-17,2025-10-28,"0.85%",-275,0.85,0
2026-03-17,2025-10-28,"1.10%",-250,1.1,0
2026-03-17,2025-10-28,"1.35%",-225,1.35,0
2026-03-17,2025-10-28,"1.60%",-200,1.6,0
2026-03-17,2025-10-28,"1.85%",-175,1.85,0
2026-03-17,2025-10-28,"2.10%",-150,2.1,0
2026-03-17,2025-10-28,"2.35%",-125,2.35,0
2026-03-17,2025-10-28,"2.60%",-100,2.6,0
2026-03-17,2025-10-28,"2.85%",-75,2.85,0
2026-03-17,2025-10-28,"3.10%",-50,3.1,0.0362317080120718
2026-03-17,2025-10-28,"3.35%",-25,3.35,0.639962278502472
2026-03-17,2025-10-28,"3.60%",0,3.6,0.323806013485456
2026-03-17,2025-10-28,"3.85%",25,3.85,0
2026-03-17,2025-10-28,"4.10%",50,4.1,0
2026-03-17,2025-10-28,"4.35%",75,4.35,0
2026-03-17,2025-10-28,"4.60%",100,4.6,0
2026-03-17,2025-10-28,"4.85%",125,4.85,0
2026-03-17,2025-10-28,"5.10%",150,5.1,0
2026-03-17,2025-10-28,"5.35%",175,5.35,0
2026-03-17,2025-10-28,"5.60%",200,5.6,0
2026-03-17,2025-10-28,"5.85%",225,5.85,0
2026-03-17,2025-10-28,"6.10%",250,6.1,0
2026-03-17,2025-10-29,"0.10%",-300,0.1,0
2026-03-17,2025-10-29,"0.35%",-300,0.35,0
2026-03-17,2025-10-29,"0.60%",-300,0.6,0
2026-03-17,2025-10-29,"0.85%",-275,0.85,0
2026-03-17,2025-10-29,"1.10%",-250,1.1,0
2026-03-17,2025-10-29,"1.35%",-225,1.35,0
2026-03-17,2025-10-29,"1.60%",-200,1.6,0
2026-03-17,2025-10-29,"1.85%",-175,1.85,0
2026-03-17,2025-10-29,"2.10%",-150,2.1,0
2026-03-17,2025-10-29,"2.35%",-125,2.35,0
2026-03-17,2025-10-29,"2.60%",-100,2.6,0
2026-03-17,2025-10-29,"2.85%",-75,2.85,0
2026-03-17,2025-10-29,"3.10%",-50,3.1,0.025476622533955
2026-03-17,2025-10-29,"3.35%",-25,3.35,0.489754114745383
2026-03-17,2025-10-29,"3.60%",0,3.6,0.463497527931021
2026-03-17,2025-10-29,"3.85%",25,3.85,0.021271734789641
2026-03-17,2025-10-29,"4.10%",50,4.1,0
2026-03-17,2025-10-29,"4.35%",75,4.35,0
2026-03-17,2025-10-29,"4.60%",100,4.6,0
2026-03-17,2025-10-29,"4.85%",125,4.85,0
2026-03-17,2025-10-29,"5.10%",150,5.1,0
2026-03-17,2025-10-29,"5.35%",175,5.35,0
2026-03-17,2025-10-29,"5.60%",200,5.6,0
2026-03-17,2025-10-29,"5.85%",225,5.85,0
2026-03-17,2025-10-29,"6.10%",250,6.1,0
2026-03-17,2025-10-30,"0.10%",-300,0.1,0
2026-03-17,2025-10-30,"0.35%",-300,0.35,0
2026-03-17,2025-10-30,"0.60%",-300,0.6,0
2026-03-17,2025-10-30,"0.85%",-275,0.85,0
2026-03-17,2025-10-30,"1.10%",-250,1.1,0
2026-03-17,2025-10-30,"1.35%",-225,1.35,0
2026-03-17,2025-10-30,"1.60%",-200,1.6,0
2026-03-17,2025-10-30,"1.85%",-175,1.85,0
2026-03-17,2025-10-30,"2.10%",-150,2.1,0
2026-03-17,2025-10-30,"2.35%",-125,2.35,0
2026-03-17,2025-10-30,"2.60%",-100,2.6,0
2026-03-17,2025-10-30,"2.85%",-75,2.85,0
2026-03-17,2025-10-30,"3.10%",-50,3.1,0.0324082584785559
2026-03-17,2025-10-30,"3.35%",-25,3.35,0.607370279424895
2026-03-17,2025-10-30,"3.60%",0,3.6,0.360221462096549
2026-03-17,2025-10-30,"3.85%",25,3.85,0
2026-03-17,2025-10-30,"4.10%",50,4.1,0
2026-03-17,2025-10-30,"4.35%",75,4.35,0
2026-03-17,2025-10-30,"4.60%",100,4.6,0
2026-03-17,2025-10-30,"4.85%",125,4.85,0
2026-03-17,2025-10-30,"5.10%",150,5.1,0
2026-03-17,2025-10-30,"5.35%",175,5.35,0
2026-03-17,2025-10-30,"5.60%",200,5.6,0
2026-03-17,2025-10-30,"5.85%",225,5.85,0
2026-03-17,2025-10-30,"6.10%",250,6.1,0
2026-03-17,2025-10-31,"0.10%",-300,0.1,0
2026-03-17,2025-10-31,"0.35%",-300,0.35,0
2026-03-17,2025-10-31,"0.60%",-300,0.6,0
2026-03-17,2025-10-31,"0.85%",-275,0.85,0
2026-03-17,2025-10-31,"1.10%",-250,1.1,0
2026-03-17,2025-10-31,"1.35%",-225,1.35,0
2026-03-17,2025-10-31,"1.60%",-200,1.6,0
2026-03-17,2025-10-31,"1.85%",-175,1.85,0
2026-03-17,2025-10-31,"2.10%",-150,2.1,0
2026-03-17,2025-10-31,"2.35%",-125,2.35,0
2026-03-17,2025-10-31,"2.60%",-100,2.6,0
2026-03-17,2025-10-31,"2.85%",-75,2.85,0
2026-03-17,2025-10-31,"3.10%",-50,3.1,0.0330220781565822
2026-03-17,2025-10-31,"3.35%",-25,3.35,0.60686744986886
2026-03-17,2025-10-31,"3.60%",0,3.6,0.360110471974558
2026-03-17,2025-10-31,"3.85%",25,3.85,0
2026-03-17,2025-10-31,"4.10%",50,4.1,0
2026-03-17,2025-10-31,"4.35%",75,4.35,0
2026-03-17,2025-10-31,"4.60%",100,4.6,0
2026-03-17,2025-10-31,"4.85%",125,4.85,0
2026-03-17,2025-10-31,"5.10%",150,5.1,0
2026-03-17,2025-10-31,"5.35%",175,5.35,0
2026-03-17,2025-10-31,"5.60%",200,5.6,0
2026-03-17,2025-10-31,"5.85%",225,5.85,0
2026-03-17,2025-10-31,"6.10%",250,6.1,0
2026-03-17,2025-11-01,"0.10%",-300,0.1,0
2026-03-17,2025-11-01,"0.35%",-300,0.35,0
2026-03-17,2025-11-01,"0.60%",-300,0.6,0
2026-03-17,2025-11-01,"0.85%",-275,0.85,0
2026-03-17,2025-11-01,"1.10%",-250,1.1,0
2026-03-17,2025-11-01,"1.35%",-225,1.35,0
2026-03-17,2025-11-01,"1.60%",-200,1.6,0
2026-03-17,2025-11-01,"1.85%",-175,1.85,0
2026-03-17,2025-11-01,"2.10%",-150,2.1,0
2026-03-17,2025-11-01,"2.35%",-125,2.35,0
2026-03-17,2025-11-01,"2.60%",-100,2.6,0
2026-03-17,2025-11-01,"2.85%",-75,2.85,0
2026-03-17,2025-11-01,"3.10%",-50,3.1,0.0259009704247777
2026-03-17,2025-11-01,"3.35%",-25,3.35,0.620283590028387
2026-03-17,2025-11-01,"3.60%",0,3.6,0.353815439546836
2026-03-17,2025-11-01,"3.85%",25,3.85,0
2026-03-17,2025-11-01,"4.10%",50,4.1,0
2026-03-17,2025-11-01,"4.35%",75,4.35,0
2026-03-17,2025-11-01,"4.60%",100,4.6,0
2026-03-17,2025-11-01,"4.85%",125,4.85,0
2026-03-17,2025-11-01,"5.10%",150,5.1,0
2026-03-17,2025-11-01,"5.35%",175,5.35,0
2026-03-17,2025-11-01,"5.60%",200,5.6,0
2026-03-17,2025-11-01,"5.85%",225,5.85,0
2026-03-17,2025-11-01,"6.10%",250,6.1,0
2026-03-17,2025-11-02,"0.10%",-300,0.1,0
2026-03-17,2025-11-02,"0.35%",-300,0.35,0
2026-03-17,2025-11-02,"0.60%",-300,0.6,0
2026-03-17,2025-11-02,"0.85%",-275,0.85,0
2026-03-17,2025-11-02,"1.10%",-250,1.1,0
2026-03-17,2025-11-02,"1.35%",-225,1.35,0
2026-03-17,2025-11-02,"1.60%",-200,1.6,0
2026-03-17,2025-11-02,"1.85%",-175,1.85,0
2026-03-17,2025-11-02,"2.10%",-150,2.1,0
2026-03-17,2025-11-02,"2.35%",-125,2.35,0
2026-03-17,2025-11-02,"2.60%",-100,2.6,0
2026-03-17,2025-11-02,"2.85%",-75,2.85,0
2026-03-17,2025-11-02,"3.10%",-50,3.1,0.01071942359639
2026-03-17,2025-11-02,"3.35%",-25,3.35,0.55319507526747
2026-03-17,2025-11-02,"3.60%",0,3.6,0.43608550113614
2026-03-17,2025-11-02,"3.85%",25,3.85,0
2026-03-17,2025-11-02,"4.10%",50,4.1,0
2026-03-17,2025-11-02,"4.35%",75,4.35,0
2026-03-17,2025-11-02,"4.60%",100,4.6,0
2026-03-17,2025-11-02,"4.85%",125,4.85,0
2026-03-17,2025-11-02,"5.10%",150,5.1,0
2026-03-17,2025-11-02,"5.35%",175,5.35,0
2026-03-17,2025-11-02,"5.60%",200,5.6,0
2026-03-17,2025-11-02,"5.85%",225,5.85,0
2026-03-17,2025-11-02,"6.10%",250,6.1,0
2026-03-17,2025-11-03,"0.10%",-300,0.1,0
2026-03-17,2025-11-03,"0.35%",-300,0.35,0
2026-03-17,2025-11-03,"0.60%",-300,0.6,0
2026-03-17,2025-11-03,"0.85%",-275,0.85,0
2026-03-17,2025-11-03,"1.10%",-250,1.1,0
2026-03-17,2025-11-03,"1.35%",-225,1.35,0
2026-03-17,2025-11-03,"1.60%",-200,1.6,0
2026-03-17,2025-11-03,"1.85%",-175,1.85,0
2026-03-17,2025-11-03,"2.10%",-150,2.1,0
2026-03-17,2025-11-03,"2.35%",-125,2.35,0
2026-03-17,2025-11-03,"2.60%",-100,2.6,0
2026-03-17,2025-11-03,"2.85%",-75,2.85,0
2026-03-17,2025-11-03,"3.10%",-50,3.1,0
2026-03-17,2025-11-03,"3.35%",-25,3.35,0.281063652530447
2026-03-17,2025-11-03,"3.60%",0,3.6,0.698141022443526
2026-03-17,2025-11-03,"3.85%",25,3.85,0.0207953250260263
2026-03-17,2025-11-03,"4.10%",50,4.1,0
2026-03-17,2025-11-03,"4.35%",75,4.35,0
2026-03-17,2025-11-03,"4.60%",100,4.6,0
2026-03-17,2025-11-03,"4.85%",125,4.85,0
2026-03-17,2025-11-03,"5.10%",150,5.1,0
2026-03-17,2025-11-03,"5.35%",175,5.35,0
2026-03-17,2025-11-03,"5.60%",200,5.6,0
2026-03-17,2025-11-03,"5.85%",225,5.85,0
2026-03-17,2025-11-03,"6.10%",250,6.1,0
2026-03-17,2025-11-04,"0.10%",-300,0.1,0
2026-03-17,2025-11-04,"0.35%",-300,0.35,0
2026-03-17,2025-11-04,"0.60%",-300,0.6,0
2026-03-17,2025-11-04,"0.85%",-275,0.85,0
2026-03-17,2025-11-04,"1.10%",-250,1.1,0
2026-03-17,2025-11-04,"1.35%",-225,1.35,0
2026-03-17,2025-11-04,"1.60%",-200,1.6,0
2026-03-17,2025-11-04,"1.85%",-175,1.85,0
2026-03-17,2025-11-04,"2.10%",-150,2.1,0
2026-03-17,2025-11-04,"2.35%",-125,2.35,0
2026-03-17,2025-11-04,"2.60%",-100,2.6,0
2026-03-17,2025-11-04,"2.85%",-75,2.85,0
2026-03-17,2025-11-04,"3.10%",-50,3.1,0.0290037520131371
2026-03-17,2025-11-04,"3.35%",-25,3.35,0.565209165926857
2026-03-17,2025-11-04,"3.60%",0,3.6,0.405787082060006
2026-03-17,2025-11-04,"3.85%",25,3.85,0
2026-03-17,2025-11-04,"4.10%",50,4.1,0
2026-03-17,2025-11-04,"4.35%",75,4.35,0
2026-03-17,2025-11-04,"4.60%",100,4.6,0
2026-03-17,2025-11-04,"4.85%",125,4.85,0
2026-03-17,2025-11-04,"5.10%",150,5.1,0
2026-03-17,2025-11-04,"5.35%",175,5.35,0
2026-03-17,2025-11-04,"5.60%",200,5.6,0
2026-03-17,2025-11-04,"5.85%",225,5.85,0
2026-03-17,2025-11-04,"6.10%",250,6.1,0
2026-03-17,2025-11-05,"0.10%",-300,0.1,0
2026-03-17,2025-11-05,"0.35%",-300,0.35,0
2026-03-17,2025-11-05,"0.60%",-300,0.6,0
2026-03-17,2025-11-05,"0.85%",-275,0.85,0
2026-03-17,2025-11-05,"1.10%",-250,1.1,0
2026-03-17,2025-11-05,"1.35%",-225,1.35,0
2026-03-17,2025-11-05,"1.60%",-200,1.6,0
2026-03-17,2025-11-05,"1.85%",-175,1.85,0
2026-03-17,2025-11-05,"2.10%",-150,2.1,0
2026-03-17,2025-11-05,"2.35%",-125,2.35,0
2026-03-17,2025-11-05,"2.60%",-100,2.6,0
2026-03-17,2025-11-05,"2.85%",-75,2.85,0
2026-03-17,2025-11-05,"3.10%",-50,3.1,0.0238018418412391
2026-03-17,2025-11-05,"3.35%",-25,3.35,0.461840093048594
2026-03-17,2025-11-05,"3.60%",0,3.6,0.486226575999359
2026-03-17,2025-11-05,"3.85%",25,3.85,0.0281314891108075
2026-03-17,2025-11-05,"4.10%",50,4.1,0
2026-03-17,2025-11-05,"4.35%",75,4.35,0
2026-03-17,2025-11-05,"4.60%",100,4.6,0
2026-03-17,2025-11-05,"4.85%",125,4.85,0
2026-03-17,2025-11-05,"5.10%",150,5.1,0
2026-03-17,2025-11-05,"5.35%",175,5.35,0
2026-03-17,2025-11-05,"5.60%",200,5.6,0
2026-03-17,2025-11-05,"5.85%",225,5.85,0
2026-03-17,2025-11-05,"6.10%",250,6.1,0
2026-03-17,2025-11-06,"0.10%",-300,0.1,0
2026-03-17,2025-11-06,"0.35%",-300,0.35,0
2026-03-17,2025-11-06,"0.60%",-300,0.6,0
2026-03-17,2025-11-06,"0.85%",-275,0.85,0
2026-03-17,2025-11-06,"1.10%",-250,1.1,0
2026-03-17,2025-11-06,"1.35%",-225,1.35,0
2026-03-17,2025-11-06,"1.60%",-200,1.6,0
2026-03-17,2025-11-06,"1.85%",-175,1.85,0
2026-03-17,2025-11-06,"2.10%",-150,2.1,0
2026-03-17,2025-11-06,"2.35%",-125,2.35,0
2026-03-17,2025-11-06,"2.60%",-100,2.6,0
2026-03-17,2025-11-06,"2.85%",-75,2.85,0
2026-03-17,2025-11-06,"3.10%",-50,3.1,0.0573119654086148
2026-03-17,2025-11-06,"3.35%",-25,3.35,0.518060873532786
2026-03-17,2025-11-06,"3.60%",0,3.6,0.399429008260225
2026-03-17,2025-11-06,"3.85%",25,3.85,0.025198152798374
2026-03-17,2025-11-06,"4.10%",50,4.1,0
2026-03-17,2025-11-06,"4.35%",75,4.35,0
2026-03-17,2025-11-06,"4.60%",100,4.6,0
2026-03-17,2025-11-06,"4.85%",125,4.85,0
2026-03-17,2025-11-06,"5.10%",150,5.1,0
2026-03-17,2025-11-06,"5.35%",175,5.35,0
2026-03-17,2025-11-06,"5.60%",200,5.6,0
2026-03-17,2025-11-06,"5.85%",225,5.85,0
2026-03-17,2025-11-06,"6.10%",250,6.1,0
2026-03-17,2025-11-07,"0.10%",-300,0.1,0
2026-03-17,2025-11-07,"0.35%",-300,0.35,0
2026-03-17,2025-11-07,"0.60%",-300,0.6,0
2026-03-17,2025-11-07,"0.85%",-275,0.85,0
2026-03-17,2025-11-07,"1.10%",-250,1.1,0
2026-03-17,2025-11-07,"1.35%",-225,1.35,0
2026-03-17,2025-11-07,"1.60%",-200,1.6,0
2026-03-17,2025-11-07,"1.85%",-175,1.85,0
2026-03-17,2025-11-07,"2.10%",-150,2.1,0
2026-03-17,2025-11-07,"2.35%",-125,2.35,0
2026-03-17,2025-11-07,"2.60%",-100,2.6,0
2026-03-17,2025-11-07,"2.85%",-75,2.85,0
2026-03-17,2025-11-07,"3.10%",-50,3.1,0.0505034386291855
2026-03-17,2025-11-07,"3.35%",-25,3.35,0.529697836987025
2026-03-17,2025-11-07,"3.60%",0,3.6,0.399313893662283
2026-03-17,2025-11-07,"3.85%",25,3.85,0.0204848307215068
2026-03-17,2025-11-07,"4.10%",50,4.1,0
2026-03-17,2025-11-07,"4.35%",75,4.35,0
2026-03-17,2025-11-07,"4.60%",100,4.6,0
2026-03-17,2025-11-07,"4.85%",125,4.85,0
2026-03-17,2025-11-07,"5.10%",150,5.1,0
2026-03-17,2025-11-07,"5.35%",175,5.35,0
2026-03-17,2025-11-07,"5.60%",200,5.6,0
2026-03-17,2025-11-07,"5.85%",225,5.85,0
2026-03-17,2025-11-07,"6.10%",250,6.1,0
2026-03-17,2025-11-08,"0.10%",-300,0.1,0
2026-03-17,2025-11-08,"0.35%",-300,0.35,0
2026-03-17,2025-11-08,"0.60%",-300,0.6,0
2026-03-17,2025-11-08,"0.85%",-275,0.85,0
2026-03-17,2025-11-08,"1.10%",-250,1.1,0
2026-03-17,2025-11-08,"1.35%",-225,1.35,0
2026-03-17,2025-11-08,"1.60%",-200,1.6,0
2026-03-17,2025-11-08,"1.85%",-175,1.85,0
2026-03-17,2025-11-08,"2.10%",-150,2.1,0
2026-03-17,2025-11-08,"2.35%",-125,2.35,0
2026-03-17,2025-11-08,"2.60%",-100,2.6,0
2026-03-17,2025-11-08,"2.85%",-75,2.85,0
2026-03-17,2025-11-08,"3.10%",-50,3.1,0.0748033640532378
2026-03-17,2025-11-08,"3.35%",-25,3.35,0.495267558579324
2026-03-17,2025-11-08,"3.60%",0,3.6,0.393339133143931
2026-03-17,2025-11-08,"3.85%",25,3.85,0.0365899442235073
2026-03-17,2025-11-08,"4.10%",50,4.1,0
2026-03-17,2025-11-08,"4.35%",75,4.35,0
2026-03-17,2025-11-08,"4.60%",100,4.6,0
2026-03-17,2025-11-08,"4.85%",125,4.85,0
2026-03-17,2025-11-08,"5.10%",150,5.1,0
2026-03-17,2025-11-08,"5.35%",175,5.35,0
2026-03-17,2025-11-08,"5.60%",200,5.6,0
2026-03-17,2025-11-08,"5.85%",225,5.85,0
2026-03-17,2025-11-08,"6.10%",250,6.1,0
2026-03-17,2025-11-09,"0.10%",-300,0.1,0
2026-03-17,2025-11-09,"0.35%",-300,0.35,0
2026-03-17,2025-11-09,"0.60%",-300,0.6,0
2026-03-17,2025-11-09,"0.85%",-275,0.85,0
2026-03-17,2025-11-09,"1.10%",-250,1.1,0
2026-03-17,2025-11-09,"1.35%",-225,1.35,0
2026-03-17,2025-11-09,"1.60%",-200,1.6,0
2026-03-17,2025-11-09,"1.85%",-175,1.85,0
2026-03-17,2025-11-09,"2.10%",-150,2.1,0
2026-03-17,2025-11-09,"2.35%",-125,2.35,0
2026-03-17,2025-11-09,"2.60%",-100,2.6,0
2026-03-17,2025-11-09,"2.85%",-75,2.85,0
2026-03-17,2025-11-09,"3.10%",-50,3.1,0.0569913997323017
2026-03-17,2025-11-09,"3.35%",-25,3.35,0.38844135771653
2026-03-17,2025-11-09,"3.60%",0,3.6,0.45939089737394
2026-03-17,2025-11-09,"3.85%",25,3.85,0.0951763451772289
2026-03-17,2025-11-09,"4.10%",50,4.1,0
2026-03-17,2025-11-09,"4.35%",75,4.35,0
2026-03-17,2025-11-09,"4.60%",100,4.6,0
2026-03-17,2025-11-09,"4.85%",125,4.85,0
2026-03-17,2025-11-09,"5.10%",150,5.1,0
2026-03-17,2025-11-09,"5.35%",175,5.35,0
2026-03-17,2025-11-09,"5.60%",200,5.6,0
2026-03-17,2025-11-09,"5.85%",225,5.85,0
2026-03-17,2025-11-09,"6.10%",250,6.1,0
2026-03-17,2025-11-10,"0.10%",-300,0.1,0
2026-03-17,2025-11-10,"0.35%",-300,0.35,0
2026-03-17,2025-11-10,"0.60%",-300,0.6,0
2026-03-17,2025-11-10,"0.85%",-275,0.85,0
2026-03-17,2025-11-10,"1.10%",-250,1.1,0
2026-03-17,2025-11-10,"1.35%",-225,1.35,0
2026-03-17,2025-11-10,"1.60%",-200,1.6,0
2026-03-17,2025-11-10,"1.85%",-175,1.85,0
2026-03-17,2025-11-10,"2.10%",-150,2.1,0
2026-03-17,2025-11-10,"2.35%",-125,2.35,0
2026-03-17,2025-11-10,"2.60%",-100,2.6,0
2026-03-17,2025-11-10,"2.85%",-75,2.85,0
2026-03-17,2025-11-10,"3.10%",-50,3.1,0.0729060867023225
2026-03-17,2025-11-10,"3.35%",-25,3.35,0.369842448140373
2026-03-17,2025-11-10,"3.60%",0,3.6,0.436634494784683
2026-03-17,2025-11-10,"3.85%",25,3.85,0.120616970372621
2026-03-17,2025-11-10,"4.10%",50,4.1,0
2026-03-17,2025-11-10,"4.35%",75,4.35,0
2026-03-17,2025-11-10,"4.60%",100,4.6,0
2026-03-17,2025-11-10,"4.85%",125,4.85,0
2026-03-17,2025-11-10,"5.10%",150,5.1,0
2026-03-17,2025-11-10,"5.35%",175,5.35,0
2026-03-17,2025-11-10,"5.60%",200,5.6,0
2026-03-17,2025-11-10,"5.85%",225,5.85,0
2026-03-17,2025-11-10,"6.10%",250,6.1,0
2026-03-17,2025-11-11,"0.10%",-300,0.1,0
2026-03-17,2025-11-11,"0.35%",-300,0.35,0
2026-03-17,2025-11-11,"0.60%",-300,0.6,0
2026-03-17,2025-11-11,"0.85%",-275,0.85,0
2026-03-17,2025-11-11,"1.10%",-250,1.1,0
2026-03-17,2025-11-11,"1.35%",-225,1.35,0
2026-03-17,2025-11-11,"1.60%",-200,1.6,0
2026-03-17,2025-11-11,"1.85%",-175,1.85,0
2026-03-17,2025-11-11,"2.10%",-150,2.1,0
2026-03-17,2025-11-11,"2.35%",-125,2.35,0
2026-03-17,2025-11-11,"2.60%",-100,2.6,0
2026-03-17,2025-11-11,"2.85%",-75,2.85,0
2026-03-17,2025-11-11,"3.10%",-50,3.1,0.032765160205916
2026-03-17,2025-11-11,"3.35%",-25,3.35,0.359084825638044
2026-03-17,2025-11-11,"3.60%",0,3.6,0.510838210813853
2026-03-17,2025-11-11,"3.85%",25,3.85,0.0973118033421868
2026-03-17,2025-11-11,"4.10%",50,4.1,0
2026-03-17,2025-11-11,"4.35%",75,4.35,0
2026-03-17,2025-11-11,"4.60%",100,4.6,0
2026-03-17,2025-11-11,"4.85%",125,4.85,0
2026-03-17,2025-11-11,"5.10%",150,5.1,0
2026-03-17,2025-11-11,"5.35%",175,5.35,0
2026-03-17,2025-11-11,"5.60%",200,5.6,0
2026-03-17,2025-11-11,"5.85%",225,5.85,0
2026-03-17,2025-11-11,"6.10%",250,6.1,0
2026-03-17,2025-11-12,"0.10%",-300,0.1,0
2026-03-17,2025-11-12,"0.35%",-300,0.35,0
2026-03-17,2025-11-12,"0.60%",-300,0.6,0
2026-03-17,2025-11-12,"0.85%",-275,0.85,0
2026-03-17,2025-11-12,"1.10%",-250,1.1,0
2026-03-17,2025-11-12,"1.35%",-225,1.35,0
2026-03-17,2025-11-12,"1.60%",-200,1.6,0
2026-03-17,2025-11-12,"1.85%",-175,1.85,0
2026-03-17,2025-11-12,"2.10%",-150,2.1,0
2026-03-17,2025-11-12,"2.35%",-125,2.35,0
2026-03-17,2025-11-12,"2.60%",-100,2.6,0
2026-03-17,2025-11-12,"2.85%",-75,2.85,0
2026-03-17,2025-11-12,"3.10%",-50,3.1,0.034972667464217
2026-03-17,2025-11-12,"3.35%",-25,3.35,0.317875621085575
2026-03-17,2025-11-12,"3.60%",0,3.6,0.504110941100296
2026-03-17,2025-11-12,"3.85%",25,3.85,0.143040770349911
2026-03-17,2025-11-12,"4.10%",50,4.1,0
2026-03-17,2025-11-12,"4.35%",75,4.35,0
2026-03-17,2025-11-12,"4.60%",100,4.6,0
2026-03-17,2025-11-12,"4.85%",125,4.85,0
2026-03-17,2025-11-12,"5.10%",150,5.1,0
2026-03-17,2025-11-12,"5.35%",175,5.35,0
2026-03-17,2025-11-12,"5.60%",200,5.6,0
2026-03-17,2025-11-12,"5.85%",225,5.85,0
2026-03-17,2025-11-12,"6.10%",250,6.1,0
2026-03-17,2025-11-13,"0.10%",-300,0.1,0
2026-03-17,2025-11-13,"0.35%",-300,0.35,0
2026-03-17,2025-11-13,"0.60%",-300,0.6,0
2026-03-17,2025-11-13,"0.85%",-275,0.85,0
2026-03-17,2025-11-13,"1.10%",-250,1.1,0
2026-03-17,2025-11-13,"1.35%",-225,1.35,0
2026-03-17,2025-11-13,"1.60%",-200,1.6,0
2026-03-17,2025-11-13,"1.85%",-175,1.85,0
2026-03-17,2025-11-13,"2.10%",-150,2.1,0
2026-03-17,2025-11-13,"2.35%",-125,2.35,0
2026-03-17,2025-11-13,"2.60%",-100,2.6,0
2026-03-17,2025-11-13,"2.85%",-75,2.85,0
2026-03-17,2025-11-13,"3.10%",-50,3.1,0.0231705138103407
2026-03-17,2025-11-13,"3.35%",-25,3.35,0.331611423584276
2026-03-17,2025-11-13,"3.60%",0,3.6,0.539990593398972
2026-03-17,2025-11-13,"3.85%",25,3.85,0.105227469206412
2026-03-17,2025-11-13,"4.10%",50,4.1,0
2026-03-17,2025-11-13,"4.35%",75,4.35,0
2026-03-17,2025-11-13,"4.60%",100,4.6,0
2026-03-17,2025-11-13,"4.85%",125,4.85,0
2026-03-17,2025-11-13,"5.10%",150,5.1,0
2026-03-17,2025-11-13,"5.35%",175,5.35,0
2026-03-17,2025-11-13,"5.60%",200,5.6,0
2026-03-17,2025-11-13,"5.85%",225,5.85,0
2026-03-17,2025-11-13,"6.10%",250,6.1,0
2026-03-17,2025-11-14,"0.10%",-300,0.1,0
2026-03-17,2025-11-14,"0.35%",-300,0.35,0
2026-03-17,2025-11-14,"0.60%",-300,0.6,0
2026-03-17,2025-11-14,"0.85%",-275,0.85,0
2026-03-17,2025-11-14,"1.10%",-250,1.1,0
2026-03-17,2025-11-14,"1.35%",-225,1.35,0
2026-03-17,2025-11-14,"1.60%",-200,1.6,0
2026-03-17,2025-11-14,"1.85%",-175,1.85,0
2026-03-17,2025-11-14,"2.10%",-150,2.1,0
2026-03-17,2025-11-14,"2.35%",-125,2.35,0
2026-03-17,2025-11-14,"2.60%",-100,2.6,0
2026-03-17,2025-11-14,"2.85%",-75,2.85,0
2026-03-17,2025-11-14,"3.10%",-50,3.1,0.0203300098884147
2026-03-17,2025-11-14,"3.35%",-25,3.35,0.330458894060695
2026-03-17,2025-11-14,"3.60%",0,3.6,0.549788055380416
2026-03-17,2025-11-14,"3.85%",25,3.85,0.0994230406704748
2026-03-17,2025-11-14,"4.10%",50,4.1,0
2026-03-17,2025-11-14,"4.35%",75,4.35,0
2026-03-17,2025-11-14,"4.60%",100,4.6,0
2026-03-17,2025-11-14,"4.85%",125,4.85,0
2026-03-17,2025-11-14,"5.10%",150,5.1,0
2026-03-17,2025-11-14,"5.35%",175,5.35,0
2026-03-17,2025-11-14,"5.60%",200,5.6,0
2026-03-17,2025-11-14,"5.85%",225,5.85,0
2026-03-17,2025-11-14,"6.10%",250,6.1,0
2026-03-17,2025-11-15,"0.10%",-300,0.1,0
2026-03-17,2025-11-15,"0.35%",-300,0.35,0
2026-03-17,2025-11-15,"0.60%",-300,0.6,0
2026-03-17,2025-11-15,"0.85%",-275,0.85,0
2026-03-17,2025-11-15,"1.10%",-250,1.1,0
2026-03-17,2025-11-15,"1.35%",-225,1.35,0
2026-03-17,2025-11-15,"1.60%",-200,1.6,0
2026-03-17,2025-11-15,"1.85%",-175,1.85,0
2026-03-17,2025-11-15,"2.10%",-150,2.1,0
2026-03-17,2025-11-15,"2.35%",-125,2.35,0
2026-03-17,2025-11-15,"2.60%",-100,2.6,0
2026-03-17,2025-11-15,"2.85%",-75,2.85,0
2026-03-17,2025-11-15,"3.10%",-50,3.1,0.0232315666506507
2026-03-17,2025-11-15,"3.35%",-25,3.35,0.331632131488705
2026-03-17,2025-11-15,"3.60%",0,3.6,0.539788846685774
2026-03-17,2025-11-15,"3.85%",25,3.85,0.10534745517487
2026-03-17,2025-11-15,"4.10%",50,4.1,0
2026-03-17,2025-11-15,"4.35%",75,4.35,0
2026-03-17,2025-11-15,"4.60%",100,4.6,0
2026-03-17,2025-11-15,"4.85%",125,4.85,0
2026-03-17,2025-11-15,"5.10%",150,5.1,0
2026-03-17,2025-11-15,"5.35%",175,5.35,0
2026-03-17,2025-11-15,"5.60%",200,5.6,0
2026-03-17,2025-11-15,"5.85%",225,5.85,0
2026-03-17,2025-11-15,"6.10%",250,6.1,0
2026-03-17,2025-11-16,"0.10%",-300,0.1,0
2026-03-17,2025-11-16,"0.35%",-300,0.35,0
2026-03-17,2025-11-16,"0.60%",-300,0.6,0
2026-03-17,2025-11-16,"0.85%",-275,0.85,0
2026-03-17,2025-11-16,"1.10%",-250,1.1,0
2026-03-17,2025-11-16,"1.35%",-225,1.35,0
2026-03-17,2025-11-16,"1.60%",-200,1.6,0
2026-03-17,2025-11-16,"1.85%",-175,1.85,0
2026-03-17,2025-11-16,"2.10%",-150,2.1,0
2026-03-17,2025-11-16,"2.35%",-125,2.35,0
2026-03-17,2025-11-16,"2.60%",-100,2.6,0
2026-03-17,2025-11-16,"2.85%",-75,2.85,0
2026-03-17,2025-11-16,"3.10%",-50,3.1,0.028540924533514
2026-03-17,2025-11-16,"3.35%",-25,3.35,0.343709301381189
2026-03-17,2025-11-16,"3.60%",0,3.6,0.523182447834403
2026-03-17,2025-11-16,"3.85%",25,3.85,0.104567326250894
2026-03-17,2025-11-16,"4.10%",50,4.1,0
2026-03-17,2025-11-16,"4.35%",75,4.35,0
2026-03-17,2025-11-16,"4.60%",100,4.6,0
2026-03-17,2025-11-16,"4.85%",125,4.85,0
2026-03-17,2025-11-16,"5.10%",150,5.1,0
2026-03-17,2025-11-16,"5.35%",175,5.35,0
2026-03-17,2025-11-16,"5.60%",200,5.6,0
2026-03-17,2025-11-16,"5.85%",225,5.85,0
2026-03-17,2025-11-16,"6.10%",250,6.1,0
2026-03-17,2025-11-17,"0.10%",-300,0.1,0
2026-03-17,2025-11-17,"0.35%",-300,0.35,0
2026-03-17,2025-11-17,"0.60%",-300,0.6,0
2026-03-17,2025-11-17,"0.85%",-275,0.85,0
2026-03-17,2025-11-17,"1.10%",-250,1.1,0
2026-03-17,2025-11-17,"1.35%",-225,1.35,0
2026-03-17,2025-11-17,"1.60%",-200,1.6,0
2026-03-17,2025-11-17,"1.85%",-175,1.85,0
2026-03-17,2025-11-17,"2.10%",-150,2.1,0
2026-03-17,2025-11-17,"2.35%",-125,2.35,0
2026-03-17,2025-11-17,"2.60%",-100,2.6,0
2026-03-17,2025-11-17,"2.85%",-75,2.85,0
2026-03-17,2025-11-17,"3.10%",-50,3.1,0.0671960583878113
2026-03-17,2025-11-17,"3.35%",-25,3.35,0.449664806164956
2026-03-17,2025-11-17,"3.60%",0,3.6,0.426178307640004
2026-03-17,2025-11-17,"3.85%",25,3.85,0.0569608278072285
2026-03-17,2025-11-17,"4.10%",50,4.1,0
2026-03-17,2025-11-17,"4.35%",75,4.35,0
2026-03-17,2025-11-17,"4.60%",100,4.6,0
2026-03-17,2025-11-17,"4.85%",125,4.85,0
2026-03-17,2025-11-17,"5.10%",150,5.1,0
2026-03-17,2025-11-17,"5.35%",175,5.35,0
2026-03-17,2025-11-17,"5.60%",200,5.6,0
2026-03-17,2025-11-17,"5.85%",225,5.85,0
2026-03-17,2025-11-17,"6.10%",250,6.1,0
2026-03-17,2025-11-18,"0.10%",-300,0.1,0
2026-03-17,2025-11-18,"0.35%",-300,0.35,0
2026-03-17,2025-11-18,"0.60%",-300,0.6,0
2026-03-17,2025-11-18,"0.85%",-275,0.85,0
2026-03-17,2025-11-18,"1.10%",-250,1.1,0
2026-03-17,2025-11-18,"1.35%",-225,1.35,0
2026-03-17,2025-11-18,"1.60%",-200,1.6,0
2026-03-17,2025-11-18,"1.85%",-175,1.85,0
2026-03-17,2025-11-18,"2.10%",-150,2.1,0
2026-03-17,2025-11-18,"2.35%",-125,2.35,0
2026-03-17,2025-11-18,"2.60%",-100,2.6,0
2026-03-17,2025-11-18,"2.85%",-75,2.85,0
2026-03-17,2025-11-18,"3.10%",-50,3.1,0.0665774756454115
2026-03-17,2025-11-18,"3.35%",-25,3.35,0.426829753630509
2026-03-17,2025-11-18,"3.60%",0,3.6,0.435687104608804
2026-03-17,2025-11-18,"3.85%",25,3.85,0.0709056661152758
2026-03-17,2025-11-18,"4.10%",50,4.1,0
2026-03-17,2025-11-18,"4.35%",75,4.35,0
2026-03-17,2025-11-18,"4.60%",100,4.6,0
2026-03-17,2025-11-18,"4.85%",125,4.85,0
2026-03-17,2025-11-18,"5.10%",150,5.1,0
2026-03-17,2025-11-18,"5.35%",175,5.35,0
2026-03-17,2025-11-18,"5.60%",200,5.6,0
2026-03-17,2025-11-18,"5.85%",225,5.85,0
2026-03-17,2025-11-18,"6.10%",250,6.1,0
2026-03-17,2025-11-19,"0.10%",-300,0.1,0
2026-03-17,2025-11-19,"0.35%",-300,0.35,0
2026-03-17,2025-11-19,"0.60%",-300,0.6,0
2026-03-17,2025-11-19,"0.85%",-275,0.85,0
2026-03-17,2025-11-19,"1.10%",-250,1.1,0
2026-03-17,2025-11-19,"1.35%",-225,1.35,0
2026-03-17,2025-11-19,"1.60%",-200,1.6,0
2026-03-17,2025-11-19,"1.85%",-175,1.85,0
2026-03-17,2025-11-19,"2.10%",-150,2.1,0
2026-03-17,2025-11-19,"2.35%",-125,2.35,0
2026-03-17,2025-11-19,"2.60%",-100,2.6,0
2026-03-17,2025-11-19,"2.85%",-75,2.85,0
2026-03-17,2025-11-19,"3.10%",-50,3.1,0.0300318694570997
2026-03-17,2025-11-19,"3.35%",-25,3.35,0.322994005546841
2026-03-17,2025-11-19,"3.60%",0,3.6,0.518520149120333
2026-03-17,2025-11-19,"3.85%",25,3.85,0.128453975875727
2026-03-17,2025-11-19,"4.10%",50,4.1,0
2026-03-17,2025-11-19,"4.35%",75,4.35,0
2026-03-17,2025-11-19,"4.60%",100,4.6,0
2026-03-17,2025-11-19,"4.85%",125,4.85,0
2026-03-17,2025-11-19,"5.10%",150,5.1,0
2026-03-17,2025-11-19,"5.35%",175,5.35,0
2026-03-17,2025-11-19,"5.60%",200,5.6,0
2026-03-17,2025-11-19,"5.85%",225,5.85,0
2026-03-17,2025-11-19,"6.10%",250,6.1,0
2026-03-17,2025-11-20,"0.10%",-300,0.1,0
2026-03-17,2025-11-20,"0.35%",-300,0.35,0
2026-03-17,2025-11-20,"0.60%",-300,0.6,0
2026-03-17,2025-11-20,"0.85%",-275,0.85,0
2026-03-17,2025-11-20,"1.10%",-250,1.1,0
2026-03-17,2025-11-20,"1.35%",-225,1.35,0
2026-03-17,2025-11-20,"1.60%",-200,1.6,0
2026-03-17,2025-11-20,"1.85%",-175,1.85,0
2026-03-17,2025-11-20,"2.10%",-150,2.1,0
2026-03-17,2025-11-20,"2.35%",-125,2.35,0
2026-03-17,2025-11-20,"2.60%",-100,2.6,0
2026-03-17,2025-11-20,"2.85%",-75,2.85,0
2026-03-17,2025-11-20,"3.10%",-50,3.1,0.0353245429188431
2026-03-17,2025-11-20,"3.35%",-25,3.35,0.368017831288527
2026-03-17,2025-11-20,"3.60%",0,3.6,0.503621787094043
2026-03-17,2025-11-20,"3.85%",25,3.85,0.0930358386985869
2026-03-17,2025-11-20,"4.10%",50,4.1,0
2026-03-17,2025-11-20,"4.35%",75,4.35,0
2026-03-17,2025-11-20,"4.60%",100,4.6,0
2026-03-17,2025-11-20,"4.85%",125,4.85,0
2026-03-17,2025-11-20,"5.10%",150,5.1,0
2026-03-17,2025-11-20,"5.35%",175,5.35,0
2026-03-17,2025-11-20,"5.60%",200,5.6,0
2026-03-17,2025-11-20,"5.85%",225,5.85,0
2026-03-17,2025-11-20,"6.10%",250,6.1,0
2026-03-17,2025-11-21,"0.10%",-300,0.1,0
2026-03-17,2025-11-21,"0.35%",-300,0.35,0
2026-03-17,2025-11-21,"0.60%",-300,0.6,0
2026-03-17,2025-11-21,"0.85%",-275,0.85,0
2026-03-17,2025-11-21,"1.10%",-250,1.1,0
2026-03-17,2025-11-21,"1.35%",-225,1.35,0
2026-03-17,2025-11-21,"1.60%",-200,1.6,0
2026-03-17,2025-11-21,"1.85%",-175,1.85,0
2026-03-17,2025-11-21,"2.10%",-150,2.1,0
2026-03-17,2025-11-21,"2.35%",-125,2.35,0
2026-03-17,2025-11-21,"2.60%",-100,2.6,0
2026-03-17,2025-11-21,"2.85%",-75,2.85,0
2026-03-17,2025-11-21,"3.10%",-50,3.1,0
2026-03-17,2025-11-21,"3.35%",-25,3.35,0.360556977719502
2026-03-17,2025-11-21,"3.60%",0,3.6,0.607265200423128
2026-03-17,2025-11-21,"3.85%",25,3.85,0.0321778218573702
2026-03-17,2025-11-21,"4.10%",50,4.1,0
2026-03-17,2025-11-21,"4.35%",75,4.35,0
2026-03-17,2025-11-21,"4.60%",100,4.6,0
2026-03-17,2025-11-21,"4.85%",125,4.85,0
2026-03-17,2025-11-21,"5.10%",150,5.1,0
2026-03-17,2025-11-21,"5.35%",175,5.35,0
2026-03-17,2025-11-21,"5.60%",200,5.6,0
2026-03-17,2025-11-21,"5.85%",225,5.85,0
2026-03-17,2025-11-21,"6.10%",250,6.1,0
2026-03-17,2025-11-22,"0.10%",-300,0.1,0
2026-03-17,2025-11-22,"0.35%",-300,0.35,0
2026-03-17,2025-11-22,"0.60%",-300,0.6,0
2026-03-17,2025-11-22,"0.85%",-275,0.85,0
2026-03-17,2025-11-22,"1.10%",-250,1.1,0
2026-03-17,2025-11-22,"1.35%",-225,1.35,0
2026-03-17,2025-11-22,"1.60%",-200,1.6,0
2026-03-17,2025-11-22,"1.85%",-175,1.85,0
2026-03-17,2025-11-22,"2.10%",-150,2.1,0
2026-03-17,2025-11-22,"2.35%",-125,2.35,0
2026-03-17,2025-11-22,"2.60%",-100,2.6,0
2026-03-17,2025-11-22,"2.85%",-75,2.85,0
2026-03-17,2025-11-22,"3.10%",-50,3.1,0
2026-03-17,2025-11-22,"3.35%",-25,3.35,0.365708007198727
2026-03-17,2025-11-22,"3.60%",0,3.6,0.594701664109733
2026-03-17,2025-11-22,"3.85%",25,3.85,0.0395903286915405
2026-03-17,2025-11-22,"4.10%",50,4.1,0
2026-03-17,2025-11-22,"4.35%",75,4.35,0
2026-03-17,2025-11-22,"4.60%",100,4.6,0
2026-03-17,2025-11-22,"4.85%",125,4.85,0
2026-03-17,2025-11-22,"5.10%",150,5.1,0
2026-03-17,2025-11-22,"5.35%",175,5.35,0
2026-03-17,2025-11-22,"5.60%",200,5.6,0
2026-03-17,2025-11-22,"5.85%",225,5.85,0
2026-03-17,2025-11-22,"6.10%",250,6.1,0
2026-03-17,2025-11-23,"0.10%",-300,0.1,0
2026-03-17,2025-11-23,"0.35%",-300,0.35,0
2026-03-17,2025-11-23,"0.60%",-300,0.6,0
2026-03-17,2025-11-23,"0.85%",-275,0.85,0
2026-03-17,2025-11-23,"1.10%",-250,1.1,0
2026-03-17,2025-11-23,"1.35%",-225,1.35,0
2026-03-17,2025-11-23,"1.60%",-200,1.6,0
2026-03-17,2025-11-23,"1.85%",-175,1.85,0
2026-03-17,2025-11-23,"2.10%",-150,2.1,0
2026-03-17,2025-11-23,"2.35%",-125,2.35,0
2026-03-17,2025-11-23,"2.60%",-100,2.6,0
2026-03-17,2025-11-23,"2.85%",-75,2.85,0
2026-03-17,2025-11-23,"3.10%",-50,3.1,0
2026-03-17,2025-11-23,"3.35%",-25,3.35,0.357820993938098
2026-03-17,2025-11-23,"3.60%",0,3.6,0.591380205380684
2026-03-17,2025-11-23,"3.85%",25,3.85,0.0507988006812176
2026-03-17,2025-11-23,"4.10%",50,4.1,0
2026-03-17,2025-11-23,"4.35%",75,4.35,0
2026-03-17,2025-11-23,"4.60%",100,4.6,0
2026-03-17,2025-11-23,"4.85%",125,4.85,0
2026-03-17,2025-11-23,"5.10%",150,5.1,0
2026-03-17,2025-11-23,"5.35%",175,5.35,0
2026-03-17,2025-11-23,"5.60%",200,5.6,0
2026-03-17,2025-11-23,"5.85%",225,5.85,0
2026-03-17,2025-11-23,"6.10%",250,6.1,0
2026-03-17,2025-11-24,"0.10%",-300,0.1,0
2026-03-17,2025-11-24,"0.35%",-300,0.35,0
2026-03-17,2025-11-24,"0.60%",-300,0.6,0
2026-03-17,2025-11-24,"0.85%",-275,0.85,0
2026-03-17,2025-11-24,"1.10%",-250,1.1,0
2026-03-17,2025-11-24,"1.35%",-225,1.35,0
2026-03-17,2025-11-24,"1.60%",-200,1.6,0
2026-03-17,2025-11-24,"1.85%",-175,1.85,0
2026-03-17,2025-11-24,"2.10%",-150,2.1,0
2026-03-17,2025-11-24,"2.35%",-125,2.35,0
2026-03-17,2025-11-24,"2.60%",-100,2.6,0
2026-03-17,2025-11-24,"2.85%",-75,2.85,0
2026-03-17,2025-11-24,"3.10%",-50,3.1,0
2026-03-17,2025-11-24,"3.35%",-25,3.35,0.321778115883692
2026-03-17,2025-11-24,"3.60%",0,3.6,0.60466963525121
2026-03-17,2025-11-24,"3.85%",25,3.85,0.073552248865098
2026-03-17,2025-11-24,"4.10%",50,4.1,0
2026-03-17,2025-11-24,"4.35%",75,4.35,0
2026-03-17,2025-11-24,"4.60%",100,4.6,0
2026-03-17,2025-11-24,"4.85%",125,4.85,0
2026-03-17,2025-11-24,"5.10%",150,5.1,0
2026-03-17,2025-11-24,"5.35%",175,5.35,0
2026-03-17,2025-11-24,"5.60%",200,5.6,0
2026-03-17,2025-11-24,"5.85%",225,5.85,0
2026-03-17,2025-11-24,"6.10%",250,6.1,0
2026-03-17,2025-11-25,"0.10%",-300,0.1,0
2026-03-17,2025-11-25,"0.35%",-300,0.35,0
2026-03-17,2025-11-25,"0.60%",-300,0.6,0
2026-03-17,2025-11-25,"0.85%",-275,0.85,0
2026-03-17,2025-11-25,"1.10%",-250,1.1,0
2026-03-17,2025-11-25,"1.35%",-225,1.35,0
2026-03-17,2025-11-25,"1.60%",-200,1.6,0
2026-03-17,2025-11-25,"1.85%",-175,1.85,0
2026-03-17,2025-11-25,"2.10%",-150,2.1,0
2026-03-17,2025-11-25,"2.35%",-125,2.35,0
2026-03-17,2025-11-25,"2.60%",-100,2.6,0
2026-03-17,2025-11-25,"2.85%",-75,2.85,0
2026-03-17,2025-11-25,"3.10%",-50,3.1,0
2026-03-17,2025-11-25,"3.35%",-25,3.35,0.178819977229883
2026-03-17,2025-11-25,"3.60%",0,3.6,0.653008173267262
2026-03-17,2025-11-25,"3.85%",25,3.85,0.168171849502855
2026-03-17,2025-11-25,"4.10%",50,4.1,0
2026-03-17,2025-11-25,"4.35%",75,4.35,0
2026-03-17,2025-11-25,"4.60%",100,4.6,0
2026-03-17,2025-11-25,"4.85%",125,4.85,0
2026-03-17,2025-11-25,"5.10%",150,5.1,0
2026-03-17,2025-11-25,"5.35%",175,5.35,0
2026-03-17,2025-11-25,"5.60%",200,5.6,0
2026-03-17,2025-11-25,"5.85%",225,5.85,0
2026-03-17,2025-11-25,"6.10%",250,6.1,0
2026-03-17,2025-11-26,"0.10%",-300,0.1,0
2026-03-17,2025-11-26,"0.35%",-300,0.35,0
2026-03-17,2025-11-26,"0.60%",-300,0.6,0
2026-03-17,2025-11-26,"0.85%",-275,0.85,0
2026-03-17,2025-11-26,"1.10%",-250,1.1,0
2026-03-17,2025-11-26,"1.35%",-225,1.35,0
2026-03-17,2025-11-26,"1.60%",-200,1.6,0
2026-03-17,2025-11-26,"1.85%",-175,1.85,0
2026-03-17,2025-11-26,"2.10%",-150,2.1,0
2026-03-17,2025-11-26,"2.35%",-125,2.35,0
2026-03-17,2025-11-26,"2.60%",-100,2.6,0
2026-03-17,2025-11-26,"2.85%",-75,2.85,0
2026-03-17,2025-11-26,"3.10%",-50,3.1,0
2026-03-17,2025-11-26,"3.35%",-25,3.35,0.203190054915795
2026-03-17,2025-11-26,"3.60%",0,3.6,0.662928889406065
2026-03-17,2025-11-26,"3.85%",25,3.85,0.13388105567814
2026-03-17,2025-11-26,"4.10%",50,4.1,0
2026-03-17,2025-11-26,"4.35%",75,4.35,0
2026-03-17,2025-11-26,"4.60%",100,4.6,0
2026-03-17,2025-11-26,"4.85%",125,4.85,0
2026-03-17,2025-11-26,"5.10%",150,5.1,0
2026-03-17,2025-11-26,"5.35%",175,5.35,0
2026-03-17,2025-11-26,"5.60%",200,5.6,0
2026-03-17,2025-11-26,"5.85%",225,5.85,0
2026-03-17,2025-11-26,"6.10%",250,6.1,0
2026-03-17,2025-11-27,"0.10%",-300,0.1,0
2026-03-17,2025-11-27,"0.35%",-300,0.35,0
2026-03-17,2025-11-27,"0.60%",-300,0.6,0
2026-03-17,2025-11-27,"0.85%",-275,0.85,0
2026-03-17,2025-11-27,"1.10%",-250,1.1,0
2026-03-17,2025-11-27,"1.35%",-225,1.35,0
2026-03-17,2025-11-27,"1.60%",-200,1.6,0
2026-03-17,2025-11-27,"1.85%",-175,1.85,0
2026-03-17,2025-11-27,"2.10%",-150,2.1,0
2026-03-17,2025-11-27,"2.35%",-125,2.35,0
2026-03-17,2025-11-27,"2.60%",-100,2.6,0
2026-03-17,2025-11-27,"2.85%",-75,2.85,0
2026-03-17,2025-11-27,"3.10%",-50,3.1,0
2026-03-17,2025-11-27,"3.35%",-25,3.35,0.18062375824032
2026-03-17,2025-11-27,"3.60%",0,3.6,0.69345557344555
2026-03-17,2025-11-27,"3.85%",25,3.85,0.12592066831413
2026-03-17,2025-11-27,"4.10%",50,4.1,0
2026-03-17,2025-11-27,"4.35%",75,4.35,0
2026-03-17,2025-11-27,"4.60%",100,4.6,0
2026-03-17,2025-11-27,"4.85%",125,4.85,0
2026-03-17,2025-11-27,"5.10%",150,5.1,0
2026-03-17,2025-11-27,"5.35%",175,5.35,0
2026-03-17,2025-11-27,"5.60%",200,5.6,0
2026-03-17,2025-11-27,"5.85%",225,5.85,0
2026-03-17,2025-11-27,"6.10%",250,6.1,0
2026-03-17,2025-11-28,"0.10%",-300,0.1,0
2026-03-17,2025-11-28,"0.35%",-300,0.35,0
2026-03-17,2025-11-28,"0.60%",-300,0.6,0
2026-03-17,2025-11-28,"0.85%",-275,0.85,0
2026-03-17,2025-11-28,"1.10%",-250,1.1,0
2026-03-17,2025-11-28,"1.35%",-225,1.35,0
2026-03-17,2025-11-28,"1.60%",-200,1.6,0
2026-03-17,2025-11-28,"1.85%",-175,1.85,0
2026-03-17,2025-11-28,"2.10%",-150,2.1,0
2026-03-17,2025-11-28,"2.35%",-125,2.35,0
2026-03-17,2025-11-28,"2.60%",-100,2.6,0
2026-03-17,2025-11-28,"2.85%",-75,2.85,0
2026-03-17,2025-11-28,"3.10%",-50,3.1,0
2026-03-17,2025-11-28,"3.35%",-25,3.35,0.159408130383681
2026-03-17,2025-11-28,"3.60%",0,3.6,0.737588595806787
2026-03-17,2025-11-28,"3.85%",25,3.85,0.103003273809532
2026-03-17,2025-11-28,"4.10%",50,4.1,0
2026-03-17,2025-11-28,"4.35%",75,4.35,0
2026-03-17,2025-11-28,"4.60%",100,4.6,0
2026-03-17,2025-11-28,"4.85%",125,4.85,0
2026-03-17,2025-11-28,"5.10%",150,5.1,0
2026-03-17,2025-11-28,"5.35%",175,5.35,0
2026-03-17,2025-11-28,"5.60%",200,5.6,0
2026-03-17,2025-11-28,"5.85%",225,5.85,0
2026-03-17,2025-11-28,"6.10%",250,6.1,0
2026-03-17,2025-11-29,"0.10%",-300,0.1,0
2026-03-17,2025-11-29,"0.35%",-300,0.35,0
2026-03-17,2025-11-29,"0.60%",-300,0.6,0
2026-03-17,2025-11-29,"0.85%",-275,0.85,0
2026-03-17,2025-11-29,"1.10%",-250,1.1,0
2026-03-17,2025-11-29,"1.35%",-225,1.35,0
2026-03-17,2025-11-29,"1.60%",-200,1.6,0
2026-03-17,2025-11-29,"1.85%",-175,1.85,0
2026-03-17,2025-11-29,"2.10%",-150,2.1,0
2026-03-17,2025-11-29,"2.35%",-125,2.35,0
2026-03-17,2025-11-29,"2.60%",-100,2.6,0
2026-03-17,2025-11-29,"2.85%",-75,2.85,0
2026-03-17,2025-11-29,"3.10%",-50,3.1,0
2026-03-17,2025-11-29,"3.35%",-25,3.35,0.175786297346218
2026-03-17,2025-11-29,"3.60%",0,3.6,0.705274929502243
2026-03-17,2025-11-29,"3.85%",25,3.85,0.118938773151539
2026-03-17,2025-11-29,"4.10%",50,4.1,0
2026-03-17,2025-11-29,"4.35%",75,4.35,0
2026-03-17,2025-11-29,"4.60%",100,4.6,0
2026-03-17,2025-11-29,"4.85%",125,4.85,0
2026-03-17,2025-11-29,"5.10%",150,5.1,0
2026-03-17,2025-11-29,"5.35%",175,5.35,0
2026-03-17,2025-11-29,"5.60%",200,5.6,0
2026-03-17,2025-11-29,"5.85%",225,5.85,0
2026-03-17,2025-11-29,"6.10%",250,6.1,0
2026-03-17,2025-11-30,"0.10%",-300,0.1,0
2026-03-17,2025-11-30,"0.35%",-300,0.35,0
2026-03-17,2025-11-30,"0.60%",-300,0.6,0
2026-03-17,2025-11-30,"0.85%",-275,0.85,0
2026-03-17,2025-11-30,"1.10%",-250,1.1,0
2026-03-17,2025-11-30,"1.35%",-225,1.35,0
2026-03-17,2025-11-30,"1.60%",-200,1.6,0
2026-03-17,2025-11-30,"1.85%",-175,1.85,0
2026-03-17,2025-11-30,"2.10%",-150,2.1,0
2026-03-17,2025-11-30,"2.35%",-125,2.35,0
2026-03-17,2025-11-30,"2.60%",-100,2.6,0
2026-03-17,2025-11-30,"2.85%",-75,2.85,0
2026-03-17,2025-11-30,"3.10%",-50,3.1,0
2026-03-17,2025-11-30,"3.35%",-25,3.35,0.189509570774869
2026-03-17,2025-11-30,"3.60%",0,3.6,0.675449395550416
2026-03-17,2025-11-30,"3.85%",25,3.85,0.135041033674714
2026-03-17,2025-11-30,"4.10%",50,4.1,0
2026-03-17,2025-11-30,"4.35%",75,4.35,0
2026-03-17,2025-11-30,"4.60%",100,4.6,0
2026-03-17,2025-11-30,"4.85%",125,4.85,0
2026-03-17,2025-11-30,"5.10%",150,5.1,0
2026-03-17,2025-11-30,"5.35%",175,5.35,0
2026-03-17,2025-11-30,"5.60%",200,5.6,0
2026-03-17,2025-11-30,"5.85%",225,5.85,0
2026-03-17,2025-11-30,"6.10%",250,6.1,0
2026-03-17,2025-12-01,"0.10%",-300,0.1,0
2026-03-17,2025-12-01,"0.35%",-300,0.35,0
2026-03-17,2025-12-01,"0.60%",-300,0.6,0
2026-03-17,2025-12-01,"0.85%",-275,0.85,0
2026-03-17,2025-12-01,"1.10%",-250,1.1,0
2026-03-17,2025-12-01,"1.35%",-225,1.35,0
2026-03-17,2025-12-01,"1.60%",-200,1.6,0
2026-03-17,2025-12-01,"1.85%",-175,1.85,0
2026-03-17,2025-12-01,"2.10%",-150,2.1,0
2026-03-17,2025-12-01,"2.35%",-125,2.35,0
2026-03-17,2025-12-01,"2.60%",-100,2.6,0
2026-03-17,2025-12-01,"2.85%",-75,2.85,0
2026-03-17,2025-12-01,"3.10%",-50,3.1,0
2026-03-17,2025-12-01,"3.35%",-25,3.35,0.194800198908359
2026-03-17,2025-12-01,"3.60%",0,3.6,0.648948291110613
2026-03-17,2025-12-01,"3.85%",25,3.85,0.156251509981028
2026-03-17,2025-12-01,"4.10%",50,4.1,0
2026-03-17,2025-12-01,"4.35%",75,4.35,0
2026-03-17,2025-12-01,"4.60%",100,4.6,0
2026-03-17,2025-12-01,"4.85%",125,4.85,0
2026-03-17,2025-12-01,"5.10%",150,5.1,0
2026-03-17,2025-12-01,"5.35%",175,5.35,0
2026-03-17,2025-12-01,"5.60%",200,5.6,0
2026-03-17,2025-12-01,"5.85%",225,5.85,0
2026-03-17,2025-12-01,"6.10%",250,6.1,0
2026-03-17,2025-12-02,"0.10%",-300,0.1,0
2026-03-17,2025-12-02,"0.35%",-300,0.35,0
2026-03-17,2025-12-02,"0.60%",-300,0.6,0
2026-03-17,2025-12-02,"0.85%",-275,0.85,0
2026-03-17,2025-12-02,"1.10%",-250,1.1,0
2026-03-17,2025-12-02,"1.35%",-225,1.35,0
2026-03-17,2025-12-02,"1.60%",-200,1.6,0
2026-03-17,2025-12-02,"1.85%",-175,1.85,0
2026-03-17,2025-12-02,"2.10%",-150,2.1,0
2026-03-17,2025-12-02,"2.35%",-125,2.35,0
2026-03-17,2025-12-02,"2.60%",-100,2.6,0
2026-03-17,2025-12-02,"2.85%",-75,2.85,0
2026-03-17,2025-12-02,"3.10%",-50,3.1,0
2026-03-17,2025-12-02,"3.35%",-25,3.35,0.169929135178063
2026-03-17,2025-12-02,"3.60%",0,3.6,0.640819691478344
2026-03-17,2025-12-02,"3.85%",25,3.85,0.189251173343593
2026-03-17,2025-12-02,"4.10%",50,4.1,0
2026-03-17,2025-12-02,"4.35%",75,4.35,0
2026-03-17,2025-12-02,"4.60%",100,4.6,0
2026-03-17,2025-12-02,"4.85%",125,4.85,0
2026-03-17,2025-12-02,"5.10%",150,5.1,0
2026-03-17,2025-12-02,"5.35%",175,5.35,0
2026-03-17,2025-12-02,"5.60%",200,5.6,0
2026-03-17,2025-12-02,"5.85%",225,5.85,0
2026-03-17,2025-12-02,"6.10%",250,6.1,0
2026-03-17,2025-12-03,"0.10%",-300,0.1,0
2026-03-17,2025-12-03,"0.35%",-300,0.35,0
2026-03-17,2025-12-03,"0.60%",-300,0.6,0
2026-03-17,2025-12-03,"0.85%",-275,0.85,0
2026-03-17,2025-12-03,"1.10%",-250,1.1,0
2026-03-17,2025-12-03,"1.35%",-225,1.35,0
2026-03-17,2025-12-03,"1.60%",-200,1.6,0
2026-03-17,2025-12-03,"1.85%",-175,1.85,0
2026-03-17,2025-12-03,"2.10%",-150,2.1,0
2026-03-17,2025-12-03,"2.35%",-125,2.35,0
2026-03-17,2025-12-03,"2.60%",-100,2.6,0
2026-03-17,2025-12-03,"2.85%",-75,2.85,0
2026-03-17,2025-12-03,"3.10%",-50,3.1,0
2026-03-17,2025-12-03,"3.35%",-25,3.35,0.0656311027938401
2026-03-17,2025-12-03,"3.60%",0,3.6,0.628912341061814
2026-03-17,2025-12-03,"3.85%",25,3.85,0.305456556144346
2026-03-17,2025-12-03,"4.10%",50,4.1,0
2026-03-17,2025-12-03,"4.35%",75,4.35,0
2026-03-17,2025-12-03,"4.60%",100,4.6,0
2026-03-17,2025-12-03,"4.85%",125,4.85,0
2026-03-17,2025-12-03,"5.10%",150,5.1,0
2026-03-17,2025-12-03,"5.35%",175,5.35,0
2026-03-17,2025-12-03,"5.60%",200,5.6,0
2026-03-17,2025-12-03,"5.85%",225,5.85,0
2026-03-17,2025-12-03,"6.10%",250,6.1,0
2026-03-17,2025-12-04,"0.10%",-300,0.1,0
2026-03-17,2025-12-04,"0.35%",-300,0.35,0
2026-03-17,2025-12-04,"0.60%",-300,0.6,0
2026-03-17,2025-12-04,"0.85%",-275,0.85,0
2026-03-17,2025-12-04,"1.10%",-250,1.1,0
2026-03-17,2025-12-04,"1.35%",-225,1.35,0
2026-03-17,2025-12-04,"1.60%",-200,1.6,0
2026-03-17,2025-12-04,"1.85%",-175,1.85,0
2026-03-17,2025-12-04,"2.10%",-150,2.1,0
2026-03-17,2025-12-04,"2.35%",-125,2.35,0
2026-03-17,2025-12-04,"2.60%",-100,2.6,0
2026-03-17,2025-12-04,"2.85%",-75,2.85,0
2026-03-17,2025-12-04,"3.10%",-50,3.1,0
2026-03-17,2025-12-04,"3.35%",-25,3.35,0.0660941556686508
2026-03-17,2025-12-04,"3.60%",0,3.6,0.703560709690613
2026-03-17,2025-12-04,"3.85%",25,3.85,0.230345134640737
2026-03-17,2025-12-04,"4.10%",50,4.1,0
2026-03-17,2025-12-04,"4.35%",75,4.35,0
2026-03-17,2025-12-04,"4.60%",100,4.6,0
2026-03-17,2025-12-04,"4.85%",125,4.85,0
2026-03-17,2025-12-04,"5.10%",150,5.1,0
2026-03-17,2025-12-04,"5.35%",175,5.35,0
2026-03-17,2025-12-04,"5.60%",200,5.6,0
2026-03-17,2025-12-04,"5.85%",225,5.85,0
2026-03-17,2025-12-04,"6.10%",250,6.1,0
2026-03-17,2025-12-05,"0.10%",-300,0.1,0
2026-03-17,2025-12-05,"0.35%",-300,0.35,0
2026-03-17,2025-12-05,"0.60%",-300,0.6,0
2026-03-17,2025-12-05,"0.85%",-275,0.85,0
2026-03-17,2025-12-05,"1.10%",-250,1.1,0
2026-03-17,2025-12-05,"1.35%",-225,1.35,0
2026-03-17,2025-12-05,"1.60%",-200,1.6,0
2026-03-17,2025-12-05,"1.85%",-175,1.85,0
2026-03-17,2025-12-05,"2.10%",-150,2.1,0
2026-03-17,2025-12-05,"2.35%",-125,2.35,0
2026-03-17,2025-12-05,"2.60%",-100,2.6,0
2026-03-17,2025-12-05,"2.85%",-75,2.85,0
2026-03-17,2025-12-05,"3.10%",-50,3.1,0
2026-03-17,2025-12-05,"3.35%",-25,3.35,0.0329924175219886
2026-03-17,2025-12-05,"3.60%",0,3.6,0.782095872390509
2026-03-17,2025-12-05,"3.85%",25,3.85,0.184911710087502
2026-03-17,2025-12-05,"4.10%",50,4.1,0
2026-03-17,2025-12-05,"4.35%",75,4.35,0
2026-03-17,2025-12-05,"4.60%",100,4.6,0
2026-03-17,2025-12-05,"4.85%",125,4.85,0
2026-03-17,2025-12-05,"5.10%",150,5.1,0
2026-03-17,2025-12-05,"5.35%",175,5.35,0
2026-03-17,2025-12-05,"5.60%",200,5.6,0
2026-03-17,2025-12-05,"5.85%",225,5.85,0
2026-03-17,2025-12-05,"6.10%",250,6.1,0
2026-03-17,2025-12-06,"0.10%",-300,0.1,0
2026-03-17,2025-12-06,"0.35%",-300,0.35,0
2026-03-17,2025-12-06,"0.60%",-300,0.6,0
2026-03-17,2025-12-06,"0.85%",-275,0.85,0
2026-03-17,2025-12-06,"1.10%",-250,1.1,0
2026-03-17,2025-12-06,"1.35%",-225,1.35,0
2026-03-17,2025-12-06,"1.60%",-200,1.6,0
2026-03-17,2025-12-06,"1.85%",-175,1.85,0
2026-03-17,2025-12-06,"2.10%",-150,2.1,0
2026-03-17,2025-12-06,"2.35%",-125,2.35,0
2026-03-17,2025-12-06,"2.60%",-100,2.6,0
2026-03-17,2025-12-06,"2.85%",-75,2.85,0
2026-03-17,2025-12-06,"3.10%",-50,3.1,0
2026-03-17,2025-12-06,"3.35%",-25,3.35,0.039266642928603
2026-03-17,2025-12-06,"3.60%",0,3.6,0.765419441918589
2026-03-17,2025-12-06,"3.85%",25,3.85,0.195313915152808
2026-03-17,2025-12-06,"4.10%",50,4.1,0
2026-03-17,2025-12-06,"4.35%",75,4.35,0
2026-03-17,2025-12-06,"4.60%",100,4.6,0
2026-03-17,2025-12-06,"4.85%",125,4.85,0
2026-03-17,2025-12-06,"5.10%",150,5.1,0
2026-03-17,2025-12-06,"5.35%",175,5.35,0
2026-03-17,2025-12-06,"5.60%",200,5.6,0
2026-03-17,2025-12-06,"5.85%",225,5.85,0
2026-03-17,2025-12-06,"6.10%",250,6.1,0
2026-03-17,2025-12-07,"0.10%",-300,0.1,0
2026-03-17,2025-12-07,"0.35%",-300,0.35,0
2026-03-17,2025-12-07,"0.60%",-300,0.6,0
2026-03-17,2025-12-07,"0.85%",-275,0.85,0
2026-03-17,2025-12-07,"1.10%",-250,1.1,0
2026-03-17,2025-12-07,"1.35%",-225,1.35,0
2026-03-17,2025-12-07,"1.60%",-200,1.6,0
2026-03-17,2025-12-07,"1.85%",-175,1.85,0
2026-03-17,2025-12-07,"2.10%",-150,2.1,0
2026-03-17,2025-12-07,"2.35%",-125,2.35,0
2026-03-17,2025-12-07,"2.60%",-100,2.6,0
2026-03-17,2025-12-07,"2.85%",-75,2.85,0
2026-03-17,2025-12-07,"3.10%",-50,3.1,0
2026-03-17,2025-12-07,"3.35%",-25,3.35,0.0372031153931475
2026-03-17,2025-12-07,"3.60%",0,3.6,0.728921741170877
2026-03-17,2025-12-07,"3.85%",25,3.85,0.233875143435975
2026-03-17,2025-12-07,"4.10%",50,4.1,0
2026-03-17,2025-12-07,"4.35%",75,4.35,0
2026-03-17,2025-12-07,"4.60%",100,4.6,0
2026-03-17,2025-12-07,"4.85%",125,4.85,0
2026-03-17,2025-12-07,"5.10%",150,5.1,0
2026-03-17,2025-12-07,"5.35%",175,5.35,0
2026-03-17,2025-12-07,"5.60%",200,5.6,0
2026-03-17,2025-12-07,"5.85%",225,5.85,0
2026-03-17,2025-12-07,"6.10%",250,6.1,0
2026-03-17,2025-12-08,"0.10%",-300,0.1,0
2026-03-17,2025-12-08,"0.35%",-300,0.35,0
2026-03-17,2025-12-08,"0.60%",-300,0.6,0
2026-03-17,2025-12-08,"0.85%",-275,0.85,0
2026-03-17,2025-12-08,"1.10%",-250,1.1,0
2026-03-17,2025-12-08,"1.35%",-225,1.35,0
2026-03-17,2025-12-08,"1.60%",-200,1.6,0
2026-03-17,2025-12-08,"1.85%",-175,1.85,0
2026-03-17,2025-12-08,"2.10%",-150,2.1,0
2026-03-17,2025-12-08,"2.35%",-125,2.35,0
2026-03-17,2025-12-08,"2.60%",-100,2.6,0
2026-03-17,2025-12-08,"2.85%",-75,2.85,0
2026-03-17,2025-12-08,"3.10%",-50,3.1,0
2026-03-17,2025-12-08,"3.35%",-25,3.35,0.0221611496610838
2026-03-17,2025-12-08,"3.60%",0,3.6,0.633926931672112
2026-03-17,2025-12-08,"3.85%",25,3.85,0.343911918666804
2026-03-17,2025-12-08,"4.10%",50,4.1,0
2026-03-17,2025-12-08,"4.35%",75,4.35,0
2026-03-17,2025-12-08,"4.60%",100,4.6,0
2026-03-17,2025-12-08,"4.85%",125,4.85,0
2026-03-17,2025-12-08,"5.10%",150,5.1,0
2026-03-17,2025-12-08,"5.35%",175,5.35,0
2026-03-17,2025-12-08,"5.60%",200,5.6,0
2026-03-17,2025-12-08,"5.85%",225,5.85,0
2026-03-17,2025-12-08,"6.10%",250,6.1,0
2026-03-17,2025-12-09,"0.10%",-300,0.1,0
2026-03-17,2025-12-09,"0.35%",-300,0.35,0
2026-03-17,2025-12-09,"0.60%",-300,0.6,0
2026-03-17,2025-12-09,"0.85%",-275,0.85,0
2026-03-17,2025-12-09,"1.10%",-250,1.1,0
2026-03-17,2025-12-09,"1.35%",-225,1.35,0
2026-03-17,2025-12-09,"1.60%",-200,1.6,0
2026-03-17,2025-12-09,"1.85%",-175,1.85,0
2026-03-17,2025-12-09,"2.10%",-150,2.1,0
2026-03-17,2025-12-09,"2.35%",-125,2.35,0
2026-03-17,2025-12-09,"2.60%",-100,2.6,0
2026-03-17,2025-12-09,"2.85%",-75,2.85,0
2026-03-17,2025-12-09,"3.10%",-50,3.1,0
2026-03-17,2025-12-09,"3.35%",-25,3.35,0.0373877219931336
2026-03-17,2025-12-09,"3.60%",0,3.6,0.492862769190805
2026-03-17,2025-12-09,"3.85%",25,3.85,0.443150276268827
2026-03-17,2025-12-09,"4.10%",50,4.1,0.0265992325472338
2026-03-17,2025-12-09,"4.35%",75,4.35,0
2026-03-17,2025-12-09,"4.60%",100,4.6,0
2026-03-17,2025-12-09,"4.85%",125,4.85,0
2026-03-17,2025-12-09,"5.10%",150,5.1,0
2026-03-17,2025-12-09,"5.35%",175,5.35,0
2026-03-17,2025-12-09,"5.60%",200,5.6,0
2026-03-17,2025-12-09,"5.85%",225,5.85,0
2026-03-17,2025-12-09,"6.10%",250,6.1,0
2026-03-17,2025-12-10,"0.10%",-300,0.1,0
2026-03-17,2025-12-10,"0.35%",-300,0.35,0
2026-03-17,2025-12-10,"0.60%",-300,0.6,0
2026-03-17,2025-12-10,"0.85%",-275,0.85,0
2026-03-17,2025-12-10,"1.10%",-250,1.1,0
2026-03-17,2025-12-10,"1.35%",-225,1.35,0
2026-03-17,2025-12-10,"1.60%",-200,1.6,0
2026-03-17,2025-12-10,"1.85%",-175,1.85,0
2026-03-17,2025-12-10,"2.10%",-150,2.1,0
2026-03-17,2025-12-10,"2.35%",-125,2.35,0
2026-03-17,2025-12-10,"2.60%",-100,2.6,0
2026-03-17,2025-12-10,"2.85%",-75,2.85,0
2026-03-17,2025-12-10,"3.10%",-50,3.1,0
2026-03-17,2025-12-10,"3.35%",-25,3.35,0.0787262829405634
2026-03-17,2025-12-10,"3.60%",0,3.6,0.554255238255185
2026-03-17,2025-12-10,"3.85%",25,3.85,0.348738679075439
2026-03-17,2025-12-10,"4.10%",50,4.1,0.0182797997288129
2026-03-17,2025-12-10,"4.35%",75,4.35,0
2026-03-17,2025-12-10,"4.60%",100,4.6,0
2026-03-17,2025-12-10,"4.85%",125,4.85,0
2026-03-17,2025-12-10,"5.10%",150,5.1,0
2026-03-17,2025-12-10,"5.35%",175,5.35,0
2026-03-17,2025-12-10,"5.60%",200,5.6,0
2026-03-17,2025-12-10,"5.85%",225,5.85,0
2026-03-17,2025-12-10,"6.10%",250,6.1,0
2026-03-17,2025-12-11,"0.10%",-300,0.1,0
2026-03-17,2025-12-11,"0.35%",-300,0.35,0
2026-03-17,2025-12-11,"0.60%",-300,0.6,0
2026-03-17,2025-12-11,"0.85%",-275,0.85,0
2026-03-17,2025-12-11,"1.10%",-250,1.1,0
2026-03-17,2025-12-11,"1.35%",-225,1.35,0
2026-03-17,2025-12-11,"1.60%",-200,1.6,0
2026-03-17,2025-12-11,"1.85%",-175,1.85,0
2026-03-17,2025-12-11,"2.10%",-150,2.1,0
2026-03-17,2025-12-11,"2.35%",-125,2.35,0
2026-03-17,2025-12-11,"2.60%",-100,2.6,0
2026-03-17,2025-12-11,"2.85%",-75,2.85,0
2026-03-17,2025-12-11,"3.10%",-50,3.1,0
2026-03-17,2025-12-11,"3.35%",-25,3.35,0.0532860068980149
2026-03-17,2025-12-11,"3.60%",0,3.6,0.497091800870075
2026-03-17,2025-12-11,"3.85%",25,3.85,0.418605090849387
2026-03-17,2025-12-11,"4.10%",50,4.1,0.0310171013825234
2026-03-17,2025-12-11,"4.35%",75,4.35,0
2026-03-17,2025-12-11,"4.60%",100,4.6,0
2026-03-17,2025-12-11,"4.85%",125,4.85,0
2026-03-17,2025-12-11,"5.10%",150,5.1,0
2026-03-17,2025-12-11,"5.35%",175,5.35,0
2026-03-17,2025-12-11,"5.60%",200,5.6,0
2026-03-17,2025-12-11,"5.85%",225,5.85,0
2026-03-17,2025-12-11,"6.10%",250,6.1,0
2026-03-17,2025-12-12,"0.10%",-300,0.1,0
2026-03-17,2025-12-12,"0.35%",-300,0.35,0
2026-03-17,2025-12-12,"0.60%",-300,0.6,0
2026-03-17,2025-12-12,"0.85%",-275,0.85,0
2026-03-17,2025-12-12,"1.10%",-250,1.1,0
2026-03-17,2025-12-12,"1.35%",-225,1.35,0
2026-03-17,2025-12-12,"1.60%",-200,1.6,0
2026-03-17,2025-12-12,"1.85%",-175,1.85,0
2026-03-17,2025-12-12,"2.10%",-150,2.1,0
2026-03-17,2025-12-12,"2.35%",-125,2.35,0
2026-03-17,2025-12-12,"2.60%",-100,2.6,0
2026-03-17,2025-12-12,"2.85%",-75,2.85,0
2026-03-17,2025-12-12,"3.10%",-50,3.1,0
2026-03-17,2025-12-12,"3.35%",-25,3.35,0.0369621453368348
2026-03-17,2025-12-12,"3.60%",0,3.6,0.558322757311798
2026-03-17,2025-12-12,"3.85%",25,3.85,0.393079879804359
2026-03-17,2025-12-12,"4.10%",50,4.1,0.0116352175470082
2026-03-17,2025-12-12,"4.35%",75,4.35,0
2026-03-17,2025-12-12,"4.60%",100,4.6,0
2026-03-17,2025-12-12,"4.85%",125,4.85,0
2026-03-17,2025-12-12,"5.10%",150,5.1,0
2026-03-17,2025-12-12,"5.35%",175,5.35,0
2026-03-17,2025-12-12,"5.60%",200,5.6,0
2026-03-17,2025-12-12,"5.85%",225,5.85,0
2026-03-17,2025-12-12,"6.10%",250,6.1,0
2026-03-17,2025-12-13,"0.10%",-300,0.1,0
2026-03-17,2025-12-13,"0.35%",-300,0.35,0
2026-03-17,2025-12-13,"0.60%",-300,0.6,0
2026-03-17,2025-12-13,"0.85%",-275,0.85,0
2026-03-17,2025-12-13,"1.10%",-250,1.1,0
2026-03-17,2025-12-13,"1.35%",-225,1.35,0
2026-03-17,2025-12-13,"1.60%",-200,1.6,0
2026-03-17,2025-12-13,"1.85%",-175,1.85,0
2026-03-17,2025-12-13,"2.10%",-150,2.1,0
2026-03-17,2025-12-13,"2.35%",-125,2.35,0
2026-03-17,2025-12-13,"2.60%",-100,2.6,0
2026-03-17,2025-12-13,"2.85%",-75,2.85,0
2026-03-17,2025-12-13,"3.10%",-50,3.1,0
2026-03-17,2025-12-13,"3.35%",-25,3.35,0.0627395007370856
2026-03-17,2025-12-13,"3.60%",0,3.6,0.518839571239167
2026-03-17,2025-12-13,"3.85%",25,3.85,0.392378133236973
2026-03-17,2025-12-13,"4.10%",50,4.1,0.0260427947867744
2026-03-17,2025-12-13,"4.35%",75,4.35,0
2026-03-17,2025-12-13,"4.60%",100,4.6,0
2026-03-17,2025-12-13,"4.85%",125,4.85,0
2026-03-17,2025-12-13,"5.10%",150,5.1,0
2026-03-17,2025-12-13,"5.35%",175,5.35,0
2026-03-17,2025-12-13,"5.60%",200,5.6,0
2026-03-17,2025-12-13,"5.85%",225,5.85,0
2026-03-17,2025-12-13,"6.10%",250,6.1,0
2026-03-17,2025-12-14,"0.10%",-300,0.1,0
2026-03-17,2025-12-14,"0.35%",-300,0.35,0
2026-03-17,2025-12-14,"0.60%",-300,0.6,0
2026-03-17,2025-12-14,"0.85%",-275,0.85,0
2026-03-17,2025-12-14,"1.10%",-250,1.1,0
2026-03-17,2025-12-14,"1.35%",-225,1.35,0
2026-03-17,2025-12-14,"1.60%",-200,1.6,0
2026-03-17,2025-12-14,"1.85%",-175,1.85,0
2026-03-17,2025-12-14,"2.10%",-150,2.1,0
2026-03-17,2025-12-14,"2.35%",-125,2.35,0
2026-03-17,2025-12-14,"2.60%",-100,2.6,0
2026-03-17,2025-12-14,"2.85%",-75,2.85,0
2026-03-17,2025-12-14,"3.10%",-50,3.1,0
2026-03-17,2025-12-14,"3.35%",-25,3.35,0.121579015119294
2026-03-17,2025-12-14,"3.60%",0,3.6,0.51953985882323
2026-03-17,2025-12-14,"3.85%",25,3.85,0.329038232535086
2026-03-17,2025-12-14,"4.10%",50,4.1,0.0298428935223893
2026-03-17,2025-12-14,"4.35%",75,4.35,0
2026-03-17,2025-12-14,"4.60%",100,4.6,0
2026-03-17,2025-12-14,"4.85%",125,4.85,0
2026-03-17,2025-12-14,"5.10%",150,5.1,0
2026-03-17,2025-12-14,"5.35%",175,5.35,0
2026-03-17,2025-12-14,"5.60%",200,5.6,0
2026-03-17,2025-12-14,"5.85%",225,5.85,0
2026-03-17,2025-12-14,"6.10%",250,6.1,0
2026-03-17,2025-12-15,"0.10%",-300,0.1,0
2026-03-17,2025-12-15,"0.35%",-300,0.35,0
2026-03-17,2025-12-15,"0.60%",-300,0.6,0
2026-03-17,2025-12-15,"0.85%",-275,0.85,0
2026-03-17,2025-12-15,"1.10%",-250,1.1,0
2026-03-17,2025-12-15,"1.35%",-225,1.35,0
2026-03-17,2025-12-15,"1.60%",-200,1.6,0
2026-03-17,2025-12-15,"1.85%",-175,1.85,0
2026-03-17,2025-12-15,"2.10%",-150,2.1,0
2026-03-17,2025-12-15,"2.35%",-125,2.35,0
2026-03-17,2025-12-15,"2.60%",-100,2.6,0
2026-03-17,2025-12-15,"2.85%",-75,2.85,0
2026-03-17,2025-12-15,"3.10%",-50,3.1,0
2026-03-17,2025-12-15,"3.35%",-25,3.35,0.104822052239961
2026-03-17,2025-12-15,"3.60%",0,3.6,0.43952090938437
2026-03-17,2025-12-15,"3.85%",25,3.85,0.385376617220895
2026-03-17,2025-12-15,"4.10%",50,4.1,0.0702804211547733
2026-03-17,2025-12-15,"4.35%",75,4.35,0
2026-03-17,2025-12-15,"4.60%",100,4.6,0
2026-03-17,2025-12-15,"4.85%",125,4.85,0
2026-03-17,2025-12-15,"5.10%",150,5.1,0
2026-03-17,2025-12-15,"5.35%",175,5.35,0
2026-03-17,2025-12-15,"5.60%",200,5.6,0
2026-03-17,2025-12-15,"5.85%",225,5.85,0
2026-03-17,2025-12-15,"6.10%",250,6.1,0
2026-03-17,2025-12-16,"0.10%",-300,0.1,0
2026-03-17,2025-12-16,"0.35%",-300,0.35,0
2026-03-17,2025-12-16,"0.60%",-300,0.6,0
2026-03-17,2025-12-16,"0.85%",-275,0.85,0
2026-03-17,2025-12-16,"1.10%",-250,1.1,0
2026-03-17,2025-12-16,"1.35%",-225,1.35,0
2026-03-17,2025-12-16,"1.60%",-200,1.6,0
2026-03-17,2025-12-16,"1.85%",-175,1.85,0
2026-03-17,2025-12-16,"2.10%",-150,2.1,0
2026-03-17,2025-12-16,"2.35%",-125,2.35,0
2026-03-17,2025-12-16,"2.60%",-100,2.6,0
2026-03-17,2025-12-16,"2.85%",-75,2.85,0.0182031543457297
2026-03-17,2025-12-16,"3.10%",-50,3.1,0.0685148677037123
2026-03-17,2025-12-16,"3.35%",-25,3.35,0.165083614556572
2026-03-17,2025-12-16,"3.60%",0,3.6,0.254797035115187
2026-03-17,2025-12-16,"3.85%",25,3.85,0.252003353368481
2026-03-17,2025-12-16,"4.10%",50,4.1,0.15971140891845
2026-03-17,2025-12-16,"4.35%",75,4.35,0.0648373947823062
2026-03-17,2025-12-16,"4.60%",100,4.6,0.0168491712095615
2026-03-17,2025-12-16,"4.85%",125,4.85,0
2026-03-17,2025-12-16,"5.10%",150,5.1,0
2026-03-17,2025-12-16,"5.35%",175,5.35,0
2026-03-17,2025-12-16,"5.60%",200,5.6,0
2026-03-17,2025-12-16,"5.85%",225,5.85,0
2026-03-17,2025-12-16,"6.10%",250,6.1,0
2026-03-17,2025-12-17,"0.10%",-300,0.1,0
2026-03-17,2025-12-17,"0.35%",-300,0.35,0
2026-03-17,2025-12-17,"0.60%",-300,0.6,0
2026-03-17,2025-12-17,"0.85%",-275,0.85,0
2026-03-17,2025-12-17,"1.10%",-250,1.1,0
2026-03-17,2025-12-17,"1.35%",-225,1.35,0
2026-03-17,2025-12-17,"1.60%",-200,1.6,0
2026-03-17,2025-12-17,"1.85%",-175,1.85,0
2026-03-17,2025-12-17,"2.10%",-150,2.1,0
2026-03-17,2025-12-17,"2.35%",-125,2.35,0
2026-03-17,2025-12-17,"2.60%",-100,2.6,0
2026-03-17,2025-12-17,"2.85%",-75,2.85,0
2026-03-17,2025-12-17,"3.10%",-50,3.1,0
2026-03-17,2025-12-17,"3.35%",-25,3.35,0.120470538690076
2026-03-17,2025-12-17,"3.60%",0,3.6,0.44058725682505
2026-03-17,2025-12-17,"3.85%",25,3.85,0.368743716074482
2026-03-17,2025-12-17,"4.10%",50,4.1,0.0701984884103917
2026-03-17,2025-12-17,"4.35%",75,4.35,0
2026-03-17,2025-12-17,"4.60%",100,4.6,0
2026-03-17,2025-12-17,"4.85%",125,4.85,0
2026-03-17,2025-12-17,"5.10%",150,5.1,0
2026-03-17,2025-12-17,"5.35%",175,5.35,0
2026-03-17,2025-12-17,"5.60%",200,5.6,0
2026-03-17,2025-12-17,"5.85%",225,5.85,0
2026-03-17,2025-12-17,"6.10%",250,6.1,0
2026-03-17,2025-12-18,"0.10%",-300,0.1,0
2026-03-17,2025-12-18,"0.35%",-300,0.35,0
2026-03-17,2025-12-18,"0.60%",-300,0.6,0
2026-03-17,2025-12-18,"0.85%",-275,0.85,0
2026-03-17,2025-12-18,"1.10%",-250,1.1,0
2026-03-17,2025-12-18,"1.35%",-225,1.35,0
2026-03-17,2025-12-18,"1.60%",-200,1.6,0
2026-03-17,2025-12-18,"1.85%",-175,1.85,0
2026-03-17,2025-12-18,"2.10%",-150,2.1,0
2026-03-17,2025-12-18,"2.35%",-125,2.35,0
2026-03-17,2025-12-18,"2.60%",-100,2.6,0
2026-03-17,2025-12-18,"2.85%",-75,2.85,0
2026-03-17,2025-12-18,"3.10%",-50,3.1,0
2026-03-17,2025-12-18,"3.35%",-25,3.35,0.060302363424157
2026-03-17,2025-12-18,"3.60%",0,3.6,0.47520191570474
2026-03-17,2025-12-18,"3.85%",25,3.85,0.422628218554791
2026-03-17,2025-12-18,"4.10%",50,4.1,0.0418675023163116
2026-03-17,2025-12-18,"4.35%",75,4.35,0
2026-03-17,2025-12-18,"4.60%",100,4.6,0
2026-03-17,2025-12-18,"4.85%",125,4.85,0
2026-03-17,2025-12-18,"5.10%",150,5.1,0
2026-03-17,2025-12-18,"5.35%",175,5.35,0
2026-03-17,2025-12-18,"5.60%",200,5.6,0
2026-03-17,2025-12-18,"5.85%",225,5.85,0
2026-03-17,2025-12-18,"6.10%",250,6.1,0
2026-03-17,2025-12-19,"0.10%",-300,0.1,0
2026-03-17,2025-12-19,"0.35%",-300,0.35,0
2026-03-17,2025-12-19,"0.60%",-300,0.6,0
2026-03-17,2025-12-19,"0.85%",-275,0.85,0
2026-03-17,2025-12-19,"1.10%",-250,1.1,0
2026-03-17,2025-12-19,"1.35%",-225,1.35,0
2026-03-17,2025-12-19,"1.60%",-200,1.6,0
2026-03-17,2025-12-19,"1.85%",-175,1.85,0
2026-03-17,2025-12-19,"2.10%",-150,2.1,0
2026-03-17,2025-12-19,"2.35%",-125,2.35,0
2026-03-17,2025-12-19,"2.60%",-100,2.6,0
2026-03-17,2025-12-19,"2.85%",-75,2.85,0
2026-03-17,2025-12-19,"3.10%",-50,3.1,0
2026-03-17,2025-12-19,"3.35%",-25,3.35,0.0412436699665579
2026-03-17,2025-12-19,"3.60%",0,3.6,0.498666752869419
2026-03-17,2025-12-19,"3.85%",25,3.85,0.433677831918105
2026-03-17,2025-12-19,"4.10%",50,4.1,0.0264117452459179
2026-03-17,2025-12-19,"4.35%",75,4.35,0
2026-03-17,2025-12-19,"4.60%",100,4.6,0
2026-03-17,2025-12-19,"4.85%",125,4.85,0
2026-03-17,2025-12-19,"5.10%",150,5.1,0
2026-03-17,2025-12-19,"5.35%",175,5.35,0
2026-03-17,2025-12-19,"5.60%",200,5.6,0
2026-03-17,2025-12-19,"5.85%",225,5.85,0
2026-03-17,2025-12-19,"6.10%",250,6.1,0
2026-03-17,2025-12-20,"0.10%",-300,0.1,0
2026-03-17,2025-12-20,"0.35%",-300,0.35,0
2026-03-17,2025-12-20,"0.60%",-300,0.6,0
2026-03-17,2025-12-20,"0.85%",-275,0.85,0
2026-03-17,2025-12-20,"1.10%",-250,1.1,0
2026-03-17,2025-12-20,"1.35%",-225,1.35,0
2026-03-17,2025-12-20,"1.60%",-200,1.6,0
2026-03-17,2025-12-20,"1.85%",-175,1.85,0
2026-03-17,2025-12-20,"2.10%",-150,2.1,0
2026-03-17,2025-12-20,"2.35%",-125,2.35,0
2026-03-17,2025-12-20,"2.60%",-100,2.6,0
2026-03-17,2025-12-20,"2.85%",-75,2.85,0
2026-03-17,2025-12-20,"3.10%",-50,3.1,0
2026-03-17,2025-12-20,"3.35%",-25,3.35,0.0505779579861719
2026-03-17,2025-12-20,"3.60%",0,3.6,0.487031421037492
2026-03-17,2025-12-20,"3.85%",25,3.85,0.428567314669261
2026-03-17,2025-12-20,"4.10%",50,4.1,0.033823306307075
2026-03-17,2025-12-20,"4.35%",75,4.35,0
2026-03-17,2025-12-20,"4.60%",100,4.6,0
2026-03-17,2025-12-20,"4.85%",125,4.85,0
2026-03-17,2025-12-20,"5.10%",150,5.1,0
2026-03-17,2025-12-20,"5.35%",175,5.35,0
2026-03-17,2025-12-20,"5.60%",200,5.6,0
2026-03-17,2025-12-20,"5.85%",225,5.85,0
2026-03-17,2025-12-20,"6.10%",250,6.1,0
2026-03-17,2025-12-21,"0.10%",-300,0.1,0
2026-03-17,2025-12-21,"0.35%",-300,0.35,0
2026-03-17,2025-12-21,"0.60%",-300,0.6,0
2026-03-17,2025-12-21,"0.85%",-275,0.85,0
2026-03-17,2025-12-21,"1.10%",-250,1.1,0
2026-03-17,2025-12-21,"1.35%",-225,1.35,0
2026-03-17,2025-12-21,"1.60%",-200,1.6,0
2026-03-17,2025-12-21,"1.85%",-175,1.85,0
2026-03-17,2025-12-21,"2.10%",-150,2.1,0
2026-03-17,2025-12-21,"2.35%",-125,2.35,0
2026-03-17,2025-12-21,"2.60%",-100,2.6,0
2026-03-17,2025-12-21,"2.85%",-75,2.85,0
2026-03-17,2025-12-21,"3.10%",-50,3.1,0
2026-03-17,2025-12-21,"3.35%",-25,3.35,0.0537776619862982
2026-03-17,2025-12-21,"3.60%",0,3.6,0.459341434111691
2026-03-17,2025-12-21,"3.85%",25,3.85,0.439881799321446
2026-03-17,2025-12-21,"4.10%",50,4.1,0.0469991045805647
2026-03-17,2025-12-21,"4.35%",75,4.35,0
2026-03-17,2025-12-21,"4.60%",100,4.6,0
2026-03-17,2025-12-21,"4.85%",125,4.85,0
2026-03-17,2025-12-21,"5.10%",150,5.1,0
2026-03-17,2025-12-21,"5.35%",175,5.35,0
2026-03-17,2025-12-21,"5.60%",200,5.6,0
2026-03-17,2025-12-21,"5.85%",225,5.85,0
2026-03-17,2025-12-21,"6.10%",250,6.1,0
2026-03-17,2025-12-22,"0.10%",-300,0.1,0
2026-03-17,2025-12-22,"0.35%",-300,0.35,0
2026-03-17,2025-12-22,"0.60%",-300,0.6,0
2026-03-17,2025-12-22,"0.85%",-275,0.85,0
2026-03-17,2025-12-22,"1.10%",-250,1.1,0
2026-03-17,2025-12-22,"1.35%",-225,1.35,0
2026-03-17,2025-12-22,"1.60%",-200,1.6,0
2026-03-17,2025-12-22,"1.85%",-175,1.85,0
2026-03-17,2025-12-22,"2.10%",-150,2.1,0
2026-03-17,2025-12-22,"2.35%",-125,2.35,0
2026-03-17,2025-12-22,"2.60%",-100,2.6,0
2026-03-17,2025-12-22,"2.85%",-75,2.85,0
2026-03-17,2025-12-22,"3.10%",-50,3.1,0
2026-03-17,2025-12-22,"3.35%",-25,3.35,0.100702787643687
2026-03-17,2025-12-22,"3.60%",0,3.6,0.511985947224806
2026-03-17,2025-12-22,"3.85%",25,3.85,0.354827984442028
2026-03-17,2025-12-22,"4.10%",50,4.1,0.0324832806894792
2026-03-17,2025-12-22,"4.35%",75,4.35,0
2026-03-17,2025-12-22,"4.60%",100,4.6,0
2026-03-17,2025-12-22,"4.85%",125,4.85,0
2026-03-17,2025-12-22,"5.10%",150,5.1,0
2026-03-17,2025-12-22,"5.35%",175,5.35,0
2026-03-17,2025-12-22,"5.60%",200,5.6,0
2026-03-17,2025-12-22,"5.85%",225,5.85,0
2026-03-17,2025-12-22,"6.10%",250,6.1,0
2026-03-17,2025-12-23,"0.10%",-300,0.1,0
2026-03-17,2025-12-23,"0.35%",-300,0.35,0
2026-03-17,2025-12-23,"0.60%",-300,0.6,0
2026-03-17,2025-12-23,"0.85%",-275,0.85,0
2026-03-17,2025-12-23,"1.10%",-250,1.1,0
2026-03-17,2025-12-23,"1.35%",-225,1.35,0
2026-03-17,2025-12-23,"1.60%",-200,1.6,0
2026-03-17,2025-12-23,"1.85%",-175,1.85,0
2026-03-17,2025-12-23,"2.10%",-150,2.1,0
2026-03-17,2025-12-23,"2.35%",-125,2.35,0
2026-03-17,2025-12-23,"2.60%",-100,2.6,0
2026-03-17,2025-12-23,"2.85%",-75,2.85,0
2026-03-17,2025-12-23,"3.10%",-50,3.1,0
2026-03-17,2025-12-23,"3.35%",-25,3.35,0.051944867079015
2026-03-17,2025-12-23,"3.60%",0,3.6,0.521782455529386
2026-03-17,2025-12-23,"3.85%",25,3.85,0.403359770131516
2026-03-17,2025-12-23,"4.10%",50,4.1,0.0229129072600832
2026-03-17,2025-12-23,"4.35%",75,4.35,0
2026-03-17,2025-12-23,"4.60%",100,4.6,0
2026-03-17,2025-12-23,"4.85%",125,4.85,0
2026-03-17,2025-12-23,"5.10%",150,5.1,0
2026-03-17,2025-12-23,"5.35%",175,5.35,0
2026-03-17,2025-12-23,"5.60%",200,5.6,0
2026-03-17,2025-12-23,"5.85%",225,5.85,0
2026-03-17,2025-12-23,"6.10%",250,6.1,0
2026-03-17,2025-12-24,"0.10%",-300,0.1,0
2026-03-17,2025-12-24,"0.35%",-300,0.35,0
2026-03-17,2025-12-24,"0.60%",-300,0.6,0
2026-03-17,2025-12-24,"0.85%",-275,0.85,0
2026-03-17,2025-12-24,"1.10%",-250,1.1,0
2026-03-17,2025-12-24,"1.35%",-225,1.35,0
2026-03-17,2025-12-24,"1.60%",-200,1.6,0
2026-03-17,2025-12-24,"1.85%",-175,1.85,0
2026-03-17,2025-12-24,"2.10%",-150,2.1,0
2026-03-17,2025-12-24,"2.35%",-125,2.35,0
2026-03-17,2025-12-24,"2.60%",-100,2.6,0
2026-03-17,2025-12-24,"2.85%",-75,2.85,0
2026-03-17,2025-12-24,"3.10%",-50,3.1,0
2026-03-17,2025-12-24,"3.35%",-25,3.35,0.040573664150843
2026-03-17,2025-12-24,"3.60%",0,3.6,0.538552690984955
2026-03-17,2025-12-24,"3.85%",25,3.85,0.404809672690936
2026-03-17,2025-12-24,"4.10%",50,4.1,0.0160639721732656
2026-03-17,2025-12-24,"4.35%",75,4.35,0
2026-03-17,2025-12-24,"4.60%",100,4.6,0
2026-03-17,2025-12-24,"4.85%",125,4.85,0
2026-03-17,2025-12-24,"5.10%",150,5.1,0
2026-03-17,2025-12-24,"5.35%",175,5.35,0
2026-03-17,2025-12-24,"5.60%",200,5.6,0
2026-03-17,2025-12-24,"5.85%",225,5.85,0
2026-03-17,2025-12-24,"6.10%",250,6.1,0
2026-03-17,2025-12-25,"0.10%",-300,0.1,0
2026-03-17,2025-12-25,"0.35%",-300,0.35,0
2026-03-17,2025-12-25,"0.60%",-300,0.6,0
2026-03-17,2025-12-25,"0.85%",-275,0.85,0
2026-03-17,2025-12-25,"1.10%",-250,1.1,0
2026-03-17,2025-12-25,"1.35%",-225,1.35,0
2026-03-17,2025-12-25,"1.60%",-200,1.6,0
2026-03-17,2025-12-25,"1.85%",-175,1.85,0
2026-03-17,2025-12-25,"2.10%",-150,2.1,0
2026-03-17,2025-12-25,"2.35%",-125,2.35,0
2026-03-17,2025-12-25,"2.60%",-100,2.6,0
2026-03-17,2025-12-25,"2.85%",-75,2.85,0
2026-03-17,2025-12-25,"3.10%",-50,3.1,0
2026-03-17,2025-12-25,"3.35%",-25,3.35,0.0376987473695528
2026-03-17,2025-12-25,"3.60%",0,3.6,0.542969123217524
2026-03-17,2025-12-25,"3.85%",25,3.85,0.404879226890622
2026-03-17,2025-12-25,"4.10%",50,4.1,0.014452902522302
2026-03-17,2025-12-25,"4.35%",75,4.35,0
2026-03-17,2025-12-25,"4.60%",100,4.6,0
2026-03-17,2025-12-25,"4.85%",125,4.85,0
2026-03-17,2025-12-25,"5.10%",150,5.1,0
2026-03-17,2025-12-25,"5.35%",175,5.35,0
2026-03-17,2025-12-25,"5.60%",200,5.6,0
2026-03-17,2025-12-25,"5.85%",225,5.85,0
2026-03-17,2025-12-25,"6.10%",250,6.1,0
2026-03-17,2025-12-26,"0.10%",-300,0.1,0
2026-03-17,2025-12-26,"0.35%",-300,0.35,0
2026-03-17,2025-12-26,"0.60%",-300,0.6,0
2026-03-17,2025-12-26,"0.85%",-275,0.85,0
2026-03-17,2025-12-26,"1.10%",-250,1.1,0
2026-03-17,2025-12-26,"1.35%",-225,1.35,0
2026-03-17,2025-12-26,"1.60%",-200,1.6,0
2026-03-17,2025-12-26,"1.85%",-175,1.85,0
2026-03-17,2025-12-26,"2.10%",-150,2.1,0
2026-03-17,2025-12-26,"2.35%",-125,2.35,0
2026-03-17,2025-12-26,"2.60%",-100,2.6,0
2026-03-17,2025-12-26,"2.85%",-75,2.85,0
2026-03-17,2025-12-26,"3.10%",-50,3.1,0
2026-03-17,2025-12-26,"3.35%",-25,3.35,0.0187031908119092
2026-03-17,2025-12-26,"3.60%",0,3.6,0.57877382405532
2026-03-17,2025-12-26,"3.85%",25,3.85,0.40252298513277
2026-03-17,2025-12-26,"4.10%",50,4.1,0
2026-03-17,2025-12-26,"4.35%",75,4.35,0
2026-03-17,2025-12-26,"4.60%",100,4.6,0
2026-03-17,2025-12-26,"4.85%",125,4.85,0
2026-03-17,2025-12-26,"5.10%",150,5.1,0
2026-03-17,2025-12-26,"5.35%",175,5.35,0
2026-03-17,2025-12-26,"5.60%",200,5.6,0
2026-03-17,2025-12-26,"5.85%",225,5.85,0
2026-03-17,2025-12-26,"6.10%",250,6.1,0
2026-03-17,2025-12-27,"0.10%",-300,0.1,0
2026-03-17,2025-12-27,"0.35%",-300,0.35,0
2026-03-17,2025-12-27,"0.60%",-300,0.6,0
2026-03-17,2025-12-27,"0.85%",-275,0.85,0
2026-03-17,2025-12-27,"1.10%",-250,1.1,0
2026-03-17,2025-12-27,"1.35%",-225,1.35,0
2026-03-17,2025-12-27,"1.60%",-200,1.6,0
2026-03-17,2025-12-27,"1.85%",-175,1.85,0
2026-03-17,2025-12-27,"2.10%",-150,2.1,0
2026-03-17,2025-12-27,"2.35%",-125,2.35,0
2026-03-17,2025-12-27,"2.60%",-100,2.6,0
2026-03-17,2025-12-27,"2.85%",-75,2.85,0
2026-03-17,2025-12-27,"3.10%",-50,3.1,0
2026-03-17,2025-12-27,"3.35%",-25,3.35,0.017689891521816
2026-03-17,2025-12-27,"3.60%",0,3.6,0.580551827514639
2026-03-17,2025-12-27,"3.85%",25,3.85,0.401758280963545
2026-03-17,2025-12-27,"4.10%",50,4.1,0
2026-03-17,2025-12-27,"4.35%",75,4.35,0
2026-03-17,2025-12-27,"4.60%",100,4.6,0
2026-03-17,2025-12-27,"4.85%",125,4.85,0
2026-03-17,2025-12-27,"5.10%",150,5.1,0
2026-03-17,2025-12-27,"5.35%",175,5.35,0
2026-03-17,2025-12-27,"5.60%",200,5.6,0
2026-03-17,2025-12-27,"5.85%",225,5.85,0
2026-03-17,2025-12-27,"6.10%",250,6.1,0
2026-03-17,2025-12-28,"0.10%",-300,0.1,0
2026-03-17,2025-12-28,"0.35%",-300,0.35,0
2026-03-17,2025-12-28,"0.60%",-300,0.6,0
2026-03-17,2025-12-28,"0.85%",-275,0.85,0
2026-03-17,2025-12-28,"1.10%",-250,1.1,0
2026-03-17,2025-12-28,"1.35%",-225,1.35,0
2026-03-17,2025-12-28,"1.60%",-200,1.6,0
2026-03-17,2025-12-28,"1.85%",-175,1.85,0
2026-03-17,2025-12-28,"2.10%",-150,2.1,0
2026-03-17,2025-12-28,"2.35%",-125,2.35,0
2026-03-17,2025-12-28,"2.60%",-100,2.6,0
2026-03-17,2025-12-28,"2.85%",-75,2.85,0
2026-03-17,2025-12-28,"3.10%",-50,3.1,0
2026-03-17,2025-12-28,"3.35%",-25,3.35,0
2026-03-17,2025-12-28,"3.60%",0,3.6,0.501632078230873
2026-03-17,2025-12-28,"3.85%",25,3.85,0.498367921769127
2026-03-17,2025-12-28,"4.10%",50,4.1,0
2026-03-17,2025-12-28,"4.35%",75,4.35,0
2026-03-17,2025-12-28,"4.60%",100,4.6,0
2026-03-17,2025-12-28,"4.85%",125,4.85,0
2026-03-17,2025-12-28,"5.10%",150,5.1,0
2026-03-17,2025-12-28,"5.35%",175,5.35,0
2026-03-17,2025-12-28,"5.60%",200,5.6,0
2026-03-17,2025-12-28,"5.85%",225,5.85,0
2026-03-17,2025-12-28,"6.10%",250,6.1,0
2026-03-17,2025-12-29,"0.10%",-300,0.1,0
2026-03-17,2025-12-29,"0.35%",-300,0.35,0
2026-03-17,2025-12-29,"0.60%",-300,0.6,0
2026-03-17,2025-12-29,"0.85%",-275,0.85,0
2026-03-17,2025-12-29,"1.10%",-250,1.1,0
2026-03-17,2025-12-29,"1.35%",-225,1.35,0
2026-03-17,2025-12-29,"1.60%",-200,1.6,0
2026-03-17,2025-12-29,"1.85%",-175,1.85,0
2026-03-17,2025-12-29,"2.10%",-150,2.1,0
2026-03-17,2025-12-29,"2.35%",-125,2.35,0
2026-03-17,2025-12-29,"2.60%",-100,2.6,0
2026-03-17,2025-12-29,"2.85%",-75,2.85,0
2026-03-17,2025-12-29,"3.10%",-50,3.1,0
2026-03-17,2025-12-29,"3.35%",-25,3.35,0.018044062304338
2026-03-17,2025-12-29,"3.60%",0,3.6,0.602701457702824
2026-03-17,2025-12-29,"3.85%",25,3.85,0.379254479992838
2026-03-17,2025-12-29,"4.10%",50,4.1,0
2026-03-17,2025-12-29,"4.35%",75,4.35,0
2026-03-17,2025-12-29,"4.60%",100,4.6,0
2026-03-17,2025-12-29,"4.85%",125,4.85,0
2026-03-17,2025-12-29,"5.10%",150,5.1,0
2026-03-17,2025-12-29,"5.35%",175,5.35,0
2026-03-17,2025-12-29,"5.60%",200,5.6,0
2026-03-17,2025-12-29,"5.85%",225,5.85,0
2026-03-17,2025-12-29,"6.10%",250,6.1,0
2026-03-17,2025-12-30,"0.10%",-300,0.1,0
2026-03-17,2025-12-30,"0.35%",-300,0.35,0
2026-03-17,2025-12-30,"0.60%",-300,0.6,0
2026-03-17,2025-12-30,"0.85%",-275,0.85,0
2026-03-17,2025-12-30,"1.10%",-250,1.1,0
2026-03-17,2025-12-30,"1.35%",-225,1.35,0
2026-03-17,2025-12-30,"1.60%",-200,1.6,0
2026-03-17,2025-12-30,"1.85%",-175,1.85,0
2026-03-17,2025-12-30,"2.10%",-150,2.1,0
2026-03-17,2025-12-30,"2.35%",-125,2.35,0
2026-03-17,2025-12-30,"2.60%",-100,2.6,0
2026-03-17,2025-12-30,"2.85%",-75,2.85,0
2026-03-17,2025-12-30,"3.10%",-50,3.1,0
2026-03-17,2025-12-30,"3.35%",-25,3.35,0.0200599874421357
2026-03-17,2025-12-30,"3.60%",0,3.6,0.514826653225308
2026-03-17,2025-12-30,"3.85%",25,3.85,0.452158106239841
2026-03-17,2025-12-30,"4.10%",50,4.1,0.0129552530927162
2026-03-17,2025-12-30,"4.35%",75,4.35,0
2026-03-17,2025-12-30,"4.60%",100,4.6,0
2026-03-17,2025-12-30,"4.85%",125,4.85,0
2026-03-17,2025-12-30,"5.10%",150,5.1,0
2026-03-17,2025-12-30,"5.35%",175,5.35,0
2026-03-17,2025-12-30,"5.60%",200,5.6,0
2026-03-17,2025-12-30,"5.85%",225,5.85,0
2026-03-17,2025-12-30,"6.10%",250,6.1,0
2026-03-17,2025-12-31,"0.10%",-300,0.1,0
2026-03-17,2025-12-31,"0.35%",-300,0.35,0
2026-03-17,2025-12-31,"0.60%",-300,0.6,0
2026-03-17,2025-12-31,"0.85%",-275,0.85,0
2026-03-17,2025-12-31,"1.10%",-250,1.1,0
2026-03-17,2025-12-31,"1.35%",-225,1.35,0
2026-03-17,2025-12-31,"1.60%",-200,1.6,0
2026-03-17,2025-12-31,"1.85%",-175,1.85,0
2026-03-17,2025-12-31,"2.10%",-150,2.1,0
2026-03-17,2025-12-31,"2.35%",-125,2.35,0
2026-03-17,2025-12-31,"2.60%",-100,2.6,0
2026-03-17,2025-12-31,"2.85%",-75,2.85,0
2026-03-17,2025-12-31,"3.10%",-50,3.1,0
2026-03-17,2025-12-31,"3.35%",-25,3.35,0.0196477754248448
2026-03-17,2025-12-31,"3.60%",0,3.6,0.515384617115557
2026-03-17,2025-12-31,"3.85%",25,3.85,0.45231969419088
2026-03-17,2025-12-31,"4.10%",50,4.1,0.0126479132687188
2026-03-17,2025-12-31,"4.35%",75,4.35,0
2026-03-17,2025-12-31,"4.60%",100,4.6,0
2026-03-17,2025-12-31,"4.85%",125,4.85,0
2026-03-17,2025-12-31,"5.10%",150,5.1,0
2026-03-17,2025-12-31,"5.35%",175,5.35,0
2026-03-17,2025-12-31,"5.60%",200,5.6,0
2026-03-17,2025-12-31,"5.85%",225,5.85,0
2026-03-17,2025-12-31,"6.10%",250,6.1,0
2026-03-17,2026-01-01,"0.10%",-300,0.1,0
2026-03-17,2026-01-01,"0.35%",-300,0.35,0
2026-03-17,2026-01-01,"0.60%",-300,0.6,0
2026-03-17,2026-01-01,"0.85%",-275,0.85,0
2026-03-17,2026-01-01,"1.10%",-250,1.1,0
2026-03-17,2026-01-01,"1.35%",-225,1.35,0
2026-03-17,2026-01-01,"1.60%",-200,1.6,0
2026-03-17,2026-01-01,"1.85%",-175,1.85,0
2026-03-17,2026-01-01,"2.10%",-150,2.1,0
2026-03-17,2026-01-01,"2.35%",-125,2.35,0
2026-03-17,2026-01-01,"2.60%",-100,2.6,0
2026-03-17,2026-01-01,"2.85%",-75,2.85,0
2026-03-17,2026-01-01,"3.10%",-50,3.1,0
2026-03-17,2026-01-01,"3.35%",-25,3.35,0.0108838584942107
2026-03-17,2026-01-01,"3.60%",0,3.6,0.553946744543255
2026-03-17,2026-01-01,"3.85%",25,3.85,0.435169396962534
2026-03-17,2026-01-01,"4.10%",50,4.1,0
2026-03-17,2026-01-01,"4.35%",75,4.35,0
2026-03-17,2026-01-01,"4.60%",100,4.6,0
2026-03-17,2026-01-01,"4.85%",125,4.85,0
2026-03-17,2026-01-01,"5.10%",150,5.1,0
2026-03-17,2026-01-01,"5.35%",175,5.35,0
2026-03-17,2026-01-01,"5.60%",200,5.6,0
2026-03-17,2026-01-01,"5.85%",225,5.85,0
2026-03-17,2026-01-01,"6.10%",250,6.1,0
2026-03-17,2026-01-02,"0.10%",-300,0.1,0
2026-03-17,2026-01-02,"0.35%",-300,0.35,0
2026-03-17,2026-01-02,"0.60%",-300,0.6,0
2026-03-17,2026-01-02,"0.85%",-275,0.85,0
2026-03-17,2026-01-02,"1.10%",-250,1.1,0
2026-03-17,2026-01-02,"1.35%",-225,1.35,0
2026-03-17,2026-01-02,"1.60%",-200,1.6,0
2026-03-17,2026-01-02,"1.85%",-175,1.85,0
2026-03-17,2026-01-02,"2.10%",-150,2.1,0
2026-03-17,2026-01-02,"2.35%",-125,2.35,0
2026-03-17,2026-01-02,"2.60%",-100,2.6,0
2026-03-17,2026-01-02,"2.85%",-75,2.85,0
2026-03-17,2026-01-02,"3.10%",-50,3.1,0
2026-03-17,2026-01-02,"3.35%",-25,3.35,0.0192596504697616
2026-03-17,2026-01-02,"3.60%",0,3.6,0.542183938550154
2026-03-17,2026-01-02,"3.85%",25,3.85,0.438556410980085
2026-03-17,2026-01-02,"4.10%",50,4.1,0
2026-03-17,2026-01-02,"4.35%",75,4.35,0
2026-03-17,2026-01-02,"4.60%",100,4.6,0
2026-03-17,2026-01-02,"4.85%",125,4.85,0
2026-03-17,2026-01-02,"5.10%",150,5.1,0
2026-03-17,2026-01-02,"5.35%",175,5.35,0
2026-03-17,2026-01-02,"5.60%",200,5.6,0
2026-03-17,2026-01-02,"5.85%",225,5.85,0
2026-03-17,2026-01-02,"6.10%",250,6.1,0
2026-03-17,2026-01-03,"0.10%",-300,0.1,0
2026-03-17,2026-01-03,"0.35%",-300,0.35,0
2026-03-17,2026-01-03,"0.60%",-300,0.6,0
2026-03-17,2026-01-03,"0.85%",-275,0.85,0
2026-03-17,2026-01-03,"1.10%",-250,1.1,0
2026-03-17,2026-01-03,"1.35%",-225,1.35,0
2026-03-17,2026-01-03,"1.60%",-200,1.6,0
2026-03-17,2026-01-03,"1.85%",-175,1.85,0
2026-03-17,2026-01-03,"2.10%",-150,2.1,0
2026-03-17,2026-01-03,"2.35%",-125,2.35,0
2026-03-17,2026-01-03,"2.60%",-100,2.6,0
2026-03-17,2026-01-03,"2.85%",-75,2.85,0
2026-03-17,2026-01-03,"3.10%",-50,3.1,0
2026-03-17,2026-01-03,"3.35%",-25,3.35,0.0192718972177375
2026-03-17,2026-01-03,"3.60%",0,3.6,0.542168794810067
2026-03-17,2026-01-03,"3.85%",25,3.85,0.438559307972196
2026-03-17,2026-01-03,"4.10%",50,4.1,0
2026-03-17,2026-01-03,"4.35%",75,4.35,0
2026-03-17,2026-01-03,"4.60%",100,4.6,0
2026-03-17,2026-01-03,"4.85%",125,4.85,0
2026-03-17,2026-01-03,"5.10%",150,5.1,0
2026-03-17,2026-01-03,"5.35%",175,5.35,0
2026-03-17,2026-01-03,"5.60%",200,5.6,0
2026-03-17,2026-01-03,"5.85%",225,5.85,0
2026-03-17,2026-01-03,"6.10%",250,6.1,0
2026-03-17,2026-01-04,"0.10%",-300,0.1,0
2026-03-17,2026-01-04,"0.35%",-300,0.35,0
2026-03-17,2026-01-04,"0.60%",-300,0.6,0
2026-03-17,2026-01-04,"0.85%",-275,0.85,0
2026-03-17,2026-01-04,"1.10%",-250,1.1,0
2026-03-17,2026-01-04,"1.35%",-225,1.35,0
2026-03-17,2026-01-04,"1.60%",-200,1.6,0
2026-03-17,2026-01-04,"1.85%",-175,1.85,0
2026-03-17,2026-01-04,"2.10%",-150,2.1,0
2026-03-17,2026-01-04,"2.35%",-125,2.35,0
2026-03-17,2026-01-04,"2.60%",-100,2.6,0
2026-03-17,2026-01-04,"2.85%",-75,2.85,0
2026-03-17,2026-01-04,"3.10%",-50,3.1,0
2026-03-17,2026-01-04,"3.35%",-25,3.35,0.0257158872349258
2026-03-17,2026-01-04,"3.60%",0,3.6,0.582177777483239
2026-03-17,2026-01-04,"3.85%",25,3.85,0.392106335281836
2026-03-17,2026-01-04,"4.10%",50,4.1,0
2026-03-17,2026-01-04,"4.35%",75,4.35,0
2026-03-17,2026-01-04,"4.60%",100,4.6,0
2026-03-17,2026-01-04,"4.85%",125,4.85,0
2026-03-17,2026-01-04,"5.10%",150,5.1,0
2026-03-17,2026-01-04,"5.35%",175,5.35,0
2026-03-17,2026-01-04,"5.60%",200,5.6,0
2026-03-17,2026-01-04,"5.85%",225,5.85,0
2026-03-17,2026-01-04,"6.10%",250,6.1,0
2026-03-17,2026-01-05,"0.10%",-300,0.1,0
2026-03-17,2026-01-05,"0.35%",-300,0.35,0
2026-03-17,2026-01-05,"0.60%",-300,0.6,0
2026-03-17,2026-01-05,"0.85%",-275,0.85,0
2026-03-17,2026-01-05,"1.10%",-250,1.1,0
2026-03-17,2026-01-05,"1.35%",-225,1.35,0
2026-03-17,2026-01-05,"1.60%",-200,1.6,0
2026-03-17,2026-01-05,"1.85%",-175,1.85,0
2026-03-17,2026-01-05,"2.10%",-150,2.1,0
2026-03-17,2026-01-05,"2.35%",-125,2.35,0
2026-03-17,2026-01-05,"2.60%",-100,2.6,0
2026-03-17,2026-01-05,"2.85%",-75,2.85,0
2026-03-17,2026-01-05,"3.10%",-50,3.1,0
2026-03-17,2026-01-05,"3.35%",-25,3.35,0.0168704490969336
2026-03-17,2026-01-05,"3.60%",0,3.6,0.519217165020333
2026-03-17,2026-01-05,"3.85%",25,3.85,0.453308524939777
2026-03-17,2026-01-05,"4.10%",50,4.1,0.010603860942956
2026-03-17,2026-01-05,"4.35%",75,4.35,0
2026-03-17,2026-01-05,"4.60%",100,4.6,0
2026-03-17,2026-01-05,"4.85%",125,4.85,0
2026-03-17,2026-01-05,"5.10%",150,5.1,0
2026-03-17,2026-01-05,"5.35%",175,5.35,0
2026-03-17,2026-01-05,"5.60%",200,5.6,0
2026-03-17,2026-01-05,"5.85%",225,5.85,0
2026-03-17,2026-01-05,"6.10%",250,6.1,0
2026-03-17,2026-01-06,"0.10%",-300,0.1,0
2026-03-17,2026-01-06,"0.35%",-300,0.35,0
2026-03-17,2026-01-06,"0.60%",-300,0.6,0
2026-03-17,2026-01-06,"0.85%",-275,0.85,0
2026-03-17,2026-01-06,"1.10%",-250,1.1,0
2026-03-17,2026-01-06,"1.35%",-225,1.35,0
2026-03-17,2026-01-06,"1.60%",-200,1.6,0
2026-03-17,2026-01-06,"1.85%",-175,1.85,0
2026-03-17,2026-01-06,"2.10%",-150,2.1,0
2026-03-17,2026-01-06,"2.35%",-125,2.35,0
2026-03-17,2026-01-06,"2.60%",-100,2.6,0
2026-03-17,2026-01-06,"2.85%",-75,2.85,0
2026-03-17,2026-01-06,"3.10%",-50,3.1,0
2026-03-17,2026-01-06,"3.35%",-25,3.35,0.013825653766673
2026-03-17,2026-01-06,"3.60%",0,3.6,0.502225599702223
2026-03-17,2026-01-06,"3.85%",25,3.85,0.472723829565816
2026-03-17,2026-01-06,"4.10%",50,4.1,0.0112249169652884
2026-03-17,2026-01-06,"4.35%",75,4.35,0
2026-03-17,2026-01-06,"4.60%",100,4.6,0
2026-03-17,2026-01-06,"4.85%",125,4.85,0
2026-03-17,2026-01-06,"5.10%",150,5.1,0
2026-03-17,2026-01-06,"5.35%",175,5.35,0
2026-03-17,2026-01-06,"5.60%",200,5.6,0
2026-03-17,2026-01-06,"5.85%",225,5.85,0
2026-03-17,2026-01-06,"6.10%",250,6.1,0
2026-03-17,2026-01-07,"0.10%",-300,0.1,0
2026-03-17,2026-01-07,"0.35%",-300,0.35,0
2026-03-17,2026-01-07,"0.60%",-300,0.6,0
2026-03-17,2026-01-07,"0.85%",-275,0.85,0
2026-03-17,2026-01-07,"1.10%",-250,1.1,0
2026-03-17,2026-01-07,"1.35%",-225,1.35,0
2026-03-17,2026-01-07,"1.60%",-200,1.6,0
2026-03-17,2026-01-07,"1.85%",-175,1.85,0
2026-03-17,2026-01-07,"2.10%",-150,2.1,0
2026-03-17,2026-01-07,"2.35%",-125,2.35,0
2026-03-17,2026-01-07,"2.60%",-100,2.6,0
2026-03-17,2026-01-07,"2.85%",-75,2.85,0
2026-03-17,2026-01-07,"3.10%",-50,3.1,0
2026-03-17,2026-01-07,"3.35%",-25,3.35,0.0186363226595879
2026-03-17,2026-01-07,"3.60%",0,3.6,0.677396379541696
2026-03-17,2026-01-07,"3.85%",25,3.85,0.303967297798716
2026-03-17,2026-01-07,"4.10%",50,4.1,0
2026-03-17,2026-01-07,"4.35%",75,4.35,0
2026-03-17,2026-01-07,"4.60%",100,4.6,0
2026-03-17,2026-01-07,"4.85%",125,4.85,0
2026-03-17,2026-01-07,"5.10%",150,5.1,0
2026-03-17,2026-01-07,"5.35%",175,5.35,0
2026-03-17,2026-01-07,"5.60%",200,5.6,0
2026-03-17,2026-01-07,"5.85%",225,5.85,0
2026-03-17,2026-01-07,"6.10%",250,6.1,0
2026-03-17,2026-01-08,"0.10%",-300,0.1,0
2026-03-17,2026-01-08,"0.35%",-300,0.35,0
2026-03-17,2026-01-08,"0.60%",-300,0.6,0
2026-03-17,2026-01-08,"0.85%",-275,0.85,0
2026-03-17,2026-01-08,"1.10%",-250,1.1,0
2026-03-17,2026-01-08,"1.35%",-225,1.35,0
2026-03-17,2026-01-08,"1.60%",-200,1.6,0
2026-03-17,2026-01-08,"1.85%",-175,1.85,0
2026-03-17,2026-01-08,"2.10%",-150,2.1,0
2026-03-17,2026-01-08,"2.35%",-125,2.35,0
2026-03-17,2026-01-08,"2.60%",-100,2.6,0
2026-03-17,2026-01-08,"2.85%",-75,2.85,0
2026-03-17,2026-01-08,"3.10%",-50,3.1,0
2026-03-17,2026-01-08,"3.35%",-25,3.35,0.0146290854028579
2026-03-17,2026-01-08,"3.60%",0,3.6,0.617466434313601
2026-03-17,2026-01-08,"3.85%",25,3.85,0.367904480283541
2026-03-17,2026-01-08,"4.10%",50,4.1,0
2026-03-17,2026-01-08,"4.35%",75,4.35,0
2026-03-17,2026-01-08,"4.60%",100,4.6,0
2026-03-17,2026-01-08,"4.85%",125,4.85,0
2026-03-17,2026-01-08,"5.10%",150,5.1,0
2026-03-17,2026-01-08,"5.35%",175,5.35,0
2026-03-17,2026-01-08,"5.60%",200,5.6,0
2026-03-17,2026-01-08,"5.85%",225,5.85,0
2026-03-17,2026-01-08,"6.10%",250,6.1,0
