"meeting_date","scrape_date","move","diff_bps","bucket_rate","probability"
2026-12-08,2025-07-06,"0.10%",-300,0.1,0
2026-12-08,2025-07-06,"0.35%",-300,0.35,0
2026-12-08,2025-07-06,"0.60%",-300,0.6,0
2026-12-08,2025-07-06,"0.85%",-275,0.85,0
2026-12-08,2025-07-06,"1.10%",-250,1.1,0
2026-12-08,2025-07-06,"1.35%",-225,1.35,0
2026-12-08,2025-07-06,"1.60%",-200,1.6,0.01208691587241
2026-12-08,2025-07-06,"1.85%",-175,1.85,0.0289372880436804
2026-12-08,2025-07-06,"2.10%",-150,2.1,0.0581574835006031
2026-12-08,2025-07-06,"2.35%",-125,2.35,0.0981233505300683
2026-12-08,2025-07-06,"2.60%",-100,2.6,0.138985160602724
2026-12-08,2025-07-06,"2.85%",-75,2.85,0.165272558223284
2026-12-08,2025-07-06,"3.10%",-50,3.1,0.164995767006398
2026-12-08,2025-07-06,"3.35%",-25,3.35,0.138288019952026
2026-12-08,2025-07-06,"3.60%",0,3.6,0.0973043969709936
2026-12-08,2025-07-06,"3.85%",25,3.85,0.0574790401422677
2026-12-08,2025-07-06,"4.10%",50,4.1,0.0285039667862758
2026-12-08,2025-07-06,"4.35%",75,4.35,0.0118660523692691
2026-12-08,2025-07-06,"4.60%",100,4.6,0
2026-12-08,2025-07-06,"4.85%",125,4.85,0
2026-12-08,2025-07-06,"5.10%",150,5.1,0
2026-12-08,2025-07-06,"5.35%",175,5.35,0
2026-12-08,2025-07-06,"5.60%",200,5.6,0
2026-12-08,2025-07-06,"5.85%",225,5.85,0
2026-12-08,2025-07-06,"6.10%",250,6.1,0
2026-12-08,2025-07-07,"0.10%",-300,0.1,0
2026-12-08,2025-07-07,"0.35%",-300,0.35,0
2026-12-08,2025-07-07,"0.60%",-300,0.6,0
2026-12-08,2025-07-07,"0.85%",-275,0.85,0
2026-12-08,2025-07-07,"1.10%",-250,1.1,0
2026-12-08,2025-07-07,"1.35%",-225,1.35,0
2026-12-08,2025-07-07,"1.60%",-200,1.6,0
2026-12-08,2025-07-07,"1.85%",-175,1.85,0.0228898270218139
2026-12-08,2025-07-07,"2.10%",-150,2.1,0.0479954354240474
2026-12-08,2025-07-07,"2.35%",-125,2.35,0.0848389847718655
2026-12-08,2025-07-07,"2.60%",-100,2.6,0.126426898917014
2026-12-08,2025-07-07,"2.85%",-75,2.85,0.158832502983108
2026-12-08,2025-07-07,"3.10%",-50,3.1,0.168228434005077
2026-12-08,2025-07-07,"3.35%",-25,3.35,0.15021753416129
2026-12-08,2025-07-07,"3.60%",0,3.6,0.113083942354537
2026-12-08,2025-07-07,"3.85%",25,3.85,0.0717686957254672
2026-12-08,2025-07-07,"4.10%",50,4.1,0.0383985294922205
2026-12-08,2025-07-07,"4.35%",75,4.35,0.0173192151435584
2026-12-08,2025-07-07,"4.60%",100,4.6,0
2026-12-08,2025-07-07,"4.85%",125,4.85,0
2026-12-08,2025-07-07,"5.10%",150,5.1,0
2026-12-08,2025-07-07,"5.35%",175,5.35,0
2026-12-08,2025-07-07,"5.60%",200,5.6,0
2026-12-08,2025-07-07,"5.85%",225,5.85,0
2026-12-08,2025-07-07,"6.10%",250,6.1,0
2026-12-08,2025-07-08,"0.10%",-300,0.1,0
2026-12-08,2025-07-08,"0.35%",-300,0.35,0
2026-12-08,2025-07-08,"0.60%",-300,0.6,0
2026-12-08,2025-07-08,"0.85%",-275,0.85,0
2026-12-08,2025-07-08,"1.10%",-250,1.1,0
2026-12-08,2025-07-08,"1.35%",-225,1.35,0
2026-12-08,2025-07-08,"1.60%",-200,1.6,0
2026-12-08,2025-07-08,"1.85%",-175,1.85,0.0164186723626349
2026-12-08,2025-07-08,"2.10%",-150,2.1,0.0384783938739426
2026-12-08,2025-07-08,"2.35%",-125,2.35,0.074674853041584
2026-12-08,2025-07-08,"2.60%",-100,2.6,0.120012524770904
2026-12-08,2025-07-08,"2.85%",-75,2.85,0.159729571606473
2026-12-08,2025-07-08,"3.10%",-50,3.1,0.17605883980654
2026-12-08,2025-07-08,"3.35%",-25,3.35,0.160711354987798
2026-12-08,2025-07-08,"3.60%",0,3.6,0.121492424504429
2026-12-08,2025-07-08,"3.85%",25,3.85,0.0760604168294228
2026-12-08,2025-07-08,"4.10%",50,4.1,0.0394333263084564
2026-12-08,2025-07-08,"4.35%",75,4.35,0.0169296219078155
2026-12-08,2025-07-08,"4.60%",100,4.6,0
2026-12-08,2025-07-08,"4.85%",125,4.85,0
2026-12-08,2025-07-08,"5.10%",150,5.1,0
2026-12-08,2025-07-08,"5.35%",175,5.35,0
2026-12-08,2025-07-08,"5.60%",200,5.6,0
2026-12-08,2025-07-08,"5.85%",225,5.85,0
2026-12-08,2025-07-08,"6.10%",250,6.1,0
2026-12-08,2025-07-09,"0.10%",-300,0.1,0
2026-12-08,2025-07-09,"0.35%",-300,0.35,0
2026-12-08,2025-07-09,"0.60%",-300,0.6,0
2026-12-08,2025-07-09,"0.85%",-275,0.85,0
2026-12-08,2025-07-09,"1.10%",-250,1.1,0
2026-12-08,2025-07-09,"1.35%",-225,1.35,0
2026-12-08,2025-07-09,"1.60%",-200,1.6,0
2026-12-08,2025-07-09,"1.85%",-175,1.85,0.0130756199294436
2026-12-08,2025-07-09,"2.10%",-150,2.1,0.0347785446245266
2026-12-08,2025-07-09,"2.35%",-125,2.35,0.074097155845886
2026-12-08,2025-07-09,"2.60%",-100,2.6,0.12646276280066
2026-12-08,2025-07-09,"2.85%",-75,2.85,0.172908548212061
2026-12-08,2025-07-09,"3.10%",-50,3.1,0.189398185957357
2026-12-08,2025-07-09,"3.35%",-25,3.35,0.16620515725951
2026-12-08,2025-07-09,"3.60%",0,3.6,0.116846872294149
2026-12-08,2025-07-09,"3.85%",25,3.85,0.065808065804031
2026-12-08,2025-07-09,"4.10%",50,4.1,0.0296898086827965
2026-12-08,2025-07-09,"4.35%",75,4.35,0.010729278589579
2026-12-08,2025-07-09,"4.60%",100,4.6,0
2026-12-08,2025-07-09,"4.85%",125,4.85,0
2026-12-08,2025-07-09,"5.10%",150,5.1,0
2026-12-08,2025-07-09,"5.35%",175,5.35,0
2026-12-08,2025-07-09,"5.60%",200,5.6,0
2026-12-08,2025-07-09,"5.85%",225,5.85,0
2026-12-08,2025-07-09,"6.10%",250,6.1,0
2026-12-08,2025-07-10,"0.10%",-300,0.1,0
2026-12-08,2025-07-10,"0.35%",-300,0.35,0
2026-12-08,2025-07-10,"0.60%",-300,0.6,0
2026-12-08,2025-07-10,"0.85%",-275,0.85,0
2026-12-08,2025-07-10,"1.10%",-250,1.1,0
2026-12-08,2025-07-10,"1.35%",-225,1.35,0
2026-12-08,2025-07-10,"1.60%",-200,1.6,0
2026-12-08,2025-07-10,"1.85%",-175,1.85,0.0183616137441771
2026-12-08,2025-07-10,"2.10%",-150,2.1,0.0419339285515766
2026-12-08,2025-07-10,"2.35%",-125,2.35,0.0794123222797825
2026-12-08,2025-07-10,"2.60%",-100,2.6,0.124707680121632
2026-12-08,2025-07-10,"2.85%",-75,2.85,0.162402409033259
2026-12-08,2025-07-10,"3.10%",-50,3.1,0.175384902925698
2026-12-08,2025-07-10,"3.35%",-25,3.35,0.157070390852979
2026-12-08,2025-07-10,"3.60%",0,3.6,0.116653047540309
2026-12-08,2025-07-10,"3.85%",25,3.85,0.0718439462508783
2026-12-08,2025-07-10,"4.10%",50,4.1,0.0366914441756694
2026-12-08,2025-07-10,"4.35%",75,4.35,0.0155383145240389
2026-12-08,2025-07-10,"4.60%",100,4.6,0
2026-12-08,2025-07-10,"4.85%",125,4.85,0
2026-12-08,2025-07-10,"5.10%",150,5.1,0
2026-12-08,2025-07-10,"5.35%",175,5.35,0
2026-12-08,2025-07-10,"5.60%",200,5.6,0
2026-12-08,2025-07-10,"5.85%",225,5.85,0
2026-12-08,2025-07-10,"6.10%",250,6.1,0
2026-12-08,2025-07-14,"0.10%",-300,0.1,0
2026-12-08,2025-07-14,"0.35%",-300,0.35,0
2026-12-08,2025-07-14,"0.60%",-300,0.6,0
2026-12-08,2025-07-14,"0.85%",-275,0.85,0
2026-12-08,2025-07-14,"1.10%",-250,1.1,0
2026-12-08,2025-07-14,"1.35%",-225,1.35,0
2026-12-08,2025-07-14,"1.60%",-200,1.6,0
2026-12-08,2025-07-14,"1.85%",-175,1.85,0.0201792170537018
2026-12-08,2025-07-14,"2.10%",-150,2.1,0.0416431093695607
2026-12-08,2025-07-14,"2.35%",-125,2.35,0.0735740062507766
2026-12-08,2025-07-14,"2.60%",-100,2.6,0.111289929622467
2026-12-08,2025-07-14,"2.85%",-75,2.85,0.144126311555654
2026-12-08,2025-07-14,"3.10%",-50,3.1,0.159804951461781
2026-12-08,2025-07-14,"3.35%",-25,3.35,0.151704406100185
2026-12-08,2025-07-14,"3.60%",0,3.6,0.123300952340532
2026-12-08,2025-07-14,"3.85%",25,3.85,0.0858009385258122
2026-12-08,2025-07-14,"4.10%",50,4.1,0.051117543656319
2026-12-08,2025-07-14,"4.35%",75,4.35,0.0260731273148335
2026-12-08,2025-07-14,"4.60%",100,4.6,0.0113855067483769
2026-12-08,2025-07-14,"4.85%",125,4.85,0
2026-12-08,2025-07-14,"5.10%",150,5.1,0
2026-12-08,2025-07-14,"5.35%",175,5.35,0
2026-12-08,2025-07-14,"5.60%",200,5.6,0
2026-12-08,2025-07-14,"5.85%",225,5.85,0
2026-12-08,2025-07-14,"6.10%",250,6.1,0
2026-12-08,2025-07-15,"0.10%",-300,0.1,0
2026-12-08,2025-07-15,"0.35%",-300,0.35,0
2026-12-08,2025-07-15,"0.60%",-300,0.6,0
2026-12-08,2025-07-15,"0.85%",-275,0.85,0
2026-12-08,2025-07-15,"1.10%",-250,1.1,0
2026-12-08,2025-07-15,"1.35%",-225,1.35,0
2026-12-08,2025-07-15,"1.60%",-200,1.6,0
2026-12-08,2025-07-15,"1.85%",-175,1.85,0
2026-12-08,2025-07-15,"2.10%",-150,2.1,0.0275096873806761
2026-12-08,2025-07-15,"2.35%",-125,2.35,0.0611805762397405
2026-12-08,2025-07-15,"2.60%",-100,2.6,0.109907555417745
2026-12-08,2025-07-15,"2.85%",-75,2.85,0.159495580215568
2026-12-08,2025-07-15,"3.10%",-50,3.1,0.186977985015474
2026-12-08,2025-07-15,"3.35%",-25,3.35,0.177075662305409
2026-12-08,2025-07-15,"3.60%",0,3.6,0.135472717457016
2026-12-08,2025-07-15,"3.85%",25,3.85,0.0837258460716143
2026-12-08,2025-07-15,"4.10%",50,4.1,0.0417988699278736
2026-12-08,2025-07-15,"4.35%",75,4.35,0.0168555199688832
2026-12-08,2025-07-15,"4.60%",100,4.6,0
2026-12-08,2025-07-15,"4.85%",125,4.85,0
2026-12-08,2025-07-15,"5.10%",150,5.1,0
2026-12-08,2025-07-15,"5.35%",175,5.35,0
2026-12-08,2025-07-15,"5.60%",200,5.6,0
2026-12-08,2025-07-15,"5.85%",225,5.85,0
2026-12-08,2025-07-15,"6.10%",250,6.1,0
2026-12-08,2025-07-16,"0.10%",-300,0.1,0
2026-12-08,2025-07-16,"0.35%",-300,0.35,0
2026-12-08,2025-07-16,"0.60%",-300,0.6,0
2026-12-08,2025-07-16,"0.85%",-275,0.85,0
2026-12-08,2025-07-16,"1.10%",-250,1.1,0
2026-12-08,2025-07-16,"1.35%",-225,1.35,0
2026-12-08,2025-07-16,"1.60%",-200,1.6,0
2026-12-08,2025-07-16,"1.85%",-175,1.85,0.0214279071414958
2026-12-08,2025-07-16,"2.10%",-150,2.1,0.0457891452425271
2026-12-08,2025-07-16,"2.35%",-125,2.35,0.0823045244223882
2026-12-08,2025-07-16,"2.60%",-100,2.6,0.124444120621252
2026-12-08,2025-07-16,"2.85%",-75,2.85,0.158278708448495
2026-12-08,2025-07-16,"3.10%",-50,3.1,0.169345131513813
2026-12-08,2025-07-16,"3.35%",-25,3.35,0.152414523443856
2026-12-08,2025-07-16,"3.60%",0,3.6,0.115393503336752
2026-12-08,2025-07-16,"3.85%",25,3.85,0.0734906940589523
2026-12-08,2025-07-16,"4.10%",50,4.1,0.0393704772682288
2026-12-08,2025-07-16,"4.35%",75,4.35,0.0177412645022392
2026-12-08,2025-07-16,"4.60%",100,4.6,0
2026-12-08,2025-07-16,"4.85%",125,4.85,0
2026-12-08,2025-07-16,"5.10%",150,5.1,0
2026-12-08,2025-07-16,"5.35%",175,5.35,0
2026-12-08,2025-07-16,"5.60%",200,5.6,0
2026-12-08,2025-07-16,"5.85%",225,5.85,0
2026-12-08,2025-07-16,"6.10%",250,6.1,0
2026-12-08,2025-07-17,"0.10%",-300,0.1,0
2026-12-08,2025-07-17,"0.35%",-300,0.35,0
2026-12-08,2025-07-17,"0.60%",-300,0.6,0
2026-12-08,2025-07-17,"0.85%",-275,0.85,0
2026-12-08,2025-07-17,"1.10%",-250,1.1,0
2026-12-08,2025-07-17,"1.35%",-225,1.35,0
2026-12-08,2025-07-17,"1.60%",-200,1.6,0
2026-12-08,2025-07-17,"1.85%",-175,1.85,0.0167975774115765
2026-12-08,2025-07-17,"2.10%",-150,2.1,0.0417602454972981
2026-12-08,2025-07-17,"2.35%",-125,2.35,0.0837939297860764
2026-12-08,2025-07-17,"2.60%",-100,2.6,0.135712610775516
2026-12-08,2025-07-17,"2.85%",-75,2.85,0.177420440864393
2026-12-08,2025-07-17,"3.10%",-50,3.1,0.18722888644951
2026-12-08,2025-07-17,"3.35%",-25,3.35,0.159488662187965
2026-12-08,2025-07-17,"3.60%",0,3.6,0.109665130665467
2026-12-08,2025-07-17,"3.85%",25,3.85,0.0608660700314
2026-12-08,2025-07-17,"4.10%",50,4.1,0.0272664463307968
2026-12-08,2025-07-17,"4.35%",75,4.35,0
2026-12-08,2025-07-17,"4.60%",100,4.6,0
2026-12-08,2025-07-17,"4.85%",125,4.85,0
2026-12-08,2025-07-17,"5.10%",150,5.1,0
2026-12-08,2025-07-17,"5.35%",175,5.35,0
2026-12-08,2025-07-17,"5.60%",200,5.6,0
2026-12-08,2025-07-17,"5.85%",225,5.85,0
2026-12-08,2025-07-17,"6.10%",250,6.1,0
2026-12-08,2025-07-20,"0.10%",-300,0.1,0
2026-12-08,2025-07-20,"0.35%",-300,0.35,0
2026-12-08,2025-07-20,"0.60%",-300,0.6,0
2026-12-08,2025-07-20,"0.85%",-275,0.85,0
2026-12-08,2025-07-20,"1.10%",-250,1.1,0
2026-12-08,2025-07-20,"1.35%",-225,1.35,0
2026-12-08,2025-07-20,"1.60%",-200,1.6,0
2026-12-08,2025-07-20,"1.85%",-175,1.85,0.0242448815151786
2026-12-08,2025-07-20,"2.10%",-150,2.1,0.049967250221625
2026-12-08,2025-07-20,"2.35%",-125,2.35,0.0870049486170944
2026-12-08,2025-07-20,"2.60%",-100,2.6,0.127998630424374
2026-12-08,2025-07-20,"2.85%",-75,2.85,0.159102287114102
2026-12-08,2025-07-20,"3.10%",-50,3.1,0.167094116013055
2026-12-08,2025-07-20,"3.35%",-25,3.35,0.148272431051897
2026-12-08,2025-07-20,"3.60%",0,3.6,0.111166012169207
2026-12-08,2025-07-20,"3.85%",25,3.85,0.0704191632057306
2026-12-08,2025-07-20,"4.10%",50,4.1,0.0376884974869989
2026-12-08,2025-07-20,"4.35%",75,4.35,0.0170417821807377
2026-12-08,2025-07-20,"4.60%",100,4.6,0
2026-12-08,2025-07-20,"4.85%",125,4.85,0
2026-12-08,2025-07-20,"5.10%",150,5.1,0
2026-12-08,2025-07-20,"5.35%",175,5.35,0
2026-12-08,2025-07-20,"5.60%",200,5.6,0
2026-12-08,2025-07-20,"5.85%",225,5.85,0
2026-12-08,2025-07-20,"6.10%",250,6.1,0
2026-12-08,2025-07-21,"0.10%",-300,0.1,0
2026-12-08,2025-07-21,"0.35%",-300,0.35,0
2026-12-08,2025-07-21,"0.60%",-300,0.6,0
2026-12-08,2025-07-21,"0.85%",-275,0.85,0
2026-12-08,2025-07-21,"1.10%",-250,1.1,0
2026-12-08,2025-07-21,"1.35%",-225,1.35,0
2026-12-08,2025-07-21,"1.60%",-200,1.6,0
2026-12-08,2025-07-21,"1.85%",-175,1.85,0.0235965651903379
2026-12-08,2025-07-21,"2.10%",-150,2.1,0.0488322120832844
2026-12-08,2025-07-21,"2.35%",-125,2.35,0.0854317361944774
2026-12-08,2025-07-21,"2.60%",-100,2.6,0.126356331317688
2026-12-08,2025-07-21,"2.85%",-75,2.85,0.157996188647091
2026-12-08,2025-07-21,"3.10%",-50,3.1,0.167021355833429
2026-12-08,2025-07-21,"3.35%",-25,3.35,0.149270566163382
2026-12-08,2025-07-21,"3.60%",0,3.6,0.112784946202524
2026-12-08,2025-07-21,"3.85%",25,3.85,0.0720440159956378
2026-12-08,2025-07-21,"4.10%",50,4.1,0.0389051107945203
2026-12-08,2025-07-21,"4.35%",75,4.35,0.0177609715776293
2026-12-08,2025-07-21,"4.60%",100,4.6,0
2026-12-08,2025-07-21,"4.85%",125,4.85,0
2026-12-08,2025-07-21,"5.10%",150,5.1,0
2026-12-08,2025-07-21,"5.35%",175,5.35,0
2026-12-08,2025-07-21,"5.60%",200,5.6,0
2026-12-08,2025-07-21,"5.85%",225,5.85,0
2026-12-08,2025-07-21,"6.10%",250,6.1,0
2026-12-08,2025-07-22,"0.10%",-300,0.1,0
2026-12-08,2025-07-22,"0.35%",-300,0.35,0
2026-12-08,2025-07-22,"0.60%",-300,0.6,0
2026-12-08,2025-07-22,"0.85%",-275,0.85,0
2026-12-08,2025-07-22,"1.10%",-250,1.1,0
2026-12-08,2025-07-22,"1.35%",-225,1.35,0
2026-12-08,2025-07-22,"1.60%",-200,1.6,0
2026-12-08,2025-07-22,"1.85%",-175,1.85,0.0224013681617527
2026-12-08,2025-07-22,"2.10%",-150,2.1,0.0479423931656179
2026-12-08,2025-07-22,"2.35%",-125,2.35,0.0859300956786865
2026-12-08,2025-07-22,"2.60%",-100,2.6,0.128992134593854
2026-12-08,2025-07-22,"2.85%",-75,2.85,0.162174263056654
2026-12-08,2025-07-22,"3.10%",-50,3.1,0.170767883126018
2026-12-08,2025-07-22,"3.35%",-25,3.35,0.150604205514581
2026-12-08,2025-07-22,"3.60%",0,3.6,0.111242825288921
2026-12-08,2025-07-22,"3.85%",25,3.85,0.0688184061794366
2026-12-08,2025-07-22,"4.10%",50,4.1,0.0356553739676953
2026-12-08,2025-07-22,"4.35%",75,4.35,0.0154710512667831
2026-12-08,2025-07-22,"4.60%",100,4.6,0
2026-12-08,2025-07-22,"4.85%",125,4.85,0
2026-12-08,2025-07-22,"5.10%",150,5.1,0
2026-12-08,2025-07-22,"5.35%",175,5.35,0
2026-12-08,2025-07-22,"5.60%",200,5.6,0
2026-12-08,2025-07-22,"5.85%",225,5.85,0
2026-12-08,2025-07-22,"6.10%",250,6.1,0
2026-12-08,2025-07-23,"0.10%",-300,0.1,0
2026-12-08,2025-07-23,"0.35%",-300,0.35,0
2026-12-08,2025-07-23,"0.60%",-300,0.6,0
2026-12-08,2025-07-23,"0.85%",-275,0.85,0
2026-12-08,2025-07-23,"1.10%",-250,1.1,0
2026-12-08,2025-07-23,"1.35%",-225,1.35,0
2026-12-08,2025-07-23,"1.60%",-200,1.6,0
2026-12-08,2025-07-23,"1.85%",-175,1.85,0.0205857790107818
2026-12-08,2025-07-23,"2.10%",-150,2.1,0.0436565823324214
2026-12-08,2025-07-23,"2.35%",-125,2.35,0.0783696859844686
2026-12-08,2025-07-23,"2.60%",-100,2.6,0.119089186213062
2026-12-08,2025-07-23,"2.85%",-75,2.85,0.153189703222564
2026-12-08,2025-07-23,"3.10%",-50,3.1,0.166810816109449
2026-12-08,2025-07-23,"3.35%",-25,3.35,0.153765075475113
2026-12-08,2025-07-23,"3.60%",0,3.6,0.11998546931464
2026-12-08,2025-07-23,"3.85%",25,3.85,0.079256111151315
2026-12-08,2025-07-23,"4.10%",50,4.1,0.0443162397871993
2026-12-08,2025-07-23,"4.35%",75,4.35,0.0209753513989849
2026-12-08,2025-07-23,"4.60%",100,4.6,0
2026-12-08,2025-07-23,"4.85%",125,4.85,0
2026-12-08,2025-07-23,"5.10%",150,5.1,0
2026-12-08,2025-07-23,"5.35%",175,5.35,0
2026-12-08,2025-07-23,"5.60%",200,5.6,0
2026-12-08,2025-07-23,"5.85%",225,5.85,0
2026-12-08,2025-07-23,"6.10%",250,6.1,0
2026-12-08,2025-07-24,"0.10%",-300,0.1,0
2026-12-08,2025-07-24,"0.35%",-300,0.35,0
2026-12-08,2025-07-24,"0.60%",-300,0.6,0
2026-12-08,2025-07-24,"0.85%",-275,0.85,0
2026-12-08,2025-07-24,"1.10%",-250,1.1,0
2026-12-08,2025-07-24,"1.35%",-225,1.35,0
2026-12-08,2025-07-24,"1.60%",-200,1.6,0
2026-12-08,2025-07-24,"1.85%",-175,1.85,0.0140020351411029
2026-12-08,2025-07-24,"2.10%",-150,2.1,0.0344117544444444
2026-12-08,2025-07-24,"2.35%",-125,2.35,0.0695826481168874
2026-12-08,2025-07-24,"2.60%",-100,2.6,0.115769073442117
2026-12-08,2025-07-24,"2.85%",-75,2.85,0.158487719596837
2026-12-08,2025-07-24,"3.10%",-50,3.1,0.178533151961434
2026-12-08,2025-07-24,"3.35%",-25,3.35,0.165487678134367
2026-12-08,2025-07-24,"3.60%",0,3.6,0.126221651822047
2026-12-08,2025-07-24,"3.85%",25,3.85,0.0792165470112563
2026-12-08,2025-07-24,"4.10%",50,4.1,0.0409071256887788
2026-12-08,2025-07-24,"4.35%",75,4.35,0.0173806146407275
2026-12-08,2025-07-24,"4.60%",100,4.6,0
2026-12-08,2025-07-24,"4.85%",125,4.85,0
2026-12-08,2025-07-24,"5.10%",150,5.1,0
2026-12-08,2025-07-24,"5.35%",175,5.35,0
2026-12-08,2025-07-24,"5.60%",200,5.6,0
2026-12-08,2025-07-24,"5.85%",225,5.85,0
2026-12-08,2025-07-24,"6.10%",250,6.1,0
2026-12-08,2025-07-27,"0.10%",-300,0.1,0
2026-12-08,2025-07-27,"0.35%",-300,0.35,0
2026-12-08,2025-07-27,"0.60%",-300,0.6,0
2026-12-08,2025-07-27,"0.85%",-275,0.85,0
2026-12-08,2025-07-27,"1.10%",-250,1.1,0
2026-12-08,2025-07-27,"1.35%",-225,1.35,0
2026-12-08,2025-07-27,"1.60%",-200,1.6,0
2026-12-08,2025-07-27,"1.85%",-175,1.85,0.0201978216423539
2026-12-08,2025-07-27,"2.10%",-150,2.1,0.0423246421504965
2026-12-08,2025-07-27,"2.35%",-125,2.35,0.0755420409087655
2026-12-08,2025-07-27,"2.60%",-100,2.6,0.114841679489097
2026-12-08,2025-07-27,"2.85%",-75,2.85,0.148707257240953
2026-12-08,2025-07-27,"3.10%",-50,3.1,0.164017650149272
2026-12-08,2025-07-27,"3.35%",-25,3.35,0.15409066156825
2026-12-08,2025-07-27,"3.60%",0,3.6,0.123307189234776
2026-12-08,2025-07-27,"3.85%",25,3.85,0.0840472248943158
2026-12-08,2025-07-27,"4.10%",50,4.1,0.0487950070899579
2026-12-08,2025-07-27,"4.35%",75,4.35,0.0241288256317614
2026-12-08,2025-07-27,"4.60%",100,4.6,0
2026-12-08,2025-07-27,"4.85%",125,4.85,0
2026-12-08,2025-07-27,"5.10%",150,5.1,0
2026-12-08,2025-07-27,"5.35%",175,5.35,0
2026-12-08,2025-07-27,"5.60%",200,5.6,0
2026-12-08,2025-07-27,"5.85%",225,5.85,0
2026-12-08,2025-07-27,"6.10%",250,6.1,0
2026-12-08,2025-07-28,"0.10%",-300,0.1,0
2026-12-08,2025-07-28,"0.35%",-300,0.35,0
2026-12-08,2025-07-28,"0.60%",-300,0.6,0
2026-12-08,2025-07-28,"0.85%",-275,0.85,0
2026-12-08,2025-07-28,"1.10%",-250,1.1,0
2026-12-08,2025-07-28,"1.35%",-225,1.35,0
2026-12-08,2025-07-28,"1.60%",-200,1.6,0
2026-12-08,2025-07-28,"1.85%",-175,1.85,0.0226689044662591
2026-12-08,2025-07-28,"2.10%",-150,2.1,0.0460169707436077
2026-12-08,2025-07-28,"2.35%",-125,2.35,0.0798426374243769
2026-12-08,2025-07-28,"2.60%",-100,2.6,0.118410135245275
2026-12-08,2025-07-28,"2.85%",-75,2.85,0.150101723581104
2026-12-08,2025-07-28,"3.10%",-50,3.1,0.162640501521098
2026-12-08,2025-07-28,"3.35%",-25,3.35,0.150632650264489
2026-12-08,2025-07-28,"3.60%",0,3.6,0.119249290675512
2026-12-08,2025-07-28,"3.85%",25,3.85,0.0806929127978211
2026-12-08,2025-07-28,"4.10%",50,4.1,0.0466715566280846
2026-12-08,2025-07-28,"4.35%",75,4.35,0.0230727166523721
2026-12-08,2025-07-28,"4.60%",100,4.6,0
2026-12-08,2025-07-28,"4.85%",125,4.85,0
2026-12-08,2025-07-28,"5.10%",150,5.1,0
2026-12-08,2025-07-28,"5.35%",175,5.35,0
2026-12-08,2025-07-28,"5.60%",200,5.6,0
2026-12-08,2025-07-28,"5.85%",225,5.85,0
2026-12-08,2025-07-28,"6.10%",250,6.1,0
2026-12-08,2025-07-29,"0.10%",-300,0.1,0
2026-12-08,2025-07-29,"0.35%",-300,0.35,0
2026-12-08,2025-07-29,"0.60%",-300,0.6,0
2026-12-08,2025-07-29,"0.85%",-275,0.85,0
2026-12-08,2025-07-29,"1.10%",-250,1.1,0
2026-12-08,2025-07-29,"1.35%",-225,1.35,0
2026-12-08,2025-07-29,"1.60%",-200,1.6,0
2026-12-08,2025-07-29,"1.85%",-175,1.85,0.0196907072979576
2026-12-08,2025-07-29,"2.10%",-150,2.1,0.0450070699020238
2026-12-08,2025-07-29,"2.35%",-125,2.35,0.084766449097227
2026-12-08,2025-07-29,"2.60%",-100,2.6,0.1315551563862
2026-12-08,2025-07-29,"2.85%",-75,2.85,0.168245810295873
2026-12-08,2025-07-29,"3.10%",-50,3.1,0.177312703598496
2026-12-08,2025-07-29,"3.35%",-25,3.35,0.153991268062786
2026-12-08,2025-07-29,"3.60%",0,3.6,0.110206986674267
2026-12-08,2025-07-29,"3.85%",25,3.85,0.0649934902008495
2026-12-08,2025-07-29,"4.10%",50,4.1,0.0315837819937846
2026-12-08,2025-07-29,"4.35%",75,4.35,0.0126465764905367
2026-12-08,2025-07-29,"4.60%",100,4.6,0
2026-12-08,2025-07-29,"4.85%",125,4.85,0
2026-12-08,2025-07-29,"5.10%",150,5.1,0
2026-12-08,2025-07-29,"5.35%",175,5.35,0
2026-12-08,2025-07-29,"5.60%",200,5.6,0
2026-12-08,2025-07-29,"5.85%",225,5.85,0
2026-12-08,2025-07-29,"6.10%",250,6.1,0
2026-12-08,2025-07-30,"0.10%",-300,0.1,0
2026-12-08,2025-07-30,"0.35%",-300,0.35,0
2026-12-08,2025-07-30,"0.60%",-300,0.6,0
2026-12-08,2025-07-30,"0.85%",-275,0.85,0
2026-12-08,2025-07-30,"1.10%",-250,1.1,0
2026-12-08,2025-07-30,"1.35%",-225,1.35,0
2026-12-08,2025-07-30,"1.60%",-200,1.6,0
2026-12-08,2025-07-30,"1.85%",-175,1.85,0.0180100647485256
2026-12-08,2025-07-30,"2.10%",-150,2.1,0.0416861688428774
2026-12-08,2025-07-30,"2.35%",-125,2.35,0.0796978124713636
2026-12-08,2025-07-30,"2.60%",-100,2.6,0.125862124594547
2026-12-08,2025-07-30,"2.85%",-75,2.85,0.164191174926079
2026-12-08,2025-07-30,"3.10%",-50,3.1,0.1769365814692
2026-12-08,2025-07-30,"3.35%",-25,3.35,0.157507230390884
2026-12-08,2025-07-30,"3.60%",0,3.6,0.115823139563316
2026-12-08,2025-07-30,"3.85%",25,3.85,0.0703548589514457
2026-12-08,2025-07-30,"4.10%",50,4.1,0.0353007468489917
2026-12-08,2025-07-30,"4.35%",75,4.35,0.0146300971927707
2026-12-08,2025-07-30,"4.60%",100,4.6,0
2026-12-08,2025-07-30,"4.85%",125,4.85,0
2026-12-08,2025-07-30,"5.10%",150,5.1,0
2026-12-08,2025-07-30,"5.35%",175,5.35,0
2026-12-08,2025-07-30,"5.60%",200,5.6,0
2026-12-08,2025-07-30,"5.85%",225,5.85,0
2026-12-08,2025-07-30,"6.10%",250,6.1,0
2026-12-08,2025-07-31,"0.10%",-300,0.1,0
2026-12-08,2025-07-31,"0.35%",-300,0.35,0
2026-12-08,2025-07-31,"0.60%",-300,0.6,0
2026-12-08,2025-07-31,"0.85%",-275,0.85,0
2026-12-08,2025-07-31,"1.10%",-250,1.1,0
2026-12-08,2025-07-31,"1.35%",-225,1.35,0
2026-12-08,2025-07-31,"1.60%",-200,1.6,0
2026-12-08,2025-07-31,"1.85%",-175,1.85,0.0121078656984566
2026-12-08,2025-07-31,"2.10%",-150,2.1,0.0321757566175828
2026-12-08,2025-07-31,"2.35%",-125,2.35,0.068955709690724
2026-12-08,2025-07-31,"2.60%",-100,2.6,0.119184411572563
2026-12-08,2025-07-31,"2.85%",-75,2.85,0.166148571275277
2026-12-08,2025-07-31,"3.10%",-50,3.1,0.186816026396342
2026-12-08,2025-07-31,"3.35%",-25,3.35,0.169424587620854
2026-12-08,2025-07-31,"3.60%",0,3.6,0.123930968677515
2026-12-08,2025-07-31,"3.85%",25,3.85,0.0731160356489077
2026-12-08,2025-07-31,"4.10%",50,4.1,0.0347900720716917
2026-12-08,2025-07-31,"4.35%",75,4.35,0.0133499947300861
2026-12-08,2025-07-31,"4.60%",100,4.6,0
2026-12-08,2025-07-31,"4.85%",125,4.85,0
2026-12-08,2025-07-31,"5.10%",150,5.1,0
2026-12-08,2025-07-31,"5.35%",175,5.35,0
2026-12-08,2025-07-31,"5.60%",200,5.6,0
2026-12-08,2025-07-31,"5.85%",225,5.85,0
2026-12-08,2025-07-31,"6.10%",250,6.1,0
2026-12-08,2025-08-01,"0.10%",-300,0.1,0
2026-12-08,2025-08-01,"0.35%",-300,0.35,0
2026-12-08,2025-08-01,"0.60%",-300,0.6,0
2026-12-08,2025-08-01,"0.85%",-275,0.85,0
2026-12-08,2025-08-01,"1.10%",-250,1.1,0
2026-12-08,2025-08-01,"1.35%",-225,1.35,0
2026-12-08,2025-08-01,"1.60%",-200,1.6,0
2026-12-08,2025-08-01,"1.85%",-175,1.85,0.010276090452922
2026-12-08,2025-08-01,"2.10%",-150,2.1,0.0292913699787748
2026-12-08,2025-08-01,"2.35%",-125,2.35,0.0663010936044253
2026-12-08,2025-08-01,"2.60%",-100,2.6,0.119181004898259
2026-12-08,2025-08-01,"2.85%",-75,2.85,0.170147407635884
2026-12-08,2025-08-01,"3.10%",-50,3.1,0.192926554146537
2026-12-08,2025-08-01,"3.35%",-25,3.35,0.173745237136031
2026-12-08,2025-08-01,"3.60%",0,3.6,0.12427482460149
2026-12-08,2025-08-01,"3.85%",25,3.85,0.0705971668805621
2026-12-08,2025-08-01,"4.10%",50,4.1,0.0318492749685116
2026-12-08,2025-08-01,"4.35%",75,4.35,0.0114099756966027
2026-12-08,2025-08-01,"4.60%",100,4.6,0
2026-12-08,2025-08-01,"4.85%",125,4.85,0
2026-12-08,2025-08-01,"5.10%",150,5.1,0
2026-12-08,2025-08-01,"5.35%",175,5.35,0
2026-12-08,2025-08-01,"5.60%",200,5.6,0
2026-12-08,2025-08-01,"5.85%",225,5.85,0
2026-12-08,2025-08-01,"6.10%",250,6.1,0
2026-12-08,2025-08-03,"0.10%",-300,0.1,0
2026-12-08,2025-08-03,"0.35%",-300,0.35,0
2026-12-08,2025-08-03,"0.60%",-300,0.6,0
2026-12-08,2025-08-03,"0.85%",-275,0.85,0
2026-12-08,2025-08-03,"1.10%",-250,1.1,0
2026-12-08,2025-08-03,"1.35%",-225,1.35,0
2026-12-08,2025-08-03,"1.60%",-200,1.6,0
2026-12-08,2025-08-03,"1.85%",-175,1.85,0.0117192120275784
2026-12-08,2025-08-03,"2.10%",-150,2.1,0.0337920260295741
2026-12-08,2025-08-03,"2.35%",-125,2.35,0.0761817801181855
2026-12-08,2025-08-03,"2.60%",-100,2.6,0.134292857693281
2026-12-08,2025-08-03,"2.85%",-75,2.85,0.185119024920819
2026-12-08,2025-08-03,"3.10%",-50,3.1,0.199555473044885
2026-12-08,2025-08-03,"3.35%",-25,3.35,0.168226711064957
2026-12-08,2025-08-03,"3.60%",0,3.6,0.11090095664242
2026-12-08,2025-08-03,"3.85%",25,3.85,0.0571690902509722
2026-12-08,2025-08-03,"4.10%",50,4.1,0.023042868207327
2026-12-08,2025-08-03,"4.35%",75,4.35,0
2026-12-08,2025-08-03,"4.60%",100,4.6,0
2026-12-08,2025-08-03,"4.85%",125,4.85,0
2026-12-08,2025-08-03,"5.10%",150,5.1,0
2026-12-08,2025-08-03,"5.35%",175,5.35,0
2026-12-08,2025-08-03,"5.60%",200,5.6,0
2026-12-08,2025-08-03,"5.85%",225,5.85,0
2026-12-08,2025-08-03,"6.10%",250,6.1,0
2026-12-08,2025-08-04,"0.10%",-300,0.1,0
2026-12-08,2025-08-04,"0.35%",-300,0.35,0
2026-12-08,2025-08-04,"0.60%",-300,0.6,0
2026-12-08,2025-08-04,"0.85%",-275,0.85,0
2026-12-08,2025-08-04,"1.10%",-250,1.1,0
2026-12-08,2025-08-04,"1.35%",-225,1.35,0
2026-12-08,2025-08-04,"1.60%",-200,1.6,0
2026-12-08,2025-08-04,"1.85%",-175,1.85,0.0127806356403882
2026-12-08,2025-08-04,"2.10%",-150,2.1,0.0368654040951205
2026-12-08,2025-08-04,"2.35%",-125,2.35,0.0824473924505622
2026-12-08,2025-08-04,"2.60%",-100,2.6,0.142979691100674
2026-12-08,2025-08-04,"2.85%",-75,2.85,0.192284877976707
2026-12-08,2025-08-04,"3.10%",-50,3.1,0.200543129910912
2026-12-08,2025-08-04,"3.35%",-25,3.35,0.162205276257836
2026-12-08,2025-08-04,"3.60%",0,3.6,0.101742727634148
2026-12-08,2025-08-04,"3.85%",25,3.85,0.0494873406009738
2026-12-08,2025-08-04,"4.10%",50,4.1,0.0186635243326781
2026-12-08,2025-08-04,"4.35%",75,4.35,0
2026-12-08,2025-08-04,"4.60%",100,4.6,0
2026-12-08,2025-08-04,"4.85%",125,4.85,0
2026-12-08,2025-08-04,"5.10%",150,5.1,0
2026-12-08,2025-08-04,"5.35%",175,5.35,0
2026-12-08,2025-08-04,"5.60%",200,5.6,0
2026-12-08,2025-08-04,"5.85%",225,5.85,0
2026-12-08,2025-08-04,"6.10%",250,6.1,0
2026-12-08,2025-08-05,"0.10%",-300,0.1,0
2026-12-08,2025-08-05,"0.35%",-300,0.35,0
2026-12-08,2025-08-05,"0.60%",-300,0.6,0
2026-12-08,2025-08-05,"0.85%",-275,0.85,0
2026-12-08,2025-08-05,"1.10%",-250,1.1,0
2026-12-08,2025-08-05,"1.35%",-225,1.35,0
2026-12-08,2025-08-05,"1.60%",-200,1.6,0
2026-12-08,2025-08-05,"1.85%",-175,1.85,0.0115326479811052
2026-12-08,2025-08-05,"2.10%",-150,2.1,0.0334338905292853
2026-12-08,2025-08-05,"2.35%",-125,2.35,0.0757140548427708
2026-12-08,2025-08-05,"2.60%",-100,2.6,0.133949888890904
2026-12-08,2025-08-05,"2.85%",-75,2.85,0.185146897951795
2026-12-08,2025-08-05,"3.10%",-50,3.1,0.199948070233873
2026-12-08,2025-08-05,"3.35%",-25,3.35,0.168713218798434
2026-12-08,2025-08-05,"3.60%",0,3.6,0.11122498940713
2026-12-08,2025-08-05,"3.85%",25,3.85,0.0572866422414292
2026-12-08,2025-08-05,"4.10%",50,4.1,0.0230496991232733
2026-12-08,2025-08-05,"4.35%",75,4.35,0
2026-12-08,2025-08-05,"4.60%",100,4.6,0
2026-12-08,2025-08-05,"4.85%",125,4.85,0
2026-12-08,2025-08-05,"5.10%",150,5.1,0
2026-12-08,2025-08-05,"5.35%",175,5.35,0
2026-12-08,2025-08-05,"5.60%",200,5.6,0
2026-12-08,2025-08-05,"5.85%",225,5.85,0
2026-12-08,2025-08-05,"6.10%",250,6.1,0
2026-12-08,2025-08-06,"0.10%",-300,0.1,0
2026-12-08,2025-08-06,"0.35%",-300,0.35,0
2026-12-08,2025-08-06,"0.60%",-300,0.6,0
2026-12-08,2025-08-06,"0.85%",-275,0.85,0
2026-12-08,2025-08-06,"1.10%",-250,1.1,0
2026-12-08,2025-08-06,"1.35%",-225,1.35,0
2026-12-08,2025-08-06,"1.60%",-200,1.6,0
2026-12-08,2025-08-06,"1.85%",-175,1.85,0.0195488747818734
2026-12-08,2025-08-06,"2.10%",-150,2.1,0.0455749693877028
2026-12-08,2025-08-06,"2.35%",-125,2.35,0.0868750053330515
2026-12-08,2025-08-06,"2.60%",-100,2.6,0.135408650367554
2026-12-08,2025-08-06,"2.85%",-75,2.85,0.172581632982707
2026-12-08,2025-08-06,"3.10%",-50,3.1,0.179865055214496
2026-12-08,2025-08-06,"3.35%",-25,3.35,0.153286656061603
2026-12-08,2025-08-06,"3.60%",0,3.6,0.106822394699698
2026-12-08,2025-08-06,"3.85%",25,3.85,0.0608708876705933
2026-12-08,2025-08-06,"4.10%",50,4.1,0.0283615128119877
2026-12-08,2025-08-06,"4.35%",75,4.35,0.0108043606887328
2026-12-08,2025-08-06,"4.60%",100,4.6,0
2026-12-08,2025-08-06,"4.85%",125,4.85,0
2026-12-08,2025-08-06,"5.10%",150,5.1,0
2026-12-08,2025-08-06,"5.35%",175,5.35,0
2026-12-08,2025-08-06,"5.60%",200,5.6,0
2026-12-08,2025-08-06,"5.85%",225,5.85,0
2026-12-08,2025-08-06,"6.10%",250,6.1,0
2026-12-08,2025-08-07,"0.10%",-300,0.1,0
2026-12-08,2025-08-07,"0.35%",-300,0.35,0
2026-12-08,2025-08-07,"0.60%",-300,0.6,0
2026-12-08,2025-08-07,"0.85%",-275,0.85,0
2026-12-08,2025-08-07,"1.10%",-250,1.1,0
2026-12-08,2025-08-07,"1.35%",-225,1.35,0
2026-12-08,2025-08-07,"1.60%",-200,1.6,0
2026-12-08,2025-08-07,"1.85%",-175,1.85,0.0214598169000262
2026-12-08,2025-08-07,"2.10%",-150,2.1,0.0470013028713329
2026-12-08,2025-08-07,"2.35%",-125,2.35,0.0857070511593829
2026-12-08,2025-08-07,"2.60%",-100,2.6,0.130124633390912
2026-12-08,2025-08-07,"2.85%",-75,2.85,0.164493350421204
2026-12-08,2025-08-07,"3.10%",-50,3.1,0.173136426322044
2026-12-08,2025-08-07,"3.35%",-25,3.35,0.15173333892234
2026-12-08,2025-08-07,"3.60%",0,3.6,0.110719211968631
2026-12-08,2025-08-07,"3.85%",25,3.85,0.0672677824147457
2026-12-08,2025-08-07,"4.10%",50,4.1,0.034026874328003
2026-12-08,2025-08-07,"4.35%",75,4.35,0.014330211301378
2026-12-08,2025-08-07,"4.60%",100,4.6,0
2026-12-08,2025-08-07,"4.85%",125,4.85,0
2026-12-08,2025-08-07,"5.10%",150,5.1,0
2026-12-08,2025-08-07,"5.35%",175,5.35,0
2026-12-08,2025-08-07,"5.60%",200,5.6,0
2026-12-08,2025-08-07,"5.85%",225,5.85,0
2026-12-08,2025-08-07,"6.10%",250,6.1,0
2026-12-08,2025-08-10,"0.10%",-300,0.1,0
2026-12-08,2025-08-10,"0.35%",-300,0.35,0
2026-12-08,2025-08-10,"0.60%",-300,0.6,0
2026-12-08,2025-08-10,"0.85%",-275,0.85,0
2026-12-08,2025-08-10,"1.10%",-250,1.1,0
2026-12-08,2025-08-10,"1.35%",-225,1.35,0
2026-12-08,2025-08-10,"1.60%",-200,1.6,0
2026-12-08,2025-08-10,"1.85%",-175,1.85,0.0187726813039736
2026-12-08,2025-08-10,"2.10%",-150,2.1,0.0442312812132515
2026-12-08,2025-08-10,"2.35%",-125,2.35,0.0851364323918063
2026-12-08,2025-08-10,"2.60%",-100,2.6,0.133876358068265
2026-12-08,2025-08-10,"2.85%",-75,2.85,0.171992211650411
2026-12-08,2025-08-10,"3.10%",-50,3.1,0.180525237215525
2026-12-08,2025-08-10,"3.35%",-25,3.35,0.154807798414646
2026-12-08,2025-08-10,"3.60%",0,3.6,0.108459777722084
2026-12-08,2025-08-10,"3.85%",25,3.85,0.0620804030936186
2026-12-08,2025-08-10,"4.10%",50,4.1,0.0290290791185388
2026-12-08,2025-08-10,"4.35%",75,4.35,0.0110887398078808
2026-12-08,2025-08-10,"4.60%",100,4.6,0
2026-12-08,2025-08-10,"4.85%",125,4.85,0
2026-12-08,2025-08-10,"5.10%",150,5.1,0
2026-12-08,2025-08-10,"5.35%",175,5.35,0
2026-12-08,2025-08-10,"5.60%",200,5.6,0
2026-12-08,2025-08-10,"5.85%",225,5.85,0
2026-12-08,2025-08-10,"6.10%",250,6.1,0
2026-12-08,2025-08-11,"0.10%",-300,0.1,0
2026-12-08,2025-08-11,"0.35%",-300,0.35,0
2026-12-08,2025-08-11,"0.60%",-300,0.6,0
2026-12-08,2025-08-11,"0.85%",-275,0.85,0
2026-12-08,2025-08-11,"1.10%",-250,1.1,0
2026-12-08,2025-08-11,"1.35%",-225,1.35,0
2026-12-08,2025-08-11,"1.60%",-200,1.6,0
2026-12-08,2025-08-11,"1.85%",-175,1.85,0.0181367420163772
2026-12-08,2025-08-11,"2.10%",-150,2.1,0.0440171835736832
2026-12-08,2025-08-11,"2.35%",-125,2.35,0.0865152744719767
2026-12-08,2025-08-11,"2.60%",-100,2.6,0.13771906368501
2026-12-08,2025-08-11,"2.85%",-75,2.85,0.17755884727963
2026-12-08,2025-08-11,"3.10%",-50,3.1,0.18541571852627
2026-12-08,2025-08-11,"3.35%",-25,3.35,0.156822472307459
2026-12-08,2025-08-11,"3.60%",0,3.6,0.107429020329812
2026-12-08,2025-08-11,"3.85%",25,3.85,0.0596036977063934
2026-12-08,2025-08-11,"4.10%",50,4.1,0.0267819801033882
2026-12-08,2025-08-11,"4.35%",75,4.35,0
2026-12-08,2025-08-11,"4.60%",100,4.6,0
2026-12-08,2025-08-11,"4.85%",125,4.85,0
2026-12-08,2025-08-11,"5.10%",150,5.1,0
2026-12-08,2025-08-11,"5.35%",175,5.35,0
2026-12-08,2025-08-11,"5.60%",200,5.6,0
2026-12-08,2025-08-11,"5.85%",225,5.85,0
2026-12-08,2025-08-11,"6.10%",250,6.1,0
2026-12-08,2025-08-12,"0.10%",-300,0.1,0
2026-12-08,2025-08-12,"0.35%",-300,0.35,0
2026-12-08,2025-08-12,"0.60%",-300,0.6,0
2026-12-08,2025-08-12,"0.85%",-275,0.85,0
2026-12-08,2025-08-12,"1.10%",-250,1.1,0
2026-12-08,2025-08-12,"1.35%",-225,1.35,0
2026-12-08,2025-08-12,"1.60%",-200,1.6,0
2026-12-08,2025-08-12,"1.85%",-175,1.85,0.0202655218657092
2026-12-08,2025-08-12,"2.10%",-150,2.1,0.0480952313347536
2026-12-08,2025-08-12,"2.35%",-125,2.35,0.092372943431689
2026-12-08,2025-08-12,"2.60%",-100,2.6,0.14358489372913
2026-12-08,2025-08-12,"2.85%",-75,2.85,0.180638172519365
2026-12-08,2025-08-12,"3.10%",-50,3.1,0.183931172287098
2026-12-08,2025-08-12,"3.35%",-25,3.35,0.151581717716667
2026-12-08,2025-08-12,"3.60%",0,3.6,0.101106029286652
2026-12-08,2025-08-12,"3.85%",25,3.85,0.0545797656600926
2026-12-08,2025-08-12,"4.10%",50,4.1,0.0238445521688438
2026-12-08,2025-08-12,"4.35%",75,4.35,0
2026-12-08,2025-08-12,"4.60%",100,4.6,0
2026-12-08,2025-08-12,"4.85%",125,4.85,0
2026-12-08,2025-08-12,"5.10%",150,5.1,0
2026-12-08,2025-08-12,"5.35%",175,5.35,0
2026-12-08,2025-08-12,"5.60%",200,5.6,0
2026-12-08,2025-08-12,"5.85%",225,5.85,0
2026-12-08,2025-08-12,"6.10%",250,6.1,0
2026-12-08,2025-08-13,"0.10%",-300,0.1,0
2026-12-08,2025-08-13,"0.35%",-300,0.35,0
2026-12-08,2025-08-13,"0.60%",-300,0.6,0
2026-12-08,2025-08-13,"0.85%",-275,0.85,0
2026-12-08,2025-08-13,"1.10%",-250,1.1,0
2026-12-08,2025-08-13,"1.35%",-225,1.35,0
2026-12-08,2025-08-13,"1.60%",-200,1.6,0
2026-12-08,2025-08-13,"1.85%",-175,1.85,0.0202600379384376
2026-12-08,2025-08-13,"2.10%",-150,2.1,0.0488460522177809
2026-12-08,2025-08-13,"2.35%",-125,2.35,0.0946334405847874
2026-12-08,2025-08-13,"2.60%",-100,2.6,0.147336754125994
2026-12-08,2025-08-13,"2.85%",-75,2.85,0.184351291698597
2026-12-08,2025-08-13,"3.10%",-50,3.1,0.185378241932821
2026-12-08,2025-08-13,"3.35%",-25,3.35,0.149812841477785
2026-12-08,2025-08-13,"3.60%",0,3.6,0.0972990498860473
2026-12-08,2025-08-13,"3.85%",25,3.85,0.0507832560895426
2026-12-08,2025-08-13,"4.10%",50,4.1,0.0212990340482073
2026-12-08,2025-08-13,"4.35%",75,4.35,0
2026-12-08,2025-08-13,"4.60%",100,4.6,0
2026-12-08,2025-08-13,"4.85%",125,4.85,0
2026-12-08,2025-08-13,"5.10%",150,5.1,0
2026-12-08,2025-08-13,"5.35%",175,5.35,0
2026-12-08,2025-08-13,"5.60%",200,5.6,0
2026-12-08,2025-08-13,"5.85%",225,5.85,0
2026-12-08,2025-08-13,"6.10%",250,6.1,0
2026-12-08,2025-08-14,"0.10%",-300,0.1,0
2026-12-08,2025-08-14,"0.35%",-300,0.35,0
2026-12-08,2025-08-14,"0.60%",-300,0.6,0
2026-12-08,2025-08-14,"0.85%",-275,0.85,0
2026-12-08,2025-08-14,"1.10%",-250,1.1,0
2026-12-08,2025-08-14,"1.35%",-225,1.35,0
2026-12-08,2025-08-14,"1.60%",-200,1.6,0
2026-12-08,2025-08-14,"1.85%",-175,1.85,0.020264226391698
2026-12-08,2025-08-14,"2.10%",-150,2.1,0.0485944026869123
2026-12-08,2025-08-14,"2.35%",-125,2.35,0.0938675449707554
2026-12-08,2025-08-14,"2.60%",-100,2.6,0.146063626934074
2026-12-08,2025-08-14,"2.85%",-75,2.85,0.183097674498115
2026-12-08,2025-08-14,"3.10%",-50,3.1,0.184904017548703
2026-12-08,2025-08-14,"3.35%",-25,3.35,0.150429500991767
2026-12-08,2025-08-14,"3.60%",0,3.6,0.0985904688204325
2026-12-08,2025-08-14,"3.85%",25,3.85,0.0520518418840555
2026-12-08,2025-08-14,"4.10%",50,4.1,0.022136695273488
2026-12-08,2025-08-14,"4.35%",75,4.35,0
2026-12-08,2025-08-14,"4.60%",100,4.6,0
2026-12-08,2025-08-14,"4.85%",125,4.85,0
2026-12-08,2025-08-14,"5.10%",150,5.1,0
2026-12-08,2025-08-14,"5.35%",175,5.35,0
2026-12-08,2025-08-14,"5.60%",200,5.6,0
2026-12-08,2025-08-14,"5.85%",225,5.85,0
2026-12-08,2025-08-14,"6.10%",250,6.1,0
2026-12-08,2025-08-17,"0.10%",-300,0.1,0
2026-12-08,2025-08-17,"0.35%",-300,0.35,0
2026-12-08,2025-08-17,"0.60%",-300,0.6,0
2026-12-08,2025-08-17,"0.85%",-275,0.85,0
2026-12-08,2025-08-17,"1.10%",-250,1.1,0
2026-12-08,2025-08-17,"1.35%",-225,1.35,0
2026-12-08,2025-08-17,"1.60%",-200,1.6,0
2026-12-08,2025-08-17,"1.85%",-175,1.85,0.0164604158351673
2026-12-08,2025-08-17,"2.10%",-150,2.1,0.0424567400251091
2026-12-08,2025-08-17,"2.35%",-125,2.35,0.0871257102188311
2026-12-08,2025-08-17,"2.60%",-100,2.6,0.142256209897391
2026-12-08,2025-08-17,"2.85%",-75,2.85,0.184817558622779
2026-12-08,2025-08-17,"3.10%",-50,3.1,0.191061930235085
2026-12-08,2025-08-17,"3.35%",-25,3.35,0.157168511911263
2026-12-08,2025-08-17,"3.60%",0,3.6,0.102874683426413
2026-12-08,2025-08-17,"3.85%",25,3.85,0.0535777002114832
2026-12-08,2025-08-17,"4.10%",50,4.1,0.0222005396164793
2026-12-08,2025-08-17,"4.35%",75,4.35,0
2026-12-08,2025-08-17,"4.60%",100,4.6,0
2026-12-08,2025-08-17,"4.85%",125,4.85,0
2026-12-08,2025-08-17,"5.10%",150,5.1,0
2026-12-08,2025-08-17,"5.35%",175,5.35,0
2026-12-08,2025-08-17,"5.60%",200,5.6,0
2026-12-08,2025-08-17,"5.85%",225,5.85,0
2026-12-08,2025-08-17,"6.10%",250,6.1,0
2026-12-08,2025-08-18,"0.10%",-300,0.1,0
2026-12-08,2025-08-18,"0.35%",-300,0.35,0
2026-12-08,2025-08-18,"0.60%",-300,0.6,0
2026-12-08,2025-08-18,"0.85%",-275,0.85,0
2026-12-08,2025-08-18,"1.10%",-250,1.1,0
2026-12-08,2025-08-18,"1.35%",-225,1.35,0
2026-12-08,2025-08-18,"1.60%",-200,1.6,0
2026-12-08,2025-08-18,"1.85%",-175,1.85,0.0126300485587692
2026-12-08,2025-08-18,"2.10%",-150,2.1,0.0344395577175294
2026-12-08,2025-08-18,"2.35%",-125,2.35,0.0747234467912324
2026-12-08,2025-08-18,"2.60%",-100,2.6,0.129013906857987
2026-12-08,2025-08-18,"2.85%",-75,2.85,0.177264049568711
2026-12-08,2025-08-18,"3.10%",-50,3.1,0.193831174193436
2026-12-08,2025-08-18,"3.35%",-25,3.35,0.168674512098439
2026-12-08,2025-08-18,"3.60%",0,3.6,0.116813186412435
2026-12-08,2025-08-18,"3.85%",25,3.85,0.0643775355799472
2026-12-08,2025-08-18,"4.10%",50,4.1,0.0282325822215138
2026-12-08,2025-08-18,"4.35%",75,4.35,0
2026-12-08,2025-08-18,"4.60%",100,4.6,0
2026-12-08,2025-08-18,"4.85%",125,4.85,0
2026-12-08,2025-08-18,"5.10%",150,5.1,0
2026-12-08,2025-08-18,"5.35%",175,5.35,0
2026-12-08,2025-08-18,"5.60%",200,5.6,0
2026-12-08,2025-08-18,"5.85%",225,5.85,0
2026-12-08,2025-08-18,"6.10%",250,6.1,0
2026-12-08,2025-08-19,"0.10%",-300,0.1,0
2026-12-08,2025-08-19,"0.35%",-300,0.35,0
2026-12-08,2025-08-19,"0.60%",-300,0.6,0
2026-12-08,2025-08-19,"0.85%",-275,0.85,0
2026-12-08,2025-08-19,"1.10%",-250,1.1,0
2026-12-08,2025-08-19,"1.35%",-225,1.35,0
2026-12-08,2025-08-19,"1.60%",-200,1.6,0
2026-12-08,2025-08-19,"1.85%",-175,1.85,0.0130965029435315
2026-12-08,2025-08-19,"2.10%",-150,2.1,0.0362705700342243
2026-12-08,2025-08-19,"2.35%",-125,2.35,0.0791276913678052
2026-12-08,2025-08-19,"2.60%",-100,2.6,0.135992872111266
2026-12-08,2025-08-19,"2.85%",-75,2.85,0.18413855079732
2026-12-08,2025-08-19,"3.10%",-50,3.1,0.196439943080551
2026-12-08,2025-08-19,"3.35%",-25,3.35,0.165110514375285
2026-12-08,2025-08-19,"3.60%",0,3.6,0.109337851822451
2026-12-08,2025-08-19,"3.85%",25,3.85,0.0570421866953385
2026-12-08,2025-08-19,"4.10%",50,4.1,0.0234433167722268
2026-12-08,2025-08-19,"4.35%",75,4.35,0
2026-12-08,2025-08-19,"4.60%",100,4.6,0
2026-12-08,2025-08-19,"4.85%",125,4.85,0
2026-12-08,2025-08-19,"5.10%",150,5.1,0
2026-12-08,2025-08-19,"5.35%",175,5.35,0
2026-12-08,2025-08-19,"5.60%",200,5.6,0
2026-12-08,2025-08-19,"5.85%",225,5.85,0
2026-12-08,2025-08-19,"6.10%",250,6.1,0
2026-12-08,2025-08-20,"0.10%",-300,0.1,0
2026-12-08,2025-08-20,"0.35%",-300,0.35,0
2026-12-08,2025-08-20,"0.60%",-300,0.6,0
2026-12-08,2025-08-20,"0.85%",-275,0.85,0
2026-12-08,2025-08-20,"1.10%",-250,1.1,0
2026-12-08,2025-08-20,"1.35%",-225,1.35,0
2026-12-08,2025-08-20,"1.60%",-200,1.6,0
2026-12-08,2025-08-20,"1.85%",-175,1.85,0
2026-12-08,2025-08-20,"2.10%",-150,2.1,0.0272698846103342
2026-12-08,2025-08-20,"2.35%",-125,2.35,0.0721707622710891
2026-12-08,2025-08-20,"2.60%",-100,2.6,0.141308117806464
2026-12-08,2025-08-20,"2.85%",-75,2.85,0.204724223844916
2026-12-08,2025-08-20,"3.10%",-50,3.1,0.219485793729481
2026-12-08,2025-08-20,"3.35%",-25,3.35,0.174134978839356
2026-12-08,2025-08-20,"3.60%",0,3.6,0.102231250557196
2026-12-08,2025-08-20,"3.85%",25,3.85,0.0444062767670342
2026-12-08,2025-08-20,"4.10%",50,4.1,0.0142687115741298
2026-12-08,2025-08-20,"4.35%",75,4.35,0
2026-12-08,2025-08-20,"4.60%",100,4.6,0
2026-12-08,2025-08-20,"4.85%",125,4.85,0
2026-12-08,2025-08-20,"5.10%",150,5.1,0
2026-12-08,2025-08-20,"5.35%",175,5.35,0
2026-12-08,2025-08-20,"5.60%",200,5.6,0
2026-12-08,2025-08-20,"5.85%",225,5.85,0
2026-12-08,2025-08-20,"6.10%",250,6.1,0
2026-12-08,2025-08-21,"0.10%",-300,0.1,0
2026-12-08,2025-08-21,"0.35%",-300,0.35,0
2026-12-08,2025-08-21,"0.60%",-300,0.6,0
2026-12-08,2025-08-21,"0.85%",-275,0.85,0
2026-12-08,2025-08-21,"1.10%",-250,1.1,0
2026-12-08,2025-08-21,"1.35%",-225,1.35,0
2026-12-08,2025-08-21,"1.60%",-200,1.6,0
2026-12-08,2025-08-21,"1.85%",-175,1.85,0
2026-12-08,2025-08-21,"2.10%",-150,2.1,0.0296985091560795
2026-12-08,2025-08-21,"2.35%",-125,2.35,0.0716912702329178
2026-12-08,2025-08-21,"2.60%",-100,2.6,0.133030823909549
2026-12-08,2025-08-21,"2.85%",-75,2.85,0.189773035048307
2026-12-08,2025-08-21,"3.10%",-50,3.1,0.208131344420491
2026-12-08,2025-08-21,"3.35%",-25,3.35,0.175496185599568
2026-12-08,2025-08-21,"3.60%",0,3.6,0.113766186574197
2026-12-08,2025-08-21,"3.85%",25,3.85,0.0566949329135493
2026-12-08,2025-08-21,"4.10%",50,4.1,0.0217177121453419
2026-12-08,2025-08-21,"4.35%",75,4.35,0
2026-12-08,2025-08-21,"4.60%",100,4.6,0
2026-12-08,2025-08-21,"4.85%",125,4.85,0
2026-12-08,2025-08-21,"5.10%",150,5.1,0
2026-12-08,2025-08-21,"5.35%",175,5.35,0
2026-12-08,2025-08-21,"5.60%",200,5.6,0
2026-12-08,2025-08-21,"5.85%",225,5.85,0
2026-12-08,2025-08-21,"6.10%",250,6.1,0
2026-12-08,2025-08-24,"0.10%",-300,0.1,0
2026-12-08,2025-08-24,"0.35%",-300,0.35,0
2026-12-08,2025-08-24,"0.60%",-300,0.6,0
2026-12-08,2025-08-24,"0.85%",-275,0.85,0
2026-12-08,2025-08-24,"1.10%",-250,1.1,0
2026-12-08,2025-08-24,"1.35%",-225,1.35,0
2026-12-08,2025-08-24,"1.60%",-200,1.6,0
2026-12-08,2025-08-24,"1.85%",-175,1.85,0.0149867994861608
2026-12-08,2025-08-24,"2.10%",-150,2.1,0.0394619232494106
2026-12-08,2025-08-24,"2.35%",-125,2.35,0.0826484385075003
2026-12-08,2025-08-24,"2.60%",-100,2.6,0.137692535870251
2026-12-08,2025-08-24,"2.85%",-75,2.85,0.182485472405919
2026-12-08,2025-08-24,"3.10%",-50,3.1,0.192398251022822
2026-12-08,2025-08-24,"3.35%",-25,3.35,0.161373152543888
2026-12-08,2025-08-24,"3.60%",0,3.6,0.107673983384096
2026-12-08,2025-08-24,"3.85%",25,3.85,0.0571506776978183
2026-12-08,2025-08-24,"4.10%",50,4.1,0.0241287658321339
2026-12-08,2025-08-24,"4.35%",75,4.35,0
2026-12-08,2025-08-24,"4.60%",100,4.6,0
2026-12-08,2025-08-24,"4.85%",125,4.85,0
2026-12-08,2025-08-24,"5.10%",150,5.1,0
2026-12-08,2025-08-24,"5.35%",175,5.35,0
2026-12-08,2025-08-24,"5.60%",200,5.6,0
2026-12-08,2025-08-24,"5.85%",225,5.85,0
2026-12-08,2025-08-24,"6.10%",250,6.1,0
2026-12-08,2025-08-25,"0.10%",-300,0.1,0
2026-12-08,2025-08-25,"0.35%",-300,0.35,0
2026-12-08,2025-08-25,"0.60%",-300,0.6,0
2026-12-08,2025-08-25,"0.85%",-275,0.85,0
2026-12-08,2025-08-25,"1.10%",-250,1.1,0
2026-12-08,2025-08-25,"1.35%",-225,1.35,0
2026-12-08,2025-08-25,"1.60%",-200,1.6,0
2026-12-08,2025-08-25,"1.85%",-175,1.85,0.016020911394454
2026-12-08,2025-08-25,"2.10%",-150,2.1,0.0404981148393803
2026-12-08,2025-08-25,"2.35%",-125,2.35,0.0823865006289787
2026-12-08,2025-08-25,"2.60%",-100,2.6,0.134889296455587
2026-12-08,2025-08-25,"2.85%",-75,2.85,0.177753398312325
2026-12-08,2025-08-25,"3.10%",-50,3.1,0.188533267278239
2026-12-08,2025-08-25,"3.35%",-25,3.35,0.160949645314841
2026-12-08,2025-08-25,"3.60%",0,3.6,0.110590510104548
2026-12-08,2025-08-25,"3.85%",25,3.85,0.061158534930173
2026-12-08,2025-08-25,"4.10%",50,4.1,0.0272198207414736
2026-12-08,2025-08-25,"4.35%",75,4.35,0
2026-12-08,2025-08-25,"4.60%",100,4.6,0
2026-12-08,2025-08-25,"4.85%",125,4.85,0
2026-12-08,2025-08-25,"5.10%",150,5.1,0
2026-12-08,2025-08-25,"5.35%",175,5.35,0
2026-12-08,2025-08-25,"5.60%",200,5.6,0
2026-12-08,2025-08-25,"5.85%",225,5.85,0
2026-12-08,2025-08-25,"6.10%",250,6.1,0
2026-12-08,2025-08-26,"0.10%",-300,0.1,0
2026-12-08,2025-08-26,"0.35%",-300,0.35,0
2026-12-08,2025-08-26,"0.60%",-300,0.6,0
2026-12-08,2025-08-26,"0.85%",-275,0.85,0
2026-12-08,2025-08-26,"1.10%",-250,1.1,0
2026-12-08,2025-08-26,"1.35%",-225,1.35,0
2026-12-08,2025-08-26,"1.60%",-200,1.6,0
2026-12-08,2025-08-26,"1.85%",-175,1.85,0
2026-12-08,2025-08-26,"2.10%",-150,2.1,0.0250253782228264
2026-12-08,2025-08-26,"2.35%",-125,2.35,0.0663529111752021
2026-12-08,2025-08-26,"2.60%",-100,2.6,0.131653225121256
2026-12-08,2025-08-26,"2.85%",-75,2.85,0.195504678625617
2026-12-08,2025-08-26,"3.10%",-50,3.1,0.217306945459112
2026-12-08,2025-08-26,"3.35%",-25,3.35,0.180796817247455
2026-12-08,2025-08-26,"3.60%",0,3.6,0.112587829560916
2026-12-08,2025-08-26,"3.85%",25,3.85,0.0524725205250921
2026-12-08,2025-08-26,"4.10%",50,4.1,0.0182996940625232
2026-12-08,2025-08-26,"4.35%",75,4.35,0
2026-12-08,2025-08-26,"4.60%",100,4.6,0
2026-12-08,2025-08-26,"4.85%",125,4.85,0
2026-12-08,2025-08-26,"5.10%",150,5.1,0
2026-12-08,2025-08-26,"5.35%",175,5.35,0
2026-12-08,2025-08-26,"5.60%",200,5.6,0
2026-12-08,2025-08-26,"5.85%",225,5.85,0
2026-12-08,2025-08-26,"6.10%",250,6.1,0
2026-12-08,2025-08-27,"0.10%",-300,0.1,0
2026-12-08,2025-08-27,"0.35%",-300,0.35,0
2026-12-08,2025-08-27,"0.60%",-300,0.6,0
2026-12-08,2025-08-27,"0.85%",-275,0.85,0
2026-12-08,2025-08-27,"1.10%",-250,1.1,0
2026-12-08,2025-08-27,"1.35%",-225,1.35,0
2026-12-08,2025-08-27,"1.60%",-200,1.6,0
2026-12-08,2025-08-27,"1.85%",-175,1.85,0.0144352869512945
2026-12-08,2025-08-27,"2.10%",-150,2.1,0.0380611475955955
2026-12-08,2025-08-27,"2.35%",-125,2.35,0.0800531985164237
2026-12-08,2025-08-27,"2.60%",-100,2.6,0.134321977006374
2026-12-08,2025-08-27,"2.85%",-75,2.85,0.179808110662004
2026-12-08,2025-08-27,"3.10%",-50,3.1,0.192033950172582
2026-12-08,2025-08-27,"3.35%",-25,3.35,0.163627455374417
2026-12-08,2025-08-27,"3.60%",0,3.6,0.111233792731937
2026-12-08,2025-08-27,"3.85%",25,3.85,0.0603257843335457
2026-12-08,2025-08-27,"4.10%",50,4.1,0.0260992966558277
2026-12-08,2025-08-27,"4.35%",75,4.35,0
2026-12-08,2025-08-27,"4.60%",100,4.6,0
2026-12-08,2025-08-27,"4.85%",125,4.85,0
2026-12-08,2025-08-27,"5.10%",150,5.1,0
2026-12-08,2025-08-27,"5.35%",175,5.35,0
2026-12-08,2025-08-27,"5.60%",200,5.6,0
2026-12-08,2025-08-27,"5.85%",225,5.85,0
2026-12-08,2025-08-27,"6.10%",250,6.1,0
2026-12-08,2025-08-28,"0.10%",-300,0.1,0
2026-12-08,2025-08-28,"0.35%",-300,0.35,0
2026-12-08,2025-08-28,"0.60%",-300,0.6,0
2026-12-08,2025-08-28,"0.85%",-275,0.85,0
2026-12-08,2025-08-28,"1.10%",-250,1.1,0
2026-12-08,2025-08-28,"1.35%",-225,1.35,0
2026-12-08,2025-08-28,"1.60%",-200,1.6,0
2026-12-08,2025-08-28,"1.85%",-175,1.85,0.0154838995996756
2026-12-08,2025-08-28,"2.10%",-150,2.1,0.0389684511415616
2026-12-08,2025-08-28,"2.35%",-125,2.35,0.0792445275739707
2026-12-08,2025-08-28,"2.60%",-100,2.6,0.130218832520577
2026-12-08,2025-08-28,"2.85%",-75,2.85,0.172919744280058
2026-12-08,2025-08-28,"3.10%",-50,3.1,0.185563261180238
2026-12-08,2025-08-28,"3.35%",-25,3.35,0.160923186979577
2026-12-08,2025-08-28,"3.60%",0,3.6,0.112776663905394
2026-12-08,2025-08-28,"3.85%",25,3.85,0.0638676477045864
2026-12-08,2025-08-28,"4.10%",50,4.1,0.0292269370144562
2026-12-08,2025-08-28,"4.35%",75,4.35,0.0108068480999055
2026-12-08,2025-08-28,"4.60%",100,4.6,0
2026-12-08,2025-08-28,"4.85%",125,4.85,0
2026-12-08,2025-08-28,"5.10%",150,5.1,0
2026-12-08,2025-08-28,"5.35%",175,5.35,0
2026-12-08,2025-08-28,"5.60%",200,5.6,0
2026-12-08,2025-08-28,"5.85%",225,5.85,0
2026-12-08,2025-08-28,"6.10%",250,6.1,0
2026-12-08,2025-08-31,"0.10%",-300,0.1,0
2026-12-08,2025-08-31,"0.35%",-300,0.35,0
2026-12-08,2025-08-31,"0.60%",-300,0.6,0
2026-12-08,2025-08-31,"0.85%",-275,0.85,0
2026-12-08,2025-08-31,"1.10%",-250,1.1,0
2026-12-08,2025-08-31,"1.35%",-225,1.35,0
2026-12-08,2025-08-31,"1.60%",-200,1.6,0
2026-12-08,2025-08-31,"1.85%",-175,1.85,0.0184321042075577
2026-12-08,2025-08-31,"2.10%",-150,2.1,0.0422138815373212
2026-12-08,2025-08-31,"2.35%",-125,2.35,0.080049963304277
2026-12-08,2025-08-31,"2.60%",-100,2.6,0.125692158712706
2026-12-08,2025-08-31,"2.85%",-75,2.85,0.16342093782946
2026-12-08,2025-08-31,"3.10%",-50,3.1,0.175940695430071
2026-12-08,2025-08-31,"3.35%",-25,3.35,0.156850488536013
2026-12-08,2025-08-31,"3.60%",0,3.6,0.115787986038686
2026-12-08,2025-08-31,"3.85%",25,3.85,0.0707768986659871
2026-12-08,2025-08-31,"4.10%",50,4.1,0.0358226497727324
2026-12-08,2025-08-31,"4.35%",75,4.35,0.0150122359651893
2026-12-08,2025-08-31,"4.60%",100,4.6,0
2026-12-08,2025-08-31,"4.85%",125,4.85,0
2026-12-08,2025-08-31,"5.10%",150,5.1,0
2026-12-08,2025-08-31,"5.35%",175,5.35,0
2026-12-08,2025-08-31,"5.60%",200,5.6,0
2026-12-08,2025-08-31,"5.85%",225,5.85,0
2026-12-08,2025-08-31,"6.10%",250,6.1,0
2026-12-08,2025-09-01,"0.10%",-300,0.1,0
2026-12-08,2025-09-01,"0.35%",-300,0.35,0
2026-12-08,2025-09-01,"0.60%",-300,0.6,0
2026-12-08,2025-09-01,"0.85%",-275,0.85,0
2026-12-08,2025-09-01,"1.10%",-250,1.1,0
2026-12-08,2025-09-01,"1.35%",-225,1.35,0
2026-12-08,2025-09-01,"1.60%",-200,1.6,0
2026-12-08,2025-09-01,"1.85%",-175,1.85,0.0178779267174398
2026-12-08,2025-09-01,"2.10%",-150,2.1,0.040628478494711
2026-12-08,2025-09-01,"2.35%",-125,2.35,0.0768837703195623
2026-12-08,2025-09-01,"2.60%",-100,2.6,0.121155679086272
2026-12-08,2025-09-01,"2.85%",-75,2.85,0.15898941718958
2026-12-08,2025-09-01,"3.10%",-50,3.1,0.173745772565658
2026-12-08,2025-09-01,"3.35%",-25,3.35,0.158118947906618
2026-12-08,2025-09-01,"3.60%",0,3.6,0.119832617768125
2026-12-08,2025-09-01,"3.85%",25,3.85,0.0756277645553488
2026-12-08,2025-09-01,"4.10%",50,4.1,0.0397458782304739
2026-12-08,2025-09-01,"4.35%",75,4.35,0.0173937471662112
2026-12-08,2025-09-01,"4.60%",100,4.6,0
2026-12-08,2025-09-01,"4.85%",125,4.85,0
2026-12-08,2025-09-01,"5.10%",150,5.1,0
2026-12-08,2025-09-01,"5.35%",175,5.35,0
2026-12-08,2025-09-01,"5.60%",200,5.6,0
2026-12-08,2025-09-01,"5.85%",225,5.85,0
2026-12-08,2025-09-01,"6.10%",250,6.1,0
2026-12-08,2025-09-02,"0.10%",-300,0.1,0
2026-12-08,2025-09-02,"0.35%",-300,0.35,0
2026-12-08,2025-09-02,"0.60%",-300,0.6,0
2026-12-08,2025-09-02,"0.85%",-275,0.85,0
2026-12-08,2025-09-02,"1.10%",-250,1.1,0
2026-12-08,2025-09-02,"1.35%",-225,1.35,0
2026-12-08,2025-09-02,"1.60%",-200,1.6,0
2026-12-08,2025-09-02,"1.85%",-175,1.85,0.0107161756388104
2026-12-08,2025-09-02,"2.10%",-150,2.1,0.0281186323480825
2026-12-08,2025-09-02,"2.35%",-125,2.35,0.0603713068940621
2026-12-08,2025-09-02,"2.60%",-100,2.6,0.106064789318547
2026-12-08,2025-09-02,"2.85%",-75,2.85,0.152487039610915
2026-12-08,2025-09-02,"3.10%",-50,3.1,0.17940173669404
2026-12-08,2025-09-02,"3.35%",-25,3.35,0.172725840943457
2026-12-08,2025-09-02,"3.60%",0,3.6,0.136089241635862
2026-12-08,2025-09-02,"3.85%",25,3.85,0.0877442834207893
2026-12-08,2025-09-02,"4.10%",50,4.1,0.0462944826376881
2026-12-08,2025-09-02,"4.35%",75,4.35,0.019986470857747
2026-12-08,2025-09-02,"4.60%",100,4.6,0
2026-12-08,2025-09-02,"4.85%",125,4.85,0
2026-12-08,2025-09-02,"5.10%",150,5.1,0
2026-12-08,2025-09-02,"5.35%",175,5.35,0
2026-12-08,2025-09-02,"5.60%",200,5.6,0
2026-12-08,2025-09-02,"5.85%",225,5.85,0
2026-12-08,2025-09-02,"6.10%",250,6.1,0
2026-12-08,2025-09-03,"0.10%",-300,0.1,0
2026-12-08,2025-09-03,"0.35%",-300,0.35,0
2026-12-08,2025-09-03,"0.60%",-300,0.6,0
2026-12-08,2025-09-03,"0.85%",-275,0.85,0
2026-12-08,2025-09-03,"1.10%",-250,1.1,0
2026-12-08,2025-09-03,"1.35%",-225,1.35,0
2026-12-08,2025-09-03,"1.60%",-200,1.6,0
2026-12-08,2025-09-03,"1.85%",-175,1.85,0.0161243311922674
2026-12-08,2025-09-03,"2.10%",-150,2.1,0.0371728846609909
2026-12-08,2025-09-03,"2.35%",-125,2.35,0.0715352470211844
2026-12-08,2025-09-03,"2.60%",-100,2.6,0.114915128759115
2026-12-08,2025-09-03,"2.85%",-75,2.85,0.154101896740691
2026-12-08,2025-09-03,"3.10%",-50,3.1,0.172511829999771
2026-12-08,2025-09-03,"3.35%",-25,3.35,0.161217583098127
2026-12-08,2025-09-03,"3.60%",0,3.6,0.125772893563882
2026-12-08,2025-09-03,"3.85%",25,3.85,0.0819100769466098
2026-12-08,2025-09-03,"4.10%",50,4.1,0.0445301199302935
2026-12-08,2025-09-03,"4.35%",75,4.35,0.0202080080870679
2026-12-08,2025-09-03,"4.60%",100,4.6,0
2026-12-08,2025-09-03,"4.85%",125,4.85,0
2026-12-08,2025-09-03,"5.10%",150,5.1,0
2026-12-08,2025-09-03,"5.35%",175,5.35,0
2026-12-08,2025-09-03,"5.60%",200,5.6,0
2026-12-08,2025-09-03,"5.85%",225,5.85,0
2026-12-08,2025-09-03,"6.10%",250,6.1,0
2026-12-08,2025-09-04,"0.10%",-300,0.1,0
2026-12-08,2025-09-04,"0.35%",-300,0.35,0
2026-12-08,2025-09-04,"0.60%",-300,0.6,0
2026-12-08,2025-09-04,"0.85%",-275,0.85,0
2026-12-08,2025-09-04,"1.10%",-250,1.1,0
2026-12-08,2025-09-04,"1.35%",-225,1.35,0
2026-12-08,2025-09-04,"1.60%",-200,1.6,0
2026-12-08,2025-09-04,"1.85%",-175,1.85,0.0111196235674743
2026-12-08,2025-09-04,"2.10%",-150,2.1,0.0301875337283623
2026-12-08,2025-09-04,"2.35%",-125,2.35,0.0659685330488226
2026-12-08,2025-09-04,"2.60%",-100,2.6,0.116050365626985
2026-12-08,2025-09-04,"2.85%",-75,2.85,0.164353149548178
2026-12-08,2025-09-04,"3.10%",-50,3.1,0.187389278539474
2026-12-08,2025-09-04,"3.35%",-25,3.35,0.17200921563871
2026-12-08,2025-09-04,"3.60%",0,3.6,0.127114660526325
2026-12-08,2025-09-04,"3.85%",25,3.85,0.0756249116029956
2026-12-08,2025-09-04,"4.10%",50,4.1,0.0362192733611789
2026-12-08,2025-09-04,"4.35%",75,4.35,0.013963454811495
2026-12-08,2025-09-04,"4.60%",100,4.6,0
2026-12-08,2025-09-04,"4.85%",125,4.85,0
2026-12-08,2025-09-04,"5.10%",150,5.1,0
2026-12-08,2025-09-04,"5.35%",175,5.35,0
2026-12-08,2025-09-04,"5.60%",200,5.6,0
2026-12-08,2025-09-04,"5.85%",225,5.85,0
2026-12-08,2025-09-04,"6.10%",250,6.1,0
2026-12-08,2025-09-07,"0.10%",-300,0.1,0
2026-12-08,2025-09-07,"0.35%",-300,0.35,0
2026-12-08,2025-09-07,"0.60%",-300,0.6,0
2026-12-08,2025-09-07,"0.85%",-275,0.85,0
2026-12-08,2025-09-07,"1.10%",-250,1.1,0
2026-12-08,2025-09-07,"1.35%",-225,1.35,0
2026-12-08,2025-09-07,"1.60%",-200,1.6,0.0163035452703739
2026-12-08,2025-09-07,"1.85%",-175,1.85,0.0317316341936441
2026-12-08,2025-09-07,"2.10%",-150,2.1,0.0546734387063905
2026-12-08,2025-09-07,"2.35%",-125,2.35,0.0833945145140078
2026-12-08,2025-09-07,"2.60%",-100,2.6,0.112610406721318
2026-12-08,2025-09-07,"2.85%",-75,2.85,0.134617501293163
2026-12-08,2025-09-07,"3.10%",-50,3.1,0.142464834610364
2026-12-08,2025-09-07,"3.35%",-25,3.35,0.133474212722915
2026-12-08,2025-09-07,"3.60%",0,3.6,0.110705744068958
2026-12-08,2025-09-07,"3.85%",25,3.85,0.0812876903424259
2026-12-08,2025-09-07,"4.10%",50,4.1,0.0528395596320606
2026-12-08,2025-09-07,"4.35%",75,4.35,0.0304067857215889
2026-12-08,2025-09-07,"4.60%",100,4.6,0.0154901322027913
2026-12-08,2025-09-07,"4.85%",125,4.85,0
2026-12-08,2025-09-07,"5.10%",150,5.1,0
2026-12-08,2025-09-07,"5.35%",175,5.35,0
2026-12-08,2025-09-07,"5.60%",200,5.6,0
2026-12-08,2025-09-07,"5.85%",225,5.85,0
2026-12-08,2025-09-07,"6.10%",250,6.1,0
2026-12-08,2025-09-08,"0.10%",-300,0.1,0
2026-12-08,2025-09-08,"0.35%",-300,0.35,0
2026-12-08,2025-09-08,"0.60%",-300,0.6,0
2026-12-08,2025-09-08,"0.85%",-275,0.85,0
2026-12-08,2025-09-08,"1.10%",-250,1.1,0
2026-12-08,2025-09-08,"1.35%",-225,1.35,0
2026-12-08,2025-09-08,"1.60%",-200,1.6,0.0195475024437925
2026-12-08,2025-09-08,"1.85%",-175,1.85,0.0352624565417384
2026-12-08,2025-09-08,"2.10%",-150,2.1,0.0571465963559366
2026-12-08,2025-09-08,"2.35%",-125,2.35,0.0832006760046732
2026-12-08,2025-09-08,"2.60%",-100,2.6,0.108823757605249
2026-12-08,2025-09-08,"2.85%",-75,2.85,0.127873978090148
2026-12-08,2025-09-08,"3.10%",-50,3.1,0.134990425117066
2026-12-08,2025-09-08,"3.35%",-25,3.35,0.128022508293765
2026-12-08,2025-09-08,"3.60%",0,3.6,0.10907671113787
2026-12-08,2025-09-08,"3.85%",25,3.85,0.0834909386487384
2026-12-08,2025-09-08,"4.10%",50,4.1,0.0574125775651775
2026-12-08,2025-09-08,"4.35%",75,4.35,0.0354677344739604
2026-12-08,2025-09-08,"4.60%",100,4.6,0.019684137721885
2026-12-08,2025-09-08,"4.85%",125,4.85,0
2026-12-08,2025-09-08,"5.10%",150,5.1,0
2026-12-08,2025-09-08,"5.35%",175,5.35,0
2026-12-08,2025-09-08,"5.60%",200,5.6,0
2026-12-08,2025-09-08,"5.85%",225,5.85,0
2026-12-08,2025-09-08,"6.10%",250,6.1,0
2026-12-08,2025-09-09,"0.10%",-300,0.1,0
2026-12-08,2025-09-09,"0.35%",-300,0.35,0
2026-12-08,2025-09-09,"0.60%",-300,0.6,0
2026-12-08,2025-09-09,"0.85%",-275,0.85,0
2026-12-08,2025-09-09,"1.10%",-250,1.1,0
2026-12-08,2025-09-09,"1.35%",-225,1.35,0
2026-12-08,2025-09-09,"1.60%",-200,1.6,0
2026-12-08,2025-09-09,"1.85%",-175,1.85,0.0194200914564779
2026-12-08,2025-09-09,"2.10%",-150,2.1,0.0421514719527826
2026-12-08,2025-09-09,"2.35%",-125,2.35,0.0770881930730199
2026-12-08,2025-09-09,"2.60%",-100,2.6,0.118792142127588
2026-12-08,2025-09-09,"2.85%",-75,2.85,0.15424828328702
2026-12-08,2025-09-09,"3.10%",-50,3.1,0.168768212955226
2026-12-08,2025-09-09,"3.35%",-25,3.35,0.155596688833729
2026-12-08,2025-09-09,"3.60%",0,3.6,0.120878176858954
2026-12-08,2025-09-09,"3.85%",25,3.85,0.0791277023536541
2026-12-08,2025-09-09,"4.10%",50,4.1,0.0436449921306573
2026-12-08,2025-09-09,"4.35%",75,4.35,0.0202840449708919
2026-12-08,2025-09-09,"4.60%",100,4.6,0
2026-12-08,2025-09-09,"4.85%",125,4.85,0
2026-12-08,2025-09-09,"5.10%",150,5.1,0
2026-12-08,2025-09-09,"5.35%",175,5.35,0
2026-12-08,2025-09-09,"5.60%",200,5.6,0
2026-12-08,2025-09-09,"5.85%",225,5.85,0
2026-12-08,2025-09-09,"6.10%",250,6.1,0
2026-12-08,2025-09-10,"0.10%",-300,0.1,0
2026-12-08,2025-09-10,"0.35%",-300,0.35,0
2026-12-08,2025-09-10,"0.60%",-300,0.6,0
2026-12-08,2025-09-10,"0.85%",-275,0.85,0
2026-12-08,2025-09-10,"1.10%",-250,1.1,0
2026-12-08,2025-09-10,"1.35%",-225,1.35,0
2026-12-08,2025-09-10,"1.60%",-200,1.6,0
2026-12-08,2025-09-10,"1.85%",-175,1.85,0.0178368350432463
2026-12-08,2025-09-10,"2.10%",-150,2.1,0.0402081517208506
2026-12-08,2025-09-10,"2.35%",-125,2.35,0.0757349672364069
2026-12-08,2025-09-10,"2.60%",-100,2.6,0.119200528403269
2026-12-08,2025-09-10,"2.85%",-75,2.85,0.156772205836806
2026-12-08,2025-09-10,"3.10%",-50,3.1,0.17229594447326
2026-12-08,2025-09-10,"3.35%",-25,3.35,0.158233414363035
2026-12-08,2025-09-10,"3.60%",0,3.6,0.121432977385493
2026-12-08,2025-09-10,"3.85%",25,3.85,0.0778725934681085
2026-12-08,2025-09-10,"4.10%",50,4.1,0.0417284866789414
2026-12-08,2025-09-10,"4.35%",75,4.35,0.0186838953905839
2026-12-08,2025-09-10,"4.60%",100,4.6,0
2026-12-08,2025-09-10,"4.85%",125,4.85,0
2026-12-08,2025-09-10,"5.10%",150,5.1,0
2026-12-08,2025-09-10,"5.35%",175,5.35,0
2026-12-08,2025-09-10,"5.60%",200,5.6,0
2026-12-08,2025-09-10,"5.85%",225,5.85,0
2026-12-08,2025-09-10,"6.10%",250,6.1,0
2026-12-08,2025-09-11,"0.10%",-300,0.1,0
2026-12-08,2025-09-11,"0.35%",-300,0.35,0
2026-12-08,2025-09-11,"0.60%",-300,0.6,0
2026-12-08,2025-09-11,"0.85%",-275,0.85,0
2026-12-08,2025-09-11,"1.10%",-250,1.1,0
2026-12-08,2025-09-11,"1.35%",-225,1.35,0
2026-12-08,2025-09-11,"1.60%",-200,1.6,0
2026-12-08,2025-09-11,"1.85%",-175,1.85,0.0141445264383243
2026-12-08,2025-09-11,"2.10%",-150,2.1,0.034293414869831
2026-12-08,2025-09-11,"2.35%",-125,2.35,0.068725266615323
2026-12-08,2025-09-11,"2.60%",-100,2.6,0.113847357257641
2026-12-08,2025-09-11,"2.85%",-75,2.85,0.155898951341016
2026-12-08,2025-09-11,"3.10%",-50,3.1,0.17647585271592
2026-12-08,2025-09-11,"3.35%",-25,3.35,0.16514007194211
2026-12-08,2025-09-11,"3.60%",0,3.6,0.127744733249453
2026-12-08,2025-09-11,"3.85%",25,3.85,0.0816864889025943
2026-12-08,2025-09-11,"4.10%",50,4.1,0.043178014550045
2026-12-08,2025-09-11,"4.35%",75,4.35,0.0188653221177427
2026-12-08,2025-09-11,"4.60%",100,4.6,0
2026-12-08,2025-09-11,"4.85%",125,4.85,0
2026-12-08,2025-09-11,"5.10%",150,5.1,0
2026-12-08,2025-09-11,"5.35%",175,5.35,0
2026-12-08,2025-09-11,"5.60%",200,5.6,0
2026-12-08,2025-09-11,"5.85%",225,5.85,0
2026-12-08,2025-09-11,"6.10%",250,6.1,0
2026-12-08,2025-09-12,"0.10%",-300,0.1,0
2026-12-08,2025-09-12,"0.35%",-300,0.35,0
2026-12-08,2025-09-12,"0.60%",-300,0.6,0
2026-12-08,2025-09-12,"0.85%",-275,0.85,0
2026-12-08,2025-09-12,"1.10%",-250,1.1,0
2026-12-08,2025-09-12,"1.35%",-225,1.35,0
2026-12-08,2025-09-12,"1.60%",-200,1.6,0
2026-12-08,2025-09-12,"1.85%",-175,1.85,0.0136665065389484
2026-12-08,2025-09-12,"2.10%",-150,2.1,0.0336225979379024
2026-12-08,2025-09-12,"2.35%",-125,2.35,0.068158688438507
2026-12-08,2025-09-12,"2.60%",-100,2.6,0.113853398171841
2026-12-08,2025-09-12,"2.85%",-75,2.85,0.156718172053225
2026-12-08,2025-09-12,"3.10%",-50,3.1,0.177766529645691
2026-12-08,2025-09-12,"3.35%",-25,3.35,0.166165691375208
2026-12-08,2025-09-12,"3.60%",0,3.6,0.127994586511399
2026-12-08,2025-09-12,"3.85%",25,3.85,0.0812444317561222
2026-12-08,2025-09-12,"4.10%",50,4.1,0.0424947338694308
2026-12-08,2025-09-12,"4.35%",75,4.35,0.0183146637017259
2026-12-08,2025-09-12,"4.60%",100,4.6,0
2026-12-08,2025-09-12,"4.85%",125,4.85,0
2026-12-08,2025-09-12,"5.10%",150,5.1,0
2026-12-08,2025-09-12,"5.35%",175,5.35,0
2026-12-08,2025-09-12,"5.60%",200,5.6,0
2026-12-08,2025-09-12,"5.85%",225,5.85,0
2026-12-08,2025-09-12,"6.10%",250,6.1,0
2026-12-08,2025-09-14,"0.10%",-300,0.1,0
2026-12-08,2025-09-14,"0.35%",-300,0.35,0
2026-12-08,2025-09-14,"0.60%",-300,0.6,0
2026-12-08,2025-09-14,"0.85%",-275,0.85,0
2026-12-08,2025-09-14,"1.10%",-250,1.1,0
2026-12-08,2025-09-14,"1.35%",-225,1.35,0
2026-12-08,2025-09-14,"1.60%",-200,1.6,0
2026-12-08,2025-09-14,"1.85%",-175,1.85,0.0129229333223478
2026-12-08,2025-09-14,"2.10%",-150,2.1,0.0319665121114226
2026-12-08,2025-09-14,"2.35%",-125,2.35,0.0652932287054178
2026-12-08,2025-09-14,"2.60%",-100,2.6,0.110128051056311
2026-12-08,2025-09-14,"2.85%",-75,2.85,0.153390420151525
2026-12-08,2025-09-14,"3.10%",-50,3.1,0.176432140372618
2026-12-08,2025-09-14,"3.35%",-25,3.35,0.167586895409688
2026-12-08,2025-09-14,"3.60%",0,3.6,0.131457065126871
2026-12-08,2025-09-14,"3.85%",25,3.85,0.0851535826371564
2026-12-08,2025-09-14,"4.10%",50,4.1,0.0455497181648574
2026-12-08,2025-09-14,"4.35%",75,4.35,0.0201194529417845
2026-12-08,2025-09-14,"4.60%",100,4.6,0
2026-12-08,2025-09-14,"4.85%",125,4.85,0
2026-12-08,2025-09-14,"5.10%",150,5.1,0
2026-12-08,2025-09-14,"5.35%",175,5.35,0
2026-12-08,2025-09-14,"5.60%",200,5.6,0
2026-12-08,2025-09-14,"5.85%",225,5.85,0
2026-12-08,2025-09-14,"6.10%",250,6.1,0
2026-12-08,2025-09-15,"0.10%",-300,0.1,0
2026-12-08,2025-09-15,"0.35%",-300,0.35,0
2026-12-08,2025-09-15,"0.60%",-300,0.6,0
2026-12-08,2025-09-15,"0.85%",-275,0.85,0
2026-12-08,2025-09-15,"1.10%",-250,1.1,0
2026-12-08,2025-09-15,"1.35%",-225,1.35,0
2026-12-08,2025-09-15,"1.60%",-200,1.6,0
2026-12-08,2025-09-15,"1.85%",-175,1.85,0.0130777113966875
2026-12-08,2025-09-15,"2.10%",-150,2.1,0.0321891180433049
2026-12-08,2025-09-15,"2.35%",-125,2.35,0.0654909931582978
2026-12-08,2025-09-15,"2.60%",-100,2.6,0.110145568425097
2026-12-08,2025-09-15,"2.85%",-75,2.85,0.153136492923302
2026-12-08,2025-09-15,"3.10%",-50,3.1,0.176005037687905
2026-12-08,2025-09-15,"3.35%",-25,3.35,0.16722833171737
2026-12-08,2025-09-15,"3.60%",0,3.6,0.131350472486412
2026-12-08,2025-09-15,"3.85%",25,3.85,0.0852872630433183
2026-12-08,2025-09-15,"4.10%",50,4.1,0.0457779542239456
2026-12-08,2025-09-15,"4.35%",75,4.35,0.0203110568943594
2026-12-08,2025-09-15,"4.60%",100,4.6,0
2026-12-08,2025-09-15,"4.85%",125,4.85,0
2026-12-08,2025-09-15,"5.10%",150,5.1,0
2026-12-08,2025-09-15,"5.35%",175,5.35,0
2026-12-08,2025-09-15,"5.60%",200,5.6,0
2026-12-08,2025-09-15,"5.85%",225,5.85,0
2026-12-08,2025-09-15,"6.10%",250,6.1,0
2026-12-08,2025-09-16,"0.10%",-300,0.1,0
2026-12-08,2025-09-16,"0.35%",-300,0.35,0
2026-12-08,2025-09-16,"0.60%",-300,0.6,0
2026-12-08,2025-09-16,"0.85%",-275,0.85,0
2026-12-08,2025-09-16,"1.10%",-250,1.1,0
2026-12-08,2025-09-16,"1.35%",-225,1.35,0
2026-12-08,2025-09-16,"1.60%",-200,1.6,0
2026-12-08,2025-09-16,"1.85%",-175,1.85,0.0154608068719396
2026-12-08,2025-09-16,"2.10%",-150,2.1,0.0364067211806533
2026-12-08,2025-09-16,"2.35%",-125,2.35,0.0711947627542446
2026-12-08,2025-09-16,"2.60%",-100,2.6,0.115623799898076
2026-12-08,2025-09-16,"2.85%",-75,2.85,0.1559518924751
2026-12-08,2025-09-16,"3.10%",-50,3.1,0.174697007564856
2026-12-08,2025-09-16,"3.35%",-25,3.35,0.162530335025611
2026-12-08,2025-09-16,"3.60%",0,3.6,0.125584429757873
2026-12-08,2025-09-16,"3.85%",25,3.85,0.0805904096846527
2026-12-08,2025-09-16,"4.10%",50,4.1,0.0429503361112307
2026-12-08,2025-09-16,"4.35%",75,4.35,0.0190094986757635
2026-12-08,2025-09-16,"4.60%",100,4.6,0
2026-12-08,2025-09-16,"4.85%",125,4.85,0
2026-12-08,2025-09-16,"5.10%",150,5.1,0
2026-12-08,2025-09-16,"5.35%",175,5.35,0
2026-12-08,2025-09-16,"5.60%",200,5.6,0
2026-12-08,2025-09-16,"5.85%",225,5.85,0
2026-12-08,2025-09-16,"6.10%",250,6.1,0
2026-12-08,2025-09-17,"0.10%",-300,0.1,0
2026-12-08,2025-09-17,"0.35%",-300,0.35,0
2026-12-08,2025-09-17,"0.60%",-300,0.6,0
2026-12-08,2025-09-17,"0.85%",-275,0.85,0
2026-12-08,2025-09-17,"1.10%",-250,1.1,0
2026-12-08,2025-09-17,"1.35%",-225,1.35,0
2026-12-08,2025-09-17,"1.60%",-200,1.6,0
2026-12-08,2025-09-17,"1.85%",-175,1.85,0.0152012940903962
2026-12-08,2025-09-17,"2.10%",-150,2.1,0.03767212110723
2026-12-08,2025-09-17,"2.35%",-125,2.35,0.0760444876999674
2026-12-08,2025-09-17,"2.60%",-100,2.6,0.125039038484346
2026-12-08,2025-09-17,"2.85%",-75,2.85,0.16748259163535
2026-12-08,2025-09-17,"3.10%",-50,3.1,0.182746626993608
2026-12-08,2025-09-17,"3.35%",-25,3.35,0.162437975176715
2026-12-08,2025-09-17,"3.60%",0,3.6,0.117619794809472
2026-12-08,2025-09-17,"3.85%",25,3.85,0.0693773094349324
2026-12-08,2025-09-17,"4.10%",50,4.1,0.0333335677028267
2026-12-08,2025-09-17,"4.35%",75,4.35,0.0130451928651568
2026-12-08,2025-09-17,"4.60%",100,4.6,0
2026-12-08,2025-09-17,"4.85%",125,4.85,0
2026-12-08,2025-09-17,"5.10%",150,5.1,0
2026-12-08,2025-09-17,"5.35%",175,5.35,0
2026-12-08,2025-09-17,"5.60%",200,5.6,0
2026-12-08,2025-09-17,"5.85%",225,5.85,0
2026-12-08,2025-09-17,"6.10%",250,6.1,0
2026-12-08,2025-09-18,"0.10%",-300,0.1,0
2026-12-08,2025-09-18,"0.35%",-300,0.35,0
2026-12-08,2025-09-18,"0.60%",-300,0.6,0
2026-12-08,2025-09-18,"0.85%",-275,0.85,0
2026-12-08,2025-09-18,"1.10%",-250,1.1,0
2026-12-08,2025-09-18,"1.35%",-225,1.35,0
2026-12-08,2025-09-18,"1.60%",-200,1.6,0
2026-12-08,2025-09-18,"1.85%",-175,1.85,0.0111415388990724
2026-12-08,2025-09-18,"2.10%",-150,2.1,0.0303709638675244
2026-12-08,2025-09-18,"2.35%",-125,2.35,0.0665201367531933
2026-12-08,2025-09-18,"2.60%",-100,2.6,0.11707347877909
2026-12-08,2025-09-18,"2.85%",-75,2.85,0.16557571906388
2026-12-08,2025-09-18,"3.10%",-50,3.1,0.188183335687012
2026-12-08,2025-09-18,"3.35%",-25,3.35,0.171876754385085
2026-12-08,2025-09-18,"3.60%",0,3.6,0.126153990580205
2026-12-08,2025-09-18,"3.85%",25,3.85,0.0744081497887744
2026-12-08,2025-09-18,"4.10%",50,4.1,0.0352659150991071
2026-12-08,2025-09-18,"4.35%",75,4.35,0.0134300170970574
2026-12-08,2025-09-18,"4.60%",100,4.6,0
2026-12-08,2025-09-18,"4.85%",125,4.85,0
2026-12-08,2025-09-18,"5.10%",150,5.1,0
2026-12-08,2025-09-18,"5.35%",175,5.35,0
2026-12-08,2025-09-18,"5.60%",200,5.6,0
2026-12-08,2025-09-18,"5.85%",225,5.85,0
2026-12-08,2025-09-18,"6.10%",250,6.1,0
2026-12-08,2025-09-21,"0.10%",-300,0.1,0
2026-12-08,2025-09-21,"0.35%",-300,0.35,0
2026-12-08,2025-09-21,"0.60%",-300,0.6,0
2026-12-08,2025-09-21,"0.85%",-275,0.85,0
2026-12-08,2025-09-21,"1.10%",-250,1.1,0
2026-12-08,2025-09-21,"1.35%",-225,1.35,0
2026-12-08,2025-09-21,"1.60%",-200,1.6,0
2026-12-08,2025-09-21,"1.85%",-175,1.85,0
2026-12-08,2025-09-21,"2.10%",-150,2.1,0.0228024640404634
2026-12-08,2025-09-21,"2.35%",-125,2.35,0.0574048479265306
2026-12-08,2025-09-21,"2.60%",-100,2.6,0.112326282529609
2026-12-08,2025-09-21,"2.85%",-75,2.85,0.170851907951443
2026-12-08,2025-09-21,"3.10%",-50,3.1,0.202017603070855
2026-12-08,2025-09-21,"3.35%",-25,3.35,0.185694807502474
2026-12-08,2025-09-21,"3.60%",0,3.6,0.132692482072039
2026-12-08,2025-09-21,"3.85%",25,3.85,0.0737069614988115
2026-12-08,2025-09-21,"4.10%",50,4.1,0.0318237493565987
2026-12-08,2025-09-21,"4.35%",75,4.35,0.0106788940511757
2026-12-08,2025-09-21,"4.60%",100,4.6,0
2026-12-08,2025-09-21,"4.85%",125,4.85,0
2026-12-08,2025-09-21,"5.10%",150,5.1,0
2026-12-08,2025-09-21,"5.35%",175,5.35,0
2026-12-08,2025-09-21,"5.60%",200,5.6,0
2026-12-08,2025-09-21,"5.85%",225,5.85,0
2026-12-08,2025-09-21,"6.10%",250,6.1,0
2026-12-08,2025-09-22,"0.10%",-300,0.1,0
2026-12-08,2025-09-22,"0.35%",-300,0.35,0
2026-12-08,2025-09-22,"0.60%",-300,0.6,0
2026-12-08,2025-09-22,"0.85%",-275,0.85,0
2026-12-08,2025-09-22,"1.10%",-250,1.1,0
2026-12-08,2025-09-22,"1.35%",-225,1.35,0
2026-12-08,2025-09-22,"1.60%",-200,1.6,0
2026-12-08,2025-09-22,"1.85%",-175,1.85,0
2026-12-08,2025-09-22,"2.10%",-150,2.1,0.0206810275410574
2026-12-08,2025-09-22,"2.35%",-125,2.35,0.054667832045776
2026-12-08,2025-09-22,"2.60%",-100,2.6,0.111038284309205
2026-12-08,2025-09-22,"2.85%",-75,2.85,0.173317524274967
2026-12-08,2025-09-22,"3.10%",-50,3.1,0.207908270815274
2026-12-08,2025-09-22,"3.35%",-25,3.35,0.1916784697969
2026-12-08,2025-09-22,"3.60%",0,3.6,0.135813044234751
2026-12-08,2025-09-22,"3.85%",25,3.85,0.0739524041263959
2026-12-08,2025-09-22,"4.10%",50,4.1,0.0309431428556734
2026-12-08,2025-09-22,"4.35%",75,4.35,0
2026-12-08,2025-09-22,"4.60%",100,4.6,0
2026-12-08,2025-09-22,"4.85%",125,4.85,0
2026-12-08,2025-09-22,"5.10%",150,5.1,0
2026-12-08,2025-09-22,"5.35%",175,5.35,0
2026-12-08,2025-09-22,"5.60%",200,5.6,0
2026-12-08,2025-09-22,"5.85%",225,5.85,0
2026-12-08,2025-09-22,"6.10%",250,6.1,0
2026-12-08,2025-09-23,"0.10%",-300,0.1,0
2026-12-08,2025-09-23,"0.35%",-300,0.35,0
2026-12-08,2025-09-23,"0.60%",-300,0.6,0
2026-12-08,2025-09-23,"0.85%",-275,0.85,0
2026-12-08,2025-09-23,"1.10%",-250,1.1,0
2026-12-08,2025-09-23,"1.35%",-225,1.35,0
2026-12-08,2025-09-23,"1.60%",-200,1.6,0
2026-12-08,2025-09-23,"1.85%",-175,1.85,0
2026-12-08,2025-09-23,"2.10%",-150,2.1,0.0125925467286035
2026-12-08,2025-09-23,"2.35%",-125,2.35,0.0383132950926147
2026-12-08,2025-09-23,"2.60%",-100,2.6,0.0883158045984468
2026-12-08,2025-09-23,"2.85%",-75,2.85,0.154257106135785
2026-12-08,2025-09-23,"3.10%",-50,3.1,0.204180574709382
2026-12-08,2025-09-23,"3.35%",-25,3.35,0.204818434419827
2026-12-08,2025-09-23,"3.60%",0,3.6,0.155707415740946
2026-12-08,2025-09-23,"3.85%",25,3.85,0.0897042052719898
2026-12-08,2025-09-23,"4.10%",50,4.1,0.0391593403814685
2026-12-08,2025-09-23,"4.35%",75,4.35,0.0129512769209376
2026-12-08,2025-09-23,"4.60%",100,4.6,0
2026-12-08,2025-09-23,"4.85%",125,4.85,0
2026-12-08,2025-09-23,"5.10%",150,5.1,0
2026-12-08,2025-09-23,"5.35%",175,5.35,0
2026-12-08,2025-09-23,"5.60%",200,5.6,0
2026-12-08,2025-09-23,"5.85%",225,5.85,0
2026-12-08,2025-09-23,"6.10%",250,6.1,0
2026-12-08,2025-09-24,"0.10%",-300,0.1,0
2026-12-08,2025-09-24,"0.35%",-300,0.35,0
2026-12-08,2025-09-24,"0.60%",-300,0.6,0
2026-12-08,2025-09-24,"0.85%",-275,0.85,0
2026-12-08,2025-09-24,"1.10%",-250,1.1,0
2026-12-08,2025-09-24,"1.35%",-225,1.35,0
2026-12-08,2025-09-24,"1.60%",-200,1.6,0
2026-12-08,2025-09-24,"1.85%",-175,1.85,0
2026-12-08,2025-09-24,"2.10%",-150,2.1,0.0140408219401843
2026-12-08,2025-09-24,"2.35%",-125,2.35,0.0385067893968097
2026-12-08,2025-09-24,"2.60%",-100,2.6,0.0830033425981051
2026-12-08,2025-09-24,"2.85%",-75,2.85,0.140639190577356
2026-12-08,2025-09-24,"3.10%",-50,3.1,0.187325587240005
2026-12-08,2025-09-24,"3.35%",-25,3.35,0.196147593662194
2026-12-08,2025-09-24,"3.60%",0,3.6,0.161460560204342
2026-12-08,2025-09-24,"3.85%",25,3.85,0.104480965799028
2026-12-08,2025-09-24,"4.10%",50,4.1,0.05314621278538
2026-12-08,2025-09-24,"4.35%",75,4.35,0.021248935796595
2026-12-08,2025-09-24,"4.60%",100,4.6,0
2026-12-08,2025-09-24,"4.85%",125,4.85,0
2026-12-08,2025-09-24,"5.10%",150,5.1,0
2026-12-08,2025-09-24,"5.35%",175,5.35,0
2026-12-08,2025-09-24,"5.60%",200,5.6,0
2026-12-08,2025-09-24,"5.85%",225,5.85,0
2026-12-08,2025-09-24,"6.10%",250,6.1,0
2026-12-08,2025-09-25,"0.10%",-300,0.1,0
2026-12-08,2025-09-25,"0.35%",-300,0.35,0
2026-12-08,2025-09-25,"0.60%",-300,0.6,0
2026-12-08,2025-09-25,"0.85%",-275,0.85,0
2026-12-08,2025-09-25,"1.10%",-250,1.1,0
2026-12-08,2025-09-25,"1.35%",-225,1.35,0
2026-12-08,2025-09-25,"1.60%",-200,1.6,0
2026-12-08,2025-09-25,"1.85%",-175,1.85,0
2026-12-08,2025-09-25,"2.10%",-150,2.1,0.011625462294987
2026-12-08,2025-09-25,"2.35%",-125,2.35,0.0334037184905717
2026-12-08,2025-09-25,"2.60%",-100,2.6,0.0752129132448375
2026-12-08,2025-09-25,"2.85%",-75,2.85,0.132722813557818
2026-12-08,2025-09-25,"3.10%",-50,3.1,0.183562904178422
2026-12-08,2025-09-25,"3.35%",-25,3.35,0.198988608335408
2026-12-08,2025-09-25,"3.60%",0,3.6,0.169075205397945
2026-12-08,2025-09-25,"3.85%",25,3.85,0.112598098626885
2026-12-08,2025-09-25,"4.10%",50,4.1,0.0587705062548153
2026-12-08,2025-09-25,"4.35%",75,4.35,0.0240397696183117
2026-12-08,2025-09-25,"4.60%",100,4.6,0
2026-12-08,2025-09-25,"4.85%",125,4.85,0
2026-12-08,2025-09-25,"5.10%",150,5.1,0
2026-12-08,2025-09-25,"5.35%",175,5.35,0
2026-12-08,2025-09-25,"5.60%",200,5.6,0
2026-12-08,2025-09-25,"5.85%",225,5.85,0
2026-12-08,2025-09-25,"6.10%",250,6.1,0
2026-12-08,2025-09-28,"0.10%",-300,0.1,0
2026-12-08,2025-09-28,"0.35%",-300,0.35,0
2026-12-08,2025-09-28,"0.60%",-300,0.6,0
2026-12-08,2025-09-28,"0.85%",-275,0.85,0
2026-12-08,2025-09-28,"1.10%",-250,1.1,0
2026-12-08,2025-09-28,"1.35%",-225,1.35,0
2026-12-08,2025-09-28,"1.60%",-200,1.6,0
2026-12-08,2025-09-28,"1.85%",-175,1.85,0
2026-12-08,2025-09-28,"2.10%",-150,2.1,0.0139784266018744
2026-12-08,2025-09-28,"2.35%",-125,2.35,0.0382035629311776
2026-12-08,2025-09-28,"2.60%",-100,2.6,0.0822273762017694
2026-12-08,2025-09-28,"2.85%",-75,2.85,0.139390753316727
2026-12-08,2025-09-28,"3.10%",-50,3.1,0.186115813916891
2026-12-08,2025-09-28,"3.35%",-25,3.35,0.19573986465819
2026-12-08,2025-09-28,"3.60%",0,3.6,0.162152858011621
2026-12-08,2025-09-28,"3.85%",25,3.85,0.10580580477949
2026-12-08,2025-09-28,"4.10%",50,4.1,0.0543766049345977
2026-12-08,2025-09-28,"4.35%",75,4.35,0.022008934647662
2026-12-08,2025-09-28,"4.60%",100,4.6,0
2026-12-08,2025-09-28,"4.85%",125,4.85,0
2026-12-08,2025-09-28,"5.10%",150,5.1,0
2026-12-08,2025-09-28,"5.35%",175,5.35,0
2026-12-08,2025-09-28,"5.60%",200,5.6,0
2026-12-08,2025-09-28,"5.85%",225,5.85,0
2026-12-08,2025-09-28,"6.10%",250,6.1,0
2026-12-08,2025-09-29,"0.10%",-300,0.1,0
2026-12-08,2025-09-29,"0.35%",-300,0.35,0
2026-12-08,2025-09-29,"0.60%",-300,0.6,0
2026-12-08,2025-09-29,"0.85%",-275,0.85,0
2026-12-08,2025-09-29,"1.10%",-250,1.1,0
2026-12-08,2025-09-29,"1.35%",-225,1.35,0
2026-12-08,2025-09-29,"1.60%",-200,1.6,0
2026-12-08,2025-09-29,"1.85%",-175,1.85,0
2026-12-08,2025-09-29,"2.10%",-150,2.1,0.011490150455404
2026-12-08,2025-09-29,"2.35%",-125,2.35,0.0326538744112135
2026-12-08,2025-09-29,"2.60%",-100,2.6,0.073146526999927
2026-12-08,2025-09-29,"2.85%",-75,2.85,0.129164152225076
2026-12-08,2025-09-29,"3.10%",-50,3.1,0.179807594221455
2026-12-08,2025-09-29,"3.35%",-25,3.35,0.197337058116309
2026-12-08,2025-09-29,"3.60%",0,3.6,0.170745249790276
2026-12-08,2025-09-29,"3.85%",25,3.85,0.116471736522973
2026-12-08,2025-09-29,"4.10%",50,4.1,0.0626332567643888
2026-12-08,2025-09-29,"4.35%",75,4.35,0.0265504004929772
2026-12-08,2025-09-29,"4.60%",100,4.6,0
2026-12-08,2025-09-29,"4.85%",125,4.85,0
2026-12-08,2025-09-29,"5.10%",150,5.1,0
2026-12-08,2025-09-29,"5.35%",175,5.35,0
2026-12-08,2025-09-29,"5.60%",200,5.6,0
2026-12-08,2025-09-29,"5.85%",225,5.85,0
2026-12-08,2025-09-29,"6.10%",250,6.1,0
2026-12-08,2025-09-30,"0.10%",-300,0.1,0
2026-12-08,2025-09-30,"0.35%",-300,0.35,0
2026-12-08,2025-09-30,"0.60%",-300,0.6,0
2026-12-08,2025-09-30,"0.85%",-275,0.85,0
2026-12-08,2025-09-30,"1.10%",-250,1.1,0
2026-12-08,2025-09-30,"1.35%",-225,1.35,0
2026-12-08,2025-09-30,"1.60%",-200,1.6,0
2026-12-08,2025-09-30,"1.85%",-175,1.85,0
2026-12-08,2025-09-30,"2.10%",-150,2.1,0.0127324193685462
2026-12-08,2025-09-30,"2.35%",-125,2.35,0.0345960458612633
2026-12-08,2025-09-30,"2.60%",-100,2.6,0.0748582052689679
2026-12-08,2025-09-30,"2.85%",-75,2.85,0.128997954275174
2026-12-08,2025-09-30,"3.10%",-50,3.1,0.177043738379825
2026-12-08,2025-09-30,"3.35%",-25,3.35,0.19352931739607
2026-12-08,2025-09-30,"3.60%",0,3.6,0.168494372620869
2026-12-08,2025-09-30,"3.85%",25,3.85,0.116839654855453
2026-12-08,2025-09-30,"4.10%",50,4.1,0.0645275369283151
2026-12-08,2025-09-30,"4.35%",75,4.35,0.0283807550455176
2026-12-08,2025-09-30,"4.60%",100,4.6,0
2026-12-08,2025-09-30,"4.85%",125,4.85,0
2026-12-08,2025-09-30,"5.10%",150,5.1,0
2026-12-08,2025-09-30,"5.35%",175,5.35,0
2026-12-08,2025-09-30,"5.60%",200,5.6,0
2026-12-08,2025-09-30,"5.85%",225,5.85,0
2026-12-08,2025-09-30,"6.10%",250,6.1,0
2026-12-08,2025-10-01,"0.10%",-300,0.1,0
2026-12-08,2025-10-01,"0.35%",-300,0.35,0
2026-12-08,2025-10-01,"0.60%",-300,0.6,0
2026-12-08,2025-10-01,"0.85%",-275,0.85,0
2026-12-08,2025-10-01,"1.10%",-250,1.1,0
2026-12-08,2025-10-01,"1.35%",-225,1.35,0
2026-12-08,2025-10-01,"1.60%",-200,1.6,0
2026-12-08,2025-10-01,"1.85%",-175,1.85,0
2026-12-08,2025-10-01,"2.10%",-150,2.1,0.0115024999621623
2026-12-08,2025-10-01,"2.35%",-125,2.35,0.0341516836275301
2026-12-08,2025-10-01,"2.60%",-100,2.6,0.078391680640417
2026-12-08,2025-10-01,"2.85%",-75,2.85,0.139128801567897
2026-12-08,2025-10-01,"3.10%",-50,3.1,0.190936845410183
2026-12-08,2025-10-01,"3.35%",-25,3.35,0.202632239122354
2026-12-08,2025-10-01,"3.60%",0,3.6,0.166294283711609
2026-12-08,2025-10-01,"3.85%",25,3.85,0.105531771783247
2026-12-08,2025-10-01,"4.10%",50,4.1,0.0517841812689556
2026-12-08,2025-10-01,"4.35%",75,4.35,0.0196460129056454
2026-12-08,2025-10-01,"4.60%",100,4.6,0
2026-12-08,2025-10-01,"4.85%",125,4.85,0
2026-12-08,2025-10-01,"5.10%",150,5.1,0
2026-12-08,2025-10-01,"5.35%",175,5.35,0
2026-12-08,2025-10-01,"5.60%",200,5.6,0
2026-12-08,2025-10-01,"5.85%",225,5.85,0
2026-12-08,2025-10-01,"6.10%",250,6.1,0
2026-12-08,2025-10-02,"0.10%",-300,0.1,0
2026-12-08,2025-10-02,"0.35%",-300,0.35,0
2026-12-08,2025-10-02,"0.60%",-300,0.6,0
2026-12-08,2025-10-02,"0.85%",-275,0.85,0
2026-12-08,2025-10-02,"1.10%",-250,1.1,0
2026-12-08,2025-10-02,"1.35%",-225,1.35,0
2026-12-08,2025-10-02,"1.60%",-200,1.6,0
2026-12-08,2025-10-02,"1.85%",-175,1.85,0
2026-12-08,2025-10-02,"2.10%",-150,2.1,0.0144725091075768
2026-12-08,2025-10-02,"2.35%",-125,2.35,0.0385157068393499
2026-12-08,2025-10-02,"2.60%",-100,2.6,0.0814136339080367
2026-12-08,2025-10-02,"2.85%",-75,2.85,0.136695718287791
2026-12-08,2025-10-02,"3.10%",-50,3.1,0.182320194071006
2026-12-08,2025-10-02,"3.35%",-25,3.35,0.193174606952043
2026-12-08,2025-10-02,"3.60%",0,3.6,0.162593578463164
2026-12-08,2025-10-02,"3.85%",25,3.85,0.108714339793106
2026-12-08,2025-10-02,"4.10%",50,4.1,0.0577406789921582
2026-12-08,2025-10-02,"4.35%",75,4.35,0.0243590335857678
2026-12-08,2025-10-02,"4.60%",100,4.6,0
2026-12-08,2025-10-02,"4.85%",125,4.85,0
2026-12-08,2025-10-02,"5.10%",150,5.1,0
2026-12-08,2025-10-02,"5.35%",175,5.35,0
2026-12-08,2025-10-02,"5.60%",200,5.6,0
2026-12-08,2025-10-02,"5.85%",225,5.85,0
2026-12-08,2025-10-02,"6.10%",250,6.1,0
2026-12-08,2025-10-05,"0.10%",-300,0.1,0
2026-12-08,2025-10-05,"0.35%",-300,0.35,0
2026-12-08,2025-10-05,"0.60%",-300,0.6,0
2026-12-08,2025-10-05,"0.85%",-275,0.85,0
2026-12-08,2025-10-05,"1.10%",-250,1.1,0
2026-12-08,2025-10-05,"1.35%",-225,1.35,0
2026-12-08,2025-10-05,"1.60%",-200,1.6,0
2026-12-08,2025-10-05,"1.85%",-175,1.85,0
2026-12-08,2025-10-05,"2.10%",-150,2.1,0.0148785643498148
2026-12-08,2025-10-05,"2.35%",-125,2.35,0.0391007153565068
2026-12-08,2025-10-05,"2.60%",-100,2.6,0.0818582552233187
2026-12-08,2025-10-05,"2.85%",-75,2.85,0.136529337875855
2026-12-08,2025-10-05,"3.10%",-50,3.1,0.181425195661318
2026-12-08,2025-10-05,"3.35%",-25,3.35,0.192083456711983
2026-12-08,2025-10-05,"3.60%",0,3.6,0.162033802483637
2026-12-08,2025-10-05,"3.85%",25,3.85,0.108902285315528
2026-12-08,2025-10-05,"4.10%",50,4.1,0.0583131535692719
2026-12-08,2025-10-05,"4.35%",75,4.35,0.0248752334527663
2026-12-08,2025-10-05,"4.60%",100,4.6,0
2026-12-08,2025-10-05,"4.85%",125,4.85,0
2026-12-08,2025-10-05,"5.10%",150,5.1,0
2026-12-08,2025-10-05,"5.35%",175,5.35,0
2026-12-08,2025-10-05,"5.60%",200,5.6,0
2026-12-08,2025-10-05,"5.85%",225,5.85,0
2026-12-08,2025-10-05,"6.10%",250,6.1,0
2026-12-08,2025-10-06,"0.10%",-300,0.1,0
2026-12-08,2025-10-06,"0.35%",-300,0.35,0
2026-12-08,2025-10-06,"0.60%",-300,0.6,0
2026-12-08,2025-10-06,"0.85%",-275,0.85,0
2026-12-08,2025-10-06,"1.10%",-250,1.1,0
2026-12-08,2025-10-06,"1.35%",-225,1.35,0
2026-12-08,2025-10-06,"1.60%",-200,1.6,0
2026-12-08,2025-10-06,"1.85%",-175,1.85,0
2026-12-08,2025-10-06,"2.10%",-150,2.1,0.0150582736976459
2026-12-08,2025-10-06,"2.35%",-125,2.35,0.0384433440889866
2026-12-08,2025-10-06,"2.60%",-100,2.6,0.0790165461190497
2026-12-08,2025-10-06,"2.85%",-75,2.85,0.130765313585029
2026-12-08,2025-10-06,"3.10%",-50,3.1,0.174246393536458
2026-12-08,2025-10-06,"3.35%",-25,3.35,0.186957454793495
2026-12-08,2025-10-06,"3.60%",0,3.6,0.161522210249994
2026-12-08,2025-10-06,"3.85%",25,3.85,0.112363830749065
2026-12-08,2025-10-06,"4.10%",50,4.1,0.0629378298583861
2026-12-08,2025-10-06,"4.35%",75,4.35,0.028383510862202
2026-12-08,2025-10-06,"4.60%",100,4.6,0.0103052924596879
2026-12-08,2025-10-06,"4.85%",125,4.85,0
2026-12-08,2025-10-06,"5.10%",150,5.1,0
2026-12-08,2025-10-06,"5.35%",175,5.35,0
2026-12-08,2025-10-06,"5.60%",200,5.6,0
2026-12-08,2025-10-06,"5.85%",225,5.85,0
2026-12-08,2025-10-06,"6.10%",250,6.1,0
2026-12-08,2025-10-07,"0.10%",-300,0.1,0
2026-12-08,2025-10-07,"0.35%",-300,0.35,0
2026-12-08,2025-10-07,"0.60%",-300,0.6,0
2026-12-08,2025-10-07,"0.85%",-275,0.85,0
2026-12-08,2025-10-07,"1.10%",-250,1.1,0
2026-12-08,2025-10-07,"1.35%",-225,1.35,0
2026-12-08,2025-10-07,"1.60%",-200,1.6,0
2026-12-08,2025-10-07,"1.85%",-175,1.85,0
2026-12-08,2025-10-07,"2.10%",-150,2.1,0.0143497577554603
2026-12-08,2025-10-07,"2.35%",-125,2.35,0.0375538056620923
2026-12-08,2025-10-07,"2.60%",-100,2.6,0.0786958871147862
2026-12-08,2025-10-07,"2.85%",-75,2.85,0.13205909996369
2026-12-08,2025-10-07,"3.10%",-50,3.1,0.177469601214914
2026-12-08,2025-10-07,"3.35%",-25,3.35,0.190999045064177
2026-12-08,2025-10-07,"3.60%",0,3.6,0.16462396722829
2026-12-08,2025-10-07,"3.85%",25,3.85,0.113632716525561
2026-12-08,2025-10-07,"4.10%",50,4.1,0.0628126164204459
2026-12-08,2025-10-07,"4.35%",75,4.35,0.0278035030505821
2026-12-08,2025-10-07,"4.60%",100,4.6,0
2026-12-08,2025-10-07,"4.85%",125,4.85,0
2026-12-08,2025-10-07,"5.10%",150,5.1,0
2026-12-08,2025-10-07,"5.35%",175,5.35,0
2026-12-08,2025-10-07,"5.60%",200,5.6,0
2026-12-08,2025-10-07,"5.85%",225,5.85,0
2026-12-08,2025-10-07,"6.10%",250,6.1,0
2026-12-08,2025-10-08,"0.10%",-300,0.1,0
2026-12-08,2025-10-08,"0.35%",-300,0.35,0
2026-12-08,2025-10-08,"0.60%",-300,0.6,0
2026-12-08,2025-10-08,"0.85%",-275,0.85,0
2026-12-08,2025-10-08,"1.10%",-250,1.1,0
2026-12-08,2025-10-08,"1.35%",-225,1.35,0
2026-12-08,2025-10-08,"1.60%",-200,1.6,0
2026-12-08,2025-10-08,"1.85%",-175,1.85,0
2026-12-08,2025-10-08,"2.10%",-150,2.1,0
2026-12-08,2025-10-08,"2.35%",-125,2.35,0.0292476166546967
2026-12-08,2025-10-08,"2.60%",-100,2.6,0.0709016422328637
2026-12-08,2025-10-08,"2.85%",-75,2.85,0.132102702398601
2026-12-08,2025-10-08,"3.10%",-50,3.1,0.18919030315612
2026-12-08,2025-10-08,"3.35%",-25,3.35,0.20827764702216
2026-12-08,2025-10-08,"3.60%",0,3.6,0.176258385356805
2026-12-08,2025-10-08,"3.85%",25,3.85,0.114659119033128
2026-12-08,2025-10-08,"4.10%",50,4.1,0.0573309954170893
2026-12-08,2025-10-08,"4.35%",75,4.35,0.0220315887285355
2026-12-08,2025-10-08,"4.60%",100,4.6,0
2026-12-08,2025-10-08,"4.85%",125,4.85,0
2026-12-08,2025-10-08,"5.10%",150,5.1,0
2026-12-08,2025-10-08,"5.35%",175,5.35,0
2026-12-08,2025-10-08,"5.60%",200,5.6,0
2026-12-08,2025-10-08,"5.85%",225,5.85,0
2026-12-08,2025-10-08,"6.10%",250,6.1,0
2026-12-08,2025-10-09,"0.10%",-300,0.1,0
2026-12-08,2025-10-09,"0.35%",-300,0.35,0
2026-12-08,2025-10-09,"0.60%",-300,0.6,0
2026-12-08,2025-10-09,"0.85%",-275,0.85,0
2026-12-08,2025-10-09,"1.10%",-250,1.1,0
2026-12-08,2025-10-09,"1.35%",-225,1.35,0
2026-12-08,2025-10-09,"1.60%",-200,1.6,0
2026-12-08,2025-10-09,"1.85%",-175,1.85,0
2026-12-08,2025-10-09,"2.10%",-150,2.1,0
2026-12-08,2025-10-09,"2.35%",-125,2.35,0.0233054581664111
2026-12-08,2025-10-09,"2.60%",-100,2.6,0.0615972961138828
2026-12-08,2025-10-09,"2.85%",-75,2.85,0.123227203426714
2026-12-08,2025-10-09,"3.10%",-50,3.1,0.186615571628981
2026-12-08,2025-10-09,"3.35%",-25,3.35,0.213953556447352
2026-12-08,2025-10-09,"3.60%",0,3.6,0.185708945999678
2026-12-08,2025-10-09,"3.85%",25,3.85,0.122032660933056
2026-12-08,2025-10-09,"4.10%",50,4.1,0.0607036618551134
2026-12-08,2025-10-09,"4.35%",75,4.35,0.0228556454288126
2026-12-08,2025-10-09,"4.60%",100,4.6,0
2026-12-08,2025-10-09,"4.85%",125,4.85,0
2026-12-08,2025-10-09,"5.10%",150,5.1,0
2026-12-08,2025-10-09,"5.35%",175,5.35,0
2026-12-08,2025-10-09,"5.60%",200,5.6,0
2026-12-08,2025-10-09,"5.85%",225,5.85,0
2026-12-08,2025-10-09,"6.10%",250,6.1,0
2026-12-08,2025-10-10,"0.10%",-300,0.1,0
2026-12-08,2025-10-10,"0.35%",-300,0.35,0
2026-12-08,2025-10-10,"0.60%",-300,0.6,0
2026-12-08,2025-10-10,"0.85%",-275,0.85,0
2026-12-08,2025-10-10,"1.10%",-250,1.1,0
2026-12-08,2025-10-10,"1.35%",-225,1.35,0
2026-12-08,2025-10-10,"1.60%",-200,1.6,0
2026-12-08,2025-10-10,"1.85%",-175,1.85,0
2026-12-08,2025-10-10,"2.10%",-150,2.1,0
2026-12-08,2025-10-10,"2.35%",-125,2.35,0.0271079099111101
2026-12-08,2025-10-10,"2.60%",-100,2.6,0.0659063720726198
2026-12-08,2025-10-10,"2.85%",-75,2.85,0.124224166321076
2026-12-08,2025-10-10,"3.10%",-50,3.1,0.181539371226558
2026-12-08,2025-10-10,"3.35%",-25,3.35,0.20570520938678
2026-12-08,2025-10-10,"3.60%",0,3.6,0.180732960069562
2026-12-08,2025-10-10,"3.85%",25,3.85,0.123122912479604
2026-12-08,2025-10-10,"4.10%",50,4.1,0.0650318185255652
2026-12-08,2025-10-10,"4.35%",75,4.35,0.0266292800071255
2026-12-08,2025-10-10,"4.60%",100,4.6,0
2026-12-08,2025-10-10,"4.85%",125,4.85,0
2026-12-08,2025-10-10,"5.10%",150,5.1,0
2026-12-08,2025-10-10,"5.35%",175,5.35,0
2026-12-08,2025-10-10,"5.60%",200,5.6,0
2026-12-08,2025-10-10,"5.85%",225,5.85,0
2026-12-08,2025-10-10,"6.10%",250,6.1,0
2026-12-08,2025-10-11,"0.10%",-300,0.1,0
2026-12-08,2025-10-11,"0.35%",-300,0.35,0
2026-12-08,2025-10-11,"0.60%",-300,0.6,0
2026-12-08,2025-10-11,"0.85%",-275,0.85,0
2026-12-08,2025-10-11,"1.10%",-250,1.1,0
2026-12-08,2025-10-11,"1.35%",-225,1.35,0
2026-12-08,2025-10-11,"1.60%",-200,1.6,0
2026-12-08,2025-10-11,"1.85%",-175,1.85,0
2026-12-08,2025-10-11,"2.10%",-150,2.1,0
2026-12-08,2025-10-11,"2.35%",-125,2.35,0.0296771640514559
2026-12-08,2025-10-11,"2.60%",-100,2.6,0.0685864981129466
2026-12-08,2025-10-11,"2.85%",-75,2.85,0.124685548666229
2026-12-08,2025-10-11,"3.10%",-50,3.1,0.17831403040355
2026-12-08,2025-10-11,"3.35%",-25,3.35,0.200615970256932
2026-12-08,2025-10-11,"3.60%",0,3.6,0.17756701416306
2026-12-08,2025-10-11,"3.85%",25,3.85,0.123642976385151
2026-12-08,2025-10-11,"4.10%",50,4.1,0.067727973138724
2026-12-08,2025-10-11,"4.35%",75,4.35,0.0291828248219517
2026-12-08,2025-10-11,"4.60%",100,4.6,0
2026-12-08,2025-10-11,"4.85%",125,4.85,0
2026-12-08,2025-10-11,"5.10%",150,5.1,0
2026-12-08,2025-10-11,"5.35%",175,5.35,0
2026-12-08,2025-10-11,"5.60%",200,5.6,0
2026-12-08,2025-10-11,"5.85%",225,5.85,0
2026-12-08,2025-10-11,"6.10%",250,6.1,0
2026-12-08,2025-10-12,"0.10%",-300,0.1,0
2026-12-08,2025-10-12,"0.35%",-300,0.35,0
2026-12-08,2025-10-12,"0.60%",-300,0.6,0
2026-12-08,2025-10-12,"0.85%",-275,0.85,0
2026-12-08,2025-10-12,"1.10%",-250,1.1,0
2026-12-08,2025-10-12,"1.35%",-225,1.35,0
2026-12-08,2025-10-12,"1.60%",-200,1.6,0
2026-12-08,2025-10-12,"1.85%",-175,1.85,0
2026-12-08,2025-10-12,"2.10%",-150,2.1,0.0152891795064206
2026-12-08,2025-10-12,"2.35%",-125,2.35,0.0398914480939957
2026-12-08,2025-10-12,"2.60%",-100,2.6,0.0829665672256005
2026-12-08,2025-10-12,"2.85%",-75,2.85,0.137557803632547
2026-12-08,2025-10-12,"3.10%",-50,3.1,0.181822697710117
2026-12-08,2025-10-12,"3.35%",-25,3.35,0.191603751340329
2026-12-08,2025-10-12,"3.60%",0,3.6,0.160973833901647
2026-12-08,2025-10-12,"3.85%",25,3.85,0.107818734938311
2026-12-08,2025-10-12,"4.10%",50,4.1,0.0575709369459724
2026-12-08,2025-10-12,"4.35%",75,4.35,0.0245050467050602
2026-12-08,2025-10-12,"4.60%",100,4.6,0
2026-12-08,2025-10-12,"4.85%",125,4.85,0
2026-12-08,2025-10-12,"5.10%",150,5.1,0
2026-12-08,2025-10-12,"5.35%",175,5.35,0
2026-12-08,2025-10-12,"5.60%",200,5.6,0
2026-12-08,2025-10-12,"5.85%",225,5.85,0
2026-12-08,2025-10-12,"6.10%",250,6.1,0
2026-12-08,2025-10-13,"0.10%",-300,0.1,0
2026-12-08,2025-10-13,"0.35%",-300,0.35,0
2026-12-08,2025-10-13,"0.60%",-300,0.6,0
2026-12-08,2025-10-13,"0.85%",-275,0.85,0
2026-12-08,2025-10-13,"1.10%",-250,1.1,0
2026-12-08,2025-10-13,"1.35%",-225,1.35,0
2026-12-08,2025-10-13,"1.60%",-200,1.6,0
2026-12-08,2025-10-13,"1.85%",-175,1.85,0
2026-12-08,2025-10-13,"2.10%",-150,2.1,0.0209661062996928
2026-12-08,2025-10-13,"2.35%",-125,2.35,0.0497013312413792
2026-12-08,2025-10-13,"2.60%",-100,2.6,0.0950778262652627
2026-12-08,2025-10-13,"2.85%",-75,2.85,0.146782717875607
2026-12-08,2025-10-13,"3.10%",-50,3.1,0.182882047877484
2026-12-08,2025-10-13,"3.35%",-25,3.35,0.183897530914978
2026-12-08,2025-10-13,"3.60%",0,3.6,0.149241497591277
2026-12-08,2025-10-13,"3.85%",25,3.85,0.0977472136063901
2026-12-08,2025-10-13,"4.10%",50,4.1,0.0516659769730427
2026-12-08,2025-10-13,"4.35%",75,4.35,0.0220377513548868
2026-12-08,2025-10-13,"4.60%",100,4.6,0
2026-12-08,2025-10-13,"4.85%",125,4.85,0
2026-12-08,2025-10-13,"5.10%",150,5.1,0
2026-12-08,2025-10-13,"5.35%",175,5.35,0
2026-12-08,2025-10-13,"5.60%",200,5.6,0
2026-12-08,2025-10-13,"5.85%",225,5.85,0
2026-12-08,2025-10-13,"6.10%",250,6.1,0
2026-12-08,2025-10-14,"0.10%",-300,0.1,0
2026-12-08,2025-10-14,"0.35%",-300,0.35,0
2026-12-08,2025-10-14,"0.60%",-300,0.6,0
2026-12-08,2025-10-14,"0.85%",-275,0.85,0
2026-12-08,2025-10-14,"1.10%",-250,1.1,0
2026-12-08,2025-10-14,"1.35%",-225,1.35,0
2026-12-08,2025-10-14,"1.60%",-200,1.6,0
2026-12-08,2025-10-14,"1.85%",-175,1.85,0
2026-12-08,2025-10-14,"2.10%",-150,2.1,0.014098290439
2026-12-08,2025-10-14,"2.35%",-125,2.35,0.0393112546674092
2026-12-08,2025-10-14,"2.60%",-100,2.6,0.0854793857745808
2026-12-08,2025-10-14,"2.85%",-75,2.85,0.144958399563316
2026-12-08,2025-10-14,"3.10%",-50,3.1,0.191731391431487
2026-12-08,2025-10-14,"3.35%",-25,3.35,0.197800432669641
2026-12-08,2025-10-14,"3.60%",0,3.6,0.159164883674564
2026-12-08,2025-10-14,"3.85%",25,3.85,0.0998942658750485
2026-12-08,2025-10-14,"4.10%",50,4.1,0.0488967791561988
2026-12-08,2025-10-14,"4.35%",75,4.35,0.0186649167487544
2026-12-08,2025-10-14,"4.60%",100,4.6,0
2026-12-08,2025-10-14,"4.85%",125,4.85,0
2026-12-08,2025-10-14,"5.10%",150,5.1,0
2026-12-08,2025-10-14,"5.35%",175,5.35,0
2026-12-08,2025-10-14,"5.60%",200,5.6,0
2026-12-08,2025-10-14,"5.85%",225,5.85,0
2026-12-08,2025-10-14,"6.10%",250,6.1,0
2026-12-08,2025-10-15,"0.10%",-300,0.1,0
2026-12-08,2025-10-15,"0.35%",-300,0.35,0
2026-12-08,2025-10-15,"0.60%",-300,0.6,0
2026-12-08,2025-10-15,"0.85%",-275,0.85,0
2026-12-08,2025-10-15,"1.10%",-250,1.1,0
2026-12-08,2025-10-15,"1.35%",-225,1.35,0
2026-12-08,2025-10-15,"1.60%",-200,1.6,0
2026-12-08,2025-10-15,"1.85%",-175,1.85,0
2026-12-08,2025-10-15,"2.10%",-150,2.1,0.0278979020674926
2026-12-08,2025-10-15,"2.35%",-125,2.35,0.0619132124148532
2026-12-08,2025-10-15,"2.60%",-100,2.6,0.110927679518878
2026-12-08,2025-10-15,"2.85%",-75,2.85,0.160458391108108
2026-12-08,2025-10-15,"3.10%",-50,3.1,0.187397781261501
2026-12-08,2025-10-15,"3.35%",-25,3.35,0.176706175876835
2026-12-08,2025-10-15,"3.60%",0,3.6,0.134530915661807
2026-12-08,2025-10-15,"3.85%",25,3.85,0.0826923747159584
2026-12-08,2025-10-15,"4.10%",50,4.1,0.0410359085979036
2026-12-08,2025-10-15,"4.35%",75,4.35,0.0164396587766631
2026-12-08,2025-10-15,"4.60%",100,4.6,0
2026-12-08,2025-10-15,"4.85%",125,4.85,0
2026-12-08,2025-10-15,"5.10%",150,5.1,0
2026-12-08,2025-10-15,"5.35%",175,5.35,0
2026-12-08,2025-10-15,"5.60%",200,5.6,0
2026-12-08,2025-10-15,"5.85%",225,5.85,0
2026-12-08,2025-10-15,"6.10%",250,6.1,0
2026-12-08,2025-10-16,"0.10%",-300,0.1,0
2026-12-08,2025-10-16,"0.35%",-300,0.35,0
2026-12-08,2025-10-16,"0.60%",-300,0.6,0
2026-12-08,2025-10-16,"0.85%",-275,0.85,0
2026-12-08,2025-10-16,"1.10%",-250,1.1,0
2026-12-08,2025-10-16,"1.35%",-225,1.35,0
2026-12-08,2025-10-16,"1.60%",-200,1.6,0
2026-12-08,2025-10-16,"1.85%",-175,1.85,0.0162359021471262
2026-12-08,2025-10-16,"2.10%",-150,2.1,0.0394086554446549
2026-12-08,2025-10-16,"2.35%",-125,2.35,0.0781530594663484
2026-12-08,2025-10-16,"2.60%",-100,2.6,0.126636854989256
2026-12-08,2025-10-16,"2.85%",-75,2.85,0.167667469100901
2026-12-08,2025-10-16,"3.10%",-50,3.1,0.18139310387691
2026-12-08,2025-10-16,"3.35%",-25,3.35,0.160353507181445
2026-12-08,2025-10-16,"3.60%",0,3.6,0.11582919423299
2026-12-08,2025-10-16,"3.85%",25,3.85,0.0683643069632294
2026-12-08,2025-10-16,"4.10%",50,4.1,0.0329682960271086
2026-12-08,2025-10-16,"4.35%",75,4.35,0.012989650570032
2026-12-08,2025-10-16,"4.60%",100,4.6,0
2026-12-08,2025-10-16,"4.85%",125,4.85,0
2026-12-08,2025-10-16,"5.10%",150,5.1,0
2026-12-08,2025-10-16,"5.35%",175,5.35,0
2026-12-08,2025-10-16,"5.60%",200,5.6,0
2026-12-08,2025-10-16,"5.85%",225,5.85,0
2026-12-08,2025-10-16,"6.10%",250,6.1,0
2026-12-08,2025-10-17,"0.10%",-300,0.1,0
2026-12-08,2025-10-17,"0.35%",-300,0.35,0
2026-12-08,2025-10-17,"0.60%",-300,0.6,0
2026-12-08,2025-10-17,"0.85%",-275,0.85,0
2026-12-08,2025-10-17,"1.10%",-250,1.1,0
2026-12-08,2025-10-17,"1.35%",-225,1.35,0
2026-12-08,2025-10-17,"1.60%",-200,1.6,0
2026-12-08,2025-10-17,"1.85%",-175,1.85,0.018120883386328
2026-12-08,2025-10-17,"2.10%",-150,2.1,0.0410676158437973
2026-12-08,2025-10-17,"2.35%",-125,2.35,0.0775027244464415
2026-12-08,2025-10-17,"2.60%",-100,2.6,0.121799644898462
2026-12-08,2025-10-17,"2.85%",-75,2.85,0.159403162926267
2026-12-08,2025-10-17,"3.10%",-50,3.1,0.173730429860566
2026-12-08,2025-10-17,"3.35%",-25,3.35,0.157683006128225
2026-12-08,2025-10-17,"3.60%",0,3.6,0.119185022931315
2026-12-08,2025-10-17,"3.85%",25,3.85,0.0750204803759602
2026-12-08,2025-10-17,"4.10%",50,4.1,0.0393231985155065
2026-12-08,2025-10-17,"4.35%",75,4.35,0.017163830687132
2026-12-08,2025-10-17,"4.60%",100,4.6,0
2026-12-08,2025-10-17,"4.85%",125,4.85,0
2026-12-08,2025-10-17,"5.10%",150,5.1,0
2026-12-08,2025-10-17,"5.35%",175,5.35,0
2026-12-08,2025-10-17,"5.60%",200,5.6,0
2026-12-08,2025-10-17,"5.85%",225,5.85,0
2026-12-08,2025-10-17,"6.10%",250,6.1,0
2026-12-08,2025-10-18,"0.10%",-300,0.1,0
2026-12-08,2025-10-18,"0.35%",-300,0.35,0
2026-12-08,2025-10-18,"0.60%",-300,0.6,0
2026-12-08,2025-10-18,"0.85%",-275,0.85,0
2026-12-08,2025-10-18,"1.10%",-250,1.1,0
2026-12-08,2025-10-18,"1.35%",-225,1.35,0
2026-12-08,2025-10-18,"1.60%",-200,1.6,0
2026-12-08,2025-10-18,"1.85%",-175,1.85,0.0162083879761765
2026-12-08,2025-10-18,"2.10%",-150,2.1,0.0386135506777833
2026-12-08,2025-10-18,"2.35%",-125,2.35,0.0757499362802861
2026-12-08,2025-10-18,"2.60%",-100,2.6,0.122372945717254
2026-12-08,2025-10-18,"2.85%",-75,2.85,0.162802925608743
2026-12-08,2025-10-18,"3.10%",-50,3.1,0.178369460203775
2026-12-08,2025-10-18,"3.35%",-25,3.35,0.160939564122781
2026-12-08,2025-10-18,"3.60%",0,3.6,0.119587648925451
2026-12-08,2025-10-18,"3.85%",25,3.85,0.0731783903848366
2026-12-08,2025-10-18,"4.10%",50,4.1,0.0368755965984912
2026-12-08,2025-10-18,"4.35%",75,4.35,0.0153015935044224
2026-12-08,2025-10-18,"4.60%",100,4.6,0
2026-12-08,2025-10-18,"4.85%",125,4.85,0
2026-12-08,2025-10-18,"5.10%",150,5.1,0
2026-12-08,2025-10-18,"5.35%",175,5.35,0
2026-12-08,2025-10-18,"5.60%",200,5.6,0
2026-12-08,2025-10-18,"5.85%",225,5.85,0
2026-12-08,2025-10-18,"6.10%",250,6.1,0
2026-12-08,2025-10-19,"0.10%",-300,0.1,0
2026-12-08,2025-10-19,"0.35%",-300,0.35,0
2026-12-08,2025-10-19,"0.60%",-300,0.6,0
2026-12-08,2025-10-19,"0.85%",-275,0.85,0
2026-12-08,2025-10-19,"1.10%",-250,1.1,0
2026-12-08,2025-10-19,"1.35%",-225,1.35,0
2026-12-08,2025-10-19,"1.60%",-200,1.6,0
2026-12-08,2025-10-19,"1.85%",-175,1.85,0.0119272498862448
2026-12-08,2025-10-19,"2.10%",-150,2.1,0.0311195301720875
2026-12-08,2025-10-19,"2.35%",-125,2.35,0.0660468371100654
2026-12-08,2025-10-19,"2.60%",-100,2.6,0.11403056326331
2026-12-08,2025-10-19,"2.85%",-75,2.85,0.160161652557687
2026-12-08,2025-10-19,"3.10%",-50,3.1,0.183010101459349
2026-12-08,2025-10-19,"3.35%",-25,3.35,0.170127794345494
2026-12-08,2025-10-19,"3.60%",0,3.6,0.128663907792636
2026-12-08,2025-10-19,"3.85%",25,3.85,0.079160805448052
2026-12-08,2025-10-19,"4.10%",50,4.1,0.0396204845262274
2026-12-08,2025-10-19,"4.35%",75,4.35,0.0161310734388469
2026-12-08,2025-10-19,"4.60%",100,4.6,0
2026-12-08,2025-10-19,"4.85%",125,4.85,0
2026-12-08,2025-10-19,"5.10%",150,5.1,0
2026-12-08,2025-10-19,"5.35%",175,5.35,0
2026-12-08,2025-10-19,"5.60%",200,5.6,0
2026-12-08,2025-10-19,"5.85%",225,5.85,0
2026-12-08,2025-10-19,"6.10%",250,6.1,0
2026-12-08,2025-10-20,"0.10%",-300,0.1,0
2026-12-08,2025-10-20,"0.35%",-300,0.35,0
2026-12-08,2025-10-20,"0.60%",-300,0.6,0
2026-12-08,2025-10-20,"0.85%",-275,0.85,0
2026-12-08,2025-10-20,"1.10%",-250,1.1,0
2026-12-08,2025-10-20,"1.35%",-225,1.35,0
2026-12-08,2025-10-20,"1.60%",-200,1.6,0
2026-12-08,2025-10-20,"1.85%",-175,1.85,0.0107715337757711
2026-12-08,2025-10-20,"2.10%",-150,2.1,0.029638640530777
2026-12-08,2025-10-20,"2.35%",-125,2.35,0.0654542156754381
2026-12-08,2025-10-20,"2.60%",-100,2.6,0.116023507822052
2026-12-08,2025-10-20,"2.85%",-75,2.85,0.165084346767572
2026-12-08,2025-10-20,"3.10%",-50,3.1,0.188552125742662
2026-12-08,2025-10-20,"3.35%",-25,3.35,0.172873316479663
2026-12-08,2025-10-20,"3.60%",0,3.6,0.127230719809028
2026-12-08,2025-10-20,"3.85%",25,3.85,0.0751642293610151
2026-12-08,2025-10-20,"4.10%",50,4.1,0.0356422290222411
2026-12-08,2025-10-20,"4.35%",75,4.35,0.0135651350137812
2026-12-08,2025-10-20,"4.60%",100,4.6,0
2026-12-08,2025-10-20,"4.85%",125,4.85,0
2026-12-08,2025-10-20,"5.10%",150,5.1,0
2026-12-08,2025-10-20,"5.35%",175,5.35,0
2026-12-08,2025-10-20,"5.60%",200,5.6,0
2026-12-08,2025-10-20,"5.85%",225,5.85,0
2026-12-08,2025-10-20,"6.10%",250,6.1,0
2026-12-08,2025-10-21,"0.10%",-300,0.1,0
2026-12-08,2025-10-21,"0.35%",-300,0.35,0
2026-12-08,2025-10-21,"0.60%",-300,0.6,0
2026-12-08,2025-10-21,"0.85%",-275,0.85,0
2026-12-08,2025-10-21,"1.10%",-250,1.1,0
2026-12-08,2025-10-21,"1.35%",-225,1.35,0
2026-12-08,2025-10-21,"1.60%",-200,1.6,0
2026-12-08,2025-10-21,"1.85%",-175,1.85,0.0111970437973129
2026-12-08,2025-10-21,"2.10%",-150,2.1,0.0300455260811961
2026-12-08,2025-10-21,"2.35%",-125,2.35,0.0651681779238509
2026-12-08,2025-10-21,"2.60%",-100,2.6,0.114260898748821
2026-12-08,2025-10-21,"2.85%",-75,2.85,0.161951878373122
2026-12-08,2025-10-21,"3.10%",-50,3.1,0.185572347957702
2026-12-08,2025-10-21,"3.35%",-25,3.35,0.171903383131434
2026-12-08,2025-10-21,"3.60%",0,3.6,0.128735012026685
2026-12-08,2025-10-21,"3.85%",25,3.85,0.0779362539848399
2026-12-08,2025-10-21,"4.10%",50,4.1,0.0381412569527588
2026-12-08,2025-10-21,"4.35%",75,4.35,0.0150882210222788
2026-12-08,2025-10-21,"4.60%",100,4.6,0
2026-12-08,2025-10-21,"4.85%",125,4.85,0
2026-12-08,2025-10-21,"5.10%",150,5.1,0
2026-12-08,2025-10-21,"5.35%",175,5.35,0
2026-12-08,2025-10-21,"5.60%",200,5.6,0
2026-12-08,2025-10-21,"5.85%",225,5.85,0
2026-12-08,2025-10-21,"6.10%",250,6.1,0
2026-12-08,2025-10-22,"0.10%",-300,0.1,0
2026-12-08,2025-10-22,"0.35%",-300,0.35,0
2026-12-08,2025-10-22,"0.60%",-300,0.6,0
2026-12-08,2025-10-22,"0.85%",-275,0.85,0
2026-12-08,2025-10-22,"1.10%",-250,1.1,0
2026-12-08,2025-10-22,"1.35%",-225,1.35,0
2026-12-08,2025-10-22,"1.60%",-200,1.6,0
2026-12-08,2025-10-22,"1.85%",-175,1.85,0.0119371887760038
2026-12-08,2025-10-22,"2.10%",-150,2.1,0.0313250179149584
2026-12-08,2025-10-22,"2.35%",-125,2.35,0.0667076075189579
2026-12-08,2025-10-22,"2.60%",-100,2.6,0.115286669755745
2026-12-08,2025-10-22,"2.85%",-75,2.85,0.161704070361184
2026-12-08,2025-10-22,"3.10%",-50,3.1,0.184082503451735
2026-12-08,2025-10-22,"3.35%",-25,3.35,0.170081956451672
2026-12-08,2025-10-22,"3.60%",0,3.6,0.127542643807928
2026-12-08,2025-10-22,"3.85%",25,3.85,0.0776236674899717
2026-12-08,2025-10-22,"4.10%",50,4.1,0.0383404906512445
2026-12-08,2025-10-22,"4.35%",75,4.35,0.0153681838205997
2026-12-08,2025-10-22,"4.60%",100,4.6,0
2026-12-08,2025-10-22,"4.85%",125,4.85,0
2026-12-08,2025-10-22,"5.10%",150,5.1,0
2026-12-08,2025-10-22,"5.35%",175,5.35,0
2026-12-08,2025-10-22,"5.60%",200,5.6,0
2026-12-08,2025-10-22,"5.85%",225,5.85,0
2026-12-08,2025-10-22,"6.10%",250,6.1,0
2026-12-08,2025-10-23,"0.10%",-300,0.1,0
2026-12-08,2025-10-23,"0.35%",-300,0.35,0
2026-12-08,2025-10-23,"0.60%",-300,0.6,0
2026-12-08,2025-10-23,"0.85%",-275,0.85,0
2026-12-08,2025-10-23,"1.10%",-250,1.1,0
2026-12-08,2025-10-23,"1.35%",-225,1.35,0
2026-12-08,2025-10-23,"1.60%",-200,1.6,0
2026-12-08,2025-10-23,"1.85%",-175,1.85,0
2026-12-08,2025-10-23,"2.10%",-150,2.1,0.021144422454346
2026-12-08,2025-10-23,"2.35%",-125,2.35,0.0541780091832063
2026-12-08,2025-10-23,"2.60%",-100,2.6,0.107910150339364
2026-12-08,2025-10-23,"2.85%",-75,2.85,0.167091405650822
2026-12-08,2025-10-23,"3.10%",-50,3.1,0.2011522049139
2026-12-08,2025-10-23,"3.35%",-25,3.35,0.188271966577809
2026-12-08,2025-10-23,"3.60%",0,3.6,0.137003813010125
2026-12-08,2025-10-23,"3.85%",25,3.85,0.0775079972128348
2026-12-08,2025-10-23,"4.10%",50,4.1,0.0340873573258705
2026-12-08,2025-10-23,"4.35%",75,4.35,0.0116526733317227
2026-12-08,2025-10-23,"4.60%",100,4.6,0
2026-12-08,2025-10-23,"4.85%",125,4.85,0
2026-12-08,2025-10-23,"5.10%",150,5.1,0
2026-12-08,2025-10-23,"5.35%",175,5.35,0
2026-12-08,2025-10-23,"5.60%",200,5.6,0
2026-12-08,2025-10-23,"5.85%",225,5.85,0
2026-12-08,2025-10-23,"6.10%",250,6.1,0
2026-12-08,2025-10-24,"0.10%",-300,0.1,0
2026-12-08,2025-10-24,"0.35%",-300,0.35,0
2026-12-08,2025-10-24,"0.60%",-300,0.6,0
2026-12-08,2025-10-24,"0.85%",-275,0.85,0
2026-12-08,2025-10-24,"1.10%",-250,1.1,0
2026-12-08,2025-10-24,"1.35%",-225,1.35,0
2026-12-08,2025-10-24,"1.60%",-200,1.6,0
2026-12-08,2025-10-24,"1.85%",-175,1.85,0.0102375134579322
2026-12-08,2025-10-24,"2.10%",-150,2.1,0.0278477949475248
2026-12-08,2025-10-24,"2.35%",-125,2.35,0.0613204414860713
2026-12-08,2025-10-24,"2.60%",-100,2.6,0.109311216589791
2026-12-08,2025-10-24,"2.85%",-75,2.85,0.157757243788576
2026-12-08,2025-10-24,"3.10%",-50,3.1,0.184328294056001
2026-12-08,2025-10-24,"3.35%",-25,3.35,0.174372650101163
2026-12-08,2025-10-24,"3.60%",0,3.6,0.133550776182342
2026-12-08,2025-10-24,"3.85%",25,3.85,0.0828107390580915
2026-12-08,2025-10-24,"4.10%",50,4.1,0.0415702190643278
2026-12-08,2025-10-24,"4.35%",75,4.35,0.0168931112681797
2026-12-08,2025-10-24,"4.60%",100,4.6,0
2026-12-08,2025-10-24,"4.85%",125,4.85,0
2026-12-08,2025-10-24,"5.10%",150,5.1,0
2026-12-08,2025-10-24,"5.35%",175,5.35,0
2026-12-08,2025-10-24,"5.60%",200,5.6,0
2026-12-08,2025-10-24,"5.85%",225,5.85,0
2026-12-08,2025-10-24,"6.10%",250,6.1,0
2026-12-08,2025-10-25,"0.10%",-300,0.1,0
2026-12-08,2025-10-25,"0.35%",-300,0.35,0
2026-12-08,2025-10-25,"0.60%",-300,0.6,0
2026-12-08,2025-10-25,"0.85%",-275,0.85,0
2026-12-08,2025-10-25,"1.10%",-250,1.1,0
2026-12-08,2025-10-25,"1.35%",-225,1.35,0
2026-12-08,2025-10-25,"1.60%",-200,1.6,0
2026-12-08,2025-10-25,"1.85%",-175,1.85,0.0111001494796793
2026-12-08,2025-10-25,"2.10%",-150,2.1,0.0292055707971509
2026-12-08,2025-10-25,"2.35%",-125,2.35,0.062643776390368
2026-12-08,2025-10-25,"2.60%",-100,2.6,0.109544108926793
2026-12-08,2025-10-25,"2.85%",-75,2.85,0.156176820724258
2026-12-08,2025-10-25,"3.10%",-50,3.1,0.181539826143995
2026-12-08,2025-10-25,"3.35%",-25,3.35,0.17205206456258
2026-12-08,2025-10-25,"3.60%",0,3.6,0.132947068292584
2026-12-08,2025-10-25,"3.85%",25,3.85,0.083756836571015
2026-12-08,2025-10-25,"4.10%",50,4.1,0.0430199333289373
2026-12-08,2025-10-25,"4.35%",75,4.35,0.0180138447826393
2026-12-08,2025-10-25,"4.60%",100,4.6,0
2026-12-08,2025-10-25,"4.85%",125,4.85,0
2026-12-08,2025-10-25,"5.10%",150,5.1,0
2026-12-08,2025-10-25,"5.35%",175,5.35,0
2026-12-08,2025-10-25,"5.60%",200,5.6,0
2026-12-08,2025-10-25,"5.85%",225,5.85,0
2026-12-08,2025-10-25,"6.10%",250,6.1,0
2026-12-08,2025-10-26,"0.10%",-300,0.1,0
2026-12-08,2025-10-26,"0.35%",-300,0.35,0
2026-12-08,2025-10-26,"0.60%",-300,0.6,0
2026-12-08,2025-10-26,"0.85%",-275,0.85,0
2026-12-08,2025-10-26,"1.10%",-250,1.1,0
2026-12-08,2025-10-26,"1.35%",-225,1.35,0
2026-12-08,2025-10-26,"1.60%",-200,1.6,0
2026-12-08,2025-10-26,"1.85%",-175,1.85,0
2026-12-08,2025-10-26,"2.10%",-150,2.1,0.0269508649198849
2026-12-08,2025-10-26,"2.35%",-125,2.35,0.0581927264788952
2026-12-08,2025-10-26,"2.60%",-100,2.6,0.103125273927377
2026-12-08,2025-10-26,"2.85%",-75,2.85,0.149995486895973
2026-12-08,2025-10-26,"3.10%",-50,3.1,0.179068313041852
2026-12-08,2025-10-26,"3.35%",-25,3.35,0.175465573703163
2026-12-08,2025-10-26,"3.60%",0,3.6,0.141122783719235
2026-12-08,2025-10-26,"3.85%",25,3.85,0.0931596941753732
2026-12-08,2025-10-26,"4.10%",50,4.1,0.0504745821157509
2026-12-08,2025-10-26,"4.35%",75,4.35,0.0224447010224957
2026-12-08,2025-10-26,"4.60%",100,4.6,0
2026-12-08,2025-10-26,"4.85%",125,4.85,0
2026-12-08,2025-10-26,"5.10%",150,5.1,0
2026-12-08,2025-10-26,"5.35%",175,5.35,0
2026-12-08,2025-10-26,"5.60%",200,5.6,0
2026-12-08,2025-10-26,"5.85%",225,5.85,0
2026-12-08,2025-10-26,"6.10%",250,6.1,0
2026-12-08,2025-10-27,"0.10%",-300,0.1,0
2026-12-08,2025-10-27,"0.35%",-300,0.35,0
2026-12-08,2025-10-27,"0.60%",-300,0.6,0
2026-12-08,2025-10-27,"0.85%",-275,0.85,0
2026-12-08,2025-10-27,"1.10%",-250,1.1,0
2026-12-08,2025-10-27,"1.35%",-225,1.35,0
2026-12-08,2025-10-27,"1.60%",-200,1.6,0
2026-12-08,2025-10-27,"1.85%",-175,1.85,0
2026-12-08,2025-10-27,"2.10%",-150,2.1,0.0249487880989537
2026-12-08,2025-10-27,"2.35%",-125,2.35,0.0539163454998682
2026-12-08,2025-10-27,"2.60%",-100,2.6,0.0962397851836156
2026-12-08,2025-10-27,"2.85%",-75,2.85,0.141894949355002
2026-12-08,2025-10-27,"3.10%",-50,3.1,0.172809436010194
2026-12-08,2025-10-27,"3.35%",-25,3.35,0.173844669974169
2026-12-08,2025-10-27,"3.60%",0,3.6,0.144460421028814
2026-12-08,2025-10-27,"3.85%",25,3.85,0.0991573852688523
2026-12-08,2025-10-27,"4.10%",50,4.1,0.056218612889334
2026-12-08,2025-10-27,"4.35%",75,4.35,0.026326883727189
2026-12-08,2025-10-27,"4.60%",100,4.6,0.0101827229640081
2026-12-08,2025-10-27,"4.85%",125,4.85,0
2026-12-08,2025-10-27,"5.10%",150,5.1,0
2026-12-08,2025-10-27,"5.35%",175,5.35,0
2026-12-08,2025-10-27,"5.60%",200,5.6,0
2026-12-08,2025-10-27,"5.85%",225,5.85,0
2026-12-08,2025-10-27,"6.10%",250,6.1,0
2026-12-08,2025-10-28,"0.10%",-300,0.1,0
2026-12-08,2025-10-28,"0.35%",-300,0.35,0
2026-12-08,2025-10-28,"0.60%",-300,0.6,0
2026-12-08,2025-10-28,"0.85%",-275,0.85,0
2026-12-08,2025-10-28,"1.10%",-250,1.1,0
2026-12-08,2025-10-28,"1.35%",-225,1.35,0
2026-12-08,2025-10-28,"1.60%",-200,1.6,0
2026-12-08,2025-10-28,"1.85%",-175,1.85,0
2026-12-08,2025-10-28,"2.10%",-150,2.1,0.0121534465807916
2026-12-08,2025-10-28,"2.35%",-125,2.35,0.0323597726150193
2026-12-08,2025-10-28,"2.60%",-100,2.6,0.0694085330498866
2026-12-08,2025-10-28,"2.85%",-75,2.85,0.11993601002398
2026-12-08,2025-10-28,"3.10%",-50,3.1,0.166969110105364
2026-12-08,2025-10-28,"3.35%",-25,3.35,0.187277262037567
2026-12-08,2025-10-28,"3.60%",0,3.6,0.169239117383581
2026-12-08,2025-10-28,"3.85%",25,3.85,0.123219474351164
2026-12-08,2025-10-28,"4.10%",50,4.1,0.0722784412022712
2026-12-08,2025-10-28,"4.35%",75,4.35,0.0341561595852921
2026-12-08,2025-10-28,"4.60%",100,4.6,0.0130026730650829
2026-12-08,2025-10-28,"4.85%",125,4.85,0
2026-12-08,2025-10-28,"5.10%",150,5.1,0
2026-12-08,2025-10-28,"5.35%",175,5.35,0
2026-12-08,2025-10-28,"5.60%",200,5.6,0
2026-12-08,2025-10-28,"5.85%",225,5.85,0
2026-12-08,2025-10-28,"6.10%",250,6.1,0
2026-12-08,2025-10-29,"0.10%",-300,0.1,0
2026-12-08,2025-10-29,"0.35%",-300,0.35,0
2026-12-08,2025-10-29,"0.60%",-300,0.6,0
2026-12-08,2025-10-29,"0.85%",-275,0.85,0
2026-12-08,2025-10-29,"1.10%",-250,1.1,0
2026-12-08,2025-10-29,"1.35%",-225,1.35,0
2026-12-08,2025-10-29,"1.60%",-200,1.6,0
2026-12-08,2025-10-29,"1.85%",-175,1.85,0
2026-12-08,2025-10-29,"2.10%",-150,2.1,0
2026-12-08,2025-10-29,"2.35%",-125,2.35,0.0284856322631683
2026-12-08,2025-10-29,"2.60%",-100,2.6,0.0642136771156604
2026-12-08,2025-10-29,"2.85%",-75,2.85,0.115712486612691
2026-12-08,2025-10-29,"3.10%",-50,3.1,0.166689552335165
2026-12-08,2025-10-29,"3.35%",-25,3.35,0.191967374514348
2026-12-08,2025-10-29,"3.60%",0,3.6,0.176743472188956
2026-12-08,2025-10-29,"3.85%",25,3.85,0.130092639416594
2026-12-08,2025-10-29,"4.10%",50,4.1,0.0765495182859492
2026-12-08,2025-10-29,"4.35%",75,4.35,0.0360072913350409
2026-12-08,2025-10-29,"4.60%",100,4.6,0.0135383559324269
2026-12-08,2025-10-29,"4.85%",125,4.85,0
2026-12-08,2025-10-29,"5.10%",150,5.1,0
2026-12-08,2025-10-29,"5.35%",175,5.35,0
2026-12-08,2025-10-29,"5.60%",200,5.6,0
2026-12-08,2025-10-29,"5.85%",225,5.85,0
2026-12-08,2025-10-29,"6.10%",250,6.1,0
2026-12-08,2025-10-30,"0.10%",-300,0.1,0
2026-12-08,2025-10-30,"0.35%",-300,0.35,0
2026-12-08,2025-10-30,"0.60%",-300,0.6,0
2026-12-08,2025-10-30,"0.85%",-275,0.85,0
2026-12-08,2025-10-30,"1.10%",-250,1.1,0
2026-12-08,2025-10-30,"1.35%",-225,1.35,0
2026-12-08,2025-10-30,"1.60%",-200,1.6,0
2026-12-08,2025-10-30,"1.85%",-175,1.85,0
2026-12-08,2025-10-30,"2.10%",-150,2.1,0
2026-12-08,2025-10-30,"2.35%",-125,2.35,0.0274018691992942
2026-12-08,2025-10-30,"2.60%",-100,2.6,0.064256500487392
2026-12-08,2025-10-30,"2.85%",-75,2.85,0.118680297144418
2026-12-08,2025-10-30,"3.10%",-50,3.1,0.172661594429463
2026-12-08,2025-10-30,"3.35%",-25,3.35,0.197873518148578
2026-12-08,2025-10-30,"3.60%",0,3.6,0.178632910685402
2026-12-08,2025-10-30,"3.85%",25,3.85,0.127031620773252
2026-12-08,2025-10-30,"4.10%",50,4.1,0.0711575914011633
2026-12-08,2025-10-30,"4.35%",75,4.35,0.0313949936955151
2026-12-08,2025-10-30,"4.60%",100,4.6,0.010909104035522
2026-12-08,2025-10-30,"4.85%",125,4.85,0
2026-12-08,2025-10-30,"5.10%",150,5.1,0
2026-12-08,2025-10-30,"5.35%",175,5.35,0
2026-12-08,2025-10-30,"5.60%",200,5.6,0
2026-12-08,2025-10-30,"5.85%",225,5.85,0
2026-12-08,2025-10-30,"6.10%",250,6.1,0
2026-12-08,2025-10-31,"0.10%",-300,0.1,0
2026-12-08,2025-10-31,"0.35%",-300,0.35,0
2026-12-08,2025-10-31,"0.60%",-300,0.6,0
2026-12-08,2025-10-31,"0.85%",-275,0.85,0
2026-12-08,2025-10-31,"1.10%",-250,1.1,0
2026-12-08,2025-10-31,"1.35%",-225,1.35,0
2026-12-08,2025-10-31,"1.60%",-200,1.6,0
2026-12-08,2025-10-31,"1.85%",-175,1.85,0
2026-12-08,2025-10-31,"2.10%",-150,2.1,0
2026-12-08,2025-10-31,"2.35%",-125,2.35,0.0256860488754195
2026-12-08,2025-10-31,"2.60%",-100,2.6,0.0627698729670208
2026-12-08,2025-10-31,"2.85%",-75,2.85,0.11942801681171
2026-12-08,2025-10-31,"3.10%",-50,3.1,0.176929200116406
2026-12-08,2025-10-31,"3.35%",-25,3.35,0.204105357013398
2026-12-08,2025-10-31,"3.60%",0,3.6,0.183349378670454
2026-12-08,2025-10-31,"3.85%",25,3.85,0.128253199056788
2026-12-08,2025-10-31,"4.10%",50,4.1,0.0698553201375848
2026-12-08,2025-10-31,"4.35%",75,4.35,0.0296236063512188
2026-12-08,2025-10-31,"4.60%",100,4.6,0
2026-12-08,2025-10-31,"4.85%",125,4.85,0
2026-12-08,2025-10-31,"5.10%",150,5.1,0
2026-12-08,2025-10-31,"5.35%",175,5.35,0
2026-12-08,2025-10-31,"5.60%",200,5.6,0
2026-12-08,2025-10-31,"5.85%",225,5.85,0
2026-12-08,2025-10-31,"6.10%",250,6.1,0
2026-12-08,2025-11-01,"0.10%",-300,0.1,0
2026-12-08,2025-11-01,"0.35%",-300,0.35,0
2026-12-08,2025-11-01,"0.60%",-300,0.6,0
2026-12-08,2025-11-01,"0.85%",-275,0.85,0
2026-12-08,2025-11-01,"1.10%",-250,1.1,0
2026-12-08,2025-11-01,"1.35%",-225,1.35,0
2026-12-08,2025-11-01,"1.60%",-200,1.6,0
2026-12-08,2025-11-01,"1.85%",-175,1.85,0
2026-12-08,2025-11-01,"2.10%",-150,2.1,0
2026-12-08,2025-11-01,"2.35%",-125,2.35,0.0255310745271185
2026-12-08,2025-11-01,"2.60%",-100,2.6,0.0625965937206553
2026-12-08,2025-11-01,"2.85%",-75,2.85,0.119380392030802
2026-12-08,2025-11-01,"3.10%",-50,3.1,0.177114386338871
2026-12-08,2025-11-01,"3.35%",-25,3.35,0.204426331435852
2026-12-08,2025-11-01,"3.60%",0,3.6,0.183565335100025
2026-12-08,2025-11-01,"3.85%",25,3.85,0.128235664647719
2026-12-08,2025-11-01,"4.10%",50,4.1,0.0696898897309313
2026-12-08,2025-11-01,"4.35%",75,4.35,0.0294603324680257
2026-12-08,2025-11-01,"4.60%",100,4.6,0
2026-12-08,2025-11-01,"4.85%",125,4.85,0
2026-12-08,2025-11-01,"5.10%",150,5.1,0
2026-12-08,2025-11-01,"5.35%",175,5.35,0
2026-12-08,2025-11-01,"5.60%",200,5.6,0
2026-12-08,2025-11-01,"5.85%",225,5.85,0
2026-12-08,2025-11-01,"6.10%",250,6.1,0
2026-12-08,2025-11-02,"0.10%",-300,0.1,0
2026-12-08,2025-11-02,"0.35%",-300,0.35,0
2026-12-08,2025-11-02,"0.60%",-300,0.6,0
2026-12-08,2025-11-02,"0.85%",-275,0.85,0
2026-12-08,2025-11-02,"1.10%",-250,1.1,0
2026-12-08,2025-11-02,"1.35%",-225,1.35,0
2026-12-08,2025-11-02,"1.60%",-200,1.6,0
2026-12-08,2025-11-02,"1.85%",-175,1.85,0
2026-12-08,2025-11-02,"2.10%",-150,2.1,0
2026-12-08,2025-11-02,"2.35%",-125,2.35,0.02110214975146
2026-12-08,2025-11-02,"2.60%",-100,2.6,0.0541261992569978
2026-12-08,2025-11-02,"2.85%",-75,2.85,0.10788941175934
2026-12-08,2025-11-02,"3.10%",-50,3.1,0.16714033927144
2026-12-08,2025-11-02,"3.35%",-25,3.35,0.201252517742538
2026-12-08,2025-11-02,"3.60%",0,3.6,0.188352032674173
2026-12-08,2025-11-02,"3.85%",25,3.85,0.137013760348775
2026-12-08,2025-11-02,"4.10%",50,4.1,0.0774646548608166
2026-12-08,2025-11-02,"4.35%",75,4.35,0.0340372501612731
2026-12-08,2025-11-02,"4.60%",100,4.6,0.0116216841731856
2026-12-08,2025-11-02,"4.85%",125,4.85,0
2026-12-08,2025-11-02,"5.10%",150,5.1,0
2026-12-08,2025-11-02,"5.35%",175,5.35,0
2026-12-08,2025-11-02,"5.60%",200,5.6,0
2026-12-08,2025-11-02,"5.85%",225,5.85,0
2026-12-08,2025-11-02,"6.10%",250,6.1,0
2026-12-08,2025-11-03,"0.10%",-300,0.1,0
2026-12-08,2025-11-03,"0.35%",-300,0.35,0
2026-12-08,2025-11-03,"0.60%",-300,0.6,0
2026-12-08,2025-11-03,"0.85%",-275,0.85,0
2026-12-08,2025-11-03,"1.10%",-250,1.1,0
2026-12-08,2025-11-03,"1.35%",-225,1.35,0
2026-12-08,2025-11-03,"1.60%",-200,1.6,0
2026-12-08,2025-11-03,"1.85%",-175,1.85,0
2026-12-08,2025-11-03,"2.10%",-150,2.1,0
2026-12-08,2025-11-03,"2.35%",-125,2.35,0.0178612442409128
2026-12-08,2025-11-03,"2.60%",-100,2.6,0.0477070318955019
2026-12-08,2025-11-03,"2.85%",-75,2.85,0.0989307926158892
2026-12-08,2025-11-03,"3.10%",-50,3.1,0.159295058984161
2026-12-08,2025-11-03,"3.35%",-25,3.35,0.199169965450105
2026-12-08,2025-11-03,"3.60%",0,3.6,0.193379269848494
2026-12-08,2025-11-03,"3.85%",25,3.85,0.145800387951475
2026-12-08,2025-11-03,"4.10%",50,4.1,0.0853596718951576
2026-12-08,2025-11-03,"4.35%",75,4.35,0.0388024949843875
2026-12-08,2025-11-03,"4.60%",100,4.6,0.0136940821339164
2026-12-08,2025-11-03,"4.85%",125,4.85,0
2026-12-08,2025-11-03,"5.10%",150,5.1,0
2026-12-08,2025-11-03,"5.35%",175,5.35,0
2026-12-08,2025-11-03,"5.60%",200,5.6,0
2026-12-08,2025-11-03,"5.85%",225,5.85,0
2026-12-08,2025-11-03,"6.10%",250,6.1,0
2026-12-08,2025-11-04,"0.10%",-300,0.1,0
2026-12-08,2025-11-04,"0.35%",-300,0.35,0
2026-12-08,2025-11-04,"0.60%",-300,0.6,0
2026-12-08,2025-11-04,"0.85%",-275,0.85,0
2026-12-08,2025-11-04,"1.10%",-250,1.1,0
2026-12-08,2025-11-04,"1.35%",-225,1.35,0
2026-12-08,2025-11-04,"1.60%",-200,1.6,0
2026-12-08,2025-11-04,"1.85%",-175,1.85,0
2026-12-08,2025-11-04,"2.10%",-150,2.1,0
2026-12-08,2025-11-04,"2.35%",-125,2.35,0.0194452293291635
2026-12-08,2025-11-04,"2.60%",-100,2.6,0.0533985536463699
2026-12-08,2025-11-04,"2.85%",-75,2.85,0.111348718447673
2026-12-08,2025-11-04,"3.10%",-50,3.1,0.176334235523217
2026-12-08,2025-11-04,"3.35%",-25,3.35,0.21208988944598
2026-12-08,2025-11-04,"3.60%",0,3.6,0.193753680785018
2026-12-08,2025-11-04,"3.85%",25,3.85,0.134437176680795
2026-12-08,2025-11-04,"4.10%",50,4.1,0.070843376007814
2026-12-08,2025-11-04,"4.35%",75,4.35,0.0283491401339706
2026-12-08,2025-11-04,"4.60%",100,4.6,0
2026-12-08,2025-11-04,"4.85%",125,4.85,0
2026-12-08,2025-11-04,"5.10%",150,5.1,0
2026-12-08,2025-11-04,"5.35%",175,5.35,0
2026-12-08,2025-11-04,"5.60%",200,5.6,0
2026-12-08,2025-11-04,"5.85%",225,5.85,0
2026-12-08,2025-11-04,"6.10%",250,6.1,0
2026-12-08,2025-11-05,"0.10%",-300,0.1,0
2026-12-08,2025-11-05,"0.35%",-300,0.35,0
2026-12-08,2025-11-05,"0.60%",-300,0.6,0
2026-12-08,2025-11-05,"0.85%",-275,0.85,0
2026-12-08,2025-11-05,"1.10%",-250,1.1,0
2026-12-08,2025-11-05,"1.35%",-225,1.35,0
2026-12-08,2025-11-05,"1.60%",-200,1.6,0
2026-12-08,2025-11-05,"1.85%",-175,1.85,0
2026-12-08,2025-11-05,"2.10%",-150,2.1,0
2026-12-08,2025-11-05,"2.35%",-125,2.35,0.0186763098742754
2026-12-08,2025-11-05,"2.60%",-100,2.6,0.0508057482287256
2026-12-08,2025-11-05,"2.85%",-75,2.85,0.10583226221524
2026-12-08,2025-11-05,"3.10%",-50,3.1,0.168833252020443
2026-12-08,2025-11-05,"3.35%",-25,3.35,0.206284232492414
2026-12-08,2025-11-05,"3.60%",0,3.6,0.19304421271377
2026-12-08,2025-11-05,"3.85%",25,3.85,0.138364732571266
2026-12-08,2025-11-05,"4.10%",50,4.1,0.0759535066092671
2026-12-08,2025-11-05,"4.35%",75,4.35,0.0319287244610404
2026-12-08,2025-11-05,"4.60%",100,4.6,0.0102770188135587
2026-12-08,2025-11-05,"4.85%",125,4.85,0
2026-12-08,2025-11-05,"5.10%",150,5.1,0
2026-12-08,2025-11-05,"5.35%",175,5.35,0
2026-12-08,2025-11-05,"5.60%",200,5.6,0
2026-12-08,2025-11-05,"5.85%",225,5.85,0
2026-12-08,2025-11-05,"6.10%",250,6.1,0
2026-12-08,2025-11-06,"0.10%",-300,0.1,0
2026-12-08,2025-11-06,"0.35%",-300,0.35,0
2026-12-08,2025-11-06,"0.60%",-300,0.6,0
2026-12-08,2025-11-06,"0.85%",-275,0.85,0
2026-12-08,2025-11-06,"1.10%",-250,1.1,0
2026-12-08,2025-11-06,"1.35%",-225,1.35,0
2026-12-08,2025-11-06,"1.60%",-200,1.6,0
2026-12-08,2025-11-06,"1.85%",-175,1.85,0
2026-12-08,2025-11-06,"2.10%",-150,2.1,0
2026-12-08,2025-11-06,"2.35%",-125,2.35,0.0209623106672476
2026-12-08,2025-11-06,"2.60%",-100,2.6,0.0544893376081971
2026-12-08,2025-11-06,"2.85%",-75,2.85,0.109439147907286
2026-12-08,2025-11-06,"3.10%",-50,3.1,0.169850456836896
2026-12-08,2025-11-06,"3.35%",-25,3.35,0.203714529109182
2026-12-08,2025-11-06,"3.60%",0,3.6,0.188821076910618
2026-12-08,2025-11-06,"3.85%",25,3.85,0.135253069912887
2026-12-08,2025-11-06,"4.10%",50,4.1,0.0748669714359225
2026-12-08,2025-11-06,"4.35%",75,4.35,0.0320215319106568
2026-12-08,2025-11-06,"4.60%",100,4.6,0.010581567701107
2026-12-08,2025-11-06,"4.85%",125,4.85,0
2026-12-08,2025-11-06,"5.10%",150,5.1,0
2026-12-08,2025-11-06,"5.35%",175,5.35,0
2026-12-08,2025-11-06,"5.60%",200,5.6,0
2026-12-08,2025-11-06,"5.85%",225,5.85,0
2026-12-08,2025-11-06,"6.10%",250,6.1,0
2026-12-08,2025-11-07,"0.10%",-300,0.1,0
2026-12-08,2025-11-07,"0.35%",-300,0.35,0
2026-12-08,2025-11-07,"0.60%",-300,0.6,0
2026-12-08,2025-11-07,"0.85%",-275,0.85,0
2026-12-08,2025-11-07,"1.10%",-250,1.1,0
2026-12-08,2025-11-07,"1.35%",-225,1.35,0
2026-12-08,2025-11-07,"1.60%",-200,1.6,0
2026-12-08,2025-11-07,"1.85%",-175,1.85,0
2026-12-08,2025-11-07,"2.10%",-150,2.1,0
2026-12-08,2025-11-07,"2.35%",-125,2.35,0.0190742634539617
2026-12-08,2025-11-07,"2.60%",-100,2.6,0.0523379494094816
2026-12-08,2025-11-07,"2.85%",-75,2.85,0.109350717935067
2026-12-08,2025-11-07,"3.10%",-50,3.1,0.173987237502149
2026-12-08,2025-11-07,"3.35%",-25,3.35,0.210833412363874
2026-12-08,2025-11-07,"3.60%",0,3.6,0.194581999544443
2026-12-08,2025-11-07,"3.85%",25,3.85,0.13677314466215
2026-12-08,2025-11-07,"4.10%",50,4.1,0.0732161386608018
2026-12-08,2025-11-07,"4.35%",75,4.35,0.0298451364680713
2026-12-08,2025-11-07,"4.60%",100,4.6,0
2026-12-08,2025-11-07,"4.85%",125,4.85,0
2026-12-08,2025-11-07,"5.10%",150,5.1,0
2026-12-08,2025-11-07,"5.35%",175,5.35,0
2026-12-08,2025-11-07,"5.60%",200,5.6,0
2026-12-08,2025-11-07,"5.85%",225,5.85,0
2026-12-08,2025-11-07,"6.10%",250,6.1,0
2026-12-08,2025-11-08,"0.10%",-300,0.1,0
2026-12-08,2025-11-08,"0.35%",-300,0.35,0
2026-12-08,2025-11-08,"0.60%",-300,0.6,0
2026-12-08,2025-11-08,"0.85%",-275,0.85,0
2026-12-08,2025-11-08,"1.10%",-250,1.1,0
2026-12-08,2025-11-08,"1.35%",-225,1.35,0
2026-12-08,2025-11-08,"1.60%",-200,1.6,0
2026-12-08,2025-11-08,"1.85%",-175,1.85,0
2026-12-08,2025-11-08,"2.10%",-150,2.1,0
2026-12-08,2025-11-08,"2.35%",-125,2.35,0.0181107065216361
2026-12-08,2025-11-08,"2.60%",-100,2.6,0.0510306689858634
2026-12-08,2025-11-08,"2.85%",-75,2.85,0.108704085713976
2026-12-08,2025-11-08,"3.10%",-50,3.1,0.175081379295608
2026-12-08,2025-11-08,"3.35%",-25,3.35,0.213232259829207
2026-12-08,2025-11-08,"3.60%",0,3.6,0.196381808454453
2026-12-08,2025-11-08,"3.85%",25,3.85,0.13676597692032
2026-12-08,2025-11-08,"4.10%",50,4.1,0.0720200201045285
2026-12-08,2025-11-08,"4.35%",75,4.35,0.0286730941744076
2026-12-08,2025-11-08,"4.60%",100,4.6,0
2026-12-08,2025-11-08,"4.85%",125,4.85,0
2026-12-08,2025-11-08,"5.10%",150,5.1,0
2026-12-08,2025-11-08,"5.35%",175,5.35,0
2026-12-08,2025-11-08,"5.60%",200,5.6,0
2026-12-08,2025-11-08,"5.85%",225,5.85,0
2026-12-08,2025-11-08,"6.10%",250,6.1,0
2026-12-08,2025-11-09,"0.10%",-300,0.1,0
2026-12-08,2025-11-09,"0.35%",-300,0.35,0
2026-12-08,2025-11-09,"0.60%",-300,0.6,0
2026-12-08,2025-11-09,"0.85%",-275,0.85,0
2026-12-08,2025-11-09,"1.10%",-250,1.1,0
2026-12-08,2025-11-09,"1.35%",-225,1.35,0
2026-12-08,2025-11-09,"1.60%",-200,1.6,0
2026-12-08,2025-11-09,"1.85%",-175,1.85,0
2026-12-08,2025-11-09,"2.10%",-150,2.1,0
2026-12-08,2025-11-09,"2.35%",-125,2.35,0.0140088746793087
2026-12-08,2025-11-09,"2.60%",-100,2.6,0.042557383276247
2026-12-08,2025-11-09,"2.85%",-75,2.85,0.097008648910094
2026-12-08,2025-11-09,"3.10%",-50,3.1,0.165951422683306
2026-12-08,2025-11-09,"3.35%",-25,3.35,0.213075890818034
2026-12-08,2025-11-09,"3.60%",0,3.6,0.205349255733087
2026-12-08,2025-11-09,"3.85%",25,3.85,0.148543643747477
2026-12-08,2025-11-09,"4.10%",50,4.1,0.0806469322720623
2026-12-08,2025-11-09,"4.35%",75,4.35,0.0328579478803841
2026-12-08,2025-11-09,"4.60%",100,4.6,0
2026-12-08,2025-11-09,"4.85%",125,4.85,0
2026-12-08,2025-11-09,"5.10%",150,5.1,0
2026-12-08,2025-11-09,"5.35%",175,5.35,0
2026-12-08,2025-11-09,"5.60%",200,5.6,0
2026-12-08,2025-11-09,"5.85%",225,5.85,0
2026-12-08,2025-11-09,"6.10%",250,6.1,0
2026-12-08,2025-11-10,"0.10%",-300,0.1,0
2026-12-08,2025-11-10,"0.35%",-300,0.35,0
2026-12-08,2025-11-10,"0.60%",-300,0.6,0
2026-12-08,2025-11-10,"0.85%",-275,0.85,0
2026-12-08,2025-11-10,"1.10%",-250,1.1,0
2026-12-08,2025-11-10,"1.35%",-225,1.35,0
2026-12-08,2025-11-10,"1.60%",-200,1.6,0
2026-12-08,2025-11-10,"1.85%",-175,1.85,0
2026-12-08,2025-11-10,"2.10%",-150,2.1,0
2026-12-08,2025-11-10,"2.35%",-125,2.35,0.0121881223105178
2026-12-08,2025-11-10,"2.60%",-100,2.6,0.0388351397448715
2026-12-08,2025-11-10,"2.85%",-75,2.85,0.0921291999701514
2026-12-08,2025-11-10,"3.10%",-50,3.1,0.162755071388364
2026-12-08,2025-11-10,"3.35%",-25,3.35,0.214136841552473
2026-12-08,2025-11-10,"3.60%",0,3.6,0.209843183312337
2026-12-08,2025-11-10,"3.85%",25,3.85,0.153159149352091
2026-12-08,2025-11-10,"4.10%",50,4.1,0.0832539276107878
2026-12-08,2025-11-10,"4.35%",75,4.35,0.0336993647584074
2026-12-08,2025-11-10,"4.60%",100,4.6,0
2026-12-08,2025-11-10,"4.85%",125,4.85,0
2026-12-08,2025-11-10,"5.10%",150,5.1,0
2026-12-08,2025-11-10,"5.35%",175,5.35,0
2026-12-08,2025-11-10,"5.60%",200,5.6,0
2026-12-08,2025-11-10,"5.85%",225,5.85,0
2026-12-08,2025-11-10,"6.10%",250,6.1,0
2026-12-08,2025-11-11,"0.10%",-300,0.1,0
2026-12-08,2025-11-11,"0.35%",-300,0.35,0
2026-12-08,2025-11-11,"0.60%",-300,0.6,0
2026-12-08,2025-11-11,"0.85%",-275,0.85,0
2026-12-08,2025-11-11,"1.10%",-250,1.1,0
2026-12-08,2025-11-11,"1.35%",-225,1.35,0
2026-12-08,2025-11-11,"1.60%",-200,1.6,0
2026-12-08,2025-11-11,"1.85%",-175,1.85,0
2026-12-08,2025-11-11,"2.10%",-150,2.1,0
2026-12-08,2025-11-11,"2.35%",-125,2.35,0.0133872499413204
2026-12-08,2025-11-11,"2.60%",-100,2.6,0.0405816624196266
2026-12-08,2025-11-11,"2.85%",-75,2.85,0.0927601899173711
2026-12-08,2025-11-11,"3.10%",-50,3.1,0.159902194771825
2026-12-08,2025-11-11,"3.35%",-25,3.35,0.207899865501423
2026-12-08,2025-11-11,"3.60%",0,3.6,0.203884196018435
2026-12-08,2025-11-11,"3.85%",25,3.85,0.150813702167935
2026-12-08,2025-11-11,"4.10%",50,4.1,0.0841395199772367
2026-12-08,2025-11-11,"4.35%",75,4.35,0.0354007238456501
2026-12-08,2025-11-11,"4.60%",100,4.6,0.0112306954391781
2026-12-08,2025-11-11,"4.85%",125,4.85,0
2026-12-08,2025-11-11,"5.10%",150,5.1,0
2026-12-08,2025-11-11,"5.35%",175,5.35,0
2026-12-08,2025-11-11,"5.60%",200,5.6,0
2026-12-08,2025-11-11,"5.85%",225,5.85,0
2026-12-08,2025-11-11,"6.10%",250,6.1,0
2026-12-08,2025-11-12,"0.10%",-300,0.1,0
2026-12-08,2025-11-12,"0.35%",-300,0.35,0
2026-12-08,2025-11-12,"0.60%",-300,0.6,0
2026-12-08,2025-11-12,"0.85%",-275,0.85,0
2026-12-08,2025-11-12,"1.10%",-250,1.1,0
2026-12-08,2025-11-12,"1.35%",-225,1.35,0
2026-12-08,2025-11-12,"1.60%",-200,1.6,0
2026-12-08,2025-11-12,"1.85%",-175,1.85,0
2026-12-08,2025-11-12,"2.10%",-150,2.1,0
2026-12-08,2025-11-12,"2.35%",-125,2.35,0
2026-12-08,2025-11-12,"2.60%",-100,2.6,0.024539195651888
2026-12-08,2025-11-12,"2.85%",-75,2.85,0.0645079901646692
2026-12-08,2025-11-12,"3.10%",-50,3.1,0.127835208198572
2026-12-08,2025-11-12,"3.35%",-25,3.35,0.190997820767372
2026-12-08,2025-11-12,"3.60%",0,3.6,0.215169994029645
2026-12-08,2025-11-12,"3.85%",25,3.85,0.182776647020906
2026-12-08,2025-11-12,"4.10%",50,4.1,0.117066132096741
2026-12-08,2025-11-12,"4.35%",75,4.35,0.0565295245166626
2026-12-08,2025-11-12,"4.60%",100,4.6,0.0205774875535443
2026-12-08,2025-11-12,"4.85%",125,4.85,0
2026-12-08,2025-11-12,"5.10%",150,5.1,0
2026-12-08,2025-11-12,"5.35%",175,5.35,0
2026-12-08,2025-11-12,"5.60%",200,5.6,0
2026-12-08,2025-11-12,"5.85%",225,5.85,0
2026-12-08,2025-11-12,"6.10%",250,6.1,0
2026-12-08,2025-11-13,"0.10%",-300,0.1,0
2026-12-08,2025-11-13,"0.35%",-300,0.35,0
2026-12-08,2025-11-13,"0.60%",-300,0.6,0
2026-12-08,2025-11-13,"0.85%",-275,0.85,0
2026-12-08,2025-11-13,"1.10%",-250,1.1,0
2026-12-08,2025-11-13,"1.35%",-225,1.35,0
2026-12-08,2025-11-13,"1.60%",-200,1.6,0
2026-12-08,2025-11-13,"1.85%",-175,1.85,0
2026-12-08,2025-11-13,"2.10%",-150,2.1,0
2026-12-08,2025-11-13,"2.35%",-125,2.35,0
2026-12-08,2025-11-13,"2.60%",-100,2.6,0.0305295371794819
2026-12-08,2025-11-13,"2.85%",-75,2.85,0.0747134873958327
2026-12-08,2025-11-13,"3.10%",-50,3.1,0.1389627190001
2026-12-08,2025-11-13,"3.35%",-25,3.35,0.196456262849397
2026-12-08,2025-11-13,"3.60%",0,3.6,0.211119802129616
2026-12-08,2025-11-13,"3.85%",25,3.85,0.172461950991985
2026-12-08,2025-11-13,"4.10%",50,4.1,0.10708850099653
2026-12-08,2025-11-13,"4.35%",75,4.35,0.050540605994281
2026-12-08,2025-11-13,"4.60%",100,4.6,0.0181271334627775
2026-12-08,2025-11-13,"4.85%",125,4.85,0
2026-12-08,2025-11-13,"5.10%",150,5.1,0
2026-12-08,2025-11-13,"5.35%",175,5.35,0
2026-12-08,2025-11-13,"5.60%",200,5.6,0
2026-12-08,2025-11-13,"5.85%",225,5.85,0
2026-12-08,2025-11-13,"6.10%",250,6.1,0
2026-12-08,2025-11-14,"0.10%",-300,0.1,0
2026-12-08,2025-11-14,"0.35%",-300,0.35,0
2026-12-08,2025-11-14,"0.60%",-300,0.6,0
2026-12-08,2025-11-14,"0.85%",-275,0.85,0
2026-12-08,2025-11-14,"1.10%",-250,1.1,0
2026-12-08,2025-11-14,"1.35%",-225,1.35,0
2026-12-08,2025-11-14,"1.60%",-200,1.6,0
2026-12-08,2025-11-14,"1.85%",-175,1.85,0
2026-12-08,2025-11-14,"2.10%",-150,2.1,0
2026-12-08,2025-11-14,"2.35%",-125,2.35,0
2026-12-08,2025-11-14,"2.60%",-100,2.6,0.02856906056886
2026-12-08,2025-11-14,"2.85%",-75,2.85,0.0727272460728746
2026-12-08,2025-11-14,"3.10%",-50,3.1,0.139015190357615
2026-12-08,2025-11-14,"3.35%",-25,3.35,0.199548308250714
2026-12-08,2025-11-14,"3.60%",0,3.6,0.21512304133437
2026-12-08,2025-11-14,"3.85%",25,3.85,0.174174953612133
2026-12-08,2025-11-14,"4.10%",50,4.1,0.105907156209356
2026-12-08,2025-11-14,"4.35%",75,4.35,0.0483572452395775
2026-12-08,2025-11-14,"4.60%",100,4.6,0.0165777983545007
2026-12-08,2025-11-14,"4.85%",125,4.85,0
2026-12-08,2025-11-14,"5.10%",150,5.1,0
2026-12-08,2025-11-14,"5.35%",175,5.35,0
2026-12-08,2025-11-14,"5.60%",200,5.6,0
2026-12-08,2025-11-14,"5.85%",225,5.85,0
2026-12-08,2025-11-14,"6.10%",250,6.1,0
2026-12-08,2025-11-15,"0.10%",-300,0.1,0
2026-12-08,2025-11-15,"0.35%",-300,0.35,0
2026-12-08,2025-11-15,"0.60%",-300,0.6,0
2026-12-08,2025-11-15,"0.85%",-275,0.85,0
2026-12-08,2025-11-15,"1.10%",-250,1.1,0
2026-12-08,2025-11-15,"1.35%",-225,1.35,0
2026-12-08,2025-11-15,"1.60%",-200,1.6,0
2026-12-08,2025-11-15,"1.85%",-175,1.85,0
2026-12-08,2025-11-15,"2.10%",-150,2.1,0
2026-12-08,2025-11-15,"2.35%",-125,2.35,0
2026-12-08,2025-11-15,"2.60%",-100,2.6,0.0291456604549809
2026-12-08,2025-11-15,"2.85%",-75,2.85,0.073322205214498
2026-12-08,2025-11-15,"3.10%",-50,3.1,0.139007754486559
2026-12-08,2025-11-15,"3.35%",-25,3.35,0.198627034737383
2026-12-08,2025-11-15,"3.60%",0,3.6,0.213926358683192
2026-12-08,2025-11-15,"3.85%",25,3.85,0.173669403349
2026-12-08,2025-11-15,"4.10%",50,4.1,0.106266723804266
2026-12-08,2025-11-15,"4.35%",75,4.35,0.0490054358601542
2026-12-08,2025-11-15,"4.60%",100,4.6,0.0170294234099657
2026-12-08,2025-11-15,"4.85%",125,4.85,0
2026-12-08,2025-11-15,"5.10%",150,5.1,0
2026-12-08,2025-11-15,"5.35%",175,5.35,0
2026-12-08,2025-11-15,"5.60%",200,5.6,0
2026-12-08,2025-11-15,"5.85%",225,5.85,0
2026-12-08,2025-11-15,"6.10%",250,6.1,0
2026-12-08,2025-11-16,"0.10%",-300,0.1,0
2026-12-08,2025-11-16,"0.35%",-300,0.35,0
2026-12-08,2025-11-16,"0.60%",-300,0.6,0
2026-12-08,2025-11-16,"0.85%",-275,0.85,0
2026-12-08,2025-11-16,"1.10%",-250,1.1,0
2026-12-08,2025-11-16,"1.35%",-225,1.35,0
2026-12-08,2025-11-16,"1.60%",-200,1.6,0
2026-12-08,2025-11-16,"1.85%",-175,1.85,0
2026-12-08,2025-11-16,"2.10%",-150,2.1,0
2026-12-08,2025-11-16,"2.35%",-125,2.35,0
2026-12-08,2025-11-16,"2.60%",-100,2.6,0.0280681447499304
2026-12-08,2025-11-16,"2.85%",-75,2.85,0.0708523696459207
2026-12-08,2025-11-16,"3.10%",-50,3.1,0.135263890974108
2026-12-08,2025-11-16,"3.35%",-25,3.35,0.195320849436678
2026-12-08,2025-11-16,"3.60%",0,3.6,0.213346260824584
2026-12-08,2025-11-16,"3.85%",25,3.85,0.17627818385653
2026-12-08,2025-11-16,"4.10%",50,4.1,0.110172509909724
2026-12-08,2025-11-16,"4.35%",75,4.35,0.0520799256411311
2026-12-08,2025-11-16,"4.60%",100,4.6,0.018617864961393
2026-12-08,2025-11-16,"4.85%",125,4.85,0
2026-12-08,2025-11-16,"5.10%",150,5.1,0
2026-12-08,2025-11-16,"5.35%",175,5.35,0
2026-12-08,2025-11-16,"5.60%",200,5.6,0
2026-12-08,2025-11-16,"5.85%",225,5.85,0
2026-12-08,2025-11-16,"6.10%",250,6.1,0
2026-12-08,2025-11-17,"0.10%",-300,0.1,0
2026-12-08,2025-11-17,"0.35%",-300,0.35,0
2026-12-08,2025-11-17,"0.60%",-300,0.6,0
2026-12-08,2025-11-17,"0.85%",-275,0.85,0
2026-12-08,2025-11-17,"1.10%",-250,1.1,0
2026-12-08,2025-11-17,"1.35%",-225,1.35,0
2026-12-08,2025-11-17,"1.60%",-200,1.6,0
2026-12-08,2025-11-17,"1.85%",-175,1.85,0
2026-12-08,2025-11-17,"2.10%",-150,2.1,0
2026-12-08,2025-11-17,"2.35%",-125,2.35,0.0104451268818787
2026-12-08,2025-11-17,"2.60%",-100,2.6,0.0329876335034727
2026-12-08,2025-11-17,"2.85%",-75,2.85,0.0790564235319418
2026-12-08,2025-11-17,"3.10%",-50,3.1,0.143793090941693
2026-12-08,2025-11-17,"3.35%",-25,3.35,0.198518329165745
2026-12-08,2025-11-17,"3.60%",0,3.6,0.208041866438351
2026-12-08,2025-11-17,"3.85%",25,3.85,0.16549778658158
2026-12-08,2025-11-17,"4.10%",50,4.1,0.0999324592862182
2026-12-08,2025-11-17,"4.35%",75,4.35,0.0457987927209604
2026-12-08,2025-11-17,"4.60%",100,4.6,0.0159284909481591
2026-12-08,2025-11-17,"4.85%",125,4.85,0
2026-12-08,2025-11-17,"5.10%",150,5.1,0
2026-12-08,2025-11-17,"5.35%",175,5.35,0
2026-12-08,2025-11-17,"5.60%",200,5.6,0
2026-12-08,2025-11-17,"5.85%",225,5.85,0
2026-12-08,2025-11-17,"6.10%",250,6.1,0
2026-12-08,2025-11-18,"0.10%",-300,0.1,0
2026-12-08,2025-11-18,"0.35%",-300,0.35,0
2026-12-08,2025-11-18,"0.60%",-300,0.6,0
2026-12-08,2025-11-18,"0.85%",-275,0.85,0
2026-12-08,2025-11-18,"1.10%",-250,1.1,0
2026-12-08,2025-11-18,"1.35%",-225,1.35,0
2026-12-08,2025-11-18,"1.60%",-200,1.6,0
2026-12-08,2025-11-18,"1.85%",-175,1.85,0
2026-12-08,2025-11-18,"2.10%",-150,2.1,0
2026-12-08,2025-11-18,"2.35%",-125,2.35,0
2026-12-08,2025-11-18,"2.60%",-100,2.6,0.032789966392826
2026-12-08,2025-11-18,"2.85%",-75,2.85,0.081145129441488
2026-12-08,2025-11-18,"3.10%",-50,3.1,0.150037537954522
2026-12-08,2025-11-18,"3.35%",-25,3.35,0.207305256994706
2026-12-08,2025-11-18,"3.60%",0,3.6,0.214054437446175
2026-12-08,2025-11-18,"3.85%",25,3.85,0.165175164862733
2026-12-08,2025-11-18,"4.10%",50,4.1,0.0952461064425533
2026-12-08,2025-11-18,"4.35%",75,4.35,0.041037451292386
2026-12-08,2025-11-18,"4.60%",100,4.6,0.0132089491726114
2026-12-08,2025-11-18,"4.85%",125,4.85,0
2026-12-08,2025-11-18,"5.10%",150,5.1,0
2026-12-08,2025-11-18,"5.35%",175,5.35,0
2026-12-08,2025-11-18,"5.60%",200,5.6,0
2026-12-08,2025-11-18,"5.85%",225,5.85,0
2026-12-08,2025-11-18,"6.10%",250,6.1,0
2026-12-08,2025-11-19,"0.10%",-300,0.1,0
2026-12-08,2025-11-19,"0.35%",-300,0.35,0
2026-12-08,2025-11-19,"0.60%",-300,0.6,0
2026-12-08,2025-11-19,"0.85%",-275,0.85,0
2026-12-08,2025-11-19,"1.10%",-250,1.1,0
2026-12-08,2025-11-19,"1.35%",-225,1.35,0
2026-12-08,2025-11-19,"1.60%",-200,1.6,0
2026-12-08,2025-11-19,"1.85%",-175,1.85,0
2026-12-08,2025-11-19,"2.10%",-150,2.1,0
2026-12-08,2025-11-19,"2.35%",-125,2.35,0
2026-12-08,2025-11-19,"2.60%",-100,2.6,0.0181225974942253
2026-12-08,2025-11-19,"2.85%",-75,2.85,0.0594963528277105
2026-12-08,2025-11-19,"3.10%",-50,3.1,0.136144953074314
2026-12-08,2025-11-19,"3.35%",-25,3.35,0.217218978045377
2026-12-08,2025-11-19,"3.60%",0,3.6,0.241692544433651
2026-12-08,2025-11-19,"3.85%",25,3.85,0.187550226406214
2026-12-08,2025-11-19,"4.10%",50,4.1,0.101487946173776
2026-12-08,2025-11-19,"4.35%",75,4.35,0.0382864015447327
2026-12-08,2025-11-19,"4.60%",100,4.6,0
2026-12-08,2025-11-19,"4.85%",125,4.85,0
2026-12-08,2025-11-19,"5.10%",150,5.1,0
2026-12-08,2025-11-19,"5.35%",175,5.35,0
2026-12-08,2025-11-19,"5.60%",200,5.6,0
2026-12-08,2025-11-19,"5.85%",225,5.85,0
2026-12-08,2025-11-19,"6.10%",250,6.1,0
2026-12-08,2025-11-20,"0.10%",-300,0.1,0
2026-12-08,2025-11-20,"0.35%",-300,0.35,0
2026-12-08,2025-11-20,"0.60%",-300,0.6,0
2026-12-08,2025-11-20,"0.85%",-275,0.85,0
2026-12-08,2025-11-20,"1.10%",-250,1.1,0
2026-12-08,2025-11-20,"1.35%",-225,1.35,0
2026-12-08,2025-11-20,"1.60%",-200,1.6,0
2026-12-08,2025-11-20,"1.85%",-175,1.85,0
2026-12-08,2025-11-20,"2.10%",-150,2.1,0
2026-12-08,2025-11-20,"2.35%",-125,2.35,0
2026-12-08,2025-11-20,"2.60%",-100,2.6,0.0214891769871232
2026-12-08,2025-11-20,"2.85%",-75,2.85,0.0652381682066614
2026-12-08,2025-11-20,"3.10%",-50,3.1,0.140492388461175
2026-12-08,2025-11-20,"3.35%",-25,3.35,0.214678299683333
2026-12-08,2025-11-20,"3.60%",0,3.6,0.232795010780191
2026-12-08,2025-11-20,"3.85%",25,3.85,0.179152191422651
2026-12-08,2025-11-20,"4.10%",50,4.1,0.0978345968510487
2026-12-08,2025-11-20,"4.35%",75,4.35,0.0379046180991396
2026-12-08,2025-11-20,"4.60%",100,4.6,0.0104155495086767
2026-12-08,2025-11-20,"4.85%",125,4.85,0
2026-12-08,2025-11-20,"5.10%",150,5.1,0
2026-12-08,2025-11-20,"5.35%",175,5.35,0
2026-12-08,2025-11-20,"5.60%",200,5.6,0
2026-12-08,2025-11-20,"5.85%",225,5.85,0
2026-12-08,2025-11-20,"6.10%",250,6.1,0
2026-12-08,2025-11-21,"0.10%",-300,0.1,0
2026-12-08,2025-11-21,"0.35%",-300,0.35,0
2026-12-08,2025-11-21,"0.60%",-300,0.6,0
2026-12-08,2025-11-21,"0.85%",-275,0.85,0
2026-12-08,2025-11-21,"1.10%",-250,1.1,0
2026-12-08,2025-11-21,"1.35%",-225,1.35,0
2026-12-08,2025-11-21,"1.60%",-200,1.6,0
2026-12-08,2025-11-21,"1.85%",-175,1.85,0
2026-12-08,2025-11-21,"2.10%",-150,2.1,0
2026-12-08,2025-11-21,"2.35%",-125,2.35,0
2026-12-08,2025-11-21,"2.60%",-100,2.6,0.027677614323192
2026-12-08,2025-11-21,"2.85%",-75,2.85,0.0724752828905247
2026-12-08,2025-11-21,"3.10%",-50,3.1,0.140932290148383
2026-12-08,2025-11-21,"3.35%",-25,3.35,0.203542778037858
2026-12-08,2025-11-21,"3.60%",0,3.6,0.218354666453492
2026-12-08,2025-11-21,"3.85%",25,3.85,0.173995491074726
2026-12-08,2025-11-21,"4.10%",50,4.1,0.102981505556776
2026-12-08,2025-11-21,"4.35%",75,4.35,0.0452661984857695
2026-12-08,2025-11-21,"4.60%",100,4.6,0.0147741730292789
2026-12-08,2025-11-21,"4.85%",125,4.85,0
2026-12-08,2025-11-21,"5.10%",150,5.1,0
2026-12-08,2025-11-21,"5.35%",175,5.35,0
2026-12-08,2025-11-21,"5.60%",200,5.6,0
2026-12-08,2025-11-21,"5.85%",225,5.85,0
2026-12-08,2025-11-21,"6.10%",250,6.1,0
2026-12-08,2025-11-22,"0.10%",-300,0.1,0
2026-12-08,2025-11-22,"0.35%",-300,0.35,0
2026-12-08,2025-11-22,"0.60%",-300,0.6,0
2026-12-08,2025-11-22,"0.85%",-275,0.85,0
2026-12-08,2025-11-22,"1.10%",-250,1.1,0
2026-12-08,2025-11-22,"1.35%",-225,1.35,0
2026-12-08,2025-11-22,"1.60%",-200,1.6,0
2026-12-08,2025-11-22,"1.85%",-175,1.85,0
2026-12-08,2025-11-22,"2.10%",-150,2.1,0
2026-12-08,2025-11-22,"2.35%",-125,2.35,0
2026-12-08,2025-11-22,"2.60%",-100,2.6,0.0274513620257949
2026-12-08,2025-11-22,"2.85%",-75,2.85,0.0722332571042568
2026-12-08,2025-11-22,"3.10%",-50,3.1,0.140934067380637
2026-12-08,2025-11-22,"3.35%",-25,3.35,0.203923303928947
2026-12-08,2025-11-22,"3.60%",0,3.6,0.218840435643709
2026-12-08,2025-11-22,"3.85%",25,3.85,0.174182858600194
2026-12-08,2025-11-22,"4.10%",50,4.1,0.102819835165184
2026-12-08,2025-11-22,"4.35%",75,4.35,0.0450079042597529
2026-12-08,2025-11-22,"4.60%",100,4.6,0.0146069758915244
2026-12-08,2025-11-22,"4.85%",125,4.85,0
2026-12-08,2025-11-22,"5.10%",150,5.1,0
2026-12-08,2025-11-22,"5.35%",175,5.35,0
2026-12-08,2025-11-22,"5.60%",200,5.6,0
2026-12-08,2025-11-22,"5.85%",225,5.85,0
2026-12-08,2025-11-22,"6.10%",250,6.1,0
2026-12-08,2025-11-23,"0.10%",-300,0.1,0
2026-12-08,2025-11-23,"0.35%",-300,0.35,0
2026-12-08,2025-11-23,"0.60%",-300,0.6,0
2026-12-08,2025-11-23,"0.85%",-275,0.85,0
2026-12-08,2025-11-23,"1.10%",-250,1.1,0
2026-12-08,2025-11-23,"1.35%",-225,1.35,0
2026-12-08,2025-11-23,"1.60%",-200,1.6,0
2026-12-08,2025-11-23,"1.85%",-175,1.85,0
2026-12-08,2025-11-23,"2.10%",-150,2.1,0
2026-12-08,2025-11-23,"2.35%",-125,2.35,0
2026-12-08,2025-11-23,"2.60%",-100,2.6,0.0272378694416301
2026-12-08,2025-11-23,"2.85%",-75,2.85,0.0720145056395942
2026-12-08,2025-11-23,"3.10%",-50,3.1,0.140965737201305
2026-12-08,2025-11-23,"3.35%",-25,3.35,0.20432514932134
2026-12-08,2025-11-23,"3.60%",0,3.6,0.219322544881597
2026-12-08,2025-11-23,"3.85%",25,3.85,0.174343336046213
2026-12-08,2025-11-23,"4.10%",50,4.1,0.102627575231524
2026-12-08,2025-11-23,"4.35%",75,4.35,0.0447306360247664
2026-12-08,2025-11-23,"4.60%",100,4.6,0.0144326462120305
2026-12-08,2025-11-23,"4.85%",125,4.85,0
2026-12-08,2025-11-23,"5.10%",150,5.1,0
2026-12-08,2025-11-23,"5.35%",175,5.35,0
2026-12-08,2025-11-23,"5.60%",200,5.6,0
2026-12-08,2025-11-23,"5.85%",225,5.85,0
2026-12-08,2025-11-23,"6.10%",250,6.1,0
2026-12-08,2025-11-24,"0.10%",-300,0.1,0
2026-12-08,2025-11-24,"0.35%",-300,0.35,0
2026-12-08,2025-11-24,"0.60%",-300,0.6,0
2026-12-08,2025-11-24,"0.85%",-275,0.85,0
2026-12-08,2025-11-24,"1.10%",-250,1.1,0
2026-12-08,2025-11-24,"1.35%",-225,1.35,0
2026-12-08,2025-11-24,"1.60%",-200,1.6,0
2026-12-08,2025-11-24,"1.85%",-175,1.85,0
2026-12-08,2025-11-24,"2.10%",-150,2.1,0
2026-12-08,2025-11-24,"2.35%",-125,2.35,0
2026-12-08,2025-11-24,"2.60%",-100,2.6,0.0286198876549995
2026-12-08,2025-11-24,"2.85%",-75,2.85,0.0748740884727115
2026-12-08,2025-11-24,"3.10%",-50,3.1,0.144804600383311
2026-12-08,2025-11-24,"3.35%",-25,3.35,0.207056185411616
2026-12-08,2025-11-24,"3.60%",0,3.6,0.218920693173768
2026-12-08,2025-11-24,"3.85%",25,3.85,0.17115284172243
2026-12-08,2025-11-24,"4.10%",50,4.1,0.0989359211355827
2026-12-08,2025-11-24,"4.35%",75,4.35,0.0422804377460824
2026-12-08,2025-11-24,"4.60%",100,4.6,0.0133553442994984
2026-12-08,2025-11-24,"4.85%",125,4.85,0
2026-12-08,2025-11-24,"5.10%",150,5.1,0
2026-12-08,2025-11-24,"5.35%",175,5.35,0
2026-12-08,2025-11-24,"5.60%",200,5.6,0
2026-12-08,2025-11-24,"5.85%",225,5.85,0
2026-12-08,2025-11-24,"6.10%",250,6.1,0
2026-12-08,2025-11-25,"0.10%",-300,0.1,0
2026-12-08,2025-11-25,"0.35%",-300,0.35,0
2026-12-08,2025-11-25,"0.60%",-300,0.6,0
2026-12-08,2025-11-25,"0.85%",-275,0.85,0
2026-12-08,2025-11-25,"1.10%",-250,1.1,0
2026-12-08,2025-11-25,"1.35%",-225,1.35,0
2026-12-08,2025-11-25,"1.60%",-200,1.6,0
2026-12-08,2025-11-25,"1.85%",-175,1.85,0
2026-12-08,2025-11-25,"2.10%",-150,2.1,0
2026-12-08,2025-11-25,"2.35%",-125,2.35,0
2026-12-08,2025-11-25,"2.60%",-100,2.6,0
2026-12-08,2025-11-25,"2.85%",-75,2.85,0.0229629836448253
2026-12-08,2025-11-25,"3.10%",-50,3.1,0.0796737219395655
2026-12-08,2025-11-25,"3.35%",-25,3.35,0.178543823828732
2026-12-08,2025-11-25,"3.60%",0,3.6,0.258565491886793
2026-12-08,2025-11-25,"3.85%",25,3.85,0.242054658996757
2026-12-08,2025-11-25,"4.10%",50,4.1,0.146471002685221
2026-12-08,2025-11-25,"4.35%",75,4.35,0.0572693704190989
2026-12-08,2025-11-25,"4.60%",100,4.6,0.0144589465990076
2026-12-08,2025-11-25,"4.85%",125,4.85,0
2026-12-08,2025-11-25,"5.10%",150,5.1,0
2026-12-08,2025-11-25,"5.35%",175,5.35,0
2026-12-08,2025-11-25,"5.60%",200,5.6,0
2026-12-08,2025-11-25,"5.85%",225,5.85,0
2026-12-08,2025-11-25,"6.10%",250,6.1,0
2026-12-08,2025-11-26,"0.10%",-300,0.1,0
2026-12-08,2025-11-26,"0.35%",-300,0.35,0
2026-12-08,2025-11-26,"0.60%",-300,0.6,0
2026-12-08,2025-11-26,"0.85%",-275,0.85,0
2026-12-08,2025-11-26,"1.10%",-250,1.1,0
2026-12-08,2025-11-26,"1.35%",-225,1.35,0
2026-12-08,2025-11-26,"1.60%",-200,1.6,0
2026-12-08,2025-11-26,"1.85%",-175,1.85,0
2026-12-08,2025-11-26,"2.10%",-150,2.1,0
2026-12-08,2025-11-26,"2.35%",-125,2.35,0
2026-12-08,2025-11-26,"2.60%",-100,2.6,0.0131635507313811
2026-12-08,2025-11-26,"2.85%",-75,2.85,0.0434218239457637
2026-12-08,2025-11-26,"3.10%",-50,3.1,0.103856800101142
2026-12-08,2025-11-26,"3.35%",-25,3.35,0.180160324151986
2026-12-08,2025-11-26,"3.60%",0,3.6,0.226699128468427
2026-12-08,2025-11-26,"3.85%",25,3.85,0.206936196667729
2026-12-08,2025-11-26,"4.10%",50,4.1,0.137027351324786
2026-12-08,2025-11-26,"4.35%",75,4.35,0.065812735670638
2026-12-08,2025-11-26,"4.60%",100,4.6,0.0229220889381487
2026-12-08,2025-11-26,"4.85%",125,4.85,0
2026-12-08,2025-11-26,"5.10%",150,5.1,0
2026-12-08,2025-11-26,"5.35%",175,5.35,0
2026-12-08,2025-11-26,"5.60%",200,5.6,0
2026-12-08,2025-11-26,"5.85%",225,5.85,0
2026-12-08,2025-11-26,"6.10%",250,6.1,0
2026-12-08,2025-11-27,"0.10%",-300,0.1,0
2026-12-08,2025-11-27,"0.35%",-300,0.35,0
2026-12-08,2025-11-27,"0.60%",-300,0.6,0
2026-12-08,2025-11-27,"0.85%",-275,0.85,0
2026-12-08,2025-11-27,"1.10%",-250,1.1,0
2026-12-08,2025-11-27,"1.35%",-225,1.35,0
2026-12-08,2025-11-27,"1.60%",-200,1.6,0
2026-12-08,2025-11-27,"1.85%",-175,1.85,0
2026-12-08,2025-11-27,"2.10%",-150,2.1,0
2026-12-08,2025-11-27,"2.35%",-125,2.35,0
2026-12-08,2025-11-27,"2.60%",-100,2.6,0.0103419439524737
2026-12-08,2025-11-27,"2.85%",-75,2.85,0.0362871614064064
2026-12-08,2025-11-27,"3.10%",-50,3.1,0.0920702129962432
2026-12-08,2025-11-27,"3.35%",-25,3.35,0.168972153323844
2026-12-08,2025-11-27,"3.60%",0,3.6,0.224346194842479
2026-12-08,2025-11-27,"3.85%",25,3.85,0.215509794222444
2026-12-08,2025-11-27,"4.10%",50,4.1,0.14978031863482
2026-12-08,2025-11-27,"4.35%",75,4.35,0.0753068412095688
2026-12-08,2025-11-27,"4.60%",100,4.6,0.0273853794117214
2026-12-08,2025-11-27,"4.85%",125,4.85,0
2026-12-08,2025-11-27,"5.10%",150,5.1,0
2026-12-08,2025-11-27,"5.35%",175,5.35,0
2026-12-08,2025-11-27,"5.60%",200,5.6,0
2026-12-08,2025-11-27,"5.85%",225,5.85,0
2026-12-08,2025-11-27,"6.10%",250,6.1,0
2026-12-08,2025-11-28,"0.10%",-300,0.1,0
2026-12-08,2025-11-28,"0.35%",-300,0.35,0
2026-12-08,2025-11-28,"0.60%",-300,0.6,0
2026-12-08,2025-11-28,"0.85%",-275,0.85,0
2026-12-08,2025-11-28,"1.10%",-250,1.1,0
2026-12-08,2025-11-28,"1.35%",-225,1.35,0
2026-12-08,2025-11-28,"1.60%",-200,1.6,0
2026-12-08,2025-11-28,"1.85%",-175,1.85,0
2026-12-08,2025-11-28,"2.10%",-150,2.1,0
2026-12-08,2025-11-28,"2.35%",-125,2.35,0
2026-12-08,2025-11-28,"2.60%",-100,2.6,0
2026-12-08,2025-11-28,"2.85%",-75,2.85,0.0318833980012624
2026-12-08,2025-11-28,"3.10%",-50,3.1,0.0886309775109247
2026-12-08,2025-11-28,"3.35%",-25,3.35,0.172631170830065
2026-12-08,2025-11-28,"3.60%",0,3.6,0.235656077101136
2026-12-08,2025-11-28,"3.85%",25,3.85,0.225485230707531
2026-12-08,2025-11-28,"4.10%",50,4.1,0.151227172450141
2026-12-08,2025-11-28,"4.35%",75,4.35,0.0710795263101117
2026-12-08,2025-11-28,"4.60%",100,4.6,0.0234064470888277
2026-12-08,2025-11-28,"4.85%",125,4.85,0
2026-12-08,2025-11-28,"5.10%",150,5.1,0
2026-12-08,2025-11-28,"5.35%",175,5.35,0
2026-12-08,2025-11-28,"5.60%",200,5.6,0
2026-12-08,2025-11-28,"5.85%",225,5.85,0
2026-12-08,2025-11-28,"6.10%",250,6.1,0
2026-12-08,2025-11-29,"0.10%",-300,0.1,0
2026-12-08,2025-11-29,"0.35%",-300,0.35,0
2026-12-08,2025-11-29,"0.60%",-300,0.6,0
2026-12-08,2025-11-29,"0.85%",-275,0.85,0
2026-12-08,2025-11-29,"1.10%",-250,1.1,0
2026-12-08,2025-11-29,"1.35%",-225,1.35,0
2026-12-08,2025-11-29,"1.60%",-200,1.6,0
2026-12-08,2025-11-29,"1.85%",-175,1.85,0
2026-12-08,2025-11-29,"2.10%",-150,2.1,0
2026-12-08,2025-11-29,"2.35%",-125,2.35,0
2026-12-08,2025-11-29,"2.60%",-100,2.6,0
2026-12-08,2025-11-29,"2.85%",-75,2.85,0.03250362101153
2026-12-08,2025-11-29,"3.10%",-50,3.1,0.0892337494578958
2026-12-08,2025-11-29,"3.35%",-25,3.35,0.172396918942651
2026-12-08,2025-11-29,"3.60%",0,3.6,0.234444698919052
2026-12-08,2025-11-29,"3.85%",25,3.85,0.224446860811662
2026-12-08,2025-11-29,"4.10%",50,4.1,0.151266054061396
2026-12-08,2025-11-29,"4.35%",75,4.35,0.0717560114370256
2026-12-08,2025-11-29,"4.60%",100,4.6,0.0239520853587864
2026-12-08,2025-11-29,"4.85%",125,4.85,0
2026-12-08,2025-11-29,"5.10%",150,5.1,0
2026-12-08,2025-11-29,"5.35%",175,5.35,0
2026-12-08,2025-11-29,"5.60%",200,5.6,0
2026-12-08,2025-11-29,"5.85%",225,5.85,0
2026-12-08,2025-11-29,"6.10%",250,6.1,0
2026-12-08,2025-11-30,"0.10%",-300,0.1,0
2026-12-08,2025-11-30,"0.35%",-300,0.35,0
2026-12-08,2025-11-30,"0.60%",-300,0.6,0
2026-12-08,2025-11-30,"0.85%",-275,0.85,0
2026-12-08,2025-11-30,"1.10%",-250,1.1,0
2026-12-08,2025-11-30,"1.35%",-225,1.35,0
2026-12-08,2025-11-30,"1.60%",-200,1.6,0
2026-12-08,2025-11-30,"1.85%",-175,1.85,0
2026-12-08,2025-11-30,"2.10%",-150,2.1,0
2026-12-08,2025-11-30,"2.35%",-125,2.35,0
2026-12-08,2025-11-30,"2.60%",-100,2.6,0
2026-12-08,2025-11-30,"2.85%",-75,2.85,0.0294167690894548
2026-12-08,2025-11-30,"3.10%",-50,3.1,0.0825820335130973
2026-12-08,2025-11-30,"3.35%",-25,3.35,0.163840831910096
2026-12-08,2025-11-30,"3.60%",0,3.6,0.229779983580629
2026-12-08,2025-11-30,"3.85%",25,3.85,0.227829710799031
2026-12-08,2025-11-30,"4.10%",50,4.1,0.159703799649626
2026-12-08,2025-11-30,"4.35%",75,4.35,0.0791351679346426
2026-12-08,2025-11-30,"4.60%",100,4.6,0.0277117035234235
2026-12-08,2025-11-30,"4.85%",125,4.85,0
2026-12-08,2025-11-30,"5.10%",150,5.1,0
2026-12-08,2025-11-30,"5.35%",175,5.35,0
2026-12-08,2025-11-30,"5.60%",200,5.6,0
2026-12-08,2025-11-30,"5.85%",225,5.85,0
2026-12-08,2025-11-30,"6.10%",250,6.1,0
2026-12-08,2025-12-01,"0.10%",-300,0.1,0
2026-12-08,2025-12-01,"0.35%",-300,0.35,0
2026-12-08,2025-12-01,"0.60%",-300,0.6,0
2026-12-08,2025-12-01,"0.85%",-275,0.85,0
2026-12-08,2025-12-01,"1.10%",-250,1.1,0
2026-12-08,2025-12-01,"1.35%",-225,1.35,0
2026-12-08,2025-12-01,"1.60%",-200,1.6,0
2026-12-08,2025-12-01,"1.85%",-175,1.85,0
2026-12-08,2025-12-01,"2.10%",-150,2.1,0
2026-12-08,2025-12-01,"2.35%",-125,2.35,0
2026-12-08,2025-12-01,"2.60%",-100,2.6,0
2026-12-08,2025-12-01,"2.85%",-75,2.85,0.0259645444010329
2026-12-08,2025-12-01,"3.10%",-50,3.1,0.0750029260543345
2026-12-08,2025-12-01,"3.35%",-25,3.35,0.153755042891603
2026-12-08,2025-12-01,"3.60%",0,3.6,0.223739320339112
2026-12-08,2025-12-01,"3.85%",25,3.85,0.231140101152549
2026-12-08,2025-12-01,"4.10%",50,4.1,0.169524875628141
2026-12-08,2025-12-01,"4.35%",75,4.35,0.0882609094734612
2026-12-08,2025-12-01,"4.60%",100,4.6,0.0326122800597667
2026-12-08,2025-12-01,"4.85%",125,4.85,0
2026-12-08,2025-12-01,"5.10%",150,5.1,0
2026-12-08,2025-12-01,"5.35%",175,5.35,0
2026-12-08,2025-12-01,"5.60%",200,5.6,0
2026-12-08,2025-12-01,"5.85%",225,5.85,0
2026-12-08,2025-12-01,"6.10%",250,6.1,0
2026-12-08,2025-12-02,"0.10%",-300,0.1,0
2026-12-08,2025-12-02,"0.35%",-300,0.35,0
2026-12-08,2025-12-02,"0.60%",-300,0.6,0
2026-12-08,2025-12-02,"0.85%",-275,0.85,0
2026-12-08,2025-12-02,"1.10%",-250,1.1,0
2026-12-08,2025-12-02,"1.35%",-225,1.35,0
2026-12-08,2025-12-02,"1.60%",-200,1.6,0
2026-12-08,2025-12-02,"1.85%",-175,1.85,0
2026-12-08,2025-12-02,"2.10%",-150,2.1,0
2026-12-08,2025-12-02,"2.35%",-125,2.35,0
2026-12-08,2025-12-02,"2.60%",-100,2.6,0
2026-12-08,2025-12-02,"2.85%",-75,2.85,0.0242242883945535
2026-12-08,2025-12-02,"3.10%",-50,3.1,0.0652153539561861
2026-12-08,2025-12-02,"3.35%",-25,3.35,0.130893294087197
2026-12-08,2025-12-02,"3.60%",0,3.6,0.195893066016271
2026-12-08,2025-12-02,"3.85%",25,3.85,0.218621925499629
2026-12-08,2025-12-02,"4.10%",50,4.1,0.181950001304638
2026-12-08,2025-12-02,"4.35%",75,4.35,0.112921392002291
2026-12-08,2025-12-02,"4.60%",100,4.6,0.052254110541871
2026-12-08,2025-12-02,"4.85%",125,4.85,0.018026568197362
2026-12-08,2025-12-02,"5.10%",150,5.1,0
2026-12-08,2025-12-02,"5.35%",175,5.35,0
2026-12-08,2025-12-02,"5.60%",200,5.6,0
2026-12-08,2025-12-02,"5.85%",225,5.85,0
2026-12-08,2025-12-02,"6.10%",250,6.1,0
2026-12-08,2025-12-03,"0.10%",-300,0.1,0
2026-12-08,2025-12-03,"0.35%",-300,0.35,0
2026-12-08,2025-12-03,"0.60%",-300,0.6,0
2026-12-08,2025-12-03,"0.85%",-275,0.85,0
2026-12-08,2025-12-03,"1.10%",-250,1.1,0
2026-12-08,2025-12-03,"1.35%",-225,1.35,0
2026-12-08,2025-12-03,"1.60%",-200,1.6,0
2026-12-08,2025-12-03,"1.85%",-175,1.85,0
2026-12-08,2025-12-03,"2.10%",-150,2.1,0
2026-12-08,2025-12-03,"2.35%",-125,2.35,0
2026-12-08,2025-12-03,"2.60%",-100,2.6,0
2026-12-08,2025-12-03,"2.85%",-75,2.85,0.0183939963214511
2026-12-08,2025-12-03,"3.10%",-50,3.1,0.0544316106427878
2026-12-08,2025-12-03,"3.35%",-25,3.35,0.118477888028178
2026-12-08,2025-12-03,"3.60%",0,3.6,0.189721860706101
2026-12-08,2025-12-03,"3.85%",25,3.85,0.223533791395752
2026-12-08,2025-12-03,"4.10%",50,4.1,0.19379075668086
2026-12-08,2025-12-03,"4.35%",75,4.35,0.123614960089223
2026-12-08,2025-12-03,"4.60%",100,4.6,0.0580106295773042
2026-12-08,2025-12-03,"4.85%",125,4.85,0.0200245065583429
2026-12-08,2025-12-03,"5.10%",150,5.1,0
2026-12-08,2025-12-03,"5.35%",175,5.35,0
2026-12-08,2025-12-03,"5.60%",200,5.6,0
2026-12-08,2025-12-03,"5.85%",225,5.85,0
2026-12-08,2025-12-03,"6.10%",250,6.1,0
2026-12-08,2025-12-04,"0.10%",-300,0.1,0
2026-12-08,2025-12-04,"0.35%",-300,0.35,0
2026-12-08,2025-12-04,"0.60%",-300,0.6,0
2026-12-08,2025-12-04,"0.85%",-275,0.85,0
2026-12-08,2025-12-04,"1.10%",-250,1.1,0
2026-12-08,2025-12-04,"1.35%",-225,1.35,0
2026-12-08,2025-12-04,"1.60%",-200,1.6,0
2026-12-08,2025-12-04,"1.85%",-175,1.85,0
2026-12-08,2025-12-04,"2.10%",-150,2.1,0
2026-12-08,2025-12-04,"2.35%",-125,2.35,0
2026-12-08,2025-12-04,"2.60%",-100,2.6,0
2026-12-08,2025-12-04,"2.85%",-75,2.85,0
2026-12-08,2025-12-04,"3.10%",-50,3.1,0.0379730822455334
2026-12-08,2025-12-04,"3.35%",-25,3.35,0.100091399549804
2026-12-08,2025-12-04,"3.60%",0,3.6,0.184930827486918
2026-12-08,2025-12-04,"3.85%",25,3.85,0.23956193611621
2026-12-08,2025-12-04,"4.10%",50,4.1,0.217604251607825
2026-12-08,2025-12-04,"4.35%",75,4.35,0.138592958194223
2026-12-08,2025-12-04,"4.60%",100,4.6,0.061881585017925
2026-12-08,2025-12-04,"4.85%",125,4.85,0.0193639597815625
2026-12-08,2025-12-04,"5.10%",150,5.1,0
2026-12-08,2025-12-04,"5.35%",175,5.35,0
2026-12-08,2025-12-04,"5.60%",200,5.6,0
2026-12-08,2025-12-04,"5.85%",225,5.85,0
2026-12-08,2025-12-04,"6.10%",250,6.1,0
2026-12-08,2025-12-05,"0.10%",-300,0.1,0
2026-12-08,2025-12-05,"0.35%",-300,0.35,0
2026-12-08,2025-12-05,"0.60%",-300,0.6,0
2026-12-08,2025-12-05,"0.85%",-275,0.85,0
2026-12-08,2025-12-05,"1.10%",-250,1.1,0
2026-12-08,2025-12-05,"1.35%",-225,1.35,0
2026-12-08,2025-12-05,"1.60%",-200,1.6,0
2026-12-08,2025-12-05,"1.85%",-175,1.85,0
2026-12-08,2025-12-05,"2.10%",-150,2.1,0
2026-12-08,2025-12-05,"2.35%",-125,2.35,0
2026-12-08,2025-12-05,"2.60%",-100,2.6,0
2026-12-08,2025-12-05,"2.85%",-75,2.85,0.0260121179463463
2026-12-08,2025-12-05,"3.10%",-50,3.1,0.0598794024299173
2026-12-08,2025-12-05,"3.35%",-25,3.35,0.110217868821223
2026-12-08,2025-12-05,"3.60%",0,3.6,0.162227530761917
2026-12-08,2025-12-05,"3.85%",25,3.85,0.190946345925092
2026-12-08,2025-12-05,"4.10%",50,4.1,0.179729477237281
2026-12-08,2025-12-05,"4.35%",75,4.35,0.135283820851361
2026-12-08,2025-12-05,"4.60%",100,4.6,0.0814289795682968
2026-12-08,2025-12-05,"4.85%",125,4.85,0.0391920115238609
2026-12-08,2025-12-05,"5.10%",150,5.1,0.0150824449347052
2026-12-08,2025-12-05,"5.35%",175,5.35,0
2026-12-08,2025-12-05,"5.60%",200,5.6,0
2026-12-08,2025-12-05,"5.85%",225,5.85,0
2026-12-08,2025-12-05,"6.10%",250,6.1,0
2026-12-08,2025-12-06,"0.10%",-300,0.1,0
2026-12-08,2025-12-06,"0.35%",-300,0.35,0
2026-12-08,2025-12-06,"0.60%",-300,0.6,0
2026-12-08,2025-12-06,"0.85%",-275,0.85,0
2026-12-08,2025-12-06,"1.10%",-250,1.1,0
2026-12-08,2025-12-06,"1.35%",-225,1.35,0
2026-12-08,2025-12-06,"1.60%",-200,1.6,0
2026-12-08,2025-12-06,"1.85%",-175,1.85,0
2026-12-08,2025-12-06,"2.10%",-150,2.1,0
2026-12-08,2025-12-06,"2.35%",-125,2.35,0
2026-12-08,2025-12-06,"2.60%",-100,2.6,0.0148618554814969
2026-12-08,2025-12-06,"2.85%",-75,2.85,0.0346868279774893
2026-12-08,2025-12-06,"3.10%",-50,3.1,0.0676708914320227
2026-12-08,2025-12-06,"3.35%",-25,3.35,0.110356764192712
2026-12-08,2025-12-06,"3.60%",0,3.6,0.150440988547047
2026-12-08,2025-12-06,"3.85%",25,3.85,0.171439239641268
2026-12-08,2025-12-06,"4.10%",50,4.1,0.163317961200847
2026-12-08,2025-12-06,"4.35%",75,4.35,0.130057762746367
2026-12-08,2025-12-06,"4.60%",100,4.6,0.08657894676582
2026-12-08,2025-12-06,"4.85%",125,4.85,0.0481785021510996
2026-12-08,2025-12-06,"5.10%",150,5.1,0.0224102598638299
2026-12-08,2025-12-06,"5.35%",175,5.35,0
2026-12-08,2025-12-06,"5.60%",200,5.6,0
2026-12-08,2025-12-06,"5.85%",225,5.85,0
2026-12-08,2025-12-06,"6.10%",250,6.1,0
2026-12-08,2025-12-07,"0.10%",-300,0.1,0
2026-12-08,2025-12-07,"0.35%",-300,0.35,0
2026-12-08,2025-12-07,"0.60%",-300,0.6,0
2026-12-08,2025-12-07,"0.85%",-275,0.85,0
2026-12-08,2025-12-07,"1.10%",-250,1.1,0
2026-12-08,2025-12-07,"1.35%",-225,1.35,0
2026-12-08,2025-12-07,"1.60%",-200,1.6,0
2026-12-08,2025-12-07,"1.85%",-175,1.85,0
2026-12-08,2025-12-07,"2.10%",-150,2.1,0
2026-12-08,2025-12-07,"2.35%",-125,2.35,0
2026-12-08,2025-12-07,"2.60%",-100,2.6,0.0190312903166915
2026-12-08,2025-12-07,"2.85%",-75,2.85,0.038813933925938
2026-12-08,2025-12-07,"3.10%",-50,3.1,0.0683501322090973
2026-12-08,2025-12-07,"3.35%",-25,3.35,0.103927350792854
2026-12-08,2025-12-07,"3.60%",0,3.6,0.136447018324435
2026-12-08,2025-12-07,"3.85%",25,3.85,0.154683910699532
2026-12-08,2025-12-07,"4.10%",50,4.1,0.151416994470222
2026-12-08,2025-12-07,"4.35%",75,4.35,0.127982983886796
2026-12-08,2025-12-07,"4.60%",100,4.6,0.0934062606060948
2026-12-08,2025-12-07,"4.85%",125,4.85,0.0588629718244984
2026-12-08,2025-12-07,"5.10%",150,5.1,0.0320291527650809
2026-12-08,2025-12-07,"5.35%",175,5.35,0.0150480001787604
2026-12-08,2025-12-07,"5.60%",200,5.6,0
2026-12-08,2025-12-07,"5.85%",225,5.85,0
2026-12-08,2025-12-07,"6.10%",250,6.1,0
2026-12-08,2025-12-08,"0.10%",-300,0.1,0
2026-12-08,2025-12-08,"0.35%",-300,0.35,0
2026-12-08,2025-12-08,"0.60%",-300,0.6,0
2026-12-08,2025-12-08,"0.85%",-275,0.85,0
2026-12-08,2025-12-08,"1.10%",-250,1.1,0
2026-12-08,2025-12-08,"1.35%",-225,1.35,0
2026-12-08,2025-12-08,"1.60%",-200,1.6,0
2026-12-08,2025-12-08,"1.85%",-175,1.85,0
2026-12-08,2025-12-08,"2.10%",-150,2.1,0
2026-12-08,2025-12-08,"2.35%",-125,2.35,0
2026-12-08,2025-12-08,"2.60%",-100,2.6,0.0168298118075355
2026-12-08,2025-12-08,"2.85%",-75,2.85,0.0326393173389157
2026-12-08,2025-12-08,"3.10%",-50,3.1,0.0560047289212745
2026-12-08,2025-12-08,"3.35%",-25,3.35,0.0850224786466982
2026-12-08,2025-12-08,"3.60%",0,3.6,0.11420130496174
2026-12-08,2025-12-08,"3.85%",25,3.85,0.13571836402578
2026-12-08,2025-12-08,"4.10%",50,4.1,0.142704473161936
2026-12-08,2025-12-08,"4.35%",75,4.35,0.132760329414195
2026-12-08,2025-12-08,"4.60%",100,4.6,0.109277393327623
2026-12-08,2025-12-08,"4.85%",125,4.85,0.0795833611378314
2026-12-08,2025-12-08,"5.10%",150,5.1,0.0512792923328886
2026-12-08,2025-12-08,"5.35%",175,5.35,0.0292338899446897
2026-12-08,2025-12-08,"5.60%",200,5.6,0.0147452549788923
2026-12-08,2025-12-08,"5.85%",225,5.85,0
2026-12-08,2025-12-08,"6.10%",250,6.1,0
2026-12-08,2025-12-09,"0.10%",-300,0.1,0
2026-12-08,2025-12-09,"0.35%",-300,0.35,0
2026-12-08,2025-12-09,"0.60%",-300,0.6,0
2026-12-08,2025-12-09,"0.85%",-275,0.85,0
2026-12-08,2025-12-09,"1.10%",-250,1.1,0
2026-12-08,2025-12-09,"1.35%",-225,1.35,0
2026-12-08,2025-12-09,"1.60%",-200,1.6,0
2026-12-08,2025-12-09,"1.85%",-175,1.85,0
2026-12-08,2025-12-09,"2.10%",-150,2.1,0
2026-12-08,2025-12-09,"2.35%",-125,2.35,0
2026-12-08,2025-12-09,"2.60%",-100,2.6,0
2026-12-08,2025-12-09,"2.85%",-75,2.85,0
2026-12-08,2025-12-09,"3.10%",-50,3.1,0.0227508360181716
2026-12-08,2025-12-09,"3.35%",-25,3.35,0.0588369215506069
2026-12-08,2025-12-09,"3.60%",0,3.6,0.116846306896474
2026-12-08,2025-12-09,"3.85%",25,3.85,0.178212899985112
2026-12-08,2025-12-09,"4.10%",50,4.1,0.20876214978113
2026-12-08,2025-12-09,"4.35%",75,4.35,0.187829589537943
2026-12-08,2025-12-09,"4.60%",100,4.6,0.12979812827117
2026-12-08,2025-12-09,"4.85%",125,4.85,0.0688873081722533
2026-12-08,2025-12-09,"5.10%",150,5.1,0.0280758597871385
2026-12-08,2025-12-09,"5.35%",175,5.35,0
2026-12-08,2025-12-09,"5.60%",200,5.6,0
2026-12-08,2025-12-09,"5.85%",225,5.85,0
2026-12-08,2025-12-09,"6.10%",250,6.1,0
2026-12-08,2025-12-10,"0.10%",-300,0.1,0
2026-12-08,2025-12-10,"0.35%",-300,0.35,0
2026-12-08,2025-12-10,"0.60%",-300,0.6,0
2026-12-08,2025-12-10,"0.85%",-275,0.85,0
2026-12-08,2025-12-10,"1.10%",-250,1.1,0
2026-12-08,2025-12-10,"1.35%",-225,1.35,0
2026-12-08,2025-12-10,"1.60%",-200,1.6,0
2026-12-08,2025-12-10,"1.85%",-175,1.85,0
2026-12-08,2025-12-10,"2.10%",-150,2.1,0
2026-12-08,2025-12-10,"2.35%",-125,2.35,0
2026-12-08,2025-12-10,"2.60%",-100,2.6,0
2026-12-08,2025-12-10,"2.85%",-75,2.85,0.0122539856693115
2026-12-08,2025-12-10,"3.10%",-50,3.1,0.0358256879288209
2026-12-08,2025-12-10,"3.35%",-25,3.35,0.0810457848911476
2026-12-08,2025-12-10,"3.60%",0,3.6,0.14188450359741
2026-12-08,2025-12-10,"3.85%",25,3.85,0.192239825945848
2026-12-08,2025-12-10,"4.10%",50,4.1,0.201592831528076
2026-12-08,2025-12-10,"4.35%",75,4.35,0.163618795500703
2026-12-08,2025-12-10,"4.60%",100,4.6,0.102778970336162
2026-12-08,2025-12-10,"4.85%",125,4.85,0.0499641860727737
2026-12-08,2025-12-10,"5.10%",150,5.1,0.018795428529746
2026-12-08,2025-12-10,"5.35%",175,5.35,0
2026-12-08,2025-12-10,"5.60%",200,5.6,0
2026-12-08,2025-12-10,"5.85%",225,5.85,0
2026-12-08,2025-12-10,"6.10%",250,6.1,0
2026-12-08,2025-12-11,"0.10%",-300,0.1,0
2026-12-08,2025-12-11,"0.35%",-300,0.35,0
2026-12-08,2025-12-11,"0.60%",-300,0.6,0
2026-12-08,2025-12-11,"0.85%",-275,0.85,0
2026-12-08,2025-12-11,"1.10%",-250,1.1,0
2026-12-08,2025-12-11,"1.35%",-225,1.35,0
2026-12-08,2025-12-11,"1.60%",-200,1.6,0
2026-12-08,2025-12-11,"1.85%",-175,1.85,0
2026-12-08,2025-12-11,"2.10%",-150,2.1,0
2026-12-08,2025-12-11,"2.35%",-125,2.35,0
2026-12-08,2025-12-11,"2.60%",-100,2.6,0
2026-12-08,2025-12-11,"2.85%",-75,2.85,0.0107742268611478
2026-12-08,2025-12-11,"3.10%",-50,3.1,0.0345617587412217
2026-12-08,2025-12-11,"3.35%",-25,3.35,0.0832682664168283
2026-12-08,2025-12-11,"3.60%",0,3.6,0.150699467189557
2026-12-08,2025-12-11,"3.85%",25,3.85,0.204901169717971
2026-12-08,2025-12-11,"4.10%",50,4.1,0.209317336473057
2026-12-08,2025-12-11,"4.35%",75,4.35,0.160655621859736
2026-12-08,2025-12-11,"4.60%",100,4.6,0.092638791080435
2026-12-08,2025-12-11,"4.85%",125,4.85,0.0401280061881479
2026-12-08,2025-12-11,"5.10%",150,5.1,0.0130553554718991
2026-12-08,2025-12-11,"5.35%",175,5.35,0
2026-12-08,2025-12-11,"5.60%",200,5.6,0
2026-12-08,2025-12-11,"5.85%",225,5.85,0
2026-12-08,2025-12-11,"6.10%",250,6.1,0
2026-12-08,2025-12-12,"0.10%",-300,0.1,0
2026-12-08,2025-12-12,"0.35%",-300,0.35,0
2026-12-08,2025-12-12,"0.60%",-300,0.6,0
2026-12-08,2025-12-12,"0.85%",-275,0.85,0
2026-12-08,2025-12-12,"1.10%",-250,1.1,0
2026-12-08,2025-12-12,"1.35%",-225,1.35,0
2026-12-08,2025-12-12,"1.60%",-200,1.6,0
2026-12-08,2025-12-12,"1.85%",-175,1.85,0
2026-12-08,2025-12-12,"2.10%",-150,2.1,0
2026-12-08,2025-12-12,"2.35%",-125,2.35,0
2026-12-08,2025-12-12,"2.60%",-100,2.6,0
2026-12-08,2025-12-12,"2.85%",-75,2.85,0.0117710937660963
2026-12-08,2025-12-12,"3.10%",-50,3.1,0.0362413077276634
2026-12-08,2025-12-12,"3.35%",-25,3.35,0.0846546671807072
2026-12-08,2025-12-12,"3.60%",0,3.6,0.150045401742172
2026-12-08,2025-12-12,"3.85%",25,3.85,0.201820040054333
2026-12-08,2025-12-12,"4.10%",50,4.1,0.206015313959682
2026-12-08,2025-12-12,"4.35%",75,4.35,0.159598940522545
2026-12-08,2025-12-12,"4.60%",100,4.6,0.0938286024442405
2026-12-08,2025-12-12,"4.85%",125,4.85,0.0418574962553875
2026-12-08,2025-12-12,"5.10%",150,5.1,0.0141671363471727
2026-12-08,2025-12-12,"5.35%",175,5.35,0
2026-12-08,2025-12-12,"5.60%",200,5.6,0
2026-12-08,2025-12-12,"5.85%",225,5.85,0
2026-12-08,2025-12-12,"6.10%",250,6.1,0
