"meeting_date","scrape_date","move","diff_bps","bucket_rate","probability"
2026-09-29,2025-05-01,"0.10%",-300,0.1,0
2026-09-29,2025-05-01,"0.35%",-300,0.35,0
2026-09-29,2025-05-01,"0.60%",-300,0.6,0
2026-09-29,2025-05-01,"0.85%",-275,0.85,0
2026-09-29,2025-05-01,"1.10%",-250,1.1,0
2026-09-29,2025-05-01,"1.35%",-225,1.35,0
2026-09-29,2025-05-01,"1.60%",-200,1.6,0.0178734958065705
2026-09-29,2025-05-01,"1.85%",-175,1.85,0.0410427707623175
2026-09-29,2025-05-01,"2.10%",-150,2.1,0.0781503583923955
2026-09-29,2025-05-01,"2.35%",-125,2.35,0.12339792239631
2026-09-29,2025-05-01,"2.60%",-100,2.6,0.161576585530384
2026-09-29,2025-05-01,"2.85%",-75,2.85,0.175448375978889
2026-09-29,2025-05-01,"3.10%",-50,3.1,0.157987478264238
2026-09-29,2025-05-01,"3.35%",-25,3.35,0.11797657221936
2026-09-29,2025-05-01,"3.60%",0,3.6,0.0730569409271119
2026-09-29,2025-05-01,"3.85%",25,3.85,0.0375152750426891
2026-09-29,2025-05-01,"4.10%",50,4.1,0.0159742246797331
2026-09-29,2025-05-01,"4.35%",75,4.35,0
2026-09-29,2025-05-01,"4.60%",100,4.6,0
2026-09-29,2025-05-01,"4.85%",125,4.85,0
2026-09-29,2025-05-01,"5.10%",150,5.1,0
2026-09-29,2025-05-01,"5.35%",175,5.35,0
2026-09-29,2025-05-01,"5.60%",200,5.6,0
2026-09-29,2025-05-01,"5.85%",225,5.85,0
2026-09-29,2025-05-01,"6.10%",250,6.1,0
2026-09-29,2025-05-02,"0.10%",-300,0.1,0
2026-09-29,2025-05-02,"0.35%",-300,0.35,0
2026-09-29,2025-05-02,"0.60%",-300,0.6,0
2026-09-29,2025-05-02,"0.85%",-275,0.85,0
2026-09-29,2025-05-02,"1.10%",-250,1.1,0
2026-09-29,2025-05-02,"1.35%",-225,1.35,0
2026-09-29,2025-05-02,"1.60%",-200,1.6,0.0172612265122287
2026-09-29,2025-05-02,"1.85%",-175,1.85,0.0383520315694423
2026-09-29,2025-05-02,"2.10%",-150,2.1,0.0717936937944842
2026-09-29,2025-05-02,"2.35%",-125,2.35,0.113234018524353
2026-09-29,2025-05-02,"2.60%",-100,2.6,0.150476513161422
2026-09-29,2025-05-02,"2.85%",-75,2.85,0.168487249971893
2026-09-29,2025-05-02,"3.10%",-50,3.1,0.158954938503339
2026-09-29,2025-05-02,"3.35%",-25,3.35,0.126353875747435
2026-09-29,2025-05-02,"3.60%",0,3.6,0.0846264930649596
2026-09-29,2025-05-02,"3.85%",25,3.85,0.0477551117591118
2026-09-29,2025-05-02,"4.10%",50,4.1,0.0227048473913311
2026-09-29,2025-05-02,"4.35%",75,4.35,0
2026-09-29,2025-05-02,"4.60%",100,4.6,0
2026-09-29,2025-05-02,"4.85%",125,4.85,0
2026-09-29,2025-05-02,"5.10%",150,5.1,0
2026-09-29,2025-05-02,"5.35%",175,5.35,0
2026-09-29,2025-05-02,"5.60%",200,5.6,0
2026-09-29,2025-05-02,"5.85%",225,5.85,0
2026-09-29,2025-05-02,"6.10%",250,6.1,0
2026-09-29,2025-05-05,"0.10%",-300,0.1,0
2026-09-29,2025-05-05,"0.35%",-300,0.35,0
2026-09-29,2025-05-05,"0.60%",-300,0.6,0
2026-09-29,2025-05-05,"0.85%",-275,0.85,0
2026-09-29,2025-05-05,"1.10%",-250,1.1,0
2026-09-29,2025-05-05,"1.35%",-225,1.35,0
2026-09-29,2025-05-05,"1.60%",-200,1.6,0.0158040062456077
2026-09-29,2025-05-05,"1.85%",-175,1.85,0.0341434809334239
2026-09-29,2025-05-05,"2.10%",-150,2.1,0.0631521495233103
2026-09-29,2025-05-05,"2.35%",-125,2.35,0.100003822123131
2026-09-29,2025-05-05,"2.60%",-100,2.6,0.135581217302047
2026-09-29,2025-05-05,"2.85%",-75,2.85,0.15737696692474
2026-09-29,2025-05-05,"3.10%",-50,3.1,0.156402473092491
2026-09-29,2025-05-05,"3.35%",-25,3.35,0.133078156629756
2026-09-29,2025-05-05,"3.60%",0,3.6,0.0969456637582372
2026-09-29,2025-05-05,"3.85%",25,3.85,0.0604649972541592
2026-09-29,2025-05-05,"4.10%",50,4.1,0.0322869639998631
2026-09-29,2025-05-05,"4.35%",75,4.35,0.0147601022132334
2026-09-29,2025-05-05,"4.60%",100,4.6,0
2026-09-29,2025-05-05,"4.85%",125,4.85,0
2026-09-29,2025-05-05,"5.10%",150,5.1,0
2026-09-29,2025-05-05,"5.35%",175,5.35,0
2026-09-29,2025-05-05,"5.60%",200,5.6,0
2026-09-29,2025-05-05,"5.85%",225,5.85,0
2026-09-29,2025-05-05,"6.10%",250,6.1,0
2026-09-29,2025-05-06,"0.10%",-300,0.1,0
2026-09-29,2025-05-06,"0.35%",-300,0.35,0
2026-09-29,2025-05-06,"0.60%",-300,0.6,0
2026-09-29,2025-05-06,"0.85%",-275,0.85,0
2026-09-29,2025-05-06,"1.10%",-250,1.1,0
2026-09-29,2025-05-06,"1.35%",-225,1.35,0
2026-09-29,2025-05-06,"1.60%",-200,1.6,0
2026-09-29,2025-05-06,"1.85%",-175,1.85,0.0189038510802021
2026-09-29,2025-05-06,"2.10%",-150,2.1,0.0457411994671841
2026-09-29,2025-05-06,"2.35%",-125,2.35,0.089400638213344
2026-09-29,2025-05-06,"2.60%",-100,2.6,0.141147556687102
2026-09-29,2025-05-06,"2.85%",-75,2.85,0.180020667955535
2026-09-29,2025-05-06,"3.10%",-50,3.1,0.185479780135014
2026-09-29,2025-05-06,"3.35%",-25,3.35,0.154382147883634
2026-09-29,2025-05-06,"3.60%",0,3.6,0.103804726644727
2026-09-29,2025-05-06,"3.85%",25,3.85,0.0563822302049503
2026-09-29,2025-05-06,"4.10%",50,4.1,0.0247372017283086
2026-09-29,2025-05-06,"4.35%",75,4.35,0
2026-09-29,2025-05-06,"4.60%",100,4.6,0
2026-09-29,2025-05-06,"4.85%",125,4.85,0
2026-09-29,2025-05-06,"5.10%",150,5.1,0
2026-09-29,2025-05-06,"5.35%",175,5.35,0
2026-09-29,2025-05-06,"5.60%",200,5.6,0
2026-09-29,2025-05-06,"5.85%",225,5.85,0
2026-09-29,2025-05-06,"6.10%",250,6.1,0
2026-09-29,2025-05-07,"0.10%",-300,0.1,0
2026-09-29,2025-05-07,"0.35%",-300,0.35,0
2026-09-29,2025-05-07,"0.60%",-300,0.6,0
2026-09-29,2025-05-07,"0.85%",-275,0.85,0
2026-09-29,2025-05-07,"1.10%",-250,1.1,0
2026-09-29,2025-05-07,"1.35%",-225,1.35,0
2026-09-29,2025-05-07,"1.60%",-200,1.6,0.0137464114819005
2026-09-29,2025-05-07,"1.85%",-175,1.85,0.0319686332816249
2026-09-29,2025-05-07,"2.10%",-150,2.1,0.0625360794575493
2026-09-29,2025-05-07,"2.35%",-125,2.35,0.102901495193904
2026-09-29,2025-05-07,"2.60%",-100,2.6,0.14243170733531
2026-09-29,2025-05-07,"2.85%",-75,2.85,0.165841001980987
2026-09-29,2025-05-07,"3.10%",-50,3.1,0.162435272593217
2026-09-29,2025-05-07,"3.35%",-25,3.35,0.133835572749479
2026-09-29,2025-05-07,"3.60%",0,3.6,0.0927602292810042
2026-09-29,2025-05-07,"3.85%",25,3.85,0.05408091539633
2026-09-29,2025-05-07,"4.10%",50,4.1,0.0265221031597617
2026-09-29,2025-05-07,"4.35%",75,4.35,0.0109405780889332
2026-09-29,2025-05-07,"4.60%",100,4.6,0
2026-09-29,2025-05-07,"4.85%",125,4.85,0
2026-09-29,2025-05-07,"5.10%",150,5.1,0
2026-09-29,2025-05-07,"5.35%",175,5.35,0
2026-09-29,2025-05-07,"5.60%",200,5.6,0
2026-09-29,2025-05-07,"5.85%",225,5.85,0
2026-09-29,2025-05-07,"6.10%",250,6.1,0
2026-09-29,2025-05-08,"0.10%",-300,0.1,0
2026-09-29,2025-05-08,"0.35%",-300,0.35,0
2026-09-29,2025-05-08,"0.60%",-300,0.6,0
2026-09-29,2025-05-08,"0.85%",-275,0.85,0
2026-09-29,2025-05-08,"1.10%",-250,1.1,0
2026-09-29,2025-05-08,"1.35%",-225,1.35,0
2026-09-29,2025-05-08,"1.60%",-200,1.6,0
2026-09-29,2025-05-08,"1.85%",-175,1.85,0.0211160672885764
2026-09-29,2025-05-08,"2.10%",-150,2.1,0.0499580093139035
2026-09-29,2025-05-08,"2.35%",-125,2.35,0.0953974454156827
2026-09-29,2025-05-08,"2.60%",-100,2.6,0.147038563804193
2026-09-29,2025-05-08,"2.85%",-75,2.85,0.182938266254784
2026-09-29,2025-05-08,"3.10%",-50,3.1,0.183723534580774
2026-09-29,2025-05-08,"3.35%",-25,3.35,0.148940261349186
2026-09-29,2025-05-08,"3.60%",0,3.6,0.0974627603354213
2026-09-29,2025-05-08,"3.85%",25,3.85,0.0514788660101539
2026-09-29,2025-05-08,"4.10%",50,4.1,0.0219462256473255
2026-09-29,2025-05-08,"4.35%",75,4.35,0
2026-09-29,2025-05-08,"4.60%",100,4.6,0
2026-09-29,2025-05-08,"4.85%",125,4.85,0
2026-09-29,2025-05-08,"5.10%",150,5.1,0
2026-09-29,2025-05-08,"5.35%",175,5.35,0
2026-09-29,2025-05-08,"5.60%",200,5.6,0
2026-09-29,2025-05-08,"5.85%",225,5.85,0
2026-09-29,2025-05-08,"6.10%",250,6.1,0
2026-09-29,2025-05-09,"0.10%",-300,0.1,0
2026-09-29,2025-05-09,"0.35%",-300,0.35,0
2026-09-29,2025-05-09,"0.60%",-300,0.6,0
2026-09-29,2025-05-09,"0.85%",-275,0.85,0
2026-09-29,2025-05-09,"1.10%",-250,1.1,0
2026-09-29,2025-05-09,"1.35%",-225,1.35,0
2026-09-29,2025-05-09,"1.60%",-200,1.6,0.0107715110524351
2026-09-29,2025-05-09,"1.85%",-175,1.85,0.0259529252023038
2026-09-29,2025-05-09,"2.10%",-150,2.1,0.0527653084269519
2026-09-29,2025-05-09,"2.35%",-125,2.35,0.0905264878676394
2026-09-29,2025-05-09,"2.60%",-100,2.6,0.131062241465194
2026-09-29,2025-05-09,"2.85%",-75,2.85,0.160125675865817
2026-09-29,2025-05-09,"3.10%",-50,3.1,0.165093319641607
2026-09-29,2025-05-09,"3.35%",-25,3.35,0.143642755194571
2026-09-29,2025-05-09,"3.60%",0,3.6,0.105468093927658
2026-09-29,2025-05-09,"3.85%",25,3.85,0.0653485521263335
2026-09-29,2025-05-09,"4.10%",50,4.1,0.0341680107332178
2026-09-29,2025-05-09,"4.35%",75,4.35,0.015075118496272
2026-09-29,2025-05-09,"4.60%",100,4.6,0
2026-09-29,2025-05-09,"4.85%",125,4.85,0
2026-09-29,2025-05-09,"5.10%",150,5.1,0
2026-09-29,2025-05-09,"5.35%",175,5.35,0
2026-09-29,2025-05-09,"5.60%",200,5.6,0
2026-09-29,2025-05-09,"5.85%",225,5.85,0
2026-09-29,2025-05-09,"6.10%",250,6.1,0
2026-09-29,2025-05-12,"0.10%",-300,0.1,0
2026-09-29,2025-05-12,"0.35%",-300,0.35,0
2026-09-29,2025-05-12,"0.60%",-300,0.6,0
2026-09-29,2025-05-12,"0.85%",-275,0.85,0
2026-09-29,2025-05-12,"1.10%",-250,1.1,0
2026-09-29,2025-05-12,"1.35%",-225,1.35,0
2026-09-29,2025-05-12,"1.60%",-200,1.6,0
2026-09-29,2025-05-12,"1.85%",-175,1.85,0.0226653922976748
2026-09-29,2025-05-12,"2.10%",-150,2.1,0.0472941689706217
2026-09-29,2025-05-12,"2.35%",-125,2.35,0.0834270015013404
2026-09-29,2025-05-12,"2.60%",-100,2.6,0.12441427104499
2026-09-29,2025-05-12,"2.85%",-75,2.85,0.156857511330977
2026-09-29,2025-05-12,"3.10%",-50,3.1,0.167192236487919
2026-09-29,2025-05-12,"3.35%",-25,3.35,0.15066198894207
2026-09-29,2025-05-12,"3.60%",0,3.6,0.114780003844567
2026-09-29,2025-05-12,"3.85%",25,3.85,0.0739262891015981
2026-09-29,2025-05-12,"4.10%",50,4.1,0.0402526053544538
2026-09-29,2025-05-12,"4.35%",75,4.35,0.018528531123788
2026-09-29,2025-05-12,"4.60%",100,4.6,0
2026-09-29,2025-05-12,"4.85%",125,4.85,0
2026-09-29,2025-05-12,"5.10%",150,5.1,0
2026-09-29,2025-05-12,"5.35%",175,5.35,0
2026-09-29,2025-05-12,"5.60%",200,5.6,0
2026-09-29,2025-05-12,"5.85%",225,5.85,0
2026-09-29,2025-05-12,"6.10%",250,6.1,0
2026-09-29,2025-05-13,"0.10%",-300,0.1,0
2026-09-29,2025-05-13,"0.35%",-300,0.35,0
2026-09-29,2025-05-13,"0.60%",-300,0.6,0
2026-09-29,2025-05-13,"0.85%",-275,0.85,0
2026-09-29,2025-05-13,"1.10%",-250,1.1,0
2026-09-29,2025-05-13,"1.35%",-225,1.35,0
2026-09-29,2025-05-13,"1.60%",-200,1.6,0
2026-09-29,2025-05-13,"1.85%",-175,1.85,0.0136950165574051
2026-09-29,2025-05-13,"2.10%",-150,2.1,0.0323056512669276
2026-09-29,2025-05-13,"2.35%",-125,2.35,0.0638214822922964
2026-09-29,2025-05-13,"2.60%",-100,2.6,0.105594549022215
2026-09-29,2025-05-13,"2.85%",-75,2.85,0.146323036036756
2026-09-29,2025-05-13,"3.10%",-50,3.1,0.169819396519168
2026-09-29,2025-05-13,"3.35%",-25,3.35,0.165070091250548
2026-09-29,2025-05-13,"3.60%",0,3.6,0.134386425440128
2026-09-29,2025-05-13,"3.85%",25,3.85,0.0916313362912479
2026-09-29,2025-05-13,"4.10%",50,4.1,0.0523270551573148
2026-09-29,2025-05-13,"4.35%",75,4.35,0.0250259601659932
2026-09-29,2025-05-13,"4.60%",100,4.6,0
2026-09-29,2025-05-13,"4.85%",125,4.85,0
2026-09-29,2025-05-13,"5.10%",150,5.1,0
2026-09-29,2025-05-13,"5.35%",175,5.35,0
2026-09-29,2025-05-13,"5.60%",200,5.6,0
2026-09-29,2025-05-13,"5.85%",225,5.85,0
2026-09-29,2025-05-13,"6.10%",250,6.1,0
2026-09-29,2025-05-14,"0.10%",-300,0.1,0
2026-09-29,2025-05-14,"0.35%",-300,0.35,0
2026-09-29,2025-05-14,"0.60%",-300,0.6,0
2026-09-29,2025-05-14,"0.85%",-275,0.85,0
2026-09-29,2025-05-14,"1.10%",-250,1.1,0
2026-09-29,2025-05-14,"1.35%",-225,1.35,0
2026-09-29,2025-05-14,"1.60%",-200,1.6,0
2026-09-29,2025-05-14,"1.85%",-175,1.85,0.013524783821352
2026-09-29,2025-05-14,"2.10%",-150,2.1,0.0310132253906432
2026-09-29,2025-05-14,"2.35%",-125,2.35,0.0601968740155136
2026-09-29,2025-05-14,"2.60%",-100,2.6,0.098905964257868
2026-09-29,2025-05-14,"2.85%",-75,2.85,0.137562807640253
2026-09-29,2025-05-14,"3.10%",-50,3.1,0.161962800837087
2026-09-29,2025-05-14,"3.35%",-25,3.35,0.161423982719353
2026-09-29,2025-05-14,"3.60%",0,3.6,0.136194419328889
2026-09-29,2025-05-14,"3.85%",25,3.85,0.0972716070313496
2026-09-29,2025-05-14,"4.10%",50,4.1,0.0588088370299151
2026-09-29,2025-05-14,"4.35%",75,4.35,0.0300967939170312
2026-09-29,2025-05-14,"4.60%",100,4.6,0.0130379040107442
2026-09-29,2025-05-14,"4.85%",125,4.85,0
2026-09-29,2025-05-14,"5.10%",150,5.1,0
2026-09-29,2025-05-14,"5.35%",175,5.35,0
2026-09-29,2025-05-14,"5.60%",200,5.6,0
2026-09-29,2025-05-14,"5.85%",225,5.85,0
2026-09-29,2025-05-14,"6.10%",250,6.1,0
2026-09-29,2025-05-15,"0.10%",-300,0.1,0
2026-09-29,2025-05-15,"0.35%",-300,0.35,0
2026-09-29,2025-05-15,"0.60%",-300,0.6,0
2026-09-29,2025-05-15,"0.85%",-275,0.85,0
2026-09-29,2025-05-15,"1.10%",-250,1.1,0
2026-09-29,2025-05-15,"1.35%",-225,1.35,0
2026-09-29,2025-05-15,"1.60%",-200,1.6,0
2026-09-29,2025-05-15,"1.85%",-175,1.85,0
2026-09-29,2025-05-15,"2.10%",-150,2.1,0.0215367703837836
2026-09-29,2025-05-15,"2.35%",-125,2.35,0.0484728204779252
2026-09-29,2025-05-15,"2.60%",-100,2.6,0.0897642993494383
2026-09-29,2025-05-15,"2.85%",-75,2.85,0.13677710537293
2026-09-29,2025-05-15,"3.10%",-50,3.1,0.171490169016398
2026-09-29,2025-05-15,"3.35%",-25,3.35,0.176924275033722
2026-09-29,2025-05-15,"3.60%",0,3.6,0.150196174979191
2026-09-29,2025-05-15,"3.85%",25,3.85,0.104917754502175
2026-09-29,2025-05-15,"4.10%",50,4.1,0.0603042341016962
2026-09-29,2025-05-15,"4.35%",75,4.35,0.0285193860855938
2026-09-29,2025-05-15,"4.60%",100,4.6,0.0110970106971475
2026-09-29,2025-05-15,"4.85%",125,4.85,0
2026-09-29,2025-05-15,"5.10%",150,5.1,0
2026-09-29,2025-05-15,"5.35%",175,5.35,0
2026-09-29,2025-05-15,"5.60%",200,5.6,0
2026-09-29,2025-05-15,"5.85%",225,5.85,0
2026-09-29,2025-05-15,"6.10%",250,6.1,0
2026-09-29,2025-05-16,"0.10%",-300,0.1,0
2026-09-29,2025-05-16,"0.35%",-300,0.35,0
2026-09-29,2025-05-16,"0.60%",-300,0.6,0
2026-09-29,2025-05-16,"0.85%",-275,0.85,0
2026-09-29,2025-05-16,"1.10%",-250,1.1,0
2026-09-29,2025-05-16,"1.35%",-225,1.35,0
2026-09-29,2025-05-16,"1.60%",-200,1.6,0
2026-09-29,2025-05-16,"1.85%",-175,1.85,0.0135786686297781
2026-09-29,2025-05-16,"2.10%",-150,2.1,0.0312136599741788
2026-09-29,2025-05-16,"2.35%",-125,2.35,0.0606644901986451
2026-09-29,2025-05-16,"2.60%",-100,2.6,0.0996869156942386
2026-09-29,2025-05-16,"2.85%",-75,2.85,0.13850459088705
2026-09-29,2025-05-16,"3.10%",-50,3.1,0.162711547346931
2026-09-29,2025-05-16,"3.35%",-25,3.35,0.161623175312326
2026-09-29,2025-05-16,"3.60%",0,3.6,0.135743745616703
2026-09-29,2025-05-16,"3.85%",25,3.85,0.0963970764892969
2026-09-29,2025-05-16,"4.10%",50,4.1,0.0578801584873637
2026-09-29,2025-05-16,"4.35%",75,4.35,0.0293838364067197
2026-09-29,2025-05-16,"4.60%",100,4.6,0.0126121349567693
2026-09-29,2025-05-16,"4.85%",125,4.85,0
2026-09-29,2025-05-16,"5.10%",150,5.1,0
2026-09-29,2025-05-16,"5.35%",175,5.35,0
2026-09-29,2025-05-16,"5.60%",200,5.6,0
2026-09-29,2025-05-16,"5.85%",225,5.85,0
2026-09-29,2025-05-16,"6.10%",250,6.1,0
2026-09-29,2025-05-19,"0.10%",-300,0.1,0
2026-09-29,2025-05-19,"0.35%",-300,0.35,0
2026-09-29,2025-05-19,"0.60%",-300,0.6,0
2026-09-29,2025-05-19,"0.85%",-275,0.85,0
2026-09-29,2025-05-19,"1.10%",-250,1.1,0
2026-09-29,2025-05-19,"1.35%",-225,1.35,0
2026-09-29,2025-05-19,"1.60%",-200,1.6,0
2026-09-29,2025-05-19,"1.85%",-175,1.85,0.0134828172109947
2026-09-29,2025-05-19,"2.10%",-150,2.1,0.0301142272729694
2026-09-29,2025-05-19,"2.35%",-125,2.35,0.0574892164651062
2026-09-29,2025-05-19,"2.60%",-100,2.6,0.0938066686147907
2026-09-29,2025-05-19,"2.85%",-75,2.85,0.130834012288818
2026-09-29,2025-05-19,"3.10%",-50,3.1,0.155973929496183
2026-09-29,2025-05-19,"3.35%",-25,3.35,0.158938941520474
2026-09-29,2025-05-19,"3.60%",0,3.6,0.138438167449563
2026-09-29,2025-05-19,"3.85%",25,3.85,0.103068650463959
2026-09-29,2025-05-19,"4.10%",50,4.1,0.065590102664672
2026-09-29,2025-05-19,"4.35%",75,4.35,0.0356766901327847
2026-09-29,2025-05-19,"4.60%",100,4.6,0.0165865764196853
2026-09-29,2025-05-19,"4.85%",125,4.85,0
2026-09-29,2025-05-19,"5.10%",150,5.1,0
2026-09-29,2025-05-19,"5.35%",175,5.35,0
2026-09-29,2025-05-19,"5.60%",200,5.6,0
2026-09-29,2025-05-19,"5.85%",225,5.85,0
2026-09-29,2025-05-19,"6.10%",250,6.1,0
2026-09-29,2025-05-20,"0.10%",-300,0.1,0
2026-09-29,2025-05-20,"0.35%",-300,0.35,0
2026-09-29,2025-05-20,"0.60%",-300,0.6,0
2026-09-29,2025-05-20,"0.85%",-275,0.85,0
2026-09-29,2025-05-20,"1.10%",-250,1.1,0
2026-09-29,2025-05-20,"1.35%",-225,1.35,0
2026-09-29,2025-05-20,"1.60%",-200,1.6,0
2026-09-29,2025-05-20,"1.85%",-175,1.85,0.016475677580969
2026-09-29,2025-05-20,"2.10%",-150,2.1,0.0390601905157004
2026-09-29,2025-05-20,"2.35%",-125,2.35,0.0763036922323602
2026-09-29,2025-05-20,"2.60%",-100,2.6,0.122827208436293
2026-09-29,2025-05-20,"2.85%",-75,2.85,0.162927449070459
2026-09-29,2025-05-20,"3.10%",-50,3.1,0.178095226614439
2026-09-29,2025-05-20,"3.35%",-25,3.35,0.160424644456429
2026-09-29,2025-05-20,"3.60%",0,3.6,0.119082464228467
2026-09-29,2025-05-20,"3.85%",25,3.85,0.0728407400799285
2026-09-29,2025-05-20,"4.10%",50,4.1,0.036714488153028
2026-09-29,2025-05-20,"4.35%",75,4.35,0.0152482186319267
2026-09-29,2025-05-20,"4.60%",100,4.6,0
2026-09-29,2025-05-20,"4.85%",125,4.85,0
2026-09-29,2025-05-20,"5.10%",150,5.1,0
2026-09-29,2025-05-20,"5.35%",175,5.35,0
2026-09-29,2025-05-20,"5.60%",200,5.6,0
2026-09-29,2025-05-20,"5.85%",225,5.85,0
2026-09-29,2025-05-20,"6.10%",250,6.1,0
2026-09-29,2025-05-21,"0.10%",-300,0.1,0
2026-09-29,2025-05-21,"0.35%",-300,0.35,0
2026-09-29,2025-05-21,"0.60%",-300,0.6,0
2026-09-29,2025-05-21,"0.85%",-275,0.85,0
2026-09-29,2025-05-21,"1.10%",-250,1.1,0
2026-09-29,2025-05-21,"1.35%",-225,1.35,0
2026-09-29,2025-05-21,"1.60%",-200,1.6,0
2026-09-29,2025-05-21,"1.85%",-175,1.85,0.0168795929199963
2026-09-29,2025-05-21,"2.10%",-150,2.1,0.0395865068415526
2026-09-29,2025-05-21,"2.35%",-125,2.35,0.0766847136534998
2026-09-29,2025-05-21,"2.60%",-100,2.6,0.122705398300791
2026-09-29,2025-05-21,"2.85%",-75,2.85,0.162189962275895
2026-09-29,2025-05-21,"3.10%",-50,3.1,0.177091218121471
2026-09-29,2025-05-21,"3.35%",-25,3.35,0.15972950460693
2026-09-29,2025-05-21,"3.60%",0,3.6,0.119010590728744
2026-09-29,2025-05-21,"3.85%",25,3.85,0.0732471469667859
2026-09-29,2025-05-21,"4.10%",50,4.1,0.0372381319213682
2026-09-29,2025-05-21,"4.35%",75,4.35,0.015637233662967
2026-09-29,2025-05-21,"4.60%",100,4.6,0
2026-09-29,2025-05-21,"4.85%",125,4.85,0
2026-09-29,2025-05-21,"5.10%",150,5.1,0
2026-09-29,2025-05-21,"5.35%",175,5.35,0
2026-09-29,2025-05-21,"5.60%",200,5.6,0
2026-09-29,2025-05-21,"5.85%",225,5.85,0
2026-09-29,2025-05-21,"6.10%",250,6.1,0
2026-09-29,2025-05-22,"0.10%",-300,0.1,0
2026-09-29,2025-05-22,"0.35%",-300,0.35,0
2026-09-29,2025-05-22,"0.60%",-300,0.6,0
2026-09-29,2025-05-22,"0.85%",-275,0.85,0
2026-09-29,2025-05-22,"1.10%",-250,1.1,0
2026-09-29,2025-05-22,"1.35%",-225,1.35,0
2026-09-29,2025-05-22,"1.60%",-200,1.6,0
2026-09-29,2025-05-22,"1.85%",-175,1.85,0.013558895062317
2026-09-29,2025-05-22,"2.10%",-150,2.1,0.0352237814480096
2026-09-29,2025-05-22,"2.35%",-125,2.35,0.0737957193936036
2026-09-29,2025-05-22,"2.60%",-100,2.6,0.124691429194675
2026-09-29,2025-05-22,"2.85%",-75,2.85,0.169930621933111
2026-09-29,2025-05-22,"3.10%",-50,3.1,0.186787540237217
2026-09-29,2025-05-22,"3.35%",-25,3.35,0.165603282371891
2026-09-29,2025-05-22,"3.60%",0,3.6,0.118421407517092
2026-09-29,2025-05-22,"3.85%",25,3.85,0.068299761583552
2026-09-29,2025-05-22,"4.10%",50,4.1,0.0317698794561998
2026-09-29,2025-05-22,"4.35%",75,4.35,0.0119176818023319
2026-09-29,2025-05-22,"4.60%",100,4.6,0
2026-09-29,2025-05-22,"4.85%",125,4.85,0
2026-09-29,2025-05-22,"5.10%",150,5.1,0
2026-09-29,2025-05-22,"5.35%",175,5.35,0
2026-09-29,2025-05-22,"5.60%",200,5.6,0
2026-09-29,2025-05-22,"5.85%",225,5.85,0
2026-09-29,2025-05-22,"6.10%",250,6.1,0
2026-09-29,2025-05-23,"0.10%",-300,0.1,0
2026-09-29,2025-05-23,"0.35%",-300,0.35,0
2026-09-29,2025-05-23,"0.60%",-300,0.6,0
2026-09-29,2025-05-23,"0.85%",-275,0.85,0
2026-09-29,2025-05-23,"1.10%",-250,1.1,0
2026-09-29,2025-05-23,"1.35%",-225,1.35,0
2026-09-29,2025-05-23,"1.60%",-200,1.6,0
2026-09-29,2025-05-23,"1.85%",-175,1.85,0.0116014065625131
2026-09-29,2025-05-23,"2.10%",-150,2.1,0.032274906623588
2026-09-29,2025-05-23,"2.35%",-125,2.35,0.0713005390510999
2026-09-29,2025-05-23,"2.60%",-100,2.6,0.125091914964264
2026-09-29,2025-05-23,"2.85%",-75,2.85,0.174300981399873
2026-09-29,2025-05-23,"3.10%",-50,3.1,0.192894534252105
2026-09-29,2025-05-23,"3.35%",-25,3.35,0.169548609711142
2026-09-29,2025-05-23,"3.60%",0,3.6,0.118363216053401
2026-09-29,2025-05-23,"3.85%",25,3.85,0.065625240390007
2026-09-29,2025-05-23,"4.10%",50,4.1,0.0288954818538892
2026-09-29,2025-05-23,"4.35%",75,4.35,0.0101031691381175
2026-09-29,2025-05-23,"4.60%",100,4.6,0
2026-09-29,2025-05-23,"4.85%",125,4.85,0
2026-09-29,2025-05-23,"5.10%",150,5.1,0
2026-09-29,2025-05-23,"5.35%",175,5.35,0
2026-09-29,2025-05-23,"5.60%",200,5.6,0
2026-09-29,2025-05-23,"5.85%",225,5.85,0
2026-09-29,2025-05-23,"6.10%",250,6.1,0
2026-09-29,2025-07-06,"0.10%",-300,0.1,0
2026-09-29,2025-07-06,"0.35%",-300,0.35,0
2026-09-29,2025-07-06,"0.60%",-300,0.6,0
2026-09-29,2025-07-06,"0.85%",-275,0.85,0
2026-09-29,2025-07-06,"1.10%",-250,1.1,0
2026-09-29,2025-07-06,"1.35%",-225,1.35,0
2026-09-29,2025-07-06,"1.60%",-200,1.6,0.0111211187580206
2026-09-29,2025-07-06,"1.85%",-175,1.85,0.0283044477396242
2026-09-29,2025-07-06,"2.10%",-150,2.1,0.0594835056597403
2026-09-29,2025-07-06,"2.35%",-125,2.35,0.10322690943026
2026-09-29,2025-07-06,"2.60%",-100,2.6,0.147930612119655
2026-09-29,2025-07-06,"2.85%",-75,2.85,0.175065829008711
2026-09-29,2025-07-06,"3.10%",-50,3.1,0.171091081420241
2026-09-29,2025-07-06,"3.35%",-25,3.35,0.138081471150367
2026-09-29,2025-07-06,"3.60%",0,3.6,0.0920279662628331
2026-09-29,2025-07-06,"3.85%",25,3.85,0.0506488994348102
2026-09-29,2025-07-06,"4.10%",50,4.1,0.0230181590157383
2026-09-29,2025-07-06,"4.35%",75,4.35,0
2026-09-29,2025-07-06,"4.60%",100,4.6,0
2026-09-29,2025-07-06,"4.85%",125,4.85,0
2026-09-29,2025-07-06,"5.10%",150,5.1,0
2026-09-29,2025-07-06,"5.35%",175,5.35,0
2026-09-29,2025-07-06,"5.60%",200,5.6,0
2026-09-29,2025-07-06,"5.85%",225,5.85,0
2026-09-29,2025-07-06,"6.10%",250,6.1,0
2026-09-29,2025-07-07,"0.10%",-300,0.1,0
2026-09-29,2025-07-07,"0.35%",-300,0.35,0
2026-09-29,2025-07-07,"0.60%",-300,0.6,0
2026-09-29,2025-07-07,"0.85%",-275,0.85,0
2026-09-29,2025-07-07,"1.10%",-250,1.1,0
2026-09-29,2025-07-07,"1.35%",-225,1.35,0
2026-09-29,2025-07-07,"1.60%",-200,1.6,0
2026-09-29,2025-07-07,"1.85%",-175,1.85,0.0212307877581726
2026-09-29,2025-07-07,"2.10%",-150,2.1,0.047408706036958
2026-09-29,2025-07-07,"2.35%",-125,2.35,0.0875094400125309
2026-09-29,2025-07-07,"2.60%",-100,2.6,0.13352790097703
2026-09-29,2025-07-07,"2.85%",-75,2.85,0.168430335690461
2026-09-29,2025-07-07,"3.10%",-50,3.1,0.175632874689023
2026-09-29,2025-07-07,"3.35%",-25,3.35,0.15140129864651
2026-09-29,2025-07-07,"3.60%",0,3.6,0.107891646745192
2026-09-29,2025-07-07,"3.85%",25,3.85,0.0635582193304694
2026-09-29,2025-07-07,"4.10%",50,4.1,0.0309505100077882
2026-09-29,2025-07-07,"4.35%",75,4.35,0.0124582801058663
2026-09-29,2025-07-07,"4.60%",100,4.6,0
2026-09-29,2025-07-07,"4.85%",125,4.85,0
2026-09-29,2025-07-07,"5.10%",150,5.1,0
2026-09-29,2025-07-07,"5.35%",175,5.35,0
2026-09-29,2025-07-07,"5.60%",200,5.6,0
2026-09-29,2025-07-07,"5.85%",225,5.85,0
2026-09-29,2025-07-07,"6.10%",250,6.1,0
2026-09-29,2025-07-08,"0.10%",-300,0.1,0
2026-09-29,2025-07-08,"0.35%",-300,0.35,0
2026-09-29,2025-07-08,"0.60%",-300,0.6,0
2026-09-29,2025-07-08,"0.85%",-275,0.85,0
2026-09-29,2025-07-08,"1.10%",-250,1.1,0
2026-09-29,2025-07-08,"1.35%",-225,1.35,0
2026-09-29,2025-07-08,"1.60%",-200,1.6,0
2026-09-29,2025-07-08,"1.85%",-175,1.85,0.0191614045050318
2026-09-29,2025-07-08,"2.10%",-150,2.1,0.0432232306647641
2026-09-29,2025-07-08,"2.35%",-125,2.35,0.0809707477869919
2026-09-29,2025-07-08,"2.60%",-100,2.6,0.125972231959723
2026-09-29,2025-07-08,"2.85%",-75,2.85,0.16276752880345
2026-09-29,2025-07-08,"3.10%",-50,3.1,0.174667921785179
2026-09-29,2025-07-08,"3.35%",-25,3.35,0.155672779469125
2026-09-29,2025-07-08,"3.60%",0,3.6,0.115229470944259
2026-09-29,2025-07-08,"3.85%",25,3.85,0.0708367445870985
2026-09-29,2025-07-08,"4.10%",50,4.1,0.036164812098908
2026-09-29,2025-07-08,"4.35%",75,4.35,0.0153331273954685
2026-09-29,2025-07-08,"4.60%",100,4.6,0
2026-09-29,2025-07-08,"4.85%",125,4.85,0
2026-09-29,2025-07-08,"5.10%",150,5.1,0
2026-09-29,2025-07-08,"5.35%",175,5.35,0
2026-09-29,2025-07-08,"5.60%",200,5.6,0
2026-09-29,2025-07-08,"5.85%",225,5.85,0
2026-09-29,2025-07-08,"6.10%",250,6.1,0
2026-09-29,2025-07-09,"0.10%",-300,0.1,0
2026-09-29,2025-07-09,"0.35%",-300,0.35,0
2026-09-29,2025-07-09,"0.60%",-300,0.6,0
2026-09-29,2025-07-09,"0.85%",-275,0.85,0
2026-09-29,2025-07-09,"1.10%",-250,1.1,0
2026-09-29,2025-07-09,"1.35%",-225,1.35,0
2026-09-29,2025-07-09,"1.60%",-200,1.6,0
2026-09-29,2025-07-09,"1.85%",-175,1.85,0.0168941538205339
2026-09-29,2025-07-09,"2.10%",-150,2.1,0.0409716049419587
2026-09-29,2025-07-09,"2.35%",-125,2.35,0.0809357256806655
2026-09-29,2025-07-09,"2.60%",-100,2.6,0.130235610844506
2026-09-29,2025-07-09,"2.85%",-75,2.85,0.170713044141131
2026-09-29,2025-07-09,"3.10%",-50,3.1,0.182288775581302
2026-09-29,2025-07-09,"3.35%",-25,3.35,0.158566543420451
2026-09-29,2025-07-09,"3.60%",0,3.6,0.112361376063066
2026-09-29,2025-07-09,"3.85%",25,3.85,0.0648582525323846
2026-09-29,2025-07-09,"4.10%",50,4.1,0.0304957000660126
2026-09-29,2025-07-09,"4.35%",75,4.35,0.0116792129079885
2026-09-29,2025-07-09,"4.60%",100,4.6,0
2026-09-29,2025-07-09,"4.85%",125,4.85,0
2026-09-29,2025-07-09,"5.10%",150,5.1,0
2026-09-29,2025-07-09,"5.35%",175,5.35,0
2026-09-29,2025-07-09,"5.60%",200,5.6,0
2026-09-29,2025-07-09,"5.85%",225,5.85,0
2026-09-29,2025-07-09,"6.10%",250,6.1,0
2026-09-29,2025-07-10,"0.10%",-300,0.1,0
2026-09-29,2025-07-10,"0.35%",-300,0.35,0
2026-09-29,2025-07-10,"0.60%",-300,0.6,0
2026-09-29,2025-07-10,"0.85%",-275,0.85,0
2026-09-29,2025-07-10,"1.10%",-250,1.1,0
2026-09-29,2025-07-10,"1.35%",-225,1.35,0
2026-09-29,2025-07-10,"1.60%",-200,1.6,0
2026-09-29,2025-07-10,"1.85%",-175,1.85,0.015005980107871
2026-09-29,2025-07-10,"2.10%",-150,2.1,0.0385971174789289
2026-09-29,2025-07-10,"2.35%",-125,2.35,0.0797691819510129
2026-09-29,2025-07-10,"2.60%",-100,2.6,0.132474665141315
2026-09-29,2025-07-10,"2.85%",-75,2.85,0.176794073607784
2026-09-29,2025-07-10,"3.10%",-50,3.1,0.189605597328754
2026-09-29,2025-07-10,"3.35%",-25,3.35,0.163412759920328
2026-09-29,2025-07-10,"3.60%",0,3.6,0.113179099599623
2026-09-29,2025-07-10,"3.85%",25,3.85,0.0629908568197818
2026-09-29,2025-07-10,"4.10%",50,4.1,0.0281706680446014
2026-09-29,2025-07-10,"4.35%",75,4.35,0
2026-09-29,2025-07-10,"4.60%",100,4.6,0
2026-09-29,2025-07-10,"4.85%",125,4.85,0
2026-09-29,2025-07-10,"5.10%",150,5.1,0
2026-09-29,2025-07-10,"5.35%",175,5.35,0
2026-09-29,2025-07-10,"5.60%",200,5.6,0
2026-09-29,2025-07-10,"5.85%",225,5.85,0
2026-09-29,2025-07-10,"6.10%",250,6.1,0
2026-09-29,2025-07-14,"0.10%",-300,0.1,0
2026-09-29,2025-07-14,"0.35%",-300,0.35,0
2026-09-29,2025-07-14,"0.60%",-300,0.6,0
2026-09-29,2025-07-14,"0.85%",-275,0.85,0
2026-09-29,2025-07-14,"1.10%",-250,1.1,0
2026-09-29,2025-07-14,"1.35%",-225,1.35,0
2026-09-29,2025-07-14,"1.60%",-200,1.6,0
2026-09-29,2025-07-14,"1.85%",-175,1.85,0
2026-09-29,2025-07-14,"2.10%",-150,2.1,0.0228373577339021
2026-09-29,2025-07-14,"2.35%",-125,2.35,0.0589335327965566
2026-09-29,2025-07-14,"2.60%",-100,2.6,0.116859834835315
2026-09-29,2025-07-14,"2.85%",-75,2.85,0.178073965070254
2026-09-29,2025-07-14,"3.10%",-50,3.1,0.20854369442831
2026-09-29,2025-07-14,"3.35%",-25,3.35,0.187700841729208
2026-09-29,2025-07-14,"3.60%",0,3.6,0.129837613898541
2026-09-29,2025-07-14,"3.85%",25,3.85,0.0690199160524463
2026-09-29,2025-07-14,"4.10%",50,4.1,0.0281932434554674
2026-09-29,2025-07-14,"4.35%",75,4.35,0
2026-09-29,2025-07-14,"4.60%",100,4.6,0
2026-09-29,2025-07-14,"4.85%",125,4.85,0
2026-09-29,2025-07-14,"5.10%",150,5.1,0
2026-09-29,2025-07-14,"5.35%",175,5.35,0
2026-09-29,2025-07-14,"5.60%",200,5.6,0
2026-09-29,2025-07-14,"5.85%",225,5.85,0
2026-09-29,2025-07-14,"6.10%",250,6.1,0
2026-09-29,2025-07-15,"0.10%",-300,0.1,0
2026-09-29,2025-07-15,"0.35%",-300,0.35,0
2026-09-29,2025-07-15,"0.60%",-300,0.6,0
2026-09-29,2025-07-15,"0.85%",-275,0.85,0
2026-09-29,2025-07-15,"1.10%",-250,1.1,0
2026-09-29,2025-07-15,"1.35%",-225,1.35,0
2026-09-29,2025-07-15,"1.60%",-200,1.6,0
2026-09-29,2025-07-15,"1.85%",-175,1.85,0
2026-09-29,2025-07-15,"2.10%",-150,2.1,0.018950504578768
2026-09-29,2025-07-15,"2.35%",-125,2.35,0.0525916962771101
2026-09-29,2025-07-15,"2.60%",-100,2.6,0.110583454483215
2026-09-29,2025-07-15,"2.85%",-75,2.85,0.176196823608441
2026-09-29,2025-07-15,"3.10%",-50,3.1,0.212754395527294
2026-09-29,2025-07-15,"3.35%",-25,3.35,0.194691501898536
2026-09-29,2025-07-15,"3.60%",0,3.6,0.135019393558638
2026-09-29,2025-07-15,"3.85%",25,3.85,0.0709571682046935
2026-09-29,2025-07-15,"4.10%",50,4.1,0.0282550618633052
2026-09-29,2025-07-15,"4.35%",75,4.35,0
2026-09-29,2025-07-15,"4.60%",100,4.6,0
2026-09-29,2025-07-15,"4.85%",125,4.85,0
2026-09-29,2025-07-15,"5.10%",150,5.1,0
2026-09-29,2025-07-15,"5.35%",175,5.35,0
2026-09-29,2025-07-15,"5.60%",200,5.6,0
2026-09-29,2025-07-15,"5.85%",225,5.85,0
2026-09-29,2025-07-15,"6.10%",250,6.1,0
2026-09-29,2025-07-16,"0.10%",-300,0.1,0
2026-09-29,2025-07-16,"0.35%",-300,0.35,0
2026-09-29,2025-07-16,"0.60%",-300,0.6,0
2026-09-29,2025-07-16,"0.85%",-275,0.85,0
2026-09-29,2025-07-16,"1.10%",-250,1.1,0
2026-09-29,2025-07-16,"1.35%",-225,1.35,0
2026-09-29,2025-07-16,"1.60%",-200,1.6,0
2026-09-29,2025-07-16,"1.85%",-175,1.85,0.0124080708177579
2026-09-29,2025-07-16,"2.10%",-150,2.1,0.0349321754102335
2026-09-29,2025-07-16,"2.35%",-125,2.35,0.077295747012947
2026-09-29,2025-07-16,"2.60%",-100,2.6,0.134441815919149
2026-09-29,2025-07-16,"2.85%",-75,2.85,0.183819130589614
2026-09-29,2025-07-16,"3.10%",-50,3.1,0.197579164636483
2026-09-29,2025-07-16,"3.35%",-25,3.35,0.166951192543325
2026-09-29,2025-07-16,"3.60%",0,3.6,0.110898812857864
2026-09-29,2025-07-16,"3.85%",25,3.85,0.057907092682278
2026-09-29,2025-07-16,"4.10%",50,4.1,0.0237667975303481
2026-09-29,2025-07-16,"4.35%",75,4.35,0
2026-09-29,2025-07-16,"4.60%",100,4.6,0
2026-09-29,2025-07-16,"4.85%",125,4.85,0
2026-09-29,2025-07-16,"5.10%",150,5.1,0
2026-09-29,2025-07-16,"5.35%",175,5.35,0
2026-09-29,2025-07-16,"5.60%",200,5.6,0
2026-09-29,2025-07-16,"5.85%",225,5.85,0
2026-09-29,2025-07-16,"6.10%",250,6.1,0
2026-09-29,2025-07-17,"0.10%",-300,0.1,0
2026-09-29,2025-07-17,"0.35%",-300,0.35,0
2026-09-29,2025-07-17,"0.60%",-300,0.6,0
2026-09-29,2025-07-17,"0.85%",-275,0.85,0
2026-09-29,2025-07-17,"1.10%",-250,1.1,0
2026-09-29,2025-07-17,"1.35%",-225,1.35,0
2026-09-29,2025-07-17,"1.60%",-200,1.6,0
2026-09-29,2025-07-17,"1.85%",-175,1.85,0.0138407561167426
2026-09-29,2025-07-17,"2.10%",-150,2.1,0.0383288525581116
2026-09-29,2025-07-17,"2.35%",-125,2.35,0.0831786744781958
2026-09-29,2025-07-17,"2.60%",-100,2.6,0.141468310251228
2026-09-29,2025-07-17,"2.85%",-75,2.85,0.188580176351495
2026-09-29,2025-07-17,"3.10%",-50,3.1,0.197032741556362
2026-09-29,2025-07-17,"3.35%",-25,3.35,0.161357322579438
2026-09-29,2025-07-17,"3.60%",0,3.6,0.103570449757509
2026-09-29,2025-07-17,"3.85%",25,3.85,0.0521021707616863
2026-09-29,2025-07-17,"4.10%",50,4.1,0.0205405455892312
2026-09-29,2025-07-17,"4.35%",75,4.35,0
2026-09-29,2025-07-17,"4.60%",100,4.6,0
2026-09-29,2025-07-17,"4.85%",125,4.85,0
2026-09-29,2025-07-17,"5.10%",150,5.1,0
2026-09-29,2025-07-17,"5.35%",175,5.35,0
2026-09-29,2025-07-17,"5.60%",200,5.6,0
2026-09-29,2025-07-17,"5.85%",225,5.85,0
2026-09-29,2025-07-17,"6.10%",250,6.1,0
2026-09-29,2025-07-20,"0.10%",-300,0.1,0
2026-09-29,2025-07-20,"0.35%",-300,0.35,0
2026-09-29,2025-07-20,"0.60%",-300,0.6,0
2026-09-29,2025-07-20,"0.85%",-275,0.85,0
2026-09-29,2025-07-20,"1.10%",-250,1.1,0
2026-09-29,2025-07-20,"1.35%",-225,1.35,0
2026-09-29,2025-07-20,"1.60%",-200,1.6,0
2026-09-29,2025-07-20,"1.85%",-175,1.85,0.014155469025407
2026-09-29,2025-07-20,"2.10%",-150,2.1,0.0385835865387327
2026-09-29,2025-07-20,"2.35%",-125,2.35,0.0828225121928424
2026-09-29,2025-07-20,"2.60%",-100,2.6,0.140023051278908
2026-09-29,2025-07-20,"2.85%",-75,2.85,0.18645871552573
2026-09-29,2025-07-20,"3.10%",-50,3.1,0.195574682748111
2026-09-29,2025-07-20,"3.35%",-25,3.35,0.161581581983142
2026-09-29,2025-07-20,"3.60%",0,3.6,0.10515028666248
2026-09-29,2025-07-20,"3.85%",25,3.85,0.0538947497626573
2026-09-29,2025-07-20,"4.10%",50,4.1,0.0217553642819892
2026-09-29,2025-07-20,"4.35%",75,4.35,0
2026-09-29,2025-07-20,"4.60%",100,4.6,0
2026-09-29,2025-07-20,"4.85%",125,4.85,0
2026-09-29,2025-07-20,"5.10%",150,5.1,0
2026-09-29,2025-07-20,"5.35%",175,5.35,0
2026-09-29,2025-07-20,"5.60%",200,5.6,0
2026-09-29,2025-07-20,"5.85%",225,5.85,0
2026-09-29,2025-07-20,"6.10%",250,6.1,0
2026-09-29,2025-07-21,"0.10%",-300,0.1,0
2026-09-29,2025-07-21,"0.35%",-300,0.35,0
2026-09-29,2025-07-21,"0.60%",-300,0.6,0
2026-09-29,2025-07-21,"0.85%",-275,0.85,0
2026-09-29,2025-07-21,"1.10%",-250,1.1,0
2026-09-29,2025-07-21,"1.35%",-225,1.35,0
2026-09-29,2025-07-21,"1.60%",-200,1.6,0
2026-09-29,2025-07-21,"1.85%",-175,1.85,0.0136483402989137
2026-09-29,2025-07-21,"2.10%",-150,2.1,0.0374157306789093
2026-09-29,2025-07-21,"2.35%",-125,2.35,0.0808509660232088
2026-09-29,2025-07-21,"2.60%",-100,2.6,0.137724280443301
2026-09-29,2025-07-21,"2.85%",-75,2.85,0.184951076469519
2026-09-29,2025-07-21,"3.10%",-50,3.1,0.19581200081466
2026-09-29,2025-07-21,"3.35%",-25,3.35,0.163440908413285
2026-09-29,2025-07-21,"3.60%",0,3.6,0.107550390906622
2026-09-29,2025-07-21,"3.85%",25,3.85,0.0557919820527637
2026-09-29,2025-07-21,"4.10%",50,4.1,0.0228143238988171
2026-09-29,2025-07-21,"4.35%",75,4.35,0
2026-09-29,2025-07-21,"4.60%",100,4.6,0
2026-09-29,2025-07-21,"4.85%",125,4.85,0
2026-09-29,2025-07-21,"5.10%",150,5.1,0
2026-09-29,2025-07-21,"5.35%",175,5.35,0
2026-09-29,2025-07-21,"5.60%",200,5.6,0
2026-09-29,2025-07-21,"5.85%",225,5.85,0
2026-09-29,2025-07-21,"6.10%",250,6.1,0
2026-09-29,2025-07-22,"0.10%",-300,0.1,0
2026-09-29,2025-07-22,"0.35%",-300,0.35,0
2026-09-29,2025-07-22,"0.60%",-300,0.6,0
2026-09-29,2025-07-22,"0.85%",-275,0.85,0
2026-09-29,2025-07-22,"1.10%",-250,1.1,0
2026-09-29,2025-07-22,"1.35%",-225,1.35,0
2026-09-29,2025-07-22,"1.60%",-200,1.6,0
2026-09-29,2025-07-22,"1.85%",-175,1.85,0.0153355627089008
2026-09-29,2025-07-22,"2.10%",-150,2.1,0.0400751778924169
2026-09-29,2025-07-22,"2.35%",-125,2.35,0.0833978582915193
2026-09-29,2025-07-22,"2.60%",-100,2.6,0.138219577353482
2026-09-29,2025-07-22,"2.85%",-75,2.85,0.182449081370129
2026-09-29,2025-07-22,"3.10%",-50,3.1,0.191815480752991
2026-09-29,2025-07-22,"3.35%",-25,3.35,0.160619300519211
2026-09-29,2025-07-22,"3.60%",0,3.6,0.107121329353388
2026-09-29,2025-07-22,"3.85%",25,3.85,0.0568984408425006
2026-09-29,2025-07-22,"4.10%",50,4.1,0.0240681909154614
2026-09-29,2025-07-22,"4.35%",75,4.35,0
2026-09-29,2025-07-22,"4.60%",100,4.6,0
2026-09-29,2025-07-22,"4.85%",125,4.85,0
2026-09-29,2025-07-22,"5.10%",150,5.1,0
2026-09-29,2025-07-22,"5.35%",175,5.35,0
2026-09-29,2025-07-22,"5.60%",200,5.6,0
2026-09-29,2025-07-22,"5.85%",225,5.85,0
2026-09-29,2025-07-22,"6.10%",250,6.1,0
2026-09-29,2025-07-23,"0.10%",-300,0.1,0
2026-09-29,2025-07-23,"0.35%",-300,0.35,0
2026-09-29,2025-07-23,"0.60%",-300,0.6,0
2026-09-29,2025-07-23,"0.85%",-275,0.85,0
2026-09-29,2025-07-23,"1.10%",-250,1.1,0
2026-09-29,2025-07-23,"1.35%",-225,1.35,0
2026-09-29,2025-07-23,"1.60%",-200,1.6,0
2026-09-29,2025-07-23,"1.85%",-175,1.85,0
2026-09-29,2025-07-23,"2.10%",-150,2.1,0.0280861480891447
2026-09-29,2025-07-23,"2.35%",-125,2.35,0.0680261138875805
2026-09-29,2025-07-23,"2.60%",-100,2.6,0.127391026526993
2026-09-29,2025-07-23,"2.85%",-75,2.85,0.184468122008948
2026-09-29,2025-07-23,"3.10%",-50,3.1,0.206560368869079
2026-09-29,2025-07-23,"3.35%",-25,3.35,0.178864118783151
2026-09-29,2025-07-23,"3.60%",0,3.6,0.119767955347673
2026-09-29,2025-07-23,"3.85%",25,3.85,0.0620116682059395
2026-09-29,2025-07-23,"4.10%",50,4.1,0.024824478281491
2026-09-29,2025-07-23,"4.35%",75,4.35,0
2026-09-29,2025-07-23,"4.60%",100,4.6,0
2026-09-29,2025-07-23,"4.85%",125,4.85,0
2026-09-29,2025-07-23,"5.10%",150,5.1,0
2026-09-29,2025-07-23,"5.35%",175,5.35,0
2026-09-29,2025-07-23,"5.60%",200,5.6,0
2026-09-29,2025-07-23,"5.85%",225,5.85,0
2026-09-29,2025-07-23,"6.10%",250,6.1,0
2026-09-29,2025-07-24,"0.10%",-300,0.1,0
2026-09-29,2025-07-24,"0.35%",-300,0.35,0
2026-09-29,2025-07-24,"0.60%",-300,0.6,0
2026-09-29,2025-07-24,"0.85%",-275,0.85,0
2026-09-29,2025-07-24,"1.10%",-250,1.1,0
2026-09-29,2025-07-24,"1.35%",-225,1.35,0
2026-09-29,2025-07-24,"1.60%",-200,1.6,0
2026-09-29,2025-07-24,"1.85%",-175,1.85,0.0106051245933064
2026-09-29,2025-07-24,"2.10%",-150,2.1,0.0300262434665727
2026-09-29,2025-07-24,"2.35%",-125,2.35,0.0675213255400656
2026-09-29,2025-07-24,"2.60%",-100,2.6,0.1206066904063
2026-09-29,2025-07-24,"2.85%",-75,2.85,0.171127018133181
2026-09-29,2025-07-24,"3.10%",-50,3.1,0.192885074438264
2026-09-29,2025-07-24,"3.35%",-25,3.35,0.172709839994733
2026-09-29,2025-07-24,"3.60%",0,3.6,0.122848207745017
2026-09-29,2025-07-24,"3.85%",25,3.85,0.0694125745816888
2026-09-29,2025-07-24,"4.10%",50,4.1,0.0311529517051107
2026-09-29,2025-07-24,"4.35%",75,4.35,0.0111049493957605
2026-09-29,2025-07-24,"4.60%",100,4.6,0
2026-09-29,2025-07-24,"4.85%",125,4.85,0
2026-09-29,2025-07-24,"5.10%",150,5.1,0
2026-09-29,2025-07-24,"5.35%",175,5.35,0
2026-09-29,2025-07-24,"5.60%",200,5.6,0
2026-09-29,2025-07-24,"5.85%",225,5.85,0
2026-09-29,2025-07-24,"6.10%",250,6.1,0
2026-09-29,2025-07-27,"0.10%",-300,0.1,0
2026-09-29,2025-07-27,"0.35%",-300,0.35,0
2026-09-29,2025-07-27,"0.60%",-300,0.6,0
2026-09-29,2025-07-27,"0.85%",-275,0.85,0
2026-09-29,2025-07-27,"1.10%",-250,1.1,0
2026-09-29,2025-07-27,"1.35%",-225,1.35,0
2026-09-29,2025-07-27,"1.60%",-200,1.6,0
2026-09-29,2025-07-27,"1.85%",-175,1.85,0.0109418926213925
2026-09-29,2025-07-27,"2.10%",-150,2.1,0.030567546763142
2026-09-29,2025-07-27,"2.35%",-125,2.35,0.0680256737159041
2026-09-29,2025-07-27,"2.60%",-100,2.6,0.12060441863816
2026-09-29,2025-07-27,"2.85%",-75,2.85,0.170355682591224
2026-09-29,2025-07-27,"3.10%",-50,3.1,0.19172041661889
2026-09-29,2025-07-27,"3.35%",-25,3.35,0.171911018925698
2026-09-29,2025-07-27,"3.60%",0,3.6,0.122816807325125
2026-09-29,2025-07-27,"3.85%",25,3.85,0.0699062056803295
2026-09-29,2025-07-27,"4.10%",50,4.1,0.0316995381297689
2026-09-29,2025-07-27,"4.35%",75,4.35,0.0114507989903658
2026-09-29,2025-07-27,"4.60%",100,4.6,0
2026-09-29,2025-07-27,"4.85%",125,4.85,0
2026-09-29,2025-07-27,"5.10%",150,5.1,0
2026-09-29,2025-07-27,"5.35%",175,5.35,0
2026-09-29,2025-07-27,"5.60%",200,5.6,0
2026-09-29,2025-07-27,"5.85%",225,5.85,0
2026-09-29,2025-07-27,"6.10%",250,6.1,0
2026-09-29,2025-07-28,"0.10%",-300,0.1,0
2026-09-29,2025-07-28,"0.35%",-300,0.35,0
2026-09-29,2025-07-28,"0.60%",-300,0.6,0
2026-09-29,2025-07-28,"0.85%",-275,0.85,0
2026-09-29,2025-07-28,"1.10%",-250,1.1,0
2026-09-29,2025-07-28,"1.35%",-225,1.35,0
2026-09-29,2025-07-28,"1.60%",-200,1.6,0
2026-09-29,2025-07-28,"1.85%",-175,1.85,0.0133300357664952
2026-09-29,2025-07-28,"2.10%",-150,2.1,0.0348904419807886
2026-09-29,2025-07-28,"2.35%",-125,2.35,0.0735239787323076
2026-09-29,2025-07-28,"2.60%",-100,2.6,0.124745954388301
2026-09-29,2025-07-28,"2.85%",-75,2.85,0.170419336038929
2026-09-29,2025-07-28,"3.10%",-50,3.1,0.187464125249211
2026-09-29,2025-07-28,"3.35%",-25,3.35,0.166045861805486
2026-09-29,2025-07-28,"3.60%",0,3.6,0.118425122488362
2026-09-29,2025-07-28,"3.85%",25,3.85,0.0680068369017954
2026-09-29,2025-07-28,"4.10%",50,4.1,0.0314436772488824
2026-09-29,2025-07-28,"4.35%",75,4.35,0.0117046293994414
2026-09-29,2025-07-28,"4.60%",100,4.6,0
2026-09-29,2025-07-28,"4.85%",125,4.85,0
2026-09-29,2025-07-28,"5.10%",150,5.1,0
2026-09-29,2025-07-28,"5.35%",175,5.35,0
2026-09-29,2025-07-28,"5.60%",200,5.6,0
2026-09-29,2025-07-28,"5.85%",225,5.85,0
2026-09-29,2025-07-28,"6.10%",250,6.1,0
2026-09-29,2025-07-29,"0.10%",-300,0.1,0
2026-09-29,2025-07-29,"0.35%",-300,0.35,0
2026-09-29,2025-07-29,"0.60%",-300,0.6,0
2026-09-29,2025-07-29,"0.85%",-275,0.85,0
2026-09-29,2025-07-29,"1.10%",-250,1.1,0
2026-09-29,2025-07-29,"1.35%",-225,1.35,0
2026-09-29,2025-07-29,"1.60%",-200,1.6,0
2026-09-29,2025-07-29,"1.85%",-175,1.85,0.016466599014967
2026-09-29,2025-07-29,"2.10%",-150,2.1,0.0418585749961519
2026-09-29,2025-07-29,"2.35%",-125,2.35,0.0852036073786615
2026-09-29,2025-07-29,"2.60%",-100,2.6,0.13888424937953
2026-09-29,2025-07-29,"2.85%",-75,2.85,0.181296519672502
2026-09-29,2025-07-29,"3.10%",-50,3.1,0.189530211220063
2026-09-29,2025-07-29,"3.35%",-25,3.35,0.158679851968967
2026-09-29,2025-07-29,"3.60%",0,3.6,0.10639276517811
2026-09-29,2025-07-29,"3.85%",25,3.85,0.0571258820030034
2026-09-29,2025-07-29,"4.10%",50,4.1,0.0245617391880438
2026-09-29,2025-07-29,"4.35%",75,4.35,0
2026-09-29,2025-07-29,"4.60%",100,4.6,0
2026-09-29,2025-07-29,"4.85%",125,4.85,0
2026-09-29,2025-07-29,"5.10%",150,5.1,0
2026-09-29,2025-07-29,"5.35%",175,5.35,0
2026-09-29,2025-07-29,"5.60%",200,5.6,0
2026-09-29,2025-07-29,"5.85%",225,5.85,0
2026-09-29,2025-07-29,"6.10%",250,6.1,0
2026-09-29,2025-07-30,"0.10%",-300,0.1,0
2026-09-29,2025-07-30,"0.35%",-300,0.35,0
2026-09-29,2025-07-30,"0.60%",-300,0.6,0
2026-09-29,2025-07-30,"0.85%",-275,0.85,0
2026-09-29,2025-07-30,"1.10%",-250,1.1,0
2026-09-29,2025-07-30,"1.35%",-225,1.35,0
2026-09-29,2025-07-30,"1.60%",-200,1.6,0
2026-09-29,2025-07-30,"1.85%",-175,1.85,0
2026-09-29,2025-07-30,"2.10%",-150,2.1,0.0306294517681506
2026-09-29,2025-07-30,"2.35%",-125,2.35,0.0733689481925921
2026-09-29,2025-07-30,"2.60%",-100,2.6,0.135075701179035
2026-09-29,2025-07-30,"2.85%",-75,2.85,0.191150502598664
2026-09-29,2025-07-30,"3.10%",-50,3.1,0.20793661916132
2026-09-29,2025-07-30,"3.35%",-25,3.35,0.173880033955473
2026-09-29,2025-07-30,"3.60%",0,3.6,0.111768438047082
2026-09-29,2025-07-30,"3.85%",25,3.85,0.055221596390285
2026-09-29,2025-07-30,"4.10%",50,4.1,0.020968708707398
2026-09-29,2025-07-30,"4.35%",75,4.35,0
2026-09-29,2025-07-30,"4.60%",100,4.6,0
2026-09-29,2025-07-30,"4.85%",125,4.85,0
2026-09-29,2025-07-30,"5.10%",150,5.1,0
2026-09-29,2025-07-30,"5.35%",175,5.35,0
2026-09-29,2025-07-30,"5.60%",200,5.6,0
2026-09-29,2025-07-30,"5.85%",225,5.85,0
2026-09-29,2025-07-30,"6.10%",250,6.1,0
2026-09-29,2025-07-31,"0.10%",-300,0.1,0
2026-09-29,2025-07-31,"0.35%",-300,0.35,0
2026-09-29,2025-07-31,"0.60%",-300,0.6,0
2026-09-29,2025-07-31,"0.85%",-275,0.85,0
2026-09-29,2025-07-31,"1.10%",-250,1.1,0
2026-09-29,2025-07-31,"1.35%",-225,1.35,0
2026-09-29,2025-07-31,"1.60%",-200,1.6,0
2026-09-29,2025-07-31,"1.85%",-175,1.85,0
2026-09-29,2025-07-31,"2.10%",-150,2.1,0.0230796748178621
2026-09-29,2025-07-31,"2.35%",-125,2.35,0.0611494259504413
2026-09-29,2025-07-31,"2.60%",-100,2.6,0.122629638992226
2026-09-29,2025-07-31,"2.85%",-75,2.85,0.186163469344011
2026-09-29,2025-07-31,"3.10%",-50,3.1,0.213955581790928
2026-09-29,2025-07-31,"3.35%",-25,3.35,0.186163469344009
2026-09-29,2025-07-31,"3.60%",0,3.6,0.122629638992223
2026-09-29,2025-07-31,"3.85%",25,3.85,0.061149425950439
2026-09-29,2025-07-31,"4.10%",50,4.1,0.023079674817861
2026-09-29,2025-07-31,"4.35%",75,4.35,0
2026-09-29,2025-07-31,"4.60%",100,4.6,0
2026-09-29,2025-07-31,"4.85%",125,4.85,0
2026-09-29,2025-07-31,"5.10%",150,5.1,0
2026-09-29,2025-07-31,"5.35%",175,5.35,0
2026-09-29,2025-07-31,"5.60%",200,5.6,0
2026-09-29,2025-07-31,"5.85%",225,5.85,0
2026-09-29,2025-07-31,"6.10%",250,6.1,0
2026-09-29,2025-08-01,"0.10%",-300,0.1,0
2026-09-29,2025-08-01,"0.35%",-300,0.35,0
2026-09-29,2025-08-01,"0.60%",-300,0.6,0
2026-09-29,2025-08-01,"0.85%",-275,0.85,0
2026-09-29,2025-08-01,"1.10%",-250,1.1,0
2026-09-29,2025-08-01,"1.35%",-225,1.35,0
2026-09-29,2025-08-01,"1.60%",-200,1.6,0
2026-09-29,2025-08-01,"1.85%",-175,1.85,0
2026-09-29,2025-08-01,"2.10%",-150,2.1,0.0268677551195184
2026-09-29,2025-08-01,"2.35%",-125,2.35,0.065468185242336
2026-09-29,2025-08-01,"2.60%",-100,2.6,0.123673352703432
2026-09-29,2025-08-01,"2.85%",-75,2.85,0.181137238378176
2026-09-29,2025-08-01,"3.10%",-50,3.1,0.205706937113082
2026-09-29,2025-08-01,"3.35%",-25,3.35,0.181137238378174
2026-09-29,2025-08-01,"3.60%",0,3.6,0.123673352703429
2026-09-29,2025-08-01,"3.85%",25,3.85,0.0654681852423336
2026-09-29,2025-08-01,"4.10%",50,4.1,0.0268677551195172
2026-09-29,2025-08-01,"4.35%",75,4.35,0
2026-09-29,2025-08-01,"4.60%",100,4.6,0
2026-09-29,2025-08-01,"4.85%",125,4.85,0
2026-09-29,2025-08-01,"5.10%",150,5.1,0
2026-09-29,2025-08-01,"5.35%",175,5.35,0
2026-09-29,2025-08-01,"5.60%",200,5.6,0
2026-09-29,2025-08-01,"5.85%",225,5.85,0
2026-09-29,2025-08-01,"6.10%",250,6.1,0
2026-09-29,2025-08-03,"0.10%",-300,0.1,0
2026-09-29,2025-08-03,"0.35%",-300,0.35,0
2026-09-29,2025-08-03,"0.60%",-300,0.6,0
2026-09-29,2025-08-03,"0.85%",-275,0.85,0
2026-09-29,2025-08-03,"1.10%",-250,1.1,0
2026-09-29,2025-08-03,"1.35%",-225,1.35,0
2026-09-29,2025-08-03,"1.60%",-200,1.6,0
2026-09-29,2025-08-03,"1.85%",-175,1.85,0.0148262326260421
2026-09-29,2025-08-03,"2.10%",-150,2.1,0.0389366027962965
2026-09-29,2025-08-03,"2.35%",-125,2.35,0.0815102037519405
2026-09-29,2025-08-03,"2.60%",-100,2.6,0.136026625132667
2026-09-29,2025-08-03,"2.85%",-75,2.85,0.180973973488847
2026-09-29,2025-08-03,"3.10%",-50,3.1,0.191955761507052
2026-09-29,2025-08-03,"3.35%",-25,3.35,0.162323584653879
2026-09-29,2025-08-03,"3.60%",0,3.6,0.109433457862072
2026-09-29,2025-08-03,"3.85%",25,3.85,0.0588151730848843
2026-09-29,2025-08-03,"4.10%",50,4.1,0.0251983850963194
2026-09-29,2025-08-03,"4.35%",75,4.35,0
2026-09-29,2025-08-03,"4.60%",100,4.6,0
2026-09-29,2025-08-03,"4.85%",125,4.85,0
2026-09-29,2025-08-03,"5.10%",150,5.1,0
2026-09-29,2025-08-03,"5.35%",175,5.35,0
2026-09-29,2025-08-03,"5.60%",200,5.6,0
2026-09-29,2025-08-03,"5.85%",225,5.85,0
2026-09-29,2025-08-03,"6.10%",250,6.1,0
2026-09-29,2025-08-04,"0.10%",-300,0.1,0
2026-09-29,2025-08-04,"0.35%",-300,0.35,0
2026-09-29,2025-08-04,"0.60%",-300,0.6,0
2026-09-29,2025-08-04,"0.85%",-275,0.85,0
2026-09-29,2025-08-04,"1.10%",-250,1.1,0
2026-09-29,2025-08-04,"1.35%",-225,1.35,0
2026-09-29,2025-08-04,"1.60%",-200,1.6,0
2026-09-29,2025-08-04,"1.85%",-175,1.85,0.0191205763499471
2026-09-29,2025-08-04,"2.10%",-150,2.1,0.0462512284277418
2026-09-29,2025-08-04,"2.35%",-125,2.35,0.0902825821497374
2026-09-29,2025-08-04,"2.60%",-100,2.6,0.142222147090404
2026-09-29,2025-08-04,"2.85%",-75,2.85,0.18081305384281
2026-09-29,2025-08-04,"3.10%",-50,3.1,0.185524200923433
2026-09-29,2025-08-04,"3.35%",-25,3.35,0.153631601955891
2026-09-29,2025-08-04,"3.60%",0,3.6,0.102674526195162
2026-09-29,2025-08-04,"3.85%",25,3.85,0.0553773442088716
2026-09-29,2025-08-04,"4.10%",50,4.1,0.0241027388560026
2026-09-29,2025-08-04,"4.35%",75,4.35,0
2026-09-29,2025-08-04,"4.60%",100,4.6,0
2026-09-29,2025-08-04,"4.85%",125,4.85,0
2026-09-29,2025-08-04,"5.10%",150,5.1,0
2026-09-29,2025-08-04,"5.35%",175,5.35,0
2026-09-29,2025-08-04,"5.60%",200,5.6,0
2026-09-29,2025-08-04,"5.85%",225,5.85,0
2026-09-29,2025-08-04,"6.10%",250,6.1,0
2026-09-29,2025-08-05,"0.10%",-300,0.1,0
2026-09-29,2025-08-05,"0.35%",-300,0.35,0
2026-09-29,2025-08-05,"0.60%",-300,0.6,0
2026-09-29,2025-08-05,"0.85%",-275,0.85,0
2026-09-29,2025-08-05,"1.10%",-250,1.1,0
2026-09-29,2025-08-05,"1.35%",-225,1.35,0
2026-09-29,2025-08-05,"1.60%",-200,1.6,0
2026-09-29,2025-08-05,"1.85%",-175,1.85,0.0120566298563221
2026-09-29,2025-08-05,"2.10%",-150,2.1,0.0347629132363608
2026-09-29,2025-08-05,"2.35%",-125,2.35,0.078161637146318
2026-09-29,2025-08-05,"2.60%",-100,2.6,0.137057727197658
2026-09-29,2025-08-05,"2.85%",-75,2.85,0.187446772490437
2026-09-29,2025-08-05,"3.10%",-50,3.1,0.199956360476244
2026-09-29,2025-08-05,"3.35%",-25,3.35,0.166371560310618
2026-09-29,2025-08-05,"3.60%",0,3.6,0.10796892831146
2026-09-29,2025-08-05,"3.85%",25,3.85,0.0546473745689787
2026-09-29,2025-08-05,"4.10%",50,4.1,0.0215700964056023
2026-09-29,2025-08-05,"4.35%",75,4.35,0
2026-09-29,2025-08-05,"4.60%",100,4.6,0
2026-09-29,2025-08-05,"4.85%",125,4.85,0
2026-09-29,2025-08-05,"5.10%",150,5.1,0
2026-09-29,2025-08-05,"5.35%",175,5.35,0
2026-09-29,2025-08-05,"5.60%",200,5.6,0
2026-09-29,2025-08-05,"5.85%",225,5.85,0
2026-09-29,2025-08-05,"6.10%",250,6.1,0
2026-09-29,2025-08-06,"0.10%",-300,0.1,0
2026-09-29,2025-08-06,"0.35%",-300,0.35,0
2026-09-29,2025-08-06,"0.60%",-300,0.6,0
2026-09-29,2025-08-06,"0.85%",-275,0.85,0
2026-09-29,2025-08-06,"1.10%",-250,1.1,0
2026-09-29,2025-08-06,"1.35%",-225,1.35,0
2026-09-29,2025-08-06,"1.60%",-200,1.6,0
2026-09-29,2025-08-06,"1.85%",-175,1.85,0.0184431548687236
2026-09-29,2025-08-06,"2.10%",-150,2.1,0.0449212859691527
2026-09-29,2025-08-06,"2.35%",-125,2.35,0.08832884059866
2026-09-29,2025-08-06,"2.60%",-100,2.6,0.140220179488914
2026-09-29,2025-08-06,"2.85%",-75,2.85,0.179718611654191
2026-09-29,2025-08-06,"3.10%",-50,3.1,0.185977040013433
2026-09-29,2025-08-06,"3.35%",-25,3.35,0.155385547273838
2026-09-29,2025-08-06,"3.60%",0,3.6,0.104819058364981
2026-09-29,2025-08-06,"3.85%",25,3.85,0.0570865445899504
2026-09-29,2025-08-06,"4.10%",50,4.1,0.0250997371781573
2026-09-29,2025-08-06,"4.35%",75,4.35,0
2026-09-29,2025-08-06,"4.60%",100,4.6,0
2026-09-29,2025-08-06,"4.85%",125,4.85,0
2026-09-29,2025-08-06,"5.10%",150,5.1,0
2026-09-29,2025-08-06,"5.35%",175,5.35,0
2026-09-29,2025-08-06,"5.60%",200,5.6,0
2026-09-29,2025-08-06,"5.85%",225,5.85,0
2026-09-29,2025-08-06,"6.10%",250,6.1,0
2026-09-29,2025-08-07,"0.10%",-300,0.1,0
2026-09-29,2025-08-07,"0.35%",-300,0.35,0
2026-09-29,2025-08-07,"0.60%",-300,0.6,0
2026-09-29,2025-08-07,"0.85%",-275,0.85,0
2026-09-29,2025-08-07,"1.10%",-250,1.1,0
2026-09-29,2025-08-07,"1.35%",-225,1.35,0
2026-09-29,2025-08-07,"1.60%",-200,1.6,0
2026-09-29,2025-08-07,"1.85%",-175,1.85,0.018429534723861
2026-09-29,2025-08-07,"2.10%",-150,2.1,0.0435768533832487
2026-09-29,2025-08-07,"2.35%",-125,2.35,0.0841859311815
2026-09-29,2025-08-07,"2.60%",-100,2.6,0.132887823941466
2026-09-29,2025-08-07,"2.85%",-75,2.85,0.17139845251748
2026-09-29,2025-08-07,"3.10%",-50,3.1,0.180639427209366
2026-09-29,2025-08-07,"3.35%",-25,3.35,0.155562094722557
2026-09-29,2025-08-07,"3.60%",0,3.6,0.109465166426113
2026-09-29,2025-08-07,"3.85%",25,3.85,0.0629387563270002
2026-09-29,2025-08-07,"4.10%",50,4.1,0.0295674291211491
2026-09-29,2025-08-07,"4.35%",75,4.35,0.0113485304462594
2026-09-29,2025-08-07,"4.60%",100,4.6,0
2026-09-29,2025-08-07,"4.85%",125,4.85,0
2026-09-29,2025-08-07,"5.10%",150,5.1,0
2026-09-29,2025-08-07,"5.35%",175,5.35,0
2026-09-29,2025-08-07,"5.60%",200,5.6,0
2026-09-29,2025-08-07,"5.85%",225,5.85,0
2026-09-29,2025-08-07,"6.10%",250,6.1,0
2026-09-29,2025-08-10,"0.10%",-300,0.1,0
2026-09-29,2025-08-10,"0.35%",-300,0.35,0
2026-09-29,2025-08-10,"0.60%",-300,0.6,0
2026-09-29,2025-08-10,"0.85%",-275,0.85,0
2026-09-29,2025-08-10,"1.10%",-250,1.1,0
2026-09-29,2025-08-10,"1.35%",-225,1.35,0
2026-09-29,2025-08-10,"1.60%",-200,1.6,0
2026-09-29,2025-08-10,"1.85%",-175,1.85,0.0184191098263327
2026-09-29,2025-08-10,"2.10%",-150,2.1,0.0440081095123003
2026-09-29,2025-08-10,"2.35%",-125,2.35,0.0855330613498887
2026-09-29,2025-08-10,"2.60%",-100,2.6,0.135236502341588
2026-09-29,2025-08-10,"2.85%",-75,2.85,0.173951217083125
2026-09-29,2025-08-10,"3.10%",-50,3.1,0.182030010003297
2026-09-29,2025-08-10,"3.35%",-25,3.35,0.15496799251606
2026-09-29,2025-08-10,"3.60%",0,3.6,0.10732951297439
2026-09-29,2025-08-10,"3.85%",25,3.85,0.0604731140398004
2026-09-29,2025-08-10,"4.10%",50,4.1,0.0277174264081068
2026-09-29,2025-08-10,"4.35%",75,4.35,0.0103339439451116
2026-09-29,2025-08-10,"4.60%",100,4.6,0
2026-09-29,2025-08-10,"4.85%",125,4.85,0
2026-09-29,2025-08-10,"5.10%",150,5.1,0
2026-09-29,2025-08-10,"5.35%",175,5.35,0
2026-09-29,2025-08-10,"5.60%",200,5.6,0
2026-09-29,2025-08-10,"5.85%",225,5.85,0
2026-09-29,2025-08-10,"6.10%",250,6.1,0
2026-09-29,2025-08-11,"0.10%",-300,0.1,0
2026-09-29,2025-08-11,"0.35%",-300,0.35,0
2026-09-29,2025-08-11,"0.60%",-300,0.6,0
2026-09-29,2025-08-11,"0.85%",-275,0.85,0
2026-09-29,2025-08-11,"1.10%",-250,1.1,0
2026-09-29,2025-08-11,"1.35%",-225,1.35,0
2026-09-29,2025-08-11,"1.60%",-200,1.6,0
2026-09-29,2025-08-11,"1.85%",-175,1.85,0.0175225528508464
2026-09-29,2025-08-11,"2.10%",-150,2.1,0.0437204728016323
2026-09-29,2025-08-11,"2.35%",-125,2.35,0.0875558966865373
2026-09-29,2025-08-11,"2.60%",-100,2.6,0.140742739601982
2026-09-29,2025-08-11,"2.85%",-75,2.85,0.181604025561349
2026-09-29,2025-08-11,"3.10%",-50,3.1,0.188102276334006
2026-09-29,2025-08-11,"3.35%",-25,3.35,0.156398707700587
2026-09-29,2025-08-11,"3.60%",0,3.6,0.104384343738022
2026-09-29,2025-08-11,"3.85%",25,3.85,0.0559222393196074
2026-09-29,2025-08-11,"4.10%",50,4.1,0.0240467454054307
2026-09-29,2025-08-11,"4.35%",75,4.35,0
2026-09-29,2025-08-11,"4.60%",100,4.6,0
2026-09-29,2025-08-11,"4.85%",125,4.85,0
2026-09-29,2025-08-11,"5.10%",150,5.1,0
2026-09-29,2025-08-11,"5.35%",175,5.35,0
2026-09-29,2025-08-11,"5.60%",200,5.6,0
2026-09-29,2025-08-11,"5.85%",225,5.85,0
2026-09-29,2025-08-11,"6.10%",250,6.1,0
2026-09-29,2025-08-12,"0.10%",-300,0.1,0
2026-09-29,2025-08-12,"0.35%",-300,0.35,0
2026-09-29,2025-08-12,"0.60%",-300,0.6,0
2026-09-29,2025-08-12,"0.85%",-275,0.85,0
2026-09-29,2025-08-12,"1.10%",-250,1.1,0
2026-09-29,2025-08-12,"1.35%",-225,1.35,0
2026-09-29,2025-08-12,"1.60%",-200,1.6,0
2026-09-29,2025-08-12,"1.85%",-175,1.85,0.0209707536277925
2026-09-29,2025-08-12,"2.10%",-150,2.1,0.0495239382868366
2026-09-29,2025-08-12,"2.35%",-125,2.35,0.0945393535281586
2026-09-29,2025-08-12,"2.60%",-100,2.6,0.14589125034029
2026-09-29,2025-08-12,"2.85%",-75,2.85,0.182003879014279
2026-09-29,2025-08-12,"3.10%",-50,3.1,0.183558657472519
2026-09-29,2025-08-12,"3.35%",-25,3.35,0.149662240624922
2026-09-29,2025-08-12,"3.60%",0,3.6,0.0986473262359469
2026-09-29,2025-08-12,"3.85%",25,3.85,0.0525628710077588
2026-09-29,2025-08-12,"4.10%",50,4.1,0.0226397298614972
2026-09-29,2025-08-12,"4.35%",75,4.35,0
2026-09-29,2025-08-12,"4.60%",100,4.6,0
2026-09-29,2025-08-12,"4.85%",125,4.85,0
2026-09-29,2025-08-12,"5.10%",150,5.1,0
2026-09-29,2025-08-12,"5.35%",175,5.35,0
2026-09-29,2025-08-12,"5.60%",200,5.6,0
2026-09-29,2025-08-12,"5.85%",225,5.85,0
2026-09-29,2025-08-12,"6.10%",250,6.1,0
2026-09-29,2025-08-13,"0.10%",-300,0.1,0
2026-09-29,2025-08-13,"0.35%",-300,0.35,0
2026-09-29,2025-08-13,"0.60%",-300,0.6,0
2026-09-29,2025-08-13,"0.85%",-275,0.85,0
2026-09-29,2025-08-13,"1.10%",-250,1.1,0
2026-09-29,2025-08-13,"1.35%",-225,1.35,0
2026-09-29,2025-08-13,"1.60%",-200,1.6,0
2026-09-29,2025-08-13,"1.85%",-175,1.85,0.0229219425629511
2026-09-29,2025-08-13,"2.10%",-150,2.1,0.0526132356108545
2026-09-29,2025-08-13,"2.35%",-125,2.35,0.0980054145494077
2026-09-29,2025-08-13,"2.60%",-100,2.6,0.148162197951164
2026-09-29,2025-08-13,"2.85%",-75,2.85,0.181790468664066
2026-09-29,2025-08-13,"3.10%",-50,3.1,0.181033188139254
2026-09-29,2025-08-13,"3.35%",-25,3.35,0.146318263854962
2026-09-29,2025-08-13,"3.60%",0,3.6,0.0959808971091172
2026-09-29,2025-08-13,"3.85%",25,3.85,0.0510978524241457
2026-09-29,2025-08-13,"4.10%",50,4.1,0.022076539134077
2026-09-29,2025-08-13,"4.35%",75,4.35,0
2026-09-29,2025-08-13,"4.60%",100,4.6,0
2026-09-29,2025-08-13,"4.85%",125,4.85,0
2026-09-29,2025-08-13,"5.10%",150,5.1,0
2026-09-29,2025-08-13,"5.35%",175,5.35,0
2026-09-29,2025-08-13,"5.60%",200,5.6,0
2026-09-29,2025-08-13,"5.85%",225,5.85,0
2026-09-29,2025-08-13,"6.10%",250,6.1,0
2026-09-29,2025-08-14,"0.10%",-300,0.1,0
2026-09-29,2025-08-14,"0.35%",-300,0.35,0
2026-09-29,2025-08-14,"0.60%",-300,0.6,0
2026-09-29,2025-08-14,"0.85%",-275,0.85,0
2026-09-29,2025-08-14,"1.10%",-250,1.1,0
2026-09-29,2025-08-14,"1.35%",-225,1.35,0
2026-09-29,2025-08-14,"1.60%",-200,1.6,0
2026-09-29,2025-08-14,"1.85%",-175,1.85,0.0158224877645912
2026-09-29,2025-08-14,"2.10%",-150,2.1,0.0433181890252156
2026-09-29,2025-08-14,"2.35%",-125,2.35,0.0921860026877608
2026-09-29,2025-08-14,"2.60%",-100,2.6,0.152511613862976
2026-09-29,2025-08-14,"2.85%",-75,2.85,0.196161706659461
2026-09-29,2025-08-14,"3.10%",-50,3.1,0.19616170665946
2026-09-29,2025-08-14,"3.35%",-25,3.35,0.152511613862973
2026-09-29,2025-08-14,"3.60%",0,3.6,0.0921860026877582
2026-09-29,2025-08-14,"3.85%",25,3.85,0.0433181890252139
2026-09-29,2025-08-14,"4.10%",50,4.1,0.0158224877645904
2026-09-29,2025-08-14,"4.35%",75,4.35,0
2026-09-29,2025-08-14,"4.60%",100,4.6,0
2026-09-29,2025-08-14,"4.85%",125,4.85,0
2026-09-29,2025-08-14,"5.10%",150,5.1,0
2026-09-29,2025-08-14,"5.35%",175,5.35,0
2026-09-29,2025-08-14,"5.60%",200,5.6,0
2026-09-29,2025-08-14,"5.85%",225,5.85,0
2026-09-29,2025-08-14,"6.10%",250,6.1,0
2026-09-29,2025-08-17,"0.10%",-300,0.1,0
2026-09-29,2025-08-17,"0.35%",-300,0.35,0
2026-09-29,2025-08-17,"0.60%",-300,0.6,0
2026-09-29,2025-08-17,"0.85%",-275,0.85,0
2026-09-29,2025-08-17,"1.10%",-250,1.1,0
2026-09-29,2025-08-17,"1.35%",-225,1.35,0
2026-09-29,2025-08-17,"1.60%",-200,1.6,0
2026-09-29,2025-08-17,"1.85%",-175,1.85,0.0225040823809882
2026-09-29,2025-08-17,"2.10%",-150,2.1,0.0505789635508451
2026-09-29,2025-08-17,"2.35%",-125,2.35,0.0932985759990514
2026-09-29,2025-08-17,"2.60%",-100,2.6,0.141251772381052
2026-09-29,2025-08-17,"2.85%",-75,2.85,0.175524817059125
2026-09-29,2025-08-17,"3.10%",-50,3.1,0.179025624645745
2026-09-29,2025-08-17,"3.35%",-25,3.35,0.149873375226768
2026-09-29,2025-08-17,"3.60%",0,3.6,0.102981977737455
2026-09-29,2025-08-17,"3.85%",25,3.85,0.0580783936238677
2026-09-29,2025-08-17,"4.10%",50,4.1,0.0268824173951028
2026-09-29,2025-08-17,"4.35%",75,4.35,0
2026-09-29,2025-08-17,"4.60%",100,4.6,0
2026-09-29,2025-08-17,"4.85%",125,4.85,0
2026-09-29,2025-08-17,"5.10%",150,5.1,0
2026-09-29,2025-08-17,"5.35%",175,5.35,0
2026-09-29,2025-08-17,"5.60%",200,5.6,0
2026-09-29,2025-08-17,"5.85%",225,5.85,0
2026-09-29,2025-08-17,"6.10%",250,6.1,0
2026-09-29,2025-08-18,"0.10%",-300,0.1,0
2026-09-29,2025-08-18,"0.35%",-300,0.35,0
2026-09-29,2025-08-18,"0.60%",-300,0.6,0
2026-09-29,2025-08-18,"0.85%",-275,0.85,0
2026-09-29,2025-08-18,"1.10%",-250,1.1,0
2026-09-29,2025-08-18,"1.35%",-225,1.35,0
2026-09-29,2025-08-18,"1.60%",-200,1.6,0
2026-09-29,2025-08-18,"1.85%",-175,1.85,0.0192365708106121
2026-09-29,2025-08-18,"2.10%",-150,2.1,0.0439317943407122
2026-09-29,2025-08-18,"2.35%",-125,2.35,0.0828682715604732
2026-09-29,2025-08-18,"2.60%",-100,2.6,0.129113571272906
2026-09-29,2025-08-18,"2.85%",-75,2.85,0.166165671422857
2026-09-29,2025-08-18,"3.10%",-50,3.1,0.17664573139664
2026-09-29,2025-08-18,"3.35%",-25,3.35,0.155116869001615
2026-09-29,2025-08-18,"3.60%",0,3.6,0.112513731347141
2026-09-29,2025-08-18,"3.85%",25,3.85,0.0674115373114051
2026-09-29,2025-08-18,"4.10%",50,4.1,0.0333604498103458
2026-09-29,2025-08-18,"4.35%",75,4.35,0.0136358017252917
2026-09-29,2025-08-18,"4.60%",100,4.6,0
2026-09-29,2025-08-18,"4.85%",125,4.85,0
2026-09-29,2025-08-18,"5.10%",150,5.1,0
2026-09-29,2025-08-18,"5.35%",175,5.35,0
2026-09-29,2025-08-18,"5.60%",200,5.6,0
2026-09-29,2025-08-18,"5.85%",225,5.85,0
2026-09-29,2025-08-18,"6.10%",250,6.1,0
2026-09-29,2025-08-19,"0.10%",-300,0.1,0
2026-09-29,2025-08-19,"0.35%",-300,0.35,0
2026-09-29,2025-08-19,"0.60%",-300,0.6,0
2026-09-29,2025-08-19,"0.85%",-275,0.85,0
2026-09-29,2025-08-19,"1.10%",-250,1.1,0
2026-09-29,2025-08-19,"1.35%",-225,1.35,0
2026-09-29,2025-08-19,"1.60%",-200,1.6,0
2026-09-29,2025-08-19,"1.85%",-175,1.85,0.0173873790684951
2026-09-29,2025-08-19,"2.10%",-150,2.1,0.0430955757061793
2026-09-29,2025-08-19,"2.35%",-125,2.35,0.086048378841086
2026-09-29,2025-08-19,"2.60%",-100,2.6,0.138417072231303
2026-09-29,2025-08-19,"2.85%",-75,2.85,0.17938721554675
2026-09-29,2025-08-19,"3.10%",-50,3.1,0.187308753439782
2026-09-29,2025-08-19,"3.35%",-25,3.35,0.15757636236452
2026-09-29,2025-08-19,"3.60%",0,3.6,0.106803101777079
2026-09-29,2025-08-19,"3.85%",25,3.85,0.0583205649324882
2026-09-29,2025-08-19,"4.10%",50,4.1,0.0256555960923182
2026-09-29,2025-08-19,"4.35%",75,4.35,0
2026-09-29,2025-08-19,"4.60%",100,4.6,0
2026-09-29,2025-08-19,"4.85%",125,4.85,0
2026-09-29,2025-08-19,"5.10%",150,5.1,0
2026-09-29,2025-08-19,"5.35%",175,5.35,0
2026-09-29,2025-08-19,"5.60%",200,5.6,0
2026-09-29,2025-08-19,"5.85%",225,5.85,0
2026-09-29,2025-08-19,"6.10%",250,6.1,0
2026-09-29,2025-08-20,"0.10%",-300,0.1,0
2026-09-29,2025-08-20,"0.35%",-300,0.35,0
2026-09-29,2025-08-20,"0.60%",-300,0.6,0
2026-09-29,2025-08-20,"0.85%",-275,0.85,0
2026-09-29,2025-08-20,"1.10%",-250,1.1,0
2026-09-29,2025-08-20,"1.35%",-225,1.35,0
2026-09-29,2025-08-20,"1.60%",-200,1.6,0
2026-09-29,2025-08-20,"1.85%",-175,1.85,0.0168986708356333
2026-09-29,2025-08-20,"2.10%",-150,2.1,0.0428872259323466
2026-09-29,2025-08-20,"2.35%",-125,2.35,0.0870037489608711
2026-09-29,2025-08-20,"2.60%",-100,2.6,0.141094990974382
2026-09-29,2025-08-20,"2.85%",-75,2.85,0.182923333803878
2026-09-29,2025-08-20,"3.10%",-50,3.1,0.189592665089112
2026-09-29,2025-08-20,"3.35%",-25,3.35,0.157097906049317
2026-09-29,2025-08-20,"3.60%",0,3.6,0.104065720389774
2026-09-29,2025-08-20,"3.85%",25,3.85,0.0551081809769525
2026-09-29,2025-08-20,"4.10%",50,4.1,0.0233275569877331
2026-09-29,2025-08-20,"4.35%",75,4.35,0
2026-09-29,2025-08-20,"4.60%",100,4.6,0
2026-09-29,2025-08-20,"4.85%",125,4.85,0
2026-09-29,2025-08-20,"5.10%",150,5.1,0
2026-09-29,2025-08-20,"5.35%",175,5.35,0
2026-09-29,2025-08-20,"5.60%",200,5.6,0
2026-09-29,2025-08-20,"5.85%",225,5.85,0
2026-09-29,2025-08-20,"6.10%",250,6.1,0
2026-09-29,2025-08-21,"0.10%",-300,0.1,0
2026-09-29,2025-08-21,"0.35%",-300,0.35,0
2026-09-29,2025-08-21,"0.60%",-300,0.6,0
2026-09-29,2025-08-21,"0.85%",-275,0.85,0
2026-09-29,2025-08-21,"1.10%",-250,1.1,0
2026-09-29,2025-08-21,"1.35%",-225,1.35,0
2026-09-29,2025-08-21,"1.60%",-200,1.6,0
2026-09-29,2025-08-21,"1.85%",-175,1.85,0.0129450626780839
2026-09-29,2025-08-21,"2.10%",-150,2.1,0.035953865746256
2026-09-29,2025-08-21,"2.35%",-125,2.35,0.0786471865386604
2026-09-29,2025-08-21,"2.60%",-100,2.6,0.13550509389874
2026-09-29,2025-08-21,"2.85%",-75,2.85,0.183903694427202
2026-09-29,2025-08-21,"3.10%",-50,3.1,0.196609012472786
2026-09-29,2025-08-21,"3.35%",-25,3.35,0.165576230817734
2026-09-29,2025-08-21,"3.60%",0,3.6,0.109841199918368
2026-09-29,2025-08-21,"3.85%",25,3.85,0.0573963449887446
2026-09-29,2025-08-21,"4.10%",50,4.1,0.023622308513426
2026-09-29,2025-08-21,"4.35%",75,4.35,0
2026-09-29,2025-08-21,"4.60%",100,4.6,0
2026-09-29,2025-08-21,"4.85%",125,4.85,0
2026-09-29,2025-08-21,"5.10%",150,5.1,0
2026-09-29,2025-08-21,"5.35%",175,5.35,0
2026-09-29,2025-08-21,"5.60%",200,5.6,0
2026-09-29,2025-08-21,"5.85%",225,5.85,0
2026-09-29,2025-08-21,"6.10%",250,6.1,0
2026-09-29,2025-08-24,"0.10%",-300,0.1,0
2026-09-29,2025-08-24,"0.35%",-300,0.35,0
2026-09-29,2025-08-24,"0.60%",-300,0.6,0
2026-09-29,2025-08-24,"0.85%",-275,0.85,0
2026-09-29,2025-08-24,"1.10%",-250,1.1,0
2026-09-29,2025-08-24,"1.35%",-225,1.35,0
2026-09-29,2025-08-24,"1.60%",-200,1.6,0
2026-09-29,2025-08-24,"1.85%",-175,1.85,0.0131267134151055
2026-09-29,2025-08-24,"2.10%",-150,2.1,0.0374598226716681
2026-09-29,2025-08-24,"2.35%",-125,2.35,0.0830700868891737
2026-09-29,2025-08-24,"2.60%",-100,2.6,0.143165785856262
2026-09-29,2025-08-24,"2.85%",-75,2.85,0.191770602557447
2026-09-29,2025-08-24,"3.10%",-50,3.1,0.199659895375533
2026-09-29,2025-08-24,"3.35%",-25,3.35,0.161572755875787
2026-09-29,2025-08-24,"3.60%",0,3.6,0.101625098717979
2026-09-29,2025-08-24,"3.85%",25,3.85,0.0496776956141148
2026-09-29,2025-08-24,"4.10%",50,4.1,0.0188715430269313
2026-09-29,2025-08-24,"4.35%",75,4.35,0
2026-09-29,2025-08-24,"4.60%",100,4.6,0
2026-09-29,2025-08-24,"4.85%",125,4.85,0
2026-09-29,2025-08-24,"5.10%",150,5.1,0
2026-09-29,2025-08-24,"5.35%",175,5.35,0
2026-09-29,2025-08-24,"5.60%",200,5.6,0
2026-09-29,2025-08-24,"5.85%",225,5.85,0
2026-09-29,2025-08-24,"6.10%",250,6.1,0
2026-09-29,2025-08-25,"0.10%",-300,0.1,0
2026-09-29,2025-08-25,"0.35%",-300,0.35,0
2026-09-29,2025-08-25,"0.60%",-300,0.6,0
2026-09-29,2025-08-25,"0.85%",-275,0.85,0
2026-09-29,2025-08-25,"1.10%",-250,1.1,0
2026-09-29,2025-08-25,"1.35%",-225,1.35,0
2026-09-29,2025-08-25,"1.60%",-200,1.6,0
2026-09-29,2025-08-25,"1.85%",-175,1.85,0.0124163969479548
2026-09-29,2025-08-25,"2.10%",-150,2.1,0.0359323776867686
2026-09-29,2025-08-25,"2.35%",-125,2.35,0.0807306068588896
2026-09-29,2025-08-25,"2.60%",-100,2.6,0.14083155711676
2026-09-29,2025-08-25,"2.85%",-75,2.85,0.190767724604211
2026-09-29,2025-08-25,"3.10%",-50,3.1,0.200665011315878
2026-09-29,2025-08-25,"3.35%",-25,3.35,0.16390921870402
2026-09-29,2025-08-25,"3.60%",0,3.6,0.103965099236284
2026-09-29,2025-08-25,"3.85%",25,3.85,0.0512031251889203
2026-09-29,2025-08-25,"4.10%",50,4.1,0.0195788823403146
2026-09-29,2025-08-25,"4.35%",75,4.35,0
2026-09-29,2025-08-25,"4.60%",100,4.6,0
2026-09-29,2025-08-25,"4.85%",125,4.85,0
2026-09-29,2025-08-25,"5.10%",150,5.1,0
2026-09-29,2025-08-25,"5.35%",175,5.35,0
2026-09-29,2025-08-25,"5.60%",200,5.6,0
2026-09-29,2025-08-25,"5.85%",225,5.85,0
2026-09-29,2025-08-25,"6.10%",250,6.1,0
2026-09-29,2025-08-26,"0.10%",-300,0.1,0
2026-09-29,2025-08-26,"0.35%",-300,0.35,0
2026-09-29,2025-08-26,"0.60%",-300,0.6,0
2026-09-29,2025-08-26,"0.85%",-275,0.85,0
2026-09-29,2025-08-26,"1.10%",-250,1.1,0
2026-09-29,2025-08-26,"1.35%",-225,1.35,0
2026-09-29,2025-08-26,"1.60%",-200,1.6,0
2026-09-29,2025-08-26,"1.85%",-175,1.85,0
2026-09-29,2025-08-26,"2.10%",-150,2.1,0.0292225748980967
2026-09-29,2025-08-26,"2.35%",-125,2.35,0.0724503043068478
2026-09-29,2025-08-26,"2.60%",-100,2.6,0.136403158071905
2026-09-29,2025-08-26,"2.85%",-75,2.85,0.195038437926453
2026-09-29,2025-08-26,"3.10%",-50,3.1,0.211814621086221
2026-09-29,2025-08-26,"3.35%",-25,3.35,0.17471822624916
2026-09-29,2025-08-26,"3.60%",0,3.6,0.109459044492157
2026-09-29,2025-08-26,"3.85%",25,3.85,0.0520786158709105
2026-09-29,2025-08-26,"4.10%",50,4.1,0.0188150170982481
2026-09-29,2025-08-26,"4.35%",75,4.35,0
2026-09-29,2025-08-26,"4.60%",100,4.6,0
2026-09-29,2025-08-26,"4.85%",125,4.85,0
2026-09-29,2025-08-26,"5.10%",150,5.1,0
2026-09-29,2025-08-26,"5.35%",175,5.35,0
2026-09-29,2025-08-26,"5.60%",200,5.6,0
2026-09-29,2025-08-26,"5.85%",225,5.85,0
2026-09-29,2025-08-26,"6.10%",250,6.1,0
2026-09-29,2025-08-27,"0.10%",-300,0.1,0
2026-09-29,2025-08-27,"0.35%",-300,0.35,0
2026-09-29,2025-08-27,"0.60%",-300,0.6,0
2026-09-29,2025-08-27,"0.85%",-275,0.85,0
2026-09-29,2025-08-27,"1.10%",-250,1.1,0
2026-09-29,2025-08-27,"1.35%",-225,1.35,0
2026-09-29,2025-08-27,"1.60%",-200,1.6,0
2026-09-29,2025-08-27,"1.85%",-175,1.85,0.0106557657322672
2026-09-29,2025-08-27,"2.10%",-150,2.1,0.0328522105812178
2026-09-29,2025-08-27,"2.35%",-125,2.35,0.0775529469622113
2026-09-29,2025-08-27,"2.60%",-100,2.6,0.140198962013698
2026-09-29,2025-08-27,"2.85%",-75,2.85,0.194109166649797
2026-09-29,2025-08-27,"3.10%",-50,3.1,0.205838008141434
2026-09-29,2025-08-27,"3.35%",-25,3.35,0.167181282516297
2026-09-29,2025-08-27,"3.60%",0,3.6,0.103996128924741
2026-09-29,2025-08-27,"3.85%",25,3.85,0.049542753679529
2026-09-29,2025-08-27,"4.10%",50,4.1,0.0180727747988067
2026-09-29,2025-08-27,"4.35%",75,4.35,0
2026-09-29,2025-08-27,"4.60%",100,4.6,0
2026-09-29,2025-08-27,"4.85%",125,4.85,0
2026-09-29,2025-08-27,"5.10%",150,5.1,0
2026-09-29,2025-08-27,"5.35%",175,5.35,0
2026-09-29,2025-08-27,"5.60%",200,5.6,0
2026-09-29,2025-08-27,"5.85%",225,5.85,0
2026-09-29,2025-08-27,"6.10%",250,6.1,0
2026-09-29,2025-08-28,"0.10%",-300,0.1,0
2026-09-29,2025-08-28,"0.35%",-300,0.35,0
2026-09-29,2025-08-28,"0.60%",-300,0.6,0
2026-09-29,2025-08-28,"0.85%",-275,0.85,0
2026-09-29,2025-08-28,"1.10%",-250,1.1,0
2026-09-29,2025-08-28,"1.35%",-225,1.35,0
2026-09-29,2025-08-28,"1.60%",-200,1.6,0
2026-09-29,2025-08-28,"1.85%",-175,1.85,0.0110399367015312
2026-09-29,2025-08-28,"2.10%",-150,2.1,0.0331118001040107
2026-09-29,2025-08-28,"2.35%",-125,2.35,0.0767285732324319
2026-09-29,2025-08-28,"2.60%",-100,2.6,0.137385760360577
2026-09-29,2025-08-28,"2.85%",-75,2.85,0.190096367465412
2026-09-29,2025-08-28,"3.10%",-50,3.1,0.20327059758723
2026-09-29,2025-08-28,"3.35%",-25,3.35,0.167976435050045
2026-09-29,2025-08-28,"3.60%",0,3.6,0.107271094968931
2026-09-29,2025-08-28,"3.85%",25,3.85,0.0529356975366575
2026-09-29,2025-08-28,"4.10%",50,4.1,0.0201837369931732
2026-09-29,2025-08-28,"4.35%",75,4.35,0
2026-09-29,2025-08-28,"4.60%",100,4.6,0
2026-09-29,2025-08-28,"4.85%",125,4.85,0
2026-09-29,2025-08-28,"5.10%",150,5.1,0
2026-09-29,2025-08-28,"5.35%",175,5.35,0
2026-09-29,2025-08-28,"5.60%",200,5.6,0
2026-09-29,2025-08-28,"5.85%",225,5.85,0
2026-09-29,2025-08-28,"6.10%",250,6.1,0
2026-09-29,2025-08-31,"0.10%",-300,0.1,0
2026-09-29,2025-08-31,"0.35%",-300,0.35,0
2026-09-29,2025-08-31,"0.60%",-300,0.6,0
2026-09-29,2025-08-31,"0.85%",-275,0.85,0
2026-09-29,2025-08-31,"1.10%",-250,1.1,0
2026-09-29,2025-08-31,"1.35%",-225,1.35,0
2026-09-29,2025-08-31,"1.60%",-200,1.6,0
2026-09-29,2025-08-31,"1.85%",-175,1.85,0
2026-09-29,2025-08-31,"2.10%",-150,2.1,0.0267403639420643
2026-09-29,2025-08-31,"2.35%",-125,2.35,0.0693374863023567
2026-09-29,2025-08-31,"2.60%",-100,2.6,0.134919487686079
2026-09-29,2025-08-31,"2.85%",-75,2.85,0.197036026818627
2026-09-29,2025-08-31,"3.10%",-50,3.1,0.215980778050802
2026-09-29,2025-08-31,"3.35%",-25,3.35,0.177701637305548
2026-09-29,2025-08-31,"3.60%",0,3.6,0.109737961860633
2026-09-29,2025-08-31,"3.85%",25,3.85,0.0508590626563931
2026-09-29,2025-08-31,"4.10%",50,4.1,0.0176871953774965
2026-09-29,2025-08-31,"4.35%",75,4.35,0
2026-09-29,2025-08-31,"4.60%",100,4.6,0
2026-09-29,2025-08-31,"4.85%",125,4.85,0
2026-09-29,2025-08-31,"5.10%",150,5.1,0
2026-09-29,2025-08-31,"5.35%",175,5.35,0
2026-09-29,2025-08-31,"5.60%",200,5.6,0
2026-09-29,2025-08-31,"5.85%",225,5.85,0
2026-09-29,2025-08-31,"6.10%",250,6.1,0
2026-09-29,2025-09-01,"0.10%",-300,0.1,0
2026-09-29,2025-09-01,"0.35%",-300,0.35,0
2026-09-29,2025-09-01,"0.60%",-300,0.6,0
2026-09-29,2025-09-01,"0.85%",-275,0.85,0
2026-09-29,2025-09-01,"1.10%",-250,1.1,0
2026-09-29,2025-09-01,"1.35%",-225,1.35,0
2026-09-29,2025-09-01,"1.60%",-200,1.6,0
2026-09-29,2025-09-01,"1.85%",-175,1.85,0
2026-09-29,2025-09-01,"2.10%",-150,2.1,0.0228102979686942
2026-09-29,2025-09-01,"2.35%",-125,2.35,0.0625040818258668
2026-09-29,2025-09-01,"2.60%",-100,2.6,0.127530572740309
2026-09-29,2025-09-01,"2.85%",-75,2.85,0.193783341275875
2026-09-29,2025-09-01,"3.10%",-50,3.1,0.219308554967496
2026-09-29,2025-09-01,"3.35%",-25,3.35,0.184860420728541
2026-09-29,2025-09-01,"3.60%",0,3.6,0.116055216452533
2026-09-29,2025-09-01,"3.85%",25,3.85,0.0542590906691028
2026-09-29,2025-09-01,"4.10%",50,4.1,0.018888423371582
2026-09-29,2025-09-01,"4.35%",75,4.35,0
2026-09-29,2025-09-01,"4.60%",100,4.6,0
2026-09-29,2025-09-01,"4.85%",125,4.85,0
2026-09-29,2025-09-01,"5.10%",150,5.1,0
2026-09-29,2025-09-01,"5.35%",175,5.35,0
2026-09-29,2025-09-01,"5.60%",200,5.6,0
2026-09-29,2025-09-01,"5.85%",225,5.85,0
2026-09-29,2025-09-01,"6.10%",250,6.1,0
2026-09-29,2025-09-02,"0.10%",-300,0.1,0
2026-09-29,2025-09-02,"0.35%",-300,0.35,0
2026-09-29,2025-09-02,"0.60%",-300,0.6,0
2026-09-29,2025-09-02,"0.85%",-275,0.85,0
2026-09-29,2025-09-02,"1.10%",-250,1.1,0
2026-09-29,2025-09-02,"1.35%",-225,1.35,0
2026-09-29,2025-09-02,"1.60%",-200,1.6,0
2026-09-29,2025-09-02,"1.85%",-175,1.85,0
2026-09-29,2025-09-02,"2.10%",-150,2.1,0.0174752728488534
2026-09-29,2025-09-02,"2.35%",-125,2.35,0.049912144466075
2026-09-29,2025-09-02,"2.60%",-100,2.6,0.107497356704118
2026-09-29,2025-09-02,"2.85%",-75,2.85,0.174607104484493
2026-09-29,2025-09-02,"3.10%",-50,3.1,0.213914278708977
2026-09-29,2025-09-02,"3.35%",-25,3.35,0.197673697103504
2026-09-29,2025-09-02,"3.60%",0,3.6,0.137778805073057
2026-09-29,2025-09-02,"3.85%",25,3.85,0.072428495088809
2026-09-29,2025-09-02,"4.10%",50,4.1,0.0287128455221131
2026-09-29,2025-09-02,"4.35%",75,4.35,0
2026-09-29,2025-09-02,"4.60%",100,4.6,0
2026-09-29,2025-09-02,"4.85%",125,4.85,0
2026-09-29,2025-09-02,"5.10%",150,5.1,0
2026-09-29,2025-09-02,"5.35%",175,5.35,0
2026-09-29,2025-09-02,"5.60%",200,5.6,0
2026-09-29,2025-09-02,"5.85%",225,5.85,0
2026-09-29,2025-09-02,"6.10%",250,6.1,0
2026-09-29,2025-09-03,"0.10%",-300,0.1,0
2026-09-29,2025-09-03,"0.35%",-300,0.35,0
2026-09-29,2025-09-03,"0.60%",-300,0.6,0
2026-09-29,2025-09-03,"0.85%",-275,0.85,0
2026-09-29,2025-09-03,"1.10%",-250,1.1,0
2026-09-29,2025-09-03,"1.35%",-225,1.35,0
2026-09-29,2025-09-03,"1.60%",-200,1.6,0
2026-09-29,2025-09-03,"1.85%",-175,1.85,0
2026-09-29,2025-09-03,"2.10%",-150,2.1,0.0210048483580309
2026-09-29,2025-09-03,"2.35%",-125,2.35,0.0574120456447505
2026-09-29,2025-09-03,"2.60%",-100,2.6,0.118293454626845
2026-09-29,2025-09-03,"2.85%",-75,2.85,0.183760766572946
2026-09-29,2025-09-03,"3.10%",-50,3.1,0.2152369873105
2026-09-29,2025-09-03,"3.35%",-25,3.35,0.190093272888751
2026-09-29,2025-09-03,"3.60%",0,3.6,0.126587712219668
2026-09-29,2025-09-03,"3.85%",25,3.85,0.0635559890735749
2026-09-29,2025-09-03,"4.10%",50,4.1,0.0240549233049337
2026-09-29,2025-09-03,"4.35%",75,4.35,0
2026-09-29,2025-09-03,"4.60%",100,4.6,0
2026-09-29,2025-09-03,"4.85%",125,4.85,0
2026-09-29,2025-09-03,"5.10%",150,5.1,0
2026-09-29,2025-09-03,"5.35%",175,5.35,0
2026-09-29,2025-09-03,"5.60%",200,5.6,0
2026-09-29,2025-09-03,"5.85%",225,5.85,0
2026-09-29,2025-09-03,"6.10%",250,6.1,0
2026-09-29,2025-09-04,"0.10%",-300,0.1,0
2026-09-29,2025-09-04,"0.35%",-300,0.35,0
2026-09-29,2025-09-04,"0.60%",-300,0.6,0
2026-09-29,2025-09-04,"0.85%",-275,0.85,0
2026-09-29,2025-09-04,"1.10%",-250,1.1,0
2026-09-29,2025-09-04,"1.35%",-225,1.35,0
2026-09-29,2025-09-04,"1.60%",-200,1.6,0
2026-09-29,2025-09-04,"1.85%",-175,1.85,0
2026-09-29,2025-09-04,"2.10%",-150,2.1,0.0226646981266818
2026-09-29,2025-09-04,"2.35%",-125,2.35,0.0598566066473607
2026-09-29,2025-09-04,"2.60%",-100,2.6,0.120137355010446
2026-09-29,2025-09-04,"2.85%",-75,2.85,0.183274085911946
2026-09-29,2025-09-04,"3.10%",-50,3.1,0.212527016699575
2026-09-29,2025-09-04,"3.35%",-25,3.35,0.187339372102301
2026-09-29,2025-09-04,"3.60%",0,3.6,0.12552660910119
2026-09-29,2025-09-04,"3.85%",25,3.85,0.0639297436547953
2026-09-29,2025-09-04,"4.10%",50,4.1,0.0247445127457032
2026-09-29,2025-09-04,"4.35%",75,4.35,0
2026-09-29,2025-09-04,"4.60%",100,4.6,0
2026-09-29,2025-09-04,"4.85%",125,4.85,0
2026-09-29,2025-09-04,"5.10%",150,5.1,0
2026-09-29,2025-09-04,"5.35%",175,5.35,0
2026-09-29,2025-09-04,"5.60%",200,5.6,0
2026-09-29,2025-09-04,"5.85%",225,5.85,0
2026-09-29,2025-09-04,"6.10%",250,6.1,0
2026-09-29,2025-09-07,"0.10%",-300,0.1,0
2026-09-29,2025-09-07,"0.35%",-300,0.35,0
2026-09-29,2025-09-07,"0.60%",-300,0.6,0
2026-09-29,2025-09-07,"0.85%",-275,0.85,0
2026-09-29,2025-09-07,"1.10%",-250,1.1,0
2026-09-29,2025-09-07,"1.35%",-225,1.35,0
2026-09-29,2025-09-07,"1.60%",-200,1.6,0
2026-09-29,2025-09-07,"1.85%",-175,1.85,0
2026-09-29,2025-09-07,"2.10%",-150,2.1,0.0256369914937195
2026-09-29,2025-09-07,"2.35%",-125,2.35,0.0662476895619732
2026-09-29,2025-09-07,"2.60%",-100,2.6,0.129466053110654
2026-09-29,2025-09-07,"2.85%",-75,2.85,0.191371271724591
2026-09-29,2025-09-07,"3.10%",-50,3.1,0.213976265556271
2026-09-29,2025-09-07,"3.35%",-25,3.35,0.180980524865677
2026-09-29,2025-09-07,"3.60%",0,3.6,0.115787439656689
2026-09-29,2025-09-07,"3.85%",25,3.85,0.0560296073311823
2026-09-29,2025-09-07,"4.10%",50,4.1,0.0205041566992432
2026-09-29,2025-09-07,"4.35%",75,4.35,0
2026-09-29,2025-09-07,"4.60%",100,4.6,0
2026-09-29,2025-09-07,"4.85%",125,4.85,0
2026-09-29,2025-09-07,"5.10%",150,5.1,0
2026-09-29,2025-09-07,"5.35%",175,5.35,0
2026-09-29,2025-09-07,"5.60%",200,5.6,0
2026-09-29,2025-09-07,"5.85%",225,5.85,0
2026-09-29,2025-09-07,"6.10%",250,6.1,0
2026-09-29,2025-09-08,"0.10%",-300,0.1,0
2026-09-29,2025-09-08,"0.35%",-300,0.35,0
2026-09-29,2025-09-08,"0.60%",-300,0.6,0
2026-09-29,2025-09-08,"0.85%",-275,0.85,0
2026-09-29,2025-09-08,"1.10%",-250,1.1,0
2026-09-29,2025-09-08,"1.35%",-225,1.35,0
2026-09-29,2025-09-08,"1.60%",-200,1.6,0
2026-09-29,2025-09-08,"1.85%",-175,1.85,0
2026-09-29,2025-09-08,"2.10%",-150,2.1,0.0245289094675152
2026-09-29,2025-09-08,"2.35%",-125,2.35,0.063681535825438
2026-09-29,2025-09-08,"2.60%",-100,2.6,0.125471865247332
2026-09-29,2025-09-08,"2.85%",-75,2.85,0.187641730159559
2026-09-29,2025-09-08,"3.10%",-50,3.1,0.213007452778068
2026-09-29,2025-09-08,"3.35%",-25,3.35,0.183549278675084
2026-09-29,2025-09-08,"3.60%",0,3.6,0.120057996040844
2026-09-29,2025-09-08,"3.85%",25,3.85,0.0596041185827978
2026-09-29,2025-09-08,"4.10%",50,4.1,0.0224571132233626
2026-09-29,2025-09-08,"4.35%",75,4.35,0
2026-09-29,2025-09-08,"4.60%",100,4.6,0
2026-09-29,2025-09-08,"4.85%",125,4.85,0
2026-09-29,2025-09-08,"5.10%",150,5.1,0
2026-09-29,2025-09-08,"5.35%",175,5.35,0
2026-09-29,2025-09-08,"5.60%",200,5.6,0
2026-09-29,2025-09-08,"5.85%",225,5.85,0
2026-09-29,2025-09-08,"6.10%",250,6.1,0
2026-09-29,2025-09-09,"0.10%",-300,0.1,0
2026-09-29,2025-09-09,"0.35%",-300,0.35,0
2026-09-29,2025-09-09,"0.60%",-300,0.6,0
2026-09-29,2025-09-09,"0.85%",-275,0.85,0
2026-09-29,2025-09-09,"1.10%",-250,1.1,0
2026-09-29,2025-09-09,"1.35%",-225,1.35,0
2026-09-29,2025-09-09,"1.60%",-200,1.6,0
2026-09-29,2025-09-09,"1.85%",-175,1.85,0
2026-09-29,2025-09-09,"2.10%",-150,2.1,0.0217308073757145
2026-09-29,2025-09-09,"2.35%",-125,2.35,0.0599035785608345
2026-09-29,2025-09-09,"2.60%",-100,2.6,0.123372495831788
2026-09-29,2025-09-09,"2.85%",-75,2.85,0.189862306020558
2026-09-29,2025-09-09,"3.10%",-50,3.1,0.218350668547823
2026-09-29,2025-09-09,"3.35%",-25,3.35,0.187663152155295
2026-09-29,2025-09-09,"3.60%",0,3.6,0.120530720997741
2026-09-29,2025-09-09,"3.85%",25,3.85,0.0578454429210682
2026-09-29,2025-09-09,"4.10%",50,4.1,0.0207408275891775
2026-09-29,2025-09-09,"4.35%",75,4.35,0
2026-09-29,2025-09-09,"4.60%",100,4.6,0
2026-09-29,2025-09-09,"4.85%",125,4.85,0
2026-09-29,2025-09-09,"5.10%",150,5.1,0
2026-09-29,2025-09-09,"5.35%",175,5.35,0
2026-09-29,2025-09-09,"5.60%",200,5.6,0
2026-09-29,2025-09-09,"5.85%",225,5.85,0
2026-09-29,2025-09-09,"6.10%",250,6.1,0
2026-09-29,2025-09-10,"0.10%",-300,0.1,0
2026-09-29,2025-09-10,"0.35%",-300,0.35,0
2026-09-29,2025-09-10,"0.60%",-300,0.6,0
2026-09-29,2025-09-10,"0.85%",-275,0.85,0
2026-09-29,2025-09-10,"1.10%",-250,1.1,0
2026-09-29,2025-09-10,"1.35%",-225,1.35,0
2026-09-29,2025-09-10,"1.60%",-200,1.6,0
2026-09-29,2025-09-10,"1.85%",-175,1.85,0
2026-09-29,2025-09-10,"2.10%",-150,2.1,0.0134669188815695
2026-09-29,2025-09-10,"2.35%",-125,2.35,0.0475882928553656
2026-09-29,2025-09-10,"2.60%",-100,2.6,0.117202656038211
2026-09-29,2025-09-10,"2.85%",-75,2.85,0.20124963736156
2026-09-29,2025-09-10,"3.10%",-50,3.1,0.240984989726599
2026-09-29,2025-09-10,"3.35%",-25,3.35,0.201249637361557
2026-09-29,2025-09-10,"3.60%",0,3.6,0.117202656038207
2026-09-29,2025-09-10,"3.85%",25,3.85,0.0475882928553632
2026-09-29,2025-09-10,"4.10%",50,4.1,0.0134669188815686
2026-09-29,2025-09-10,"4.35%",75,4.35,0
2026-09-29,2025-09-10,"4.60%",100,4.6,0
2026-09-29,2025-09-10,"4.85%",125,4.85,0
2026-09-29,2025-09-10,"5.10%",150,5.1,0
2026-09-29,2025-09-10,"5.35%",175,5.35,0
2026-09-29,2025-09-10,"5.60%",200,5.6,0
2026-09-29,2025-09-10,"5.85%",225,5.85,0
2026-09-29,2025-09-10,"6.10%",250,6.1,0
2026-09-29,2025-09-11,"0.10%",-300,0.1,0
2026-09-29,2025-09-11,"0.35%",-300,0.35,0
2026-09-29,2025-09-11,"0.60%",-300,0.6,0
2026-09-29,2025-09-11,"0.85%",-275,0.85,0
2026-09-29,2025-09-11,"1.10%",-250,1.1,0
2026-09-29,2025-09-11,"1.35%",-225,1.35,0
2026-09-29,2025-09-11,"1.60%",-200,1.6,0
2026-09-29,2025-09-11,"1.85%",-175,1.85,0
2026-09-29,2025-09-11,"2.10%",-150,2.1,0.013541624863796
2026-09-29,2025-09-11,"2.35%",-125,2.35,0.0462648487179768
2026-09-29,2025-09-11,"2.60%",-100,2.6,0.112111615792576
2026-09-29,2025-09-11,"2.85%",-75,2.85,0.192752525378492
2026-09-29,2025-09-11,"3.10%",-50,3.1,0.235170549791421
2026-09-29,2025-09-11,"3.35%",-25,3.35,0.203624690912772
2026-09-29,2025-09-11,"3.60%",0,3.6,0.125118036756947
2026-09-29,2025-09-11,"3.85%",25,3.85,0.0545476557115436
2026-09-29,2025-09-11,"4.10%",50,4.1,0.016868452074474
2026-09-29,2025-09-11,"4.35%",75,4.35,0
2026-09-29,2025-09-11,"4.60%",100,4.6,0
2026-09-29,2025-09-11,"4.85%",125,4.85,0
2026-09-29,2025-09-11,"5.10%",150,5.1,0
2026-09-29,2025-09-11,"5.35%",175,5.35,0
2026-09-29,2025-09-11,"5.60%",200,5.6,0
2026-09-29,2025-09-11,"5.85%",225,5.85,0
2026-09-29,2025-09-11,"6.10%",250,6.1,0
2026-09-29,2025-09-12,"0.10%",-300,0.1,0
2026-09-29,2025-09-12,"0.35%",-300,0.35,0
2026-09-29,2025-09-12,"0.60%",-300,0.6,0
2026-09-29,2025-09-12,"0.85%",-275,0.85,0
2026-09-29,2025-09-12,"1.10%",-250,1.1,0
2026-09-29,2025-09-12,"1.35%",-225,1.35,0
2026-09-29,2025-09-12,"1.60%",-200,1.6,0
2026-09-29,2025-09-12,"1.85%",-175,1.85,0
2026-09-29,2025-09-12,"2.10%",-150,2.1,0.0185425594557058
2026-09-29,2025-09-12,"2.35%",-125,2.35,0.0537869874800887
2026-09-29,2025-09-12,"2.60%",-100,2.6,0.115855210764719
2026-09-29,2025-09-12,"2.85%",-75,2.85,0.185335732300103
2026-09-29,2025-09-12,"3.10%",-50,3.1,0.220219074539564
2026-09-29,2025-09-12,"3.35%",-25,3.35,0.194366046713411
2026-09-29,2025-09-12,"3.60%",0,3.6,0.127421546648841
2026-09-29,2025-09-12,"3.85%",25,3.85,0.0620411733114999
2026-09-29,2025-09-12,"4.10%",50,4.1,0.0224316687860675
2026-09-29,2025-09-12,"4.35%",75,4.35,0
2026-09-29,2025-09-12,"4.60%",100,4.6,0
2026-09-29,2025-09-12,"4.85%",125,4.85,0
2026-09-29,2025-09-12,"5.10%",150,5.1,0
2026-09-29,2025-09-12,"5.35%",175,5.35,0
2026-09-29,2025-09-12,"5.60%",200,5.6,0
2026-09-29,2025-09-12,"5.85%",225,5.85,0
2026-09-29,2025-09-12,"6.10%",250,6.1,0
2026-09-29,2025-09-14,"0.10%",-300,0.1,0
2026-09-29,2025-09-14,"0.35%",-300,0.35,0
2026-09-29,2025-09-14,"0.60%",-300,0.6,0
2026-09-29,2025-09-14,"0.85%",-275,0.85,0
2026-09-29,2025-09-14,"1.10%",-250,1.1,0
2026-09-29,2025-09-14,"1.35%",-225,1.35,0
2026-09-29,2025-09-14,"1.60%",-200,1.6,0
2026-09-29,2025-09-14,"1.85%",-175,1.85,0
2026-09-29,2025-09-14,"2.10%",-150,2.1,0.0164569587724874
2026-09-29,2025-09-14,"2.35%",-125,2.35,0.0494310580439044
2026-09-29,2025-09-14,"2.60%",-100,2.6,0.109915747763142
2026-09-29,2025-09-14,"2.85%",-75,2.85,0.180971105855454
2026-09-29,2025-09-14,"3.10%",-50,3.1,0.220647568718074
2026-09-29,2025-09-14,"3.35%",-25,3.35,0.19922799933821
2026-09-29,2025-09-14,"3.60%",0,3.6,0.133214719525608
2026-09-29,2025-09-14,"3.85%",25,3.85,0.0659573177584639
2026-09-29,2025-09-14,"4.10%",50,4.1,0.0241775242246559
2026-09-29,2025-09-14,"4.35%",75,4.35,0
2026-09-29,2025-09-14,"4.60%",100,4.6,0
2026-09-29,2025-09-14,"4.85%",125,4.85,0
2026-09-29,2025-09-14,"5.10%",150,5.1,0
2026-09-29,2025-09-14,"5.35%",175,5.35,0
2026-09-29,2025-09-14,"5.60%",200,5.6,0
2026-09-29,2025-09-14,"5.85%",225,5.85,0
2026-09-29,2025-09-14,"6.10%",250,6.1,0
2026-09-29,2025-09-15,"0.10%",-300,0.1,0
2026-09-29,2025-09-15,"0.35%",-300,0.35,0
2026-09-29,2025-09-15,"0.60%",-300,0.6,0
2026-09-29,2025-09-15,"0.85%",-275,0.85,0
2026-09-29,2025-09-15,"1.10%",-250,1.1,0
2026-09-29,2025-09-15,"1.35%",-225,1.35,0
2026-09-29,2025-09-15,"1.60%",-200,1.6,0
2026-09-29,2025-09-15,"1.85%",-175,1.85,0
2026-09-29,2025-09-15,"2.10%",-150,2.1,0.0162785807738434
2026-09-29,2025-09-15,"2.35%",-125,2.35,0.0491691545438456
2026-09-29,2025-09-15,"2.60%",-100,2.6,0.109777692465107
2026-09-29,2025-09-15,"2.85%",-75,2.85,0.181201522509108
2026-09-29,2025-09-15,"3.10%",-50,3.1,0.221150693135877
2026-09-29,2025-09-15,"3.35%",-25,3.35,0.199578912362056
2026-09-29,2025-09-15,"3.60%",0,3.6,0.133177222287412
2026-09-29,2025-09-15,"3.85%",25,3.85,0.0657039780137431
2026-09-29,2025-09-15,"4.10%",50,4.1,0.0239622439090081
2026-09-29,2025-09-15,"4.35%",75,4.35,0
2026-09-29,2025-09-15,"4.60%",100,4.6,0
2026-09-29,2025-09-15,"4.85%",125,4.85,0
2026-09-29,2025-09-15,"5.10%",150,5.1,0
2026-09-29,2025-09-15,"5.35%",175,5.35,0
2026-09-29,2025-09-15,"5.60%",200,5.6,0
2026-09-29,2025-09-15,"5.85%",225,5.85,0
2026-09-29,2025-09-15,"6.10%",250,6.1,0
2026-09-29,2025-09-16,"0.10%",-300,0.1,0
2026-09-29,2025-09-16,"0.35%",-300,0.35,0
2026-09-29,2025-09-16,"0.60%",-300,0.6,0
2026-09-29,2025-09-16,"0.85%",-275,0.85,0
2026-09-29,2025-09-16,"1.10%",-250,1.1,0
2026-09-29,2025-09-16,"1.35%",-225,1.35,0
2026-09-29,2025-09-16,"1.60%",-200,1.6,0
2026-09-29,2025-09-16,"1.85%",-175,1.85,0
2026-09-29,2025-09-16,"2.10%",-150,2.1,0
2026-09-29,2025-09-16,"2.35%",-125,2.35,0.0357287864516297
2026-09-29,2025-09-16,"2.60%",-100,2.6,0.10830600614808
2026-09-29,2025-09-16,"2.85%",-75,2.85,0.212090308305526
2026-09-29,2025-09-16,"3.10%",-50,3.1,0.268433893580782
2026-09-29,2025-09-16,"3.35%",-25,3.35,0.219623959868354
2026-09-29,2025-09-16,"3.60%",0,3.6,0.116139978818146
2026-09-29,2025-09-16,"3.85%",25,3.85,0.0396770668274817
2026-09-29,2025-09-16,"4.10%",50,4.1,0
2026-09-29,2025-09-16,"4.35%",75,4.35,0
2026-09-29,2025-09-16,"4.60%",100,4.6,0
2026-09-29,2025-09-16,"4.85%",125,4.85,0
2026-09-29,2025-09-16,"5.10%",150,5.1,0
2026-09-29,2025-09-16,"5.35%",175,5.35,0
2026-09-29,2025-09-16,"5.60%",200,5.6,0
2026-09-29,2025-09-16,"5.85%",225,5.85,0
2026-09-29,2025-09-16,"6.10%",250,6.1,0
2026-09-29,2025-09-17,"0.10%",-300,0.1,0
2026-09-29,2025-09-17,"0.35%",-300,0.35,0
2026-09-29,2025-09-17,"0.60%",-300,0.6,0
2026-09-29,2025-09-17,"0.85%",-275,0.85,0
2026-09-29,2025-09-17,"1.10%",-250,1.1,0
2026-09-29,2025-09-17,"1.35%",-225,1.35,0
2026-09-29,2025-09-17,"1.60%",-200,1.6,0
2026-09-29,2025-09-17,"1.85%",-175,1.85,0
2026-09-29,2025-09-17,"2.10%",-150,2.1,0.0203635591691892
2026-09-29,2025-09-17,"2.35%",-125,2.35,0.0602961813877923
2026-09-29,2025-09-17,"2.60%",-100,2.6,0.129466376877112
2026-09-29,2025-09-17,"2.85%",-75,2.85,0.201627142814825
2026-09-29,2025-09-17,"3.10%",-50,3.1,0.227783312516858
2026-09-29,2025-09-17,"3.35%",-25,3.35,0.186677250190518
2026-09-29,2025-09-17,"3.60%",0,3.6,0.110976735109542
2026-09-29,2025-09-17,"3.85%",25,3.85,0.0478495767557909
2026-09-29,2025-09-17,"4.10%",50,4.1,0.0149598651783735
2026-09-29,2025-09-17,"4.35%",75,4.35,0
2026-09-29,2025-09-17,"4.60%",100,4.6,0
2026-09-29,2025-09-17,"4.85%",125,4.85,0
2026-09-29,2025-09-17,"5.10%",150,5.1,0
2026-09-29,2025-09-17,"5.35%",175,5.35,0
2026-09-29,2025-09-17,"5.60%",200,5.6,0
2026-09-29,2025-09-17,"5.85%",225,5.85,0
2026-09-29,2025-09-17,"6.10%",250,6.1,0
2026-09-29,2025-09-18,"0.10%",-300,0.1,0
2026-09-29,2025-09-18,"0.35%",-300,0.35,0
2026-09-29,2025-09-18,"0.60%",-300,0.6,0
2026-09-29,2025-09-18,"0.85%",-275,0.85,0
2026-09-29,2025-09-18,"1.10%",-250,1.1,0
2026-09-29,2025-09-18,"1.35%",-225,1.35,0
2026-09-29,2025-09-18,"1.60%",-200,1.6,0
2026-09-29,2025-09-18,"1.85%",-175,1.85,0
2026-09-29,2025-09-18,"2.10%",-150,2.1,0.0163175076224328
2026-09-29,2025-09-18,"2.35%",-125,2.35,0.0513463551011323
2026-09-29,2025-09-18,"2.60%",-100,2.6,0.116848461937873
2026-09-29,2025-09-18,"2.85%",-75,2.85,0.192351976557869
2026-09-29,2025-09-18,"3.10%",-50,3.1,0.229084141323356
2026-09-29,2025-09-18,"3.35%",-25,3.35,0.197397259664954
2026-09-29,2025-09-18,"3.60%",0,3.6,0.123059551107509
2026-09-29,2025-09-18,"3.85%",25,3.85,0.0554953281796832
2026-09-29,2025-09-18,"4.10%",50,4.1,0.0180994185051908
2026-09-29,2025-09-18,"4.35%",75,4.35,0
2026-09-29,2025-09-18,"4.60%",100,4.6,0
2026-09-29,2025-09-18,"4.85%",125,4.85,0
2026-09-29,2025-09-18,"5.10%",150,5.1,0
2026-09-29,2025-09-18,"5.35%",175,5.35,0
2026-09-29,2025-09-18,"5.60%",200,5.6,0
2026-09-29,2025-09-18,"5.85%",225,5.85,0
2026-09-29,2025-09-18,"6.10%",250,6.1,0
2026-09-29,2025-09-21,"0.10%",-300,0.1,0
2026-09-29,2025-09-21,"0.35%",-300,0.35,0
2026-09-29,2025-09-21,"0.60%",-300,0.6,0
2026-09-29,2025-09-21,"0.85%",-275,0.85,0
2026-09-29,2025-09-21,"1.10%",-250,1.1,0
2026-09-29,2025-09-21,"1.35%",-225,1.35,0
2026-09-29,2025-09-21,"1.60%",-200,1.6,0
2026-09-29,2025-09-21,"1.85%",-175,1.85,0
2026-09-29,2025-09-21,"2.10%",-150,2.1,0.0124586943978121
2026-09-29,2025-09-21,"2.35%",-125,2.35,0.043753809453235
2026-09-29,2025-09-21,"2.60%",-100,2.6,0.108570181650974
2026-09-29,2025-09-21,"2.85%",-75,2.85,0.190412375474928
2026-09-29,2025-09-21,"3.10%",-50,3.1,0.236079871630542
2026-09-29,2025-09-21,"3.35%",-25,3.35,0.206936383559314
2026-09-29,2025-09-21,"3.60%",0,3.6,0.128235243356298
2026-09-29,2025-09-21,"3.85%",25,3.85,0.0561686537615955
2026-09-29,2025-09-21,"4.10%",50,4.1,0.0173847867153012
2026-09-29,2025-09-21,"4.35%",75,4.35,0
2026-09-29,2025-09-21,"4.60%",100,4.6,0
2026-09-29,2025-09-21,"4.85%",125,4.85,0
2026-09-29,2025-09-21,"5.10%",150,5.1,0
2026-09-29,2025-09-21,"5.35%",175,5.35,0
2026-09-29,2025-09-21,"5.60%",200,5.6,0
2026-09-29,2025-09-21,"5.85%",225,5.85,0
2026-09-29,2025-09-21,"6.10%",250,6.1,0
2026-09-29,2025-09-22,"0.10%",-300,0.1,0
2026-09-29,2025-09-22,"0.35%",-300,0.35,0
2026-09-29,2025-09-22,"0.60%",-300,0.6,0
2026-09-29,2025-09-22,"0.85%",-275,0.85,0
2026-09-29,2025-09-22,"1.10%",-250,1.1,0
2026-09-29,2025-09-22,"1.35%",-225,1.35,0
2026-09-29,2025-09-22,"1.60%",-200,1.6,0
2026-09-29,2025-09-22,"1.85%",-175,1.85,0
2026-09-29,2025-09-22,"2.10%",-150,2.1,0.0128361525963415
2026-09-29,2025-09-22,"2.35%",-125,2.35,0.0444004734679733
2026-09-29,2025-09-22,"2.60%",-100,2.6,0.108973062722226
2026-09-29,2025-09-22,"2.85%",-75,2.85,0.189828594464331
2026-09-29,2025-09-22,"3.10%",-50,3.1,0.234746998123225
2026-09-29,2025-09-22,"3.35%",-25,3.35,0.20609509024945
2026-09-29,2025-09-22,"3.60%",0,3.6,0.128452927284458
2026-09-29,2025-09-22,"3.85%",25,3.85,0.0568271928042451
2026-09-29,2025-09-22,"4.10%",50,4.1,0.0178395082877509
2026-09-29,2025-09-22,"4.35%",75,4.35,0
2026-09-29,2025-09-22,"4.60%",100,4.6,0
2026-09-29,2025-09-22,"4.85%",125,4.85,0
2026-09-29,2025-09-22,"5.10%",150,5.1,0
2026-09-29,2025-09-22,"5.35%",175,5.35,0
2026-09-29,2025-09-22,"5.60%",200,5.6,0
2026-09-29,2025-09-22,"5.85%",225,5.85,0
2026-09-29,2025-09-22,"6.10%",250,6.1,0
2026-09-29,2025-09-23,"0.10%",-300,0.1,0
2026-09-29,2025-09-23,"0.35%",-300,0.35,0
2026-09-29,2025-09-23,"0.60%",-300,0.6,0
2026-09-29,2025-09-23,"0.85%",-275,0.85,0
2026-09-29,2025-09-23,"1.10%",-250,1.1,0
2026-09-29,2025-09-23,"1.35%",-225,1.35,0
2026-09-29,2025-09-23,"1.60%",-200,1.6,0
2026-09-29,2025-09-23,"1.85%",-175,1.85,0
2026-09-29,2025-09-23,"2.10%",-150,2.1,0.0120500847837069
2026-09-29,2025-09-23,"2.35%",-125,2.35,0.0383079192366612
2026-09-29,2025-09-23,"2.60%",-100,2.6,0.0907837080337484
2026-09-29,2025-09-23,"2.85%",-75,2.85,0.160408545067311
2026-09-29,2025-09-23,"3.10%",-50,3.1,0.211349613971139
2026-09-29,2025-09-23,"3.35%",-25,3.35,0.207661776594701
2026-09-29,2025-09-23,"3.60%",0,3.6,0.152156706489139
2026-09-29,2025-09-23,"3.85%",25,3.85,0.0831332815648388
2026-09-29,2025-09-23,"4.10%",50,4.1,0.0338649729521839
2026-09-29,2025-09-23,"4.35%",75,4.35,0.0102833913065705
2026-09-29,2025-09-23,"4.60%",100,4.6,0
2026-09-29,2025-09-23,"4.85%",125,4.85,0
2026-09-29,2025-09-23,"5.10%",150,5.1,0
2026-09-29,2025-09-23,"5.35%",175,5.35,0
2026-09-29,2025-09-23,"5.60%",200,5.6,0
2026-09-29,2025-09-23,"5.85%",225,5.85,0
2026-09-29,2025-09-23,"6.10%",250,6.1,0
2026-09-29,2025-09-24,"0.10%",-300,0.1,0
2026-09-29,2025-09-24,"0.35%",-300,0.35,0
2026-09-29,2025-09-24,"0.60%",-300,0.6,0
2026-09-29,2025-09-24,"0.85%",-275,0.85,0
2026-09-29,2025-09-24,"1.10%",-250,1.1,0
2026-09-29,2025-09-24,"1.35%",-225,1.35,0
2026-09-29,2025-09-24,"1.60%",-200,1.6,0
2026-09-29,2025-09-24,"1.85%",-175,1.85,0
2026-09-29,2025-09-24,"2.10%",-150,2.1,0
2026-09-29,2025-09-24,"2.35%",-125,2.35,0.0299947498833626
2026-09-29,2025-09-24,"2.60%",-100,2.6,0.0781461462695898
2026-09-29,2025-09-24,"2.85%",-75,2.85,0.149767944471237
2026-09-29,2025-09-24,"3.10%",-50,3.1,0.211178420642814
2026-09-29,2025-09-24,"3.35%",-25,3.35,0.219097632552261
2026-09-29,2025-09-24,"3.60%",0,3.6,0.167258205805001
2026-09-29,2025-09-24,"3.85%",25,3.85,0.0939439306399921
2026-09-29,2025-09-24,"4.10%",50,4.1,0.0388167073061597
2026-09-29,2025-09-24,"4.35%",75,4.35,0.0117962624295822
2026-09-29,2025-09-24,"4.60%",100,4.6,0
2026-09-29,2025-09-24,"4.85%",125,4.85,0
2026-09-29,2025-09-24,"5.10%",150,5.1,0
2026-09-29,2025-09-24,"5.35%",175,5.35,0
2026-09-29,2025-09-24,"5.60%",200,5.6,0
2026-09-29,2025-09-24,"5.85%",225,5.85,0
2026-09-29,2025-09-24,"6.10%",250,6.1,0
2026-09-29,2025-09-25,"0.10%",-300,0.1,0
2026-09-29,2025-09-25,"0.35%",-300,0.35,0
2026-09-29,2025-09-25,"0.60%",-300,0.6,0
2026-09-29,2025-09-25,"0.85%",-275,0.85,0
2026-09-29,2025-09-25,"1.10%",-250,1.1,0
2026-09-29,2025-09-25,"1.35%",-225,1.35,0
2026-09-29,2025-09-25,"1.60%",-200,1.6,0
2026-09-29,2025-09-25,"1.85%",-175,1.85,0
2026-09-29,2025-09-25,"2.10%",-150,2.1,0
2026-09-29,2025-09-25,"2.35%",-125,2.35,0.0196444338070359
2026-09-29,2025-09-25,"2.60%",-100,2.6,0.0625364671339118
2026-09-29,2025-09-25,"2.85%",-75,2.85,0.139521577001121
2026-09-29,2025-09-25,"3.10%",-50,3.1,0.218221250989159
2026-09-29,2025-09-25,"3.35%",-25,3.35,0.239319146822888
2026-09-29,2025-09-25,"3.60%",0,3.6,0.184034291266358
2026-09-29,2025-09-25,"3.85%",25,3.85,0.0992236478510632
2026-09-29,2025-09-25,"4.10%",50,4.1,0.0374991851284632
2026-09-29,2025-09-25,"4.35%",75,4.35,0
2026-09-29,2025-09-25,"4.60%",100,4.6,0
2026-09-29,2025-09-25,"4.85%",125,4.85,0
2026-09-29,2025-09-25,"5.10%",150,5.1,0
2026-09-29,2025-09-25,"5.35%",175,5.35,0
2026-09-29,2025-09-25,"5.60%",200,5.6,0
2026-09-29,2025-09-25,"5.85%",225,5.85,0
2026-09-29,2025-09-25,"6.10%",250,6.1,0
2026-09-29,2025-09-28,"0.10%",-300,0.1,0
2026-09-29,2025-09-28,"0.35%",-300,0.35,0
2026-09-29,2025-09-28,"0.60%",-300,0.6,0
2026-09-29,2025-09-28,"0.85%",-275,0.85,0
2026-09-29,2025-09-28,"1.10%",-250,1.1,0
2026-09-29,2025-09-28,"1.35%",-225,1.35,0
2026-09-29,2025-09-28,"1.60%",-200,1.6,0
2026-09-29,2025-09-28,"1.85%",-175,1.85,0.0151154512812432
2026-09-29,2025-09-28,"2.10%",-150,2.1,0.0321471398016177
2026-09-29,2025-09-28,"2.35%",-125,2.35,0.0590328393966291
2026-09-29,2025-09-28,"2.60%",-100,2.6,0.0936013489485725
2026-09-29,2025-09-28,"2.85%",-75,2.85,0.128148347792683
2026-09-29,2025-09-28,"3.10%",-50,3.1,0.151492131049738
2026-09-29,2025-09-28,"3.35%",-25,3.35,0.154637662531684
2026-09-29,2025-09-28,"3.60%",0,3.6,0.136297804152314
2026-09-29,2025-09-28,"3.85%",25,3.85,0.103731182730715
2026-09-29,2025-09-28,"4.10%",50,4.1,0.0681668888763355
2026-09-29,2025-09-28,"4.35%",75,4.35,0.0386791023953238
2026-09-29,2025-09-28,"4.60%",100,4.6,0.0189501010431446
2026-09-29,2025-09-28,"4.85%",125,4.85,0
2026-09-29,2025-09-28,"5.10%",150,5.1,0
2026-09-29,2025-09-28,"5.35%",175,5.35,0
2026-09-29,2025-09-28,"5.60%",200,5.6,0
2026-09-29,2025-09-28,"5.85%",225,5.85,0
2026-09-29,2025-09-28,"6.10%",250,6.1,0
2026-09-29,2025-09-29,"0.10%",-300,0.1,0
2026-09-29,2025-09-29,"0.35%",-300,0.35,0
2026-09-29,2025-09-29,"0.60%",-300,0.6,0
2026-09-29,2025-09-29,"0.85%",-275,0.85,0
2026-09-29,2025-09-29,"1.10%",-250,1.1,0
2026-09-29,2025-09-29,"1.35%",-225,1.35,0
2026-09-29,2025-09-29,"1.60%",-200,1.6,0
2026-09-29,2025-09-29,"1.85%",-175,1.85,0.0179570892283076
2026-09-29,2025-09-29,"2.10%",-150,2.1,0.0344438385045051
2026-09-29,2025-09-29,"2.35%",-125,2.35,0.0584533397387104
2026-09-29,2025-09-29,"2.60%",-100,2.6,0.087767318639598
2026-09-29,2025-09-29,"2.85%",-75,2.85,0.116596304988279
2026-09-29,2025-09-29,"3.10%",-50,3.1,0.137046241357753
2026-09-29,2025-09-29,"3.35%",-25,3.35,0.142521687812089
2026-09-29,2025-09-29,"3.60%",0,3.6,0.131137390869151
2026-09-29,2025-09-29,"3.85%",25,3.85,0.106758707158639
2026-09-29,2025-09-29,"4.10%",50,4.1,0.0768970816372912
2026-09-29,2025-09-29,"4.35%",75,4.35,0.0490054038249139
2026-09-29,2025-09-29,"4.60%",100,4.6,0.0276313828395762
2026-09-29,2025-09-29,"4.85%",125,4.85,0.0137842134011851
2026-09-29,2025-09-29,"5.10%",150,5.1,0
2026-09-29,2025-09-29,"5.35%",175,5.35,0
2026-09-29,2025-09-29,"5.60%",200,5.6,0
2026-09-29,2025-09-29,"5.85%",225,5.85,0
2026-09-29,2025-09-29,"6.10%",250,6.1,0
2026-09-29,2025-09-30,"0.10%",-300,0.1,0
2026-09-29,2025-09-30,"0.35%",-300,0.35,0
2026-09-29,2025-09-30,"0.60%",-300,0.6,0
2026-09-29,2025-09-30,"0.85%",-275,0.85,0
2026-09-29,2025-09-30,"1.10%",-250,1.1,0
2026-09-29,2025-09-30,"1.35%",-225,1.35,0
2026-09-29,2025-09-30,"1.60%",-200,1.6,0
2026-09-29,2025-09-30,"1.85%",-175,1.85,0
2026-09-29,2025-09-30,"2.10%",-150,2.1,0
2026-09-29,2025-09-30,"2.35%",-125,2.35,0.0304849109596759
2026-09-29,2025-09-30,"2.60%",-100,2.6,0.0732263102840048
2026-09-29,2025-09-30,"2.85%",-75,2.85,0.135075485172546
2026-09-29,2025-09-30,"3.10%",-50,3.1,0.191361700862207
2026-09-29,2025-09-30,"3.35%",-25,3.35,0.208222168721888
2026-09-29,2025-09-30,"3.60%",0,3.6,0.174019663589822
2026-09-29,2025-09-30,"3.85%",25,3.85,0.111700845995054
2026-09-29,2025-09-30,"4.10%",50,4.1,0.0550643566226975
2026-09-29,2025-09-30,"4.35%",75,4.35,0.0208445577921053
2026-09-29,2025-09-30,"4.60%",100,4.6,0
2026-09-29,2025-09-30,"4.85%",125,4.85,0
2026-09-29,2025-09-30,"5.10%",150,5.1,0
2026-09-29,2025-09-30,"5.35%",175,5.35,0
2026-09-29,2025-09-30,"5.60%",200,5.6,0
2026-09-29,2025-09-30,"5.85%",225,5.85,0
2026-09-29,2025-09-30,"6.10%",250,6.1,0
2026-09-29,2025-10-01,"0.10%",-300,0.1,0
2026-09-29,2025-10-01,"0.35%",-300,0.35,0
2026-09-29,2025-10-01,"0.60%",-300,0.6,0
2026-09-29,2025-10-01,"0.85%",-275,0.85,0
2026-09-29,2025-10-01,"1.10%",-250,1.1,0
2026-09-29,2025-10-01,"1.35%",-225,1.35,0
2026-09-29,2025-10-01,"1.60%",-200,1.6,0
2026-09-29,2025-10-01,"1.85%",-175,1.85,0
2026-09-29,2025-10-01,"2.10%",-150,2.1,0.0126316535613537
2026-09-29,2025-10-01,"2.35%",-125,2.35,0.0366898305857763
2026-09-29,2025-10-01,"2.60%",-100,2.6,0.0824615263953331
2026-09-29,2025-10-01,"2.85%",-75,2.85,0.143425625929783
2026-09-29,2025-10-01,"3.10%",-50,3.1,0.193066400036565
2026-09-29,2025-10-01,"3.35%",-25,3.35,0.201145465583111
2026-09-29,2025-10-01,"3.60%",0,3.6,0.162195963951348
2026-09-29,2025-10-01,"3.85%",25,3.85,0.10122371008241
2026-09-29,2025-10-01,"4.10%",50,4.1,0.0488885313537157
2026-09-29,2025-10-01,"4.35%",75,4.35,0.0182712925206048
2026-09-29,2025-10-01,"4.60%",100,4.6,0
2026-09-29,2025-10-01,"4.85%",125,4.85,0
2026-09-29,2025-10-01,"5.10%",150,5.1,0
2026-09-29,2025-10-01,"5.35%",175,5.35,0
2026-09-29,2025-10-01,"5.60%",200,5.6,0
2026-09-29,2025-10-01,"5.85%",225,5.85,0
2026-09-29,2025-10-01,"6.10%",250,6.1,0
2026-09-29,2025-10-02,"0.10%",-300,0.1,0
2026-09-29,2025-10-02,"0.35%",-300,0.35,0
2026-09-29,2025-10-02,"0.60%",-300,0.6,0
2026-09-29,2025-10-02,"0.85%",-275,0.85,0
2026-09-29,2025-10-02,"1.10%",-250,1.1,0
2026-09-29,2025-10-02,"1.35%",-225,1.35,0
2026-09-29,2025-10-02,"1.60%",-200,1.6,0
2026-09-29,2025-10-02,"1.85%",-175,1.85,0
2026-09-29,2025-10-02,"2.10%",-150,2.1,0
2026-09-29,2025-10-02,"2.35%",-125,2.35,0.0312811039689622
2026-09-29,2025-10-02,"2.60%",-100,2.6,0.0776726126097956
2026-09-29,2025-10-02,"2.85%",-75,2.85,0.14487565824156
2026-09-29,2025-10-02,"3.10%",-50,3.1,0.203010781020804
2026-09-29,2025-10-02,"3.35%",-25,3.35,0.213731787837348
2026-09-29,2025-10-02,"3.60%",0,3.6,0.169063601076739
2026-09-29,2025-10-02,"3.85%",25,3.85,0.100471070328583
2026-09-29,2025-10-02,"4.10%",50,4.1,0.0448534570014296
2026-09-29,2025-10-02,"4.35%",75,4.35,0.0150399279147784
2026-09-29,2025-10-02,"4.60%",100,4.6,0
2026-09-29,2025-10-02,"4.85%",125,4.85,0
2026-09-29,2025-10-02,"5.10%",150,5.1,0
2026-09-29,2025-10-02,"5.35%",175,5.35,0
2026-09-29,2025-10-02,"5.60%",200,5.6,0
2026-09-29,2025-10-02,"5.85%",225,5.85,0
2026-09-29,2025-10-02,"6.10%",250,6.1,0
2026-09-29,2025-10-05,"0.10%",-300,0.1,0
2026-09-29,2025-10-05,"0.35%",-300,0.35,0
2026-09-29,2025-10-05,"0.60%",-300,0.6,0
2026-09-29,2025-10-05,"0.85%",-275,0.85,0
2026-09-29,2025-10-05,"1.10%",-250,1.1,0
2026-09-29,2025-10-05,"1.35%",-225,1.35,0
2026-09-29,2025-10-05,"1.60%",-200,1.6,0
2026-09-29,2025-10-05,"1.85%",-175,1.85,0
2026-09-29,2025-10-05,"2.10%",-150,2.1,0.0108199421587918
2026-09-29,2025-10-05,"2.35%",-125,2.35,0.0335278172303864
2026-09-29,2025-10-05,"2.60%",-100,2.6,0.079250434045421
2026-09-29,2025-10-05,"2.85%",-75,2.85,0.142914311383455
2026-09-29,2025-10-05,"3.10%",-50,3.1,0.19663966554849
2026-09-29,2025-10-05,"3.35%",-25,3.35,0.206448607865408
2026-09-29,2025-10-05,"3.60%",0,3.6,0.165387210121789
2026-09-29,2025-10-05,"3.85%",25,3.85,0.101093725435009
2026-09-29,2025-10-05,"4.10%",50,4.1,0.0471456969825451
2026-09-29,2025-10-05,"4.35%",75,4.35,0.0167725892287051
2026-09-29,2025-10-05,"4.60%",100,4.6,0
2026-09-29,2025-10-05,"4.85%",125,4.85,0
2026-09-29,2025-10-05,"5.10%",150,5.1,0
2026-09-29,2025-10-05,"5.35%",175,5.35,0
2026-09-29,2025-10-05,"5.60%",200,5.6,0
2026-09-29,2025-10-05,"5.85%",225,5.85,0
2026-09-29,2025-10-05,"6.10%",250,6.1,0
2026-09-29,2025-10-06,"0.10%",-300,0.1,0
2026-09-29,2025-10-06,"0.35%",-300,0.35,0
2026-09-29,2025-10-06,"0.60%",-300,0.6,0
2026-09-29,2025-10-06,"0.85%",-275,0.85,0
2026-09-29,2025-10-06,"1.10%",-250,1.1,0
2026-09-29,2025-10-06,"1.35%",-225,1.35,0
2026-09-29,2025-10-06,"1.60%",-200,1.6,0
2026-09-29,2025-10-06,"1.85%",-175,1.85,0
2026-09-29,2025-10-06,"2.10%",-150,2.1,0
2026-09-29,2025-10-06,"2.35%",-125,2.35,0.0317038275862492
2026-09-29,2025-10-06,"2.60%",-100,2.6,0.0759200396215852
2026-09-29,2025-10-06,"2.85%",-75,2.85,0.13906834421551
2026-09-29,2025-10-06,"3.10%",-50,3.1,0.194881523843512
2026-09-29,2025-10-06,"3.35%",-25,3.35,0.208933590875979
2026-09-29,2025-10-06,"3.60%",0,3.6,0.171374511286927
2026-09-29,2025-10-06,"3.85%",25,3.85,0.107539981884365
2026-09-29,2025-10-06,"4.10%",50,4.1,0.0516232855122484
2026-09-29,2025-10-06,"4.35%",75,4.35,0.0189548951736248
2026-09-29,2025-10-06,"4.60%",100,4.6,0
2026-09-29,2025-10-06,"4.85%",125,4.85,0
2026-09-29,2025-10-06,"5.10%",150,5.1,0
2026-09-29,2025-10-06,"5.35%",175,5.35,0
2026-09-29,2025-10-06,"5.60%",200,5.6,0
2026-09-29,2025-10-06,"5.85%",225,5.85,0
2026-09-29,2025-10-06,"6.10%",250,6.1,0
2026-09-29,2025-10-07,"0.10%",-300,0.1,0
2026-09-29,2025-10-07,"0.35%",-300,0.35,0
2026-09-29,2025-10-07,"0.60%",-300,0.6,0
2026-09-29,2025-10-07,"0.85%",-275,0.85,0
2026-09-29,2025-10-07,"1.10%",-250,1.1,0
2026-09-29,2025-10-07,"1.35%",-225,1.35,0
2026-09-29,2025-10-07,"1.60%",-200,1.6,0
2026-09-29,2025-10-07,"1.85%",-175,1.85,0
2026-09-29,2025-10-07,"2.10%",-150,2.1,0
2026-09-29,2025-10-07,"2.35%",-125,2.35,0.027639576925227
2026-09-29,2025-10-07,"2.60%",-100,2.6,0.0723355316419522
2026-09-29,2025-10-07,"2.85%",-75,2.85,0.140655078616643
2026-09-29,2025-10-07,"3.10%",-50,3.1,0.203239227865775
2026-09-29,2025-10-07,"3.35%",-25,3.35,0.218245288661506
2026-09-29,2025-10-07,"3.60%",0,3.6,0.174170519720355
2026-09-29,2025-10-07,"3.85%",25,3.85,0.103293765636755
2026-09-29,2025-10-07,"4.10%",50,4.1,0.045518878124434
2026-09-29,2025-10-07,"4.35%",75,4.35,0.0149021328073531
2026-09-29,2025-10-07,"4.60%",100,4.6,0
2026-09-29,2025-10-07,"4.85%",125,4.85,0
2026-09-29,2025-10-07,"5.10%",150,5.1,0
2026-09-29,2025-10-07,"5.35%",175,5.35,0
2026-09-29,2025-10-07,"5.60%",200,5.6,0
2026-09-29,2025-10-07,"5.85%",225,5.85,0
2026-09-29,2025-10-07,"6.10%",250,6.1,0
2026-09-29,2025-10-08,"0.10%",-300,0.1,0
2026-09-29,2025-10-08,"0.35%",-300,0.35,0
2026-09-29,2025-10-08,"0.60%",-300,0.6,0
2026-09-29,2025-10-08,"0.85%",-275,0.85,0
2026-09-29,2025-10-08,"1.10%",-250,1.1,0
2026-09-29,2025-10-08,"1.35%",-225,1.35,0
2026-09-29,2025-10-08,"1.60%",-200,1.6,0
2026-09-29,2025-10-08,"1.85%",-175,1.85,0
2026-09-29,2025-10-08,"2.10%",-150,2.1,0
2026-09-29,2025-10-08,"2.35%",-125,2.35,0.0243469236971505
2026-09-29,2025-10-08,"2.60%",-100,2.6,0.0666347950399129
2026-09-29,2025-10-08,"2.85%",-75,2.85,0.134643401963301
2026-09-29,2025-10-08,"3.10%",-50,3.1,0.200894967732772
2026-09-29,2025-10-08,"3.35%",-25,3.35,0.221358216623119
2026-09-29,2025-10-08,"3.60%",0,3.6,0.18012554462598
2026-09-29,2025-10-08,"3.85%",25,3.85,0.108239521174252
2026-09-29,2025-10-08,"4.10%",50,4.1,0.0480256759204022
2026-09-29,2025-10-08,"4.35%",75,4.35,0.0157309532231102
2026-09-29,2025-10-08,"4.60%",100,4.6,0
2026-09-29,2025-10-08,"4.85%",125,4.85,0
2026-09-29,2025-10-08,"5.10%",150,5.1,0
2026-09-29,2025-10-08,"5.35%",175,5.35,0
2026-09-29,2025-10-08,"5.60%",200,5.6,0
2026-09-29,2025-10-08,"5.85%",225,5.85,0
2026-09-29,2025-10-08,"6.10%",250,6.1,0
2026-09-29,2025-10-09,"0.10%",-300,0.1,0
2026-09-29,2025-10-09,"0.35%",-300,0.35,0
2026-09-29,2025-10-09,"0.60%",-300,0.6,0
2026-09-29,2025-10-09,"0.85%",-275,0.85,0
2026-09-29,2025-10-09,"1.10%",-250,1.1,0
2026-09-29,2025-10-09,"1.35%",-225,1.35,0
2026-09-29,2025-10-09,"1.60%",-200,1.6,0
2026-09-29,2025-10-09,"1.85%",-175,1.85,0
2026-09-29,2025-10-09,"2.10%",-150,2.1,0
2026-09-29,2025-10-09,"2.35%",-125,2.35,0.0213987581097915
2026-09-29,2025-10-09,"2.60%",-100,2.6,0.0607509419319064
2026-09-29,2025-10-09,"2.85%",-75,2.85,0.12709750664236
2026-09-29,2025-10-09,"3.10%",-50,3.1,0.195982937405915
2026-09-29,2025-10-09,"3.35%",-25,3.35,0.222763282457563
2026-09-29,2025-10-09,"3.60%",0,3.6,0.186649630520175
2026-09-29,2025-10-09,"3.85%",25,3.85,0.115278798114746
2026-09-29,2025-10-09,"4.10%",50,4.1,0.0524757352261103
2026-09-29,2025-10-09,"4.35%",75,4.35,0.0176024095914321
2026-09-29,2025-10-09,"4.60%",100,4.6,0
2026-09-29,2025-10-09,"4.85%",125,4.85,0
2026-09-29,2025-10-09,"5.10%",150,5.1,0
2026-09-29,2025-10-09,"5.35%",175,5.35,0
2026-09-29,2025-10-09,"5.60%",200,5.6,0
2026-09-29,2025-10-09,"5.85%",225,5.85,0
2026-09-29,2025-10-09,"6.10%",250,6.1,0
2026-09-29,2025-10-10,"0.10%",-300,0.1,0
2026-09-29,2025-10-10,"0.35%",-300,0.35,0
2026-09-29,2025-10-10,"0.60%",-300,0.6,0
2026-09-29,2025-10-10,"0.85%",-275,0.85,0
2026-09-29,2025-10-10,"1.10%",-250,1.1,0
2026-09-29,2025-10-10,"1.35%",-225,1.35,0
2026-09-29,2025-10-10,"1.60%",-200,1.6,0
2026-09-29,2025-10-10,"1.85%",-175,1.85,0
2026-09-29,2025-10-10,"2.10%",-150,2.1,0
2026-09-29,2025-10-10,"2.35%",-125,2.35,0.0143579603250275
2026-09-29,2025-10-10,"2.60%",-100,2.6,0.0506392736131636
2026-09-29,2025-10-10,"2.85%",-75,2.85,0.123499085208153
2026-09-29,2025-10-10,"3.10%",-50,3.1,0.208346159124139
2026-09-29,2025-10-10,"3.35%",-25,3.35,0.243194118374537
2026-09-29,2025-10-10,"3.60%",0,3.6,0.196424986343693
2026-09-29,2025-10-10,"3.85%",25,3.85,0.109767745370508
2026-09-29,2025-10-10,"4.10%",50,4.1,0.0424302961516894
2026-09-29,2025-10-10,"4.35%",75,4.35,0.01134037548909
2026-09-29,2025-10-10,"4.60%",100,4.6,0
2026-09-29,2025-10-10,"4.85%",125,4.85,0
2026-09-29,2025-10-10,"5.10%",150,5.1,0
2026-09-29,2025-10-10,"5.35%",175,5.35,0
2026-09-29,2025-10-10,"5.60%",200,5.6,0
2026-09-29,2025-10-10,"5.85%",225,5.85,0
2026-09-29,2025-10-10,"6.10%",250,6.1,0
2026-09-29,2025-10-11,"0.10%",-300,0.1,0
2026-09-29,2025-10-11,"0.35%",-300,0.35,0
2026-09-29,2025-10-11,"0.60%",-300,0.6,0
2026-09-29,2025-10-11,"0.85%",-275,0.85,0
2026-09-29,2025-10-11,"1.10%",-250,1.1,0
2026-09-29,2025-10-11,"1.35%",-225,1.35,0
2026-09-29,2025-10-11,"1.60%",-200,1.6,0
2026-09-29,2025-10-11,"1.85%",-175,1.85,0
2026-09-29,2025-10-11,"2.10%",-150,2.1,0
2026-09-29,2025-10-11,"2.35%",-125,2.35,0.0128949075820288
2026-09-29,2025-10-11,"2.60%",-100,2.6,0.0484204581928124
2026-09-29,2025-10-11,"2.85%",-75,2.85,0.123432361199764
2026-09-29,2025-10-11,"3.10%",-50,3.1,0.213706164150516
2026-09-29,2025-10-11,"3.35%",-25,3.35,0.251370822254132
2026-09-29,2025-10-11,"3.60%",0,3.6,0.200890486745654
2026-09-29,2025-10-11,"3.85%",25,3.85,0.109068597646988
2026-09-29,2025-10-11,"4.10%",50,4.1,0.0402162022281046
2026-09-29,2025-10-11,"4.35%",75,4.35,0
2026-09-29,2025-10-11,"4.60%",100,4.6,0
2026-09-29,2025-10-11,"4.85%",125,4.85,0
2026-09-29,2025-10-11,"5.10%",150,5.1,0
2026-09-29,2025-10-11,"5.35%",175,5.35,0
2026-09-29,2025-10-11,"5.60%",200,5.6,0
2026-09-29,2025-10-11,"5.85%",225,5.85,0
2026-09-29,2025-10-11,"6.10%",250,6.1,0
2026-09-29,2025-10-12,"0.10%",-300,0.1,0
2026-09-29,2025-10-12,"0.35%",-300,0.35,0
2026-09-29,2025-10-12,"0.60%",-300,0.6,0
2026-09-29,2025-10-12,"0.85%",-275,0.85,0
2026-09-29,2025-10-12,"1.10%",-250,1.1,0
2026-09-29,2025-10-12,"1.35%",-225,1.35,0
2026-09-29,2025-10-12,"1.60%",-200,1.6,0
2026-09-29,2025-10-12,"1.85%",-175,1.85,0
2026-09-29,2025-10-12,"2.10%",-150,2.1,0
2026-09-29,2025-10-12,"2.35%",-125,2.35,0.0168864875329403
2026-09-29,2025-10-12,"2.60%",-100,2.6,0.0610142159706614
2026-09-29,2025-10-12,"2.85%",-75,2.85,0.146750260936871
2026-09-29,2025-10-12,"3.10%",-50,3.1,0.235072295807725
2026-09-29,2025-10-12,"3.35%",-25,3.35,0.250854244814654
2026-09-29,2025-10-12,"3.60%",0,3.6,0.178343025522054
2026-09-29,2025-10-12,"3.85%",25,3.85,0.0844531474056082
2026-09-29,2025-10-12,"4.10%",50,4.1,0.026626322009487
2026-09-29,2025-10-12,"4.35%",75,4.35,0
2026-09-29,2025-10-12,"4.60%",100,4.6,0
2026-09-29,2025-10-12,"4.85%",125,4.85,0
2026-09-29,2025-10-12,"5.10%",150,5.1,0
2026-09-29,2025-10-12,"5.35%",175,5.35,0
2026-09-29,2025-10-12,"5.60%",200,5.6,0
2026-09-29,2025-10-12,"5.85%",225,5.85,0
2026-09-29,2025-10-12,"6.10%",250,6.1,0
2026-09-29,2025-10-13,"0.10%",-300,0.1,0
2026-09-29,2025-10-13,"0.35%",-300,0.35,0
2026-09-29,2025-10-13,"0.60%",-300,0.6,0
2026-09-29,2025-10-13,"0.85%",-275,0.85,0
2026-09-29,2025-10-13,"1.10%",-250,1.1,0
2026-09-29,2025-10-13,"1.35%",-225,1.35,0
2026-09-29,2025-10-13,"1.60%",-200,1.6,0
2026-09-29,2025-10-13,"1.85%",-175,1.85,0
2026-09-29,2025-10-13,"2.10%",-150,2.1,0
2026-09-29,2025-10-13,"2.35%",-125,2.35,0.0191602252901756
2026-09-29,2025-10-13,"2.60%",-100,2.6,0.069127102001528
2026-09-29,2025-10-13,"2.85%",-75,2.85,0.162531217660982
2026-09-29,2025-10-13,"3.10%",-50,3.1,0.24918145504732
2026-09-29,2025-10-13,"3.35%",-25,3.35,0.249181455047318
2026-09-29,2025-10-13,"3.60%",0,3.6,0.162531217660978
2026-09-29,2025-10-13,"3.85%",25,3.85,0.0691271020015246
2026-09-29,2025-10-13,"4.10%",50,4.1,0.0191602252901744
2026-09-29,2025-10-13,"4.35%",75,4.35,0
2026-09-29,2025-10-13,"4.60%",100,4.6,0
2026-09-29,2025-10-13,"4.85%",125,4.85,0
2026-09-29,2025-10-13,"5.10%",150,5.1,0
2026-09-29,2025-10-13,"5.35%",175,5.35,0
2026-09-29,2025-10-13,"5.60%",200,5.6,0
2026-09-29,2025-10-13,"5.85%",225,5.85,0
2026-09-29,2025-10-13,"6.10%",250,6.1,0
2026-09-29,2025-10-14,"0.10%",-300,0.1,0
2026-09-29,2025-10-14,"0.35%",-300,0.35,0
2026-09-29,2025-10-14,"0.60%",-300,0.6,0
2026-09-29,2025-10-14,"0.85%",-275,0.85,0
2026-09-29,2025-10-14,"1.10%",-250,1.1,0
2026-09-29,2025-10-14,"1.35%",-225,1.35,0
2026-09-29,2025-10-14,"1.60%",-200,1.6,0
2026-09-29,2025-10-14,"1.85%",-175,1.85,0
2026-09-29,2025-10-14,"2.10%",-150,2.1,0
2026-09-29,2025-10-14,"2.35%",-125,2.35,0.0181367205572195
2026-09-29,2025-10-14,"2.60%",-100,2.6,0.0651596340223824
2026-09-29,2025-10-14,"2.85%",-75,2.85,0.154478370678483
2026-09-29,2025-10-14,"3.10%",-50,3.1,0.241799758328854
2026-09-29,2025-10-14,"3.35%",-25,3.35,0.249958541073826
2026-09-29,2025-10-14,"3.60%",0,3.6,0.170652805794964
2026-09-29,2025-10-14,"3.85%",25,3.85,0.0769281748655106
2026-09-29,2025-10-14,"4.10%",50,4.1,0.0228859946787592
2026-09-29,2025-10-14,"4.35%",75,4.35,0
2026-09-29,2025-10-14,"4.60%",100,4.6,0
2026-09-29,2025-10-14,"4.85%",125,4.85,0
2026-09-29,2025-10-14,"5.10%",150,5.1,0
2026-09-29,2025-10-14,"5.35%",175,5.35,0
2026-09-29,2025-10-14,"5.60%",200,5.6,0
2026-09-29,2025-10-14,"5.85%",225,5.85,0
2026-09-29,2025-10-14,"6.10%",250,6.1,0
2026-09-29,2025-10-15,"0.10%",-300,0.1,0
2026-09-29,2025-10-15,"0.35%",-300,0.35,0
2026-09-29,2025-10-15,"0.60%",-300,0.6,0
2026-09-29,2025-10-15,"0.85%",-275,0.85,0
2026-09-29,2025-10-15,"1.10%",-250,1.1,0
2026-09-29,2025-10-15,"1.35%",-225,1.35,0
2026-09-29,2025-10-15,"1.60%",-200,1.6,0
2026-09-29,2025-10-15,"1.85%",-175,1.85,0
2026-09-29,2025-10-15,"2.10%",-150,2.1,0
2026-09-29,2025-10-15,"2.35%",-125,2.35,0.0382949846726275
2026-09-29,2025-10-15,"2.60%",-100,2.6,0.102592847856248
2026-09-29,2025-10-15,"2.85%",-75,2.85,0.190245728070775
2026-09-29,2025-10-15,"3.10%",-50,3.1,0.244259863261681
2026-09-29,2025-10-15,"3.35%",-25,3.35,0.217158665072381
2026-09-29,2025-10-15,"3.60%",0,3.6,0.133680224061652
2026-09-29,2025-10-15,"3.85%",25,3.85,0.0569677814976981
2026-09-29,2025-10-15,"4.10%",50,4.1,0.0167999055069377
2026-09-29,2025-10-15,"4.35%",75,4.35,0
2026-09-29,2025-10-15,"4.60%",100,4.6,0
2026-09-29,2025-10-15,"4.85%",125,4.85,0
2026-09-29,2025-10-15,"5.10%",150,5.1,0
2026-09-29,2025-10-15,"5.35%",175,5.35,0
2026-09-29,2025-10-15,"5.60%",200,5.6,0
2026-09-29,2025-10-15,"5.85%",225,5.85,0
2026-09-29,2025-10-15,"6.10%",250,6.1,0
2026-09-29,2025-10-16,"0.10%",-300,0.1,0
2026-09-29,2025-10-16,"0.35%",-300,0.35,0
2026-09-29,2025-10-16,"0.60%",-300,0.6,0
2026-09-29,2025-10-16,"0.85%",-275,0.85,0
2026-09-29,2025-10-16,"1.10%",-250,1.1,0
2026-09-29,2025-10-16,"1.35%",-225,1.35,0
2026-09-29,2025-10-16,"1.60%",-200,1.6,0
2026-09-29,2025-10-16,"1.85%",-175,1.85,0
2026-09-29,2025-10-16,"2.10%",-150,2.1,0.0128437376501057
2026-09-29,2025-10-16,"2.35%",-125,2.35,0.0434436024671547
2026-09-29,2025-10-16,"2.60%",-100,2.6,0.105492182815575
2026-09-29,2025-10-16,"2.85%",-75,2.85,0.183946838639176
2026-09-29,2025-10-16,"3.10%",-50,3.1,0.230366097653218
2026-09-29,2025-10-16,"3.35%",-25,3.35,0.20721951279169
2026-09-29,2025-10-16,"3.60%",0,3.6,0.133879360940208
2026-09-29,2025-10-16,"3.85%",25,3.85,0.062116468539907
2026-09-29,2025-10-16,"4.10%",50,4.1,0.0206921985029652
2026-09-29,2025-10-16,"4.35%",75,4.35,0
2026-09-29,2025-10-16,"4.60%",100,4.6,0
2026-09-29,2025-10-16,"4.85%",125,4.85,0
2026-09-29,2025-10-16,"5.10%",150,5.1,0
2026-09-29,2025-10-16,"5.35%",175,5.35,0
2026-09-29,2025-10-16,"5.60%",200,5.6,0
2026-09-29,2025-10-16,"5.85%",225,5.85,0
2026-09-29,2025-10-16,"6.10%",250,6.1,0
2026-09-29,2025-10-23,"0.10%",-300,0.1,0
2026-09-29,2025-10-23,"0.35%",-300,0.35,0
2026-09-29,2025-10-23,"0.60%",-300,0.6,0
2026-09-29,2025-10-23,"0.85%",-275,0.85,0
2026-09-29,2025-10-23,"1.10%",-250,1.1,0
2026-09-29,2025-10-23,"1.35%",-225,1.35,0
2026-09-29,2025-10-23,"1.60%",-200,1.6,0
2026-09-29,2025-10-23,"1.85%",-175,1.85,0
2026-09-29,2025-10-23,"2.10%",-150,2.1,0
2026-09-29,2025-10-23,"2.35%",-125,2.35,0.0347104300197819
2026-09-29,2025-10-23,"2.60%",-100,2.6,0.101480626205938
2026-09-29,2025-10-23,"2.85%",-75,2.85,0.197559646678529
2026-09-29,2025-10-23,"3.10%",-50,3.1,0.25619795167311
2026-09-29,2025-10-23,"3.35%",-25,3.35,0.221352242702948
2026-09-29,2025-10-23,"3.60%",0,3.6,0.127404378763635
2026-09-29,2025-10-23,"3.85%",25,3.85,0.0488353234072809
2026-09-29,2025-10-23,"4.10%",50,4.1,0.0124594005487779
2026-09-29,2025-10-23,"4.35%",75,4.35,0
2026-09-29,2025-10-23,"4.60%",100,4.6,0
2026-09-29,2025-10-23,"4.85%",125,4.85,0
2026-09-29,2025-10-23,"5.10%",150,5.1,0
2026-09-29,2025-10-23,"5.35%",175,5.35,0
2026-09-29,2025-10-23,"5.60%",200,5.6,0
2026-09-29,2025-10-23,"5.85%",225,5.85,0
2026-09-29,2025-10-23,"6.10%",250,6.1,0
2026-09-29,2025-10-24,"0.10%",-300,0.1,0
2026-09-29,2025-10-24,"0.35%",-300,0.35,0
2026-09-29,2025-10-24,"0.60%",-300,0.6,0
2026-09-29,2025-10-24,"0.85%",-275,0.85,0
2026-09-29,2025-10-24,"1.10%",-250,1.1,0
2026-09-29,2025-10-24,"1.35%",-225,1.35,0
2026-09-29,2025-10-24,"1.60%",-200,1.6,0
2026-09-29,2025-10-24,"1.85%",-175,1.85,0
2026-09-29,2025-10-24,"2.10%",-150,2.1,0
2026-09-29,2025-10-24,"2.35%",-125,2.35,0.0313200129644906
2026-09-29,2025-10-24,"2.60%",-100,2.6,0.0982995800353503
2026-09-29,2025-10-24,"2.85%",-75,2.85,0.199971685415457
2026-09-29,2025-10-24,"3.10%",-50,3.1,0.263810768804505
2026-09-29,2025-10-24,"3.35%",-25,3.35,0.225742132764264
2026-09-29,2025-10-24,"3.60%",0,3.6,0.125279088273299
2026-09-29,2025-10-24,"3.85%",25,3.85,0.0450718687345947
2026-09-29,2025-10-24,"4.10%",50,4.1,0.0105048630080387
2026-09-29,2025-10-24,"4.35%",75,4.35,0
2026-09-29,2025-10-24,"4.60%",100,4.6,0
2026-09-29,2025-10-24,"4.85%",125,4.85,0
2026-09-29,2025-10-24,"5.10%",150,5.1,0
2026-09-29,2025-10-24,"5.35%",175,5.35,0
2026-09-29,2025-10-24,"5.60%",200,5.6,0
2026-09-29,2025-10-24,"5.85%",225,5.85,0
2026-09-29,2025-10-24,"6.10%",250,6.1,0
2026-09-29,2025-10-25,"0.10%",-300,0.1,0
2026-09-29,2025-10-25,"0.35%",-300,0.35,0
2026-09-29,2025-10-25,"0.60%",-300,0.6,0
2026-09-29,2025-10-25,"0.85%",-275,0.85,0
2026-09-29,2025-10-25,"1.10%",-250,1.1,0
2026-09-29,2025-10-25,"1.35%",-225,1.35,0
2026-09-29,2025-10-25,"1.60%",-200,1.6,0
2026-09-29,2025-10-25,"1.85%",-175,1.85,0
2026-09-29,2025-10-25,"2.10%",-150,2.1,0
2026-09-29,2025-10-25,"2.35%",-125,2.35,0.0326998066470387
2026-09-29,2025-10-25,"2.60%",-100,2.6,0.0996335838359762
2026-09-29,2025-10-25,"2.85%",-75,2.85,0.198995774171629
2026-09-29,2025-10-25,"3.10%",-50,3.1,0.260649939590677
2026-09-29,2025-10-25,"3.35%",-25,3.35,0.223937590748654
2026-09-29,2025-10-25,"3.60%",0,3.6,0.126184738030234
2026-09-29,2025-10-25,"3.85%",25,3.85,0.0466155481524374
2026-09-29,2025-10-25,"4.10%",50,4.1,0.0112830188233531
2026-09-29,2025-10-25,"4.35%",75,4.35,0
2026-09-29,2025-10-25,"4.60%",100,4.6,0
2026-09-29,2025-10-25,"4.85%",125,4.85,0
2026-09-29,2025-10-25,"5.10%",150,5.1,0
2026-09-29,2025-10-25,"5.35%",175,5.35,0
2026-09-29,2025-10-25,"5.60%",200,5.6,0
2026-09-29,2025-10-25,"5.85%",225,5.85,0
2026-09-29,2025-10-25,"6.10%",250,6.1,0
2026-09-29,2025-10-26,"0.10%",-300,0.1,0
2026-09-29,2025-10-26,"0.35%",-300,0.35,0
2026-09-29,2025-10-26,"0.60%",-300,0.6,0
2026-09-29,2025-10-26,"0.85%",-275,0.85,0
2026-09-29,2025-10-26,"1.10%",-250,1.1,0
2026-09-29,2025-10-26,"1.35%",-225,1.35,0
2026-09-29,2025-10-26,"1.60%",-200,1.6,0
2026-09-29,2025-10-26,"1.85%",-175,1.85,0
2026-09-29,2025-10-26,"2.10%",-150,2.1,0
2026-09-29,2025-10-26,"2.35%",-125,2.35,0.0275311261121511
2026-09-29,2025-10-26,"2.60%",-100,2.6,0.0870808305172476
2026-09-29,2025-10-26,"2.85%",-75,2.85,0.182500669087192
2026-09-29,2025-10-26,"3.10%",-50,3.1,0.25353869765474
2026-09-29,2025-10-26,"3.35%",-25,3.35,0.233534784394379
2026-09-29,2025-10-26,"3.60%",0,3.6,0.142614548277187
2026-09-29,2025-10-26,"3.85%",25,3.85,0.0577228873746356
2026-09-29,2025-10-26,"4.10%",50,4.1,0.0154764565824687
2026-09-29,2025-10-26,"4.35%",75,4.35,0
2026-09-29,2025-10-26,"4.60%",100,4.6,0
2026-09-29,2025-10-26,"4.85%",125,4.85,0
2026-09-29,2025-10-26,"5.10%",150,5.1,0
2026-09-29,2025-10-26,"5.35%",175,5.35,0
2026-09-29,2025-10-26,"5.60%",200,5.6,0
2026-09-29,2025-10-26,"5.85%",225,5.85,0
2026-09-29,2025-10-26,"6.10%",250,6.1,0
2026-09-29,2025-10-27,"0.10%",-300,0.1,0
2026-09-29,2025-10-27,"0.35%",-300,0.35,0
2026-09-29,2025-10-27,"0.60%",-300,0.6,0
2026-09-29,2025-10-27,"0.85%",-275,0.85,0
2026-09-29,2025-10-27,"1.10%",-250,1.1,0
2026-09-29,2025-10-27,"1.35%",-225,1.35,0
2026-09-29,2025-10-27,"1.60%",-200,1.6,0
2026-09-29,2025-10-27,"1.85%",-175,1.85,0
2026-09-29,2025-10-27,"2.10%",-150,2.1,0
2026-09-29,2025-10-27,"2.35%",-125,2.35,0.0231644455033003
2026-09-29,2025-10-27,"2.60%",-100,2.6,0.0758887259279383
2026-09-29,2025-10-27,"2.85%",-75,2.85,0.166444424858931
2026-09-29,2025-10-27,"3.10%",-50,3.1,0.244504983319244
2026-09-29,2025-10-27,"3.35%",-25,3.35,0.240618623998185
2026-09-29,2025-10-27,"3.60%",0,3.6,0.158631616880392
2026-09-29,2025-10-27,"3.85%",25,3.85,0.0700430147652325
2026-09-29,2025-10-27,"4.10%",50,4.1,0.0207041647467774
2026-09-29,2025-10-27,"4.35%",75,4.35,0
2026-09-29,2025-10-27,"4.60%",100,4.6,0
2026-09-29,2025-10-27,"4.85%",125,4.85,0
2026-09-29,2025-10-27,"5.10%",150,5.1,0
2026-09-29,2025-10-27,"5.35%",175,5.35,0
2026-09-29,2025-10-27,"5.60%",200,5.6,0
2026-09-29,2025-10-27,"5.85%",225,5.85,0
2026-09-29,2025-10-27,"6.10%",250,6.1,0
2026-09-29,2025-10-28,"0.10%",-300,0.1,0
2026-09-29,2025-10-28,"0.35%",-300,0.35,0
2026-09-29,2025-10-28,"0.60%",-300,0.6,0
2026-09-29,2025-10-28,"0.85%",-275,0.85,0
2026-09-29,2025-10-28,"1.10%",-250,1.1,0
2026-09-29,2025-10-28,"1.35%",-225,1.35,0
2026-09-29,2025-10-28,"1.60%",-200,1.6,0
2026-09-29,2025-10-28,"1.85%",-175,1.85,0
2026-09-29,2025-10-28,"2.10%",-150,2.1,0
2026-09-29,2025-10-28,"2.35%",-125,2.35,0
2026-09-29,2025-10-28,"2.60%",-100,2.6,0.0420884281702203
2026-09-29,2025-10-28,"2.85%",-75,2.85,0.117992499747024
2026-09-29,2025-10-28,"3.10%",-50,3.1,0.217492529823511
2026-09-29,2025-10-28,"3.35%",-25,3.35,0.263697155958996
2026-09-29,2025-10-28,"3.60%",0,3.6,0.210326359403878
2026-09-29,2025-10-28,"3.85%",25,3.85,0.110342662240039
2026-09-29,2025-10-28,"4.10%",50,4.1,0.0380603646563321
2026-09-29,2025-10-28,"4.35%",75,4.35,0
2026-09-29,2025-10-28,"4.60%",100,4.6,0
2026-09-29,2025-10-28,"4.85%",125,4.85,0
2026-09-29,2025-10-28,"5.10%",150,5.1,0
2026-09-29,2025-10-28,"5.35%",175,5.35,0
2026-09-29,2025-10-28,"5.60%",200,5.6,0
2026-09-29,2025-10-28,"5.85%",225,5.85,0
2026-09-29,2025-10-28,"6.10%",250,6.1,0
2026-09-29,2025-10-29,"0.10%",-300,0.1,0
2026-09-29,2025-10-29,"0.35%",-300,0.35,0
2026-09-29,2025-10-29,"0.60%",-300,0.6,0
2026-09-29,2025-10-29,"0.85%",-275,0.85,0
2026-09-29,2025-10-29,"1.10%",-250,1.1,0
2026-09-29,2025-10-29,"1.35%",-225,1.35,0
2026-09-29,2025-10-29,"1.60%",-200,1.6,0
2026-09-29,2025-10-29,"1.85%",-175,1.85,0
2026-09-29,2025-10-29,"2.10%",-150,2.1,0
2026-09-29,2025-10-29,"2.35%",-125,2.35,0
2026-09-29,2025-10-29,"2.60%",-100,2.6,0.0307324438795521
2026-09-29,2025-10-29,"2.85%",-75,2.85,0.103471971146948
2026-09-29,2025-10-29,"3.10%",-50,3.1,0.21590820578573
2026-09-29,2025-10-29,"3.35%",-25,3.35,0.279411300040955
2026-09-29,2025-10-29,"3.60%",0,3.6,0.224315507891516
2026-09-29,2025-10-29,"3.85%",25,3.85,0.111691337492459
2026-09-29,2025-10-29,"4.10%",50,4.1,0.0344692337628399
2026-09-29,2025-10-29,"4.35%",75,4.35,0
2026-09-29,2025-10-29,"4.60%",100,4.6,0
2026-09-29,2025-10-29,"4.85%",125,4.85,0
2026-09-29,2025-10-29,"5.10%",150,5.1,0
2026-09-29,2025-10-29,"5.35%",175,5.35,0
2026-09-29,2025-10-29,"5.60%",200,5.6,0
2026-09-29,2025-10-29,"5.85%",225,5.85,0
2026-09-29,2025-10-29,"6.10%",250,6.1,0
2026-09-29,2025-10-30,"0.10%",-300,0.1,0
2026-09-29,2025-10-30,"0.35%",-300,0.35,0
2026-09-29,2025-10-30,"0.60%",-300,0.6,0
2026-09-29,2025-10-30,"0.85%",-275,0.85,0
2026-09-29,2025-10-30,"1.10%",-250,1.1,0
2026-09-29,2025-10-30,"1.35%",-225,1.35,0
2026-09-29,2025-10-30,"1.60%",-200,1.6,0
2026-09-29,2025-10-30,"1.85%",-175,1.85,0
2026-09-29,2025-10-30,"2.10%",-150,2.1,0
2026-09-29,2025-10-30,"2.35%",-125,2.35,0
2026-09-29,2025-10-30,"2.60%",-100,2.6,0.0243839980633804
2026-09-29,2025-10-30,"2.85%",-75,2.85,0.0984188486085222
2026-09-29,2025-10-30,"3.10%",-50,3.1,0.227137509998497
2026-09-29,2025-10-30,"3.35%",-25,3.35,0.300119286659215
2026-09-29,2025-10-30,"3.60%",0,3.6,0.227137509998491
2026-09-29,2025-10-30,"3.85%",25,3.85,0.0984188486085171
2026-09-29,2025-10-30,"4.10%",50,4.1,0.0243839980633785
2026-09-29,2025-10-30,"4.35%",75,4.35,0
2026-09-29,2025-10-30,"4.60%",100,4.6,0
2026-09-29,2025-10-30,"4.85%",125,4.85,0
2026-09-29,2025-10-30,"5.10%",150,5.1,0
2026-09-29,2025-10-30,"5.35%",175,5.35,0
2026-09-29,2025-10-30,"5.60%",200,5.6,0
2026-09-29,2025-10-30,"5.85%",225,5.85,0
2026-09-29,2025-10-30,"6.10%",250,6.1,0
2026-09-29,2025-10-31,"0.10%",-300,0.1,0
2026-09-29,2025-10-31,"0.35%",-300,0.35,0
2026-09-29,2025-10-31,"0.60%",-300,0.6,0
2026-09-29,2025-10-31,"0.85%",-275,0.85,0
2026-09-29,2025-10-31,"1.10%",-250,1.1,0
2026-09-29,2025-10-31,"1.35%",-225,1.35,0
2026-09-29,2025-10-31,"1.60%",-200,1.6,0
2026-09-29,2025-10-31,"1.85%",-175,1.85,0
2026-09-29,2025-10-31,"2.10%",-150,2.1,0
2026-09-29,2025-10-31,"2.35%",-125,2.35,0
2026-09-29,2025-10-31,"2.60%",-100,2.6,0.0262205362748985
2026-09-29,2025-10-31,"2.85%",-75,2.85,0.100686290384408
2026-09-29,2025-10-31,"3.10%",-50,3.1,0.225550900697156
2026-09-29,2025-10-31,"3.35%",-25,3.35,0.295084545287087
2026-09-29,2025-10-31,"3.60%",0,3.6,0.22555090069715
2026-09-29,2025-10-31,"3.85%",25,3.85,0.100686290384404
2026-09-29,2025-10-31,"4.10%",50,4.1,0.0262205362748966
2026-09-29,2025-10-31,"4.35%",75,4.35,0
2026-09-29,2025-10-31,"4.60%",100,4.6,0
2026-09-29,2025-10-31,"4.85%",125,4.85,0
2026-09-29,2025-10-31,"5.10%",150,5.1,0
2026-09-29,2025-10-31,"5.35%",175,5.35,0
2026-09-29,2025-10-31,"5.60%",200,5.6,0
2026-09-29,2025-10-31,"5.85%",225,5.85,0
2026-09-29,2025-10-31,"6.10%",250,6.1,0
2026-09-29,2025-11-01,"0.10%",-300,0.1,0
2026-09-29,2025-11-01,"0.35%",-300,0.35,0
2026-09-29,2025-11-01,"0.60%",-300,0.6,0
2026-09-29,2025-11-01,"0.85%",-275,0.85,0
2026-09-29,2025-11-01,"1.10%",-250,1.1,0
2026-09-29,2025-11-01,"1.35%",-225,1.35,0
2026-09-29,2025-11-01,"1.60%",-200,1.6,0
2026-09-29,2025-11-01,"1.85%",-175,1.85,0
2026-09-29,2025-11-01,"2.10%",-150,2.1,0
2026-09-29,2025-11-01,"2.35%",-125,2.35,0
2026-09-29,2025-11-01,"2.60%",-100,2.6,0.0279750772666111
2026-09-29,2025-11-01,"2.85%",-75,2.85,0.102724224893542
2026-09-29,2025-11-01,"3.10%",-50,3.1,0.224043099035208
2026-09-29,2025-11-01,"3.35%",-25,3.35,0.29051519760929
2026-09-29,2025-11-01,"3.60%",0,3.6,0.224043099035202
2026-09-29,2025-11-01,"3.85%",25,3.85,0.102724224893537
2026-09-29,2025-11-01,"4.10%",50,4.1,0.0279750772666092
2026-09-29,2025-11-01,"4.35%",75,4.35,0
2026-09-29,2025-11-01,"4.60%",100,4.6,0
2026-09-29,2025-11-01,"4.85%",125,4.85,0
2026-09-29,2025-11-01,"5.10%",150,5.1,0
2026-09-29,2025-11-01,"5.35%",175,5.35,0
2026-09-29,2025-11-01,"5.60%",200,5.6,0
2026-09-29,2025-11-01,"5.85%",225,5.85,0
2026-09-29,2025-11-01,"6.10%",250,6.1,0
2026-09-29,2025-11-02,"0.10%",-300,0.1,0
2026-09-29,2025-11-02,"0.35%",-300,0.35,0
2026-09-29,2025-11-02,"0.60%",-300,0.6,0
2026-09-29,2025-11-02,"0.85%",-275,0.85,0
2026-09-29,2025-11-02,"1.10%",-250,1.1,0
2026-09-29,2025-11-02,"1.35%",-225,1.35,0
2026-09-29,2025-11-02,"1.60%",-200,1.6,0
2026-09-29,2025-11-02,"1.85%",-175,1.85,0
2026-09-29,2025-11-02,"2.10%",-150,2.1,0
2026-09-29,2025-11-02,"2.35%",-125,2.35,0
2026-09-29,2025-11-02,"2.60%",-100,2.6,0.0239644668103426
2026-09-29,2025-11-02,"2.85%",-75,2.85,0.0905025513170956
2026-09-29,2025-11-02,"3.10%",-50,3.1,0.206476668009001
2026-09-29,2025-11-02,"3.35%",-25,3.35,0.284838162454646
2026-09-29,2025-11-02,"3.60%",0,3.6,0.237687307935975
2026-09-29,2025-11-02,"3.85%",25,3.85,0.119950447692339
2026-09-29,2025-11-02,"4.10%",50,4.1,0.0365803957806002
2026-09-29,2025-11-02,"4.35%",75,4.35,0
2026-09-29,2025-11-02,"4.60%",100,4.6,0
2026-09-29,2025-11-02,"4.85%",125,4.85,0
2026-09-29,2025-11-02,"5.10%",150,5.1,0
2026-09-29,2025-11-02,"5.35%",175,5.35,0
2026-09-29,2025-11-02,"5.60%",200,5.6,0
2026-09-29,2025-11-02,"5.85%",225,5.85,0
2026-09-29,2025-11-02,"6.10%",250,6.1,0
2026-09-29,2025-11-03,"0.10%",-300,0.1,0
2026-09-29,2025-11-03,"0.35%",-300,0.35,0
2026-09-29,2025-11-03,"0.60%",-300,0.6,0
2026-09-29,2025-11-03,"0.85%",-275,0.85,0
2026-09-29,2025-11-03,"1.10%",-250,1.1,0
2026-09-29,2025-11-03,"1.35%",-225,1.35,0
2026-09-29,2025-11-03,"1.60%",-200,1.6,0
2026-09-29,2025-11-03,"1.85%",-175,1.85,0
2026-09-29,2025-11-03,"2.10%",-150,2.1,0
2026-09-29,2025-11-03,"2.35%",-125,2.35,0
2026-09-29,2025-11-03,"2.60%",-100,2.6,0.0205712992020827
2026-09-29,2025-11-03,"2.85%",-75,2.85,0.079698543657292
2026-09-29,2025-11-03,"3.10%",-50,3.1,0.18957067300506
2026-09-29,2025-11-03,"3.35%",-25,3.35,0.277077728111437
2026-09-29,2025-11-03,"3.60%",0,3.6,0.248952007409024
2026-09-29,2025-11-03,"3.85%",25,3.85,0.137487629152225
2026-09-29,2025-11-03,"4.10%",50,4.1,0.0466421194628795
2026-09-29,2025-11-03,"4.35%",75,4.35,0
2026-09-29,2025-11-03,"4.60%",100,4.6,0
2026-09-29,2025-11-03,"4.85%",125,4.85,0
2026-09-29,2025-11-03,"5.10%",150,5.1,0
2026-09-29,2025-11-03,"5.35%",175,5.35,0
2026-09-29,2025-11-03,"5.60%",200,5.6,0
2026-09-29,2025-11-03,"5.85%",225,5.85,0
2026-09-29,2025-11-03,"6.10%",250,6.1,0
2026-09-29,2025-11-04,"0.10%",-300,0.1,0
2026-09-29,2025-11-04,"0.35%",-300,0.35,0
2026-09-29,2025-11-04,"0.60%",-300,0.6,0
2026-09-29,2025-11-04,"0.85%",-275,0.85,0
2026-09-29,2025-11-04,"1.10%",-250,1.1,0
2026-09-29,2025-11-04,"1.35%",-225,1.35,0
2026-09-29,2025-11-04,"1.60%",-200,1.6,0
2026-09-29,2025-11-04,"1.85%",-175,1.85,0
2026-09-29,2025-11-04,"2.10%",-150,2.1,0
2026-09-29,2025-11-04,"2.35%",-125,2.35,0.0107118752027631
2026-09-29,2025-11-04,"2.60%",-100,2.6,0.0409291684280102
2026-09-29,2025-11-04,"2.85%",-75,2.85,0.10772009189099
2026-09-29,2025-11-04,"3.10%",-50,3.1,0.195361238341335
2026-09-29,2025-11-04,"3.35%",-25,3.35,0.244216517325256
2026-09-29,2025-11-04,"3.60%",0,3.6,0.210451302963836
2026-09-29,2025-11-04,"3.85%",25,3.85,0.125008080438662
2026-09-29,2025-11-04,"4.10%",50,4.1,0.0511718731571757
2026-09-29,2025-11-04,"4.35%",75,4.35,0.0144298522519713
2026-09-29,2025-11-04,"4.60%",100,4.6,0
2026-09-29,2025-11-04,"4.85%",125,4.85,0
2026-09-29,2025-11-04,"5.10%",150,5.1,0
2026-09-29,2025-11-04,"5.35%",175,5.35,0
2026-09-29,2025-11-04,"5.60%",200,5.6,0
2026-09-29,2025-11-04,"5.85%",225,5.85,0
2026-09-29,2025-11-04,"6.10%",250,6.1,0
2026-09-29,2025-11-05,"0.10%",-300,0.1,0
2026-09-29,2025-11-05,"0.35%",-300,0.35,0
2026-09-29,2025-11-05,"0.60%",-300,0.6,0
2026-09-29,2025-11-05,"0.85%",-275,0.85,0
2026-09-29,2025-11-05,"1.10%",-250,1.1,0
2026-09-29,2025-11-05,"1.35%",-225,1.35,0
2026-09-29,2025-11-05,"1.60%",-200,1.6,0
2026-09-29,2025-11-05,"1.85%",-175,1.85,0
2026-09-29,2025-11-05,"2.10%",-150,2.1,0
2026-09-29,2025-11-05,"2.35%",-125,2.35,0.0128485046191148
2026-09-29,2025-11-05,"2.60%",-100,2.6,0.0434516266368634
2026-09-29,2025-11-05,"2.85%",-75,2.85,0.105497364407255
2026-09-29,2025-11-05,"3.10%",-50,3.1,0.183940255742511
2026-09-29,2025-11-05,"3.35%",-25,3.35,0.230349941265377
2026-09-29,2025-11-05,"3.60%",0,3.6,0.207208328766852
2026-09-29,2025-11-05,"3.85%",25,3.85,0.133881064132107
2026-09-29,2025-11-05,"4.10%",50,4.1,0.0621245464102186
2026-09-29,2025-11-05,"4.35%",75,4.35,0.0206983680197009
2026-09-29,2025-11-05,"4.60%",100,4.6,0
2026-09-29,2025-11-05,"4.85%",125,4.85,0
2026-09-29,2025-11-05,"5.10%",150,5.1,0
2026-09-29,2025-11-05,"5.35%",175,5.35,0
2026-09-29,2025-11-05,"5.60%",200,5.6,0
2026-09-29,2025-11-05,"5.85%",225,5.85,0
2026-09-29,2025-11-05,"6.10%",250,6.1,0
2026-09-29,2025-11-06,"0.10%",-300,0.1,0
2026-09-29,2025-11-06,"0.35%",-300,0.35,0
2026-09-29,2025-11-06,"0.60%",-300,0.6,0
2026-09-29,2025-11-06,"0.85%",-275,0.85,0
2026-09-29,2025-11-06,"1.10%",-250,1.1,0
2026-09-29,2025-11-06,"1.35%",-225,1.35,0
2026-09-29,2025-11-06,"1.60%",-200,1.6,0
2026-09-29,2025-11-06,"1.85%",-175,1.85,0
2026-09-29,2025-11-06,"2.10%",-150,2.1,0
2026-09-29,2025-11-06,"2.35%",-125,2.35,0.0152128052159418
2026-09-29,2025-11-06,"2.60%",-100,2.6,0.0475682163102708
2026-09-29,2025-11-06,"2.85%",-75,2.85,0.108905894148125
2026-09-29,2025-11-06,"3.10%",-50,3.1,0.182601615266859
2026-09-29,2025-11-06,"3.35%",-25,3.35,0.224251720607905
2026-09-29,2025-11-06,"3.60%",0,3.6,0.201729250505049
2026-09-29,2025-11-06,"3.85%",25,3.85,0.132920357879788
2026-09-29,2025-11-06,"4.10%",50,4.1,0.0641439192295874
2026-09-29,2025-11-06,"4.35%",75,4.35,0.0226662208364736
2026-09-29,2025-11-06,"4.60%",100,4.6,0
2026-09-29,2025-11-06,"4.85%",125,4.85,0
2026-09-29,2025-11-06,"5.10%",150,5.1,0
2026-09-29,2025-11-06,"5.35%",175,5.35,0
2026-09-29,2025-11-06,"5.60%",200,5.6,0
2026-09-29,2025-11-06,"5.85%",225,5.85,0
2026-09-29,2025-11-06,"6.10%",250,6.1,0
2026-09-29,2025-11-07,"0.10%",-300,0.1,0
2026-09-29,2025-11-07,"0.35%",-300,0.35,0
2026-09-29,2025-11-07,"0.60%",-300,0.6,0
2026-09-29,2025-11-07,"0.85%",-275,0.85,0
2026-09-29,2025-11-07,"1.10%",-250,1.1,0
2026-09-29,2025-11-07,"1.35%",-225,1.35,0
2026-09-29,2025-11-07,"1.60%",-200,1.6,0
2026-09-29,2025-11-07,"1.85%",-175,1.85,0
2026-09-29,2025-11-07,"2.10%",-150,2.1,0
2026-09-29,2025-11-07,"2.35%",-125,2.35,0.0225159505944435
2026-09-29,2025-11-07,"2.60%",-100,2.6,0.0571645970694359
2026-09-29,2025-11-07,"2.85%",-75,2.85,0.11250290178422
2026-09-29,2025-11-07,"3.10%",-50,3.1,0.171648990758809
2026-09-29,2025-11-07,"3.35%",-25,3.35,0.203042081174247
2026-09-29,2025-11-07,"3.60%",0,3.6,0.186212453880597
2026-09-29,2025-11-07,"3.85%",25,3.85,0.132404818086695
2026-09-29,2025-11-07,"4.10%",50,4.1,0.0729877372735824
2026-09-29,2025-11-07,"4.35%",75,4.35,0.0311896484155974
2026-09-29,2025-11-07,"4.60%",100,4.6,0.0103308209623726
2026-09-29,2025-11-07,"4.85%",125,4.85,0
2026-09-29,2025-11-07,"5.10%",150,5.1,0
2026-09-29,2025-11-07,"5.35%",175,5.35,0
2026-09-29,2025-11-07,"5.60%",200,5.6,0
2026-09-29,2025-11-07,"5.85%",225,5.85,0
2026-09-29,2025-11-07,"6.10%",250,6.1,0
2026-09-29,2025-11-08,"0.10%",-300,0.1,0
2026-09-29,2025-11-08,"0.35%",-300,0.35,0
2026-09-29,2025-11-08,"0.60%",-300,0.6,0
2026-09-29,2025-11-08,"0.85%",-275,0.85,0
2026-09-29,2025-11-08,"1.10%",-250,1.1,0
2026-09-29,2025-11-08,"1.35%",-225,1.35,0
2026-09-29,2025-11-08,"1.60%",-200,1.6,0
2026-09-29,2025-11-08,"1.85%",-175,1.85,0
2026-09-29,2025-11-08,"2.10%",-150,2.1,0
2026-09-29,2025-11-08,"2.35%",-125,2.35,0.0217031203854671
2026-09-29,2025-11-08,"2.60%",-100,2.6,0.0564818536612501
2026-09-29,2025-11-08,"2.85%",-75,2.85,0.113175770829488
2026-09-29,2025-11-08,"3.10%",-50,3.1,0.174623023559236
2026-09-29,2025-11-08,"3.35%",-25,3.35,0.207482903134135
2026-09-29,2025-11-08,"3.60%",0,3.6,0.189848721631962
2026-09-29,2025-11-08,"3.85%",25,3.85,0.133773936841624
2026-09-29,2025-11-08,"4.10%",50,4.1,0.0725855336811125
2026-09-29,2025-11-08,"4.35%",75,4.35,0.0303251362757248
2026-09-29,2025-11-08,"4.60%",100,4.6,0
2026-09-29,2025-11-08,"4.85%",125,4.85,0
2026-09-29,2025-11-08,"5.10%",150,5.1,0
2026-09-29,2025-11-08,"5.35%",175,5.35,0
2026-09-29,2025-11-08,"5.60%",200,5.6,0
2026-09-29,2025-11-08,"5.85%",225,5.85,0
2026-09-29,2025-11-08,"6.10%",250,6.1,0
2026-09-29,2025-11-09,"0.10%",-300,0.1,0
2026-09-29,2025-11-09,"0.35%",-300,0.35,0
2026-09-29,2025-11-09,"0.60%",-300,0.6,0
2026-09-29,2025-11-09,"0.85%",-275,0.85,0
2026-09-29,2025-11-09,"1.10%",-250,1.1,0
2026-09-29,2025-11-09,"1.35%",-225,1.35,0
2026-09-29,2025-11-09,"1.60%",-200,1.6,0
2026-09-29,2025-11-09,"1.85%",-175,1.85,0
2026-09-29,2025-11-09,"2.10%",-150,2.1,0
2026-09-29,2025-11-09,"2.35%",-125,2.35,0.0174528451562848
2026-09-29,2025-11-09,"2.60%",-100,2.6,0.0483908911085609
2026-09-29,2025-11-09,"2.85%",-75,2.85,0.102576968547978
2026-09-29,2025-11-09,"3.10%",-50,3.1,0.166256355455098
2026-09-29,2025-11-09,"3.35%",-25,3.35,0.206055398129874
2026-09-29,2025-11-09,"3.60%",0,3.6,0.195291328811035
2026-09-29,2025-11-09,"3.85%",25,3.85,0.141537384017212
2026-09-29,2025-11-09,"4.10%",50,4.1,0.0784377091232917
2026-09-29,2025-11-09,"4.35%",75,4.35,0.0332354496732762
2026-09-29,2025-11-09,"4.60%",100,4.6,0.0107656699773887
2026-09-29,2025-11-09,"4.85%",125,4.85,0
2026-09-29,2025-11-09,"5.10%",150,5.1,0
2026-09-29,2025-11-09,"5.35%",175,5.35,0
2026-09-29,2025-11-09,"5.60%",200,5.6,0
2026-09-29,2025-11-09,"5.85%",225,5.85,0
2026-09-29,2025-11-09,"6.10%",250,6.1,0
2026-09-29,2025-11-10,"0.10%",-300,0.1,0
2026-09-29,2025-11-10,"0.35%",-300,0.35,0
2026-09-29,2025-11-10,"0.60%",-300,0.6,0
2026-09-29,2025-11-10,"0.85%",-275,0.85,0
2026-09-29,2025-11-10,"1.10%",-250,1.1,0
2026-09-29,2025-11-10,"1.35%",-225,1.35,0
2026-09-29,2025-11-10,"1.60%",-200,1.6,0
2026-09-29,2025-11-10,"1.85%",-175,1.85,0
2026-09-29,2025-11-10,"2.10%",-150,2.1,0
2026-09-29,2025-11-10,"2.35%",-125,2.35,0.0153723236999864
2026-09-29,2025-11-10,"2.60%",-100,2.6,0.0445563234673191
2026-09-29,2025-11-10,"2.85%",-75,2.85,0.0980116339060518
2026-09-29,2025-11-10,"3.10%",-50,3.1,0.163645776946944
2026-09-29,2025-11-10,"3.35%",-25,3.35,0.207410779997393
2026-09-29,2025-11-10,"3.60%",0,3.6,0.199561251231329
2026-09-29,2025-11-10,"3.85%",25,3.85,0.145759333093619
2026-09-29,2025-11-10,"4.10%",50,4.1,0.08081401044706
2026-09-29,2025-11-10,"4.35%",75,4.35,0.0340079810835239
2026-09-29,2025-11-10,"4.60%",100,4.6,0.0108605861267742
2026-09-29,2025-11-10,"4.85%",125,4.85,0
2026-09-29,2025-11-10,"5.10%",150,5.1,0
2026-09-29,2025-11-10,"5.35%",175,5.35,0
2026-09-29,2025-11-10,"5.60%",200,5.6,0
2026-09-29,2025-11-10,"5.85%",225,5.85,0
2026-09-29,2025-11-10,"6.10%",250,6.1,0
2026-09-29,2025-11-11,"0.10%",-300,0.1,0
2026-09-29,2025-11-11,"0.35%",-300,0.35,0
2026-09-29,2025-11-11,"0.60%",-300,0.6,0
2026-09-29,2025-11-11,"0.85%",-275,0.85,0
2026-09-29,2025-11-11,"1.10%",-250,1.1,0
2026-09-29,2025-11-11,"1.35%",-225,1.35,0
2026-09-29,2025-11-11,"1.60%",-200,1.6,0
2026-09-29,2025-11-11,"1.85%",-175,1.85,0
2026-09-29,2025-11-11,"2.10%",-150,2.1,0
2026-09-29,2025-11-11,"2.35%",-125,2.35,0.0175574323213146
2026-09-29,2025-11-11,"2.60%",-100,2.6,0.0479296554601677
2026-09-29,2025-11-11,"2.85%",-75,2.85,0.100719565697986
2026-09-29,2025-11-11,"3.10%",-50,3.1,0.162943991502311
2026-09-29,2025-11-11,"3.35%",-25,3.35,0.202959892856597
2026-09-29,2025-11-11,"3.60%",0,3.6,0.194645550094737
2026-09-29,2025-11-11,"3.85%",25,3.85,0.143726961398264
2026-09-29,2025-11-11,"4.10%",50,4.1,0.0817091816602112
2026-09-29,2025-11-11,"4.35%",75,4.35,0.0357605808424165
2026-09-29,2025-11-11,"4.60%",100,4.6,0.0120471881659939
2026-09-29,2025-11-11,"4.85%",125,4.85,0
2026-09-29,2025-11-11,"5.10%",150,5.1,0
2026-09-29,2025-11-11,"5.35%",175,5.35,0
2026-09-29,2025-11-11,"5.60%",200,5.6,0
2026-09-29,2025-11-11,"5.85%",225,5.85,0
2026-09-29,2025-11-11,"6.10%",250,6.1,0
2026-09-29,2025-11-12,"0.10%",-300,0.1,0
2026-09-29,2025-11-12,"0.35%",-300,0.35,0
2026-09-29,2025-11-12,"0.60%",-300,0.6,0
2026-09-29,2025-11-12,"0.85%",-275,0.85,0
2026-09-29,2025-11-12,"1.10%",-250,1.1,0
2026-09-29,2025-11-12,"1.35%",-225,1.35,0
2026-09-29,2025-11-12,"1.60%",-200,1.6,0
2026-09-29,2025-11-12,"1.85%",-175,1.85,0
2026-09-29,2025-11-12,"2.10%",-150,2.1,0
2026-09-29,2025-11-12,"2.35%",-125,2.35,0
2026-09-29,2025-11-12,"2.60%",-100,2.6,0.0310659268333949
2026-09-29,2025-11-12,"2.85%",-75,2.85,0.0753040349339532
2026-09-29,2025-11-12,"3.10%",-50,3.1,0.139108787246391
2026-09-29,2025-11-12,"3.35%",-25,3.35,0.195857015006424
2026-09-29,2025-11-12,"3.60%",0,3.6,0.210183229414464
2026-09-29,2025-11-12,"3.85%",25,3.85,0.171924112075282
2026-09-29,2025-11-12,"4.10%",50,4.1,0.107186450068832
2026-09-29,2025-11-12,"4.35%",75,4.35,0.0509297567310536
2026-09-29,2025-11-12,"4.60%",100,4.6,0.0184406876902049
2026-09-29,2025-11-12,"4.85%",125,4.85,0
2026-09-29,2025-11-12,"5.10%",150,5.1,0
2026-09-29,2025-11-12,"5.35%",175,5.35,0
2026-09-29,2025-11-12,"5.60%",200,5.6,0
2026-09-29,2025-11-12,"5.85%",225,5.85,0
2026-09-29,2025-11-12,"6.10%",250,6.1,0
2026-09-29,2025-11-13,"0.10%",-300,0.1,0
2026-09-29,2025-11-13,"0.35%",-300,0.35,0
2026-09-29,2025-11-13,"0.60%",-300,0.6,0
2026-09-29,2025-11-13,"0.85%",-275,0.85,0
2026-09-29,2025-11-13,"1.10%",-250,1.1,0
2026-09-29,2025-11-13,"1.35%",-225,1.35,0
2026-09-29,2025-11-13,"1.60%",-200,1.6,0
2026-09-29,2025-11-13,"1.85%",-175,1.85,0
2026-09-29,2025-11-13,"2.10%",-150,2.1,0
2026-09-29,2025-11-13,"2.35%",-125,2.35,0
2026-09-29,2025-11-13,"2.60%",-100,2.6,0.0302242357705741
2026-09-29,2025-11-13,"2.85%",-75,2.85,0.0783755197483119
2026-09-29,2025-11-13,"3.10%",-50,3.1,0.14972994965885
2026-09-29,2025-11-13,"3.35%",-25,3.35,0.210770137548137
2026-09-29,2025-11-13,"3.60%",0,3.6,0.218634654263359
2026-09-29,2025-11-13,"3.85%",25,3.85,0.167125409056139
2026-09-29,2025-11-13,"4.10%",50,4.1,0.0941347693983525
2026-09-29,2025-11-13,"4.35%",75,4.35,0.0390643040840756
2026-09-29,2025-11-13,"4.60%",100,4.6,0.011941020472201
2026-09-29,2025-11-13,"4.85%",125,4.85,0
2026-09-29,2025-11-13,"5.10%",150,5.1,0
2026-09-29,2025-11-13,"5.35%",175,5.35,0
2026-09-29,2025-11-13,"5.60%",200,5.6,0
2026-09-29,2025-11-13,"5.85%",225,5.85,0
2026-09-29,2025-11-13,"6.10%",250,6.1,0
2026-09-29,2025-11-14,"0.10%",-300,0.1,0
2026-09-29,2025-11-14,"0.35%",-300,0.35,0
2026-09-29,2025-11-14,"0.60%",-300,0.6,0
2026-09-29,2025-11-14,"0.85%",-275,0.85,0
2026-09-29,2025-11-14,"1.10%",-250,1.1,0
2026-09-29,2025-11-14,"1.35%",-225,1.35,0
2026-09-29,2025-11-14,"1.60%",-200,1.6,0
2026-09-29,2025-11-14,"1.85%",-175,1.85,0
2026-09-29,2025-11-14,"2.10%",-150,2.1,0
2026-09-29,2025-11-14,"2.35%",-125,2.35,0
2026-09-29,2025-11-14,"2.60%",-100,2.6,0.0319303945610822
2026-09-29,2025-11-14,"2.85%",-75,2.85,0.0800362715100639
2026-09-29,2025-11-14,"3.10%",-50,3.1,0.149419032464453
2026-09-29,2025-11-14,"3.35%",-25,3.35,0.20778835598878
2026-09-29,2025-11-14,"3.60%",0,3.6,0.215260815133263
2026-09-29,2025-11-14,"3.85%",25,3.85,0.166127193535237
2026-09-29,2025-11-14,"4.10%",50,4.1,0.09550431838005
2026-09-29,2025-11-14,"4.35%",75,4.35,0.040893898694716
2026-09-29,2025-11-14,"4.60%",100,4.6,0.013039719732355
2026-09-29,2025-11-14,"4.85%",125,4.85,0
2026-09-29,2025-11-14,"5.10%",150,5.1,0
2026-09-29,2025-11-14,"5.35%",175,5.35,0
2026-09-29,2025-11-14,"5.60%",200,5.6,0
2026-09-29,2025-11-14,"5.85%",225,5.85,0
2026-09-29,2025-11-14,"6.10%",250,6.1,0
2026-09-29,2025-11-15,"0.10%",-300,0.1,0
2026-09-29,2025-11-15,"0.35%",-300,0.35,0
2026-09-29,2025-11-15,"0.60%",-300,0.6,0
2026-09-29,2025-11-15,"0.85%",-275,0.85,0
2026-09-29,2025-11-15,"1.10%",-250,1.1,0
2026-09-29,2025-11-15,"1.35%",-225,1.35,0
2026-09-29,2025-11-15,"1.60%",-200,1.6,0
2026-09-29,2025-11-15,"1.85%",-175,1.85,0
2026-09-29,2025-11-15,"2.10%",-150,2.1,0
2026-09-29,2025-11-15,"2.35%",-125,2.35,0.0106122909550358
2026-09-29,2025-11-15,"2.60%",-100,2.6,0.033792724696065
2026-09-29,2025-11-15,"2.85%",-75,2.85,0.0812194764443022
2026-09-29,2025-11-15,"3.10%",-50,3.1,0.147363719737246
2026-09-29,2025-11-15,"3.35%",-25,3.35,0.201866336760248
2026-09-29,2025-11-15,"3.60%",0,3.6,0.208788645107179
2026-09-29,2025-11-15,"3.85%",25,3.85,0.163050592830365
2026-09-29,2025-11-15,"4.10%",50,4.1,0.0961367350698107
2026-09-29,2025-11-15,"4.35%",75,4.35,0.0427921049492277
2026-09-29,2025-11-15,"4.60%",100,4.6,0.0143773734505205
2026-09-29,2025-11-15,"4.85%",125,4.85,0
2026-09-29,2025-11-15,"5.10%",150,5.1,0
2026-09-29,2025-11-15,"5.35%",175,5.35,0
2026-09-29,2025-11-15,"5.60%",200,5.6,0
2026-09-29,2025-11-15,"5.85%",225,5.85,0
2026-09-29,2025-11-15,"6.10%",250,6.1,0
2026-09-29,2025-11-16,"0.10%",-300,0.1,0
2026-09-29,2025-11-16,"0.35%",-300,0.35,0
2026-09-29,2025-11-16,"0.60%",-300,0.6,0
2026-09-29,2025-11-16,"0.85%",-275,0.85,0
2026-09-29,2025-11-16,"1.10%",-250,1.1,0
2026-09-29,2025-11-16,"1.35%",-225,1.35,0
2026-09-29,2025-11-16,"1.60%",-200,1.6,0
2026-09-29,2025-11-16,"1.85%",-175,1.85,0
2026-09-29,2025-11-16,"2.10%",-150,2.1,0
2026-09-29,2025-11-16,"2.35%",-125,2.35,0.0110235090513985
2026-09-29,2025-11-16,"2.60%",-100,2.6,0.0338711815040516
2026-09-29,2025-11-16,"2.85%",-75,2.85,0.079549427657787
2026-09-29,2025-11-16,"3.10%",-50,3.1,0.142823569953974
2026-09-29,2025-11-16,"3.35%",-25,3.35,0.196047435003746
2026-09-29,2025-11-16,"3.60%",0,3.6,0.205752098587704
2026-09-29,2025-11-16,"3.85%",25,3.85,0.165102179042545
2026-09-29,2025-11-16,"4.10%",50,4.1,0.101290904281047
2026-09-29,2025-11-16,"4.35%",75,4.35,0.0475074318912076
2026-09-29,2025-11-16,"4.60%",100,4.6,0.0170322630265384
2026-09-29,2025-11-16,"4.85%",125,4.85,0
2026-09-29,2025-11-16,"5.10%",150,5.1,0
2026-09-29,2025-11-16,"5.35%",175,5.35,0
2026-09-29,2025-11-16,"5.60%",200,5.6,0
2026-09-29,2025-11-16,"5.85%",225,5.85,0
2026-09-29,2025-11-16,"6.10%",250,6.1,0
2026-09-29,2025-11-17,"0.10%",-300,0.1,0
2026-09-29,2025-11-17,"0.35%",-300,0.35,0
2026-09-29,2025-11-17,"0.60%",-300,0.6,0
2026-09-29,2025-11-17,"0.85%",-275,0.85,0
2026-09-29,2025-11-17,"1.10%",-250,1.1,0
2026-09-29,2025-11-17,"1.35%",-225,1.35,0
2026-09-29,2025-11-17,"1.60%",-200,1.6,0
2026-09-29,2025-11-17,"1.85%",-175,1.85,0
2026-09-29,2025-11-17,"2.10%",-150,2.1,0
2026-09-29,2025-11-17,"2.35%",-125,2.35,0.0144902049402178
2026-09-29,2025-11-17,"2.60%",-100,2.6,0.0408896865198482
2026-09-29,2025-11-17,"2.85%",-75,2.85,0.0892433560752256
2026-09-29,2025-11-17,"3.10%",-50,3.1,0.150663855448247
2026-09-29,2025-11-17,"3.35%",-25,3.35,0.19676441712169
2026-09-29,2025-11-17,"3.60%",0,3.6,0.198795055117738
2026-09-29,2025-11-17,"3.85%",25,3.85,0.155377019064536
2026-09-29,2025-11-17,"4.10%",50,4.1,0.0939451305686749
2026-09-29,2025-11-17,"4.35%",75,4.35,0.0439375725873821
2026-09-29,2025-11-17,"4.60%",100,4.6,0.0158937025564403
2026-09-29,2025-11-17,"4.85%",125,4.85,0
2026-09-29,2025-11-17,"5.10%",150,5.1,0
2026-09-29,2025-11-17,"5.35%",175,5.35,0
2026-09-29,2025-11-17,"5.60%",200,5.6,0
2026-09-29,2025-11-17,"5.85%",225,5.85,0
2026-09-29,2025-11-17,"6.10%",250,6.1,0
2026-09-29,2025-11-18,"0.10%",-300,0.1,0
2026-09-29,2025-11-18,"0.35%",-300,0.35,0
2026-09-29,2025-11-18,"0.60%",-300,0.6,0
2026-09-29,2025-11-18,"0.85%",-275,0.85,0
2026-09-29,2025-11-18,"1.10%",-250,1.1,0
2026-09-29,2025-11-18,"1.35%",-225,1.35,0
2026-09-29,2025-11-18,"1.60%",-200,1.6,0
2026-09-29,2025-11-18,"1.85%",-175,1.85,0
2026-09-29,2025-11-18,"2.10%",-150,2.1,0
2026-09-29,2025-11-18,"2.35%",-125,2.35,0.0122828771987378
2026-09-29,2025-11-18,"2.60%",-100,2.6,0.0381923500309634
2026-09-29,2025-11-18,"2.85%",-75,2.85,0.089285436632422
2026-09-29,2025-11-18,"3.10%",-50,3.1,0.156958319354436
2026-09-29,2025-11-18,"3.35%",-25,3.35,0.207508832822073
2026-09-29,2025-11-18,"3.60%",0,3.6,0.206329883727833
2026-09-29,2025-11-18,"3.85%",25,3.85,0.15429806106533
2026-09-29,2025-11-18,"4.10%",50,4.1,0.0867772399925457
2026-09-29,2025-11-18,"4.35%",75,4.35,0.0366984921917458
2026-09-29,2025-11-18,"4.60%",100,4.6,0.0116685069839119
2026-09-29,2025-11-18,"4.85%",125,4.85,0
2026-09-29,2025-11-18,"5.10%",150,5.1,0
2026-09-29,2025-11-18,"5.35%",175,5.35,0
2026-09-29,2025-11-18,"5.60%",200,5.6,0
2026-09-29,2025-11-18,"5.85%",225,5.85,0
2026-09-29,2025-11-18,"6.10%",250,6.1,0
2026-09-29,2025-11-19,"0.10%",-300,0.1,0
2026-09-29,2025-11-19,"0.35%",-300,0.35,0
2026-09-29,2025-11-19,"0.60%",-300,0.6,0
2026-09-29,2025-11-19,"0.85%",-275,0.85,0
2026-09-29,2025-11-19,"1.10%",-250,1.1,0
2026-09-29,2025-11-19,"1.35%",-225,1.35,0
2026-09-29,2025-11-19,"1.60%",-200,1.6,0
2026-09-29,2025-11-19,"1.85%",-175,1.85,0
2026-09-29,2025-11-19,"2.10%",-150,2.1,0
2026-09-29,2025-11-19,"2.35%",-125,2.35,0.0106423224129982
2026-09-29,2025-11-19,"2.60%",-100,2.6,0.033428535118496
2026-09-29,2025-11-19,"2.85%",-75,2.85,0.0797308903051478
2026-09-29,2025-11-19,"3.10%",-50,3.1,0.144420792071103
2026-09-29,2025-11-19,"3.35%",-25,3.35,0.198688586033346
2026-09-29,2025-11-19,"3.60%",0,3.6,0.207625910323867
2026-09-29,2025-11-19,"3.85%",25,3.85,0.164800732808905
2026-09-29,2025-11-19,"4.10%",50,4.1,0.0993544353086261
2026-09-29,2025-11-19,"4.35%",75,4.35,0.0454910757987716
2026-09-29,2025-11-19,"4.60%",100,4.6,0.015816719818739
2026-09-29,2025-11-19,"4.85%",125,4.85,0
2026-09-29,2025-11-19,"5.10%",150,5.1,0
2026-09-29,2025-11-19,"5.35%",175,5.35,0
2026-09-29,2025-11-19,"5.60%",200,5.6,0
2026-09-29,2025-11-19,"5.85%",225,5.85,0
2026-09-29,2025-11-19,"6.10%",250,6.1,0
2026-09-29,2025-11-20,"0.10%",-300,0.1,0
2026-09-29,2025-11-20,"0.35%",-300,0.35,0
2026-09-29,2025-11-20,"0.60%",-300,0.6,0
2026-09-29,2025-11-20,"0.85%",-275,0.85,0
2026-09-29,2025-11-20,"1.10%",-250,1.1,0
2026-09-29,2025-11-20,"1.35%",-225,1.35,0
2026-09-29,2025-11-20,"1.60%",-200,1.6,0
2026-09-29,2025-11-20,"1.85%",-175,1.85,0
2026-09-29,2025-11-20,"2.10%",-150,2.1,0
2026-09-29,2025-11-20,"2.35%",-125,2.35,0.0120264163359007
2026-09-29,2025-11-20,"2.60%",-100,2.6,0.0363752248696604
2026-09-29,2025-11-20,"2.85%",-75,2.85,0.0839780997690554
2026-09-29,2025-11-20,"3.10%",-50,3.1,0.148005230123746
2026-09-29,2025-11-20,"3.35%",-25,3.35,0.199150075840126
2026-09-29,2025-11-20,"3.60%",0,3.6,0.204596669594111
2026-09-29,2025-11-20,"3.85%",25,3.85,0.16048459615561
2026-09-29,2025-11-20,"4.10%",50,4.1,0.0961095598483098
2026-09-29,2025-11-20,"4.35%",75,4.35,0.0439400279072141
2026-09-29,2025-11-20,"4.60%",100,4.6,0.015334099556266
2026-09-29,2025-11-20,"4.85%",125,4.85,0
2026-09-29,2025-11-20,"5.10%",150,5.1,0
2026-09-29,2025-11-20,"5.35%",175,5.35,0
2026-09-29,2025-11-20,"5.60%",200,5.6,0
2026-09-29,2025-11-20,"5.85%",225,5.85,0
2026-09-29,2025-11-20,"6.10%",250,6.1,0
2026-09-29,2025-11-21,"0.10%",-300,0.1,0
2026-09-29,2025-11-21,"0.35%",-300,0.35,0
2026-09-29,2025-11-21,"0.60%",-300,0.6,0
2026-09-29,2025-11-21,"0.85%",-275,0.85,0
2026-09-29,2025-11-21,"1.10%",-250,1.1,0
2026-09-29,2025-11-21,"1.35%",-225,1.35,0
2026-09-29,2025-11-21,"1.60%",-200,1.6,0
2026-09-29,2025-11-21,"1.85%",-175,1.85,0
2026-09-29,2025-11-21,"2.10%",-150,2.1,0
2026-09-29,2025-11-21,"2.35%",-125,2.35,0.0113114910660611
2026-09-29,2025-11-21,"2.60%",-100,2.6,0.0351962993418748
2026-09-29,2025-11-21,"2.85%",-75,2.85,0.0830147985079669
2026-09-29,2025-11-21,"3.10%",-50,3.1,0.148443578989209
2026-09-29,2025-11-21,"3.35%",-25,3.35,0.201261576719309
2026-09-29,2025-11-21,"3.60%",0,3.6,0.206908604003365
2026-09-29,2025-11-21,"3.85%",25,3.85,0.161293444229279
2026-09-29,2025-11-21,"4.10%",50,4.1,0.0953356059759168
2026-09-29,2025-11-21,"4.35%",75,4.35,0.0427220235308486
2026-09-29,2025-11-21,"4.60%",100,4.6,0.0145125776361702
2026-09-29,2025-11-21,"4.85%",125,4.85,0
2026-09-29,2025-11-21,"5.10%",150,5.1,0
2026-09-29,2025-11-21,"5.35%",175,5.35,0
2026-09-29,2025-11-21,"5.60%",200,5.6,0
2026-09-29,2025-11-21,"5.85%",225,5.85,0
2026-09-29,2025-11-21,"6.10%",250,6.1,0
2026-09-29,2025-11-22,"0.10%",-300,0.1,0
2026-09-29,2025-11-22,"0.35%",-300,0.35,0
2026-09-29,2025-11-22,"0.60%",-300,0.6,0
2026-09-29,2025-11-22,"0.85%",-275,0.85,0
2026-09-29,2025-11-22,"1.10%",-250,1.1,0
2026-09-29,2025-11-22,"1.35%",-225,1.35,0
2026-09-29,2025-11-22,"1.60%",-200,1.6,0
2026-09-29,2025-11-22,"1.85%",-175,1.85,0
2026-09-29,2025-11-22,"2.10%",-150,2.1,0
2026-09-29,2025-11-22,"2.35%",-125,2.35,0
2026-09-29,2025-11-22,"2.60%",-100,2.6,0.0319582929478722
2026-09-29,2025-11-22,"2.85%",-75,2.85,0.0806675239082945
2026-09-29,2025-11-22,"3.10%",-50,3.1,0.151023591129574
2026-09-29,2025-11-22,"3.35%",-25,3.35,0.209741495202739
2026-09-29,2025-11-22,"3.60%",0,3.6,0.216098114212759
2026-09-29,2025-11-22,"3.85%",25,3.85,0.165176295504261
2026-09-29,2025-11-22,"4.10%",50,4.1,0.093658471033438
2026-09-29,2025-11-22,"4.35%",75,4.35,0.0393905504159058
2026-09-29,2025-11-22,"4.60%",100,4.6,0.0122856656451561
2026-09-29,2025-11-22,"4.85%",125,4.85,0
2026-09-29,2025-11-22,"5.10%",150,5.1,0
2026-09-29,2025-11-22,"5.35%",175,5.35,0
2026-09-29,2025-11-22,"5.60%",200,5.6,0
2026-09-29,2025-11-22,"5.85%",225,5.85,0
2026-09-29,2025-11-22,"6.10%",250,6.1,0
2026-09-29,2025-11-23,"0.10%",-300,0.1,0
2026-09-29,2025-11-23,"0.35%",-300,0.35,0
2026-09-29,2025-11-23,"0.60%",-300,0.6,0
2026-09-29,2025-11-23,"0.85%",-275,0.85,0
2026-09-29,2025-11-23,"1.10%",-250,1.1,0
2026-09-29,2025-11-23,"1.35%",-225,1.35,0
2026-09-29,2025-11-23,"1.60%",-200,1.6,0
2026-09-29,2025-11-23,"1.85%",-175,1.85,0
2026-09-29,2025-11-23,"2.10%",-150,2.1,0
2026-09-29,2025-11-23,"2.35%",-125,2.35,0
2026-09-29,2025-11-23,"2.60%",-100,2.6,0.0292096990337429
2026-09-29,2025-11-23,"2.85%",-75,2.85,0.0790486431333939
2026-09-29,2025-11-23,"3.10%",-50,3.1,0.154813629075918
2026-09-29,2025-11-23,"3.35%",-25,3.35,0.219460535170688
2026-09-29,2025-11-23,"3.60%",0,3.6,0.2252067995527
2026-09-29,2025-11-23,"3.85%",25,3.85,0.167296855729956
2026-09-29,2025-11-23,"4.10%",50,4.1,0.089957325616789
2026-09-29,2025-11-23,"4.35%",75,4.35,0.0350065126868117
2026-09-29,2025-11-23,"4.60%",100,4.6,0
2026-09-29,2025-11-23,"4.85%",125,4.85,0
2026-09-29,2025-11-23,"5.10%",150,5.1,0
2026-09-29,2025-11-23,"5.35%",175,5.35,0
2026-09-29,2025-11-23,"5.60%",200,5.6,0
2026-09-29,2025-11-23,"5.85%",225,5.85,0
2026-09-29,2025-11-23,"6.10%",250,6.1,0
2026-09-29,2025-11-24,"0.10%",-300,0.1,0
2026-09-29,2025-11-24,"0.35%",-300,0.35,0
2026-09-29,2025-11-24,"0.60%",-300,0.6,0
2026-09-29,2025-11-24,"0.85%",-275,0.85,0
2026-09-29,2025-11-24,"1.10%",-250,1.1,0
2026-09-29,2025-11-24,"1.35%",-225,1.35,0
2026-09-29,2025-11-24,"1.60%",-200,1.6,0
2026-09-29,2025-11-24,"1.85%",-175,1.85,0
2026-09-29,2025-11-24,"2.10%",-150,2.1,0
2026-09-29,2025-11-24,"2.35%",-125,2.35,0
2026-09-29,2025-11-24,"2.60%",-100,2.6,0.0247306605007159
2026-09-29,2025-11-24,"2.85%",-75,2.85,0.073399049520108
2026-09-29,2025-11-24,"3.10%",-50,3.1,0.15333331352528
2026-09-29,2025-11-24,"3.35%",-25,3.35,0.225524116252907
2026-09-29,2025-11-24,"3.60%",0,3.6,0.233573844829907
2026-09-29,2025-11-24,"3.85%",25,3.85,0.170347633039427
2026-09-29,2025-11-24,"4.10%",50,4.1,0.087473357229152
2026-09-29,2025-11-24,"4.35%",75,4.35,0.0316180251025025
2026-09-29,2025-11-24,"4.60%",100,4.6,0
2026-09-29,2025-11-24,"4.85%",125,4.85,0
2026-09-29,2025-11-24,"5.10%",150,5.1,0
2026-09-29,2025-11-24,"5.35%",175,5.35,0
2026-09-29,2025-11-24,"5.60%",200,5.6,0
2026-09-29,2025-11-24,"5.85%",225,5.85,0
2026-09-29,2025-11-24,"6.10%",250,6.1,0
2026-09-29,2025-11-25,"0.10%",-300,0.1,0
2026-09-29,2025-11-25,"0.35%",-300,0.35,0
2026-09-29,2025-11-25,"0.60%",-300,0.6,0
2026-09-29,2025-11-25,"0.85%",-275,0.85,0
2026-09-29,2025-11-25,"1.10%",-250,1.1,0
2026-09-29,2025-11-25,"1.35%",-225,1.35,0
2026-09-29,2025-11-25,"1.60%",-200,1.6,0
2026-09-29,2025-11-25,"1.85%",-175,1.85,0
2026-09-29,2025-11-25,"2.10%",-150,2.1,0
2026-09-29,2025-11-25,"2.35%",-125,2.35,0
2026-09-29,2025-11-25,"2.60%",-100,2.6,0.0115646361166244
2026-09-29,2025-11-25,"2.85%",-75,2.85,0.0415374518781729
2026-09-29,2025-11-25,"3.10%",-50,3.1,0.105164760958917
2026-09-29,2025-11-25,"3.35%",-25,3.35,0.187744526005247
2026-09-29,2025-11-25,"3.60%",0,3.6,0.236387681022241
2026-09-29,2025-11-25,"3.85%",25,3.85,0.209933185335684
2026-09-29,2025-11-25,"4.10%",50,4.1,0.131497142245164
2026-09-29,2025-11-25,"4.35%",75,4.35,0.058083664822448
2026-09-29,2025-11-25,"4.60%",100,4.6,0.018086951615501
2026-09-29,2025-11-25,"4.85%",125,4.85,0
2026-09-29,2025-11-25,"5.10%",150,5.1,0
2026-09-29,2025-11-25,"5.35%",175,5.35,0
2026-09-29,2025-11-25,"5.60%",200,5.6,0
2026-09-29,2025-11-25,"5.85%",225,5.85,0
2026-09-29,2025-11-25,"6.10%",250,6.1,0
2026-09-29,2025-11-26,"0.10%",-300,0.1,0
2026-09-29,2025-11-26,"0.35%",-300,0.35,0
2026-09-29,2025-11-26,"0.60%",-300,0.6,0
2026-09-29,2025-11-26,"0.85%",-275,0.85,0
2026-09-29,2025-11-26,"1.10%",-250,1.1,0
2026-09-29,2025-11-26,"1.35%",-225,1.35,0
2026-09-29,2025-11-26,"1.60%",-200,1.6,0
2026-09-29,2025-11-26,"1.85%",-175,1.85,0
2026-09-29,2025-11-26,"2.10%",-150,2.1,0
2026-09-29,2025-11-26,"2.35%",-125,2.35,0
2026-09-29,2025-11-26,"2.60%",-100,2.6,0.0148058119823897
2026-09-29,2025-11-26,"2.85%",-75,2.85,0.0486622735331729
2026-09-29,2025-11-26,"3.10%",-50,3.1,0.114465418116978
2026-09-29,2025-11-26,"3.35%",-25,3.35,0.19275031519018
2026-09-29,2025-11-26,"3.60%",0,3.6,0.232396124167771
2026-09-29,2025-11-26,"3.85%",25,3.85,0.200633183815931
2026-09-29,2025-11-26,"4.10%",50,4.1,0.124021055177632
2026-09-29,2025-11-26,"4.35%",75,4.35,0.0548830497432308
2026-09-29,2025-11-26,"4.60%",100,4.6,0.0173827682727149
2026-09-29,2025-11-26,"4.85%",125,4.85,0
2026-09-29,2025-11-26,"5.10%",150,5.1,0
2026-09-29,2025-11-26,"5.35%",175,5.35,0
2026-09-29,2025-11-26,"5.60%",200,5.6,0
2026-09-29,2025-11-26,"5.85%",225,5.85,0
2026-09-29,2025-11-26,"6.10%",250,6.1,0
2026-09-29,2025-11-27,"0.10%",-300,0.1,0
2026-09-29,2025-11-27,"0.35%",-300,0.35,0
2026-09-29,2025-11-27,"0.60%",-300,0.6,0
2026-09-29,2025-11-27,"0.85%",-275,0.85,0
2026-09-29,2025-11-27,"1.10%",-250,1.1,0
2026-09-29,2025-11-27,"1.35%",-225,1.35,0
2026-09-29,2025-11-27,"1.60%",-200,1.6,0
2026-09-29,2025-11-27,"1.85%",-175,1.85,0
2026-09-29,2025-11-27,"2.10%",-150,2.1,0
2026-09-29,2025-11-27,"2.35%",-125,2.35,0
2026-09-29,2025-11-27,"2.60%",-100,2.6,0.0137955387722442
2026-09-29,2025-11-27,"2.85%",-75,2.85,0.0443882653427419
2026-09-29,2025-11-27,"3.10%",-50,3.1,0.104294127327764
2026-09-29,2025-11-27,"3.35%",-25,3.35,0.178982466504815
2026-09-29,2025-11-27,"3.60%",0,3.6,0.224379652979865
2026-09-29,2025-11-27,"3.85%",25,3.85,0.205497180048007
2026-09-29,2025-11-27,"4.10%",50,4.1,0.137488733372831
2026-09-29,2025-11-27,"4.35%",75,4.35,0.0671923028329288
2026-09-29,2025-11-27,"4.60%",100,4.6,0.0239817328188031
2026-09-29,2025-11-27,"4.85%",125,4.85,0
2026-09-29,2025-11-27,"5.10%",150,5.1,0
2026-09-29,2025-11-27,"5.35%",175,5.35,0
2026-09-29,2025-11-27,"5.60%",200,5.6,0
2026-09-29,2025-11-27,"5.85%",225,5.85,0
2026-09-29,2025-11-27,"6.10%",250,6.1,0
2026-09-29,2025-11-28,"0.10%",-300,0.1,0
2026-09-29,2025-11-28,"0.35%",-300,0.35,0
2026-09-29,2025-11-28,"0.60%",-300,0.6,0
2026-09-29,2025-11-28,"0.85%",-275,0.85,0
2026-09-29,2025-11-28,"1.10%",-250,1.1,0
2026-09-29,2025-11-28,"1.35%",-225,1.35,0
2026-09-29,2025-11-28,"1.60%",-200,1.6,0
2026-09-29,2025-11-28,"1.85%",-175,1.85,0
2026-09-29,2025-11-28,"2.10%",-150,2.1,0
2026-09-29,2025-11-28,"2.35%",-125,2.35,0
2026-09-29,2025-11-28,"2.60%",-100,2.6,0.0112676348815581
2026-09-29,2025-11-28,"2.85%",-75,2.85,0.0400921695754858
2026-09-29,2025-11-28,"3.10%",-50,3.1,0.101382095035227
2026-09-29,2025-11-28,"3.35%",-25,3.35,0.182251785868009
2026-09-29,2025-11-28,"3.60%",0,3.6,0.232958966197873
2026-09-29,2025-11-28,"3.85%",25,3.85,0.211749304093493
2026-09-29,2025-11-28,"4.10%",50,4.1,0.136862575531298
2026-09-29,2025-11-28,"4.35%",75,4.35,0.0628928189140911
2026-09-29,2025-11-28,"4.60%",100,4.6,0.0205426499029648
2026-09-29,2025-11-28,"4.85%",125,4.85,0
2026-09-29,2025-11-28,"5.10%",150,5.1,0
2026-09-29,2025-11-28,"5.35%",175,5.35,0
2026-09-29,2025-11-28,"5.60%",200,5.6,0
2026-09-29,2025-11-28,"5.85%",225,5.85,0
2026-09-29,2025-11-28,"6.10%",250,6.1,0
2026-09-29,2025-11-29,"0.10%",-300,0.1,0
2026-09-29,2025-11-29,"0.35%",-300,0.35,0
2026-09-29,2025-11-29,"0.60%",-300,0.6,0
2026-09-29,2025-11-29,"0.85%",-275,0.85,0
2026-09-29,2025-11-29,"1.10%",-250,1.1,0
2026-09-29,2025-11-29,"1.35%",-225,1.35,0
2026-09-29,2025-11-29,"1.60%",-200,1.6,0
2026-09-29,2025-11-29,"1.85%",-175,1.85,0
2026-09-29,2025-11-29,"2.10%",-150,2.1,0
2026-09-29,2025-11-29,"2.35%",-125,2.35,0
2026-09-29,2025-11-29,"2.60%",-100,2.6,0.0105010967360251
2026-09-29,2025-11-29,"2.85%",-75,2.85,0.0386861568697509
2026-09-29,2025-11-29,"3.10%",-50,3.1,0.100340772545696
2026-09-29,2025-11-29,"3.35%",-25,3.35,0.183294355990276
2026-09-29,2025-11-29,"3.60%",0,3.6,0.235867937325487
2026-09-29,2025-11-29,"3.85%",25,3.85,0.213835143651656
2026-09-29,2025-11-29,"4.10%",50,4.1,0.136572460110575
2026-09-29,2025-11-29,"4.35%",75,4.35,0.0614393888356623
2026-09-29,2025-11-29,"4.60%",100,4.6,0.0194626879348716
2026-09-29,2025-11-29,"4.85%",125,4.85,0
2026-09-29,2025-11-29,"5.10%",150,5.1,0
2026-09-29,2025-11-29,"5.35%",175,5.35,0
2026-09-29,2025-11-29,"5.60%",200,5.6,0
2026-09-29,2025-11-29,"5.85%",225,5.85,0
2026-09-29,2025-11-29,"6.10%",250,6.1,0
2026-09-29,2025-11-30,"0.10%",-300,0.1,0
2026-09-29,2025-11-30,"0.35%",-300,0.35,0
2026-09-29,2025-11-30,"0.60%",-300,0.6,0
2026-09-29,2025-11-30,"0.85%",-275,0.85,0
2026-09-29,2025-11-30,"1.10%",-250,1.1,0
2026-09-29,2025-11-30,"1.35%",-225,1.35,0
2026-09-29,2025-11-30,"1.60%",-200,1.6,0
2026-09-29,2025-11-30,"1.85%",-175,1.85,0
2026-09-29,2025-11-30,"2.10%",-150,2.1,0
2026-09-29,2025-11-30,"2.35%",-125,2.35,0
2026-09-29,2025-11-30,"2.60%",-100,2.6,0
2026-09-29,2025-11-30,"2.85%",-75,2.85,0.0342321975706475
2026-09-29,2025-11-30,"3.10%",-50,3.1,0.093833019421542
2026-09-29,2025-11-30,"3.35%",-25,3.35,0.179385810661119
2026-09-29,2025-11-30,"3.60%",0,3.6,0.239246993653354
2026-09-29,2025-11-30,"3.85%",25,3.85,0.222629755670113
2026-09-29,2025-11-30,"4.10%",50,4.1,0.144539013827999
2026-09-29,2025-11-30,"4.35%",75,4.35,0.065459745625386
2026-09-29,2025-11-30,"4.60%",100,4.6,0.0206734635698404
2026-09-29,2025-11-30,"4.85%",125,4.85,0
2026-09-29,2025-11-30,"5.10%",150,5.1,0
2026-09-29,2025-11-30,"5.35%",175,5.35,0
2026-09-29,2025-11-30,"5.60%",200,5.6,0
2026-09-29,2025-11-30,"5.85%",225,5.85,0
2026-09-29,2025-11-30,"6.10%",250,6.1,0
2026-09-29,2025-12-01,"0.10%",-300,0.1,0
2026-09-29,2025-12-01,"0.35%",-300,0.35,0
2026-09-29,2025-12-01,"0.60%",-300,0.6,0
2026-09-29,2025-12-01,"0.85%",-275,0.85,0
2026-09-29,2025-12-01,"1.10%",-250,1.1,0
2026-09-29,2025-12-01,"1.35%",-225,1.35,0
2026-09-29,2025-12-01,"1.60%",-200,1.6,0
2026-09-29,2025-12-01,"1.85%",-175,1.85,0
2026-09-29,2025-12-01,"2.10%",-150,2.1,0
2026-09-29,2025-12-01,"2.35%",-125,2.35,0
2026-09-29,2025-12-01,"2.60%",-100,2.6,0
2026-09-29,2025-12-01,"2.85%",-75,2.85,0.0289599298822453
2026-09-29,2025-12-01,"3.10%",-50,3.1,0.0847469760476772
2026-09-29,2025-12-01,"3.35%",-25,3.35,0.171214440907697
2026-09-29,2025-12-01,"3.60%",0,3.6,0.238880416457023
2026-09-29,2025-12-01,"3.85%",25,3.85,0.230202695491042
2026-09-29,2025-12-01,"4.10%",50,4.1,0.153222517728912
2026-09-29,2025-12-01,"4.35%",75,4.35,0.0704266680283958
2026-09-29,2025-12-01,"4.60%",100,4.6,0.0223463554570072
2026-09-29,2025-12-01,"4.85%",125,4.85,0
2026-09-29,2025-12-01,"5.10%",150,5.1,0
2026-09-29,2025-12-01,"5.35%",175,5.35,0
2026-09-29,2025-12-01,"5.60%",200,5.6,0
2026-09-29,2025-12-01,"5.85%",225,5.85,0
2026-09-29,2025-12-01,"6.10%",250,6.1,0
2026-09-29,2025-12-02,"0.10%",-300,0.1,0
2026-09-29,2025-12-02,"0.35%",-300,0.35,0
2026-09-29,2025-12-02,"0.60%",-300,0.6,0
2026-09-29,2025-12-02,"0.85%",-275,0.85,0
2026-09-29,2025-12-02,"1.10%",-250,1.1,0
2026-09-29,2025-12-02,"1.35%",-225,1.35,0
2026-09-29,2025-12-02,"1.60%",-200,1.6,0
2026-09-29,2025-12-02,"1.85%",-175,1.85,0
2026-09-29,2025-12-02,"2.10%",-150,2.1,0
2026-09-29,2025-12-02,"2.35%",-125,2.35,0
2026-09-29,2025-12-02,"2.60%",-100,2.6,0
2026-09-29,2025-12-02,"2.85%",-75,2.85,0.022698470603309
2026-09-29,2025-12-02,"3.10%",-50,3.1,0.0697397238698339
2026-09-29,2025-12-02,"3.35%",-25,3.35,0.149829977874801
2026-09-29,2025-12-02,"3.60%",0,3.6,0.225155405374506
2026-09-29,2025-12-02,"3.85%",25,3.85,0.236702597347368
2026-09-29,2025-12-02,"4.10%",50,4.1,0.174088302493849
2026-09-29,2025-12-02,"4.35%",75,4.35,0.0895627844442468
2026-09-29,2025-12-02,"4.60%",100,4.6,0.0322227379920866
2026-09-29,2025-12-02,"4.85%",125,4.85,0
2026-09-29,2025-12-02,"5.10%",150,5.1,0
2026-09-29,2025-12-02,"5.35%",175,5.35,0
2026-09-29,2025-12-02,"5.60%",200,5.6,0
2026-09-29,2025-12-02,"5.85%",225,5.85,0
2026-09-29,2025-12-02,"6.10%",250,6.1,0
2026-09-29,2025-12-03,"0.10%",-300,0.1,0
2026-09-29,2025-12-03,"0.35%",-300,0.35,0
2026-09-29,2025-12-03,"0.60%",-300,0.6,0
2026-09-29,2025-12-03,"0.85%",-275,0.85,0
2026-09-29,2025-12-03,"1.10%",-250,1.1,0
2026-09-29,2025-12-03,"1.35%",-225,1.35,0
2026-09-29,2025-12-03,"1.60%",-200,1.6,0
2026-09-29,2025-12-03,"1.85%",-175,1.85,0
2026-09-29,2025-12-03,"2.10%",-150,2.1,0
2026-09-29,2025-12-03,"2.35%",-125,2.35,0
2026-09-29,2025-12-03,"2.60%",-100,2.6,0
2026-09-29,2025-12-03,"2.85%",-75,2.85,0.0116710635402373
2026-09-29,2025-12-03,"3.10%",-50,3.1,0.0437222085338341
2026-09-29,2025-12-03,"3.35%",-25,3.35,0.112739955668226
2026-09-29,2025-12-03,"3.60%",0,3.6,0.200178333217411
2026-09-29,2025-12-03,"3.85%",25,3.85,0.244812470219406
2026-09-29,2025-12-03,"4.10%",50,4.1,0.206237731980384
2026-09-29,2025-12-03,"4.35%",75,4.35,0.119670193218624
2026-09-29,2025-12-03,"4.60%",100,4.6,0.0478166275525128
2026-09-29,2025-12-03,"4.85%",125,4.85,0.0131514160693657
2026-09-29,2025-12-03,"5.10%",150,5.1,0
2026-09-29,2025-12-03,"5.35%",175,5.35,0
2026-09-29,2025-12-03,"5.60%",200,5.6,0
2026-09-29,2025-12-03,"5.85%",225,5.85,0
2026-09-29,2025-12-03,"6.10%",250,6.1,0
2026-09-29,2025-12-04,"0.10%",-300,0.1,0
2026-09-29,2025-12-04,"0.35%",-300,0.35,0
2026-09-29,2025-12-04,"0.60%",-300,0.6,0
2026-09-29,2025-12-04,"0.85%",-275,0.85,0
2026-09-29,2025-12-04,"1.10%",-250,1.1,0
2026-09-29,2025-12-04,"1.35%",-225,1.35,0
2026-09-29,2025-12-04,"1.60%",-200,1.6,0
2026-09-29,2025-12-04,"1.85%",-175,1.85,0
2026-09-29,2025-12-04,"2.10%",-150,2.1,0
2026-09-29,2025-12-04,"2.35%",-125,2.35,0
2026-09-29,2025-12-04,"2.60%",-100,2.6,0
2026-09-29,2025-12-04,"2.85%",-75,2.85,0
2026-09-29,2025-12-04,"3.10%",-50,3.1,0.0392106028741844
2026-09-29,2025-12-04,"3.35%",-25,3.35,0.10936970113283
2026-09-29,2025-12-04,"3.60%",0,3.6,0.204297829336537
2026-09-29,2025-12-04,"3.85%",25,3.85,0.255656834490049
2026-09-29,2025-12-04,"4.10%",50,4.1,0.214355544046921
2026-09-29,2025-12-04,"4.35%",75,4.35,0.120406809241439
2026-09-29,2025-12-04,"4.60%",100,4.6,0.0452964157350352
2026-09-29,2025-12-04,"4.85%",125,4.85,0.0114062631430041
2026-09-29,2025-12-04,"5.10%",150,5.1,0
2026-09-29,2025-12-04,"5.35%",175,5.35,0
2026-09-29,2025-12-04,"5.60%",200,5.6,0
2026-09-29,2025-12-04,"5.85%",225,5.85,0
2026-09-29,2025-12-04,"6.10%",250,6.1,0
2026-09-29,2025-12-05,"0.10%",-300,0.1,0
2026-09-29,2025-12-05,"0.35%",-300,0.35,0
2026-09-29,2025-12-05,"0.60%",-300,0.6,0
2026-09-29,2025-12-05,"0.85%",-275,0.85,0
2026-09-29,2025-12-05,"1.10%",-250,1.1,0
2026-09-29,2025-12-05,"1.35%",-225,1.35,0
2026-09-29,2025-12-05,"1.60%",-200,1.6,0
2026-09-29,2025-12-05,"1.85%",-175,1.85,0
2026-09-29,2025-12-05,"2.10%",-150,2.1,0
2026-09-29,2025-12-05,"2.35%",-125,2.35,0
2026-09-29,2025-12-05,"2.60%",-100,2.6,0
2026-09-29,2025-12-05,"2.85%",-75,2.85,0
2026-09-29,2025-12-05,"3.10%",-50,3.1,0.0376843646306907
2026-09-29,2025-12-05,"3.35%",-25,3.35,0.108161234673699
2026-09-29,2025-12-05,"3.60%",0,3.6,0.205585543922768
2026-09-29,2025-12-05,"3.85%",25,3.85,0.258878286627182
2026-09-29,2025-12-05,"4.10%",50,4.1,0.215995266376001
2026-09-29,2025-12-05,"4.35%",75,4.35,0.119395639968497
2026-09-29,2025-12-05,"4.60%",100,4.6,0.0437088242674585
2026-09-29,2025-12-05,"4.85%",125,4.85,0.0105908395337045
2026-09-29,2025-12-05,"5.10%",150,5.1,0
2026-09-29,2025-12-05,"5.35%",175,5.35,0
2026-09-29,2025-12-05,"5.60%",200,5.6,0
2026-09-29,2025-12-05,"5.85%",225,5.85,0
2026-09-29,2025-12-05,"6.10%",250,6.1,0
2026-09-29,2025-12-06,"0.10%",-300,0.1,0
2026-09-29,2025-12-06,"0.35%",-300,0.35,0
2026-09-29,2025-12-06,"0.60%",-300,0.6,0
2026-09-29,2025-12-06,"0.85%",-275,0.85,0
2026-09-29,2025-12-06,"1.10%",-250,1.1,0
2026-09-29,2025-12-06,"1.35%",-225,1.35,0
2026-09-29,2025-12-06,"1.60%",-200,1.6,0
2026-09-29,2025-12-06,"1.85%",-175,1.85,0
2026-09-29,2025-12-06,"2.10%",-150,2.1,0
2026-09-29,2025-12-06,"2.35%",-125,2.35,0
2026-09-29,2025-12-06,"2.60%",-100,2.6,0
2026-09-29,2025-12-06,"2.85%",-75,2.85,0
2026-09-29,2025-12-06,"3.10%",-50,3.1,0.0384356334853455
2026-09-29,2025-12-06,"3.35%",-25,3.35,0.108762934254762
2026-09-29,2025-12-06,"3.60%",0,3.6,0.204952014429285
2026-09-29,2025-12-06,"3.85%",25,3.85,0.257282598207846
2026-09-29,2025-12-06,"4.10%",50,4.1,0.215186796037916
2026-09-29,2025-12-06,"4.35%",75,4.35,0.119900380278623
2026-09-29,2025-12-06,"4.60%",100,4.6,0.0444912359646052
2026-09-29,2025-12-06,"4.85%",125,4.85,0.0109884073416164
2026-09-29,2025-12-06,"5.10%",150,5.1,0
2026-09-29,2025-12-06,"5.35%",175,5.35,0
2026-09-29,2025-12-06,"5.60%",200,5.6,0
2026-09-29,2025-12-06,"5.85%",225,5.85,0
2026-09-29,2025-12-06,"6.10%",250,6.1,0
2026-09-29,2025-12-07,"0.10%",-300,0.1,0
2026-09-29,2025-12-07,"0.35%",-300,0.35,0
2026-09-29,2025-12-07,"0.60%",-300,0.6,0
2026-09-29,2025-12-07,"0.85%",-275,0.85,0
2026-09-29,2025-12-07,"1.10%",-250,1.1,0
2026-09-29,2025-12-07,"1.35%",-225,1.35,0
2026-09-29,2025-12-07,"1.60%",-200,1.6,0
2026-09-29,2025-12-07,"1.85%",-175,1.85,0
2026-09-29,2025-12-07,"2.10%",-150,2.1,0
2026-09-29,2025-12-07,"2.35%",-125,2.35,0
2026-09-29,2025-12-07,"2.60%",-100,2.6,0
2026-09-29,2025-12-07,"2.85%",-75,2.85,0
2026-09-29,2025-12-07,"3.10%",-50,3.1,0.0354379560327068
2026-09-29,2025-12-07,"3.35%",-25,3.35,0.10212228298096
2026-09-29,2025-12-07,"3.60%",0,3.6,0.197036310627487
2026-09-29,2025-12-07,"3.85%",25,3.85,0.254628656874324
2026-09-29,2025-12-07,"4.10%",50,4.1,0.220428847423268
2026-09-29,2025-12-07,"4.35%",75,4.35,0.127818315581468
2026-09-29,2025-12-07,"4.60%",100,4.6,0.0496301941817645
2026-09-29,2025-12-07,"4.85%",125,4.85,0.012897436298021
2026-09-29,2025-12-07,"5.10%",150,5.1,0
2026-09-29,2025-12-07,"5.35%",175,5.35,0
2026-09-29,2025-12-07,"5.60%",200,5.6,0
2026-09-29,2025-12-07,"5.85%",225,5.85,0
2026-09-29,2025-12-07,"6.10%",250,6.1,0
2026-09-29,2025-12-08,"0.10%",-300,0.1,0
2026-09-29,2025-12-08,"0.35%",-300,0.35,0
2026-09-29,2025-12-08,"0.60%",-300,0.6,0
2026-09-29,2025-12-08,"0.85%",-275,0.85,0
2026-09-29,2025-12-08,"1.10%",-250,1.1,0
2026-09-29,2025-12-08,"1.35%",-225,1.35,0
2026-09-29,2025-12-08,"1.60%",-200,1.6,0
2026-09-29,2025-12-08,"1.85%",-175,1.85,0
2026-09-29,2025-12-08,"2.10%",-150,2.1,0
2026-09-29,2025-12-08,"2.35%",-125,2.35,0
2026-09-29,2025-12-08,"2.60%",-100,2.6,0
2026-09-29,2025-12-08,"2.85%",-75,2.85,0
2026-09-29,2025-12-08,"3.10%",-50,3.1,0.0279333121069945
2026-09-29,2025-12-08,"3.35%",-25,3.35,0.0859158664354555
2026-09-29,2025-12-08,"3.60%",0,3.6,0.177859538732611
2026-09-29,2025-12-08,"3.85%",25,3.85,0.247915616237918
2026-09-29,2025-12-08,"4.10%",50,4.1,0.23272009405743
2026-09-29,2025-12-08,"4.35%",75,4.35,0.147113227636878
2026-09-29,2025-12-08,"4.60%",100,4.6,0.0626105268793484
2026-09-29,2025-12-08,"4.85%",125,4.85,0.0179318179133643
2026-09-29,2025-12-08,"5.10%",150,5.1,0
2026-09-29,2025-12-08,"5.35%",175,5.35,0
2026-09-29,2025-12-08,"5.60%",200,5.6,0
2026-09-29,2025-12-08,"5.85%",225,5.85,0
2026-09-29,2025-12-08,"6.10%",250,6.1,0
2026-09-29,2025-12-09,"0.10%",-300,0.1,0
2026-09-29,2025-12-09,"0.35%",-300,0.35,0
2026-09-29,2025-12-09,"0.60%",-300,0.6,0
2026-09-29,2025-12-09,"0.85%",-275,0.85,0
2026-09-29,2025-12-09,"1.10%",-250,1.1,0
2026-09-29,2025-12-09,"1.35%",-225,1.35,0
2026-09-29,2025-12-09,"1.60%",-200,1.6,0
2026-09-29,2025-12-09,"1.85%",-175,1.85,0
2026-09-29,2025-12-09,"2.10%",-150,2.1,0
2026-09-29,2025-12-09,"2.35%",-125,2.35,0
2026-09-29,2025-12-09,"2.60%",-100,2.6,0
2026-09-29,2025-12-09,"2.85%",-75,2.85,0
2026-09-29,2025-12-09,"3.10%",-50,3.1,0.0152536809741851
2026-09-29,2025-12-09,"3.35%",-25,3.35,0.0545194505749705
2026-09-29,2025-12-09,"3.60%",0,3.6,0.132718877301923
2026-09-29,2025-12-09,"3.85%",25,3.85,0.220142289735279
2026-09-29,2025-12-09,"4.10%",50,4.1,0.248870721107058
2026-09-29,2025-12-09,"4.35%",75,4.35,0.191765676080448
2026-09-29,2025-12-09,"4.60%",100,4.6,0.100701779903346
2026-09-29,2025-12-09,"4.85%",125,4.85,0.0360275243227903
2026-09-29,2025-12-09,"5.10%",150,5.1,0
2026-09-29,2025-12-09,"5.35%",175,5.35,0
2026-09-29,2025-12-09,"5.60%",200,5.6,0
2026-09-29,2025-12-09,"5.85%",225,5.85,0
2026-09-29,2025-12-09,"6.10%",250,6.1,0
2026-09-29,2025-12-10,"0.10%",-300,0.1,0
2026-09-29,2025-12-10,"0.35%",-300,0.35,0
2026-09-29,2025-12-10,"0.60%",-300,0.6,0
2026-09-29,2025-12-10,"0.85%",-275,0.85,0
2026-09-29,2025-12-10,"1.10%",-250,1.1,0
2026-09-29,2025-12-10,"1.35%",-225,1.35,0
2026-09-29,2025-12-10,"1.60%",-200,1.6,0
2026-09-29,2025-12-10,"1.85%",-175,1.85,0
2026-09-29,2025-12-10,"2.10%",-150,2.1,0
2026-09-29,2025-12-10,"2.35%",-125,2.35,0
2026-09-29,2025-12-10,"2.60%",-100,2.6,0
2026-09-29,2025-12-10,"2.85%",-75,2.85,0
2026-09-29,2025-12-10,"3.10%",-50,3.1,0.0180103993542978
2026-09-29,2025-12-10,"3.35%",-25,3.35,0.0715287302248361
2026-09-29,2025-12-10,"3.60%",0,3.6,0.175861290612988
2026-09-29,2025-12-10,"3.85%",25,3.85,0.267893688559838
2026-09-29,2025-12-10,"4.10%",50,4.1,0.25295279364755
2026-09-29,2025-12-10,"4.35%",75,4.35,0.148038963349933
2026-09-29,2025-12-10,"4.60%",100,4.6,0.0536713135817586
2026-09-29,2025-12-10,"4.85%",125,4.85,0.0120428206687983
2026-09-29,2025-12-10,"5.10%",150,5.1,0
2026-09-29,2025-12-10,"5.35%",175,5.35,0
2026-09-29,2025-12-10,"5.60%",200,5.6,0
2026-09-29,2025-12-10,"5.85%",225,5.85,0
2026-09-29,2025-12-10,"6.10%",250,6.1,0
2026-09-29,2025-12-11,"0.10%",-300,0.1,0
2026-09-29,2025-12-11,"0.35%",-300,0.35,0
2026-09-29,2025-12-11,"0.60%",-300,0.6,0
2026-09-29,2025-12-11,"0.85%",-275,0.85,0
2026-09-29,2025-12-11,"1.10%",-250,1.1,0
2026-09-29,2025-12-11,"1.35%",-225,1.35,0
2026-09-29,2025-12-11,"1.60%",-200,1.6,0
2026-09-29,2025-12-11,"1.85%",-175,1.85,0
2026-09-29,2025-12-11,"2.10%",-150,2.1,0
2026-09-29,2025-12-11,"2.35%",-125,2.35,0
2026-09-29,2025-12-11,"2.60%",-100,2.6,0
2026-09-29,2025-12-11,"2.85%",-75,2.85,0
2026-09-29,2025-12-11,"3.10%",-50,3.1,0.010405739503856
2026-09-29,2025-12-11,"3.35%",-25,3.35,0.0583457046763011
2026-09-29,2025-12-11,"3.60%",0,3.6,0.17874276765285
2026-09-29,2025-12-11,"3.85%",25,3.85,0.299802172898203
2026-09-29,2025-12-11,"4.10%",50,4.1,0.275600542189007
2026-09-29,2025-12-11,"4.35%",75,4.35,0.138831854530754
2026-09-29,2025-12-11,"4.60%",100,4.6,0.0382712185490284
2026-09-29,2025-12-11,"4.85%",125,4.85,0
2026-09-29,2025-12-11,"5.10%",150,5.1,0
2026-09-29,2025-12-11,"5.35%",175,5.35,0
2026-09-29,2025-12-11,"5.60%",200,5.6,0
2026-09-29,2025-12-11,"5.85%",225,5.85,0
2026-09-29,2025-12-11,"6.10%",250,6.1,0
2026-09-29,2025-12-12,"0.10%",-300,0.1,0
2026-09-29,2025-12-12,"0.35%",-300,0.35,0
2026-09-29,2025-12-12,"0.60%",-300,0.6,0
2026-09-29,2025-12-12,"0.85%",-275,0.85,0
2026-09-29,2025-12-12,"1.10%",-250,1.1,0
2026-09-29,2025-12-12,"1.35%",-225,1.35,0
2026-09-29,2025-12-12,"1.60%",-200,1.6,0
2026-09-29,2025-12-12,"1.85%",-175,1.85,0
2026-09-29,2025-12-12,"2.10%",-150,2.1,0
2026-09-29,2025-12-12,"2.35%",-125,2.35,0
2026-09-29,2025-12-12,"2.60%",-100,2.6,0
2026-09-29,2025-12-12,"2.85%",-75,2.85,0
2026-09-29,2025-12-12,"3.10%",-50,3.1,0
2026-09-29,2025-12-12,"3.35%",-25,3.35,0.0550665046674167
2026-09-29,2025-12-12,"3.60%",0,3.6,0.179402255783235
2026-09-29,2025-12-12,"3.85%",25,3.85,0.309556114522073
2026-09-29,2025-12-12,"4.10%",50,4.1,0.283259022282146
2026-09-29,2025-12-12,"4.35%",75,4.35,0.137425500499795
2026-09-29,2025-12-12,"4.60%",100,4.6,0.0352906022453344
2026-09-29,2025-12-12,"4.85%",125,4.85,0
2026-09-29,2025-12-12,"5.10%",150,5.1,0
2026-09-29,2025-12-12,"5.35%",175,5.35,0
2026-09-29,2025-12-12,"5.60%",200,5.6,0
2026-09-29,2025-12-12,"5.85%",225,5.85,0
2026-09-29,2025-12-12,"6.10%",250,6.1,0
2026-09-29,2025-12-13,"0.10%",-300,0.1,0
2026-09-29,2025-12-13,"0.35%",-300,0.35,0
2026-09-29,2025-12-13,"0.60%",-300,0.6,0
2026-09-29,2025-12-13,"0.85%",-275,0.85,0
2026-09-29,2025-12-13,"1.10%",-250,1.1,0
2026-09-29,2025-12-13,"1.35%",-225,1.35,0
2026-09-29,2025-12-13,"1.60%",-200,1.6,0
2026-09-29,2025-12-13,"1.85%",-175,1.85,0
2026-09-29,2025-12-13,"2.10%",-150,2.1,0
2026-09-29,2025-12-13,"2.35%",-125,2.35,0
2026-09-29,2025-12-13,"2.60%",-100,2.6,0
2026-09-29,2025-12-13,"2.85%",-75,2.85,0
2026-09-29,2025-12-13,"3.10%",-50,3.1,0
2026-09-29,2025-12-13,"3.35%",-25,3.35,0.0570997241172848
2026-09-29,2025-12-13,"3.60%",0,3.6,0.180066153900613
2026-09-29,2025-12-13,"3.85%",25,3.85,0.306077852030749
2026-09-29,2025-12-13,"4.10%",50,4.1,0.280759897343053
2026-09-29,2025-12-13,"4.35%",75,4.35,0.138949846576926
2026-09-29,2025-12-13,"4.60%",100,4.6,0.0370465260313736
2026-09-29,2025-12-13,"4.85%",125,4.85,0
2026-09-29,2025-12-13,"5.10%",150,5.1,0
2026-09-29,2025-12-13,"5.35%",175,5.35,0
2026-09-29,2025-12-13,"5.60%",200,5.6,0
2026-09-29,2025-12-13,"5.85%",225,5.85,0
2026-09-29,2025-12-13,"6.10%",250,6.1,0
2026-09-29,2025-12-14,"0.10%",-300,0.1,0
2026-09-29,2025-12-14,"0.35%",-300,0.35,0
2026-09-29,2025-12-14,"0.60%",-300,0.6,0
2026-09-29,2025-12-14,"0.85%",-275,0.85,0
2026-09-29,2025-12-14,"1.10%",-250,1.1,0
2026-09-29,2025-12-14,"1.35%",-225,1.35,0
2026-09-29,2025-12-14,"1.60%",-200,1.6,0
2026-09-29,2025-12-14,"1.85%",-175,1.85,0
2026-09-29,2025-12-14,"2.10%",-150,2.1,0
2026-09-29,2025-12-14,"2.35%",-125,2.35,0
2026-09-29,2025-12-14,"2.60%",-100,2.6,0
2026-09-29,2025-12-14,"2.85%",-75,2.85,0
2026-09-29,2025-12-14,"3.10%",-50,3.1,0.0160721051905078
2026-09-29,2025-12-14,"3.35%",-25,3.35,0.0786213970529314
2026-09-29,2025-12-14,"3.60%",0,3.6,0.210506407048668
2026-09-29,2025-12-14,"3.85%",25,3.85,0.309068117404383
2026-09-29,2025-12-14,"4.10%",50,4.1,0.249025893003378
2026-09-29,2025-12-14,"4.35%",75,4.35,0.110063930936264
2026-09-29,2025-12-14,"4.60%",100,4.6,0.0266421493638674
2026-09-29,2025-12-14,"4.85%",125,4.85,0
2026-09-29,2025-12-14,"5.10%",150,5.1,0
2026-09-29,2025-12-14,"5.35%",175,5.35,0
2026-09-29,2025-12-14,"5.60%",200,5.6,0
2026-09-29,2025-12-14,"5.85%",225,5.85,0
2026-09-29,2025-12-14,"6.10%",250,6.1,0
2026-09-29,2025-12-15,"0.10%",-300,0.1,0
2026-09-29,2025-12-15,"0.35%",-300,0.35,0
2026-09-29,2025-12-15,"0.60%",-300,0.6,0
2026-09-29,2025-12-15,"0.85%",-275,0.85,0
2026-09-29,2025-12-15,"1.10%",-250,1.1,0
2026-09-29,2025-12-15,"1.35%",-225,1.35,0
2026-09-29,2025-12-15,"1.60%",-200,1.6,0
2026-09-29,2025-12-15,"1.85%",-175,1.85,0
2026-09-29,2025-12-15,"2.10%",-150,2.1,0
2026-09-29,2025-12-15,"2.35%",-125,2.35,0
2026-09-29,2025-12-15,"2.60%",-100,2.6,0
2026-09-29,2025-12-15,"2.85%",-75,2.85,0
2026-09-29,2025-12-15,"3.10%",-50,3.1,0.013218637215171
2026-09-29,2025-12-15,"3.35%",-25,3.35,0.0672673318228816
2026-09-29,2025-12-15,"3.60%",0,3.6,0.190390537385439
2026-09-29,2025-12-15,"3.85%",25,3.85,0.300252944821509
2026-09-29,2025-12-15,"4.10%",50,4.1,0.264055724015753
2026-09-29,2025-12-15,"4.35%",75,4.35,0.129468919591148
2026-09-29,2025-12-15,"4.60%",100,4.6,0.0353459051480985
2026-09-29,2025-12-15,"4.85%",125,4.85,0
2026-09-29,2025-12-15,"5.10%",150,5.1,0
2026-09-29,2025-12-15,"5.35%",175,5.35,0
2026-09-29,2025-12-15,"5.60%",200,5.6,0
2026-09-29,2025-12-15,"5.85%",225,5.85,0
2026-09-29,2025-12-15,"6.10%",250,6.1,0
2026-09-29,2025-12-16,"0.10%",-300,0.1,0
2026-09-29,2025-12-16,"0.35%",-300,0.35,0
2026-09-29,2025-12-16,"0.60%",-300,0.6,0
2026-09-29,2025-12-16,"0.85%",-275,0.85,0
2026-09-29,2025-12-16,"1.10%",-250,1.1,0
2026-09-29,2025-12-16,"1.35%",-225,1.35,0
2026-09-29,2025-12-16,"1.60%",-200,1.6,0
2026-09-29,2025-12-16,"1.85%",-175,1.85,0
2026-09-29,2025-12-16,"2.10%",-150,2.1,0
2026-09-29,2025-12-16,"2.35%",-125,2.35,0
2026-09-29,2025-12-16,"2.60%",-100,2.6,0
2026-09-29,2025-12-16,"2.85%",-75,2.85,0
2026-09-29,2025-12-16,"3.10%",-50,3.1,0
2026-09-29,2025-12-16,"3.35%",-25,3.35,0.0495789412925948
2026-09-29,2025-12-16,"3.60%",0,3.6,0.169771457847935
2026-09-29,2025-12-16,"3.85%",25,3.85,0.305997021459884
2026-09-29,2025-12-16,"4.10%",50,4.1,0.290721408726548
2026-09-29,2025-12-16,"4.35%",75,4.35,0.14557555643731
2026-09-29,2025-12-16,"4.60%",100,4.6,0.0383556142357281
2026-09-29,2025-12-16,"4.85%",125,4.85,0
2026-09-29,2025-12-16,"5.10%",150,5.1,0
2026-09-29,2025-12-16,"5.35%",175,5.35,0
2026-09-29,2025-12-16,"5.60%",200,5.6,0
2026-09-29,2025-12-16,"5.85%",225,5.85,0
2026-09-29,2025-12-16,"6.10%",250,6.1,0
2026-09-29,2025-12-17,"0.10%",-300,0.1,0
2026-09-29,2025-12-17,"0.35%",-300,0.35,0
2026-09-29,2025-12-17,"0.60%",-300,0.6,0
2026-09-29,2025-12-17,"0.85%",-275,0.85,0
2026-09-29,2025-12-17,"1.10%",-250,1.1,0
2026-09-29,2025-12-17,"1.35%",-225,1.35,0
2026-09-29,2025-12-17,"1.60%",-200,1.6,0
2026-09-29,2025-12-17,"1.85%",-175,1.85,0
2026-09-29,2025-12-17,"2.10%",-150,2.1,0
2026-09-29,2025-12-17,"2.35%",-125,2.35,0
2026-09-29,2025-12-17,"2.60%",-100,2.6,0
2026-09-29,2025-12-17,"2.85%",-75,2.85,0
2026-09-29,2025-12-17,"3.10%",-50,3.1,0.0110700137732076
2026-09-29,2025-12-17,"3.35%",-25,3.35,0.0642908960339517
2026-09-29,2025-12-17,"3.60%",0,3.6,0.196105872812183
2026-09-29,2025-12-17,"3.85%",25,3.85,0.314967650666593
2026-09-29,2025-12-17,"4.10%",50,4.1,0.26667428497025
2026-09-29,2025-12-17,"4.35%",75,4.35,0.118974970307572
2026-09-29,2025-12-17,"4.60%",100,4.6,0.0279163114362425
2026-09-29,2025-12-17,"4.85%",125,4.85,0
2026-09-29,2025-12-17,"5.10%",150,5.1,0
2026-09-29,2025-12-17,"5.35%",175,5.35,0
2026-09-29,2025-12-17,"5.60%",200,5.6,0
2026-09-29,2025-12-17,"5.85%",225,5.85,0
2026-09-29,2025-12-17,"6.10%",250,6.1,0
2026-09-29,2025-12-18,"0.10%",-300,0.1,0
2026-09-29,2025-12-18,"0.35%",-300,0.35,0
2026-09-29,2025-12-18,"0.60%",-300,0.6,0
2026-09-29,2025-12-18,"0.85%",-275,0.85,0
2026-09-29,2025-12-18,"1.10%",-250,1.1,0
2026-09-29,2025-12-18,"1.35%",-225,1.35,0
2026-09-29,2025-12-18,"1.60%",-200,1.6,0
2026-09-29,2025-12-18,"1.85%",-175,1.85,0
2026-09-29,2025-12-18,"2.10%",-150,2.1,0
2026-09-29,2025-12-18,"2.35%",-125,2.35,0
2026-09-29,2025-12-18,"2.60%",-100,2.6,0
2026-09-29,2025-12-18,"2.85%",-75,2.85,0
2026-09-29,2025-12-18,"3.10%",-50,3.1,0.0186104888813788
2026-09-29,2025-12-18,"3.35%",-25,3.35,0.0751879088240542
2026-09-29,2025-12-18,"3.60%",0,3.6,0.185006105084744
2026-09-29,2025-12-18,"3.85%",25,3.85,0.277512359876832
2026-09-29,2025-12-18,"4.10%",50,4.1,0.253881879220507
2026-09-29,2025-12-18,"4.35%",75,4.35,0.141641607324645
2026-09-29,2025-12-18,"4.60%",100,4.6,0.0481596507878392
2026-09-29,2025-12-18,"4.85%",125,4.85,0
2026-09-29,2025-12-18,"5.10%",150,5.1,0
2026-09-29,2025-12-18,"5.35%",175,5.35,0
2026-09-29,2025-12-18,"5.60%",200,5.6,0
2026-09-29,2025-12-18,"5.85%",225,5.85,0
2026-09-29,2025-12-18,"6.10%",250,6.1,0
2026-09-29,2025-12-19,"0.10%",-300,0.1,0
2026-09-29,2025-12-19,"0.35%",-300,0.35,0
2026-09-29,2025-12-19,"0.60%",-300,0.6,0
2026-09-29,2025-12-19,"0.85%",-275,0.85,0
2026-09-29,2025-12-19,"1.10%",-250,1.1,0
2026-09-29,2025-12-19,"1.35%",-225,1.35,0
2026-09-29,2025-12-19,"1.60%",-200,1.6,0
2026-09-29,2025-12-19,"1.85%",-175,1.85,0
2026-09-29,2025-12-19,"2.10%",-150,2.1,0
2026-09-29,2025-12-19,"2.35%",-125,2.35,0
2026-09-29,2025-12-19,"2.60%",-100,2.6,0
2026-09-29,2025-12-19,"2.85%",-75,2.85,0
2026-09-29,2025-12-19,"3.10%",-50,3.1,0.0151224637906708
2026-09-29,2025-12-19,"3.35%",-25,3.35,0.0693463207890667
2026-09-29,2025-12-19,"3.60%",0,3.6,0.185111557651328
2026-09-29,2025-12-19,"3.85%",25,3.85,0.288025237261792
2026-09-29,2025-12-19,"4.10%",50,4.1,0.261391521750057
2026-09-29,2025-12-19,"4.35%",75,4.35,0.138342188459504
2026-09-29,2025-12-19,"4.60%",100,4.6,0.0426607102975809
2026-09-29,2025-12-19,"4.85%",125,4.85,0
2026-09-29,2025-12-19,"5.10%",150,5.1,0
2026-09-29,2025-12-19,"5.35%",175,5.35,0
2026-09-29,2025-12-19,"5.60%",200,5.6,0
2026-09-29,2025-12-19,"5.85%",225,5.85,0
2026-09-29,2025-12-19,"6.10%",250,6.1,0
2026-09-29,2025-12-20,"0.10%",-300,0.1,0
2026-09-29,2025-12-20,"0.35%",-300,0.35,0
2026-09-29,2025-12-20,"0.60%",-300,0.6,0
2026-09-29,2025-12-20,"0.85%",-275,0.85,0
2026-09-29,2025-12-20,"1.10%",-250,1.1,0
2026-09-29,2025-12-20,"1.35%",-225,1.35,0
2026-09-29,2025-12-20,"1.60%",-200,1.6,0
2026-09-29,2025-12-20,"1.85%",-175,1.85,0
2026-09-29,2025-12-20,"2.10%",-150,2.1,0
2026-09-29,2025-12-20,"2.35%",-125,2.35,0
2026-09-29,2025-12-20,"2.60%",-100,2.6,0
2026-09-29,2025-12-20,"2.85%",-75,2.85,0
2026-09-29,2025-12-20,"3.10%",-50,3.1,0.0158392155390933
2026-09-29,2025-12-20,"3.35%",-25,3.35,0.0706181423008734
2026-09-29,2025-12-20,"3.60%",0,3.6,0.185128340414121
2026-09-29,2025-12-20,"3.85%",25,3.85,0.285719832963564
2026-09-29,2025-12-20,"4.10%",50,4.1,0.259762005149997
2026-09-29,2025-12-20,"4.35%",75,4.35,0.13909816381035
2026-09-29,2025-12-20,"4.60%",100,4.6,0.0438342998220008
2026-09-29,2025-12-20,"4.85%",125,4.85,0
2026-09-29,2025-12-20,"5.10%",150,5.1,0
2026-09-29,2025-12-20,"5.35%",175,5.35,0
2026-09-29,2025-12-20,"5.60%",200,5.6,0
2026-09-29,2025-12-20,"5.85%",225,5.85,0
2026-09-29,2025-12-20,"6.10%",250,6.1,0
2026-09-29,2025-12-21,"0.10%",-300,0.1,0
2026-09-29,2025-12-21,"0.35%",-300,0.35,0
2026-09-29,2025-12-21,"0.60%",-300,0.6,0
2026-09-29,2025-12-21,"0.85%",-275,0.85,0
2026-09-29,2025-12-21,"1.10%",-250,1.1,0
2026-09-29,2025-12-21,"1.35%",-225,1.35,0
2026-09-29,2025-12-21,"1.60%",-200,1.6,0
2026-09-29,2025-12-21,"1.85%",-175,1.85,0
2026-09-29,2025-12-21,"2.10%",-150,2.1,0
2026-09-29,2025-12-21,"2.35%",-125,2.35,0
2026-09-29,2025-12-21,"2.60%",-100,2.6,0
2026-09-29,2025-12-21,"2.85%",-75,2.85,0
2026-09-29,2025-12-21,"3.10%",-50,3.1,0.0128261034694866
2026-09-29,2025-12-21,"3.35%",-25,3.35,0.059860067340842
2026-09-29,2025-12-21,"3.60%",0,3.6,0.165848084518257
2026-09-29,2025-12-21,"3.85%",25,3.85,0.273115275703321
2026-09-29,2025-12-21,"4.10%",50,4.1,0.267498487001206
2026-09-29,2025-12-21,"4.35%",75,4.35,0.155820528292557
2026-09-29,2025-12-21,"4.60%",100,4.6,0.0539456487656694
2026-09-29,2025-12-21,"4.85%",125,4.85,0.0110858049086605
2026-09-29,2025-12-21,"5.10%",150,5.1,0
2026-09-29,2025-12-21,"5.35%",175,5.35,0
2026-09-29,2025-12-21,"5.60%",200,5.6,0
2026-09-29,2025-12-21,"5.85%",225,5.85,0
2026-09-29,2025-12-21,"6.10%",250,6.1,0
2026-09-29,2025-12-22,"0.10%",-300,0.1,0
2026-09-29,2025-12-22,"0.35%",-300,0.35,0
2026-09-29,2025-12-22,"0.60%",-300,0.6,0
2026-09-29,2025-12-22,"0.85%",-275,0.85,0
2026-09-29,2025-12-22,"1.10%",-250,1.1,0
2026-09-29,2025-12-22,"1.35%",-225,1.35,0
2026-09-29,2025-12-22,"1.60%",-200,1.6,0
2026-09-29,2025-12-22,"1.85%",-175,1.85,0
2026-09-29,2025-12-22,"2.10%",-150,2.1,0
2026-09-29,2025-12-22,"2.35%",-125,2.35,0
2026-09-29,2025-12-22,"2.60%",-100,2.6,0
2026-09-29,2025-12-22,"2.85%",-75,2.85,0
2026-09-29,2025-12-22,"3.10%",-50,3.1,0.017305703316463
2026-09-29,2025-12-22,"3.35%",-25,3.35,0.0731006002113133
2026-09-29,2025-12-22,"3.60%",0,3.6,0.185096993459038
2026-09-29,2025-12-22,"3.85%",25,3.85,0.28124771966796
2026-09-29,2025-12-22,"4.10%",50,4.1,0.256573150859612
2026-09-29,2025-12-22,"4.35%",75,4.35,0.140513063292646
2026-09-29,2025-12-22,"4.60%",100,4.6,0.0461627691929673
2026-09-29,2025-12-22,"4.85%",125,4.85,0
2026-09-29,2025-12-22,"5.10%",150,5.1,0
2026-09-29,2025-12-22,"5.35%",175,5.35,0
2026-09-29,2025-12-22,"5.60%",200,5.6,0
2026-09-29,2025-12-22,"5.85%",225,5.85,0
2026-09-29,2025-12-22,"6.10%",250,6.1,0
2026-09-29,2025-12-23,"0.10%",-300,0.1,0
2026-09-29,2025-12-23,"0.35%",-300,0.35,0
2026-09-29,2025-12-23,"0.60%",-300,0.6,0
2026-09-29,2025-12-23,"0.85%",-275,0.85,0
2026-09-29,2025-12-23,"1.10%",-250,1.1,0
2026-09-29,2025-12-23,"1.35%",-225,1.35,0
2026-09-29,2025-12-23,"1.60%",-200,1.6,0
2026-09-29,2025-12-23,"1.85%",-175,1.85,0
2026-09-29,2025-12-23,"2.10%",-150,2.1,0
2026-09-29,2025-12-23,"2.35%",-125,2.35,0
2026-09-29,2025-12-23,"2.60%",-100,2.6,0
2026-09-29,2025-12-23,"2.85%",-75,2.85,0
2026-09-29,2025-12-23,"3.10%",-50,3.1,0.0149623061282904
2026-09-29,2025-12-23,"3.35%",-25,3.35,0.0705886642631137
2026-09-29,2025-12-23,"3.60%",0,3.6,0.190381595456171
2026-09-29,2025-12-23,"3.85%",25,3.85,0.293977019165898
2026-09-29,2025-12-23,"4.10%",50,4.1,0.260076849456289
2026-09-29,2025-12-23,"4.35%",75,4.35,0.13179642928388
2026-09-29,2025-12-23,"4.60%",100,4.6,0.0382171362463587
2026-09-29,2025-12-23,"4.85%",125,4.85,0
2026-09-29,2025-12-23,"5.10%",150,5.1,0
2026-09-29,2025-12-23,"5.35%",175,5.35,0
2026-09-29,2025-12-23,"5.60%",200,5.6,0
2026-09-29,2025-12-23,"5.85%",225,5.85,0
2026-09-29,2025-12-23,"6.10%",250,6.1,0
2026-09-29,2025-12-24,"0.10%",-300,0.1,0
2026-09-29,2025-12-24,"0.35%",-300,0.35,0
2026-09-29,2025-12-24,"0.60%",-300,0.6,0
2026-09-29,2025-12-24,"0.85%",-275,0.85,0
2026-09-29,2025-12-24,"1.10%",-250,1.1,0
2026-09-29,2025-12-24,"1.35%",-225,1.35,0
2026-09-29,2025-12-24,"1.60%",-200,1.6,0
2026-09-29,2025-12-24,"1.85%",-175,1.85,0
2026-09-29,2025-12-24,"2.10%",-150,2.1,0
2026-09-29,2025-12-24,"2.35%",-125,2.35,0
2026-09-29,2025-12-24,"2.60%",-100,2.6,0
2026-09-29,2025-12-24,"2.85%",-75,2.85,0
2026-09-29,2025-12-24,"3.10%",-50,3.1,0.016035874657507
2026-09-29,2025-12-24,"3.35%",-25,3.35,0.0725012090298867
2026-09-29,2025-12-24,"3.60%",0,3.6,0.190305690603105
2026-09-29,2025-12-24,"3.85%",25,3.85,0.29039581205206
2026-09-29,2025-12-24,"4.10%",50,4.1,0.257768775131711
2026-09-29,2025-12-24,"4.35%",75,4.35,0.133074440176603
2026-09-29,2025-12-24,"4.60%",100,4.6,0.0399181983491277
2026-09-29,2025-12-24,"4.85%",125,4.85,0
2026-09-29,2025-12-24,"5.10%",150,5.1,0
2026-09-29,2025-12-24,"5.35%",175,5.35,0
2026-09-29,2025-12-24,"5.60%",200,5.6,0
2026-09-29,2025-12-24,"5.85%",225,5.85,0
2026-09-29,2025-12-24,"6.10%",250,6.1,0
2026-09-29,2025-12-25,"0.10%",-300,0.1,0
2026-09-29,2025-12-25,"0.35%",-300,0.35,0
2026-09-29,2025-12-25,"0.60%",-300,0.6,0
2026-09-29,2025-12-25,"0.85%",-275,0.85,0
2026-09-29,2025-12-25,"1.10%",-250,1.1,0
2026-09-29,2025-12-25,"1.35%",-225,1.35,0
2026-09-29,2025-12-25,"1.60%",-200,1.6,0
2026-09-29,2025-12-25,"1.85%",-175,1.85,0
2026-09-29,2025-12-25,"2.10%",-150,2.1,0
2026-09-29,2025-12-25,"2.35%",-125,2.35,0
2026-09-29,2025-12-25,"2.60%",-100,2.6,0
2026-09-29,2025-12-25,"2.85%",-75,2.85,0
2026-09-29,2025-12-25,"3.10%",-50,3.1,0.0240696892391233
2026-09-29,2025-12-25,"3.35%",-25,3.35,0.0838448222465579
2026-09-29,2025-12-25,"3.60%",0,3.6,0.186340402106955
2026-09-29,2025-12-25,"3.85%",25,3.85,0.264384410275048
2026-09-29,2025-12-25,"4.10%",50,4.1,0.239545193148422
2026-09-29,2025-12-25,"4.35%",75,4.35,0.138588234599658
2026-09-29,2025-12-25,"4.60%",100,4.6,0.0511752776208803
2026-09-29,2025-12-25,"4.85%",125,4.85,0.0120519707633556
2026-09-29,2025-12-25,"5.10%",150,5.1,0
2026-09-29,2025-12-25,"5.35%",175,5.35,0
2026-09-29,2025-12-25,"5.60%",200,5.6,0
2026-09-29,2025-12-25,"5.85%",225,5.85,0
2026-09-29,2025-12-25,"6.10%",250,6.1,0
2026-09-29,2025-12-26,"0.10%",-300,0.1,0
2026-09-29,2025-12-26,"0.35%",-300,0.35,0
2026-09-29,2025-12-26,"0.60%",-300,0.6,0
2026-09-29,2025-12-26,"0.85%",-275,0.85,0
2026-09-29,2025-12-26,"1.10%",-250,1.1,0
2026-09-29,2025-12-26,"1.35%",-225,1.35,0
2026-09-29,2025-12-26,"1.60%",-200,1.6,0
2026-09-29,2025-12-26,"1.85%",-175,1.85,0
2026-09-29,2025-12-26,"2.10%",-150,2.1,0
2026-09-29,2025-12-26,"2.35%",-125,2.35,0
2026-09-29,2025-12-26,"2.60%",-100,2.6,0
2026-09-29,2025-12-26,"2.85%",-75,2.85,0
2026-09-29,2025-12-26,"3.10%",-50,3.1,0.0227078816432231
2026-09-29,2025-12-26,"3.35%",-25,3.35,0.082110145425671
2026-09-29,2025-12-26,"3.60%",0,3.6,0.186888884393332
2026-09-29,2025-12-26,"3.85%",25,3.85,0.267943664977197
2026-09-29,2025-12-26,"4.10%",50,4.1,0.242056921316301
2026-09-29,2025-12-26,"4.35%",75,4.35,0.137773424641794
2026-09-29,2025-12-26,"4.60%",100,4.6,0.0493822364243007
2026-09-29,2025-12-26,"4.85%",125,4.85,0.0111368411781814
2026-09-29,2025-12-26,"5.10%",150,5.1,0
2026-09-29,2025-12-26,"5.35%",175,5.35,0
2026-09-29,2025-12-26,"5.60%",200,5.6,0
2026-09-29,2025-12-26,"5.85%",225,5.85,0
2026-09-29,2025-12-26,"6.10%",250,6.1,0
2026-09-29,2025-12-27,"0.10%",-300,0.1,0
2026-09-29,2025-12-27,"0.35%",-300,0.35,0
2026-09-29,2025-12-27,"0.60%",-300,0.6,0
2026-09-29,2025-12-27,"0.85%",-275,0.85,0
2026-09-29,2025-12-27,"1.10%",-250,1.1,0
2026-09-29,2025-12-27,"1.35%",-225,1.35,0
2026-09-29,2025-12-27,"1.60%",-200,1.6,0
2026-09-29,2025-12-27,"1.85%",-175,1.85,0
2026-09-29,2025-12-27,"2.10%",-150,2.1,0
2026-09-29,2025-12-27,"2.35%",-125,2.35,0
2026-09-29,2025-12-27,"2.60%",-100,2.6,0
2026-09-29,2025-12-27,"2.85%",-75,2.85,0.0152777235973816
2026-09-29,2025-12-27,"3.10%",-50,3.1,0.0457924874962307
2026-09-29,2025-12-27,"3.35%",-25,3.35,0.102642990639405
2026-09-29,2025-12-27,"3.60%",0,3.6,0.172082296109319
2026-09-29,2025-12-27,"3.85%",25,3.85,0.215805598487726
2026-09-29,2025-12-27,"4.10%",50,4.1,0.202455766889257
2026-09-29,2025-12-27,"4.35%",75,4.35,0.142079851118564
2026-09-29,2025-12-27,"4.60%",100,4.6,0.0745824421808343
2026-09-29,2025-12-27,"4.85%",125,4.85,0.0292808434812824
2026-09-29,2025-12-27,"5.10%",150,5.1,0
2026-09-29,2025-12-27,"5.35%",175,5.35,0
2026-09-29,2025-12-27,"5.60%",200,5.6,0
2026-09-29,2025-12-27,"5.85%",225,5.85,0
2026-09-29,2025-12-27,"6.10%",250,6.1,0
2026-09-29,2025-12-28,"0.10%",-300,0.1,0
2026-09-29,2025-12-28,"0.35%",-300,0.35,0
2026-09-29,2025-12-28,"0.60%",-300,0.6,0
2026-09-29,2025-12-28,"0.85%",-275,0.85,0
2026-09-29,2025-12-28,"1.10%",-250,1.1,0
2026-09-29,2025-12-28,"1.35%",-225,1.35,0
2026-09-29,2025-12-28,"1.60%",-200,1.6,0
2026-09-29,2025-12-28,"1.85%",-175,1.85,0
2026-09-29,2025-12-28,"2.10%",-150,2.1,0
2026-09-29,2025-12-28,"2.35%",-125,2.35,0
2026-09-29,2025-12-28,"2.60%",-100,2.6,0.0103833013205266
2026-09-29,2025-12-28,"2.85%",-75,2.85,0.027287104536154
2026-09-29,2025-12-28,"3.10%",-50,3.1,0.0587767338979764
2026-09-29,2025-12-28,"3.35%",-25,3.35,0.103777023613754
2026-09-29,2025-12-28,"3.60%",0,3.6,0.150196984516242
2026-09-29,2025-12-28,"3.85%",25,3.85,0.178195336716015
2026-09-29,2025-12-28,"4.10%",50,4.1,0.173305221142829
2026-09-29,2025-12-28,"4.35%",75,4.35,0.138167634579746
2026-09-29,2025-12-28,"4.60%",100,4.6,0.0902970681125654
2026-09-29,2025-12-28,"4.85%",125,4.85,0.0483727922890609
2026-09-29,2025-12-28,"5.10%",150,5.1,0.0212407992751304
2026-09-29,2025-12-28,"5.35%",175,5.35,0
2026-09-29,2025-12-28,"5.60%",200,5.6,0
2026-09-29,2025-12-28,"5.85%",225,5.85,0
2026-09-29,2025-12-28,"6.10%",250,6.1,0
2026-09-29,2025-12-29,"0.10%",-300,0.1,0
2026-09-29,2025-12-29,"0.35%",-300,0.35,0
2026-09-29,2025-12-29,"0.60%",-300,0.6,0
2026-09-29,2025-12-29,"0.85%",-275,0.85,0
2026-09-29,2025-12-29,"1.10%",-250,1.1,0
2026-09-29,2025-12-29,"1.35%",-225,1.35,0
2026-09-29,2025-12-29,"1.60%",-200,1.6,0
2026-09-29,2025-12-29,"1.85%",-175,1.85,0
2026-09-29,2025-12-29,"2.10%",-150,2.1,0
2026-09-29,2025-12-29,"2.35%",-125,2.35,0
2026-09-29,2025-12-29,"2.60%",-100,2.6,0.0200772569480561
2026-09-29,2025-12-29,"2.85%",-75,2.85,0.0402804374567962
2026-09-29,2025-12-29,"3.10%",-50,3.1,0.0699421061555352
2026-09-29,2025-12-29,"3.35%",-25,3.35,0.105109999228412
2026-09-29,2025-12-29,"3.60%",0,3.6,0.136714535881349
2026-09-29,2025-12-29,"3.85%",25,3.85,0.153905320375651
2026-09-29,2025-12-29,"4.10%",50,4.1,0.149955427668382
2026-09-29,2025-12-29,"4.35%",75,4.35,0.126456182969671
2026-09-29,2025-12-29,"4.60%",100,4.6,0.0922965254508798
2026-09-29,2025-12-29,"4.85%",125,4.85,0.0583034852592567
2026-09-29,2025-12-29,"5.10%",150,5.1,0.0318759009746643
2026-09-29,2025-12-29,"5.35%",175,5.35,0.0150828216313474
2026-09-29,2025-12-29,"5.60%",200,5.6,0
2026-09-29,2025-12-29,"5.85%",225,5.85,0
2026-09-29,2025-12-29,"6.10%",250,6.1,0
2026-09-29,2025-12-30,"0.10%",-300,0.1,0
2026-09-29,2025-12-30,"0.35%",-300,0.35,0
2026-09-29,2025-12-30,"0.60%",-300,0.6,0
2026-09-29,2025-12-30,"0.85%",-275,0.85,0
2026-09-29,2025-12-30,"1.10%",-250,1.1,0
2026-09-29,2025-12-30,"1.35%",-225,1.35,0
2026-09-29,2025-12-30,"1.60%",-200,1.6,0
2026-09-29,2025-12-30,"1.85%",-175,1.85,0
2026-09-29,2025-12-30,"2.10%",-150,2.1,0
2026-09-29,2025-12-30,"2.35%",-125,2.35,0
2026-09-29,2025-12-30,"2.60%",-100,2.6,0
2026-09-29,2025-12-30,"2.85%",-75,2.85,0
2026-09-29,2025-12-30,"3.10%",-50,3.1,0.0118281923378518
2026-09-29,2025-12-30,"3.35%",-25,3.35,0.0621826493323903
2026-09-29,2025-12-30,"3.60%",0,3.6,0.181973302365733
2026-09-29,2025-12-30,"3.85%",25,3.85,0.29697998902489
2026-09-29,2025-12-30,"4.10%",50,4.1,0.27053150163158
2026-09-29,2025-12-30,"4.35%",75,4.35,0.137532048215946
2026-09-29,2025-12-30,"4.60%",100,4.6,0.0389723170916093
2026-09-29,2025-12-30,"4.85%",125,4.85,0
2026-09-29,2025-12-30,"5.10%",150,5.1,0
2026-09-29,2025-12-30,"5.35%",175,5.35,0
2026-09-29,2025-12-30,"5.60%",200,5.6,0
2026-09-29,2025-12-30,"5.85%",225,5.85,0
2026-09-29,2025-12-30,"6.10%",250,6.1,0
2026-09-29,2025-12-31,"0.10%",-300,0.1,0
2026-09-29,2025-12-31,"0.35%",-300,0.35,0
2026-09-29,2025-12-31,"0.60%",-300,0.6,0
2026-09-29,2025-12-31,"0.85%",-275,0.85,0
2026-09-29,2025-12-31,"1.10%",-250,1.1,0
2026-09-29,2025-12-31,"1.35%",-225,1.35,0
2026-09-29,2025-12-31,"1.60%",-200,1.6,0
2026-09-29,2025-12-31,"1.85%",-175,1.85,0
2026-09-29,2025-12-31,"2.10%",-150,2.1,0
2026-09-29,2025-12-31,"2.35%",-125,2.35,0
2026-09-29,2025-12-31,"2.60%",-100,2.6,0
2026-09-29,2025-12-31,"2.85%",-75,2.85,0
2026-09-29,2025-12-31,"3.10%",-50,3.1,0.0169279922331996
2026-09-29,2025-12-31,"3.35%",-25,3.35,0.0717308680139077
2026-09-29,2025-12-31,"3.60%",0,3.6,0.182656202302056
2026-09-29,2025-12-31,"3.85%",25,3.85,0.279801714391079
2026-09-29,2025-12-31,"4.10%",50,4.1,0.257974060579832
2026-09-29,2025-12-31,"4.35%",75,4.35,0.143142470023573
2026-09-29,2025-12-31,"4.60%",100,4.6,0.0477666924563524
2026-09-29,2025-12-31,"4.85%",125,4.85,0
2026-09-29,2025-12-31,"5.10%",150,5.1,0
2026-09-29,2025-12-31,"5.35%",175,5.35,0
2026-09-29,2025-12-31,"5.60%",200,5.6,0
2026-09-29,2025-12-31,"5.85%",225,5.85,0
2026-09-29,2025-12-31,"6.10%",250,6.1,0
2026-09-29,2026-01-01,"0.10%",-300,0.1,0
2026-09-29,2026-01-01,"0.35%",-300,0.35,0
2026-09-29,2026-01-01,"0.60%",-300,0.6,0
2026-09-29,2026-01-01,"0.85%",-275,0.85,0
2026-09-29,2026-01-01,"1.10%",-250,1.1,0
2026-09-29,2026-01-01,"1.35%",-225,1.35,0
2026-09-29,2026-01-01,"1.60%",-200,1.6,0
2026-09-29,2026-01-01,"1.85%",-175,1.85,0
2026-09-29,2026-01-01,"2.10%",-150,2.1,0
2026-09-29,2026-01-01,"2.35%",-125,2.35,0
2026-09-29,2026-01-01,"2.60%",-100,2.6,0
2026-09-29,2026-01-01,"2.85%",-75,2.85,0
2026-09-29,2026-01-01,"3.10%",-50,3.1,0
2026-09-29,2026-01-01,"3.35%",-25,3.35,0.0507706145264552
2026-09-29,2026-01-01,"3.60%",0,3.6,0.152007591517503
2026-09-29,2026-01-01,"3.85%",25,3.85,0.268520475344592
2026-09-29,2026-01-01,"4.10%",50,4.1,0.28007681793171
2026-09-29,2026-01-01,"4.35%",75,4.35,0.172500167951031
2026-09-29,2026-01-01,"4.60%",100,4.6,0.0626949741986114
2026-09-29,2026-01-01,"4.85%",125,4.85,0.0134293585300978
2026-09-29,2026-01-01,"5.10%",150,5.1,0
2026-09-29,2026-01-01,"5.35%",175,5.35,0
2026-09-29,2026-01-01,"5.60%",200,5.6,0
2026-09-29,2026-01-01,"5.85%",225,5.85,0
2026-09-29,2026-01-01,"6.10%",250,6.1,0
2026-09-29,2026-01-02,"0.10%",-300,0.1,0
2026-09-29,2026-01-02,"0.35%",-300,0.35,0
2026-09-29,2026-01-02,"0.60%",-300,0.6,0
2026-09-29,2026-01-02,"0.85%",-275,0.85,0
2026-09-29,2026-01-02,"1.10%",-250,1.1,0
2026-09-29,2026-01-02,"1.35%",-225,1.35,0
2026-09-29,2026-01-02,"1.60%",-200,1.6,0
2026-09-29,2026-01-02,"1.85%",-175,1.85,0
2026-09-29,2026-01-02,"2.10%",-150,2.1,0
2026-09-29,2026-01-02,"2.35%",-125,2.35,0
2026-09-29,2026-01-02,"2.60%",-100,2.6,0
2026-09-29,2026-01-02,"2.85%",-75,2.85,0
2026-09-29,2026-01-02,"3.10%",-50,3.1,0
2026-09-29,2026-01-02,"3.35%",-25,3.35,0.0448835156536598
2026-09-29,2026-01-02,"3.60%",0,3.6,0.148949317055024
2026-09-29,2026-01-02,"3.85%",25,3.85,0.27751354592456
2026-09-29,2026-01-02,"4.10%",50,4.1,0.290599849120011
2026-09-29,2026-01-02,"4.35%",75,4.35,0.171044124902074
2026-09-29,2026-01-02,"4.60%",100,4.6,0.056534993665696
2026-09-29,2026-01-02,"4.85%",125,4.85,0.0104746536789766
2026-09-29,2026-01-02,"5.10%",150,5.1,0
2026-09-29,2026-01-02,"5.35%",175,5.35,0
2026-09-29,2026-01-02,"5.60%",200,5.6,0
2026-09-29,2026-01-02,"5.85%",225,5.85,0
2026-09-29,2026-01-02,"6.10%",250,6.1,0
2026-09-29,2026-01-03,"0.10%",-300,0.1,0
2026-09-29,2026-01-03,"0.35%",-300,0.35,0
2026-09-29,2026-01-03,"0.60%",-300,0.6,0
2026-09-29,2026-01-03,"0.85%",-275,0.85,0
2026-09-29,2026-01-03,"1.10%",-250,1.1,0
2026-09-29,2026-01-03,"1.35%",-225,1.35,0
2026-09-29,2026-01-03,"1.60%",-200,1.6,0
2026-09-29,2026-01-03,"1.85%",-175,1.85,0
2026-09-29,2026-01-03,"2.10%",-150,2.1,0
2026-09-29,2026-01-03,"2.35%",-125,2.35,0
2026-09-29,2026-01-03,"2.60%",-100,2.6,0
2026-09-29,2026-01-03,"2.85%",-75,2.85,0
2026-09-29,2026-01-03,"3.10%",-50,3.1,0
2026-09-29,2026-01-03,"3.35%",-25,3.35,0.0428194969612346
2026-09-29,2026-01-03,"3.60%",0,3.6,0.148851227306743
2026-09-29,2026-01-03,"3.85%",25,3.85,0.284069303627884
2026-09-29,2026-01-03,"4.10%",50,4.1,0.297993394179272
2026-09-29,2026-01-03,"4.35%",75,4.35,0.171846829718643
2026-09-29,2026-01-03,"4.60%",100,4.6,0.0544197482062232
2026-09-29,2026-01-03,"4.85%",125,4.85,0
2026-09-29,2026-01-03,"5.10%",150,5.1,0
2026-09-29,2026-01-03,"5.35%",175,5.35,0
2026-09-29,2026-01-03,"5.60%",200,5.6,0
2026-09-29,2026-01-03,"5.85%",225,5.85,0
2026-09-29,2026-01-03,"6.10%",250,6.1,0
2026-09-29,2026-01-04,"0.10%",-300,0.1,0
2026-09-29,2026-01-04,"0.35%",-300,0.35,0
2026-09-29,2026-01-04,"0.60%",-300,0.6,0
2026-09-29,2026-01-04,"0.85%",-275,0.85,0
2026-09-29,2026-01-04,"1.10%",-250,1.1,0
2026-09-29,2026-01-04,"1.35%",-225,1.35,0
2026-09-29,2026-01-04,"1.60%",-200,1.6,0
2026-09-29,2026-01-04,"1.85%",-175,1.85,0
2026-09-29,2026-01-04,"2.10%",-150,2.1,0
2026-09-29,2026-01-04,"2.35%",-125,2.35,0
2026-09-29,2026-01-04,"2.60%",-100,2.6,0
2026-09-29,2026-01-04,"2.85%",-75,2.85,0
2026-09-29,2026-01-04,"3.10%",-50,3.1,0
2026-09-29,2026-01-04,"3.35%",-25,3.35,0.0548642294658709
2026-09-29,2026-01-04,"3.60%",0,3.6,0.176811361424555
2026-09-29,2026-01-04,"3.85%",25,3.85,0.305602799302002
2026-09-29,2026-01-04,"4.10%",50,4.1,0.28363534815768
2026-09-29,2026-01-04,"4.35%",75,4.35,0.141333546069514
2026-09-29,2026-01-04,"4.60%",100,4.6,0.0377527155803768
2026-09-29,2026-01-04,"4.85%",125,4.85,0
2026-09-29,2026-01-04,"5.10%",150,5.1,0
2026-09-29,2026-01-04,"5.35%",175,5.35,0
2026-09-29,2026-01-04,"5.60%",200,5.6,0
2026-09-29,2026-01-04,"5.85%",225,5.85,0
2026-09-29,2026-01-04,"6.10%",250,6.1,0
2026-09-29,2026-01-05,"0.10%",-300,0.1,0
2026-09-29,2026-01-05,"0.35%",-300,0.35,0
2026-09-29,2026-01-05,"0.60%",-300,0.6,0
2026-09-29,2026-01-05,"0.85%",-275,0.85,0
2026-09-29,2026-01-05,"1.10%",-250,1.1,0
2026-09-29,2026-01-05,"1.35%",-225,1.35,0
2026-09-29,2026-01-05,"1.60%",-200,1.6,0
2026-09-29,2026-01-05,"1.85%",-175,1.85,0
2026-09-29,2026-01-05,"2.10%",-150,2.1,0
2026-09-29,2026-01-05,"2.35%",-125,2.35,0
2026-09-29,2026-01-05,"2.60%",-100,2.6,0
2026-09-29,2026-01-05,"2.85%",-75,2.85,0
2026-09-29,2026-01-05,"3.10%",-50,3.1,0
2026-09-29,2026-01-05,"3.35%",-25,3.35,0.0444273099693039
2026-09-29,2026-01-05,"3.60%",0,3.6,0.16013386590988
2026-09-29,2026-01-05,"3.85%",25,3.85,0.301820326960076
2026-09-29,2026-01-05,"4.10%",50,4.1,0.297942984069449
2026-09-29,2026-01-05,"4.35%",75,4.35,0.154036174424347
2026-09-29,2026-01-05,"4.60%",100,4.6,0.0416393386669443
2026-09-29,2026-01-05,"4.85%",125,4.85,0
2026-09-29,2026-01-05,"5.10%",150,5.1,0
2026-09-29,2026-01-05,"5.35%",175,5.35,0
2026-09-29,2026-01-05,"5.60%",200,5.6,0
2026-09-29,2026-01-05,"5.85%",225,5.85,0
2026-09-29,2026-01-05,"6.10%",250,6.1,0
2026-09-29,2026-01-06,"0.10%",-300,0.1,0
2026-09-29,2026-01-06,"0.35%",-300,0.35,0
2026-09-29,2026-01-06,"0.60%",-300,0.6,0
2026-09-29,2026-01-06,"0.85%",-275,0.85,0
2026-09-29,2026-01-06,"1.10%",-250,1.1,0
2026-09-29,2026-01-06,"1.35%",-225,1.35,0
2026-09-29,2026-01-06,"1.60%",-200,1.6,0
2026-09-29,2026-01-06,"1.85%",-175,1.85,0
2026-09-29,2026-01-06,"2.10%",-150,2.1,0
2026-09-29,2026-01-06,"2.35%",-125,2.35,0
2026-09-29,2026-01-06,"2.60%",-100,2.6,0
2026-09-29,2026-01-06,"2.85%",-75,2.85,0
2026-09-29,2026-01-06,"3.10%",-50,3.1,0
2026-09-29,2026-01-06,"3.35%",-25,3.35,0.0377745775615521
2026-09-29,2026-01-06,"3.60%",0,3.6,0.1470891841683
2026-09-29,2026-01-06,"3.85%",25,3.85,0.295770184138519
2026-09-29,2026-01-06,"4.10%",50,4.1,0.307693034976716
2026-09-29,2026-01-06,"4.35%",75,4.35,0.165621809186429
2026-09-29,2026-01-06,"4.60%",100,4.6,0.0460512099684839
2026-09-29,2026-01-06,"4.85%",125,4.85,0
2026-09-29,2026-01-06,"5.10%",150,5.1,0
2026-09-29,2026-01-06,"5.35%",175,5.35,0
2026-09-29,2026-01-06,"5.60%",200,5.6,0
2026-09-29,2026-01-06,"5.85%",225,5.85,0
2026-09-29,2026-01-06,"6.10%",250,6.1,0
2026-09-29,2026-01-07,"0.10%",-300,0.1,0
2026-09-29,2026-01-07,"0.35%",-300,0.35,0
2026-09-29,2026-01-07,"0.60%",-300,0.6,0
2026-09-29,2026-01-07,"0.85%",-275,0.85,0
2026-09-29,2026-01-07,"1.10%",-250,1.1,0
2026-09-29,2026-01-07,"1.35%",-225,1.35,0
2026-09-29,2026-01-07,"1.60%",-200,1.6,0
2026-09-29,2026-01-07,"1.85%",-175,1.85,0
2026-09-29,2026-01-07,"2.10%",-150,2.1,0
2026-09-29,2026-01-07,"2.35%",-125,2.35,0
2026-09-29,2026-01-07,"2.60%",-100,2.6,0
2026-09-29,2026-01-07,"2.85%",-75,2.85,0
2026-09-29,2026-01-07,"3.10%",-50,3.1,0
2026-09-29,2026-01-07,"3.35%",-25,3.35,0.0601478961878457
2026-09-29,2026-01-07,"3.60%",0,3.6,0.203926988612448
2026-09-29,2026-01-07,"3.85%",25,3.85,0.336907294589583
2026-09-29,2026-01-07,"4.10%",50,4.1,0.271699645477392
2026-09-29,2026-01-07,"4.35%",75,4.35,0.106875636770883
2026-09-29,2026-01-07,"4.60%",100,4.6,0.0204425383618479
2026-09-29,2026-01-07,"4.85%",125,4.85,0
2026-09-29,2026-01-07,"5.10%",150,5.1,0
2026-09-29,2026-01-07,"5.35%",175,5.35,0
2026-09-29,2026-01-07,"5.60%",200,5.6,0
2026-09-29,2026-01-07,"5.85%",225,5.85,0
2026-09-29,2026-01-07,"6.10%",250,6.1,0
2026-09-29,2026-01-08,"0.10%",-300,0.1,0
2026-09-29,2026-01-08,"0.35%",-300,0.35,0
2026-09-29,2026-01-08,"0.60%",-300,0.6,0
2026-09-29,2026-01-08,"0.85%",-275,0.85,0
2026-09-29,2026-01-08,"1.10%",-250,1.1,0
2026-09-29,2026-01-08,"1.35%",-225,1.35,0
2026-09-29,2026-01-08,"1.60%",-200,1.6,0
2026-09-29,2026-01-08,"1.85%",-175,1.85,0
2026-09-29,2026-01-08,"2.10%",-150,2.1,0
2026-09-29,2026-01-08,"2.35%",-125,2.35,0
2026-09-29,2026-01-08,"2.60%",-100,2.6,0
2026-09-29,2026-01-08,"2.85%",-75,2.85,0
2026-09-29,2026-01-08,"3.10%",-50,3.1,0
2026-09-29,2026-01-08,"3.35%",-25,3.35,0.0627861706209539
2026-09-29,2026-01-08,"3.60%",0,3.6,0.207580740187682
2026-09-29,2026-01-08,"3.85%",25,3.85,0.336595757690948
2026-09-29,2026-01-08,"4.10%",50,4.1,0.268128426758094
2026-09-29,2026-01-08,"4.35%",75,4.35,0.104845204127472
2026-09-29,2026-01-08,"4.60%",100,4.6,0.0200637006148499
2026-09-29,2026-01-08,"4.85%",125,4.85,0
2026-09-29,2026-01-08,"5.10%",150,5.1,0
2026-09-29,2026-01-08,"5.35%",175,5.35,0
2026-09-29,2026-01-08,"5.60%",200,5.6,0
2026-09-29,2026-01-08,"5.85%",225,5.85,0
2026-09-29,2026-01-08,"6.10%",250,6.1,0
2026-09-29,2026-01-09,"0.10%",-300,0.1,0
2026-09-29,2026-01-09,"0.35%",-300,0.35,0
2026-09-29,2026-01-09,"0.60%",-300,0.6,0
2026-09-29,2026-01-09,"0.85%",-275,0.85,0
2026-09-29,2026-01-09,"1.10%",-250,1.1,0
2026-09-29,2026-01-09,"1.35%",-225,1.35,0
2026-09-29,2026-01-09,"1.60%",-200,1.6,0
2026-09-29,2026-01-09,"1.85%",-175,1.85,0
2026-09-29,2026-01-09,"2.10%",-150,2.1,0
2026-09-29,2026-01-09,"2.35%",-125,2.35,0
2026-09-29,2026-01-09,"2.60%",-100,2.6,0
2026-09-29,2026-01-09,"2.85%",-75,2.85,0
2026-09-29,2026-01-09,"3.10%",-50,3.1,0
2026-09-29,2026-01-09,"3.35%",-25,3.35,0.0445084463306882
2026-09-29,2026-01-09,"3.60%",0,3.6,0.203251052846664
2026-09-29,2026-01-09,"3.85%",25,3.85,0.375206352681575
2026-09-29,2026-01-09,"4.10%",50,4.1,0.28121477351392
2026-09-29,2026-01-09,"4.35%",75,4.35,0.0853942447008254
2026-09-29,2026-01-09,"4.60%",100,4.6,0.0104251299263279
2026-09-29,2026-01-09,"4.85%",125,4.85,0
2026-09-29,2026-01-09,"5.10%",150,5.1,0
2026-09-29,2026-01-09,"5.35%",175,5.35,0
2026-09-29,2026-01-09,"5.60%",200,5.6,0
2026-09-29,2026-01-09,"5.85%",225,5.85,0
2026-09-29,2026-01-09,"6.10%",250,6.1,0
2026-09-29,2026-01-10,"0.10%",-300,0.1,0
2026-09-29,2026-01-10,"0.35%",-300,0.35,0
2026-09-29,2026-01-10,"0.60%",-300,0.6,0
2026-09-29,2026-01-10,"0.85%",-275,0.85,0
2026-09-29,2026-01-10,"1.10%",-250,1.1,0
2026-09-29,2026-01-10,"1.35%",-225,1.35,0
2026-09-29,2026-01-10,"1.60%",-200,1.6,0
2026-09-29,2026-01-10,"1.85%",-175,1.85,0
2026-09-29,2026-01-10,"2.10%",-150,2.1,0
2026-09-29,2026-01-10,"2.35%",-125,2.35,0
2026-09-29,2026-01-10,"2.60%",-100,2.6,0
2026-09-29,2026-01-10,"2.85%",-75,2.85,0
2026-09-29,2026-01-10,"3.10%",-50,3.1,0
2026-09-29,2026-01-10,"3.35%",-25,3.35,0.0451183737564707
2026-09-29,2026-01-10,"3.60%",0,3.6,0.203491544651082
2026-09-29,2026-01-10,"3.85%",25,3.85,0.373786155150812
2026-09-29,2026-01-10,"4.10%",50,4.1,0.280805754244503
2026-09-29,2026-01-10,"4.35%",75,4.35,0.0861026844443983
2026-09-29,2026-01-10,"4.60%",100,4.6,0.0106954877527345
2026-09-29,2026-01-10,"4.85%",125,4.85,0
2026-09-29,2026-01-10,"5.10%",150,5.1,0
2026-09-29,2026-01-10,"5.35%",175,5.35,0
2026-09-29,2026-01-10,"5.60%",200,5.6,0
2026-09-29,2026-01-10,"5.85%",225,5.85,0
2026-09-29,2026-01-10,"6.10%",250,6.1,0
2026-09-29,2026-01-11,"0.10%",-300,0.1,0
2026-09-29,2026-01-11,"0.35%",-300,0.35,0
2026-09-29,2026-01-11,"0.60%",-300,0.6,0
2026-09-29,2026-01-11,"0.85%",-275,0.85,0
2026-09-29,2026-01-11,"1.10%",-250,1.1,0
2026-09-29,2026-01-11,"1.35%",-225,1.35,0
2026-09-29,2026-01-11,"1.60%",-200,1.6,0
2026-09-29,2026-01-11,"1.85%",-175,1.85,0
2026-09-29,2026-01-11,"2.10%",-150,2.1,0
2026-09-29,2026-01-11,"2.35%",-125,2.35,0
2026-09-29,2026-01-11,"2.60%",-100,2.6,0
2026-09-29,2026-01-11,"2.85%",-75,2.85,0
2026-09-29,2026-01-11,"3.10%",-50,3.1,0
2026-09-29,2026-01-11,"3.35%",-25,3.35,0.0439690151168599
2026-09-29,2026-01-11,"3.60%",0,3.6,0.199424683352369
2026-09-29,2026-01-11,"3.85%",25,3.85,0.371050913398293
2026-09-29,2026-01-11,"4.10%",50,4.1,0.28439493364619
2026-09-29,2026-01-11,"4.35%",75,4.35,0.0896287294601519
2026-09-29,2026-01-11,"4.60%",100,4.6,0.0115317250261359
2026-09-29,2026-01-11,"4.85%",125,4.85,0
2026-09-29,2026-01-11,"5.10%",150,5.1,0
2026-09-29,2026-01-11,"5.35%",175,5.35,0
2026-09-29,2026-01-11,"5.60%",200,5.6,0
2026-09-29,2026-01-11,"5.85%",225,5.85,0
2026-09-29,2026-01-11,"6.10%",250,6.1,0
2026-09-29,2026-01-12,"0.10%",-300,0.1,0
2026-09-29,2026-01-12,"0.35%",-300,0.35,0
2026-09-29,2026-01-12,"0.60%",-300,0.6,0
2026-09-29,2026-01-12,"0.85%",-275,0.85,0
2026-09-29,2026-01-12,"1.10%",-250,1.1,0
2026-09-29,2026-01-12,"1.35%",-225,1.35,0
2026-09-29,2026-01-12,"1.60%",-200,1.6,0
2026-09-29,2026-01-12,"1.85%",-175,1.85,0
2026-09-29,2026-01-12,"2.10%",-150,2.1,0
2026-09-29,2026-01-12,"2.35%",-125,2.35,0
2026-09-29,2026-01-12,"2.60%",-100,2.6,0
2026-09-29,2026-01-12,"2.85%",-75,2.85,0
2026-09-29,2026-01-12,"3.10%",-50,3.1,0
2026-09-29,2026-01-12,"3.35%",-25,3.35,0.0463371517626242
2026-09-29,2026-01-12,"3.60%",0,3.6,0.203948734006801
2026-09-29,2026-01-12,"3.85%",25,3.85,0.370981782391932
2026-09-29,2026-01-12,"4.10%",50,4.1,0.27998166825963
2026-09-29,2026-01-12,"4.35%",75,4.35,0.087504573519178
2026-09-29,2026-01-12,"4.60%",100,4.6,0.0112460900598341
2026-09-29,2026-01-12,"4.85%",125,4.85,0
2026-09-29,2026-01-12,"5.10%",150,5.1,0
2026-09-29,2026-01-12,"5.35%",175,5.35,0
2026-09-29,2026-01-12,"5.60%",200,5.6,0
2026-09-29,2026-01-12,"5.85%",225,5.85,0
2026-09-29,2026-01-12,"6.10%",250,6.1,0
2026-09-29,2026-01-13,"0.10%",-300,0.1,0
2026-09-29,2026-01-13,"0.35%",-300,0.35,0
2026-09-29,2026-01-13,"0.60%",-300,0.6,0
2026-09-29,2026-01-13,"0.85%",-275,0.85,0
2026-09-29,2026-01-13,"1.10%",-250,1.1,0
2026-09-29,2026-01-13,"1.35%",-225,1.35,0
2026-09-29,2026-01-13,"1.60%",-200,1.6,0
2026-09-29,2026-01-13,"1.85%",-175,1.85,0
2026-09-29,2026-01-13,"2.10%",-150,2.1,0
2026-09-29,2026-01-13,"2.35%",-125,2.35,0
2026-09-29,2026-01-13,"2.60%",-100,2.6,0
2026-09-29,2026-01-13,"2.85%",-75,2.85,0
2026-09-29,2026-01-13,"3.10%",-50,3.1,0
2026-09-29,2026-01-13,"3.35%",-25,3.35,0.0569927642684776
2026-09-29,2026-01-13,"3.60%",0,3.6,0.206782070382138
2026-09-29,2026-01-13,"3.85%",25,3.85,0.348076732609044
2026-09-29,2026-01-13,"4.10%",50,4.1,0.272442076087022
2026-09-29,2026-01-13,"4.35%",75,4.35,0.0990482549889801
2026-09-29,2026-01-13,"4.60%",100,4.6,0.0166581016643391
2026-09-29,2026-01-13,"4.85%",125,4.85,0
2026-09-29,2026-01-13,"5.10%",150,5.1,0
2026-09-29,2026-01-13,"5.35%",175,5.35,0
2026-09-29,2026-01-13,"5.60%",200,5.6,0
2026-09-29,2026-01-13,"5.85%",225,5.85,0
2026-09-29,2026-01-13,"6.10%",250,6.1,0
2026-09-29,2026-01-14,"0.10%",-300,0.1,0
2026-09-29,2026-01-14,"0.35%",-300,0.35,0
2026-09-29,2026-01-14,"0.60%",-300,0.6,0
2026-09-29,2026-01-14,"0.85%",-275,0.85,0
2026-09-29,2026-01-14,"1.10%",-250,1.1,0
2026-09-29,2026-01-14,"1.35%",-225,1.35,0
2026-09-29,2026-01-14,"1.60%",-200,1.6,0
2026-09-29,2026-01-14,"1.85%",-175,1.85,0
2026-09-29,2026-01-14,"2.10%",-150,2.1,0
2026-09-29,2026-01-14,"2.35%",-125,2.35,0
2026-09-29,2026-01-14,"2.60%",-100,2.6,0
2026-09-29,2026-01-14,"2.85%",-75,2.85,0
2026-09-29,2026-01-14,"3.10%",-50,3.1,0
2026-09-29,2026-01-14,"3.35%",-25,3.35,0.0523754347944384
2026-09-29,2026-01-14,"3.60%",0,3.6,0.218967388855886
2026-09-29,2026-01-14,"3.85%",25,3.85,0.378056557788558
2026-09-29,2026-01-14,"4.10%",50,4.1,0.270539317668032
2026-09-29,2026-01-14,"4.35%",75,4.35,0.0800613008930853
2026-09-29,2026-01-14,"4.60%",100,4.6,0
2026-09-29,2026-01-14,"4.85%",125,4.85,0
2026-09-29,2026-01-14,"5.10%",150,5.1,0
2026-09-29,2026-01-14,"5.35%",175,5.35,0
2026-09-29,2026-01-14,"5.60%",200,5.6,0
2026-09-29,2026-01-14,"5.85%",225,5.85,0
2026-09-29,2026-01-14,"6.10%",250,6.1,0
2026-09-29,2026-01-15,"0.10%",-300,0.1,0
2026-09-29,2026-01-15,"0.35%",-300,0.35,0
2026-09-29,2026-01-15,"0.60%",-300,0.6,0
2026-09-29,2026-01-15,"0.85%",-275,0.85,0
2026-09-29,2026-01-15,"1.10%",-250,1.1,0
2026-09-29,2026-01-15,"1.35%",-225,1.35,0
2026-09-29,2026-01-15,"1.60%",-200,1.6,0
2026-09-29,2026-01-15,"1.85%",-175,1.85,0
2026-09-29,2026-01-15,"2.10%",-150,2.1,0
2026-09-29,2026-01-15,"2.35%",-125,2.35,0
2026-09-29,2026-01-15,"2.60%",-100,2.6,0
2026-09-29,2026-01-15,"2.85%",-75,2.85,0
2026-09-29,2026-01-15,"3.10%",-50,3.1,0
2026-09-29,2026-01-15,"3.35%",-25,3.35,0.0442729433789446
2026-09-29,2026-01-15,"3.60%",0,3.6,0.196073170286303
2026-09-29,2026-01-15,"3.85%",25,3.85,0.364988011722819
2026-09-29,2026-01-15,"4.10%",50,4.1,0.286670398815733
2026-09-29,2026-01-15,"4.35%",75,4.35,0.0948563456247008
2026-09-29,2026-01-15,"4.60%",100,4.6,0.0131391301714993
2026-09-29,2026-01-15,"4.85%",125,4.85,0
2026-09-29,2026-01-15,"5.10%",150,5.1,0
2026-09-29,2026-01-15,"5.35%",175,5.35,0
2026-09-29,2026-01-15,"5.60%",200,5.6,0
2026-09-29,2026-01-15,"5.85%",225,5.85,0
2026-09-29,2026-01-15,"6.10%",250,6.1,0
2026-09-29,2026-01-16,"0.10%",-300,0.1,0
2026-09-29,2026-01-16,"0.35%",-300,0.35,0
2026-09-29,2026-01-16,"0.60%",-300,0.6,0
2026-09-29,2026-01-16,"0.85%",-275,0.85,0
2026-09-29,2026-01-16,"1.10%",-250,1.1,0
2026-09-29,2026-01-16,"1.35%",-225,1.35,0
2026-09-29,2026-01-16,"1.60%",-200,1.6,0
2026-09-29,2026-01-16,"1.85%",-175,1.85,0
2026-09-29,2026-01-16,"2.10%",-150,2.1,0
2026-09-29,2026-01-16,"2.35%",-125,2.35,0
2026-09-29,2026-01-16,"2.60%",-100,2.6,0
2026-09-29,2026-01-16,"2.85%",-75,2.85,0
2026-09-29,2026-01-16,"3.10%",-50,3.1,0
2026-09-29,2026-01-16,"3.35%",-25,3.35,0.0287843435209843
2026-09-29,2026-01-16,"3.60%",0,3.6,0.187036988033506
2026-09-29,2026-01-16,"3.85%",25,3.85,0.407815708964172
2026-09-29,2026-01-16,"4.10%",50,4.1,0.301259047654048
2026-09-29,2026-01-16,"4.35%",75,4.35,0.075103911827289
2026-09-29,2026-01-16,"4.60%",100,4.6,0
2026-09-29,2026-01-16,"4.85%",125,4.85,0
2026-09-29,2026-01-16,"5.10%",150,5.1,0
2026-09-29,2026-01-16,"5.35%",175,5.35,0
2026-09-29,2026-01-16,"5.60%",200,5.6,0
2026-09-29,2026-01-16,"5.85%",225,5.85,0
2026-09-29,2026-01-16,"6.10%",250,6.1,0
2026-09-29,2026-01-17,"0.10%",-300,0.1,0
2026-09-29,2026-01-17,"0.35%",-300,0.35,0
2026-09-29,2026-01-17,"0.60%",-300,0.6,0
2026-09-29,2026-01-17,"0.85%",-275,0.85,0
2026-09-29,2026-01-17,"1.10%",-250,1.1,0
2026-09-29,2026-01-17,"1.35%",-225,1.35,0
2026-09-29,2026-01-17,"1.60%",-200,1.6,0
2026-09-29,2026-01-17,"1.85%",-175,1.85,0
2026-09-29,2026-01-17,"2.10%",-150,2.1,0
2026-09-29,2026-01-17,"2.35%",-125,2.35,0
2026-09-29,2026-01-17,"2.60%",-100,2.6,0
2026-09-29,2026-01-17,"2.85%",-75,2.85,0
2026-09-29,2026-01-17,"3.10%",-50,3.1,0
2026-09-29,2026-01-17,"3.35%",-25,3.35,0.0293611416638732
2026-09-29,2026-01-17,"3.60%",0,3.6,0.187595979846993
2026-09-29,2026-01-17,"3.85%",25,3.85,0.406214508254622
2026-09-29,2026-01-17,"4.10%",50,4.1,0.300881344410116
2026-09-29,2026-01-17,"4.35%",75,4.35,0.0759470258243955
2026-09-29,2026-01-17,"4.60%",100,4.6,0
2026-09-29,2026-01-17,"4.85%",125,4.85,0
2026-09-29,2026-01-17,"5.10%",150,5.1,0
2026-09-29,2026-01-17,"5.35%",175,5.35,0
2026-09-29,2026-01-17,"5.60%",200,5.6,0
2026-09-29,2026-01-17,"5.85%",225,5.85,0
2026-09-29,2026-01-17,"6.10%",250,6.1,0
2026-09-29,2026-01-18,"0.10%",-300,0.1,0
2026-09-29,2026-01-18,"0.35%",-300,0.35,0
2026-09-29,2026-01-18,"0.60%",-300,0.6,0
2026-09-29,2026-01-18,"0.85%",-275,0.85,0
2026-09-29,2026-01-18,"1.10%",-250,1.1,0
2026-09-29,2026-01-18,"1.35%",-225,1.35,0
2026-09-29,2026-01-18,"1.60%",-200,1.6,0
2026-09-29,2026-01-18,"1.85%",-175,1.85,0
2026-09-29,2026-01-18,"2.10%",-150,2.1,0
2026-09-29,2026-01-18,"2.35%",-125,2.35,0
2026-09-29,2026-01-18,"2.60%",-100,2.6,0
2026-09-29,2026-01-18,"2.85%",-75,2.85,0
2026-09-29,2026-01-18,"3.10%",-50,3.1,0
2026-09-29,2026-01-18,"3.35%",-25,3.35,0.0259332917129575
2026-09-29,2026-01-18,"3.60%",0,3.6,0.17387670443975
2026-09-29,2026-01-18,"3.85%",25,3.85,0.398646737624842
2026-09-29,2026-01-18,"4.10%",50,4.1,0.315552500449357
2026-09-29,2026-01-18,"4.35%",75,4.35,0.0859907657730943
2026-09-29,2026-01-18,"4.60%",100,4.6,0
2026-09-29,2026-01-18,"4.85%",125,4.85,0
2026-09-29,2026-01-18,"5.10%",150,5.1,0
2026-09-29,2026-01-18,"5.35%",175,5.35,0
2026-09-29,2026-01-18,"5.60%",200,5.6,0
2026-09-29,2026-01-18,"5.85%",225,5.85,0
2026-09-29,2026-01-18,"6.10%",250,6.1,0
2026-09-29,2026-01-19,"0.10%",-300,0.1,0
2026-09-29,2026-01-19,"0.35%",-300,0.35,0
2026-09-29,2026-01-19,"0.60%",-300,0.6,0
2026-09-29,2026-01-19,"0.85%",-275,0.85,0
2026-09-29,2026-01-19,"1.10%",-250,1.1,0
2026-09-29,2026-01-19,"1.35%",-225,1.35,0
2026-09-29,2026-01-19,"1.60%",-200,1.6,0
2026-09-29,2026-01-19,"1.85%",-175,1.85,0
2026-09-29,2026-01-19,"2.10%",-150,2.1,0
2026-09-29,2026-01-19,"2.35%",-125,2.35,0
2026-09-29,2026-01-19,"2.60%",-100,2.6,0
2026-09-29,2026-01-19,"2.85%",-75,2.85,0
2026-09-29,2026-01-19,"3.10%",-50,3.1,0
2026-09-29,2026-01-19,"3.35%",-25,3.35,0.0204906005901538
2026-09-29,2026-01-19,"3.60%",0,3.6,0.150351534721376
2026-09-29,2026-01-19,"3.85%",25,3.85,0.38036889445373
2026-09-29,2026-01-19,"4.10%",50,4.1,0.335214085114888
2026-09-29,2026-01-19,"4.35%",75,4.35,0.102755628073591
2026-09-29,2026-01-19,"4.60%",100,4.6,0.0108192570462618
2026-09-29,2026-01-19,"4.85%",125,4.85,0
2026-09-29,2026-01-19,"5.10%",150,5.1,0
2026-09-29,2026-01-19,"5.35%",175,5.35,0
2026-09-29,2026-01-19,"5.60%",200,5.6,0
2026-09-29,2026-01-19,"5.85%",225,5.85,0
2026-09-29,2026-01-19,"6.10%",250,6.1,0
2026-09-29,2026-01-20,"0.10%",-300,0.1,0
2026-09-29,2026-01-20,"0.35%",-300,0.35,0
2026-09-29,2026-01-20,"0.60%",-300,0.6,0
2026-09-29,2026-01-20,"0.85%",-275,0.85,0
2026-09-29,2026-01-20,"1.10%",-250,1.1,0
2026-09-29,2026-01-20,"1.35%",-225,1.35,0
2026-09-29,2026-01-20,"1.60%",-200,1.6,0
2026-09-29,2026-01-20,"1.85%",-175,1.85,0
2026-09-29,2026-01-20,"2.10%",-150,2.1,0
2026-09-29,2026-01-20,"2.35%",-125,2.35,0
2026-09-29,2026-01-20,"2.60%",-100,2.6,0
2026-09-29,2026-01-20,"2.85%",-75,2.85,0
2026-09-29,2026-01-20,"3.10%",-50,3.1,0
2026-09-29,2026-01-20,"3.35%",-25,3.35,0.0291074499216332
2026-09-29,2026-01-20,"3.60%",0,3.6,0.169585620827392
2026-09-29,2026-01-20,"3.85%",25,3.85,0.374059629072122
2026-09-29,2026-01-20,"4.10%",50,4.1,0.314485927992672
2026-09-29,2026-01-20,"4.35%",75,4.35,0.100621790411806
2026-09-29,2026-01-20,"4.60%",100,4.6,0.0121395817743748
2026-09-29,2026-01-20,"4.85%",125,4.85,0
2026-09-29,2026-01-20,"5.10%",150,5.1,0
2026-09-29,2026-01-20,"5.35%",175,5.35,0
2026-09-29,2026-01-20,"5.60%",200,5.6,0
2026-09-29,2026-01-20,"5.85%",225,5.85,0
2026-09-29,2026-01-20,"6.10%",250,6.1,0
2026-09-29,2026-01-21,"0.10%",-300,0.1,0
2026-09-29,2026-01-21,"0.35%",-300,0.35,0
2026-09-29,2026-01-21,"0.60%",-300,0.6,0
2026-09-29,2026-01-21,"0.85%",-275,0.85,0
2026-09-29,2026-01-21,"1.10%",-250,1.1,0
2026-09-29,2026-01-21,"1.35%",-225,1.35,0
2026-09-29,2026-01-21,"1.60%",-200,1.6,0
2026-09-29,2026-01-21,"1.85%",-175,1.85,0
2026-09-29,2026-01-21,"2.10%",-150,2.1,0
2026-09-29,2026-01-21,"2.35%",-125,2.35,0
2026-09-29,2026-01-21,"2.60%",-100,2.6,0
2026-09-29,2026-01-21,"2.85%",-75,2.85,0
2026-09-29,2026-01-21,"3.10%",-50,3.1,0
2026-09-29,2026-01-21,"3.35%",-25,3.35,0
2026-09-29,2026-01-21,"3.60%",0,3.6,0.0692045384328583
2026-09-29,2026-01-21,"3.85%",25,3.85,0.317687191648918
2026-09-29,2026-01-21,"4.10%",50,4.1,0.426087699950642
2026-09-29,2026-01-21,"4.35%",75,4.35,0.167901523070447
2026-09-29,2026-01-21,"4.60%",100,4.6,0.0191190468971337
2026-09-29,2026-01-21,"4.85%",125,4.85,0
2026-09-29,2026-01-21,"5.10%",150,5.1,0
2026-09-29,2026-01-21,"5.35%",175,5.35,0
2026-09-29,2026-01-21,"5.60%",200,5.6,0
2026-09-29,2026-01-21,"5.85%",225,5.85,0
2026-09-29,2026-01-21,"6.10%",250,6.1,0
2026-09-29,2026-01-22,"0.10%",-300,0.1,0
2026-09-29,2026-01-22,"0.35%",-300,0.35,0
2026-09-29,2026-01-22,"0.60%",-300,0.6,0
2026-09-29,2026-01-22,"0.85%",-275,0.85,0
2026-09-29,2026-01-22,"1.10%",-250,1.1,0
2026-09-29,2026-01-22,"1.35%",-225,1.35,0
2026-09-29,2026-01-22,"1.60%",-200,1.6,0
2026-09-29,2026-01-22,"1.85%",-175,1.85,0
2026-09-29,2026-01-22,"2.10%",-150,2.1,0
2026-09-29,2026-01-22,"2.35%",-125,2.35,0
2026-09-29,2026-01-22,"2.60%",-100,2.6,0
2026-09-29,2026-01-22,"2.85%",-75,2.85,0
2026-09-29,2026-01-22,"3.10%",-50,3.1,0
2026-09-29,2026-01-22,"3.35%",-25,3.35,0
2026-09-29,2026-01-22,"3.60%",0,3.6,0.0777497378086689
2026-09-29,2026-01-22,"3.85%",25,3.85,0.313374558810702
2026-09-29,2026-01-22,"4.10%",50,4.1,0.410027282888926
2026-09-29,2026-01-22,"4.35%",75,4.35,0.174834673616789
2026-09-29,2026-01-22,"4.60%",100,4.6,0.0240137468749137
2026-09-29,2026-01-22,"4.85%",125,4.85,0
2026-09-29,2026-01-22,"5.10%",150,5.1,0
2026-09-29,2026-01-22,"5.35%",175,5.35,0
2026-09-29,2026-01-22,"5.60%",200,5.6,0
2026-09-29,2026-01-22,"5.85%",225,5.85,0
2026-09-29,2026-01-22,"6.10%",250,6.1,0
