"meeting_date","scrape_date","move","diff_bps","bucket_rate","probability"
2025-12-09,2024-07-01,"0.10%",-300,0.1,0
2025-12-09,2024-07-01,"0.35%",-300,0.35,0
2025-12-09,2024-07-01,"0.60%",-300,0.6,0
2025-12-09,2024-07-01,"0.85%",-275,0.85,0
2025-12-09,2024-07-01,"1.10%",-250,1.1,0
2025-12-09,2024-07-01,"1.35%",-225,1.35,0
2025-12-09,2024-07-01,"1.60%",-200,1.6,0
2025-12-09,2024-07-01,"1.85%",-175,1.85,0
2025-12-09,2024-07-01,"2.10%",-150,2.1,0
2025-12-09,2024-07-01,"2.35%",-125,2.35,0
2025-12-09,2024-07-01,"2.60%",-100,2.6,0
2025-12-09,2024-07-01,"2.85%",-75,2.85,0.020480203858037
2025-12-09,2024-07-01,"3.10%",-50,3.1,0.0449045168418585
2025-12-09,2024-07-01,"3.35%",-25,3.35,0.082262681085499
2025-12-09,2024-07-01,"3.60%",0,3.6,0.125917364023241
2025-12-09,2024-07-01,"3.85%",25,3.85,0.161045091559006
2025-12-09,2024-07-01,"4.10%",50,4.1,0.172105132317792
2025-12-09,2024-07-01,"4.35%",75,4.35,0.153683082273188
2025-12-09,2024-07-01,"4.60%",100,4.6,0.114667868946326
2025-12-09,2024-07-01,"4.85%",125,4.85,0.0714882226391306
2025-12-09,2024-07-01,"5.10%",150,5.1,0.0372386723707429
2025-12-09,2024-07-01,"5.35%",175,5.35,0.0162071640851799
2025-12-09,2024-07-01,"5.60%",200,5.6,0
2025-12-09,2024-07-01,"5.85%",225,5.85,0
2025-12-09,2024-07-01,"6.10%",250,6.1,0
2025-12-09,2024-07-02,"0.10%",-300,0.1,0
2025-12-09,2024-07-02,"0.35%",-300,0.35,0
2025-12-09,2024-07-02,"0.60%",-300,0.6,0
2025-12-09,2024-07-02,"0.85%",-275,0.85,0
2025-12-09,2024-07-02,"1.10%",-250,1.1,0
2025-12-09,2024-07-02,"1.35%",-225,1.35,0
2025-12-09,2024-07-02,"1.60%",-200,1.6,0
2025-12-09,2024-07-02,"1.85%",-175,1.85,0
2025-12-09,2024-07-02,"2.10%",-150,2.1,0
2025-12-09,2024-07-02,"2.35%",-125,2.35,0
2025-12-09,2024-07-02,"2.60%",-100,2.6,0
2025-12-09,2024-07-02,"2.85%",-75,2.85,0.0188757583973274
2025-12-09,2024-07-02,"3.10%",-50,3.1,0.042127138742965
2025-12-09,2024-07-02,"3.35%",-25,3.35,0.078518117143081
2025-12-09,2024-07-02,"3.60%",0,3.6,0.122219767449107
2025-12-09,2024-07-02,"3.85%",25,3.85,0.158886241758772
2025-12-09,2024-07-02,"4.10%",50,4.1,0.172508359918791
2025-12-09,2024-07-02,"4.35%",75,4.35,0.15642812020455
2025-12-09,2024-07-02,"4.60%",100,4.6,0.118467214712918
2025-12-09,2024-07-02,"4.85%",125,4.85,0.074929720358706
2025-12-09,2024-07-02,"5.10%",150,5.1,0.0395797184594346
2025-12-09,2024-07-02,"5.35%",175,5.35,0.0174598428543484
2025-12-09,2024-07-02,"5.60%",200,5.6,0
2025-12-09,2024-07-02,"5.85%",225,5.85,0
2025-12-09,2024-07-02,"6.10%",250,6.1,0
2025-12-09,2024-07-03,"0.10%",-300,0.1,0
2025-12-09,2024-07-03,"0.35%",-300,0.35,0
2025-12-09,2024-07-03,"0.60%",-300,0.6,0
2025-12-09,2024-07-03,"0.85%",-275,0.85,0
2025-12-09,2024-07-03,"1.10%",-250,1.1,0
2025-12-09,2024-07-03,"1.35%",-225,1.35,0
2025-12-09,2024-07-03,"1.60%",-200,1.6,0
2025-12-09,2024-07-03,"1.85%",-175,1.85,0
2025-12-09,2024-07-03,"2.10%",-150,2.1,0
2025-12-09,2024-07-03,"2.35%",-125,2.35,0
2025-12-09,2024-07-03,"2.60%",-100,2.6,0
2025-12-09,2024-07-03,"2.85%",-75,2.85,0.0136755980778786
2025-12-09,2024-07-03,"3.10%",-50,3.1,0.0345477985397428
2025-12-09,2024-07-03,"3.35%",-25,3.35,0.0711482563129742
2025-12-09,2024-07-03,"3.60%",0,3.6,0.119453902549638
2025-12-09,2024-07-03,"3.85%",25,3.85,0.163510255251766
2025-12-09,2024-07-03,"4.10%",50,4.1,0.182477061907272
2025-12-09,2024-07-03,"4.35%",75,4.35,0.166032739148369
2025-12-09,2024-07-03,"4.60%",100,4.6,0.123168118822016
2025-12-09,2024-07-03,"4.85%",125,4.85,0.0744924798872889
2025-12-09,2024-07-03,"5.10%",150,5.1,0.0367299380325606
2025-12-09,2024-07-03,"5.35%",175,5.35,0.0147638514704933
2025-12-09,2024-07-03,"5.60%",200,5.6,0
2025-12-09,2024-07-03,"5.85%",225,5.85,0
2025-12-09,2024-07-03,"6.10%",250,6.1,0
2025-12-09,2024-07-04,"0.10%",-300,0.1,0
2025-12-09,2024-07-04,"0.35%",-300,0.35,0
2025-12-09,2024-07-04,"0.60%",-300,0.6,0
2025-12-09,2024-07-04,"0.85%",-275,0.85,0
2025-12-09,2024-07-04,"1.10%",-250,1.1,0
2025-12-09,2024-07-04,"1.35%",-225,1.35,0
2025-12-09,2024-07-04,"1.60%",-200,1.6,0
2025-12-09,2024-07-04,"1.85%",-175,1.85,0
2025-12-09,2024-07-04,"2.10%",-150,2.1,0
2025-12-09,2024-07-04,"2.35%",-125,2.35,0
2025-12-09,2024-07-04,"2.60%",-100,2.6,0
2025-12-09,2024-07-04,"2.85%",-75,2.85,0.0111380572506639
2025-12-09,2024-07-04,"3.10%",-50,3.1,0.0310617346684598
2025-12-09,2024-07-04,"3.35%",-25,3.35,0.0689539438706999
2025-12-09,2024-07-04,"3.60%",0,3.6,0.121855148272107
2025-12-09,2024-07-04,"3.85%",25,3.85,0.171437203512025
2025-12-09,2024-07-04,"4.10%",50,4.1,0.192025082876307
2025-12-09,2024-07-04,"4.35%",75,4.35,0.171240963294564
2025-12-09,2024-07-04,"4.60%",100,4.6,0.121576323937239
2025-12-09,2024-07-04,"4.85%",125,4.85,0.0687173924047636
2025-12-09,2024-07-04,"5.10%",150,5.1,0.0309197199011464
2025-12-09,2024-07-04,"5.35%",175,5.35,0.0110744300120244
2025-12-09,2024-07-04,"5.60%",200,5.6,0
2025-12-09,2024-07-04,"5.85%",225,5.85,0
2025-12-09,2024-07-04,"6.10%",250,6.1,0
2025-12-09,2024-07-05,"0.10%",-300,0.1,0
2025-12-09,2024-07-05,"0.35%",-300,0.35,0
2025-12-09,2024-07-05,"0.60%",-300,0.6,0
2025-12-09,2024-07-05,"0.85%",-275,0.85,0
2025-12-09,2024-07-05,"1.10%",-250,1.1,0
2025-12-09,2024-07-05,"1.35%",-225,1.35,0
2025-12-09,2024-07-05,"1.60%",-200,1.6,0
2025-12-09,2024-07-05,"1.85%",-175,1.85,0
2025-12-09,2024-07-05,"2.10%",-150,2.1,0
2025-12-09,2024-07-05,"2.35%",-125,2.35,0
2025-12-09,2024-07-05,"2.60%",-100,2.6,0
2025-12-09,2024-07-05,"2.85%",-75,2.85,0.0175394488533432
2025-12-09,2024-07-05,"3.10%",-50,3.1,0.0400880834140642
2025-12-09,2024-07-05,"3.35%",-25,3.35,0.0762382430932531
2025-12-09,2024-07-05,"3.60%",0,3.6,0.120643316885163
2025-12-09,2024-07-05,"3.85%",25,3.85,0.158860905989866
2025-12-09,2024-07-05,"4.10%",50,4.1,0.174068660301212
2025-12-09,2024-07-05,"4.35%",75,4.35,0.15871430259402
2025-12-09,2024-07-05,"4.60%",100,4.6,0.120420744385978
2025-12-09,2024-07-05,"4.85%",125,4.85,0.0760273553734316
2025-12-09,2024-07-05,"5.10%",150,5.1,0.0399402887213079
2025-12-09,2024-07-05,"5.35%",175,5.35,0.0174586503883611
2025-12-09,2024-07-05,"5.60%",200,5.6,0
2025-12-09,2024-07-05,"5.85%",225,5.85,0
2025-12-09,2024-07-05,"6.10%",250,6.1,0
2025-12-09,2024-07-08,"0.10%",-300,0.1,0
2025-12-09,2024-07-08,"0.35%",-300,0.35,0
2025-12-09,2024-07-08,"0.60%",-300,0.6,0
2025-12-09,2024-07-08,"0.85%",-275,0.85,0
2025-12-09,2024-07-08,"1.10%",-250,1.1,0
2025-12-09,2024-07-08,"1.35%",-225,1.35,0
2025-12-09,2024-07-08,"1.60%",-200,1.6,0
2025-12-09,2024-07-08,"1.85%",-175,1.85,0
2025-12-09,2024-07-08,"2.10%",-150,2.1,0
2025-12-09,2024-07-08,"2.35%",-125,2.35,0
2025-12-09,2024-07-08,"2.60%",-100,2.6,0
2025-12-09,2024-07-08,"2.85%",-75,2.85,0.0237792340981587
2025-12-09,2024-07-08,"3.10%",-50,3.1,0.0494690463522072
2025-12-09,2024-07-08,"3.35%",-25,3.35,0.086757665968951
2025-12-09,2024-07-08,"3.60%",0,3.6,0.128271769110594
2025-12-09,2024-07-08,"3.85%",25,3.85,0.159886003426686
2025-12-09,2024-07-08,"4.10%",50,4.1,0.168015774025466
2025-12-09,2024-07-08,"4.35%",75,4.35,0.148850687136971
2025-12-09,2024-07-08,"4.60%",100,4.6,0.11117587120856
2025-12-09,2024-07-08,"4.85%",125,4.85,0.0700041394464819
2025-12-09,2024-07-08,"5.10%",150,5.1,0.037160527295508
2025-12-09,2024-07-08,"5.35%",175,5.35,0.0166292819304174
2025-12-09,2024-07-08,"5.60%",200,5.6,0
2025-12-09,2024-07-08,"5.85%",225,5.85,0
2025-12-09,2024-07-08,"6.10%",250,6.1,0
2025-12-09,2024-07-09,"0.10%",-300,0.1,0
2025-12-09,2024-07-09,"0.35%",-300,0.35,0
2025-12-09,2024-07-09,"0.60%",-300,0.6,0
2025-12-09,2024-07-09,"0.85%",-275,0.85,0
2025-12-09,2024-07-09,"1.10%",-250,1.1,0
2025-12-09,2024-07-09,"1.35%",-225,1.35,0
2025-12-09,2024-07-09,"1.60%",-200,1.6,0
2025-12-09,2024-07-09,"1.85%",-175,1.85,0
2025-12-09,2024-07-09,"2.10%",-150,2.1,0
2025-12-09,2024-07-09,"2.35%",-125,2.35,0
2025-12-09,2024-07-09,"2.60%",-100,2.6,0
2025-12-09,2024-07-09,"2.85%",-75,2.85,0.0212172664438981
2025-12-09,2024-07-09,"3.10%",-50,3.1,0.0471838292109513
2025-12-09,2024-07-09,"3.35%",-25,3.35,0.0868921239692664
2025-12-09,2024-07-09,"3.60%",0,3.6,0.132515332854084
2025-12-09,2024-07-09,"3.85%",25,3.85,0.167363549760862
2025-12-09,2024-07-09,"4.10%",50,4.1,0.175053396957057
2025-12-09,2024-07-09,"4.35%",75,4.35,0.151633885031667
2025-12-09,2024-07-09,"4.60%",100,4.6,0.108776330542704
2025-12-09,2024-07-09,"4.85%",125,4.85,0.0646214394518637
2025-12-09,2024-07-09,"5.10%",150,5.1,0.0317914272204598
2025-12-09,2024-07-09,"5.35%",175,5.35,0.0129514185571858
2025-12-09,2024-07-09,"5.60%",200,5.6,0
2025-12-09,2024-07-09,"5.85%",225,5.85,0
2025-12-09,2024-07-09,"6.10%",250,6.1,0
2025-12-09,2024-07-10,"0.10%",-300,0.1,0
2025-12-09,2024-07-10,"0.35%",-300,0.35,0
2025-12-09,2024-07-10,"0.60%",-300,0.6,0
2025-12-09,2024-07-10,"0.85%",-275,0.85,0
2025-12-09,2024-07-10,"1.10%",-250,1.1,0
2025-12-09,2024-07-10,"1.35%",-225,1.35,0
2025-12-09,2024-07-10,"1.60%",-200,1.6,0
2025-12-09,2024-07-10,"1.85%",-175,1.85,0
2025-12-09,2024-07-10,"2.10%",-150,2.1,0
2025-12-09,2024-07-10,"2.35%",-125,2.35,0
2025-12-09,2024-07-10,"2.60%",-100,2.6,0
2025-12-09,2024-07-10,"2.85%",-75,2.85,0.0196086786254854
2025-12-09,2024-07-10,"3.10%",-50,3.1,0.0479509118982515
2025-12-09,2024-07-10,"3.35%",-25,3.35,0.0939287884749856
2025-12-09,2024-07-10,"3.60%",0,3.6,0.147394331575067
2025-12-09,2024-07-10,"3.85%",25,3.85,0.185294039559113
2025-12-09,2024-07-10,"4.10%",50,4.1,0.186616560238784
2025-12-09,2024-07-10,"4.35%",75,4.35,0.150573057578094
2025-12-09,2024-07-10,"4.60%",100,4.6,0.0973293545581052
2025-12-09,2024-07-10,"4.85%",125,4.85,0.0503990174380092
2025-12-09,2024-07-10,"5.10%",150,5.1,0.0209052600541041
2025-12-09,2024-07-10,"5.35%",175,5.35,0
2025-12-09,2024-07-10,"5.60%",200,5.6,0
2025-12-09,2024-07-10,"5.85%",225,5.85,0
2025-12-09,2024-07-10,"6.10%",250,6.1,0
2025-12-09,2024-07-11,"0.10%",-300,0.1,0
2025-12-09,2024-07-11,"0.35%",-300,0.35,0
2025-12-09,2024-07-11,"0.60%",-300,0.6,0
2025-12-09,2024-07-11,"0.85%",-275,0.85,0
2025-12-09,2024-07-11,"1.10%",-250,1.1,0
2025-12-09,2024-07-11,"1.35%",-225,1.35,0
2025-12-09,2024-07-11,"1.60%",-200,1.6,0
2025-12-09,2024-07-11,"1.85%",-175,1.85,0
2025-12-09,2024-07-11,"2.10%",-150,2.1,0
2025-12-09,2024-07-11,"2.35%",-125,2.35,0
2025-12-09,2024-07-11,"2.60%",-100,2.6,0
2025-12-09,2024-07-11,"2.85%",-75,2.85,0.0212385601982884
2025-12-09,2024-07-11,"3.10%",-50,3.1,0.0470696359421283
2025-12-09,2024-07-11,"3.35%",-25,3.35,0.0865021664756837
2025-12-09,2024-07-11,"3.60%",0,3.6,0.131825111775229
2025-12-09,2024-07-11,"3.85%",25,3.85,0.16659602104301
2025-12-09,2024-07-11,"4.10%",50,4.1,0.174595156129482
2025-12-09,2024-07-11,"4.35%",75,4.35,0.151740674080617
2025-12-09,2024-07-11,"4.60%",100,4.6,0.109363048391332
2025-12-09,2024-07-11,"4.85%",125,4.85,0.0653626930594254
2025-12-09,2024-07-11,"5.10%",150,5.1,0.0323942188066805
2025-12-09,2024-07-11,"5.35%",175,5.35,0.0133127140981235
2025-12-09,2024-07-11,"5.60%",200,5.6,0
2025-12-09,2024-07-11,"5.85%",225,5.85,0
2025-12-09,2024-07-11,"6.10%",250,6.1,0
2025-12-09,2024-07-12,"0.10%",-300,0.1,0
2025-12-09,2024-07-12,"0.35%",-300,0.35,0
2025-12-09,2024-07-12,"0.60%",-300,0.6,0
2025-12-09,2024-07-12,"0.85%",-275,0.85,0
2025-12-09,2024-07-12,"1.10%",-250,1.1,0
2025-12-09,2024-07-12,"1.35%",-225,1.35,0
2025-12-09,2024-07-12,"1.60%",-200,1.6,0
2025-12-09,2024-07-12,"1.85%",-175,1.85,0
2025-12-09,2024-07-12,"2.10%",-150,2.1,0
2025-12-09,2024-07-12,"2.35%",-125,2.35,0
2025-12-09,2024-07-12,"2.60%",-100,2.6,0.0125494368631539
2025-12-09,2024-07-12,"2.85%",-75,2.85,0.0295472481437158
2025-12-09,2024-07-12,"3.10%",-50,3.1,0.0586119942287327
2025-12-09,2024-07-12,"3.35%",-25,3.35,0.0979591698931981
2025-12-09,2024-07-12,"3.60%",0,3.6,0.137943851918135
2025-12-09,2024-07-12,"3.85%",25,3.85,0.163668338322102
2025-12-09,2024-07-12,"4.10%",50,4.1,0.163619588933233
2025-12-09,2024-07-12,"4.35%",75,4.35,0.137820625152798
2025-12-09,2024-07-12,"4.60%",100,4.6,0.097813362432529
2025-12-09,2024-07-12,"4.85%",125,4.85,0.0584898877993727
2025-12-09,2024-07-12,"5.10%",150,5.1,0.0294681240270857
2025-12-09,2024-07-12,"5.35%",175,5.35,0.0125083722859441
2025-12-09,2024-07-12,"5.60%",200,5.6,0
2025-12-09,2024-07-12,"5.85%",225,5.85,0
2025-12-09,2024-07-12,"6.10%",250,6.1,0
2025-12-09,2024-07-15,"0.10%",-300,0.1,0
2025-12-09,2024-07-15,"0.35%",-300,0.35,0
2025-12-09,2024-07-15,"0.60%",-300,0.6,0
2025-12-09,2024-07-15,"0.85%",-275,0.85,0
2025-12-09,2024-07-15,"1.10%",-250,1.1,0
2025-12-09,2024-07-15,"1.35%",-225,1.35,0
2025-12-09,2024-07-15,"1.60%",-200,1.6,0
2025-12-09,2024-07-15,"1.85%",-175,1.85,0
2025-12-09,2024-07-15,"2.10%",-150,2.1,0
2025-12-09,2024-07-15,"2.35%",-125,2.35,0
2025-12-09,2024-07-15,"2.60%",-100,2.6,0.016371920262004
2025-12-09,2024-07-15,"2.85%",-75,2.85,0.0351418238653555
2025-12-09,2024-07-15,"3.10%",-50,3.1,0.064578670967175
2025-12-09,2024-07-15,"3.35%",-25,3.35,0.101602018067161
2025-12-09,2024-07-15,"3.60%",0,3.6,0.136858020257026
2025-12-09,2024-07-15,"3.85%",25,3.85,0.157832710687585
2025-12-09,2024-07-15,"4.10%",50,4.1,0.15584203840315
2025-12-09,2024-07-15,"4.35%",75,4.35,0.131744620060384
2025-12-09,2024-07-15,"4.60%",100,4.6,0.0953541213285703
2025-12-09,2024-07-15,"4.85%",125,4.85,0.059088076754946
2025-12-09,2024-07-15,"5.10%",150,5.1,0.0313478273926892
2025-12-09,2024-07-15,"5.35%",175,5.35,0.0142381519539539
2025-12-09,2024-07-15,"5.60%",200,5.6,0
2025-12-09,2024-07-15,"5.85%",225,5.85,0
2025-12-09,2024-07-15,"6.10%",250,6.1,0
2025-12-09,2024-07-16,"0.10%",-300,0.1,0
2025-12-09,2024-07-16,"0.35%",-300,0.35,0
2025-12-09,2024-07-16,"0.60%",-300,0.6,0
2025-12-09,2024-07-16,"0.85%",-275,0.85,0
2025-12-09,2024-07-16,"1.10%",-250,1.1,0
2025-12-09,2024-07-16,"1.35%",-225,1.35,0
2025-12-09,2024-07-16,"1.60%",-200,1.6,0
2025-12-09,2024-07-16,"1.85%",-175,1.85,0
2025-12-09,2024-07-16,"2.10%",-150,2.1,0
2025-12-09,2024-07-16,"2.35%",-125,2.35,0
2025-12-09,2024-07-16,"2.60%",-100,2.6,0.0113765748324139
2025-12-09,2024-07-16,"2.85%",-75,2.85,0.0304877644836246
2025-12-09,2024-07-16,"3.10%",-50,3.1,0.0659935658960087
2025-12-09,2024-07-16,"3.35%",-25,3.35,0.115389622419232
2025-12-09,2024-07-16,"3.60%",0,3.6,0.162982573574951
2025-12-09,2024-07-16,"3.85%",25,3.85,0.18596768439092
2025-12-09,2024-07-16,"4.10%",50,4.1,0.171419630359257
2025-12-09,2024-07-16,"4.35%",75,4.35,0.12764604909252
2025-12-09,2024-07-16,"4.60%",100,4.6,0.0767833646222133
2025-12-09,2024-07-16,"4.85%",125,4.85,0.0373096742463532
2025-12-09,2024-07-16,"5.10%",150,5.1,0.0146434960825074
2025-12-09,2024-07-16,"5.35%",175,5.35,0
2025-12-09,2024-07-16,"5.60%",200,5.6,0
2025-12-09,2024-07-16,"5.85%",225,5.85,0
2025-12-09,2024-07-16,"6.10%",250,6.1,0
2025-12-09,2024-07-17,"0.10%",-300,0.1,0
2025-12-09,2024-07-17,"0.35%",-300,0.35,0
2025-12-09,2024-07-17,"0.60%",-300,0.6,0
2025-12-09,2024-07-17,"0.85%",-275,0.85,0
2025-12-09,2024-07-17,"1.10%",-250,1.1,0
2025-12-09,2024-07-17,"1.35%",-225,1.35,0
2025-12-09,2024-07-17,"1.60%",-200,1.6,0
2025-12-09,2024-07-17,"1.85%",-175,1.85,0
2025-12-09,2024-07-17,"2.10%",-150,2.1,0
2025-12-09,2024-07-17,"2.35%",-125,2.35,0
2025-12-09,2024-07-17,"2.60%",-100,2.6,0.0198846798825128
2025-12-09,2024-07-17,"2.85%",-75,2.85,0.0431389639544496
2025-12-09,2024-07-17,"3.10%",-50,3.1,0.0787223578135976
2025-12-09,2024-07-17,"3.35%",-25,3.35,0.120841227726504
2025-12-09,2024-07-17,"3.60%",0,3.6,0.156037520761448
2025-12-09,2024-07-17,"3.85%",25,3.85,0.169490274145522
2025-12-09,2024-07-17,"4.10%",50,4.1,0.154868809976641
2025-12-09,2024-07-17,"4.35%",75,4.35,0.119037781031059
2025-12-09,2024-07-17,"4.60%",100,4.6,0.0769665943952515
2025-12-09,2024-07-17,"4.85%",125,4.85,0.0418608402415689
2025-12-09,2024-07-17,"5.10%",150,5.1,0.0191509500714458
2025-12-09,2024-07-17,"5.35%",175,5.35,0
2025-12-09,2024-07-17,"5.60%",200,5.6,0
2025-12-09,2024-07-17,"5.85%",225,5.85,0
2025-12-09,2024-07-17,"6.10%",250,6.1,0
2025-12-09,2024-07-18,"0.10%",-300,0.1,0
2025-12-09,2024-07-18,"0.35%",-300,0.35,0
2025-12-09,2024-07-18,"0.60%",-300,0.6,0
2025-12-09,2024-07-18,"0.85%",-275,0.85,0
2025-12-09,2024-07-18,"1.10%",-250,1.1,0
2025-12-09,2024-07-18,"1.35%",-225,1.35,0
2025-12-09,2024-07-18,"1.60%",-200,1.6,0
2025-12-09,2024-07-18,"1.85%",-175,1.85,0
2025-12-09,2024-07-18,"2.10%",-150,2.1,0
2025-12-09,2024-07-18,"2.35%",-125,2.35,0
2025-12-09,2024-07-18,"2.60%",-100,2.6,0.0145043985578631
2025-12-09,2024-07-18,"2.85%",-75,2.85,0.037096541565813
2025-12-09,2024-07-18,"3.10%",-50,3.1,0.076576658697147
2025-12-09,2024-07-18,"3.35%",-25,3.35,0.127589411866469
2025-12-09,2024-07-18,"3.60%",0,3.6,0.171595841408842
2025-12-09,2024-07-18,"3.85%",25,3.85,0.186287523585051
2025-12-09,2024-07-18,"4.10%",50,4.1,0.163248325122459
2025-12-09,2024-07-18,"4.35%",75,4.35,0.115477328914213
2025-12-09,2024-07-18,"4.60%",100,4.6,0.0659348393570185
2025-12-09,2024-07-18,"4.85%",125,4.85,0.030386662319748
2025-12-09,2024-07-18,"5.10%",150,5.1,0.0113024686053769
2025-12-09,2024-07-18,"5.35%",175,5.35,0
2025-12-09,2024-07-18,"5.60%",200,5.6,0
2025-12-09,2024-07-18,"5.85%",225,5.85,0
2025-12-09,2024-07-18,"6.10%",250,6.1,0
2025-12-09,2024-07-19,"0.10%",-300,0.1,0
2025-12-09,2024-07-19,"0.35%",-300,0.35,0
2025-12-09,2024-07-19,"0.60%",-300,0.6,0
2025-12-09,2024-07-19,"0.85%",-275,0.85,0
2025-12-09,2024-07-19,"1.10%",-250,1.1,0
2025-12-09,2024-07-19,"1.35%",-225,1.35,0
2025-12-09,2024-07-19,"1.60%",-200,1.6,0
2025-12-09,2024-07-19,"1.85%",-175,1.85,0
2025-12-09,2024-07-19,"2.10%",-150,2.1,0
2025-12-09,2024-07-19,"2.35%",-125,2.35,0
2025-12-09,2024-07-19,"2.60%",-100,2.6,0.0198349625513542
2025-12-09,2024-07-19,"2.85%",-75,2.85,0.0427108199968772
2025-12-09,2024-07-19,"3.10%",-50,3.1,0.0776078274390337
2025-12-09,2024-07-19,"3.35%",-25,3.35,0.118999439370424
2025-12-09,2024-07-19,"3.60%",0,3.6,0.153979828019607
2025-12-09,2024-07-19,"3.85%",25,3.85,0.168138430247651
2025-12-09,2024-07-19,"4.10%",50,4.1,0.154937308834333
2025-12-09,2024-07-19,"4.35%",75,4.35,0.120484002193435
2025-12-09,2024-07-19,"4.60%",100,4.6,0.0790646793661117
2025-12-09,2024-07-19,"4.85%",125,4.85,0.0437832253365754
2025-12-09,2024-07-19,"5.10%",150,5.1,0.0204594766445978
2025-12-09,2024-07-19,"5.35%",175,5.35,0
2025-12-09,2024-07-19,"5.60%",200,5.6,0
2025-12-09,2024-07-19,"5.85%",225,5.85,0
2025-12-09,2024-07-19,"6.10%",250,6.1,0
2025-12-09,2024-07-22,"0.10%",-300,0.1,0
2025-12-09,2024-07-22,"0.35%",-300,0.35,0
2025-12-09,2024-07-22,"0.60%",-300,0.6,0
2025-12-09,2024-07-22,"0.85%",-275,0.85,0
2025-12-09,2024-07-22,"1.10%",-250,1.1,0
2025-12-09,2024-07-22,"1.35%",-225,1.35,0
2025-12-09,2024-07-22,"1.60%",-200,1.6,0
2025-12-09,2024-07-22,"1.85%",-175,1.85,0
2025-12-09,2024-07-22,"2.10%",-150,2.1,0
2025-12-09,2024-07-22,"2.35%",-125,2.35,0
2025-12-09,2024-07-22,"2.60%",-100,2.6,0.0192008710132325
2025-12-09,2024-07-22,"2.85%",-75,2.85,0.0414217934540902
2025-12-09,2024-07-22,"3.10%",-50,3.1,0.0755421371583229
2025-12-09,2024-07-22,"3.35%",-25,3.35,0.116469559299174
2025-12-09,2024-07-22,"3.60%",0,3.6,0.151811960758239
2025-12-09,2024-07-22,"3.85%",25,3.85,0.167291791965644
2025-12-09,2024-07-22,"4.10%",50,4.1,0.155854767428978
2025-12-09,2024-07-22,"4.35%",75,4.35,0.122755540626484
2025-12-09,2024-07-22,"4.60%",100,4.6,0.0817397746359358
2025-12-09,2024-07-22,"4.85%",125,4.85,0.0460139950991637
2025-12-09,2024-07-22,"5.10%",150,5.1,0.0218978085607357
2025-12-09,2024-07-22,"5.35%",175,5.35,0
2025-12-09,2024-07-22,"5.60%",200,5.6,0
2025-12-09,2024-07-22,"5.85%",225,5.85,0
2025-12-09,2024-07-22,"6.10%",250,6.1,0
2025-12-09,2024-07-23,"0.10%",-300,0.1,0
2025-12-09,2024-07-23,"0.35%",-300,0.35,0
2025-12-09,2024-07-23,"0.60%",-300,0.6,0
2025-12-09,2024-07-23,"0.85%",-275,0.85,0
2025-12-09,2024-07-23,"1.10%",-250,1.1,0
2025-12-09,2024-07-23,"1.35%",-225,1.35,0
2025-12-09,2024-07-23,"1.60%",-200,1.6,0
2025-12-09,2024-07-23,"1.85%",-175,1.85,0
2025-12-09,2024-07-23,"2.10%",-150,2.1,0
2025-12-09,2024-07-23,"2.35%",-125,2.35,0
2025-12-09,2024-07-23,"2.60%",-100,2.6,0.01534723492243
2025-12-09,2024-07-23,"2.85%",-75,2.85,0.0354248829119588
2025-12-09,2024-07-23,"3.10%",-50,3.1,0.0684795690380098
2025-12-09,2024-07-23,"3.35%",-25,3.35,0.110866745095129
2025-12-09,2024-07-23,"3.60%",0,3.6,0.15032776271783
2025-12-09,2024-07-23,"3.85%",25,3.85,0.170718685341689
2025-12-09,2024-07-23,"4.10%",50,4.1,0.162378885866706
2025-12-09,2024-07-23,"4.35%",75,4.35,0.129355125195064
2025-12-09,2024-07-23,"4.60%",100,4.6,0.0863055155030765
2025-12-09,2024-07-23,"4.85%",125,4.85,0.0482265170803402
2025-12-09,2024-07-23,"5.10%",150,5.1,0.0225690763277678
2025-12-09,2024-07-23,"5.35%",175,5.35,0
2025-12-09,2024-07-23,"5.60%",200,5.6,0
2025-12-09,2024-07-23,"5.85%",225,5.85,0
2025-12-09,2024-07-23,"6.10%",250,6.1,0
2025-12-09,2024-07-24,"0.10%",-300,0.1,0
2025-12-09,2024-07-24,"0.35%",-300,0.35,0
2025-12-09,2024-07-24,"0.60%",-300,0.6,0
2025-12-09,2024-07-24,"0.85%",-275,0.85,0
2025-12-09,2024-07-24,"1.10%",-250,1.1,0
2025-12-09,2024-07-24,"1.35%",-225,1.35,0
2025-12-09,2024-07-24,"1.60%",-200,1.6,0
2025-12-09,2024-07-24,"1.85%",-175,1.85,0
2025-12-09,2024-07-24,"2.10%",-150,2.1,0
2025-12-09,2024-07-24,"2.35%",-125,2.35,0
2025-12-09,2024-07-24,"2.60%",-100,2.6,0.0175781109022091
2025-12-09,2024-07-24,"2.85%",-75,2.85,0.0384535632211194
2025-12-09,2024-07-24,"3.10%",-50,3.1,0.0712057045004933
2025-12-09,2024-07-24,"3.35%",-25,3.35,0.111613619802801
2025-12-09,2024-07-24,"3.60%",0,3.6,0.148098786341403
2025-12-09,2024-07-24,"3.85%",25,3.85,0.166349919854436
2025-12-09,2024-07-24,"4.10%",50,4.1,0.158173054834716
2025-12-09,2024-07-24,"4.35%",75,4.35,0.127315224984962
2025-12-09,2024-07-24,"4.60%",100,4.6,0.0867485756730353
2025-12-09,2024-07-24,"4.85%",125,4.85,0.0500347736014297
2025-12-09,2024-07-24,"5.10%",150,5.1,0.0244286662833947
2025-12-09,2024-07-24,"5.35%",175,5.35,0
2025-12-09,2024-07-24,"5.60%",200,5.6,0
2025-12-09,2024-07-24,"5.85%",225,5.85,0
2025-12-09,2024-07-24,"6.10%",250,6.1,0
2025-12-09,2024-07-25,"0.10%",-300,0.1,0
2025-12-09,2024-07-25,"0.35%",-300,0.35,0
2025-12-09,2024-07-25,"0.60%",-300,0.6,0
2025-12-09,2024-07-25,"0.85%",-275,0.85,0
2025-12-09,2024-07-25,"1.10%",-250,1.1,0
2025-12-09,2024-07-25,"1.35%",-225,1.35,0
2025-12-09,2024-07-25,"1.60%",-200,1.6,0
2025-12-09,2024-07-25,"1.85%",-175,1.85,0
2025-12-09,2024-07-25,"2.10%",-150,2.1,0
2025-12-09,2024-07-25,"2.35%",-125,2.35,0
2025-12-09,2024-07-25,"2.60%",-100,2.6,0.0179132743562357
2025-12-09,2024-07-25,"2.85%",-75,2.85,0.0419010363057569
2025-12-09,2024-07-25,"3.10%",-50,3.1,0.0806414448937141
2025-12-09,2024-07-25,"3.35%",-25,3.35,0.127700715817858
2025-12-09,2024-07-25,"3.60%",0,3.6,0.166395867412467
2025-12-09,2024-07-25,"3.85%",25,3.85,0.178407578189808
2025-12-09,2024-07-25,"4.10%",50,4.1,0.157401030817019
2025-12-09,2024-07-25,"4.35%",75,4.35,0.114267269195894
2025-12-09,2024-07-25,"4.60%",100,4.6,0.0682570030150504
2025-12-09,2024-07-25,"4.85%",125,4.85,0.0335482231874483
2025-12-09,2024-07-25,"5.10%",150,5.1,0.013566556808749
2025-12-09,2024-07-25,"5.35%",175,5.35,0
2025-12-09,2024-07-25,"5.60%",200,5.6,0
2025-12-09,2024-07-25,"5.85%",225,5.85,0
2025-12-09,2024-07-25,"6.10%",250,6.1,0
2025-12-09,2024-07-26,"0.10%",-300,0.1,0
2025-12-09,2024-07-26,"0.35%",-300,0.35,0
2025-12-09,2024-07-26,"0.60%",-300,0.6,0
2025-12-09,2024-07-26,"0.85%",-275,0.85,0
2025-12-09,2024-07-26,"1.10%",-250,1.1,0
2025-12-09,2024-07-26,"1.35%",-225,1.35,0
2025-12-09,2024-07-26,"1.60%",-200,1.6,0
2025-12-09,2024-07-26,"1.85%",-175,1.85,0
2025-12-09,2024-07-26,"2.10%",-150,2.1,0
2025-12-09,2024-07-26,"2.35%",-125,2.35,0
2025-12-09,2024-07-26,"2.60%",-100,2.6,0.0224963231031999
2025-12-09,2024-07-26,"2.85%",-75,2.85,0.0469985621900368
2025-12-09,2024-07-26,"3.10%",-50,3.1,0.0830169500913935
2025-12-09,2024-07-26,"3.35%",-25,3.35,0.123984672194089
2025-12-09,2024-07-26,"3.60%",0,3.6,0.156565215748273
2025-12-09,2024-07-26,"3.85%",25,3.85,0.167167847508245
2025-12-09,2024-07-26,"4.10%",50,4.1,0.15091818415625
2025-12-09,2024-07-26,"4.35%",75,4.35,0.115201975654683
2025-12-09,2024-07-26,"4.60%",100,4.6,0.0743537791288301
2025-12-09,2024-07-26,"4.85%",125,4.85,0.040575442875946
2025-12-09,2024-07-26,"5.10%",150,5.1,0.0187210473490533
2025-12-09,2024-07-26,"5.35%",175,5.35,0
2025-12-09,2024-07-26,"5.60%",200,5.6,0
2025-12-09,2024-07-26,"5.85%",225,5.85,0
2025-12-09,2024-07-26,"6.10%",250,6.1,0
2025-12-09,2024-07-29,"0.10%",-300,0.1,0
2025-12-09,2024-07-29,"0.35%",-300,0.35,0
2025-12-09,2024-07-29,"0.60%",-300,0.6,0
2025-12-09,2024-07-29,"0.85%",-275,0.85,0
2025-12-09,2024-07-29,"1.10%",-250,1.1,0
2025-12-09,2024-07-29,"1.35%",-225,1.35,0
2025-12-09,2024-07-29,"1.60%",-200,1.6,0
2025-12-09,2024-07-29,"1.85%",-175,1.85,0
2025-12-09,2024-07-29,"2.10%",-150,2.1,0
2025-12-09,2024-07-29,"2.35%",-125,2.35,0.01056510967618
2025-12-09,2024-07-29,"2.60%",-100,2.6,0.0246242760545702
2025-12-09,2024-07-29,"2.85%",-75,2.85,0.0490539192292831
2025-12-09,2024-07-29,"3.10%",-50,3.1,0.0835245901247386
2025-12-09,2024-07-29,"3.35%",-25,3.35,0.121560629731124
2025-12-09,2024-07-29,"3.60%",0,3.6,0.151221958240516
2025-12-09,2024-07-29,"3.85%",25,3.85,0.160798967973736
2025-12-09,2024-07-29,"4.10%",50,4.1,0.146150070752242
2025-12-09,2024-07-29,"4.35%",75,4.35,0.113543111614153
2025-12-09,2024-07-29,"4.60%",100,4.6,0.0753988808406866
2025-12-09,2024-07-29,"4.85%",125,4.85,0.0427962282525912
2025-12-09,2024-07-29,"5.10%",150,5.1,0.020762257510181
2025-12-09,2024-07-29,"5.35%",175,5.35,0
2025-12-09,2024-07-29,"5.60%",200,5.6,0
2025-12-09,2024-07-29,"5.85%",225,5.85,0
2025-12-09,2024-07-29,"6.10%",250,6.1,0
2025-12-09,2024-07-31,"0.10%",-300,0.1,0
2025-12-09,2024-07-31,"0.35%",-300,0.35,0
2025-12-09,2024-07-31,"0.60%",-300,0.6,0
2025-12-09,2024-07-31,"0.85%",-275,0.85,0
2025-12-09,2024-07-31,"1.10%",-250,1.1,0
2025-12-09,2024-07-31,"1.35%",-225,1.35,0
2025-12-09,2024-07-31,"1.60%",-200,1.6,0
2025-12-09,2024-07-31,"1.85%",-175,1.85,0
2025-12-09,2024-07-31,"2.10%",-150,2.1,0
2025-12-09,2024-07-31,"2.35%",-125,2.35,0.0176741777529939
2025-12-09,2024-07-31,"2.60%",-100,2.6,0.0410658754216907
2025-12-09,2024-07-31,"2.85%",-75,2.85,0.0788134399603263
2025-12-09,2024-07-31,"3.10%",-50,3.1,0.124943433040162
2025-12-09,2024-07-31,"3.35%",-25,3.35,0.163618531477834
2025-12-09,2024-07-31,"3.60%",0,3.6,0.176996437239485
2025-12-09,2024-07-31,"3.85%",25,3.85,0.158165445831956
2025-12-09,2024-07-31,"4.10%",50,4.1,0.116753734601365
2025-12-09,2024-07-31,"4.35%",75,4.35,0.0711924744279641
2025-12-09,2024-07-31,"4.60%",100,4.6,0.0358582204407256
2025-12-09,2024-07-31,"4.85%",125,4.85,0.0149182298054972
2025-12-09,2024-07-31,"5.10%",150,5.1,0
2025-12-09,2024-07-31,"5.35%",175,5.35,0
2025-12-09,2024-07-31,"5.60%",200,5.6,0
2025-12-09,2024-07-31,"5.85%",225,5.85,0
2025-12-09,2024-07-31,"6.10%",250,6.1,0
2025-12-09,2024-08-01,"0.10%",-300,0.1,0
2025-12-09,2024-08-01,"0.35%",-300,0.35,0
2025-12-09,2024-08-01,"0.60%",-300,0.6,0
2025-12-09,2024-08-01,"0.85%",-275,0.85,0
2025-12-09,2024-08-01,"1.10%",-250,1.1,0
2025-12-09,2024-08-01,"1.35%",-225,1.35,0
2025-12-09,2024-08-01,"1.60%",-200,1.6,0
2025-12-09,2024-08-01,"1.85%",-175,1.85,0
2025-12-09,2024-08-01,"2.10%",-150,2.1,0
2025-12-09,2024-08-01,"2.35%",-125,2.35,0.0155216214544439
2025-12-09,2024-08-01,"2.60%",-100,2.6,0.0392215478116803
2025-12-09,2024-08-01,"2.85%",-75,2.85,0.0799281418750313
2025-12-09,2024-08-01,"3.10%",-50,3.1,0.131367477326233
2025-12-09,2024-08-01,"3.35%",-25,3.35,0.17414361330046
2025-12-09,2024-08-01,"3.60%",0,3.6,0.186195580174637
2025-12-09,2024-08-01,"3.85%",25,3.85,0.160574225289291
2025-12-09,2024-08-01,"4.10%",50,4.1,0.111691821458891
2025-12-09,2024-08-01,"4.35%",75,4.35,0.0626602925285073
2025-12-09,2024-08-01,"4.60%",100,4.6,0.0283509569455851
2025-12-09,2024-08-01,"4.85%",125,4.85,0.0103447218352412
2025-12-09,2024-08-01,"5.10%",150,5.1,0
2025-12-09,2024-08-01,"5.35%",175,5.35,0
2025-12-09,2024-08-01,"5.60%",200,5.6,0
2025-12-09,2024-08-01,"5.85%",225,5.85,0
2025-12-09,2024-08-01,"6.10%",250,6.1,0
2025-12-09,2024-08-02,"0.10%",-300,0.1,0
2025-12-09,2024-08-02,"0.35%",-300,0.35,0
2025-12-09,2024-08-02,"0.60%",-300,0.6,0
2025-12-09,2024-08-02,"0.85%",-275,0.85,0
2025-12-09,2024-08-02,"1.10%",-250,1.1,0
2025-12-09,2024-08-02,"1.35%",-225,1.35,0
2025-12-09,2024-08-02,"1.60%",-200,1.6,0
2025-12-09,2024-08-02,"1.85%",-175,1.85,0
2025-12-09,2024-08-02,"2.10%",-150,2.1,0
2025-12-09,2024-08-02,"2.35%",-125,2.35,0.0171490667707054
2025-12-09,2024-08-02,"2.60%",-100,2.6,0.0440226921675722
2025-12-09,2024-08-02,"2.85%",-75,2.85,0.0897427693101449
2025-12-09,2024-08-02,"3.10%",-50,3.1,0.145291758937552
2025-12-09,2024-08-02,"3.35%",-25,3.35,0.186819924696034
2025-12-09,2024-08-02,"3.60%",0,3.6,0.190790947982729
2025-12-09,2024-08-02,"3.85%",25,3.85,0.154755353643962
2025-12-09,2024-08-02,"4.10%",50,4.1,0.0996958803216661
2025-12-09,2024-08-02,"4.35%",75,4.35,0.0510072804068905
2025-12-09,2024-08-02,"4.60%",100,4.6,0.0207243257627451
2025-12-09,2024-08-02,"4.85%",125,4.85,0
2025-12-09,2024-08-02,"5.10%",150,5.1,0
2025-12-09,2024-08-02,"5.35%",175,5.35,0
2025-12-09,2024-08-02,"5.60%",200,5.6,0
2025-12-09,2024-08-02,"5.85%",225,5.85,0
2025-12-09,2024-08-02,"6.10%",250,6.1,0
2025-12-09,2024-08-05,"0.10%",-300,0.1,0
2025-12-09,2024-08-05,"0.35%",-300,0.35,0
2025-12-09,2024-08-05,"0.60%",-300,0.6,0
2025-12-09,2024-08-05,"0.85%",-275,0.85,0
2025-12-09,2024-08-05,"1.10%",-250,1.1,0
2025-12-09,2024-08-05,"1.35%",-225,1.35,0
2025-12-09,2024-08-05,"1.60%",-200,1.6,0
2025-12-09,2024-08-05,"1.85%",-175,1.85,0
2025-12-09,2024-08-05,"2.10%",-150,2.1,0.0213515705592364
2025-12-09,2024-08-05,"2.35%",-125,2.35,0.054866369346496
2025-12-09,2024-08-05,"2.60%",-100,2.6,0.109319475914759
2025-12-09,2024-08-05,"2.85%",-75,2.85,0.168906192856086
2025-12-09,2024-08-05,"3.10%",-50,3.1,0.202384529713788
2025-12-09,2024-08-05,"3.35%",-25,3.35,0.188063329518952
2025-12-09,2024-08-05,"3.60%",0,3.6,0.135525612017491
2025-12-09,2024-08-05,"3.85%",25,3.85,0.0757370907792888
2025-12-09,2024-08-05,"4.10%",50,4.1,0.03281936531302
2025-12-09,2024-08-05,"4.35%",75,4.35,0.0110264639808824
2025-12-09,2024-08-05,"4.60%",100,4.6,0
2025-12-09,2024-08-05,"4.85%",125,4.85,0
2025-12-09,2024-08-05,"5.10%",150,5.1,0
2025-12-09,2024-08-05,"5.35%",175,5.35,0
2025-12-09,2024-08-05,"5.60%",200,5.6,0
2025-12-09,2024-08-05,"5.85%",225,5.85,0
2025-12-09,2024-08-05,"6.10%",250,6.1,0
2025-12-09,2024-08-06,"0.10%",-300,0.1,0
2025-12-09,2024-08-06,"0.35%",-300,0.35,0
2025-12-09,2024-08-06,"0.60%",-300,0.6,0
2025-12-09,2024-08-06,"0.85%",-275,0.85,0
2025-12-09,2024-08-06,"1.10%",-250,1.1,0
2025-12-09,2024-08-06,"1.35%",-225,1.35,0
2025-12-09,2024-08-06,"1.60%",-200,1.6,0
2025-12-09,2024-08-06,"1.85%",-175,1.85,0
2025-12-09,2024-08-06,"2.10%",-150,2.1,0
2025-12-09,2024-08-06,"2.35%",-125,2.35,0.0238182042085908
2025-12-09,2024-08-06,"2.60%",-100,2.6,0.0587361813140796
2025-12-09,2024-08-06,"2.85%",-75,2.85,0.113152631097675
2025-12-09,2024-08-06,"3.10%",-50,3.1,0.170302997726339
2025-12-09,2024-08-06,"3.35%",-25,3.35,0.200263507993035
2025-12-09,2024-08-06,"3.60%",0,3.6,0.183997762151205
2025-12-09,2024-08-06,"3.85%",25,3.85,0.13208380961108
2025-12-09,2024-08-06,"4.10%",50,4.1,0.0740788196966123
2025-12-09,2024-08-06,"4.35%",75,4.35,0.032457387696717
2025-12-09,2024-08-06,"4.60%",100,4.6,0.0111086985046674
2025-12-09,2024-08-06,"4.85%",125,4.85,0
2025-12-09,2024-08-06,"5.10%",150,5.1,0
2025-12-09,2024-08-06,"5.35%",175,5.35,0
2025-12-09,2024-08-06,"5.60%",200,5.6,0
2025-12-09,2024-08-06,"5.85%",225,5.85,0
2025-12-09,2024-08-06,"6.10%",250,6.1,0
2025-12-09,2024-08-07,"0.10%",-300,0.1,0
2025-12-09,2024-08-07,"0.35%",-300,0.35,0
2025-12-09,2024-08-07,"0.60%",-300,0.6,0
2025-12-09,2024-08-07,"0.85%",-275,0.85,0
2025-12-09,2024-08-07,"1.10%",-250,1.1,0
2025-12-09,2024-08-07,"1.35%",-225,1.35,0
2025-12-09,2024-08-07,"1.60%",-200,1.6,0
2025-12-09,2024-08-07,"1.85%",-175,1.85,0
2025-12-09,2024-08-07,"2.10%",-150,2.1,0
2025-12-09,2024-08-07,"2.35%",-125,2.35,0.0257289830424669
2025-12-09,2024-08-07,"2.60%",-100,2.6,0.0566043173837739
2025-12-09,2024-08-07,"2.85%",-75,2.85,0.101823132274485
2025-12-09,2024-08-07,"3.10%",-50,3.1,0.149772108879706
2025-12-09,2024-08-07,"3.35%",-25,3.35,0.180141929918142
2025-12-09,2024-08-07,"3.60%",0,3.6,0.177175529266901
2025-12-09,2024-08-07,"3.85%",25,3.85,0.142494209009583
2025-12-09,2024-08-07,"4.10%",50,4.1,0.0937105606718847
2025-12-09,2024-08-07,"4.35%",75,4.35,0.0503923881024849
2025-12-09,2024-08-07,"4.60%",100,4.6,0.0221568414505722
2025-12-09,2024-08-07,"4.85%",125,4.85,0
2025-12-09,2024-08-07,"5.10%",150,5.1,0
2025-12-09,2024-08-07,"5.35%",175,5.35,0
2025-12-09,2024-08-07,"5.60%",200,5.6,0
2025-12-09,2024-08-07,"5.85%",225,5.85,0
2025-12-09,2024-08-07,"6.10%",250,6.1,0
2025-12-09,2024-08-08,"0.10%",-300,0.1,0
2025-12-09,2024-08-08,"0.35%",-300,0.35,0
2025-12-09,2024-08-08,"0.60%",-300,0.6,0
2025-12-09,2024-08-08,"0.85%",-275,0.85,0
2025-12-09,2024-08-08,"1.10%",-250,1.1,0
2025-12-09,2024-08-08,"1.35%",-225,1.35,0
2025-12-09,2024-08-08,"1.60%",-200,1.6,0
2025-12-09,2024-08-08,"1.85%",-175,1.85,0
2025-12-09,2024-08-08,"2.10%",-150,2.1,0.0124644105653062
2025-12-09,2024-08-08,"2.35%",-125,2.35,0.0303925102420747
2025-12-09,2024-08-08,"2.60%",-100,2.6,0.0616984811554696
2025-12-09,2024-08-08,"2.85%",-75,2.85,0.104282450285671
2025-12-09,2024-08-08,"3.10%",-50,3.1,0.146753592838904
2025-12-09,2024-08-08,"3.35%",-25,3.35,0.171955024876899
2025-12-09,2024-08-08,"3.60%",0,3.6,0.16776187941716
2025-12-09,2024-08-08,"3.85%",25,3.85,0.136277263545254
2025-12-09,2024-08-08,"4.10%",50,4.1,0.0921723011885627
2025-12-09,2024-08-08,"4.35%",75,4.35,0.0519057415677725
2025-12-09,2024-08-08,"4.60%",100,4.6,0.0243363443169267
2025-12-09,2024-08-08,"4.85%",125,4.85,0
2025-12-09,2024-08-08,"5.10%",150,5.1,0
2025-12-09,2024-08-08,"5.35%",175,5.35,0
2025-12-09,2024-08-08,"5.60%",200,5.6,0
2025-12-09,2024-08-08,"5.85%",225,5.85,0
2025-12-09,2024-08-08,"6.10%",250,6.1,0
2025-12-09,2024-08-09,"0.10%",-300,0.1,0
2025-12-09,2024-08-09,"0.35%",-300,0.35,0
2025-12-09,2024-08-09,"0.60%",-300,0.6,0
2025-12-09,2024-08-09,"0.85%",-275,0.85,0
2025-12-09,2024-08-09,"1.10%",-250,1.1,0
2025-12-09,2024-08-09,"1.35%",-225,1.35,0
2025-12-09,2024-08-09,"1.60%",-200,1.6,0
2025-12-09,2024-08-09,"1.85%",-175,1.85,0
2025-12-09,2024-08-09,"2.10%",-150,2.1,0.0122467777103061
2025-12-09,2024-08-09,"2.35%",-125,2.35,0.0302053433127503
2025-12-09,2024-08-09,"2.60%",-100,2.6,0.0618306535070772
2025-12-09,2024-08-09,"2.85%",-75,2.85,0.105050664237647
2025-12-09,2024-08-09,"3.10%",-50,3.1,0.148143065885234
2025-12-09,2024-08-09,"3.35%",-25,3.35,0.173404246138603
2025-12-09,2024-08-09,"3.60%",0,3.6,0.168475920780971
2025-12-09,2024-08-09,"3.85%",25,3.85,0.135867303638176
2025-12-09,2024-08-09,"4.10%",50,4.1,0.090946470260995
2025-12-09,2024-08-09,"4.35%",75,4.35,0.0505290156012034
2025-12-09,2024-08-09,"4.60%",100,4.6,0.0233005389270378
2025-12-09,2024-08-09,"4.85%",125,4.85,0
2025-12-09,2024-08-09,"5.10%",150,5.1,0
2025-12-09,2024-08-09,"5.35%",175,5.35,0
2025-12-09,2024-08-09,"5.60%",200,5.6,0
2025-12-09,2024-08-09,"5.85%",225,5.85,0
2025-12-09,2024-08-09,"6.10%",250,6.1,0
2025-12-09,2024-08-12,"0.10%",-300,0.1,0
2025-12-09,2024-08-12,"0.35%",-300,0.35,0
2025-12-09,2024-08-12,"0.60%",-300,0.6,0
2025-12-09,2024-08-12,"0.85%",-275,0.85,0
2025-12-09,2024-08-12,"1.10%",-250,1.1,0
2025-12-09,2024-08-12,"1.35%",-225,1.35,0
2025-12-09,2024-08-12,"1.60%",-200,1.6,0
2025-12-09,2024-08-12,"1.85%",-175,1.85,0
2025-12-09,2024-08-12,"2.10%",-150,2.1,0
2025-12-09,2024-08-12,"2.35%",-125,2.35,0.0248178026684
2025-12-09,2024-08-12,"2.60%",-100,2.6,0.0562066304166697
2025-12-09,2024-08-12,"2.85%",-75,2.85,0.10309264210195
2025-12-09,2024-08-12,"3.10%",-50,3.1,0.153145638767901
2025-12-09,2024-08-12,"3.35%",-25,3.35,0.184260541241228
2025-12-09,2024-08-12,"3.60%",0,3.6,0.179563209185195
2025-12-09,2024-08-12,"3.85%",25,3.85,0.141729013161315
2025-12-09,2024-08-12,"4.10%",50,4.1,0.0906041680649672
2025-12-09,2024-08-12,"4.35%",75,4.35,0.0469104867360594
2025-12-09,2024-08-12,"4.60%",100,4.6,0.0196698676563154
2025-12-09,2024-08-12,"4.85%",125,4.85,0
2025-12-09,2024-08-12,"5.10%",150,5.1,0
2025-12-09,2024-08-12,"5.35%",175,5.35,0
2025-12-09,2024-08-12,"5.60%",200,5.6,0
2025-12-09,2024-08-12,"5.85%",225,5.85,0
2025-12-09,2024-08-12,"6.10%",250,6.1,0
2025-12-09,2024-08-13,"0.10%",-300,0.1,0
2025-12-09,2024-08-13,"0.35%",-300,0.35,0
2025-12-09,2024-08-13,"0.60%",-300,0.6,0
2025-12-09,2024-08-13,"0.85%",-275,0.85,0
2025-12-09,2024-08-13,"1.10%",-250,1.1,0
2025-12-09,2024-08-13,"1.35%",-225,1.35,0
2025-12-09,2024-08-13,"1.60%",-200,1.6,0
2025-12-09,2024-08-13,"1.85%",-175,1.85,0
2025-12-09,2024-08-13,"2.10%",-150,2.1,0.0102741264372022
2025-12-09,2024-08-13,"2.35%",-125,2.35,0.0279506075180878
2025-12-09,2024-08-13,"2.60%",-100,2.6,0.0615344019174019
2025-12-09,2024-08-13,"2.85%",-75,2.85,0.10963572152182
2025-12-09,2024-08-13,"3.10%",-50,3.1,0.158093402133073
2025-12-09,2024-08-13,"3.35%",-25,3.35,0.184508338346953
2025-12-09,2024-08-13,"3.60%",0,3.6,0.174286752962866
2025-12-09,2024-08-13,"3.85%",25,3.85,0.13324681625396
2025-12-09,2024-08-13,"4.10%",50,4.1,0.0824486955445064
2025-12-09,2024-08-13,"4.35%",75,4.35,0.0412884222038288
2025-12-09,2024-08-13,"4.60%",100,4.6,0.0167327151603014
2025-12-09,2024-08-13,"4.85%",125,4.85,0
2025-12-09,2024-08-13,"5.10%",150,5.1,0
2025-12-09,2024-08-13,"5.35%",175,5.35,0
2025-12-09,2024-08-13,"5.60%",200,5.6,0
2025-12-09,2024-08-13,"5.85%",225,5.85,0
2025-12-09,2024-08-13,"6.10%",250,6.1,0
2025-12-09,2024-08-14,"0.10%",-300,0.1,0
2025-12-09,2024-08-14,"0.35%",-300,0.35,0
2025-12-09,2024-08-14,"0.60%",-300,0.6,0
2025-12-09,2024-08-14,"0.85%",-275,0.85,0
2025-12-09,2024-08-14,"1.10%",-250,1.1,0
2025-12-09,2024-08-14,"1.35%",-225,1.35,0
2025-12-09,2024-08-14,"1.60%",-200,1.6,0
2025-12-09,2024-08-14,"1.85%",-175,1.85,0
2025-12-09,2024-08-14,"2.10%",-150,2.1,0.0138685487753585
2025-12-09,2024-08-14,"2.35%",-125,2.35,0.036174258069947
2025-12-09,2024-08-14,"2.60%",-100,2.6,0.075819898955552
2025-12-09,2024-08-14,"2.85%",-75,2.85,0.127705573986569
2025-12-09,2024-08-14,"3.10%",-50,3.1,0.172862126610058
2025-12-09,2024-08-14,"3.35%",-25,3.35,0.188046448495128
2025-12-09,2024-08-14,"3.60%",0,3.6,0.164402739030509
2025-12-09,2024-08-14,"3.85%",25,3.85,0.115511775778602
2025-12-09,2024-08-14,"4.10%",50,4.1,0.0652233180636596
2025-12-09,2024-08-14,"4.35%",75,4.35,0.0295948960181478
2025-12-09,2024-08-14,"4.60%",100,4.6,0.0107904162164687
2025-12-09,2024-08-14,"4.85%",125,4.85,0
2025-12-09,2024-08-14,"5.10%",150,5.1,0
2025-12-09,2024-08-14,"5.35%",175,5.35,0
2025-12-09,2024-08-14,"5.60%",200,5.6,0
2025-12-09,2024-08-14,"5.85%",225,5.85,0
2025-12-09,2024-08-14,"6.10%",250,6.1,0
2025-12-09,2024-08-15,"0.10%",-300,0.1,0
2025-12-09,2024-08-15,"0.35%",-300,0.35,0
2025-12-09,2024-08-15,"0.60%",-300,0.6,0
2025-12-09,2024-08-15,"0.85%",-275,0.85,0
2025-12-09,2024-08-15,"1.10%",-250,1.1,0
2025-12-09,2024-08-15,"1.35%",-225,1.35,0
2025-12-09,2024-08-15,"1.60%",-200,1.6,0
2025-12-09,2024-08-15,"1.85%",-175,1.85,0
2025-12-09,2024-08-15,"2.10%",-150,2.1,0.0169336635941457
2025-12-09,2024-08-15,"2.35%",-125,2.35,0.0422180766281357
2025-12-09,2024-08-15,"2.60%",-100,2.6,0.0847839767055562
2025-12-09,2024-08-15,"2.85%",-75,2.85,0.137158490188496
2025-12-09,2024-08-15,"3.10%",-50,3.1,0.178748874814235
2025-12-09,2024-08-15,"3.35%",-25,3.35,0.187666070640759
2025-12-09,2024-08-15,"3.60%",0,3.6,0.158727398327107
2025-12-09,2024-08-15,"3.85%",25,3.85,0.108152187849421
2025-12-09,2024-08-15,"4.10%",50,4.1,0.0593637645083008
2025-12-09,2024-08-15,"4.35%",75,4.35,0.0262474967438436
2025-12-09,2024-08-15,"4.60%",100,4.6,0
2025-12-09,2024-08-15,"4.85%",125,4.85,0
2025-12-09,2024-08-15,"5.10%",150,5.1,0
2025-12-09,2024-08-15,"5.35%",175,5.35,0
2025-12-09,2024-08-15,"5.60%",200,5.6,0
2025-12-09,2024-08-15,"5.85%",225,5.85,0
2025-12-09,2024-08-15,"6.10%",250,6.1,0
2025-12-09,2024-08-16,"0.10%",-300,0.1,0
2025-12-09,2024-08-16,"0.35%",-300,0.35,0
2025-12-09,2024-08-16,"0.60%",-300,0.6,0
2025-12-09,2024-08-16,"0.85%",-275,0.85,0
2025-12-09,2024-08-16,"1.10%",-250,1.1,0
2025-12-09,2024-08-16,"1.35%",-225,1.35,0
2025-12-09,2024-08-16,"1.60%",-200,1.6,0
2025-12-09,2024-08-16,"1.85%",-175,1.85,0
2025-12-09,2024-08-16,"2.10%",-150,2.1,0.0107155137107718
2025-12-09,2024-08-16,"2.35%",-125,2.35,0.0301753888967421
2025-12-09,2024-08-16,"2.60%",-100,2.6,0.0675846644998868
2025-12-09,2024-08-16,"2.85%",-75,2.85,0.120402027938102
2025-12-09,2024-08-16,"3.10%",-50,3.1,0.170622172167424
2025-12-09,2024-08-16,"3.35%",-25,3.35,0.19233969505776
2025-12-09,2024-08-16,"3.60%",0,3.6,0.172480355095777
2025-12-09,2024-08-16,"3.85%",25,3.85,0.123038955886113
2025-12-09,2024-08-16,"4.10%",50,4.1,0.0698172334262639
2025-12-09,2024-08-16,"4.35%",75,4.35,0.0315118875181789
2025-12-09,2024-08-16,"4.60%",100,4.6,0.01131210580298
2025-12-09,2024-08-16,"4.85%",125,4.85,0
2025-12-09,2024-08-16,"5.10%",150,5.1,0
2025-12-09,2024-08-16,"5.35%",175,5.35,0
2025-12-09,2024-08-16,"5.60%",200,5.6,0
2025-12-09,2024-08-16,"5.85%",225,5.85,0
2025-12-09,2024-08-16,"6.10%",250,6.1,0
2025-12-09,2024-08-19,"0.10%",-300,0.1,0
2025-12-09,2024-08-19,"0.35%",-300,0.35,0
2025-12-09,2024-08-19,"0.60%",-300,0.6,0
2025-12-09,2024-08-19,"0.85%",-275,0.85,0
2025-12-09,2024-08-19,"1.10%",-250,1.1,0
2025-12-09,2024-08-19,"1.35%",-225,1.35,0
2025-12-09,2024-08-19,"1.60%",-200,1.6,0
2025-12-09,2024-08-19,"1.85%",-175,1.85,0
2025-12-09,2024-08-19,"2.10%",-150,2.1,0.0113672406815684
2025-12-09,2024-08-19,"2.35%",-125,2.35,0.0316020586149395
2025-12-09,2024-08-19,"2.60%",-100,2.6,0.0699067701718246
2025-12-09,2024-08-19,"2.85%",-75,2.85,0.123055466787119
2025-12-09,2024-08-19,"3.10%",-50,3.1,0.172379422956499
2025-12-09,2024-08-19,"3.35%",-25,3.35,0.192171037897667
2025-12-09,2024-08-19,"3.60%",0,3.6,0.170495681454149
2025-12-09,2024-08-19,"3.85%",25,3.85,0.120380553467314
2025-12-09,2024-08-19,"4.10%",50,4.1,0.0676396172805318
2025-12-09,2024-08-19,"4.35%",75,4.35,0.0302428222056797
2025-12-09,2024-08-19,"4.60%",100,4.6,0.0107593284827086
2025-12-09,2024-08-19,"4.85%",125,4.85,0
2025-12-09,2024-08-19,"5.10%",150,5.1,0
2025-12-09,2024-08-19,"5.35%",175,5.35,0
2025-12-09,2024-08-19,"5.60%",200,5.6,0
2025-12-09,2024-08-19,"5.85%",225,5.85,0
2025-12-09,2024-08-19,"6.10%",250,6.1,0
2025-12-09,2024-08-20,"0.10%",-300,0.1,0
2025-12-09,2024-08-20,"0.35%",-300,0.35,0
2025-12-09,2024-08-20,"0.60%",-300,0.6,0
2025-12-09,2024-08-20,"0.85%",-275,0.85,0
2025-12-09,2024-08-20,"1.10%",-250,1.1,0
2025-12-09,2024-08-20,"1.35%",-225,1.35,0
2025-12-09,2024-08-20,"1.60%",-200,1.6,0
2025-12-09,2024-08-20,"1.85%",-175,1.85,0
2025-12-09,2024-08-20,"2.10%",-150,2.1,0
2025-12-09,2024-08-20,"2.35%",-125,2.35,0.0272867769164039
2025-12-09,2024-08-20,"2.60%",-100,2.6,0.0640288309036962
2025-12-09,2024-08-20,"2.85%",-75,2.85,0.118359146943702
2025-12-09,2024-08-20,"3.10%",-50,3.1,0.172370071997193
2025-12-09,2024-08-20,"3.35%",-25,3.35,0.197776610041562
2025-12-09,2024-08-20,"3.60%",0,3.6,0.178792020911936
2025-12-09,2024-08-20,"3.85%",25,3.85,0.127343345367645
2025-12-09,2024-08-20,"4.10%",50,4.1,0.0714565234178229
2025-12-09,2024-08-20,"4.35%",75,4.35,0.031587546355266
2025-12-09,2024-08-20,"4.60%",100,4.6,0.0109991271447727
2025-12-09,2024-08-20,"4.85%",125,4.85,0
2025-12-09,2024-08-20,"5.10%",150,5.1,0
2025-12-09,2024-08-20,"5.35%",175,5.35,0
2025-12-09,2024-08-20,"5.60%",200,5.6,0
2025-12-09,2024-08-20,"5.85%",225,5.85,0
2025-12-09,2024-08-20,"6.10%",250,6.1,0
2025-12-09,2024-08-21,"0.10%",-300,0.1,0
2025-12-09,2024-08-21,"0.35%",-300,0.35,0
2025-12-09,2024-08-21,"0.60%",-300,0.6,0
2025-12-09,2024-08-21,"0.85%",-275,0.85,0
2025-12-09,2024-08-21,"1.10%",-250,1.1,0
2025-12-09,2024-08-21,"1.35%",-225,1.35,0
2025-12-09,2024-08-21,"1.60%",-200,1.6,0
2025-12-09,2024-08-21,"1.85%",-175,1.85,0
2025-12-09,2024-08-21,"2.10%",-150,2.1,0
2025-12-09,2024-08-21,"2.35%",-125,2.35,0.0255338069471105
2025-12-09,2024-08-21,"2.60%",-100,2.6,0.0687625864600306
2025-12-09,2024-08-21,"2.85%",-75,2.85,0.136997253076947
2025-12-09,2024-08-21,"3.10%",-50,3.1,0.20195966843337
2025-12-09,2024-08-21,"3.35%",-25,3.35,0.220318570971489
2025-12-09,2024-08-21,"3.60%",0,3.6,0.177860874745905
2025-12-09,2024-08-21,"3.85%",25,3.85,0.106250272636816
2025-12-09,2024-08-21,"4.10%",50,4.1,0.0469620113355298
2025-12-09,2024-08-21,"4.35%",75,4.35,0.0153549553928027
2025-12-09,2024-08-21,"4.60%",100,4.6,0
2025-12-09,2024-08-21,"4.85%",125,4.85,0
2025-12-09,2024-08-21,"5.10%",150,5.1,0
2025-12-09,2024-08-21,"5.35%",175,5.35,0
2025-12-09,2024-08-21,"5.60%",200,5.6,0
2025-12-09,2024-08-21,"5.85%",225,5.85,0
2025-12-09,2024-08-21,"6.10%",250,6.1,0
2025-12-09,2024-08-22,"0.10%",-300,0.1,0
2025-12-09,2024-08-22,"0.35%",-300,0.35,0
2025-12-09,2024-08-22,"0.60%",-300,0.6,0
2025-12-09,2024-08-22,"0.85%",-275,0.85,0
2025-12-09,2024-08-22,"1.10%",-250,1.1,0
2025-12-09,2024-08-22,"1.35%",-225,1.35,0
2025-12-09,2024-08-22,"1.60%",-200,1.6,0
2025-12-09,2024-08-22,"1.85%",-175,1.85,0
2025-12-09,2024-08-22,"2.10%",-150,2.1,0.0108155603834237
2025-12-09,2024-08-22,"2.35%",-125,2.35,0.0329601296337826
2025-12-09,2024-08-22,"2.60%",-100,2.6,0.0772027497268124
2025-12-09,2024-08-22,"2.85%",-75,2.85,0.139006988717745
2025-12-09,2024-08-22,"3.10%",-50,3.1,0.192415665691202
2025-12-09,2024-08-22,"3.35%",-25,3.35,0.204770150244055
2025-12-09,2024-08-22,"3.60%",0,3.6,0.167540436455627
2025-12-09,2024-08-22,"3.85%",25,3.85,0.105386612595687
2025-12-09,2024-08-22,"4.10%",50,4.1,0.0509603327618994
2025-12-09,2024-08-22,"4.35%",75,4.35,0.0189413737897655
2025-12-09,2024-08-22,"4.60%",100,4.6,0
2025-12-09,2024-08-22,"4.85%",125,4.85,0
2025-12-09,2024-08-22,"5.10%",150,5.1,0
2025-12-09,2024-08-22,"5.35%",175,5.35,0
2025-12-09,2024-08-22,"5.60%",200,5.6,0
2025-12-09,2024-08-22,"5.85%",225,5.85,0
2025-12-09,2024-08-22,"6.10%",250,6.1,0
2025-12-09,2024-08-23,"0.10%",-300,0.1,0
2025-12-09,2024-08-23,"0.35%",-300,0.35,0
2025-12-09,2024-08-23,"0.60%",-300,0.6,0
2025-12-09,2024-08-23,"0.85%",-275,0.85,0
2025-12-09,2024-08-23,"1.10%",-250,1.1,0
2025-12-09,2024-08-23,"1.35%",-225,1.35,0
2025-12-09,2024-08-23,"1.60%",-200,1.6,0
2025-12-09,2024-08-23,"1.85%",-175,1.85,0
2025-12-09,2024-08-23,"2.10%",-150,2.1,0
2025-12-09,2024-08-23,"2.35%",-125,2.35,0.0292792702457283
2025-12-09,2024-08-23,"2.60%",-100,2.6,0.0699072343237276
2025-12-09,2024-08-23,"2.85%",-75,2.85,0.129307865934467
2025-12-09,2024-08-23,"3.10%",-50,3.1,0.185313347199782
2025-12-09,2024-08-23,"3.35%",-25,3.35,0.205773794441901
2025-12-09,2024-08-23,"3.60%",0,3.6,0.177044200251411
2025-12-09,2024-08-23,"3.85%",25,3.85,0.118024469372456
2025-12-09,2024-08-23,"4.10%",50,4.1,0.0609586922761391
2025-12-09,2024-08-23,"4.35%",75,4.35,0.024391125954388
2025-12-09,2024-08-23,"4.60%",100,4.6,0
2025-12-09,2024-08-23,"4.85%",125,4.85,0
2025-12-09,2024-08-23,"5.10%",150,5.1,0
2025-12-09,2024-08-23,"5.35%",175,5.35,0
2025-12-09,2024-08-23,"5.60%",200,5.6,0
2025-12-09,2024-08-23,"5.85%",225,5.85,0
2025-12-09,2024-08-23,"6.10%",250,6.1,0
2025-12-09,2024-08-26,"0.10%",-300,0.1,0
2025-12-09,2024-08-26,"0.35%",-300,0.35,0
2025-12-09,2024-08-26,"0.60%",-300,0.6,0
2025-12-09,2024-08-26,"0.85%",-275,0.85,0
2025-12-09,2024-08-26,"1.10%",-250,1.1,0
2025-12-09,2024-08-26,"1.35%",-225,1.35,0
2025-12-09,2024-08-26,"1.60%",-200,1.6,0
2025-12-09,2024-08-26,"1.85%",-175,1.85,0
2025-12-09,2024-08-26,"2.10%",-150,2.1,0.0223456821674539
2025-12-09,2024-08-26,"2.35%",-125,2.35,0.0525357876333971
2025-12-09,2024-08-26,"2.60%",-100,2.6,0.0994031658487505
2025-12-09,2024-08-26,"2.85%",-75,2.85,0.151374432427448
2025-12-09,2024-08-26,"3.10%",-50,3.1,0.185536051760935
2025-12-09,2024-08-26,"3.35%",-25,3.35,0.183035552405401
2025-12-09,2024-08-26,"3.60%",0,3.6,0.145336076335807
2025-12-09,2024-08-26,"3.85%",25,3.85,0.092882374186046
2025-12-09,2024-08-26,"4.10%",50,4.1,0.0477746977268944
2025-12-09,2024-08-26,"4.35%",75,4.35,0.0197761795078673
2025-12-09,2024-08-26,"4.60%",100,4.6,0
2025-12-09,2024-08-26,"4.85%",125,4.85,0
2025-12-09,2024-08-26,"5.10%",150,5.1,0
2025-12-09,2024-08-26,"5.35%",175,5.35,0
2025-12-09,2024-08-26,"5.60%",200,5.6,0
2025-12-09,2024-08-26,"5.85%",225,5.85,0
2025-12-09,2024-08-26,"6.10%",250,6.1,0
2025-12-09,2024-08-27,"0.10%",-300,0.1,0
2025-12-09,2024-08-27,"0.35%",-300,0.35,0
2025-12-09,2024-08-27,"0.60%",-300,0.6,0
2025-12-09,2024-08-27,"0.85%",-275,0.85,0
2025-12-09,2024-08-27,"1.10%",-250,1.1,0
2025-12-09,2024-08-27,"1.35%",-225,1.35,0
2025-12-09,2024-08-27,"1.60%",-200,1.6,0
2025-12-09,2024-08-27,"1.85%",-175,1.85,0
2025-12-09,2024-08-27,"2.10%",-150,2.1,0
2025-12-09,2024-08-27,"2.35%",-125,2.35,0.0327905013260241
2025-12-09,2024-08-27,"2.60%",-100,2.6,0.0809201396691157
2025-12-09,2024-08-27,"2.85%",-75,2.85,0.149442783491279
2025-12-09,2024-08-27,"3.10%",-50,3.1,0.206566032404308
2025-12-09,2024-08-27,"3.35%",-25,3.35,0.213716792939397
2025-12-09,2024-08-27,"3.60%",0,3.6,0.16550738079688
2025-12-09,2024-08-27,"3.85%",25,3.85,0.095933696112222
2025-12-09,2024-08-27,"4.10%",50,4.1,0.0416150180318278
2025-12-09,2024-08-27,"4.35%",75,4.35,0.0135076552289464
2025-12-09,2024-08-27,"4.60%",100,4.6,0
2025-12-09,2024-08-27,"4.85%",125,4.85,0
2025-12-09,2024-08-27,"5.10%",150,5.1,0
2025-12-09,2024-08-27,"5.35%",175,5.35,0
2025-12-09,2024-08-27,"5.60%",200,5.6,0
2025-12-09,2024-08-27,"5.85%",225,5.85,0
2025-12-09,2024-08-27,"6.10%",250,6.1,0
2025-12-09,2024-08-28,"0.10%",-300,0.1,0
2025-12-09,2024-08-28,"0.35%",-300,0.35,0
2025-12-09,2024-08-28,"0.60%",-300,0.6,0
2025-12-09,2024-08-28,"0.85%",-275,0.85,0
2025-12-09,2024-08-28,"1.10%",-250,1.1,0
2025-12-09,2024-08-28,"1.35%",-225,1.35,0
2025-12-09,2024-08-28,"1.60%",-200,1.6,0
2025-12-09,2024-08-28,"1.85%",-175,1.85,0
2025-12-09,2024-08-28,"2.10%",-150,2.1,0.0140327977311439
2025-12-09,2024-08-28,"2.35%",-125,2.35,0.0372200305399874
2025-12-09,2024-08-28,"2.60%",-100,2.6,0.0787496448353314
2025-12-09,2024-08-28,"2.85%",-75,2.85,0.132920311866778
2025-12-09,2024-08-28,"3.10%",-50,3.1,0.178989457395407
2025-12-09,2024-08-28,"3.35%",-25,3.35,0.19229583500612
2025-12-09,2024-08-28,"3.60%",0,3.6,0.164824504320439
2025-12-09,2024-08-28,"3.85%",25,3.85,0.112713619566003
2025-12-09,2024-08-28,"4.10%",50,4.1,0.0614918045166945
2025-12-09,2024-08-28,"4.35%",75,4.35,0.0267619942220962
2025-12-09,2024-08-28,"4.60%",100,4.6,0
2025-12-09,2024-08-28,"4.85%",125,4.85,0
2025-12-09,2024-08-28,"5.10%",150,5.1,0
2025-12-09,2024-08-28,"5.35%",175,5.35,0
2025-12-09,2024-08-28,"5.60%",200,5.6,0
2025-12-09,2024-08-28,"5.85%",225,5.85,0
2025-12-09,2024-08-28,"6.10%",250,6.1,0
2025-12-09,2024-08-29,"0.10%",-300,0.1,0
2025-12-09,2024-08-29,"0.35%",-300,0.35,0
2025-12-09,2024-08-29,"0.60%",-300,0.6,0
2025-12-09,2024-08-29,"0.85%",-275,0.85,0
2025-12-09,2024-08-29,"1.10%",-250,1.1,0
2025-12-09,2024-08-29,"1.35%",-225,1.35,0
2025-12-09,2024-08-29,"1.60%",-200,1.6,0
2025-12-09,2024-08-29,"1.85%",-175,1.85,0
2025-12-09,2024-08-29,"2.10%",-150,2.1,0.015705175158212
2025-12-09,2024-08-29,"2.35%",-125,2.35,0.0394095371861678
2025-12-09,2024-08-29,"2.60%",-100,2.6,0.0799067770494074
2025-12-09,2024-08-29,"2.85%",-75,2.85,0.130922584536927
2025-12-09,2024-08-29,"3.10%",-50,3.1,0.17334526805772
2025-12-09,2024-08-29,"3.35%",-25,3.35,0.185475318216773
2025-12-09,2024-08-29,"3.60%",0,3.6,0.160376029257378
2025-12-09,2024-08-29,"3.85%",25,3.85,0.112064137309095
2025-12-09,2024-08-29,"4.10%",50,4.1,0.0632782815348466
2025-12-09,2024-08-29,"4.35%",75,4.35,0.0288724126096157
2025-12-09,2024-08-29,"4.60%",100,4.6,0.0106444790838568
2025-12-09,2024-08-29,"4.85%",125,4.85,0
2025-12-09,2024-08-29,"5.10%",150,5.1,0
2025-12-09,2024-08-29,"5.35%",175,5.35,0
2025-12-09,2024-08-29,"5.60%",200,5.6,0
2025-12-09,2024-08-29,"5.85%",225,5.85,0
2025-12-09,2024-08-29,"6.10%",250,6.1,0
2025-12-09,2024-08-30,"0.10%",-300,0.1,0
2025-12-09,2024-08-30,"0.35%",-300,0.35,0
2025-12-09,2024-08-30,"0.60%",-300,0.6,0
2025-12-09,2024-08-30,"0.85%",-275,0.85,0
2025-12-09,2024-08-30,"1.10%",-250,1.1,0
2025-12-09,2024-08-30,"1.35%",-225,1.35,0
2025-12-09,2024-08-30,"1.60%",-200,1.6,0
2025-12-09,2024-08-30,"1.85%",-175,1.85,0
2025-12-09,2024-08-30,"2.10%",-150,2.1,0.016613271579619
2025-12-09,2024-08-30,"2.35%",-125,2.35,0.0400254262121795
2025-12-09,2024-08-30,"2.60%",-100,2.6,0.0788775050728979
2025-12-09,2024-08-30,"2.85%",-75,2.85,0.12715306465738
2025-12-09,2024-08-30,"3.10%",-50,3.1,0.167676174496517
2025-12-09,2024-08-30,"3.35%",-25,3.35,0.180881929033715
2025-12-09,2024-08-30,"3.60%",0,3.6,0.159624897005552
2025-12-09,2024-08-30,"3.85%",25,3.85,0.115234858023118
2025-12-09,2024-08-30,"4.10%",50,4.1,0.0680510743089957
2025-12-09,2024-08-30,"4.35%",75,4.35,0.0328729108793232
2025-12-09,2024-08-30,"4.60%",100,4.6,0.0129888887307017
2025-12-09,2024-08-30,"4.85%",125,4.85,0
2025-12-09,2024-08-30,"5.10%",150,5.1,0
2025-12-09,2024-08-30,"5.35%",175,5.35,0
2025-12-09,2024-08-30,"5.60%",200,5.6,0
2025-12-09,2024-08-30,"5.85%",225,5.85,0
2025-12-09,2024-08-30,"6.10%",250,6.1,0
2025-12-09,2024-09-02,"0.10%",-300,0.1,0
2025-12-09,2024-09-02,"0.35%",-300,0.35,0
2025-12-09,2024-09-02,"0.60%",-300,0.6,0
2025-12-09,2024-09-02,"0.85%",-275,0.85,0
2025-12-09,2024-09-02,"1.10%",-250,1.1,0
2025-12-09,2024-09-02,"1.35%",-225,1.35,0
2025-12-09,2024-09-02,"1.60%",-200,1.6,0
2025-12-09,2024-09-02,"1.85%",-175,1.85,0
2025-12-09,2024-09-02,"2.10%",-150,2.1,0.0155145172564519
2025-12-09,2024-09-02,"2.35%",-125,2.35,0.0362609215173941
2025-12-09,2024-09-02,"2.60%",-100,2.6,0.0705712145789873
2025-12-09,2024-09-02,"2.85%",-75,2.85,0.11437191642305
2025-12-09,2024-09-02,"3.10%",-50,3.1,0.154356605248578
2025-12-09,2024-09-02,"3.35%",-25,3.35,0.173481009107528
2025-12-09,2024-09-02,"3.60%",0,3.6,0.162368680386103
2025-12-09,2024-09-02,"3.85%",25,3.85,0.126553643061676
2025-12-09,2024-09-02,"4.10%",50,4.1,0.0821416408831584
2025-12-09,2024-09-02,"4.35%",75,4.35,0.0443975063768686
2025-12-09,2024-09-02,"4.60%",100,4.6,0.019982345160204
2025-12-09,2024-09-02,"4.85%",125,4.85,0
2025-12-09,2024-09-02,"5.10%",150,5.1,0
2025-12-09,2024-09-02,"5.35%",175,5.35,0
2025-12-09,2024-09-02,"5.60%",200,5.6,0
2025-12-09,2024-09-02,"5.85%",225,5.85,0
2025-12-09,2024-09-02,"6.10%",250,6.1,0
2025-12-09,2024-09-03,"0.10%",-300,0.1,0
2025-12-09,2024-09-03,"0.35%",-300,0.35,0
2025-12-09,2024-09-03,"0.60%",-300,0.6,0
2025-12-09,2024-09-03,"0.85%",-275,0.85,0
2025-12-09,2024-09-03,"1.10%",-250,1.1,0
2025-12-09,2024-09-03,"1.35%",-225,1.35,0
2025-12-09,2024-09-03,"1.60%",-200,1.6,0
2025-12-09,2024-09-03,"1.85%",-175,1.85,0
2025-12-09,2024-09-03,"2.10%",-150,2.1,0.0131068520203629
2025-12-09,2024-09-03,"2.35%",-125,2.35,0.0330831552513794
2025-12-09,2024-09-03,"2.60%",-100,2.6,0.0683285456505731
2025-12-09,2024-09-03,"2.85%",-75,2.85,0.115479630340182
2025-12-09,2024-09-03,"3.10%",-50,3.1,0.159710039578453
2025-12-09,2024-09-03,"3.35%",-25,3.35,0.180755903878795
2025-12-09,2024-09-03,"3.60%",0,3.6,0.167413309491073
2025-12-09,2024-09-03,"3.85%",25,3.85,0.12688852492005
2025-12-09,2024-09-03,"4.10%",50,4.1,0.0787011687228883
2025-12-09,2024-09-03,"4.35%",75,4.35,0.0399440560909811
2025-12-09,2024-09-03,"4.60%",100,4.6,0.0165888140552623
2025-12-09,2024-09-03,"4.85%",125,4.85,0
2025-12-09,2024-09-03,"5.10%",150,5.1,0
2025-12-09,2024-09-03,"5.35%",175,5.35,0
2025-12-09,2024-09-03,"5.60%",200,5.6,0
2025-12-09,2024-09-03,"5.85%",225,5.85,0
2025-12-09,2024-09-03,"6.10%",250,6.1,0
2025-12-09,2024-09-04,"0.10%",-300,0.1,0
2025-12-09,2024-09-04,"0.35%",-300,0.35,0
2025-12-09,2024-09-04,"0.60%",-300,0.6,0
2025-12-09,2024-09-04,"0.85%",-275,0.85,0
2025-12-09,2024-09-04,"1.10%",-250,1.1,0
2025-12-09,2024-09-04,"1.35%",-225,1.35,0
2025-12-09,2024-09-04,"1.60%",-200,1.6,0
2025-12-09,2024-09-04,"1.85%",-175,1.85,0
2025-12-09,2024-09-04,"2.10%",-150,2.1,0.0197962593034286
2025-12-09,2024-09-04,"2.35%",-125,2.35,0.0438064862780782
2025-12-09,2024-09-04,"2.60%",-100,2.6,0.0809182474827061
2025-12-09,2024-09-04,"2.85%",-75,2.85,0.124772967085729
2025-12-09,2024-09-04,"3.10%",-50,3.1,0.160609044187063
2025-12-09,2024-09-04,"3.35%",-25,3.35,0.172584000718788
2025-12-09,2024-09-04,"3.60%",0,3.6,0.154815237571249
2025-12-09,2024-09-04,"3.85%",25,3.85,0.115933006930428
2025-12-09,2024-09-04,"4.10%",50,4.1,0.0724726832770504
2025-12-09,2024-09-04,"4.35%",75,4.35,0.0378185762874572
2025-12-09,2024-09-04,"4.60%",100,4.6,0.0164734908780231
2025-12-09,2024-09-04,"4.85%",125,4.85,0
2025-12-09,2024-09-04,"5.10%",150,5.1,0
2025-12-09,2024-09-04,"5.35%",175,5.35,0
2025-12-09,2024-09-04,"5.60%",200,5.6,0
2025-12-09,2024-09-04,"5.85%",225,5.85,0
2025-12-09,2024-09-04,"6.10%",250,6.1,0
2025-12-09,2024-09-05,"0.10%",-300,0.1,0
2025-12-09,2024-09-05,"0.35%",-300,0.35,0
2025-12-09,2024-09-05,"0.60%",-300,0.6,0
2025-12-09,2024-09-05,"0.85%",-275,0.85,0
2025-12-09,2024-09-05,"1.10%",-250,1.1,0
2025-12-09,2024-09-05,"1.35%",-225,1.35,0
2025-12-09,2024-09-05,"1.60%",-200,1.6,0
2025-12-09,2024-09-05,"1.85%",-175,1.85,0
2025-12-09,2024-09-05,"2.10%",-150,2.1,0.0160702120674749
2025-12-09,2024-09-05,"2.35%",-125,2.35,0.0405731829679125
2025-12-09,2024-09-05,"2.60%",-100,2.6,0.0824591104251406
2025-12-09,2024-09-05,"2.85%",-75,2.85,0.134910795634087
2025-12-09,2024-09-05,"3.10%",-50,3.1,0.177697766091267
2025-12-09,2024-09-05,"3.35%",-25,3.35,0.188432171358445
2025-12-09,2024-09-05,"3.60%",0,3.6,0.160867469494046
2025-12-09,2024-09-05,"3.85%",25,3.85,0.110564417473304
2025-12-09,2024-09-05,"4.10%",50,4.1,0.0611761491916461
2025-12-09,2024-09-05,"4.35%",75,4.35,0.0272487252966782
2025-12-09,2024-09-05,"4.60%",100,4.6,0
2025-12-09,2024-09-05,"4.85%",125,4.85,0
2025-12-09,2024-09-05,"5.10%",150,5.1,0
2025-12-09,2024-09-05,"5.35%",175,5.35,0
2025-12-09,2024-09-05,"5.60%",200,5.6,0
2025-12-09,2024-09-05,"5.85%",225,5.85,0
2025-12-09,2024-09-05,"6.10%",250,6.1,0
2025-12-09,2024-09-06,"0.10%",-300,0.1,0
2025-12-09,2024-09-06,"0.35%",-300,0.35,0
2025-12-09,2024-09-06,"0.60%",-300,0.6,0
2025-12-09,2024-09-06,"0.85%",-275,0.85,0
2025-12-09,2024-09-06,"1.10%",-250,1.1,0
2025-12-09,2024-09-06,"1.35%",-225,1.35,0
2025-12-09,2024-09-06,"1.60%",-200,1.6,0
2025-12-09,2024-09-06,"1.85%",-175,1.85,0.0131317812376179
2025-12-09,2024-09-06,"2.10%",-150,2.1,0.0298828893210467
2025-12-09,2024-09-06,"2.35%",-125,2.35,0.0578330406038405
2025-12-09,2024-09-06,"2.60%",-100,2.6,0.0951906138543382
2025-12-09,2024-09-06,"2.85%",-75,2.85,0.133255358166267
2025-12-09,2024-09-06,"3.10%",-50,3.1,0.158654722287909
2025-12-09,2024-09-06,"3.35%",-25,3.35,0.160657820212652
2025-12-09,2024-09-06,"3.60%",0,3.6,0.138366667741379
2025-12-09,2024-09-06,"3.85%",25,3.85,0.10135366566932
2025-12-09,2024-09-06,"4.10%",50,4.1,0.0631423700515487
2025-12-09,2024-09-06,"4.35%",75,4.35,0.0334555616361052
2025-12-09,2024-09-06,"4.60%",100,4.6,0.0150755092179758
2025-12-09,2024-09-06,"4.85%",125,4.85,0
2025-12-09,2024-09-06,"5.10%",150,5.1,0
2025-12-09,2024-09-06,"5.35%",175,5.35,0
2025-12-09,2024-09-06,"5.60%",200,5.6,0
2025-12-09,2024-09-06,"5.85%",225,5.85,0
2025-12-09,2024-09-06,"6.10%",250,6.1,0
2025-12-09,2024-09-09,"0.10%",-300,0.1,0
2025-12-09,2024-09-09,"0.35%",-300,0.35,0
2025-12-09,2024-09-09,"0.60%",-300,0.6,0
2025-12-09,2024-09-09,"0.85%",-275,0.85,0
2025-12-09,2024-09-09,"1.10%",-250,1.1,0
2025-12-09,2024-09-09,"1.35%",-225,1.35,0
2025-12-09,2024-09-09,"1.60%",-200,1.6,0.0118962606553712
2025-12-09,2024-09-09,"1.85%",-175,1.85,0.0231619759423704
2025-12-09,2024-09-09,"2.10%",-150,2.1,0.0405130965248412
2025-12-09,2024-09-09,"2.35%",-125,2.35,0.0636608537826357
2025-12-09,2024-09-09,"2.60%",-100,2.6,0.089868749065008
2025-12-09,2024-09-09,"2.85%",-75,2.85,0.113973979212861
2025-12-09,2024-09-09,"3.10%",-50,3.1,0.129856766028804
2025-12-09,2024-09-09,"3.35%",-25,3.35,0.132918645387839
2025-12-09,2024-09-09,"3.60%",0,3.6,0.122227741950243
2025-12-09,2024-09-09,"3.85%",25,3.85,0.100975461403675
2025-12-09,2024-09-09,"4.10%",50,4.1,0.0749416429860487
2025-12-09,2024-09-09,"4.35%",75,4.35,0.0499678344755999
2025-12-09,2024-09-09,"4.60%",100,4.6,0.0299306379840164
2025-12-09,2024-09-09,"4.85%",125,4.85,0.0161063546006861
2025-12-09,2024-09-09,"5.10%",150,5.1,0
2025-12-09,2024-09-09,"5.35%",175,5.35,0
2025-12-09,2024-09-09,"5.60%",200,5.6,0
2025-12-09,2024-09-09,"5.85%",225,5.85,0
2025-12-09,2024-09-09,"6.10%",250,6.1,0
2025-12-09,2024-09-10,"0.10%",-300,0.1,0
2025-12-09,2024-09-10,"0.35%",-300,0.35,0
2025-12-09,2024-09-10,"0.60%",-300,0.6,0
2025-12-09,2024-09-10,"0.85%",-275,0.85,0
2025-12-09,2024-09-10,"1.10%",-250,1.1,0
2025-12-09,2024-09-10,"1.35%",-225,1.35,0
2025-12-09,2024-09-10,"1.60%",-200,1.6,0
2025-12-09,2024-09-10,"1.85%",-175,1.85,0.0119546823694662
2025-12-09,2024-09-10,"2.10%",-150,2.1,0.0283900592978447
2025-12-09,2024-09-10,"2.35%",-125,2.35,0.0568069173618716
2025-12-09,2024-09-10,"2.60%",-100,2.6,0.0957757195707341
2025-12-09,2024-09-10,"2.85%",-75,2.85,0.136062535529539
2025-12-09,2024-09-10,"3.10%",-50,3.1,0.162876040084158
2025-12-09,2024-09-10,"3.35%",-25,3.35,0.164291366238008
2025-12-09,2024-09-10,"3.60%",0,3.6,0.139640482528085
2025-12-09,2024-09-10,"3.85%",25,3.85,0.100010116869217
2025-12-09,2024-09-10,"4.10%",50,4.1,0.0603540294416955
2025-12-09,2024-09-10,"4.35%",75,4.35,0.0306894422962317
2025-12-09,2024-09-10,"4.60%",100,4.6,0.0131486084131482
2025-12-09,2024-09-10,"4.85%",125,4.85,0
2025-12-09,2024-09-10,"5.10%",150,5.1,0
2025-12-09,2024-09-10,"5.35%",175,5.35,0
2025-12-09,2024-09-10,"5.60%",200,5.6,0
2025-12-09,2024-09-10,"5.85%",225,5.85,0
2025-12-09,2024-09-10,"6.10%",250,6.1,0
2025-12-09,2024-09-11,"0.10%",-300,0.1,0
2025-12-09,2024-09-11,"0.35%",-300,0.35,0
2025-12-09,2024-09-11,"0.60%",-300,0.6,0
2025-12-09,2024-09-11,"0.85%",-275,0.85,0
2025-12-09,2024-09-11,"1.10%",-250,1.1,0
2025-12-09,2024-09-11,"1.35%",-225,1.35,0
2025-12-09,2024-09-11,"1.60%",-200,1.6,0
2025-12-09,2024-09-11,"1.85%",-175,1.85,0.0144121647937966
2025-12-09,2024-09-11,"2.10%",-150,2.1,0.0338688235031072
2025-12-09,2024-09-11,"2.35%",-125,2.35,0.0665048653819762
2025-12-09,2024-09-11,"2.60%",-100,2.6,0.1091197468314
2025-12-09,2024-09-11,"2.85%",-75,2.85,0.149609959943775
2025-12-09,2024-09-11,"3.10%",-50,3.1,0.171408252319039
2025-12-09,2024-09-11,"3.35%",-25,3.35,0.164104305905638
2025-12-09,2024-09-11,"3.60%",0,3.6,0.131287780048191
2025-12-09,2024-09-11,"3.85%",25,3.85,0.0877687389378379
2025-12-09,2024-09-11,"4.10%",50,4.1,0.0490295556066346
2025-12-09,2024-09-11,"4.35%",75,4.35,0.0228858067286052
2025-12-09,2024-09-11,"4.60%",100,4.6,0
2025-12-09,2024-09-11,"4.85%",125,4.85,0
2025-12-09,2024-09-11,"5.10%",150,5.1,0
2025-12-09,2024-09-11,"5.35%",175,5.35,0
2025-12-09,2024-09-11,"5.60%",200,5.6,0
2025-12-09,2024-09-11,"5.85%",225,5.85,0
2025-12-09,2024-09-11,"6.10%",250,6.1,0
2025-12-09,2024-09-12,"0.10%",-300,0.1,0
2025-12-09,2024-09-12,"0.35%",-300,0.35,0
2025-12-09,2024-09-12,"0.60%",-300,0.6,0
2025-12-09,2024-09-12,"0.85%",-275,0.85,0
2025-12-09,2024-09-12,"1.10%",-250,1.1,0
2025-12-09,2024-09-12,"1.35%",-225,1.35,0
2025-12-09,2024-09-12,"1.60%",-200,1.6,0
2025-12-09,2024-09-12,"1.85%",-175,1.85,0.0119850090735569
2025-12-09,2024-09-12,"2.10%",-150,2.1,0.0299969616386221
2025-12-09,2024-09-12,"2.35%",-125,2.35,0.062057776396786
2025-12-09,2024-09-12,"2.60%",-100,2.6,0.10612394093534
2025-12-09,2024-09-12,"2.85%",-75,2.85,0.150017671387028
2025-12-09,2024-09-12,"3.10%",-50,3.1,0.17530419362001
2025-12-09,2024-09-12,"3.35%",-25,3.35,0.169342934505023
2025-12-09,2024-09-12,"3.60%",0,3.6,0.13522775719913
2025-12-09,2024-09-12,"3.85%",25,3.85,0.0892653171158384
2025-12-09,2024-09-12,"4.10%",50,4.1,0.048708764857624
2025-12-09,2024-09-12,"4.35%",75,4.35,0.0219696732710421
2025-12-09,2024-09-12,"4.60%",100,4.6,0
2025-12-09,2024-09-12,"4.85%",125,4.85,0
2025-12-09,2024-09-12,"5.10%",150,5.1,0
2025-12-09,2024-09-12,"5.35%",175,5.35,0
2025-12-09,2024-09-12,"5.60%",200,5.6,0
2025-12-09,2024-09-12,"5.85%",225,5.85,0
2025-12-09,2024-09-12,"6.10%",250,6.1,0
2025-12-09,2024-09-13,"0.10%",-300,0.1,0
2025-12-09,2024-09-13,"0.35%",-300,0.35,0
2025-12-09,2024-09-13,"0.60%",-300,0.6,0
2025-12-09,2024-09-13,"0.85%",-275,0.85,0
2025-12-09,2024-09-13,"1.10%",-250,1.1,0
2025-12-09,2024-09-13,"1.35%",-225,1.35,0
2025-12-09,2024-09-13,"1.60%",-200,1.6,0
2025-12-09,2024-09-13,"1.85%",-175,1.85,0.0155741344434184
2025-12-09,2024-09-13,"2.10%",-150,2.1,0.0373417101434054
2025-12-09,2024-09-13,"2.35%",-125,2.35,0.0737740175385072
2025-12-09,2024-09-13,"2.60%",-100,2.6,0.120101822467973
2025-12-09,2024-09-13,"2.85%",-75,2.85,0.161118644978561
2025-12-09,2024-09-13,"3.10%",-50,3.1,0.178114814965341
2025-12-09,2024-09-13,"3.35%",-25,3.35,0.1622613463212
2025-12-09,2024-09-13,"3.60%",0,3.6,0.121811513581089
2025-12-09,2024-09-13,"3.85%",25,3.85,0.0753549919031458
2025-12-09,2024-09-13,"4.10%",50,4.1,0.0384125566234366
2025-12-09,2024-09-13,"4.35%",75,4.35,0.0161344470339225
2025-12-09,2024-09-13,"4.60%",100,4.6,0
2025-12-09,2024-09-13,"4.85%",125,4.85,0
2025-12-09,2024-09-13,"5.10%",150,5.1,0
2025-12-09,2024-09-13,"5.35%",175,5.35,0
2025-12-09,2024-09-13,"5.60%",200,5.6,0
2025-12-09,2024-09-13,"5.85%",225,5.85,0
2025-12-09,2024-09-13,"6.10%",250,6.1,0
2025-12-09,2024-09-16,"0.10%",-300,0.1,0
2025-12-09,2024-09-16,"0.35%",-300,0.35,0
2025-12-09,2024-09-16,"0.60%",-300,0.6,0
2025-12-09,2024-09-16,"0.85%",-275,0.85,0
2025-12-09,2024-09-16,"1.10%",-250,1.1,0
2025-12-09,2024-09-16,"1.35%",-225,1.35,0
2025-12-09,2024-09-16,"1.60%",-200,1.6,0
2025-12-09,2024-09-16,"1.85%",-175,1.85,0.0180212295791847
2025-12-09,2024-09-16,"2.10%",-150,2.1,0.0416312735210858
2025-12-09,2024-09-16,"2.35%",-125,2.35,0.0794980635767908
2025-12-09,2024-09-16,"2.60%",-100,2.6,0.125490626711234
2025-12-09,2024-09-16,"2.85%",-75,2.85,0.16375539413275
2025-12-09,2024-09-16,"3.10%",-50,3.1,0.176651133898297
2025-12-09,2024-09-16,"3.35%",-25,3.35,0.157534510674941
2025-12-09,2024-09-16,"3.60%",0,3.6,0.116136963790677
2025-12-09,2024-09-16,"3.85%",25,3.85,0.0707771088541155
2025-12-09,2024-09-16,"4.10%",50,4.1,0.0356557930074091
2025-12-09,2024-09-16,"4.35%",75,4.35,0.0148479022535157
2025-12-09,2024-09-16,"4.60%",100,4.6,0
2025-12-09,2024-09-16,"4.85%",125,4.85,0
2025-12-09,2024-09-16,"5.10%",150,5.1,0
2025-12-09,2024-09-16,"5.35%",175,5.35,0
2025-12-09,2024-09-16,"5.60%",200,5.6,0
2025-12-09,2024-09-16,"5.85%",225,5.85,0
2025-12-09,2024-09-16,"6.10%",250,6.1,0
2025-12-09,2024-09-17,"0.10%",-300,0.1,0
2025-12-09,2024-09-17,"0.35%",-300,0.35,0
2025-12-09,2024-09-17,"0.60%",-300,0.6,0
2025-12-09,2024-09-17,"0.85%",-275,0.85,0
2025-12-09,2024-09-17,"1.10%",-250,1.1,0
2025-12-09,2024-09-17,"1.35%",-225,1.35,0
2025-12-09,2024-09-17,"1.60%",-200,1.6,0
2025-12-09,2024-09-17,"1.85%",-175,1.85,0.0171887941391747
2025-12-09,2024-09-17,"2.10%",-150,2.1,0.0396348865521508
2025-12-09,2024-09-17,"2.35%",-125,2.35,0.0758977432905151
2025-12-09,2024-09-17,"2.60%",-100,2.6,0.120701962048289
2025-12-09,2024-09-17,"2.85%",-75,2.85,0.159420823488081
2025-12-09,2024-09-17,"3.10%",-50,3.1,0.174874991321188
2025-12-09,2024-09-17,"3.35%",-25,3.35,0.159317887664629
2025-12-09,2024-09-17,"3.60%",0,3.6,0.120546136863786
2025-12-09,2024-09-17,"3.85%",25,3.85,0.0757508089924952
2025-12-09,2024-09-17,"4.10%",50,4.1,0.0395326048089102
2025-12-09,2024-09-17,"4.35%",75,4.35,0.0171333608307816
2025-12-09,2024-09-17,"4.60%",100,4.6,0
2025-12-09,2024-09-17,"4.85%",125,4.85,0
2025-12-09,2024-09-17,"5.10%",150,5.1,0
2025-12-09,2024-09-17,"5.35%",175,5.35,0
2025-12-09,2024-09-17,"5.60%",200,5.6,0
2025-12-09,2024-09-17,"5.85%",225,5.85,0
2025-12-09,2024-09-17,"6.10%",250,6.1,0
2025-12-09,2024-09-18,"0.10%",-300,0.1,0
2025-12-09,2024-09-18,"0.35%",-300,0.35,0
2025-12-09,2024-09-18,"0.60%",-300,0.6,0
2025-12-09,2024-09-18,"0.85%",-275,0.85,0
2025-12-09,2024-09-18,"1.10%",-250,1.1,0
2025-12-09,2024-09-18,"1.35%",-225,1.35,0
2025-12-09,2024-09-18,"1.60%",-200,1.6,0
2025-12-09,2024-09-18,"1.85%",-175,1.85,0.0123734252176504
2025-12-09,2024-09-18,"2.10%",-150,2.1,0.0319472309453738
2025-12-09,2024-09-18,"2.35%",-125,2.35,0.0671861180103745
2025-12-09,2024-09-18,"2.60%",-100,2.6,0.11509386278753
2025-12-09,2024-09-18,"2.85%",-75,2.85,0.160608404073929
2025-12-09,2024-09-18,"3.10%",-50,3.1,0.182573881077388
2025-12-09,2024-09-18,"3.35%",-25,3.35,0.169070366876367
2025-12-09,2024-09-18,"3.60%",0,3.6,0.127541728212
2025-12-09,2024-09-18,"3.85%",25,3.85,0.0783761448508321
2025-12-09,2024-09-18,"4.10%",50,4.1,0.039232562703231
2025-12-09,2024-09-18,"4.35%",75,4.35,0.0159962752453254
2025-12-09,2024-09-18,"4.60%",100,4.6,0
2025-12-09,2024-09-18,"4.85%",125,4.85,0
2025-12-09,2024-09-18,"5.10%",150,5.1,0
2025-12-09,2024-09-18,"5.35%",175,5.35,0
2025-12-09,2024-09-18,"5.60%",200,5.6,0
2025-12-09,2024-09-18,"5.85%",225,5.85,0
2025-12-09,2024-09-18,"6.10%",250,6.1,0
2025-12-09,2024-09-19,"0.10%",-300,0.1,0
2025-12-09,2024-09-19,"0.35%",-300,0.35,0
2025-12-09,2024-09-19,"0.60%",-300,0.6,0
2025-12-09,2024-09-19,"0.85%",-275,0.85,0
2025-12-09,2024-09-19,"1.10%",-250,1.1,0
2025-12-09,2024-09-19,"1.35%",-225,1.35,0
2025-12-09,2024-09-19,"1.60%",-200,1.6,0
2025-12-09,2024-09-19,"1.85%",-175,1.85,0
2025-12-09,2024-09-19,"2.10%",-150,2.1,0.0214843228958213
2025-12-09,2024-09-19,"2.35%",-125,2.35,0.0511329155715566
2025-12-09,2024-09-19,"2.60%",-100,2.6,0.0977867221659878
2025-12-09,2024-09-19,"2.85%",-75,2.85,0.150274256198365
2025-12-09,2024-09-19,"3.10%",-50,3.1,0.185580133864398
2025-12-09,2024-09-19,"3.35%",-25,3.35,0.184174262610876
2025-12-09,2024-09-19,"3.60%",0,3.6,0.146884731205621
2025-12-09,2024-09-19,"3.85%",25,3.85,0.0941381510340475
2025-12-09,2024-09-19,"4.10%",50,4.1,0.0484817808706099
2025-12-09,2024-09-19,"4.35%",75,4.35,0.0200627235827158
2025-12-09,2024-09-19,"4.60%",100,4.6,0
2025-12-09,2024-09-19,"4.85%",125,4.85,0
2025-12-09,2024-09-19,"5.10%",150,5.1,0
2025-12-09,2024-09-19,"5.35%",175,5.35,0
2025-12-09,2024-09-19,"5.60%",200,5.6,0
2025-12-09,2024-09-19,"5.85%",225,5.85,0
2025-12-09,2024-09-19,"6.10%",250,6.1,0
2025-12-09,2024-09-20,"0.10%",-300,0.1,0
2025-12-09,2024-09-20,"0.35%",-300,0.35,0
2025-12-09,2024-09-20,"0.60%",-300,0.6,0
2025-12-09,2024-09-20,"0.85%",-275,0.85,0
2025-12-09,2024-09-20,"1.10%",-250,1.1,0
2025-12-09,2024-09-20,"1.35%",-225,1.35,0
2025-12-09,2024-09-20,"1.60%",-200,1.6,0
2025-12-09,2024-09-20,"1.85%",-175,1.85,0
2025-12-09,2024-09-20,"2.10%",-150,2.1,0.0221414916253449
2025-12-09,2024-09-20,"2.35%",-125,2.35,0.0537569995439296
2025-12-09,2024-09-20,"2.60%",-100,2.6,0.103577271376738
2025-12-09,2024-09-20,"2.85%",-75,2.85,0.15838900023494
2025-12-09,2024-09-20,"3.10%",-50,3.1,0.192236730829532
2025-12-09,2024-09-20,"3.35%",-25,3.35,0.185185772032997
2025-12-09,2024-09-20,"3.60%",0,3.6,0.141591437762705
2025-12-09,2024-09-20,"3.85%",25,3.85,0.0859234963248793
2025-12-09,2024-09-20,"4.10%",50,4.1,0.0413818049297525
2025-12-09,2024-09-20,"4.35%",75,4.35,0.0158159953391818
2025-12-09,2024-09-20,"4.60%",100,4.6,0
2025-12-09,2024-09-20,"4.85%",125,4.85,0
2025-12-09,2024-09-20,"5.10%",150,5.1,0
2025-12-09,2024-09-20,"5.35%",175,5.35,0
2025-12-09,2024-09-20,"5.60%",200,5.6,0
2025-12-09,2024-09-20,"5.85%",225,5.85,0
2025-12-09,2024-09-20,"6.10%",250,6.1,0
2025-12-09,2024-09-23,"0.10%",-300,0.1,0
2025-12-09,2024-09-23,"0.35%",-300,0.35,0
2025-12-09,2024-09-23,"0.60%",-300,0.6,0
2025-12-09,2024-09-23,"0.85%",-275,0.85,0
2025-12-09,2024-09-23,"1.10%",-250,1.1,0
2025-12-09,2024-09-23,"1.35%",-225,1.35,0
2025-12-09,2024-09-23,"1.60%",-200,1.6,0
2025-12-09,2024-09-23,"1.85%",-175,1.85,0
2025-12-09,2024-09-23,"2.10%",-150,2.1,0.0143977383368502
2025-12-09,2024-09-23,"2.35%",-125,2.35,0.0412661398279796
2025-12-09,2024-09-23,"2.60%",-100,2.6,0.0908775778097698
2025-12-09,2024-09-23,"2.85%",-75,2.85,0.153792652277327
2025-12-09,2024-09-23,"3.10%",-50,3.1,0.200016781454499
2025-12-09,2024-09-23,"3.35%",-25,3.35,0.199925230641026
2025-12-09,2024-09-23,"3.60%",0,3.6,0.153581557656441
2025-12-09,2024-09-23,"3.85%",25,3.85,0.0906697543839568
2025-12-09,2024-09-23,"4.10%",50,4.1,0.0411340622842427
2025-12-09,2024-09-23,"4.35%",75,4.35,0.0143385053279084
2025-12-09,2024-09-23,"4.60%",100,4.6,0
2025-12-09,2024-09-23,"4.85%",125,4.85,0
2025-12-09,2024-09-23,"5.10%",150,5.1,0
2025-12-09,2024-09-23,"5.35%",175,5.35,0
2025-12-09,2024-09-23,"5.60%",200,5.6,0
2025-12-09,2024-09-23,"5.85%",225,5.85,0
2025-12-09,2024-09-23,"6.10%",250,6.1,0
2025-12-09,2024-09-24,"0.10%",-300,0.1,0
2025-12-09,2024-09-24,"0.35%",-300,0.35,0
2025-12-09,2024-09-24,"0.60%",-300,0.6,0
2025-12-09,2024-09-24,"0.85%",-275,0.85,0
2025-12-09,2024-09-24,"1.10%",-250,1.1,0
2025-12-09,2024-09-24,"1.35%",-225,1.35,0
2025-12-09,2024-09-24,"1.60%",-200,1.6,0
2025-12-09,2024-09-24,"1.85%",-175,1.85,0
2025-12-09,2024-09-24,"2.10%",-150,2.1,0.0261501506776907
2025-12-09,2024-09-24,"2.35%",-125,2.35,0.0669980312673447
2025-12-09,2024-09-24,"2.60%",-100,2.6,0.130060460824365
2025-12-09,2024-09-24,"2.85%",-75,2.85,0.191327110856043
2025-12-09,2024-09-24,"3.10%",-50,3.1,0.213298126617417
2025-12-09,2024-09-24,"3.35%",-25,3.35,0.180212865725431
2025-12-09,2024-09-24,"3.60%",0,3.6,0.115387550586397
2025-12-09,2024-09-24,"3.85%",25,3.85,0.0559848462231228
2025-12-09,2024-09-24,"4.10%",50,4.1,0.0205808572221883
2025-12-09,2024-09-24,"4.35%",75,4.35,0
2025-12-09,2024-09-24,"4.60%",100,4.6,0
2025-12-09,2024-09-24,"4.85%",125,4.85,0
2025-12-09,2024-09-24,"5.10%",150,5.1,0
2025-12-09,2024-09-24,"5.35%",175,5.35,0
2025-12-09,2024-09-24,"5.60%",200,5.6,0
2025-12-09,2024-09-24,"5.85%",225,5.85,0
2025-12-09,2024-09-24,"6.10%",250,6.1,0
2025-12-09,2024-09-25,"0.10%",-300,0.1,0
2025-12-09,2024-09-25,"0.35%",-300,0.35,0
2025-12-09,2024-09-25,"0.60%",-300,0.6,0
2025-12-09,2024-09-25,"0.85%",-275,0.85,0
2025-12-09,2024-09-25,"1.10%",-250,1.1,0
2025-12-09,2024-09-25,"1.35%",-225,1.35,0
2025-12-09,2024-09-25,"1.60%",-200,1.6,0
2025-12-09,2024-09-25,"1.85%",-175,1.85,0
2025-12-09,2024-09-25,"2.10%",-150,2.1,0.0295187449308803
2025-12-09,2024-09-25,"2.35%",-125,2.35,0.068409124471928
2025-12-09,2024-09-25,"2.60%",-100,2.6,0.124615515038875
2025-12-09,2024-09-25,"2.85%",-75,2.85,0.178444502359853
2025-12-09,2024-09-25,"3.10%",-50,3.1,0.200875109795156
2025-12-09,2024-09-25,"3.35%",-25,3.35,0.177765419303099
2025-12-09,2024-09-25,"3.60%",0,3.6,0.123668795981769
2025-12-09,2024-09-25,"3.85%",25,3.85,0.0676309605318533
2025-12-09,2024-09-25,"4.10%",50,4.1,0.0290718275865864
2025-12-09,2024-09-25,"4.35%",75,4.35,0
2025-12-09,2024-09-25,"4.60%",100,4.6,0
2025-12-09,2024-09-25,"4.85%",125,4.85,0
2025-12-09,2024-09-25,"5.10%",150,5.1,0
2025-12-09,2024-09-25,"5.35%",175,5.35,0
2025-12-09,2024-09-25,"5.60%",200,5.6,0
2025-12-09,2024-09-25,"5.85%",225,5.85,0
2025-12-09,2024-09-25,"6.10%",250,6.1,0
2025-12-09,2024-09-26,"0.10%",-300,0.1,0
2025-12-09,2024-09-26,"0.35%",-300,0.35,0
2025-12-09,2024-09-26,"0.60%",-300,0.6,0
2025-12-09,2024-09-26,"0.85%",-275,0.85,0
2025-12-09,2024-09-26,"1.10%",-250,1.1,0
2025-12-09,2024-09-26,"1.35%",-225,1.35,0
2025-12-09,2024-09-26,"1.60%",-200,1.6,0
2025-12-09,2024-09-26,"1.85%",-175,1.85,0
2025-12-09,2024-09-26,"2.10%",-150,2.1,0.0251518658729685
2025-12-09,2024-09-26,"2.35%",-125,2.35,0.0608272431755908
2025-12-09,2024-09-26,"2.60%",-100,2.6,0.115284348859505
2025-12-09,2024-09-26,"2.85%",-75,2.85,0.17124624893074
2025-12-09,2024-09-26,"3.10%",-50,3.1,0.199375546179355
2025-12-09,2024-09-26,"3.35%",-25,3.35,0.181941267188997
2025-12-09,2024-09-26,"3.60%",0,3.6,0.130134960603993
2025-12-09,2024-09-26,"3.85%",25,3.85,0.0729527780303529
2025-12-09,2024-09-26,"4.10%",50,4.1,0.0320511497779888
2025-12-09,2024-09-26,"4.35%",75,4.35,0.0110345913805096
2025-12-09,2024-09-26,"4.60%",100,4.6,0
2025-12-09,2024-09-26,"4.85%",125,4.85,0
2025-12-09,2024-09-26,"5.10%",150,5.1,0
2025-12-09,2024-09-26,"5.35%",175,5.35,0
2025-12-09,2024-09-26,"5.60%",200,5.6,0
2025-12-09,2024-09-26,"5.85%",225,5.85,0
2025-12-09,2024-09-26,"6.10%",250,6.1,0
2025-12-09,2024-09-27,"0.10%",-300,0.1,0
2025-12-09,2024-09-27,"0.35%",-300,0.35,0
2025-12-09,2024-09-27,"0.60%",-300,0.6,0
2025-12-09,2024-09-27,"0.85%",-275,0.85,0
2025-12-09,2024-09-27,"1.10%",-250,1.1,0
2025-12-09,2024-09-27,"1.35%",-225,1.35,0
2025-12-09,2024-09-27,"1.60%",-200,1.6,0
2025-12-09,2024-09-27,"1.85%",-175,1.85,0
2025-12-09,2024-09-27,"2.10%",-150,2.1,0.0213704766645281
2025-12-09,2024-09-27,"2.35%",-125,2.35,0.0533627450107042
2025-12-09,2024-09-27,"2.60%",-100,2.6,0.104750962114757
2025-12-09,2024-09-27,"2.85%",-75,2.85,0.161662149642701
2025-12-09,2024-09-27,"3.10%",-50,3.1,0.196160640002187
2025-12-09,2024-09-27,"3.35%",-25,3.35,0.18714526145076
2025-12-09,2024-09-27,"3.60%",0,3.6,0.140380486883217
2025-12-09,2024-09-27,"3.85%",25,3.85,0.0827904821138358
2025-12-09,2024-09-27,"4.10%",50,4.1,0.038385958485633
2025-12-09,2024-09-27,"4.35%",75,4.35,0.0139908376316762
2025-12-09,2024-09-27,"4.60%",100,4.6,0
2025-12-09,2024-09-27,"4.85%",125,4.85,0
2025-12-09,2024-09-27,"5.10%",150,5.1,0
2025-12-09,2024-09-27,"5.35%",175,5.35,0
2025-12-09,2024-09-27,"5.60%",200,5.6,0
2025-12-09,2024-09-27,"5.85%",225,5.85,0
2025-12-09,2024-09-27,"6.10%",250,6.1,0
2025-12-09,2024-09-30,"0.10%",-300,0.1,0
2025-12-09,2024-09-30,"0.35%",-300,0.35,0
2025-12-09,2024-09-30,"0.60%",-300,0.6,0
2025-12-09,2024-09-30,"0.85%",-275,0.85,0
2025-12-09,2024-09-30,"1.10%",-250,1.1,0
2025-12-09,2024-09-30,"1.35%",-225,1.35,0
2025-12-09,2024-09-30,"1.60%",-200,1.6,0
2025-12-09,2024-09-30,"1.85%",-175,1.85,0
2025-12-09,2024-09-30,"2.10%",-150,2.1,0.0213570820877008
2025-12-09,2024-09-30,"2.35%",-125,2.35,0.0530342151378795
2025-12-09,2024-09-30,"2.60%",-100,2.6,0.103811131681565
2025-12-09,2024-09-30,"2.85%",-75,2.85,0.160191148709031
2025-12-09,2024-09-30,"3.10%",-50,3.1,0.194877572125758
2025-12-09,2024-09-30,"3.35%",-25,3.35,0.186906323955647
2025-12-09,2024-09-30,"3.60%",0,3.6,0.141326231159001
2025-12-09,2024-09-30,"3.85%",25,3.85,0.0842449617620695
2025-12-09,2024-09-30,"4.10%",50,4.1,0.039587809703989
2025-12-09,2024-09-30,"4.35%",75,4.35,0.0146635236773597
2025-12-09,2024-09-30,"4.60%",100,4.6,0
2025-12-09,2024-09-30,"4.85%",125,4.85,0
2025-12-09,2024-09-30,"5.10%",150,5.1,0
2025-12-09,2024-09-30,"5.35%",175,5.35,0
2025-12-09,2024-09-30,"5.60%",200,5.6,0
2025-12-09,2024-09-30,"5.85%",225,5.85,0
2025-12-09,2024-09-30,"6.10%",250,6.1,0
2025-12-09,2024-10-01,"0.10%",-300,0.1,0
2025-12-09,2024-10-01,"0.35%",-300,0.35,0
2025-12-09,2024-10-01,"0.60%",-300,0.6,0
2025-12-09,2024-10-01,"0.85%",-275,0.85,0
2025-12-09,2024-10-01,"1.10%",-250,1.1,0
2025-12-09,2024-10-01,"1.35%",-225,1.35,0
2025-12-09,2024-10-01,"1.60%",-200,1.6,0
2025-12-09,2024-10-01,"1.85%",-175,1.85,0
2025-12-09,2024-10-01,"2.10%",-150,2.1,0.0182985071530072
2025-12-09,2024-10-01,"2.35%",-125,2.35,0.0460237381583967
2025-12-09,2024-10-01,"2.60%",-100,2.6,0.0921844630488152
2025-12-09,2024-10-01,"2.85%",-75,2.85,0.147052764971109
2025-12-09,2024-10-01,"3.10%",-50,3.1,0.186830982222981
2025-12-09,2024-10-01,"3.35%",-25,3.35,0.189058210880695
2025-12-09,2024-10-01,"3.60%",0,3.6,0.152374981986332
2025-12-09,2024-10-01,"3.85%",25,3.85,0.0978123318530915
2025-12-09,2024-10-01,"4.10%",50,4.1,0.0500052702040591
2025-12-09,2024-10-01,"4.35%",75,4.35,0.0203587495215126
2025-12-09,2024-10-01,"4.60%",100,4.6,0
2025-12-09,2024-10-01,"4.85%",125,4.85,0
2025-12-09,2024-10-01,"5.10%",150,5.1,0
2025-12-09,2024-10-01,"5.35%",175,5.35,0
2025-12-09,2024-10-01,"5.60%",200,5.6,0
2025-12-09,2024-10-01,"5.85%",225,5.85,0
2025-12-09,2024-10-01,"6.10%",250,6.1,0
2025-12-09,2024-10-02,"0.10%",-300,0.1,0
2025-12-09,2024-10-02,"0.35%",-300,0.35,0
2025-12-09,2024-10-02,"0.60%",-300,0.6,0
2025-12-09,2024-10-02,"0.85%",-275,0.85,0
2025-12-09,2024-10-02,"1.10%",-250,1.1,0
2025-12-09,2024-10-02,"1.35%",-225,1.35,0
2025-12-09,2024-10-02,"1.60%",-200,1.6,0
2025-12-09,2024-10-02,"1.85%",-175,1.85,0
2025-12-09,2024-10-02,"2.10%",-150,2.1,0.0167333644778928
2025-12-09,2024-10-02,"2.35%",-125,2.35,0.0457641449672129
2025-12-09,2024-10-02,"2.60%",-100,2.6,0.096766111360491
2025-12-09,2024-10-02,"2.85%",-75,2.85,0.158206285315431
2025-12-09,2024-10-02,"3.10%",-50,3.1,0.200012950233904
2025-12-09,2024-10-02,"3.35%",-25,3.35,0.195542722138165
2025-12-09,2024-10-02,"3.60%",0,3.6,0.147833507878785
2025-12-09,2024-10-02,"3.85%",25,3.85,0.0864238623970668
2025-12-09,2024-10-02,"4.10%",50,4.1,0.0390651803426294
2025-12-09,2024-10-02,"4.35%",75,4.35,0.0136518708884207
2025-12-09,2024-10-02,"4.60%",100,4.6,0
2025-12-09,2024-10-02,"4.85%",125,4.85,0
2025-12-09,2024-10-02,"5.10%",150,5.1,0
2025-12-09,2024-10-02,"5.35%",175,5.35,0
2025-12-09,2024-10-02,"5.60%",200,5.6,0
2025-12-09,2024-10-02,"5.85%",225,5.85,0
2025-12-09,2024-10-02,"6.10%",250,6.1,0
2025-12-09,2024-10-07,"0.10%",-300,0.1,0
2025-12-09,2024-10-07,"0.35%",-300,0.35,0
2025-12-09,2024-10-07,"0.60%",-300,0.6,0
2025-12-09,2024-10-07,"0.85%",-275,0.85,0
2025-12-09,2024-10-07,"1.10%",-250,1.1,0
2025-12-09,2024-10-07,"1.35%",-225,1.35,0
2025-12-09,2024-10-07,"1.60%",-200,1.6,0
2025-12-09,2024-10-07,"1.85%",-175,1.85,0
2025-12-09,2024-10-07,"2.10%",-150,2.1,0
2025-12-09,2024-10-07,"2.35%",-125,2.35,0.0159546199878989
2025-12-09,2024-10-07,"2.60%",-100,2.6,0.0403277575312183
2025-12-09,2024-10-07,"2.85%",-75,2.85,0.0820680248624736
2025-12-09,2024-10-07,"3.10%",-50,3.1,0.134469122785704
2025-12-09,2024-10-07,"3.35%",-25,3.35,0.177406108536728
2025-12-09,2024-10-07,"3.60%",0,3.6,0.188461492623491
2025-12-09,2024-10-07,"3.85%",25,3.85,0.161208181796366
2025-12-09,2024-10-07,"4.10%",50,4.1,0.111033978139431
2025-12-09,2024-10-07,"4.35%",75,4.35,0.061576475516256
2025-12-09,2024-10-07,"4.60%",100,4.6,0.0274942382204331
2025-12-09,2024-10-07,"4.85%",125,4.85,0
2025-12-09,2024-10-07,"5.10%",150,5.1,0
2025-12-09,2024-10-07,"5.35%",175,5.35,0
2025-12-09,2024-10-07,"5.60%",200,5.6,0
2025-12-09,2024-10-07,"5.85%",225,5.85,0
2025-12-09,2024-10-07,"6.10%",250,6.1,0
2025-12-09,2024-10-08,"0.10%",-300,0.1,0
2025-12-09,2024-10-08,"0.35%",-300,0.35,0
2025-12-09,2024-10-08,"0.60%",-300,0.6,0
2025-12-09,2024-10-08,"0.85%",-275,0.85,0
2025-12-09,2024-10-08,"1.10%",-250,1.1,0
2025-12-09,2024-10-08,"1.35%",-225,1.35,0
2025-12-09,2024-10-08,"1.60%",-200,1.6,0
2025-12-09,2024-10-08,"1.85%",-175,1.85,0
2025-12-09,2024-10-08,"2.10%",-150,2.1,0
2025-12-09,2024-10-08,"2.35%",-125,2.35,0.0176905774706381
2025-12-09,2024-10-08,"2.60%",-100,2.6,0.0442809824107386
2025-12-09,2024-10-08,"2.85%",-75,2.85,0.0887539594797097
2025-12-09,2024-10-08,"3.10%",-50,3.1,0.142456203255962
2025-12-09,2024-10-08,"3.35%",-25,3.35,0.183112297693109
2025-12-09,2024-10-08,"3.60%",0,3.6,0.188497934262348
2025-12-09,2024-10-08,"3.85%",25,3.85,0.155399573725495
2025-12-09,2024-10-08,"4.10%",50,4.1,0.102598064365871
2025-12-09,2024-10-08,"4.35%",75,4.35,0.0542447300672541
2025-12-09,2024-10-08,"4.60%",100,4.6,0.0229656772688747
2025-12-09,2024-10-08,"4.85%",125,4.85,0
2025-12-09,2024-10-08,"5.10%",150,5.1,0
2025-12-09,2024-10-08,"5.35%",175,5.35,0
2025-12-09,2024-10-08,"5.60%",200,5.6,0
2025-12-09,2024-10-08,"5.85%",225,5.85,0
2025-12-09,2024-10-08,"6.10%",250,6.1,0
2025-12-09,2024-10-09,"0.10%",-300,0.1,0
2025-12-09,2024-10-09,"0.35%",-300,0.35,0
2025-12-09,2024-10-09,"0.60%",-300,0.6,0
2025-12-09,2024-10-09,"0.85%",-275,0.85,0
2025-12-09,2024-10-09,"1.10%",-250,1.1,0
2025-12-09,2024-10-09,"1.35%",-225,1.35,0
2025-12-09,2024-10-09,"1.60%",-200,1.6,0
2025-12-09,2024-10-09,"1.85%",-175,1.85,0
2025-12-09,2024-10-09,"2.10%",-150,2.1,0
2025-12-09,2024-10-09,"2.35%",-125,2.35,0.0125967101376421
2025-12-09,2024-10-09,"2.60%",-100,2.6,0.0371640212179954
2025-12-09,2024-10-09,"2.85%",-75,2.85,0.0842628076237038
2025-12-09,2024-10-09,"3.10%",-50,3.1,0.146842252098813
2025-12-09,2024-10-09,"3.35%",-25,3.35,0.196700702287407
2025-12-09,2024-10-09,"3.60%",0,3.6,0.202544683526757
2025-12-09,2024-10-09,"3.85%",25,3.85,0.160323762647127
2025-12-09,2024-10-09,"4.10%",50,4.1,0.0975485417496197
2025-12-09,2024-10-09,"4.35%",75,4.35,0.0456200176226375
2025-12-09,2024-10-09,"4.60%",100,4.6,0.0163965010882982
2025-12-09,2024-10-09,"4.85%",125,4.85,0
2025-12-09,2024-10-09,"5.10%",150,5.1,0
2025-12-09,2024-10-09,"5.35%",175,5.35,0
2025-12-09,2024-10-09,"5.60%",200,5.6,0
2025-12-09,2024-10-09,"5.85%",225,5.85,0
2025-12-09,2024-10-09,"6.10%",250,6.1,0
2025-12-09,2024-10-11,"0.10%",-300,0.1,0
2025-12-09,2024-10-11,"0.35%",-300,0.35,0
2025-12-09,2024-10-11,"0.60%",-300,0.6,0
2025-12-09,2024-10-11,"0.85%",-275,0.85,0
2025-12-09,2024-10-11,"1.10%",-250,1.1,0
2025-12-09,2024-10-11,"1.35%",-225,1.35,0
2025-12-09,2024-10-11,"1.60%",-200,1.6,0
2025-12-09,2024-10-11,"1.85%",-175,1.85,0
2025-12-09,2024-10-11,"2.10%",-150,2.1,0
2025-12-09,2024-10-11,"2.35%",-125,2.35,0.0112310980132896
2025-12-09,2024-10-11,"2.60%",-100,2.6,0.0333128725204226
2025-12-09,2024-10-11,"2.85%",-75,2.85,0.0765965628218558
2025-12-09,2024-10-11,"3.10%",-50,3.1,0.136541138323945
2025-12-09,2024-10-11,"3.35%",-25,3.35,0.188716693402203
2025-12-09,2024-10-11,"3.60%",0,3.6,0.202241342777854
2025-12-09,2024-10-11,"3.85%",25,3.85,0.168053186966052
2025-12-09,2024-10-11,"4.10%",50,4.1,0.108275225396124
2025-12-09,2024-10-11,"4.35%",75,4.35,0.0540865956326431
2025-12-09,2024-10-11,"4.60%",100,4.6,0.0209452841456111
2025-12-09,2024-10-11,"4.85%",125,4.85,0
2025-12-09,2024-10-11,"5.10%",150,5.1,0
2025-12-09,2024-10-11,"5.35%",175,5.35,0
2025-12-09,2024-10-11,"5.60%",200,5.6,0
2025-12-09,2024-10-11,"5.85%",225,5.85,0
2025-12-09,2024-10-11,"6.10%",250,6.1,0
2025-12-09,2024-10-14,"0.10%",-300,0.1,0
2025-12-09,2024-10-14,"0.35%",-300,0.35,0
2025-12-09,2024-10-14,"0.60%",-300,0.6,0
2025-12-09,2024-10-14,"0.85%",-275,0.85,0
2025-12-09,2024-10-14,"1.10%",-250,1.1,0
2025-12-09,2024-10-14,"1.35%",-225,1.35,0
2025-12-09,2024-10-14,"1.60%",-200,1.6,0
2025-12-09,2024-10-14,"1.85%",-175,1.85,0
2025-12-09,2024-10-14,"2.10%",-150,2.1,0
2025-12-09,2024-10-14,"2.35%",-125,2.35,0.0153893351719922
2025-12-09,2024-10-14,"2.60%",-100,2.6,0.0389001298079493
2025-12-09,2024-10-14,"2.85%",-75,2.85,0.079347787619612
2025-12-09,2024-10-14,"3.10%",-50,3.1,0.130616123153149
2025-12-09,2024-10-14,"3.35%",-25,3.35,0.173522278082282
2025-12-09,2024-10-14,"3.60%",0,3.6,0.186046173393459
2025-12-09,2024-10-14,"3.85%",25,3.85,0.160988888146257
2025-12-09,2024-10-14,"4.10%",50,4.1,0.112428213850005
2025-12-09,2024-10-14,"4.35%",75,4.35,0.0633644500802031
2025-12-09,2024-10-14,"4.60%",100,4.6,0.028819475551357
2025-12-09,2024-10-14,"4.85%",125,4.85,0.0105771451437343
2025-12-09,2024-10-14,"5.10%",150,5.1,0
2025-12-09,2024-10-14,"5.35%",175,5.35,0
2025-12-09,2024-10-14,"5.60%",200,5.6,0
2025-12-09,2024-10-14,"5.85%",225,5.85,0
2025-12-09,2024-10-14,"6.10%",250,6.1,0
2025-12-09,2024-10-15,"0.10%",-300,0.1,0
2025-12-09,2024-10-15,"0.35%",-300,0.35,0
2025-12-09,2024-10-15,"0.60%",-300,0.6,0
2025-12-09,2024-10-15,"0.85%",-275,0.85,0
2025-12-09,2024-10-15,"1.10%",-250,1.1,0
2025-12-09,2024-10-15,"1.35%",-225,1.35,0
2025-12-09,2024-10-15,"1.60%",-200,1.6,0
2025-12-09,2024-10-15,"1.85%",-175,1.85,0
2025-12-09,2024-10-15,"2.10%",-150,2.1,0
2025-12-09,2024-10-15,"2.35%",-125,2.35,0.0120937170707752
2025-12-09,2024-10-15,"2.60%",-100,2.6,0.0348472249583822
2025-12-09,2024-10-15,"2.85%",-75,2.85,0.0783003987840875
2025-12-09,2024-10-15,"3.10%",-50,3.1,0.137212047686417
2025-12-09,2024-10-15,"3.35%",-25,3.35,0.187536214896185
2025-12-09,2024-10-15,"3.60%",0,3.6,0.199922139471553
2025-12-09,2024-10-15,"3.85%",25,3.85,0.166235294112913
2025-12-09,2024-10-15,"4.10%",50,4.1,0.107810576693762
2025-12-09,2024-10-15,"4.35%",75,4.35,0.0545318497097963
2025-12-09,2024-10-15,"4.60%",100,4.6,0.0215105366161297
2025-12-09,2024-10-15,"4.85%",125,4.85,0
2025-12-09,2024-10-15,"5.10%",150,5.1,0
2025-12-09,2024-10-15,"5.35%",175,5.35,0
2025-12-09,2024-10-15,"5.60%",200,5.6,0
2025-12-09,2024-10-15,"5.85%",225,5.85,0
2025-12-09,2024-10-15,"6.10%",250,6.1,0
2025-12-09,2024-10-16,"0.10%",-300,0.1,0
2025-12-09,2024-10-16,"0.35%",-300,0.35,0
2025-12-09,2024-10-16,"0.60%",-300,0.6,0
2025-12-09,2024-10-16,"0.85%",-275,0.85,0
2025-12-09,2024-10-16,"1.10%",-250,1.1,0
2025-12-09,2024-10-16,"1.35%",-225,1.35,0
2025-12-09,2024-10-16,"1.60%",-200,1.6,0
2025-12-09,2024-10-16,"1.85%",-175,1.85,0
2025-12-09,2024-10-16,"2.10%",-150,2.1,0
2025-12-09,2024-10-16,"2.35%",-125,2.35,0.0199918290891398
2025-12-09,2024-10-16,"2.60%",-100,2.6,0.047847629390334
2025-12-09,2024-10-16,"2.85%",-75,2.85,0.0924493692932174
2025-12-09,2024-10-16,"3.10%",-50,3.1,0.14421378811866
2025-12-09,2024-10-16,"3.35%",-25,3.35,0.181629007762346
2025-12-09,2024-10-16,"3.60%",0,3.6,0.18469187034268
2025-12-09,2024-10-16,"3.85%",25,3.85,0.151633484163311
2025-12-09,2024-10-16,"4.10%",50,4.1,0.100512458563801
2025-12-09,2024-10-16,"4.35%",75,4.35,0.0537906791007283
2025-12-09,2024-10-16,"4.60%",100,4.6,0.0232398841757814
2025-12-09,2024-10-16,"4.85%",125,4.85,0
2025-12-09,2024-10-16,"5.10%",150,5.1,0
2025-12-09,2024-10-16,"5.35%",175,5.35,0
2025-12-09,2024-10-16,"5.60%",200,5.6,0
2025-12-09,2024-10-16,"5.85%",225,5.85,0
2025-12-09,2024-10-16,"6.10%",250,6.1,0
2025-12-09,2024-10-17,"0.10%",-300,0.1,0
2025-12-09,2024-10-17,"0.35%",-300,0.35,0
2025-12-09,2024-10-17,"0.60%",-300,0.6,0
2025-12-09,2024-10-17,"0.85%",-275,0.85,0
2025-12-09,2024-10-17,"1.10%",-250,1.1,0
2025-12-09,2024-10-17,"1.35%",-225,1.35,0
2025-12-09,2024-10-17,"1.60%",-200,1.6,0
2025-12-09,2024-10-17,"1.85%",-175,1.85,0
2025-12-09,2024-10-17,"2.10%",-150,2.1,0
2025-12-09,2024-10-17,"2.35%",-125,2.35,0.0169633555842365
2025-12-09,2024-10-17,"2.60%",-100,2.6,0.0408060327133036
2025-12-09,2024-10-17,"2.85%",-75,2.85,0.080200520792808
2025-12-09,2024-10-17,"3.10%",-50,3.1,0.128792493922046
2025-12-09,2024-10-17,"3.35%",-25,3.35,0.168997000241068
2025-12-09,2024-10-17,"3.60%",0,3.6,0.181196978939873
2025-12-09,2024-10-17,"3.85%",25,3.85,0.158748123148086
2025-12-09,2024-10-17,"4.10%",50,4.1,0.113644340046769
2025-12-09,2024-10-17,"4.35%",75,4.35,0.0664749839229174
2025-12-09,2024-10-17,"4.60%",100,4.6,0.0317704615912461
2025-12-09,2024-10-17,"4.85%",125,4.85,0.0124057090976468
2025-12-09,2024-10-17,"5.10%",150,5.1,0
2025-12-09,2024-10-17,"5.35%",175,5.35,0
2025-12-09,2024-10-17,"5.60%",200,5.6,0
2025-12-09,2024-10-17,"5.85%",225,5.85,0
2025-12-09,2024-10-17,"6.10%",250,6.1,0
2025-12-09,2024-10-18,"0.10%",-300,0.1,0
2025-12-09,2024-10-18,"0.35%",-300,0.35,0
2025-12-09,2024-10-18,"0.60%",-300,0.6,0
2025-12-09,2024-10-18,"0.85%",-275,0.85,0
2025-12-09,2024-10-18,"1.10%",-250,1.1,0
2025-12-09,2024-10-18,"1.35%",-225,1.35,0
2025-12-09,2024-10-18,"1.60%",-200,1.6,0
2025-12-09,2024-10-18,"1.85%",-175,1.85,0
2025-12-09,2024-10-18,"2.10%",-150,2.1,0
2025-12-09,2024-10-18,"2.35%",-125,2.35,0.0172231682932956
2025-12-09,2024-10-18,"2.60%",-100,2.6,0.0394320415540191
2025-12-09,2024-10-18,"2.85%",-75,2.85,0.0751764706316186
2025-12-09,2024-10-18,"3.10%",-50,3.1,0.119350842264972
2025-12-09,2024-10-18,"3.35%",-25,3.35,0.15779398291928
2025-12-09,2024-10-18,"3.60%",0,3.6,0.173733353123495
2025-12-09,2024-10-18,"3.85%",25,3.85,0.159296415202615
2025-12-09,2024-10-18,"4.10%",50,4.1,0.121634517075031
2025-12-09,2024-10-18,"4.35%",75,4.35,0.0773445107408396
2025-12-09,2024-10-18,"4.60%",100,4.6,0.0409556370726914
2025-12-09,2024-10-18,"4.85%",125,4.85,0.0180590611221434
2025-12-09,2024-10-18,"5.10%",150,5.1,0
2025-12-09,2024-10-18,"5.35%",175,5.35,0
2025-12-09,2024-10-18,"5.60%",200,5.6,0
2025-12-09,2024-10-18,"5.85%",225,5.85,0
2025-12-09,2024-10-18,"6.10%",250,6.1,0
2025-12-09,2024-10-21,"0.10%",-300,0.1,0
2025-12-09,2024-10-21,"0.35%",-300,0.35,0
2025-12-09,2024-10-21,"0.60%",-300,0.6,0
2025-12-09,2024-10-21,"0.85%",-275,0.85,0
2025-12-09,2024-10-21,"1.10%",-250,1.1,0
2025-12-09,2024-10-21,"1.35%",-225,1.35,0
2025-12-09,2024-10-21,"1.60%",-200,1.6,0
2025-12-09,2024-10-21,"1.85%",-175,1.85,0
2025-12-09,2024-10-21,"2.10%",-150,2.1,0
2025-12-09,2024-10-21,"2.35%",-125,2.35,0.0134192259195763
2025-12-09,2024-10-21,"2.60%",-100,2.6,0.0353366810638823
2025-12-09,2024-10-21,"2.85%",-75,2.85,0.0746843040574584
2025-12-09,2024-10-21,"3.10%",-50,3.1,0.126697222021477
2025-12-09,2024-10-21,"3.35%",-25,3.35,0.172528117816167
2025-12-09,2024-10-21,"3.60%",0,3.6,0.188590619036314
2025-12-09,2024-10-21,"3.85%",25,3.85,0.165482201491357
2025-12-09,2024-10-21,"4.10%",50,4.1,0.116559647328621
2025-12-09,2024-10-21,"4.35%",75,4.35,0.0659017396017622
2025-12-09,2024-10-21,"4.60%",100,4.6,0.0299071358549606
2025-12-09,2024-10-21,"4.85%",125,4.85,0.0108931058084228
2025-12-09,2024-10-21,"5.10%",150,5.1,0
2025-12-09,2024-10-21,"5.35%",175,5.35,0
2025-12-09,2024-10-21,"5.60%",200,5.6,0
2025-12-09,2024-10-21,"5.85%",225,5.85,0
2025-12-09,2024-10-21,"6.10%",250,6.1,0
2025-12-09,2024-10-23,"0.10%",-300,0.1,0
2025-12-09,2024-10-23,"0.35%",-300,0.35,0
2025-12-09,2024-10-23,"0.60%",-300,0.6,0
2025-12-09,2024-10-23,"0.85%",-275,0.85,0
2025-12-09,2024-10-23,"1.10%",-250,1.1,0
2025-12-09,2024-10-23,"1.35%",-225,1.35,0
2025-12-09,2024-10-23,"1.60%",-200,1.6,0
2025-12-09,2024-10-23,"1.85%",-175,1.85,0
2025-12-09,2024-10-23,"2.10%",-150,2.1,0
2025-12-09,2024-10-23,"2.35%",-125,2.35,0
2025-12-09,2024-10-23,"2.60%",-100,2.6,0.022258177440137
2025-12-09,2024-10-23,"2.85%",-75,2.85,0.051424791896532
2025-12-09,2024-10-23,"3.10%",-50,3.1,0.0964197936319249
2025-12-09,2024-10-23,"3.35%",-25,3.35,0.146720765425349
2025-12-09,2024-10-23,"3.60%",0,3.6,0.181202001541977
2025-12-09,2024-10-23,"3.85%",25,3.85,0.181630039977707
2025-12-09,2024-10-23,"4.10%",50,4.1,0.147763010038827
2025-12-09,2024-10-23,"4.35%",75,4.35,0.0975641001047675
2025-12-09,2024-10-23,"4.60%",100,4.6,0.0522813131561591
2025-12-09,2024-10-23,"4.85%",125,4.85,0.0227360067866195
2025-12-09,2024-10-23,"5.10%",150,5.1,0
2025-12-09,2024-10-23,"5.35%",175,5.35,0
2025-12-09,2024-10-23,"5.60%",200,5.6,0
2025-12-09,2024-10-23,"5.85%",225,5.85,0
2025-12-09,2024-10-23,"6.10%",250,6.1,0
2025-12-09,2024-10-24,"0.10%",-300,0.1,0
2025-12-09,2024-10-24,"0.35%",-300,0.35,0
2025-12-09,2024-10-24,"0.60%",-300,0.6,0
2025-12-09,2024-10-24,"0.85%",-275,0.85,0
2025-12-09,2024-10-24,"1.10%",-250,1.1,0
2025-12-09,2024-10-24,"1.35%",-225,1.35,0
2025-12-09,2024-10-24,"1.60%",-200,1.6,0
2025-12-09,2024-10-24,"1.85%",-175,1.85,0
2025-12-09,2024-10-24,"2.10%",-150,2.1,0
2025-12-09,2024-10-24,"2.35%",-125,2.35,0
2025-12-09,2024-10-24,"2.60%",-100,2.6,0.016946917834808
2025-12-09,2024-10-24,"2.85%",-75,2.85,0.0456893514420012
2025-12-09,2024-10-24,"3.10%",-50,3.1,0.0957505979279693
2025-12-09,2024-10-24,"3.35%",-25,3.35,0.155996008024977
2025-12-09,2024-10-24,"3.60%",0,3.6,0.197587843446103
2025-12-09,2024-10-24,"3.85%",25,3.85,0.194579052110989
2025-12-09,2024-10-24,"4.10%",50,4.1,0.148977311861807
2025-12-09,2024-10-24,"4.35%",75,4.35,0.0886780522296461
2025-12-09,2024-10-24,"4.60%",100,4.6,0.0410348735249635
2025-12-09,2024-10-24,"4.85%",125,4.85,0.0147599915967369
2025-12-09,2024-10-24,"5.10%",150,5.1,0
2025-12-09,2024-10-24,"5.35%",175,5.35,0
2025-12-09,2024-10-24,"5.60%",200,5.6,0
2025-12-09,2024-10-24,"5.85%",225,5.85,0
2025-12-09,2024-10-24,"6.10%",250,6.1,0
2025-12-09,2024-10-25,"0.10%",-300,0.1,0
2025-12-09,2024-10-25,"0.35%",-300,0.35,0
2025-12-09,2024-10-25,"0.60%",-300,0.6,0
2025-12-09,2024-10-25,"0.85%",-275,0.85,0
2025-12-09,2024-10-25,"1.10%",-250,1.1,0
2025-12-09,2024-10-25,"1.35%",-225,1.35,0
2025-12-09,2024-10-25,"1.60%",-200,1.6,0
2025-12-09,2024-10-25,"1.85%",-175,1.85,0
2025-12-09,2024-10-25,"2.10%",-150,2.1,0
2025-12-09,2024-10-25,"2.35%",-125,2.35,0
2025-12-09,2024-10-25,"2.60%",-100,2.6,0.0272390979596281
2025-12-09,2024-10-25,"2.85%",-75,2.85,0.0604351262838324
2025-12-09,2024-10-25,"3.10%",-50,3.1,0.108550116295979
2025-12-09,2024-10-25,"3.35%",-25,3.35,0.157846763150655
2025-12-09,2024-10-25,"3.60%",0,3.6,0.185831290157261
2025-12-09,2024-10-25,"3.85%",25,3.85,0.177127341791446
2025-12-09,2024-10-25,"4.10%",50,4.1,0.136689216290914
2025-12-09,2024-10-25,"4.35%",75,4.35,0.085399546507771
2025-12-09,2024-10-25,"4.60%",100,4.6,0.0431949530780753
2025-12-09,2024-10-25,"4.85%",125,4.85,0.017686548484438
2025-12-09,2024-10-25,"5.10%",150,5.1,0
2025-12-09,2024-10-25,"5.35%",175,5.35,0
2025-12-09,2024-10-25,"5.60%",200,5.6,0
2025-12-09,2024-10-25,"5.85%",225,5.85,0
2025-12-09,2024-10-25,"6.10%",250,6.1,0
2025-12-09,2024-10-28,"0.10%",-300,0.1,0
2025-12-09,2024-10-28,"0.35%",-300,0.35,0
2025-12-09,2024-10-28,"0.60%",-300,0.6,0
2025-12-09,2024-10-28,"0.85%",-275,0.85,0
2025-12-09,2024-10-28,"1.10%",-250,1.1,0
2025-12-09,2024-10-28,"1.35%",-225,1.35,0
2025-12-09,2024-10-28,"1.60%",-200,1.6,0
2025-12-09,2024-10-28,"1.85%",-175,1.85,0
2025-12-09,2024-10-28,"2.10%",-150,2.1,0
2025-12-09,2024-10-28,"2.35%",-125,2.35,0
2025-12-09,2024-10-28,"2.60%",-100,2.6,0.0254899828896202
2025-12-09,2024-10-28,"2.85%",-75,2.85,0.054949259790957
2025-12-09,2024-10-28,"3.10%",-50,3.1,0.097840255035318
2025-12-09,2024-10-28,"3.35%",-25,3.35,0.143896941534373
2025-12-09,2024-10-28,"3.60%",0,3.6,0.174813059190127
2025-12-09,2024-10-28,"3.85%",25,3.85,0.175424250050212
2025-12-09,2024-10-28,"4.10%",50,4.1,0.145411556220726
2025-12-09,2024-10-28,"4.35%",75,4.35,0.0995627339060989
2025-12-09,2024-10-28,"4.60%",100,4.6,0.0563084295432515
2025-12-09,2024-10-28,"4.85%",125,4.85,0.0263035318393176
2025-12-09,2024-10-28,"5.10%",150,5.1,0
2025-12-09,2024-10-28,"5.35%",175,5.35,0
2025-12-09,2024-10-28,"5.60%",200,5.6,0
2025-12-09,2024-10-28,"5.85%",225,5.85,0
2025-12-09,2024-10-28,"6.10%",250,6.1,0
2025-12-09,2024-10-29,"0.10%",-300,0.1,0
2025-12-09,2024-10-29,"0.35%",-300,0.35,0
2025-12-09,2024-10-29,"0.60%",-300,0.6,0
2025-12-09,2024-10-29,"0.85%",-275,0.85,0
2025-12-09,2024-10-29,"1.10%",-250,1.1,0
2025-12-09,2024-10-29,"1.35%",-225,1.35,0
2025-12-09,2024-10-29,"1.60%",-200,1.6,0
2025-12-09,2024-10-29,"1.85%",-175,1.85,0
2025-12-09,2024-10-29,"2.10%",-150,2.1,0
2025-12-09,2024-10-29,"2.35%",-125,2.35,0
2025-12-09,2024-10-29,"2.60%",-100,2.6,0.0218154358326171
2025-12-09,2024-10-29,"2.85%",-75,2.85,0.0514535504106965
2025-12-09,2024-10-29,"3.10%",-50,3.1,0.0977653017787632
2025-12-09,2024-10-29,"3.35%",-25,3.35,0.149656609463885
2025-12-09,2024-10-29,"3.60%",0,3.6,0.184571614500906
2025-12-09,2024-10-29,"3.85%",25,3.85,0.183400192812071
2025-12-09,2024-10-29,"4.10%",50,4.1,0.14682509414381
2025-12-09,2024-10-29,"4.35%",75,4.35,0.0947017301639737
2025-12-09,2024-10-29,"4.60%",100,4.6,0.0492103103639102
2025-12-09,2024-10-29,"4.85%",125,4.85,0.020600160529366
2025-12-09,2024-10-29,"5.10%",150,5.1,0
2025-12-09,2024-10-29,"5.35%",175,5.35,0
2025-12-09,2024-10-29,"5.60%",200,5.6,0
2025-12-09,2024-10-29,"5.85%",225,5.85,0
2025-12-09,2024-10-29,"6.10%",250,6.1,0
2025-12-09,2024-10-30,"0.10%",-300,0.1,0
2025-12-09,2024-10-30,"0.35%",-300,0.35,0
2025-12-09,2024-10-30,"0.60%",-300,0.6,0
2025-12-09,2024-10-30,"0.85%",-275,0.85,0
2025-12-09,2024-10-30,"1.10%",-250,1.1,0
2025-12-09,2024-10-30,"1.35%",-225,1.35,0
2025-12-09,2024-10-30,"1.60%",-200,1.6,0
2025-12-09,2024-10-30,"1.85%",-175,1.85,0
2025-12-09,2024-10-30,"2.10%",-150,2.1,0
2025-12-09,2024-10-30,"2.35%",-125,2.35,0
2025-12-09,2024-10-30,"2.60%",-100,2.6,0.0181551007634113
2025-12-09,2024-10-30,"2.85%",-75,2.85,0.0453644940592462
2025-12-09,2024-10-30,"3.10%",-50,3.1,0.0906087975448318
2025-12-09,2024-10-30,"3.35%",-25,3.35,0.144673829791703
2025-12-09,2024-10-30,"3.60%",0,3.6,0.184669230994951
2025-12-09,2024-10-30,"3.85%",25,3.85,0.1884492572324
2025-12-09,2024-10-30,"4.10%",50,4.1,0.153741286786615
2025-12-09,2024-10-30,"4.35%",75,4.35,0.100270716918311
2025-12-09,2024-10-30,"4.60%",100,4.6,0.0522789995283428
2025-12-09,2024-10-30,"4.85%",125,4.85,0.0217882863801876
2025-12-09,2024-10-30,"5.10%",150,5.1,0
2025-12-09,2024-10-30,"5.35%",175,5.35,0
2025-12-09,2024-10-30,"5.60%",200,5.6,0
2025-12-09,2024-10-30,"5.85%",225,5.85,0
2025-12-09,2024-10-30,"6.10%",250,6.1,0
2025-12-09,2024-10-31,"0.10%",-300,0.1,0
2025-12-09,2024-10-31,"0.35%",-300,0.35,0
2025-12-09,2024-10-31,"0.60%",-300,0.6,0
2025-12-09,2024-10-31,"0.85%",-275,0.85,0
2025-12-09,2024-10-31,"1.10%",-250,1.1,0
2025-12-09,2024-10-31,"1.35%",-225,1.35,0
2025-12-09,2024-10-31,"1.60%",-200,1.6,0
2025-12-09,2024-10-31,"1.85%",-175,1.85,0
2025-12-09,2024-10-31,"2.10%",-150,2.1,0
2025-12-09,2024-10-31,"2.35%",-125,2.35,0
2025-12-09,2024-10-31,"2.60%",-100,2.6,0.0122097175744923
2025-12-09,2024-10-31,"2.85%",-75,2.85,0.0343296001244586
2025-12-09,2024-10-31,"3.10%",-50,3.1,0.0760196331467012
2025-12-09,2024-10-31,"3.35%",-25,3.35,0.132591567388103
2025-12-09,2024-10-31,"3.60%",0,3.6,0.182165994904998
2025-12-09,2024-10-31,"3.85%",25,3.85,0.197149799734587
2025-12-09,2024-10-31,"4.10%",50,4.1,0.168076538902001
2025-12-09,2024-10-31,"4.35%",75,4.35,0.112873323651406
2025-12-09,2024-10-31,"4.60%",100,4.6,0.059707458859482
2025-12-09,2024-10-31,"4.85%",125,4.85,0.0248763657137703
2025-12-09,2024-10-31,"5.10%",150,5.1,0
2025-12-09,2024-10-31,"5.35%",175,5.35,0
2025-12-09,2024-10-31,"5.60%",200,5.6,0
2025-12-09,2024-10-31,"5.85%",225,5.85,0
2025-12-09,2024-10-31,"6.10%",250,6.1,0
2025-12-09,2024-11-01,"0.10%",-300,0.1,0
2025-12-09,2024-11-01,"0.35%",-300,0.35,0
2025-12-09,2024-11-01,"0.60%",-300,0.6,0
2025-12-09,2024-11-01,"0.85%",-275,0.85,0
2025-12-09,2024-11-01,"1.10%",-250,1.1,0
2025-12-09,2024-11-01,"1.35%",-225,1.35,0
2025-12-09,2024-11-01,"1.60%",-200,1.6,0
2025-12-09,2024-11-01,"1.85%",-175,1.85,0
2025-12-09,2024-11-01,"2.10%",-150,2.1,0
2025-12-09,2024-11-01,"2.35%",-125,2.35,0
2025-12-09,2024-11-01,"2.60%",-100,2.6,0.0108095512352094
2025-12-09,2024-11-01,"2.85%",-75,2.85,0.0320087204415767
2025-12-09,2024-11-01,"3.10%",-50,3.1,0.0737891563308128
2025-12-09,2024-11-01,"3.35%",-25,3.35,0.132442598648338
2025-12-09,2024-11-01,"3.60%",0,3.6,0.18510061956929
2025-12-09,2024-11-01,"3.85%",25,3.85,0.201443367233846
2025-12-09,2024-11-01,"4.10%",50,4.1,0.170713577484001
2025-12-09,2024-11-01,"4.35%",75,4.35,0.112653124859283
2025-12-09,2024-11-01,"4.60%",100,4.6,0.0578833867395484
2025-12-09,2024-11-01,"4.85%",125,4.85,0.023155897458095
2025-12-09,2024-11-01,"5.10%",150,5.1,0
2025-12-09,2024-11-01,"5.35%",175,5.35,0
2025-12-09,2024-11-01,"5.60%",200,5.6,0
2025-12-09,2024-11-01,"5.85%",225,5.85,0
2025-12-09,2024-11-01,"6.10%",250,6.1,0
2025-12-09,2024-11-04,"0.10%",-300,0.1,0
2025-12-09,2024-11-04,"0.35%",-300,0.35,0
2025-12-09,2024-11-04,"0.60%",-300,0.6,0
2025-12-09,2024-11-04,"0.85%",-275,0.85,0
2025-12-09,2024-11-04,"1.10%",-250,1.1,0
2025-12-09,2024-11-04,"1.35%",-225,1.35,0
2025-12-09,2024-11-04,"1.60%",-200,1.6,0
2025-12-09,2024-11-04,"1.85%",-175,1.85,0
2025-12-09,2024-11-04,"2.10%",-150,2.1,0
2025-12-09,2024-11-04,"2.35%",-125,2.35,0
2025-12-09,2024-11-04,"2.60%",-100,2.6,0.0122622468376417
2025-12-09,2024-11-04,"2.85%",-75,2.85,0.0355810306279395
2025-12-09,2024-11-04,"3.10%",-50,3.1,0.0801545749769307
2025-12-09,2024-11-04,"3.35%",-25,3.35,0.140199730764848
2025-12-09,2024-11-04,"3.60%",0,3.6,0.190418403821152
2025-12-09,2024-11-04,"3.85%",25,3.85,0.200831753647268
2025-12-09,2024-11-04,"4.10%",50,4.1,0.164482940493754
2025-12-09,2024-11-04,"4.35%",75,4.35,0.104607306686864
2025-12-09,2024-11-04,"4.60%",100,4.6,0.0516568896797288
2025-12-09,2024-11-04,"4.85%",125,4.85,0.0198051224638725
2025-12-09,2024-11-04,"5.10%",150,5.1,0
2025-12-09,2024-11-04,"5.35%",175,5.35,0
2025-12-09,2024-11-04,"5.60%",200,5.6,0
2025-12-09,2024-11-04,"5.85%",225,5.85,0
2025-12-09,2024-11-04,"6.10%",250,6.1,0
2025-12-09,2024-11-05,"0.10%",-300,0.1,0
2025-12-09,2024-11-05,"0.35%",-300,0.35,0
2025-12-09,2024-11-05,"0.60%",-300,0.6,0
2025-12-09,2024-11-05,"0.85%",-275,0.85,0
2025-12-09,2024-11-05,"1.10%",-250,1.1,0
2025-12-09,2024-11-05,"1.35%",-225,1.35,0
2025-12-09,2024-11-05,"1.60%",-200,1.6,0
2025-12-09,2024-11-05,"1.85%",-175,1.85,0
2025-12-09,2024-11-05,"2.10%",-150,2.1,0
2025-12-09,2024-11-05,"2.35%",-125,2.35,0
2025-12-09,2024-11-05,"2.60%",-100,2.6,0
2025-12-09,2024-11-05,"2.85%",-75,2.85,0.0259544723703857
2025-12-09,2024-11-05,"3.10%",-50,3.1,0.0663502964408302
2025-12-09,2024-11-05,"3.35%",-25,3.35,0.128803994446898
2025-12-09,2024-11-05,"3.60%",0,3.6,0.18989909852306
2025-12-09,2024-11-05,"3.85%",25,3.85,0.212644581949775
2025-12-09,2024-11-05,"4.10%",50,4.1,0.180855885626361
2025-12-09,2024-11-05,"4.35%",75,4.35,0.11682745755842
2025-12-09,2024-11-05,"4.60%",100,4.6,0.0573134653426475
2025-12-09,2024-11-05,"4.85%",125,4.85,0.0213507477416222
2025-12-09,2024-11-05,"5.10%",150,5.1,0
2025-12-09,2024-11-05,"5.35%",175,5.35,0
2025-12-09,2024-11-05,"5.60%",200,5.6,0
2025-12-09,2024-11-05,"5.85%",225,5.85,0
2025-12-09,2024-11-05,"6.10%",250,6.1,0
2025-12-09,2024-11-06,"0.10%",-300,0.1,0
2025-12-09,2024-11-06,"0.35%",-300,0.35,0
2025-12-09,2024-11-06,"0.60%",-300,0.6,0
2025-12-09,2024-11-06,"0.85%",-275,0.85,0
2025-12-09,2024-11-06,"1.10%",-250,1.1,0
2025-12-09,2024-11-06,"1.35%",-225,1.35,0
2025-12-09,2024-11-06,"1.60%",-200,1.6,0
2025-12-09,2024-11-06,"1.85%",-175,1.85,0
2025-12-09,2024-11-06,"2.10%",-150,2.1,0
2025-12-09,2024-11-06,"2.35%",-125,2.35,0
2025-12-09,2024-11-06,"2.60%",-100,2.6,0
2025-12-09,2024-11-06,"2.85%",-75,2.85,0.022412805768699
2025-12-09,2024-11-06,"3.10%",-50,3.1,0.0584939852637326
2025-12-09,2024-11-06,"3.35%",-25,3.35,0.116901128192195
2025-12-09,2024-11-06,"3.60%",0,3.6,0.178923452689265
2025-12-09,2024-11-06,"3.85%",25,3.85,0.209743012353215
2025-12-09,2024-11-06,"4.10%",50,4.1,0.188317622293095
2025-12-09,2024-11-06,"4.35%",75,4.35,0.129500010012561
2025-12-09,2024-11-06,"4.60%",100,4.6,0.0682019861443435
2025-12-09,2024-11-06,"4.85%",125,4.85,0.0275059972828925
2025-12-09,2024-11-06,"5.10%",150,5.1,0
2025-12-09,2024-11-06,"5.35%",175,5.35,0
2025-12-09,2024-11-06,"5.60%",200,5.6,0
2025-12-09,2024-11-06,"5.85%",225,5.85,0
2025-12-09,2024-11-06,"6.10%",250,6.1,0
2025-12-09,2024-11-07,"0.10%",-300,0.1,0
2025-12-09,2024-11-07,"0.35%",-300,0.35,0
2025-12-09,2024-11-07,"0.60%",-300,0.6,0
2025-12-09,2024-11-07,"0.85%",-275,0.85,0
2025-12-09,2024-11-07,"1.10%",-250,1.1,0
2025-12-09,2024-11-07,"1.35%",-225,1.35,0
2025-12-09,2024-11-07,"1.60%",-200,1.6,0
2025-12-09,2024-11-07,"1.85%",-175,1.85,0
2025-12-09,2024-11-07,"2.10%",-150,2.1,0
2025-12-09,2024-11-07,"2.35%",-125,2.35,0
2025-12-09,2024-11-07,"2.60%",-100,2.6,0
2025-12-09,2024-11-07,"2.85%",-75,2.85,0.0243117286304163
2025-12-09,2024-11-07,"3.10%",-50,3.1,0.0611198959634269
2025-12-09,2024-11-07,"3.35%",-25,3.35,0.118725692437289
2025-12-09,2024-11-07,"3.60%",0,3.6,0.178214994851441
2025-12-09,2024-11-07,"3.85%",25,3.85,0.20673191556615
2025-12-09,2024-11-07,"4.10%",50,4.1,0.185329393610424
2025-12-09,2024-11-07,"4.35%",75,4.35,0.128394788756787
2025-12-09,2024-11-07,"4.60%",100,4.6,0.0687373770843634
2025-12-09,2024-11-07,"4.85%",125,4.85,0.0284342130997013
2025-12-09,2024-11-07,"5.10%",150,5.1,0
2025-12-09,2024-11-07,"5.35%",175,5.35,0
2025-12-09,2024-11-07,"5.60%",200,5.6,0
2025-12-09,2024-11-07,"5.85%",225,5.85,0
2025-12-09,2024-11-07,"6.10%",250,6.1,0
2025-12-09,2024-11-08,"0.10%",-300,0.1,0
2025-12-09,2024-11-08,"0.35%",-300,0.35,0
2025-12-09,2024-11-08,"0.60%",-300,0.6,0
2025-12-09,2024-11-08,"0.85%",-275,0.85,0
2025-12-09,2024-11-08,"1.10%",-250,1.1,0
2025-12-09,2024-11-08,"1.35%",-225,1.35,0
2025-12-09,2024-11-08,"1.60%",-200,1.6,0
2025-12-09,2024-11-08,"1.85%",-175,1.85,0
2025-12-09,2024-11-08,"2.10%",-150,2.1,0
2025-12-09,2024-11-08,"2.35%",-125,2.35,0
2025-12-09,2024-11-08,"2.60%",-100,2.6,0
2025-12-09,2024-11-08,"2.85%",-75,2.85,0.026607992533851
2025-12-09,2024-11-08,"3.10%",-50,3.1,0.067242984228645
2025-12-09,2024-11-08,"3.35%",-25,3.35,0.129400614184681
2025-12-09,2024-11-08,"3.60%",0,3.6,0.189639730459545
2025-12-09,2024-11-08,"3.85%",25,3.85,0.211668052538523
2025-12-09,2024-11-08,"4.10%",50,4.1,0.179937973952391
2025-12-09,2024-11-08,"4.35%",75,4.35,0.116498214085165
2025-12-09,2024-11-08,"4.60%",100,4.6,0.0574395938988762
2025-12-09,2024-11-08,"4.85%",125,4.85,0.0215648441183224
2025-12-09,2024-11-08,"5.10%",150,5.1,0
2025-12-09,2024-11-08,"5.35%",175,5.35,0
2025-12-09,2024-11-08,"5.60%",200,5.6,0
2025-12-09,2024-11-08,"5.85%",225,5.85,0
2025-12-09,2024-11-08,"6.10%",250,6.1,0
2025-12-09,2024-11-12,"0.10%",-300,0.1,0
2025-12-09,2024-11-12,"0.35%",-300,0.35,0
2025-12-09,2024-11-12,"0.60%",-300,0.6,0
2025-12-09,2024-11-12,"0.85%",-275,0.85,0
2025-12-09,2024-11-12,"1.10%",-250,1.1,0
2025-12-09,2024-11-12,"1.35%",-225,1.35,0
2025-12-09,2024-11-12,"1.60%",-200,1.6,0
2025-12-09,2024-11-12,"1.85%",-175,1.85,0
2025-12-09,2024-11-12,"2.10%",-150,2.1,0
2025-12-09,2024-11-12,"2.35%",-125,2.35,0
2025-12-09,2024-11-12,"2.60%",-100,2.6,0
2025-12-09,2024-11-12,"2.85%",-75,2.85,0.0201649432085669
2025-12-09,2024-11-12,"3.10%",-50,3.1,0.0556360556066091
2025-12-09,2024-11-12,"3.35%",-25,3.35,0.115753417629906
2025-12-09,2024-11-12,"3.60%",0,3.6,0.181631074835669
2025-12-09,2024-11-12,"3.85%",25,3.85,0.214962973738084
2025-12-09,2024-11-12,"4.10%",50,4.1,0.191897311954372
2025-12-09,2024-11-12,"4.35%",75,4.35,0.129209972098418
2025-12-09,2024-11-12,"4.60%",100,4.6,0.0656162339133516
2025-12-09,2024-11-12,"4.85%",125,4.85,0.025128017015023
2025-12-09,2024-11-12,"5.10%",150,5.1,0
2025-12-09,2024-11-12,"5.35%",175,5.35,0
2025-12-09,2024-11-12,"5.60%",200,5.6,0
2025-12-09,2024-11-12,"5.85%",225,5.85,0
2025-12-09,2024-11-12,"6.10%",250,6.1,0
2025-12-09,2024-11-13,"0.10%",-300,0.1,0
2025-12-09,2024-11-13,"0.35%",-300,0.35,0
2025-12-09,2024-11-13,"0.60%",-300,0.6,0
2025-12-09,2024-11-13,"0.85%",-275,0.85,0
2025-12-09,2024-11-13,"1.10%",-250,1.1,0
2025-12-09,2024-11-13,"1.35%",-225,1.35,0
2025-12-09,2024-11-13,"1.60%",-200,1.6,0
2025-12-09,2024-11-13,"1.85%",-175,1.85,0
2025-12-09,2024-11-13,"2.10%",-150,2.1,0
2025-12-09,2024-11-13,"2.35%",-125,2.35,0
2025-12-09,2024-11-13,"2.60%",-100,2.6,0
2025-12-09,2024-11-13,"2.85%",-75,2.85,0.0121775478619678
2025-12-09,2024-11-13,"3.10%",-50,3.1,0.0377327020507051
2025-12-09,2024-11-13,"3.35%",-25,3.35,0.088128593636841
2025-12-09,2024-11-13,"3.60%",0,3.6,0.155176563401702
2025-12-09,2024-11-13,"3.85%",25,3.85,0.206012531472643
2025-12-09,2024-11-13,"4.10%",50,4.1,0.206226187378908
2025-12-09,2024-11-13,"4.35%",75,4.35,0.155659898092492
2025-12-09,2024-11-13,"4.60%",100,4.6,0.0885866250889074
2025-12-09,2024-11-13,"4.85%",125,4.85,0.0380075924689738
2025-12-09,2024-11-13,"5.10%",150,5.1,0.0122917585468596
2025-12-09,2024-11-13,"5.35%",175,5.35,0
2025-12-09,2024-11-13,"5.60%",200,5.6,0
2025-12-09,2024-11-13,"5.85%",225,5.85,0
2025-12-09,2024-11-13,"6.10%",250,6.1,0
2025-12-09,2024-11-14,"0.10%",-300,0.1,0
2025-12-09,2024-11-14,"0.35%",-300,0.35,0
2025-12-09,2024-11-14,"0.60%",-300,0.6,0
2025-12-09,2024-11-14,"0.85%",-275,0.85,0
2025-12-09,2024-11-14,"1.10%",-250,1.1,0
2025-12-09,2024-11-14,"1.35%",-225,1.35,0
2025-12-09,2024-11-14,"1.60%",-200,1.6,0
2025-12-09,2024-11-14,"1.85%",-175,1.85,0
2025-12-09,2024-11-14,"2.10%",-150,2.1,0
2025-12-09,2024-11-14,"2.35%",-125,2.35,0
2025-12-09,2024-11-14,"2.60%",-100,2.6,0
2025-12-09,2024-11-14,"2.85%",-75,2.85,0.0163425996486403
2025-12-09,2024-11-14,"3.10%",-50,3.1,0.0465769171220541
2025-12-09,2024-11-14,"3.35%",-25,3.35,0.10088022933786
2025-12-09,2024-11-14,"3.60%",0,3.6,0.166067861137661
2025-12-09,2024-11-14,"3.85%",25,3.85,0.207801240764283
2025-12-09,2024-11-14,"4.10%",50,4.1,0.197656649443126
2025-12-09,2024-11-14,"4.35%",75,4.35,0.142912920903667
2025-12-09,2024-11-14,"4.60%",100,4.6,0.0785421516312252
2025-12-09,2024-11-14,"4.85%",125,4.85,0.032806442733475
2025-12-09,2024-11-14,"5.10%",150,5.1,0.0104129872780075
2025-12-09,2024-11-14,"5.35%",175,5.35,0
2025-12-09,2024-11-14,"5.60%",200,5.6,0
2025-12-09,2024-11-14,"5.85%",225,5.85,0
2025-12-09,2024-11-14,"6.10%",250,6.1,0
2025-12-09,2024-11-15,"0.10%",-300,0.1,0
2025-12-09,2024-11-15,"0.35%",-300,0.35,0
2025-12-09,2024-11-15,"0.60%",-300,0.6,0
2025-12-09,2024-11-15,"0.85%",-275,0.85,0
2025-12-09,2024-11-15,"1.10%",-250,1.1,0
2025-12-09,2024-11-15,"1.35%",-225,1.35,0
2025-12-09,2024-11-15,"1.60%",-200,1.6,0
2025-12-09,2024-11-15,"1.85%",-175,1.85,0
2025-12-09,2024-11-15,"2.10%",-150,2.1,0
2025-12-09,2024-11-15,"2.35%",-125,2.35,0
2025-12-09,2024-11-15,"2.60%",-100,2.6,0
2025-12-09,2024-11-15,"2.85%",-75,2.85,0.0184112857050525
2025-12-09,2024-11-15,"3.10%",-50,3.1,0.0523714123666623
2025-12-09,2024-11-15,"3.35%",-25,3.35,0.111851114706868
2025-12-09,2024-11-15,"3.60%",0,3.6,0.179385706105607
2025-12-09,2024-11-15,"3.85%",25,3.85,0.216062241429386
2025-12-09,2024-11-15,"4.10%",50,4.1,0.195447561694337
2025-12-09,2024-11-15,"4.35%",75,4.35,0.132780069889643
2025-12-09,2024-11-15,"4.60%",100,4.6,0.0677410889743289
2025-12-09,2024-11-15,"4.85%",125,4.85,0.0259495191281156
2025-12-09,2024-11-15,"5.10%",150,5.1,0
2025-12-09,2024-11-15,"5.35%",175,5.35,0
2025-12-09,2024-11-15,"5.60%",200,5.6,0
2025-12-09,2024-11-15,"5.85%",225,5.85,0
2025-12-09,2024-11-15,"6.10%",250,6.1,0
2025-12-09,2024-11-19,"0.10%",-300,0.1,0
2025-12-09,2024-11-19,"0.35%",-300,0.35,0
2025-12-09,2024-11-19,"0.60%",-300,0.6,0
2025-12-09,2024-11-19,"0.85%",-275,0.85,0
2025-12-09,2024-11-19,"1.10%",-250,1.1,0
2025-12-09,2024-11-19,"1.35%",-225,1.35,0
2025-12-09,2024-11-19,"1.60%",-200,1.6,0
2025-12-09,2024-11-19,"1.85%",-175,1.85,0
2025-12-09,2024-11-19,"2.10%",-150,2.1,0
2025-12-09,2024-11-19,"2.35%",-125,2.35,0
2025-12-09,2024-11-19,"2.60%",-100,2.6,0
2025-12-09,2024-11-19,"2.85%",-75,2.85,0.0273163805128106
2025-12-09,2024-11-19,"3.10%",-50,3.1,0.07099881845321
2025-12-09,2024-11-19,"3.35%",-25,3.35,0.137874216380786
2025-12-09,2024-11-19,"3.60%",0,3.6,0.200069146750257
2025-12-09,2024-11-19,"3.85%",25,3.85,0.216958901124137
2025-12-09,2024-11-19,"4.10%",50,4.1,0.175825901141252
2025-12-09,2024-11-19,"4.35%",75,4.35,0.106482012673263
2025-12-09,2024-11-19,"4.60%",100,4.6,0.048184875447658
2025-12-09,2024-11-19,"4.85%",125,4.85,0.0162897475166266
2025-12-09,2024-11-19,"5.10%",150,5.1,0
2025-12-09,2024-11-19,"5.35%",175,5.35,0
2025-12-09,2024-11-19,"5.60%",200,5.6,0
2025-12-09,2024-11-19,"5.85%",225,5.85,0
2025-12-09,2024-11-19,"6.10%",250,6.1,0
2025-12-09,2024-11-21,"0.10%",-300,0.1,0
2025-12-09,2024-11-21,"0.35%",-300,0.35,0
2025-12-09,2024-11-21,"0.60%",-300,0.6,0
2025-12-09,2024-11-21,"0.85%",-275,0.85,0
2025-12-09,2024-11-21,"1.10%",-250,1.1,0
2025-12-09,2024-11-21,"1.35%",-225,1.35,0
2025-12-09,2024-11-21,"1.60%",-200,1.6,0
2025-12-09,2024-11-21,"1.85%",-175,1.85,0
2025-12-09,2024-11-21,"2.10%",-150,2.1,0
2025-12-09,2024-11-21,"2.35%",-125,2.35,0
2025-12-09,2024-11-21,"2.60%",-100,2.6,0
2025-12-09,2024-11-21,"2.85%",-75,2.85,0.0137071752502434
2025-12-09,2024-11-21,"3.10%",-50,3.1,0.0466907039616791
2025-12-09,2024-11-21,"3.35%",-25,3.35,0.112806285920667
2025-12-09,2024-11-21,"3.60%",0,3.6,0.193369118414012
2025-12-09,2024-11-21,"3.85%",25,3.85,0.235220315409186
2025-12-09,2024-11-21,"4.10%",50,4.1,0.203061327132814
2025-12-09,2024-11-21,"4.35%",75,4.35,0.124400223324255
2025-12-09,2024-11-21,"4.60%",100,4.6,0.0540730555175666
2025-12-09,2024-11-21,"4.85%",125,4.85,0.016671795069576
2025-12-09,2024-11-21,"5.10%",150,5.1,0
2025-12-09,2024-11-21,"5.35%",175,5.35,0
2025-12-09,2024-11-21,"5.60%",200,5.6,0
2025-12-09,2024-11-21,"5.85%",225,5.85,0
2025-12-09,2024-11-21,"6.10%",250,6.1,0
2025-12-09,2024-11-25,"0.10%",-300,0.1,0
2025-12-09,2024-11-25,"0.35%",-300,0.35,0
2025-12-09,2024-11-25,"0.60%",-300,0.6,0
2025-12-09,2024-11-25,"0.85%",-275,0.85,0
2025-12-09,2024-11-25,"1.10%",-250,1.1,0
2025-12-09,2024-11-25,"1.35%",-225,1.35,0
2025-12-09,2024-11-25,"1.60%",-200,1.6,0
2025-12-09,2024-11-25,"1.85%",-175,1.85,0
2025-12-09,2024-11-25,"2.10%",-150,2.1,0
2025-12-09,2024-11-25,"2.35%",-125,2.35,0
2025-12-09,2024-11-25,"2.60%",-100,2.6,0
2025-12-09,2024-11-25,"2.85%",-75,2.85,0.0232906516169133
2025-12-09,2024-11-25,"3.10%",-50,3.1,0.0643342168175108
2025-12-09,2024-11-25,"3.35%",-25,3.35,0.131363405124988
2025-12-09,2024-11-25,"3.60%",0,3.6,0.19831326763769
2025-12-09,2024-11-25,"3.85%",25,3.85,0.22136932084567
2025-12-09,2024-11-25,"4.10%",50,4.1,0.182718741366576
2025-12-09,2024-11-25,"4.35%",75,4.35,0.111513736260734
2025-12-09,2024-11-25,"4.60%",100,4.6,0.0503154841604124
2025-12-09,2024-11-25,"4.85%",125,4.85,0.0167811761695045
2025-12-09,2024-11-25,"5.10%",150,5.1,0
2025-12-09,2024-11-25,"5.35%",175,5.35,0
2025-12-09,2024-11-25,"5.60%",200,5.6,0
2025-12-09,2024-11-25,"5.85%",225,5.85,0
2025-12-09,2024-11-25,"6.10%",250,6.1,0
2025-12-09,2024-11-26,"0.10%",-300,0.1,0
2025-12-09,2024-11-26,"0.35%",-300,0.35,0
2025-12-09,2024-11-26,"0.60%",-300,0.6,0
2025-12-09,2024-11-26,"0.85%",-275,0.85,0
2025-12-09,2024-11-26,"1.10%",-250,1.1,0
2025-12-09,2024-11-26,"1.35%",-225,1.35,0
2025-12-09,2024-11-26,"1.60%",-200,1.6,0
2025-12-09,2024-11-26,"1.85%",-175,1.85,0
2025-12-09,2024-11-26,"2.10%",-150,2.1,0
2025-12-09,2024-11-26,"2.35%",-125,2.35,0
2025-12-09,2024-11-26,"2.60%",-100,2.6,0
2025-12-09,2024-11-26,"2.85%",-75,2.85,0.0109099942185824
2025-12-09,2024-11-26,"3.10%",-50,3.1,0.0466153130823817
2025-12-09,2024-11-26,"3.35%",-25,3.35,0.128592316259951
2025-12-09,2024-11-26,"3.60%",0,3.6,0.22918827663648
2025-12-09,2024-11-26,"3.85%",25,3.85,0.264026036653583
2025-12-09,2024-11-26,"4.10%",50,4.1,0.196618706358312
2025-12-09,2024-11-26,"4.35%",75,4.35,0.0946302082867353
2025-12-09,2024-11-26,"4.60%",100,4.6,0.0294191485039741
2025-12-09,2024-11-26,"4.85%",125,4.85,0
2025-12-09,2024-11-26,"5.10%",150,5.1,0
2025-12-09,2024-11-26,"5.35%",175,5.35,0
2025-12-09,2024-11-26,"5.60%",200,5.6,0
2025-12-09,2024-11-26,"5.85%",225,5.85,0
2025-12-09,2024-11-26,"6.10%",250,6.1,0
2025-12-09,2024-11-27,"0.10%",-300,0.1,0
2025-12-09,2024-11-27,"0.35%",-300,0.35,0
2025-12-09,2024-11-27,"0.60%",-300,0.6,0
2025-12-09,2024-11-27,"0.85%",-275,0.85,0
2025-12-09,2024-11-27,"1.10%",-250,1.1,0
2025-12-09,2024-11-27,"1.35%",-225,1.35,0
2025-12-09,2024-11-27,"1.60%",-200,1.6,0
2025-12-09,2024-11-27,"1.85%",-175,1.85,0
2025-12-09,2024-11-27,"2.10%",-150,2.1,0
2025-12-09,2024-11-27,"2.35%",-125,2.35,0
2025-12-09,2024-11-27,"2.60%",-100,2.6,0
2025-12-09,2024-11-27,"2.85%",-75,2.85,0.0250115088765975
2025-12-09,2024-11-27,"3.10%",-50,3.1,0.070166722058805
2025-12-09,2024-11-27,"3.35%",-25,3.35,0.142748564997893
2025-12-09,2024-11-27,"3.60%",0,3.6,0.210644089521736
2025-12-09,2024-11-27,"3.85%",25,3.85,0.225482693433497
2025-12-09,2024-11-27,"4.10%",50,4.1,0.175094423776874
2025-12-09,2024-11-27,"4.35%",75,4.35,0.0986266335690069
2025-12-09,2024-11-27,"4.60%",100,4.6,0.0402909035015586
2025-12-09,2024-11-27,"4.85%",125,4.85,0.0119344602640322
2025-12-09,2024-11-27,"5.10%",150,5.1,0
2025-12-09,2024-11-27,"5.35%",175,5.35,0
2025-12-09,2024-11-27,"5.60%",200,5.6,0
2025-12-09,2024-11-27,"5.85%",225,5.85,0
2025-12-09,2024-11-27,"6.10%",250,6.1,0
2025-12-09,2024-11-28,"0.10%",-300,0.1,0
2025-12-09,2024-11-28,"0.35%",-300,0.35,0
2025-12-09,2024-11-28,"0.60%",-300,0.6,0
2025-12-09,2024-11-28,"0.85%",-275,0.85,0
2025-12-09,2024-11-28,"1.10%",-250,1.1,0
2025-12-09,2024-11-28,"1.35%",-225,1.35,0
2025-12-09,2024-11-28,"1.60%",-200,1.6,0
2025-12-09,2024-11-28,"1.85%",-175,1.85,0
2025-12-09,2024-11-28,"2.10%",-150,2.1,0
2025-12-09,2024-11-28,"2.35%",-125,2.35,0
2025-12-09,2024-11-28,"2.60%",-100,2.6,0
2025-12-09,2024-11-28,"2.85%",-75,2.85,0.0329447517581212
2025-12-09,2024-11-28,"3.10%",-50,3.1,0.0862375760776087
2025-12-09,2024-11-28,"3.35%",-25,3.35,0.163277817141641
2025-12-09,2024-11-28,"3.60%",0,3.6,0.223645232554016
2025-12-09,2024-11-28,"3.85%",25,3.85,0.221633342178665
2025-12-09,2024-11-28,"4.10%",50,4.1,0.158910409103813
2025-12-09,2024-11-28,"4.35%",75,4.35,0.0824266963734285
2025-12-09,2024-11-28,"4.60%",100,4.6,0.0309241748127056
2025-12-09,2024-11-28,"4.85%",125,4.85,0
2025-12-09,2024-11-28,"5.10%",150,5.1,0
2025-12-09,2024-11-28,"5.35%",175,5.35,0
2025-12-09,2024-11-28,"5.60%",200,5.6,0
2025-12-09,2024-11-28,"5.85%",225,5.85,0
2025-12-09,2024-11-28,"6.10%",250,6.1,0
2025-12-09,2024-11-29,"0.10%",-300,0.1,0
2025-12-09,2024-11-29,"0.35%",-300,0.35,0
2025-12-09,2024-11-29,"0.60%",-300,0.6,0
2025-12-09,2024-11-29,"0.85%",-275,0.85,0
2025-12-09,2024-11-29,"1.10%",-250,1.1,0
2025-12-09,2024-11-29,"1.35%",-225,1.35,0
2025-12-09,2024-11-29,"1.60%",-200,1.6,0
2025-12-09,2024-11-29,"1.85%",-175,1.85,0
2025-12-09,2024-11-29,"2.10%",-150,2.1,0
2025-12-09,2024-11-29,"2.35%",-125,2.35,0
2025-12-09,2024-11-29,"2.60%",-100,2.6,0
2025-12-09,2024-11-29,"2.85%",-75,2.85,0.0263345290219175
2025-12-09,2024-11-29,"3.10%",-50,3.1,0.0773710361881087
2025-12-09,2024-11-29,"3.35%",-25,3.35,0.159265442474007
2025-12-09,2024-11-29,"3.60%",0,3.6,0.229761149904624
2025-12-09,2024-11-29,"3.85%",25,3.85,0.232331053795898
2025-12-09,2024-11-29,"4.10%",50,4.1,0.164670387106008
2025-12-09,2024-11-29,"4.35%",75,4.35,0.0817977581912181
2025-12-09,2024-11-29,"4.60%",100,4.6,0.0284686433182188
2025-12-09,2024-11-29,"4.85%",125,4.85,0
2025-12-09,2024-11-29,"5.10%",150,5.1,0
2025-12-09,2024-11-29,"5.35%",175,5.35,0
2025-12-09,2024-11-29,"5.60%",200,5.6,0
2025-12-09,2024-11-29,"5.85%",225,5.85,0
2025-12-09,2024-11-29,"6.10%",250,6.1,0
2025-12-09,2024-12-02,"0.10%",-300,0.1,0
2025-12-09,2024-12-02,"0.35%",-300,0.35,0
2025-12-09,2024-12-02,"0.60%",-300,0.6,0
2025-12-09,2024-12-02,"0.85%",-275,0.85,0
2025-12-09,2024-12-02,"1.10%",-250,1.1,0
2025-12-09,2024-12-02,"1.35%",-225,1.35,0
2025-12-09,2024-12-02,"1.60%",-200,1.6,0
2025-12-09,2024-12-02,"1.85%",-175,1.85,0
2025-12-09,2024-12-02,"2.10%",-150,2.1,0
2025-12-09,2024-12-02,"2.35%",-125,2.35,0
2025-12-09,2024-12-02,"2.60%",-100,2.6,0
2025-12-09,2024-12-02,"2.85%",-75,2.85,0.0260579076771008
2025-12-09,2024-12-02,"3.10%",-50,3.1,0.0751971728642462
2025-12-09,2024-12-02,"3.35%",-25,3.35,0.153998868698031
2025-12-09,2024-12-02,"3.60%",0,3.6,0.22386983370371
2025-12-09,2024-12-02,"3.85%",25,3.85,0.231043500015602
2025-12-09,2024-12-02,"4.10%",50,4.1,0.169284431800025
2025-12-09,2024-12-02,"4.35%",75,4.35,0.0880474730320512
2025-12-09,2024-12-02,"4.60%",100,4.6,0.0325008122092339
2025-12-09,2024-12-02,"4.85%",125,4.85,0
2025-12-09,2024-12-02,"5.10%",150,5.1,0
2025-12-09,2024-12-02,"5.35%",175,5.35,0
2025-12-09,2024-12-02,"5.60%",200,5.6,0
2025-12-09,2024-12-02,"5.85%",225,5.85,0
2025-12-09,2024-12-02,"6.10%",250,6.1,0
2025-12-09,2024-12-03,"0.10%",-300,0.1,0
2025-12-09,2024-12-03,"0.35%",-300,0.35,0
2025-12-09,2024-12-03,"0.60%",-300,0.6,0
2025-12-09,2024-12-03,"0.85%",-275,0.85,0
2025-12-09,2024-12-03,"1.10%",-250,1.1,0
2025-12-09,2024-12-03,"1.35%",-225,1.35,0
2025-12-09,2024-12-03,"1.60%",-200,1.6,0
2025-12-09,2024-12-03,"1.85%",-175,1.85,0
2025-12-09,2024-12-03,"2.10%",-150,2.1,0
2025-12-09,2024-12-03,"2.35%",-125,2.35,0
2025-12-09,2024-12-03,"2.60%",-100,2.6,0.0112658986392453
2025-12-09,2024-12-03,"2.85%",-75,2.85,0.0363590247221267
2025-12-09,2024-12-03,"3.10%",-50,3.1,0.0874731586573562
2025-12-09,2024-12-03,"3.35%",-25,3.35,0.156904045322046
2025-12-09,2024-12-03,"3.60%",0,3.6,0.209867757999606
2025-12-09,2024-12-03,"3.85%",25,3.85,0.209333033777836
2025-12-09,2024-12-03,"4.10%",50,4.1,0.155707676880202
2025-12-09,2024-12-03,"4.35%",75,4.35,0.0863642083305104
2025-12-09,2024-12-03,"4.60%",100,4.6,0.0357152028021611
2025-12-09,2024-12-03,"4.85%",125,4.85,0.0110099928689106
2025-12-09,2024-12-03,"5.10%",150,5.1,0
2025-12-09,2024-12-03,"5.35%",175,5.35,0
2025-12-09,2024-12-03,"5.60%",200,5.6,0
2025-12-09,2024-12-03,"5.85%",225,5.85,0
2025-12-09,2024-12-03,"6.10%",250,6.1,0
2025-12-09,2024-12-04,"0.10%",-300,0.1,0
2025-12-09,2024-12-04,"0.35%",-300,0.35,0
2025-12-09,2024-12-04,"0.60%",-300,0.6,0
2025-12-09,2024-12-04,"0.85%",-275,0.85,0
2025-12-09,2024-12-04,"1.10%",-250,1.1,0
2025-12-09,2024-12-04,"1.35%",-225,1.35,0
2025-12-09,2024-12-04,"1.60%",-200,1.6,0
2025-12-09,2024-12-04,"1.85%",-175,1.85,0
2025-12-09,2024-12-04,"2.10%",-150,2.1,0
2025-12-09,2024-12-04,"2.35%",-125,2.35,0
2025-12-09,2024-12-04,"2.60%",-100,2.6,0.0175564655676707
2025-12-09,2024-12-04,"2.85%",-75,2.85,0.0525551706359027
2025-12-09,2024-12-04,"3.10%",-50,3.1,0.115718066711882
2025-12-09,2024-12-04,"3.35%",-25,3.35,0.187446905421533
2025-12-09,2024-12-04,"3.60%",0,3.6,0.223408539868807
2025-12-09,2024-12-04,"3.85%",25,3.85,0.195922927601812
2025-12-09,2024-12-04,"4.10%",50,4.1,0.126421246184592
2025-12-09,2024-12-04,"4.35%",75,4.35,0.0600144574704876
2025-12-09,2024-12-04,"4.60%",100,4.6,0.0209562205373141
2025-12-09,2024-12-04,"4.85%",125,4.85,0
2025-12-09,2024-12-04,"5.10%",150,5.1,0
2025-12-09,2024-12-04,"5.35%",175,5.35,0
2025-12-09,2024-12-04,"5.60%",200,5.6,0
2025-12-09,2024-12-04,"5.85%",225,5.85,0
2025-12-09,2024-12-04,"6.10%",250,6.1,0
2025-12-09,2024-12-05,"0.10%",-300,0.1,0
2025-12-09,2024-12-05,"0.35%",-300,0.35,0
2025-12-09,2024-12-05,"0.60%",-300,0.6,0
2025-12-09,2024-12-05,"0.85%",-275,0.85,0
2025-12-09,2024-12-05,"1.10%",-250,1.1,0
2025-12-09,2024-12-05,"1.35%",-225,1.35,0
2025-12-09,2024-12-05,"1.60%",-200,1.6,0
2025-12-09,2024-12-05,"1.85%",-175,1.85,0
2025-12-09,2024-12-05,"2.10%",-150,2.1,0
2025-12-09,2024-12-05,"2.35%",-125,2.35,0
2025-12-09,2024-12-05,"2.60%",-100,2.6,0.0137564087666611
2025-12-09,2024-12-05,"2.85%",-75,2.85,0.0478744953440264
2025-12-09,2024-12-05,"3.10%",-50,3.1,0.11675517801981
2025-12-09,2024-12-05,"3.35%",-25,3.35,0.199603121393828
2025-12-09,2024-12-05,"3.60%",0,3.6,0.239259685991408
2025-12-09,2024-12-05,"3.85%",25,3.85,0.201101089203314
2025-12-09,2024-12-05,"4.10%",50,4.1,0.118514541071863
2025-12-09,2024-12-05,"4.35%",75,4.35,0.048961037667756
2025-12-09,2024-12-05,"4.60%",100,4.6,0.0141744425413322
2025-12-09,2024-12-05,"4.85%",125,4.85,0
2025-12-09,2024-12-05,"5.10%",150,5.1,0
2025-12-09,2024-12-05,"5.35%",175,5.35,0
2025-12-09,2024-12-05,"5.60%",200,5.6,0
2025-12-09,2024-12-05,"5.85%",225,5.85,0
2025-12-09,2024-12-05,"6.10%",250,6.1,0
2025-12-09,2024-12-06,"0.10%",-300,0.1,0
2025-12-09,2024-12-06,"0.35%",-300,0.35,0
2025-12-09,2024-12-06,"0.60%",-300,0.6,0
2025-12-09,2024-12-06,"0.85%",-275,0.85,0
2025-12-09,2024-12-06,"1.10%",-250,1.1,0
2025-12-09,2024-12-06,"1.35%",-225,1.35,0
2025-12-09,2024-12-06,"1.60%",-200,1.6,0
2025-12-09,2024-12-06,"1.85%",-175,1.85,0
2025-12-09,2024-12-06,"2.10%",-150,2.1,0
2025-12-09,2024-12-06,"2.35%",-125,2.35,0.0121857343737404
2025-12-09,2024-12-06,"2.60%",-100,2.6,0.0330209084363578
2025-12-09,2024-12-06,"2.85%",-75,2.85,0.0715443702639655
2025-12-09,2024-12-06,"3.10%",-50,3.1,0.123948820636615
2025-12-09,2024-12-06,"3.35%",-25,3.35,0.171716739686837
2025-12-09,2024-12-06,"3.60%",0,3.6,0.190239160877973
2025-12-09,2024-12-06,"3.85%",25,3.85,0.168542183583831
2025-12-09,2024-12-06,"4.10%",50,4.1,0.119408040479092
2025-12-09,2024-12-06,"4.35%",75,4.35,0.0676488260758174
2025-12-09,2024-12-06,"4.60%",100,4.6,0.0306453893562085
2025-12-09,2024-12-06,"4.85%",125,4.85,0.0110998262295623
2025-12-09,2024-12-06,"5.10%",150,5.1,0
2025-12-09,2024-12-06,"5.35%",175,5.35,0
2025-12-09,2024-12-06,"5.60%",200,5.6,0
2025-12-09,2024-12-06,"5.85%",225,5.85,0
2025-12-09,2024-12-06,"6.10%",250,6.1,0
2025-12-09,2024-12-09,"0.10%",-300,0.1,0
2025-12-09,2024-12-09,"0.35%",-300,0.35,0
2025-12-09,2024-12-09,"0.60%",-300,0.6,0
2025-12-09,2024-12-09,"0.85%",-275,0.85,0
2025-12-09,2024-12-09,"1.10%",-250,1.1,0
2025-12-09,2024-12-09,"1.35%",-225,1.35,0
2025-12-09,2024-12-09,"1.60%",-200,1.6,0
2025-12-09,2024-12-09,"1.85%",-175,1.85,0
2025-12-09,2024-12-09,"2.10%",-150,2.1,0.0173170047375854
2025-12-09,2024-12-09,"2.35%",-125,2.35,0.0334222464209388
2025-12-09,2024-12-09,"2.60%",-100,2.6,0.0570716568317454
2025-12-09,2024-12-09,"2.85%",-75,2.85,0.0862245387956882
2025-12-09,2024-12-09,"3.10%",-50,3.1,0.115257611809647
2025-12-09,2024-12-09,"3.35%",-25,3.35,0.136313434351195
2025-12-09,2024-12-09,"3.60%",0,3.6,0.142639285131643
2025-12-09,2024-12-09,"3.85%",25,3.85,0.132060034979972
2025-12-09,2024-12-09,"4.10%",50,4.1,0.10817699085066
2025-12-09,2024-12-09,"4.35%",75,4.35,0.0784022020268352
2025-12-09,2024-12-09,"4.60%",100,4.6,0.0502746804255938
2025-12-09,2024-12-09,"4.85%",125,4.85,0.0285229921435072
2025-12-09,2024-12-09,"5.10%",150,5.1,0.0143173214949891
2025-12-09,2024-12-09,"5.35%",175,5.35,0
2025-12-09,2024-12-09,"5.60%",200,5.6,0
2025-12-09,2024-12-09,"5.85%",225,5.85,0
2025-12-09,2024-12-09,"6.10%",250,6.1,0
2025-12-09,2024-12-10,"0.10%",-300,0.1,0
2025-12-09,2024-12-10,"0.35%",-300,0.35,0
2025-12-09,2024-12-10,"0.60%",-300,0.6,0
2025-12-09,2024-12-10,"0.85%",-275,0.85,0
2025-12-09,2024-12-10,"1.10%",-250,1.1,0
2025-12-09,2024-12-10,"1.35%",-225,1.35,0
2025-12-09,2024-12-10,"1.60%",-200,1.6,0
2025-12-09,2024-12-10,"1.85%",-175,1.85,0
2025-12-09,2024-12-10,"2.10%",-150,2.1,0
2025-12-09,2024-12-10,"2.35%",-125,2.35,0.0158656870259365
2025-12-09,2024-12-10,"2.60%",-100,2.6,0.0445527013673363
2025-12-09,2024-12-10,"2.85%",-75,2.85,0.0960691237378547
2025-12-09,2024-12-10,"3.10%",-50,3.1,0.159088933090505
2025-12-09,2024-12-10,"3.35%",-25,3.35,0.202337951433388
2025-12-09,2024-12-10,"3.60%",0,3.6,0.197657304647139
2025-12-09,2024-12-10,"3.85%",25,3.85,0.148301272352391
2025-12-09,2024-12-10,"4.10%",50,4.1,0.0854580980062507
2025-12-09,2024-12-10,"4.35%",75,4.35,0.0378181197245909
2025-12-09,2024-12-10,"4.60%",100,4.6,0.0128508086146078
2025-12-09,2024-12-10,"4.85%",125,4.85,0
2025-12-09,2024-12-10,"5.10%",150,5.1,0
2025-12-09,2024-12-10,"5.35%",175,5.35,0
2025-12-09,2024-12-10,"5.60%",200,5.6,0
2025-12-09,2024-12-10,"5.85%",225,5.85,0
2025-12-09,2024-12-10,"6.10%",250,6.1,0
2025-12-09,2024-12-12,"0.10%",-300,0.1,0
2025-12-09,2024-12-12,"0.35%",-300,0.35,0
2025-12-09,2024-12-12,"0.60%",-300,0.6,0
2025-12-09,2024-12-12,"0.85%",-275,0.85,0
2025-12-09,2024-12-12,"1.10%",-250,1.1,0
2025-12-09,2024-12-12,"1.35%",-225,1.35,0
2025-12-09,2024-12-12,"1.60%",-200,1.6,0
2025-12-09,2024-12-12,"1.85%",-175,1.85,0
2025-12-09,2024-12-12,"2.10%",-150,2.1,0
2025-12-09,2024-12-12,"2.35%",-125,2.35,0
2025-12-09,2024-12-12,"2.60%",-100,2.6,0.026356037057128
2025-12-09,2024-12-12,"2.85%",-75,2.85,0.0684758893952265
2025-12-09,2024-12-12,"3.10%",-50,3.1,0.133636837892027
2025-12-09,2024-12-12,"3.35%",-25,3.35,0.195931301140415
2025-12-09,2024-12-12,"3.60%",0,3.6,0.215826465236593
2025-12-09,2024-12-12,"3.85%",25,3.85,0.178623065489393
2025-12-09,2024-12-12,"4.10%",50,4.1,0.111067071017362
2025-12-09,2024-12-12,"4.35%",75,4.35,0.0518807138801076
2025-12-09,2024-12-12,"4.60%",100,4.6,0.0182026188917493
2025-12-09,2024-12-12,"4.85%",125,4.85,0
2025-12-09,2024-12-12,"5.10%",150,5.1,0
2025-12-09,2024-12-12,"5.35%",175,5.35,0
2025-12-09,2024-12-12,"5.60%",200,5.6,0
2025-12-09,2024-12-12,"5.85%",225,5.85,0
2025-12-09,2024-12-12,"6.10%",250,6.1,0
2025-12-09,2024-12-13,"0.10%",-300,0.1,0
2025-12-09,2024-12-13,"0.35%",-300,0.35,0
2025-12-09,2024-12-13,"0.60%",-300,0.6,0
2025-12-09,2024-12-13,"0.85%",-275,0.85,0
2025-12-09,2024-12-13,"1.10%",-250,1.1,0
2025-12-09,2024-12-13,"1.35%",-225,1.35,0
2025-12-09,2024-12-13,"1.60%",-200,1.6,0
2025-12-09,2024-12-13,"1.85%",-175,1.85,0
2025-12-09,2024-12-13,"2.10%",-150,2.1,0
2025-12-09,2024-12-13,"2.35%",-125,2.35,0
2025-12-09,2024-12-13,"2.60%",-100,2.6,0.0247084404594732
2025-12-09,2024-12-13,"2.85%",-75,2.85,0.0640560868444275
2025-12-09,2024-12-13,"3.10%",-50,3.1,0.126002156164124
2025-12-09,2024-12-13,"3.35%",-25,3.35,0.188083533085986
2025-12-09,2024-12-13,"3.60%",0,3.6,0.213064343386452
2025-12-09,2024-12-13,"3.85%",25,3.85,0.183175782846104
2025-12-09,2024-12-13,"4.10%",50,4.1,0.119511696759356
2025-12-09,2024-12-13,"4.35%",75,4.35,0.0591703058520528
2025-12-09,2024-12-13,"4.60%",100,4.6,0.0222276546020233
2025-12-09,2024-12-13,"4.85%",125,4.85,0
2025-12-09,2024-12-13,"5.10%",150,5.1,0
2025-12-09,2024-12-13,"5.35%",175,5.35,0
2025-12-09,2024-12-13,"5.60%",200,5.6,0
2025-12-09,2024-12-13,"5.85%",225,5.85,0
2025-12-09,2024-12-13,"6.10%",250,6.1,0
2025-12-09,2024-12-16,"0.10%",-300,0.1,0
2025-12-09,2024-12-16,"0.35%",-300,0.35,0
2025-12-09,2024-12-16,"0.60%",-300,0.6,0
2025-12-09,2024-12-16,"0.85%",-275,0.85,0
2025-12-09,2024-12-16,"1.10%",-250,1.1,0
2025-12-09,2024-12-16,"1.35%",-225,1.35,0
2025-12-09,2024-12-16,"1.60%",-200,1.6,0
2025-12-09,2024-12-16,"1.85%",-175,1.85,0
2025-12-09,2024-12-16,"2.10%",-150,2.1,0
2025-12-09,2024-12-16,"2.35%",-125,2.35,0
2025-12-09,2024-12-16,"2.60%",-100,2.6,0.0254281327722397
2025-12-09,2024-12-16,"2.85%",-75,2.85,0.0644534973949184
2025-12-09,2024-12-16,"3.10%",-50,3.1,0.124966658101885
2025-12-09,2024-12-16,"3.35%",-25,3.35,0.185355154456407
2025-12-09,2024-12-16,"3.60%",0,3.6,0.210332689798139
2025-12-09,2024-12-16,"3.85%",25,3.85,0.182603797862136
2025-12-09,2024-12-16,"4.10%",50,4.1,0.121283949999744
2025-12-09,2024-12-16,"4.35%",75,4.35,0.0616250865011783
2025-12-09,2024-12-16,"4.60%",100,4.6,0.023951033113352
2025-12-09,2024-12-16,"4.85%",125,4.85,0
2025-12-09,2024-12-16,"5.10%",150,5.1,0
2025-12-09,2024-12-16,"5.35%",175,5.35,0
2025-12-09,2024-12-16,"5.60%",200,5.6,0
2025-12-09,2024-12-16,"5.85%",225,5.85,0
2025-12-09,2024-12-16,"6.10%",250,6.1,0
2025-12-09,2024-12-17,"0.10%",-300,0.1,0
2025-12-09,2024-12-17,"0.35%",-300,0.35,0
2025-12-09,2024-12-17,"0.60%",-300,0.6,0
2025-12-09,2024-12-17,"0.85%",-275,0.85,0
2025-12-09,2024-12-17,"1.10%",-250,1.1,0
2025-12-09,2024-12-17,"1.35%",-225,1.35,0
2025-12-09,2024-12-17,"1.60%",-200,1.6,0
2025-12-09,2024-12-17,"1.85%",-175,1.85,0
2025-12-09,2024-12-17,"2.10%",-150,2.1,0
2025-12-09,2024-12-17,"2.35%",-125,2.35,0
2025-12-09,2024-12-17,"2.60%",-100,2.6,0.0247318823539919
2025-12-09,2024-12-17,"2.85%",-75,2.85,0.0666437193658438
2025-12-09,2024-12-17,"3.10%",-50,3.1,0.13342491433923
2025-12-09,2024-12-17,"3.35%",-25,3.35,0.198498781890664
2025-12-09,2024-12-17,"3.60%",0,3.6,0.219463175333015
2025-12-09,2024-12-17,"3.85%",25,3.85,0.180326072617779
2025-12-09,2024-12-17,"4.10%",50,4.1,0.110110472156543
2025-12-09,2024-12-17,"4.35%",75,4.35,0.0499600674472077
2025-12-09,2024-12-17,"4.60%",100,4.6,0.0168409144957248
2025-12-09,2024-12-17,"4.85%",125,4.85,0
2025-12-09,2024-12-17,"5.10%",150,5.1,0
2025-12-09,2024-12-17,"5.35%",175,5.35,0
2025-12-09,2024-12-17,"5.60%",200,5.6,0
2025-12-09,2024-12-17,"5.85%",225,5.85,0
2025-12-09,2024-12-17,"6.10%",250,6.1,0
2025-12-09,2024-12-18,"0.10%",-300,0.1,0
2025-12-09,2024-12-18,"0.35%",-300,0.35,0
2025-12-09,2024-12-18,"0.60%",-300,0.6,0
2025-12-09,2024-12-18,"0.85%",-275,0.85,0
2025-12-09,2024-12-18,"1.10%",-250,1.1,0
2025-12-09,2024-12-18,"1.35%",-225,1.35,0
2025-12-09,2024-12-18,"1.60%",-200,1.6,0
2025-12-09,2024-12-18,"1.85%",-175,1.85,0
2025-12-09,2024-12-18,"2.10%",-150,2.1,0
2025-12-09,2024-12-18,"2.35%",-125,2.35,0
2025-12-09,2024-12-18,"2.60%",-100,2.6,0.0286077800549329
2025-12-09,2024-12-18,"2.85%",-75,2.85,0.0750170742480346
2025-12-09,2024-12-18,"3.10%",-50,3.1,0.145236286305309
2025-12-09,2024-12-18,"3.35%",-25,3.35,0.207633785877958
2025-12-09,2024-12-18,"3.60%",0,3.6,0.21921333353813
2025-12-09,2024-12-18,"3.85%",25,3.85,0.170918008378242
2025-12-09,2024-12-18,"4.10%",50,4.1,0.098408783883892
2025-12-09,2024-12-18,"4.35%",75,4.35,0.0418356923058754
2025-12-09,2024-12-18,"4.60%",100,4.6,0.0131292554076253
2025-12-09,2024-12-18,"4.85%",125,4.85,0
2025-12-09,2024-12-18,"5.10%",150,5.1,0
2025-12-09,2024-12-18,"5.35%",175,5.35,0
2025-12-09,2024-12-18,"5.60%",200,5.6,0
2025-12-09,2024-12-18,"5.85%",225,5.85,0
2025-12-09,2024-12-18,"6.10%",250,6.1,0
2025-12-09,2024-12-19,"0.10%",-300,0.1,0
2025-12-09,2024-12-19,"0.35%",-300,0.35,0
2025-12-09,2024-12-19,"0.60%",-300,0.6,0
2025-12-09,2024-12-19,"0.85%",-275,0.85,0
2025-12-09,2024-12-19,"1.10%",-250,1.1,0
2025-12-09,2024-12-19,"1.35%",-225,1.35,0
2025-12-09,2024-12-19,"1.60%",-200,1.6,0
2025-12-09,2024-12-19,"1.85%",-175,1.85,0
2025-12-09,2024-12-19,"2.10%",-150,2.1,0
2025-12-09,2024-12-19,"2.35%",-125,2.35,0
2025-12-09,2024-12-19,"2.60%",-100,2.6,0.01625390371225
2025-12-09,2024-12-19,"2.85%",-75,2.85,0.0494071815033013
2025-12-09,2024-12-19,"3.10%",-50,3.1,0.110667674850663
2025-12-09,2024-12-19,"3.35%",-25,3.35,0.1826980492451
2025-12-09,2024-12-19,"3.60%",0,3.6,0.222322520887691
2025-12-09,2024-12-19,"3.85%",25,3.85,0.199430210117946
2025-12-09,2024-12-19,"4.10%",50,4.1,0.131869523923603
2025-12-09,2024-12-19,"4.35%",75,4.35,0.0642686353455864
2025-12-09,2024-12-19,"4.60%",100,4.6,0.023082300413859
2025-12-09,2024-12-19,"4.85%",125,4.85,0
2025-12-09,2024-12-19,"5.10%",150,5.1,0
2025-12-09,2024-12-19,"5.35%",175,5.35,0
2025-12-09,2024-12-19,"5.60%",200,5.6,0
2025-12-09,2024-12-19,"5.85%",225,5.85,0
2025-12-09,2024-12-19,"6.10%",250,6.1,0
2025-12-09,2024-12-20,"0.10%",-300,0.1,0
2025-12-09,2024-12-20,"0.35%",-300,0.35,0
2025-12-09,2024-12-20,"0.60%",-300,0.6,0
2025-12-09,2024-12-20,"0.85%",-275,0.85,0
2025-12-09,2024-12-20,"1.10%",-250,1.1,0
2025-12-09,2024-12-20,"1.35%",-225,1.35,0
2025-12-09,2024-12-20,"1.60%",-200,1.6,0
2025-12-09,2024-12-20,"1.85%",-175,1.85,0
2025-12-09,2024-12-20,"2.10%",-150,2.1,0
2025-12-09,2024-12-20,"2.35%",-125,2.35,0
2025-12-09,2024-12-20,"2.60%",-100,2.6,0
2025-12-09,2024-12-20,"2.85%",-75,2.85,0.0362537222551072
2025-12-09,2024-12-20,"3.10%",-50,3.1,0.0988923360563087
2025-12-09,2024-12-20,"3.35%",-25,3.35,0.186584127859443
2025-12-09,2024-12-20,"3.60%",0,3.6,0.243561866035536
2025-12-09,2024-12-20,"3.85%",25,3.85,0.219997833570109
2025-12-09,2024-12-20,"4.10%",50,4.1,0.137493473552973
2025-12-09,2024-12-20,"4.35%",75,4.35,0.0594442387568384
2025-12-09,2024-12-20,"4.60%",100,4.6,0.0177724019136847
2025-12-09,2024-12-20,"4.85%",125,4.85,0
2025-12-09,2024-12-20,"5.10%",150,5.1,0
2025-12-09,2024-12-20,"5.35%",175,5.35,0
2025-12-09,2024-12-20,"5.60%",200,5.6,0
2025-12-09,2024-12-20,"5.85%",225,5.85,0
2025-12-09,2024-12-20,"6.10%",250,6.1,0
2025-12-09,2024-12-23,"0.10%",-300,0.1,0
2025-12-09,2024-12-23,"0.35%",-300,0.35,0
2025-12-09,2024-12-23,"0.60%",-300,0.6,0
2025-12-09,2024-12-23,"0.85%",-275,0.85,0
2025-12-09,2024-12-23,"1.10%",-250,1.1,0
2025-12-09,2024-12-23,"1.35%",-225,1.35,0
2025-12-09,2024-12-23,"1.60%",-200,1.6,0
2025-12-09,2024-12-23,"1.85%",-175,1.85,0
2025-12-09,2024-12-23,"2.10%",-150,2.1,0
2025-12-09,2024-12-23,"2.35%",-125,2.35,0
2025-12-09,2024-12-23,"2.60%",-100,2.6,0
2025-12-09,2024-12-23,"2.85%",-75,2.85,0.0396497937995629
2025-12-09,2024-12-23,"3.10%",-50,3.1,0.114703974909955
2025-12-09,2024-12-23,"3.35%",-25,3.35,0.216321295462289
2025-12-09,2024-12-23,"3.60%",0,3.6,0.266068676449542
2025-12-09,2024-12-23,"3.85%",25,3.85,0.213464607535337
2025-12-09,2024-12-23,"4.10%",50,4.1,0.111693422499693
2025-12-09,2024-12-23,"4.35%",75,4.35,0.0380982293436221
2025-12-09,2024-12-23,"4.60%",100,4.6,0
2025-12-09,2024-12-23,"4.85%",125,4.85,0
2025-12-09,2024-12-23,"5.10%",150,5.1,0
2025-12-09,2024-12-23,"5.35%",175,5.35,0
2025-12-09,2024-12-23,"5.60%",200,5.6,0
2025-12-09,2024-12-23,"5.85%",225,5.85,0
2025-12-09,2024-12-23,"6.10%",250,6.1,0
2025-12-09,2024-12-24,"0.10%",-300,0.1,0
2025-12-09,2024-12-24,"0.35%",-300,0.35,0
2025-12-09,2024-12-24,"0.60%",-300,0.6,0
2025-12-09,2024-12-24,"0.85%",-275,0.85,0
2025-12-09,2024-12-24,"1.10%",-250,1.1,0
2025-12-09,2024-12-24,"1.35%",-225,1.35,0
2025-12-09,2024-12-24,"1.60%",-200,1.6,0
2025-12-09,2024-12-24,"1.85%",-175,1.85,0
2025-12-09,2024-12-24,"2.10%",-150,2.1,0
2025-12-09,2024-12-24,"2.35%",-125,2.35,0
2025-12-09,2024-12-24,"2.60%",-100,2.6,0.0117048807240629
2025-12-09,2024-12-24,"2.85%",-75,2.85,0.0473361082374041
2025-12-09,2024-12-24,"3.10%",-50,3.1,0.126300477068408
2025-12-09,2024-12-24,"3.35%",-25,3.35,0.222464748338435
2025-12-09,2024-12-24,"3.60%",0,3.6,0.258772021230086
2025-12-09,2024-12-24,"3.85%",25,3.85,0.198799857381389
2025-12-09,2024-12-24,"4.10%",50,4.1,0.100851699152928
2025-12-09,2024-12-24,"4.35%",75,4.35,0.0337702078672869
2025-12-09,2024-12-24,"4.60%",100,4.6,0
2025-12-09,2024-12-24,"4.85%",125,4.85,0
2025-12-09,2024-12-24,"5.10%",150,5.1,0
2025-12-09,2024-12-24,"5.35%",175,5.35,0
2025-12-09,2024-12-24,"5.60%",200,5.6,0
2025-12-09,2024-12-24,"5.85%",225,5.85,0
2025-12-09,2024-12-24,"6.10%",250,6.1,0
2025-12-09,2024-12-27,"0.10%",-300,0.1,0
2025-12-09,2024-12-27,"0.35%",-300,0.35,0
2025-12-09,2024-12-27,"0.60%",-300,0.6,0
2025-12-09,2024-12-27,"0.85%",-275,0.85,0
2025-12-09,2024-12-27,"1.10%",-250,1.1,0
2025-12-09,2024-12-27,"1.35%",-225,1.35,0
2025-12-09,2024-12-27,"1.60%",-200,1.6,0
2025-12-09,2024-12-27,"1.85%",-175,1.85,0
2025-12-09,2024-12-27,"2.10%",-150,2.1,0
2025-12-09,2024-12-27,"2.35%",-125,2.35,0
2025-12-09,2024-12-27,"2.60%",-100,2.6,0.0194100343884202
2025-12-09,2024-12-27,"2.85%",-75,2.85,0.0598288249420865
2025-12-09,2024-12-27,"3.10%",-50,3.1,0.13167703911855
2025-12-09,2024-12-27,"3.35%",-25,3.35,0.206983840333069
2025-12-09,2024-12-27,"3.60%",0,3.6,0.232410483703261
2025-12-09,2024-12-27,"3.85%",25,3.85,0.186416808953378
2025-12-09,2024-12-27,"4.10%",50,4.1,0.106805071168319
2025-12-09,2024-12-27,"4.35%",75,4.35,0.0437014105252086
2025-12-09,2024-12-27,"4.60%",100,4.6,0.0127664868677074
2025-12-09,2024-12-27,"4.85%",125,4.85,0
2025-12-09,2024-12-27,"5.10%",150,5.1,0
2025-12-09,2024-12-27,"5.35%",175,5.35,0
2025-12-09,2024-12-27,"5.60%",200,5.6,0
2025-12-09,2024-12-27,"5.85%",225,5.85,0
2025-12-09,2024-12-27,"6.10%",250,6.1,0
2025-12-09,2024-12-30,"0.10%",-300,0.1,0
2025-12-09,2024-12-30,"0.35%",-300,0.35,0
2025-12-09,2024-12-30,"0.60%",-300,0.6,0
2025-12-09,2024-12-30,"0.85%",-275,0.85,0
2025-12-09,2024-12-30,"1.10%",-250,1.1,0
2025-12-09,2024-12-30,"1.35%",-225,1.35,0
2025-12-09,2024-12-30,"1.60%",-200,1.6,0
2025-12-09,2024-12-30,"1.85%",-175,1.85,0
2025-12-09,2024-12-30,"2.10%",-150,2.1,0
2025-12-09,2024-12-30,"2.35%",-125,2.35,0
2025-12-09,2024-12-30,"2.60%",-100,2.6,0.0132487715636779
2025-12-09,2024-12-30,"2.85%",-75,2.85,0.0489520027046719
2025-12-09,2024-12-30,"3.10%",-50,3.1,0.123252696920874
2025-12-09,2024-12-30,"3.35%",-25,3.35,0.21156501494307
2025-12-09,2024-12-30,"3.60%",0,3.6,0.247644847908732
2025-12-09,2024-12-30,"3.85%",25,3.85,0.197691269600945
2025-12-09,2024-12-30,"4.10%",50,4.1,0.107614019744581
2025-12-09,2024-12-30,"4.35%",75,4.35,0.0399340185012277
2025-12-09,2024-12-30,"4.60%",100,4.6,0.0100973581122199
2025-12-09,2024-12-30,"4.85%",125,4.85,0
2025-12-09,2024-12-30,"5.10%",150,5.1,0
2025-12-09,2024-12-30,"5.35%",175,5.35,0
2025-12-09,2024-12-30,"5.60%",200,5.6,0
2025-12-09,2024-12-30,"5.85%",225,5.85,0
2025-12-09,2024-12-30,"6.10%",250,6.1,0
2025-12-09,2024-12-31,"0.10%",-300,0.1,0
2025-12-09,2024-12-31,"0.35%",-300,0.35,0
2025-12-09,2024-12-31,"0.60%",-300,0.6,0
2025-12-09,2024-12-31,"0.85%",-275,0.85,0
2025-12-09,2024-12-31,"1.10%",-250,1.1,0
2025-12-09,2024-12-31,"1.35%",-225,1.35,0
2025-12-09,2024-12-31,"1.60%",-200,1.6,0
2025-12-09,2024-12-31,"1.85%",-175,1.85,0
2025-12-09,2024-12-31,"2.10%",-150,2.1,0
2025-12-09,2024-12-31,"2.35%",-125,2.35,0
2025-12-09,2024-12-31,"2.60%",-100,2.6,0.0275874065788316
2025-12-09,2024-12-31,"2.85%",-75,2.85,0.0728808008016374
2025-12-09,2024-12-31,"3.10%",-50,3.1,0.142339320428803
2025-12-09,2024-12-31,"3.35%",-25,3.35,0.205548768367065
2025-12-09,2024-12-31,"3.60%",0,3.6,0.219493579997756
2025-12-09,2024-12-31,"3.85%",25,3.85,0.173321607054084
2025-12-09,2024-12-31,"4.10%",50,4.1,0.101200461058097
2025-12-09,2024-12-31,"4.35%",75,4.35,0.0436872994450709
2025-12-09,2024-12-31,"4.60%",100,4.6,0.0139407562686552
2025-12-09,2024-12-31,"4.85%",125,4.85,0
2025-12-09,2024-12-31,"5.10%",150,5.1,0
2025-12-09,2024-12-31,"5.35%",175,5.35,0
2025-12-09,2024-12-31,"5.60%",200,5.6,0
2025-12-09,2024-12-31,"5.85%",225,5.85,0
2025-12-09,2024-12-31,"6.10%",250,6.1,0
2025-12-09,2025-01-02,"0.10%",-300,0.1,0
2025-12-09,2025-01-02,"0.35%",-300,0.35,0
2025-12-09,2025-01-02,"0.60%",-300,0.6,0
2025-12-09,2025-01-02,"0.85%",-275,0.85,0
2025-12-09,2025-01-02,"1.10%",-250,1.1,0
2025-12-09,2025-01-02,"1.35%",-225,1.35,0
2025-12-09,2025-01-02,"1.60%",-200,1.6,0
2025-12-09,2025-01-02,"1.85%",-175,1.85,0
2025-12-09,2025-01-02,"2.10%",-150,2.1,0
2025-12-09,2025-01-02,"2.35%",-125,2.35,0
2025-12-09,2025-01-02,"2.60%",-100,2.6,0.0135944862142618
2025-12-09,2025-01-02,"2.85%",-75,2.85,0.0520755573816169
2025-12-09,2025-01-02,"3.10%",-50,3.1,0.132780380049192
2025-12-09,2025-01-02,"3.35%",-25,3.35,0.22547262992079
2025-12-09,2025-01-02,"3.60%",0,3.6,0.255065032816547
2025-12-09,2025-01-02,"3.85%",25,3.85,0.192237387842162
2025-12-09,2025-01-02,"4.10%",50,4.1,0.0965117338092634
2025-12-09,2025-01-02,"4.35%",75,4.35,0.0322627919661674
2025-12-09,2025-01-02,"4.60%",100,4.6,0
2025-12-09,2025-01-02,"4.85%",125,4.85,0
2025-12-09,2025-01-02,"5.10%",150,5.1,0
2025-12-09,2025-01-02,"5.35%",175,5.35,0
2025-12-09,2025-01-02,"5.60%",200,5.6,0
2025-12-09,2025-01-02,"5.85%",225,5.85,0
2025-12-09,2025-01-02,"6.10%",250,6.1,0
2025-12-09,2025-01-03,"0.10%",-300,0.1,0
2025-12-09,2025-01-03,"0.35%",-300,0.35,0
2025-12-09,2025-01-03,"0.60%",-300,0.6,0
2025-12-09,2025-01-03,"0.85%",-275,0.85,0
2025-12-09,2025-01-03,"1.10%",-250,1.1,0
2025-12-09,2025-01-03,"1.35%",-225,1.35,0
2025-12-09,2025-01-03,"1.60%",-200,1.6,0
2025-12-09,2025-01-03,"1.85%",-175,1.85,0
2025-12-09,2025-01-03,"2.10%",-150,2.1,0
2025-12-09,2025-01-03,"2.35%",-125,2.35,0
2025-12-09,2025-01-03,"2.60%",-100,2.6,0.0139634135566146
2025-12-09,2025-01-03,"2.85%",-75,2.85,0.0555298570546902
2025-12-09,2025-01-03,"3.10%",-50,3.1,0.143080309153995
2025-12-09,2025-01-03,"3.35%",-25,3.35,0.239020767899312
2025-12-09,2025-01-03,"3.60%",0,3.6,0.258973925016919
2025-12-09,2025-01-03,"3.85%",25,3.85,0.181998143903831
2025-12-09,2025-01-03,"4.10%",50,4.1,0.0829383956589128
2025-12-09,2025-01-03,"4.35%",75,4.35,0.0244951877557246
2025-12-09,2025-01-03,"4.60%",100,4.6,0
2025-12-09,2025-01-03,"4.85%",125,4.85,0
2025-12-09,2025-01-03,"5.10%",150,5.1,0
2025-12-09,2025-01-03,"5.35%",175,5.35,0
2025-12-09,2025-01-03,"5.60%",200,5.6,0
2025-12-09,2025-01-03,"5.85%",225,5.85,0
2025-12-09,2025-01-03,"6.10%",250,6.1,0
2025-12-09,2025-01-06,"0.10%",-300,0.1,0
2025-12-09,2025-01-06,"0.35%",-300,0.35,0
2025-12-09,2025-01-06,"0.60%",-300,0.6,0
2025-12-09,2025-01-06,"0.85%",-275,0.85,0
2025-12-09,2025-01-06,"1.10%",-250,1.1,0
2025-12-09,2025-01-06,"1.35%",-225,1.35,0
2025-12-09,2025-01-06,"1.60%",-200,1.6,0
2025-12-09,2025-01-06,"1.85%",-175,1.85,0
2025-12-09,2025-01-06,"2.10%",-150,2.1,0
2025-12-09,2025-01-06,"2.35%",-125,2.35,0
2025-12-09,2025-01-06,"2.60%",-100,2.6,0.0114424544071263
2025-12-09,2025-01-06,"2.85%",-75,2.85,0.0454123441002951
2025-12-09,2025-01-06,"3.10%",-50,3.1,0.120627303582676
2025-12-09,2025-01-06,"3.35%",-25,3.35,0.214567555892897
2025-12-09,2025-01-06,"3.60%",0,3.6,0.255665250357025
2025-12-09,2025-01-06,"3.85%",25,3.85,0.204085904268909
2025-12-09,2025-01-06,"4.10%",50,4.1,0.109126675530831
2025-12-09,2025-01-06,"4.35%",75,4.35,0.0390725118602413
2025-12-09,2025-01-06,"4.60%",100,4.6,0
2025-12-09,2025-01-06,"4.85%",125,4.85,0
2025-12-09,2025-01-06,"5.10%",150,5.1,0
2025-12-09,2025-01-06,"5.35%",175,5.35,0
2025-12-09,2025-01-06,"5.60%",200,5.6,0
2025-12-09,2025-01-06,"5.85%",225,5.85,0
2025-12-09,2025-01-06,"6.10%",250,6.1,0
2025-12-09,2025-01-07,"0.10%",-300,0.1,0
2025-12-09,2025-01-07,"0.35%",-300,0.35,0
2025-12-09,2025-01-07,"0.60%",-300,0.6,0
2025-12-09,2025-01-07,"0.85%",-275,0.85,0
2025-12-09,2025-01-07,"1.10%",-250,1.1,0
2025-12-09,2025-01-07,"1.35%",-225,1.35,0
2025-12-09,2025-01-07,"1.60%",-200,1.6,0
2025-12-09,2025-01-07,"1.85%",-175,1.85,0
2025-12-09,2025-01-07,"2.10%",-150,2.1,0
2025-12-09,2025-01-07,"2.35%",-125,2.35,0
2025-12-09,2025-01-07,"2.60%",-100,2.6,0
2025-12-09,2025-01-07,"2.85%",-75,2.85,0.0355777178108085
2025-12-09,2025-01-07,"3.10%",-50,3.1,0.105086935402044
2025-12-09,2025-01-07,"3.35%",-25,3.35,0.204074402599311
2025-12-09,2025-01-07,"3.60%",0,3.6,0.260665853238649
2025-12-09,2025-01-07,"3.85%",25,3.85,0.219031496924575
2025-12-09,2025-01-07,"4.10%",50,4.1,0.121061263097532
2025-12-09,2025-01-07,"4.35%",75,4.35,0.04399588708892
2025-12-09,2025-01-07,"4.60%",100,4.6,0.0105064438381595
2025-12-09,2025-01-07,"4.85%",125,4.85,0
2025-12-09,2025-01-07,"5.10%",150,5.1,0
2025-12-09,2025-01-07,"5.35%",175,5.35,0
2025-12-09,2025-01-07,"5.60%",200,5.6,0
2025-12-09,2025-01-07,"5.85%",225,5.85,0
2025-12-09,2025-01-07,"6.10%",250,6.1,0
2025-12-09,2025-01-08,"0.10%",-300,0.1,0
2025-12-09,2025-01-08,"0.35%",-300,0.35,0
2025-12-09,2025-01-08,"0.60%",-300,0.6,0
2025-12-09,2025-01-08,"0.85%",-275,0.85,0
2025-12-09,2025-01-08,"1.10%",-250,1.1,0
2025-12-09,2025-01-08,"1.35%",-225,1.35,0
2025-12-09,2025-01-08,"1.60%",-200,1.6,0
2025-12-09,2025-01-08,"1.85%",-175,1.85,0
2025-12-09,2025-01-08,"2.10%",-150,2.1,0
2025-12-09,2025-01-08,"2.35%",-125,2.35,0
2025-12-09,2025-01-08,"2.60%",-100,2.6,0
2025-12-09,2025-01-08,"2.85%",-75,2.85,0.0333281391273164
2025-12-09,2025-01-08,"3.10%",-50,3.1,0.109224892345863
2025-12-09,2025-01-08,"3.35%",-25,3.35,0.221857965315198
2025-12-09,2025-01-08,"3.60%",0,3.6,0.279491461541994
2025-12-09,2025-01-08,"3.85%",25,3.85,0.218425188539126
2025-12-09,2025-01-08,"4.10%",50,4.1,0.105869360578989
2025-12-09,2025-01-08,"4.35%",75,4.35,0.0318029925515126
2025-12-09,2025-01-08,"4.60%",100,4.6,0
2025-12-09,2025-01-08,"4.85%",125,4.85,0
2025-12-09,2025-01-08,"5.10%",150,5.1,0
2025-12-09,2025-01-08,"5.35%",175,5.35,0
2025-12-09,2025-01-08,"5.60%",200,5.6,0
2025-12-09,2025-01-08,"5.85%",225,5.85,0
2025-12-09,2025-01-08,"6.10%",250,6.1,0
2025-12-09,2025-01-09,"0.10%",-300,0.1,0
2025-12-09,2025-01-09,"0.35%",-300,0.35,0
2025-12-09,2025-01-09,"0.60%",-300,0.6,0
2025-12-09,2025-01-09,"0.85%",-275,0.85,0
2025-12-09,2025-01-09,"1.10%",-250,1.1,0
2025-12-09,2025-01-09,"1.35%",-225,1.35,0
2025-12-09,2025-01-09,"1.60%",-200,1.6,0
2025-12-09,2025-01-09,"1.85%",-175,1.85,0
2025-12-09,2025-01-09,"2.10%",-150,2.1,0
2025-12-09,2025-01-09,"2.35%",-125,2.35,0
2025-12-09,2025-01-09,"2.60%",-100,2.6,0
2025-12-09,2025-01-09,"2.85%",-75,2.85,0.0285848354488846
2025-12-09,2025-01-09,"3.10%",-50,3.1,0.109317892099954
2025-12-09,2025-01-09,"3.35%",-25,3.35,0.239084581244296
2025-12-09,2025-01-09,"3.60%",0,3.6,0.2993931212259
2025-12-09,2025-01-09,"3.85%",25,3.85,0.214743555712146
2025-12-09,2025-01-09,"4.10%",50,4.1,0.0881767455406296
2025-12-09,2025-01-09,"4.35%",75,4.35,0.0206992687281896
2025-12-09,2025-01-09,"4.60%",100,4.6,0
2025-12-09,2025-01-09,"4.85%",125,4.85,0
2025-12-09,2025-01-09,"5.10%",150,5.1,0
2025-12-09,2025-01-09,"5.35%",175,5.35,0
2025-12-09,2025-01-09,"5.60%",200,5.6,0
2025-12-09,2025-01-09,"5.85%",225,5.85,0
2025-12-09,2025-01-09,"6.10%",250,6.1,0
2025-12-09,2025-01-10,"0.10%",-300,0.1,0
2025-12-09,2025-01-10,"0.35%",-300,0.35,0
2025-12-09,2025-01-10,"0.60%",-300,0.6,0
2025-12-09,2025-01-10,"0.85%",-275,0.85,0
2025-12-09,2025-01-10,"1.10%",-250,1.1,0
2025-12-09,2025-01-10,"1.35%",-225,1.35,0
2025-12-09,2025-01-10,"1.60%",-200,1.6,0
2025-12-09,2025-01-10,"1.85%",-175,1.85,0
2025-12-09,2025-01-10,"2.10%",-150,2.1,0
2025-12-09,2025-01-10,"2.35%",-125,2.35,0
2025-12-09,2025-01-10,"2.60%",-100,2.6,0
2025-12-09,2025-01-10,"2.85%",-75,2.85,0.0268861534431316
2025-12-09,2025-01-10,"3.10%",-50,3.1,0.102379152525124
2025-12-09,2025-01-10,"3.35%",-25,3.35,0.227430897300224
2025-12-09,2025-01-10,"3.60%",0,3.6,0.295066710430189
2025-12-09,2025-01-10,"3.85%",25,3.85,0.223659385008215
2025-12-09,2025-01-10,"4.10%",50,4.1,0.0990094144724886
2025-12-09,2025-01-10,"4.35%",75,4.35,0.0255682868206284
2025-12-09,2025-01-10,"4.60%",100,4.6,0
2025-12-09,2025-01-10,"4.85%",125,4.85,0
2025-12-09,2025-01-10,"5.10%",150,5.1,0
2025-12-09,2025-01-10,"5.35%",175,5.35,0
2025-12-09,2025-01-10,"5.60%",200,5.6,0
2025-12-09,2025-01-10,"5.85%",225,5.85,0
2025-12-09,2025-01-10,"6.10%",250,6.1,0
2025-12-09,2025-01-13,"0.10%",-300,0.1,0
2025-12-09,2025-01-13,"0.35%",-300,0.35,0
2025-12-09,2025-01-13,"0.60%",-300,0.6,0
2025-12-09,2025-01-13,"0.85%",-275,0.85,0
2025-12-09,2025-01-13,"1.10%",-250,1.1,0
2025-12-09,2025-01-13,"1.35%",-225,1.35,0
2025-12-09,2025-01-13,"1.60%",-200,1.6,0
2025-12-09,2025-01-13,"1.85%",-175,1.85,0
2025-12-09,2025-01-13,"2.10%",-150,2.1,0
2025-12-09,2025-01-13,"2.35%",-125,2.35,0
2025-12-09,2025-01-13,"2.60%",-100,2.6,0
2025-12-09,2025-01-13,"2.85%",-75,2.85,0.0144226807082782
2025-12-09,2025-01-13,"3.10%",-50,3.1,0.0618865540175146
2025-12-09,2025-01-13,"3.35%",-25,3.35,0.162996200355254
2025-12-09,2025-01-13,"3.60%",0,3.6,0.263757715318733
2025-12-09,2025-01-13,"3.85%",25,3.85,0.262360376907847
2025-12-09,2025-01-13,"4.10%",50,4.1,0.160418421914276
2025-12-09,2025-01-13,"4.35%",75,4.35,0.060262846348649
2025-12-09,2025-01-13,"4.60%",100,4.6,0.013895204429448
2025-12-09,2025-01-13,"4.85%",125,4.85,0
2025-12-09,2025-01-13,"5.10%",150,5.1,0
2025-12-09,2025-01-13,"5.35%",175,5.35,0
2025-12-09,2025-01-13,"5.60%",200,5.6,0
2025-12-09,2025-01-13,"5.85%",225,5.85,0
2025-12-09,2025-01-13,"6.10%",250,6.1,0
2025-12-09,2025-01-14,"0.10%",-300,0.1,0
2025-12-09,2025-01-14,"0.35%",-300,0.35,0
2025-12-09,2025-01-14,"0.60%",-300,0.6,0
2025-12-09,2025-01-14,"0.85%",-275,0.85,0
2025-12-09,2025-01-14,"1.10%",-250,1.1,0
2025-12-09,2025-01-14,"1.35%",-225,1.35,0
2025-12-09,2025-01-14,"1.60%",-200,1.6,0
2025-12-09,2025-01-14,"1.85%",-175,1.85,0
2025-12-09,2025-01-14,"2.10%",-150,2.1,0
2025-12-09,2025-01-14,"2.35%",-125,2.35,0
2025-12-09,2025-01-14,"2.60%",-100,2.6,0
2025-12-09,2025-01-14,"2.85%",-75,2.85,0.0269557486034132
2025-12-09,2025-01-14,"3.10%",-50,3.1,0.0807996061986001
2025-12-09,2025-01-14,"3.35%",-25,3.35,0.166873906491372
2025-12-09,2025-01-14,"3.60%",0,3.6,0.237536085283037
2025-12-09,2025-01-14,"3.85%",25,3.85,0.233079178448734
2025-12-09,2025-01-14,"4.10%",50,4.1,0.157654455842574
2025-12-09,2025-01-14,"4.35%",75,4.35,0.0734953307761442
2025-12-09,2025-01-14,"4.60%",100,4.6,0.0236056883561247
2025-12-09,2025-01-14,"4.85%",125,4.85,0
2025-12-09,2025-01-14,"5.10%",150,5.1,0
2025-12-09,2025-01-14,"5.35%",175,5.35,0
2025-12-09,2025-01-14,"5.60%",200,5.6,0
2025-12-09,2025-01-14,"5.85%",225,5.85,0
2025-12-09,2025-01-14,"6.10%",250,6.1,0
2025-12-09,2025-01-15,"0.10%",-300,0.1,0
2025-12-09,2025-01-15,"0.35%",-300,0.35,0
2025-12-09,2025-01-15,"0.60%",-300,0.6,0
2025-12-09,2025-01-15,"0.85%",-275,0.85,0
2025-12-09,2025-01-15,"1.10%",-250,1.1,0
2025-12-09,2025-01-15,"1.35%",-225,1.35,0
2025-12-09,2025-01-15,"1.60%",-200,1.6,0
2025-12-09,2025-01-15,"1.85%",-175,1.85,0
2025-12-09,2025-01-15,"2.10%",-150,2.1,0
2025-12-09,2025-01-15,"2.35%",-125,2.35,0
2025-12-09,2025-01-15,"2.60%",-100,2.6,0
2025-12-09,2025-01-15,"2.85%",-75,2.85,0.0319525265618026
2025-12-09,2025-01-15,"3.10%",-50,3.1,0.085375078338747
2025-12-09,2025-01-15,"3.35%",-25,3.35,0.163804809652893
2025-12-09,2025-01-15,"3.60%",0,3.6,0.225725529766388
2025-12-09,2025-01-15,"3.85%",25,3.85,0.22342826169528
2025-12-09,2025-01-15,"4.10%",50,4.1,0.158853753847063
2025-12-09,2025-01-15,"4.35%",75,4.35,0.0811168538753484
2025-12-09,2025-01-15,"4.60%",100,4.6,0.0297431862624781
2025-12-09,2025-01-15,"4.85%",125,4.85,0
2025-12-09,2025-01-15,"5.10%",150,5.1,0
2025-12-09,2025-01-15,"5.35%",175,5.35,0
2025-12-09,2025-01-15,"5.60%",200,5.6,0
2025-12-09,2025-01-15,"5.85%",225,5.85,0
2025-12-09,2025-01-15,"6.10%",250,6.1,0
2025-12-09,2025-01-16,"0.10%",-300,0.1,0
2025-12-09,2025-01-16,"0.35%",-300,0.35,0
2025-12-09,2025-01-16,"0.60%",-300,0.6,0
2025-12-09,2025-01-16,"0.85%",-275,0.85,0
2025-12-09,2025-01-16,"1.10%",-250,1.1,0
2025-12-09,2025-01-16,"1.35%",-225,1.35,0
2025-12-09,2025-01-16,"1.60%",-200,1.6,0
2025-12-09,2025-01-16,"1.85%",-175,1.85,0
2025-12-09,2025-01-16,"2.10%",-150,2.1,0
2025-12-09,2025-01-16,"2.35%",-125,2.35,0
2025-12-09,2025-01-16,"2.60%",-100,2.6,0.0154132614483561
2025-12-09,2025-01-16,"2.85%",-75,2.85,0.0480427875414188
2025-12-09,2025-01-16,"3.10%",-50,3.1,0.1096452668404
2025-12-09,2025-01-16,"3.35%",-25,3.35,0.18326142579568
2025-12-09,2025-01-16,"3.60%",0,3.6,0.224352336127939
2025-12-09,2025-01-16,"3.85%",25,3.85,0.201183384756778
2025-12-09,2025-01-16,"4.10%",50,4.1,0.132142600556816
2025-12-09,2025-01-16,"4.35%",75,4.35,0.0635673761802653
2025-12-09,2025-01-16,"4.60%",100,4.6,0.0223915607523456
2025-12-09,2025-01-16,"4.85%",125,4.85,0
2025-12-09,2025-01-16,"5.10%",150,5.1,0
2025-12-09,2025-01-16,"5.35%",175,5.35,0
2025-12-09,2025-01-16,"5.60%",200,5.6,0
2025-12-09,2025-01-16,"5.85%",225,5.85,0
2025-12-09,2025-01-16,"6.10%",250,6.1,0
2025-12-09,2025-01-17,"0.10%",-300,0.1,0
2025-12-09,2025-01-17,"0.35%",-300,0.35,0
2025-12-09,2025-01-17,"0.60%",-300,0.6,0
2025-12-09,2025-01-17,"0.85%",-275,0.85,0
2025-12-09,2025-01-17,"1.10%",-250,1.1,0
2025-12-09,2025-01-17,"1.35%",-225,1.35,0
2025-12-09,2025-01-17,"1.60%",-200,1.6,0
2025-12-09,2025-01-17,"1.85%",-175,1.85,0
2025-12-09,2025-01-17,"2.10%",-150,2.1,0
2025-12-09,2025-01-17,"2.35%",-125,2.35,0
2025-12-09,2025-01-17,"2.60%",-100,2.6,0.0196970519456151
2025-12-09,2025-01-17,"2.85%",-75,2.85,0.0516095931099543
2025-12-09,2025-01-17,"3.10%",-50,3.1,0.104822200922947
2025-12-09,2025-01-17,"3.35%",-25,3.35,0.165048943787467
2025-12-09,2025-01-17,"3.60%",0,3.6,0.201482383543879
2025-12-09,2025-01-17,"3.85%",25,3.85,0.190694792333333
2025-12-09,2025-01-17,"4.10%",50,4.1,0.139931191259528
2025-12-09,2025-01-17,"4.35%",75,4.35,0.0796058092103762
2025-12-09,2025-01-17,"4.60%",100,4.6,0.035107085609515
2025-12-09,2025-01-17,"4.85%",125,4.85,0.0120009482773853
2025-12-09,2025-01-17,"5.10%",150,5.1,0
2025-12-09,2025-01-17,"5.35%",175,5.35,0
2025-12-09,2025-01-17,"5.60%",200,5.6,0
2025-12-09,2025-01-17,"5.85%",225,5.85,0
2025-12-09,2025-01-17,"6.10%",250,6.1,0
2025-12-09,2025-01-20,"0.10%",-300,0.1,0
2025-12-09,2025-01-20,"0.35%",-300,0.35,0
2025-12-09,2025-01-20,"0.60%",-300,0.6,0
2025-12-09,2025-01-20,"0.85%",-275,0.85,0
2025-12-09,2025-01-20,"1.10%",-250,1.1,0
2025-12-09,2025-01-20,"1.35%",-225,1.35,0
2025-12-09,2025-01-20,"1.60%",-200,1.6,0
2025-12-09,2025-01-20,"1.85%",-175,1.85,0
2025-12-09,2025-01-20,"2.10%",-150,2.1,0
2025-12-09,2025-01-20,"2.35%",-125,2.35,0
2025-12-09,2025-01-20,"2.60%",-100,2.6,0.0194040772037267
2025-12-09,2025-01-20,"2.85%",-75,2.85,0.0533675969043605
2025-12-09,2025-01-20,"3.10%",-50,3.1,0.111397051393238
2025-12-09,2025-01-20,"3.35%",-25,3.35,0.176497241078054
2025-12-09,2025-01-20,"3.60%",0,3.6,0.212278883842915
2025-12-09,2025-01-20,"3.85%",25,3.85,0.19381847025289
2025-12-09,2025-01-20,"4.10%",50,4.1,0.134337013275971
2025-12-09,2025-01-20,"4.35%",75,4.35,0.0706771683648311
2025-12-09,2025-01-20,"4.60%",100,4.6,0.0282224976840134
2025-12-09,2025-01-20,"4.85%",125,4.85,0
2025-12-09,2025-01-20,"5.10%",150,5.1,0
2025-12-09,2025-01-20,"5.35%",175,5.35,0
2025-12-09,2025-01-20,"5.60%",200,5.6,0
2025-12-09,2025-01-20,"5.85%",225,5.85,0
2025-12-09,2025-01-20,"6.10%",250,6.1,0
2025-12-09,2025-01-21,"0.10%",-300,0.1,0
2025-12-09,2025-01-21,"0.35%",-300,0.35,0
2025-12-09,2025-01-21,"0.60%",-300,0.6,0
2025-12-09,2025-01-21,"0.85%",-275,0.85,0
2025-12-09,2025-01-21,"1.10%",-250,1.1,0
2025-12-09,2025-01-21,"1.35%",-225,1.35,0
2025-12-09,2025-01-21,"1.60%",-200,1.6,0
2025-12-09,2025-01-21,"1.85%",-175,1.85,0
2025-12-09,2025-01-21,"2.10%",-150,2.1,0
2025-12-09,2025-01-21,"2.35%",-125,2.35,0
2025-12-09,2025-01-21,"2.60%",-100,2.6,0.0254555137508579
2025-12-09,2025-01-21,"2.85%",-75,2.85,0.0637258127152535
2025-12-09,2025-01-21,"3.10%",-50,3.1,0.122809788374185
2025-12-09,2025-01-21,"3.35%",-25,3.35,0.182212490570652
2025-12-09,2025-01-21,"3.60%",0,3.6,0.208150569081496
2025-12-09,2025-01-21,"3.85%",25,3.85,0.183079820739646
2025-12-09,2025-01-21,"4.10%",50,4.1,0.123981811042845
2025-12-09,2025-01-21,"4.35%",75,4.35,0.0646403460792033
2025-12-09,2025-01-21,"4.60%",100,4.6,0.025943847645861
2025-12-09,2025-01-21,"4.85%",125,4.85,0
2025-12-09,2025-01-21,"5.10%",150,5.1,0
2025-12-09,2025-01-21,"5.35%",175,5.35,0
2025-12-09,2025-01-21,"5.60%",200,5.6,0
2025-12-09,2025-01-21,"5.85%",225,5.85,0
2025-12-09,2025-01-21,"6.10%",250,6.1,0
2025-12-09,2025-01-22,"0.10%",-300,0.1,0
2025-12-09,2025-01-22,"0.35%",-300,0.35,0
2025-12-09,2025-01-22,"0.60%",-300,0.6,0
2025-12-09,2025-01-22,"0.85%",-275,0.85,0
2025-12-09,2025-01-22,"1.10%",-250,1.1,0
2025-12-09,2025-01-22,"1.35%",-225,1.35,0
2025-12-09,2025-01-22,"1.60%",-200,1.6,0
2025-12-09,2025-01-22,"1.85%",-175,1.85,0
2025-12-09,2025-01-22,"2.10%",-150,2.1,0
2025-12-09,2025-01-22,"2.35%",-125,2.35,0
2025-12-09,2025-01-22,"2.60%",-100,2.6,0.020886852795204
2025-12-09,2025-01-22,"2.85%",-75,2.85,0.0559840445934293
2025-12-09,2025-01-22,"3.10%",-50,3.1,0.114350022088893
2025-12-09,2025-01-22,"3.35%",-25,3.35,0.17800891443314
2025-12-09,2025-01-22,"3.60%",0,3.6,0.211209928975187
2025-12-09,2025-01-22,"3.85%",25,3.85,0.191014851956864
2025-12-09,2025-01-22,"4.10%",50,4.1,0.131671696357932
2025-12-09,2025-01-22,"4.35%",75,4.35,0.0691770228671818
2025-12-09,2025-01-22,"4.60%",100,4.6,0.0276966659321687
2025-12-09,2025-01-22,"4.85%",125,4.85,0
2025-12-09,2025-01-22,"5.10%",150,5.1,0
2025-12-09,2025-01-22,"5.35%",175,5.35,0
2025-12-09,2025-01-22,"5.60%",200,5.6,0
2025-12-09,2025-01-22,"5.85%",225,5.85,0
2025-12-09,2025-01-22,"6.10%",250,6.1,0
2025-12-09,2025-01-23,"0.10%",-300,0.1,0
2025-12-09,2025-01-23,"0.35%",-300,0.35,0
2025-12-09,2025-01-23,"0.60%",-300,0.6,0
2025-12-09,2025-01-23,"0.85%",-275,0.85,0
2025-12-09,2025-01-23,"1.10%",-250,1.1,0
2025-12-09,2025-01-23,"1.35%",-225,1.35,0
2025-12-09,2025-01-23,"1.60%",-200,1.6,0
2025-12-09,2025-01-23,"1.85%",-175,1.85,0
2025-12-09,2025-01-23,"2.10%",-150,2.1,0
2025-12-09,2025-01-23,"2.35%",-125,2.35,0
2025-12-09,2025-01-23,"2.60%",-100,2.6,0.0173487318152048
2025-12-09,2025-01-23,"2.85%",-75,2.85,0.0519365685302841
2025-12-09,2025-01-23,"3.10%",-50,3.1,0.114535301213998
2025-12-09,2025-01-23,"3.35%",-25,3.35,0.186101120316162
2025-12-09,2025-01-23,"3.60%",0,3.6,0.222820251066745
2025-12-09,2025-01-23,"3.85%",25,3.85,0.196596685589557
2025-12-09,2025-01-23,"4.10%",50,4.1,0.127820287136078
2025-12-09,2025-01-23,"4.35%",75,4.35,0.0612320312382661
2025-12-09,2025-01-23,"4.60%",100,4.6,0.0216090230937052
2025-12-09,2025-01-23,"4.85%",125,4.85,0
2025-12-09,2025-01-23,"5.10%",150,5.1,0
2025-12-09,2025-01-23,"5.35%",175,5.35,0
2025-12-09,2025-01-23,"5.60%",200,5.6,0
2025-12-09,2025-01-23,"5.85%",225,5.85,0
2025-12-09,2025-01-23,"6.10%",250,6.1,0
2025-12-09,2025-01-24,"0.10%",-300,0.1,0
2025-12-09,2025-01-24,"0.35%",-300,0.35,0
2025-12-09,2025-01-24,"0.60%",-300,0.6,0
2025-12-09,2025-01-24,"0.85%",-275,0.85,0
2025-12-09,2025-01-24,"1.10%",-250,1.1,0
2025-12-09,2025-01-24,"1.35%",-225,1.35,0
2025-12-09,2025-01-24,"1.60%",-200,1.6,0
2025-12-09,2025-01-24,"1.85%",-175,1.85,0
2025-12-09,2025-01-24,"2.10%",-150,2.1,0
2025-12-09,2025-01-24,"2.35%",-125,2.35,0
2025-12-09,2025-01-24,"2.60%",-100,2.6,0.0200979088269912
2025-12-09,2025-01-24,"2.85%",-75,2.85,0.0568334626513918
2025-12-09,2025-01-24,"3.10%",-50,3.1,0.119691156445618
2025-12-09,2025-01-24,"3.35%",-25,3.35,0.187756508709981
2025-12-09,2025-01-24,"3.60%",0,3.6,0.219405066923493
2025-12-09,2025-01-24,"3.85%",25,3.85,0.190999560660481
2025-12-09,2025-01-24,"4.10%",50,4.1,0.123862111543848
2025-12-09,2025-01-24,"4.35%",75,4.35,0.059830533503893
2025-12-09,2025-01-24,"4.60%",100,4.6,0.0215236907343034
2025-12-09,2025-01-24,"4.85%",125,4.85,0
2025-12-09,2025-01-24,"5.10%",150,5.1,0
2025-12-09,2025-01-24,"5.35%",175,5.35,0
2025-12-09,2025-01-24,"5.60%",200,5.6,0
2025-12-09,2025-01-24,"5.85%",225,5.85,0
2025-12-09,2025-01-24,"6.10%",250,6.1,0
2025-12-09,2025-01-27,"0.10%",-300,0.1,0
2025-12-09,2025-01-27,"0.35%",-300,0.35,0
2025-12-09,2025-01-27,"0.60%",-300,0.6,0
2025-12-09,2025-01-27,"0.85%",-275,0.85,0
2025-12-09,2025-01-27,"1.10%",-250,1.1,0
2025-12-09,2025-01-27,"1.35%",-225,1.35,0
2025-12-09,2025-01-27,"1.60%",-200,1.6,0
2025-12-09,2025-01-27,"1.85%",-175,1.85,0
2025-12-09,2025-01-27,"2.10%",-150,2.1,0
2025-12-09,2025-01-27,"2.35%",-125,2.35,0
2025-12-09,2025-01-27,"2.60%",-100,2.6,0.0262362034048434
2025-12-09,2025-01-27,"2.85%",-75,2.85,0.064594431191757
2025-12-09,2025-01-27,"3.10%",-50,3.1,0.123009713700539
2025-12-09,2025-01-27,"3.35%",-25,3.35,0.181206759022044
2025-12-09,2025-01-27,"3.60%",0,3.6,0.206502287358256
2025-12-09,2025-01-27,"3.85%",25,3.85,0.18205361076997
2025-12-09,2025-01-27,"4.10%",50,4.1,0.124162233771108
2025-12-09,2025-01-27,"4.35%",75,4.35,0.0655044774374437
2025-12-09,2025-01-27,"4.60%",100,4.6,0.0267302833440398
2025-12-09,2025-01-27,"4.85%",125,4.85,0
2025-12-09,2025-01-27,"5.10%",150,5.1,0
2025-12-09,2025-01-27,"5.35%",175,5.35,0
2025-12-09,2025-01-27,"5.60%",200,5.6,0
2025-12-09,2025-01-27,"5.85%",225,5.85,0
2025-12-09,2025-01-27,"6.10%",250,6.1,0
2025-12-09,2025-01-28,"0.10%",-300,0.1,0
2025-12-09,2025-01-28,"0.35%",-300,0.35,0
2025-12-09,2025-01-28,"0.60%",-300,0.6,0
2025-12-09,2025-01-28,"0.85%",-275,0.85,0
2025-12-09,2025-01-28,"1.10%",-250,1.1,0
2025-12-09,2025-01-28,"1.35%",-225,1.35,0
2025-12-09,2025-01-28,"1.60%",-200,1.6,0
2025-12-09,2025-01-28,"1.85%",-175,1.85,0
2025-12-09,2025-01-28,"2.10%",-150,2.1,0
2025-12-09,2025-01-28,"2.35%",-125,2.35,0
2025-12-09,2025-01-28,"2.60%",-100,2.6,0.0276723842951963
2025-12-09,2025-01-28,"2.85%",-75,2.85,0.0708554705871473
2025-12-09,2025-01-28,"3.10%",-50,3.1,0.136420353231979
2025-12-09,2025-01-28,"3.35%",-25,3.35,0.197524238731633
2025-12-09,2025-01-28,"3.60%",0,3.6,0.215094714039831
2025-12-09,2025-01-28,"3.85%",25,3.85,0.176163039534944
2025-12-09,2025-01-28,"4.10%",50,4.1,0.108507011856809
2025-12-09,2025-01-28,"4.35%",75,4.35,0.0502592876630529
2025-12-09,2025-01-28,"4.60%",100,4.6,0.0175035000594073
2025-12-09,2025-01-28,"4.85%",125,4.85,0
2025-12-09,2025-01-28,"5.10%",150,5.1,0
2025-12-09,2025-01-28,"5.35%",175,5.35,0
2025-12-09,2025-01-28,"5.60%",200,5.6,0
2025-12-09,2025-01-28,"5.85%",225,5.85,0
2025-12-09,2025-01-28,"6.10%",250,6.1,0
2025-12-09,2025-01-29,"0.10%",-300,0.1,0
2025-12-09,2025-01-29,"0.35%",-300,0.35,0
2025-12-09,2025-01-29,"0.60%",-300,0.6,0
2025-12-09,2025-01-29,"0.85%",-275,0.85,0
2025-12-09,2025-01-29,"1.10%",-250,1.1,0
2025-12-09,2025-01-29,"1.35%",-225,1.35,0
2025-12-09,2025-01-29,"1.60%",-200,1.6,0
2025-12-09,2025-01-29,"1.85%",-175,1.85,0
2025-12-09,2025-01-29,"2.10%",-150,2.1,0
2025-12-09,2025-01-29,"2.35%",-125,2.35,0.0124227715524424
2025-12-09,2025-01-29,"2.60%",-100,2.6,0.0377274886790652
2025-12-09,2025-01-29,"2.85%",-75,2.85,0.0870030772203288
2025-12-09,2025-01-29,"3.10%",-50,3.1,0.152374363861777
2025-12-09,2025-01-29,"3.35%",-25,3.35,0.202690566431289
2025-12-09,2025-01-29,"3.60%",0,3.6,0.204796351318373
2025-12-09,2025-01-29,"3.85%",25,3.85,0.157173299131166
2025-12-09,2025-01-29,"4.10%",50,4.1,0.0916182761864179
2025-12-09,2025-01-29,"4.35%",75,4.35,0.0405592606592515
2025-12-09,2025-01-29,"4.60%",100,4.6,0.0136345449598888
2025-12-09,2025-01-29,"4.85%",125,4.85,0
2025-12-09,2025-01-29,"5.10%",150,5.1,0
2025-12-09,2025-01-29,"5.35%",175,5.35,0
2025-12-09,2025-01-29,"5.60%",200,5.6,0
2025-12-09,2025-01-29,"5.85%",225,5.85,0
2025-12-09,2025-01-29,"6.10%",250,6.1,0
2025-12-09,2025-01-30,"0.10%",-300,0.1,0
2025-12-09,2025-01-30,"0.35%",-300,0.35,0
2025-12-09,2025-01-30,"0.60%",-300,0.6,0
2025-12-09,2025-01-30,"0.85%",-275,0.85,0
2025-12-09,2025-01-30,"1.10%",-250,1.1,0
2025-12-09,2025-01-30,"1.35%",-225,1.35,0
2025-12-09,2025-01-30,"1.60%",-200,1.6,0
2025-12-09,2025-01-30,"1.85%",-175,1.85,0
2025-12-09,2025-01-30,"2.10%",-150,2.1,0
2025-12-09,2025-01-30,"2.35%",-125,2.35,0.0129878330642415
2025-12-09,2025-01-30,"2.60%",-100,2.6,0.038626217896775
2025-12-09,2025-01-30,"2.85%",-75,2.85,0.0876844941311776
2025-12-09,2025-01-30,"3.10%",-50,3.1,0.151955781381244
2025-12-09,2025-01-30,"3.35%",-25,3.35,0.201050899743362
2025-12-09,2025-01-30,"3.60%",0,3.6,0.203100133069771
2025-12-09,2025-01-30,"3.85%",25,3.85,0.156650056386453
2025-12-09,2025-01-30,"4.10%",50,4.1,0.0922459996077656
2025-12-09,2025-01-30,"4.35%",75,4.35,0.0414688545417041
2025-12-09,2025-01-30,"4.60%",100,4.6,0.0142297301775063
2025-12-09,2025-01-30,"4.85%",125,4.85,0
2025-12-09,2025-01-30,"5.10%",150,5.1,0
2025-12-09,2025-01-30,"5.35%",175,5.35,0
2025-12-09,2025-01-30,"5.60%",200,5.6,0
2025-12-09,2025-01-30,"5.85%",225,5.85,0
2025-12-09,2025-01-30,"6.10%",250,6.1,0
2025-12-09,2025-01-31,"0.10%",-300,0.1,0
2025-12-09,2025-01-31,"0.35%",-300,0.35,0
2025-12-09,2025-01-31,"0.60%",-300,0.6,0
2025-12-09,2025-01-31,"0.85%",-275,0.85,0
2025-12-09,2025-01-31,"1.10%",-250,1.1,0
2025-12-09,2025-01-31,"1.35%",-225,1.35,0
2025-12-09,2025-01-31,"1.60%",-200,1.6,0
2025-12-09,2025-01-31,"1.85%",-175,1.85,0
2025-12-09,2025-01-31,"2.10%",-150,2.1,0
2025-12-09,2025-01-31,"2.35%",-125,2.35,0.0113574427173066
2025-12-09,2025-01-31,"2.60%",-100,2.6,0.0353080678226445
2025-12-09,2025-01-31,"2.85%",-75,2.85,0.0832049106449498
2025-12-09,2025-01-31,"3.10%",-50,3.1,0.148652263960692
2025-12-09,2025-01-31,"3.35%",-25,3.35,0.201366752515814
2025-12-09,2025-01-31,"3.60%",0,3.6,0.206834163096427
2025-12-09,2025-01-31,"3.85%",25,3.85,0.161093210589888
2025-12-09,2025-01-31,"4.10%",50,4.1,0.0951332538358756
2025-12-09,2025-01-31,"4.35%",75,4.35,0.0425937194425673
2025-12-09,2025-01-31,"4.60%",100,4.6,0.0144562153738353
2025-12-09,2025-01-31,"4.85%",125,4.85,0
2025-12-09,2025-01-31,"5.10%",150,5.1,0
2025-12-09,2025-01-31,"5.35%",175,5.35,0
2025-12-09,2025-01-31,"5.60%",200,5.6,0
2025-12-09,2025-01-31,"5.85%",225,5.85,0
2025-12-09,2025-01-31,"6.10%",250,6.1,0
2025-12-09,2025-02-03,"0.10%",-300,0.1,0
2025-12-09,2025-02-03,"0.35%",-300,0.35,0
2025-12-09,2025-02-03,"0.60%",-300,0.6,0
2025-12-09,2025-02-03,"0.85%",-275,0.85,0
2025-12-09,2025-02-03,"1.10%",-250,1.1,0
2025-12-09,2025-02-03,"1.35%",-225,1.35,0
2025-12-09,2025-02-03,"1.60%",-200,1.6,0
2025-12-09,2025-02-03,"1.85%",-175,1.85,0
2025-12-09,2025-02-03,"2.10%",-150,2.1,0
2025-12-09,2025-02-03,"2.35%",-125,2.35,0
2025-12-09,2025-02-03,"2.60%",-100,2.6,0.0335611108964026
2025-12-09,2025-02-03,"2.85%",-75,2.85,0.0912279393008783
2025-12-09,2025-02-03,"3.10%",-50,3.1,0.174560243367337
2025-12-09,2025-02-03,"3.35%",-25,3.35,0.235176881471411
2025-12-09,2025-02-03,"3.60%",0,3.6,0.223113425591694
2025-12-09,2025-02-03,"3.85%",25,3.85,0.149049210031929
2025-12-09,2025-02-03,"4.10%",50,4.1,0.0701034392610575
2025-12-09,2025-02-03,"4.35%",75,4.35,0.02320775007929
2025-12-09,2025-02-03,"4.60%",100,4.6,0
2025-12-09,2025-02-03,"4.85%",125,4.85,0
2025-12-09,2025-02-03,"5.10%",150,5.1,0
2025-12-09,2025-02-03,"5.35%",175,5.35,0
2025-12-09,2025-02-03,"5.60%",200,5.6,0
2025-12-09,2025-02-03,"5.85%",225,5.85,0
2025-12-09,2025-02-03,"6.10%",250,6.1,0
2025-12-09,2025-02-04,"0.10%",-300,0.1,0
2025-12-09,2025-02-04,"0.35%",-300,0.35,0
2025-12-09,2025-02-04,"0.60%",-300,0.6,0
2025-12-09,2025-02-04,"0.85%",-275,0.85,0
2025-12-09,2025-02-04,"1.10%",-250,1.1,0
2025-12-09,2025-02-04,"1.35%",-225,1.35,0
2025-12-09,2025-02-04,"1.60%",-200,1.6,0
2025-12-09,2025-02-04,"1.85%",-175,1.85,0
2025-12-09,2025-02-04,"2.10%",-150,2.1,0
2025-12-09,2025-02-04,"2.35%",-125,2.35,0
2025-12-09,2025-02-04,"2.60%",-100,2.6,0.029781704027176
2025-12-09,2025-02-04,"2.85%",-75,2.85,0.0836227487775511
2025-12-09,2025-02-04,"3.10%",-50,3.1,0.165549641832701
2025-12-09,2025-02-04,"3.35%",-25,3.35,0.231137490373892
2025-12-09,2025-02-04,"3.60%",0,3.6,0.227617649394232
2025-12-09,2025-02-04,"3.85%",25,3.85,0.158100161169564
2025-12-09,2025-02-04,"4.10%",50,4.1,0.0774443110769879
2025-12-09,2025-02-04,"4.35%",75,4.35,0.0267462933478958
2025-12-09,2025-02-04,"4.60%",100,4.6,0
2025-12-09,2025-02-04,"4.85%",125,4.85,0
2025-12-09,2025-02-04,"5.10%",150,5.1,0
2025-12-09,2025-02-04,"5.35%",175,5.35,0
2025-12-09,2025-02-04,"5.60%",200,5.6,0
2025-12-09,2025-02-04,"5.85%",225,5.85,0
2025-12-09,2025-02-04,"6.10%",250,6.1,0
2025-12-09,2025-02-05,"0.10%",-300,0.1,0
2025-12-09,2025-02-05,"0.35%",-300,0.35,0
2025-12-09,2025-02-05,"0.60%",-300,0.6,0
2025-12-09,2025-02-05,"0.85%",-275,0.85,0
2025-12-09,2025-02-05,"1.10%",-250,1.1,0
2025-12-09,2025-02-05,"1.35%",-225,1.35,0
2025-12-09,2025-02-05,"1.60%",-200,1.6,0
2025-12-09,2025-02-05,"1.85%",-175,1.85,0
2025-12-09,2025-02-05,"2.10%",-150,2.1,0
2025-12-09,2025-02-05,"2.35%",-125,2.35,0
2025-12-09,2025-02-05,"2.60%",-100,2.6,0.0344521915048357
2025-12-09,2025-02-05,"2.85%",-75,2.85,0.0905142371094681
2025-12-09,2025-02-05,"3.10%",-50,3.1,0.170224320033711
2025-12-09,2025-02-05,"3.35%",-25,3.35,0.229202770676324
2025-12-09,2025-02-05,"3.60%",0,3.6,0.220980827620815
2025-12-09,2025-02-05,"3.85%",25,3.85,0.152552909684269
2025-12-09,2025-02-05,"4.10%",50,4.1,0.0753987758394137
2025-12-09,2025-02-05,"4.35%",75,4.35,0.0266739675311644
2025-12-09,2025-02-05,"4.60%",100,4.6,0
2025-12-09,2025-02-05,"4.85%",125,4.85,0
2025-12-09,2025-02-05,"5.10%",150,5.1,0
2025-12-09,2025-02-05,"5.35%",175,5.35,0
2025-12-09,2025-02-05,"5.60%",200,5.6,0
2025-12-09,2025-02-05,"5.85%",225,5.85,0
2025-12-09,2025-02-05,"6.10%",250,6.1,0
2025-12-09,2025-02-06,"0.10%",-300,0.1,0
2025-12-09,2025-02-06,"0.35%",-300,0.35,0
2025-12-09,2025-02-06,"0.60%",-300,0.6,0
2025-12-09,2025-02-06,"0.85%",-275,0.85,0
2025-12-09,2025-02-06,"1.10%",-250,1.1,0
2025-12-09,2025-02-06,"1.35%",-225,1.35,0
2025-12-09,2025-02-06,"1.60%",-200,1.6,0
2025-12-09,2025-02-06,"1.85%",-175,1.85,0
2025-12-09,2025-02-06,"2.10%",-150,2.1,0
2025-12-09,2025-02-06,"2.35%",-125,2.35,0.0119996434317038
2025-12-09,2025-02-06,"2.60%",-100,2.6,0.039899299336349
2025-12-09,2025-02-06,"2.85%",-75,2.85,0.0968751753892916
2025-12-09,2025-02-06,"3.10%",-50,3.1,0.171794824546725
2025-12-09,2025-02-06,"3.35%",-25,3.35,0.222548688737293
2025-12-09,2025-02-06,"3.60%",0,3.6,0.210614535165341
2025-12-09,2025-02-06,"3.85%",25,3.85,0.145610720989163
2025-12-09,2025-02-06,"4.10%",50,4.1,0.0735353557252083
2025-12-09,2025-02-06,"4.35%",75,4.35,0.0271217566789255
2025-12-09,2025-02-06,"4.60%",100,4.6,0
2025-12-09,2025-02-06,"4.85%",125,4.85,0
2025-12-09,2025-02-06,"5.10%",150,5.1,0
2025-12-09,2025-02-06,"5.35%",175,5.35,0
2025-12-09,2025-02-06,"5.60%",200,5.6,0
2025-12-09,2025-02-06,"5.85%",225,5.85,0
2025-12-09,2025-02-06,"6.10%",250,6.1,0
2025-12-09,2025-02-07,"0.10%",-300,0.1,0
2025-12-09,2025-02-07,"0.35%",-300,0.35,0
2025-12-09,2025-02-07,"0.60%",-300,0.6,0
2025-12-09,2025-02-07,"0.85%",-275,0.85,0
2025-12-09,2025-02-07,"1.10%",-250,1.1,0
2025-12-09,2025-02-07,"1.35%",-225,1.35,0
2025-12-09,2025-02-07,"1.60%",-200,1.6,0
2025-12-09,2025-02-07,"1.85%",-175,1.85,0
2025-12-09,2025-02-07,"2.10%",-150,2.1,0
2025-12-09,2025-02-07,"2.35%",-125,2.35,0
2025-12-09,2025-02-07,"2.60%",-100,2.6,0.029672298168934
2025-12-09,2025-02-07,"2.85%",-75,2.85,0.0823177437437677
2025-12-09,2025-02-07,"3.10%",-50,3.1,0.162335113338608
2025-12-09,2025-02-07,"3.35%",-25,3.35,0.227619496843318
2025-12-09,2025-02-07,"3.60%",0,3.6,0.226953180030253
2025-12-09,2025-02-07,"3.85%",25,3.85,0.160913490238799
2025-12-09,2025-02-07,"4.10%",50,4.1,0.0811195030556466
2025-12-09,2025-02-07,"4.35%",75,4.35,0.0290691745806733
2025-12-09,2025-02-07,"4.60%",100,4.6,0
2025-12-09,2025-02-07,"4.85%",125,4.85,0
2025-12-09,2025-02-07,"5.10%",150,5.1,0
2025-12-09,2025-02-07,"5.35%",175,5.35,0
2025-12-09,2025-02-07,"5.60%",200,5.6,0
2025-12-09,2025-02-07,"5.85%",225,5.85,0
2025-12-09,2025-02-07,"6.10%",250,6.1,0
2025-12-09,2025-02-10,"0.10%",-300,0.1,0
2025-12-09,2025-02-10,"0.35%",-300,0.35,0
2025-12-09,2025-02-10,"0.60%",-300,0.6,0
2025-12-09,2025-02-10,"0.85%",-275,0.85,0
2025-12-09,2025-02-10,"1.10%",-250,1.1,0
2025-12-09,2025-02-10,"1.35%",-225,1.35,0
2025-12-09,2025-02-10,"1.60%",-200,1.6,0
2025-12-09,2025-02-10,"1.85%",-175,1.85,0
2025-12-09,2025-02-10,"2.10%",-150,2.1,0
2025-12-09,2025-02-10,"2.35%",-125,2.35,0
2025-12-09,2025-02-10,"2.60%",-100,2.6,0.020904249512419
2025-12-09,2025-02-10,"2.85%",-75,2.85,0.0671110272867858
2025-12-09,2025-02-10,"3.10%",-50,3.1,0.148730229632854
2025-12-09,2025-02-10,"3.35%",-25,3.35,0.227615144977192
2025-12-09,2025-02-10,"3.60%",0,3.6,0.240593064013847
2025-12-09,2025-02-10,"3.85%",25,3.85,0.175653226575513
2025-12-09,2025-02-10,"4.10%",50,4.1,0.0885641776893756
2025-12-09,2025-02-10,"4.35%",75,4.35,0.0308288803120135
2025-12-09,2025-02-10,"4.60%",100,4.6,0
2025-12-09,2025-02-10,"4.85%",125,4.85,0
2025-12-09,2025-02-10,"5.10%",150,5.1,0
2025-12-09,2025-02-10,"5.35%",175,5.35,0
2025-12-09,2025-02-10,"5.60%",200,5.6,0
2025-12-09,2025-02-10,"5.85%",225,5.85,0
2025-12-09,2025-02-10,"6.10%",250,6.1,0
2025-12-09,2025-02-11,"0.10%",-300,0.1,0
2025-12-09,2025-02-11,"0.35%",-300,0.35,0
2025-12-09,2025-02-11,"0.60%",-300,0.6,0
2025-12-09,2025-02-11,"0.85%",-275,0.85,0
2025-12-09,2025-02-11,"1.10%",-250,1.1,0
2025-12-09,2025-02-11,"1.35%",-225,1.35,0
2025-12-09,2025-02-11,"1.60%",-200,1.6,0
2025-12-09,2025-02-11,"1.85%",-175,1.85,0
2025-12-09,2025-02-11,"2.10%",-150,2.1,0
2025-12-09,2025-02-11,"2.35%",-125,2.35,0
2025-12-09,2025-02-11,"2.60%",-100,2.6,0.0223875324403263
2025-12-09,2025-02-11,"2.85%",-75,2.85,0.0690465479502806
2025-12-09,2025-02-11,"3.10%",-50,3.1,0.148905556205793
2025-12-09,2025-02-11,"3.35%",-25,3.35,0.22461766998809
2025-12-09,2025-02-11,"3.60%",0,3.6,0.237035546565109
2025-12-09,2025-02-11,"3.85%",25,3.85,0.174996435401738
2025-12-09,2025-02-11,"4.10%",50,4.1,0.0903727003782508
2025-12-09,2025-02-11,"4.35%",75,4.35,0.0326380110704134
2025-12-09,2025-02-11,"4.60%",100,4.6,0
2025-12-09,2025-02-11,"4.85%",125,4.85,0
2025-12-09,2025-02-11,"5.10%",150,5.1,0
2025-12-09,2025-02-11,"5.35%",175,5.35,0
2025-12-09,2025-02-11,"5.60%",200,5.6,0
2025-12-09,2025-02-11,"5.85%",225,5.85,0
2025-12-09,2025-02-11,"6.10%",250,6.1,0
2025-12-09,2025-02-12,"0.10%",-300,0.1,0
2025-12-09,2025-02-12,"0.35%",-300,0.35,0
2025-12-09,2025-02-12,"0.60%",-300,0.6,0
2025-12-09,2025-02-12,"0.85%",-275,0.85,0
2025-12-09,2025-02-12,"1.10%",-250,1.1,0
2025-12-09,2025-02-12,"1.35%",-225,1.35,0
2025-12-09,2025-02-12,"1.60%",-200,1.6,0
2025-12-09,2025-02-12,"1.85%",-175,1.85,0
2025-12-09,2025-02-12,"2.10%",-150,2.1,0
2025-12-09,2025-02-12,"2.35%",-125,2.35,0
2025-12-09,2025-02-12,"2.60%",-100,2.6,0.0155805691903904
2025-12-09,2025-02-12,"2.85%",-75,2.85,0.0543800212708514
2025-12-09,2025-02-12,"3.10%",-50,3.1,0.130652598561525
2025-12-09,2025-02-12,"3.35%",-25,3.35,0.216165826694397
2025-12-09,2025-02-12,"3.60%",0,3.6,0.246346713772805
2025-12-09,2025-02-12,"3.85%",25,3.85,0.19338547014997
2025-12-09,2025-02-12,"4.10%",50,4.1,0.10456086664615
2025-12-09,2025-02-12,"4.35%",75,4.35,0.0389279337139111
2025-12-09,2025-02-12,"4.60%",100,4.6,0
2025-12-09,2025-02-12,"4.85%",125,4.85,0
2025-12-09,2025-02-12,"5.10%",150,5.1,0
2025-12-09,2025-02-12,"5.35%",175,5.35,0
2025-12-09,2025-02-12,"5.60%",200,5.6,0
2025-12-09,2025-02-12,"5.85%",225,5.85,0
2025-12-09,2025-02-12,"6.10%",250,6.1,0
2025-12-09,2025-02-13,"0.10%",-300,0.1,0
2025-12-09,2025-02-13,"0.35%",-300,0.35,0
2025-12-09,2025-02-13,"0.60%",-300,0.6,0
2025-12-09,2025-02-13,"0.85%",-275,0.85,0
2025-12-09,2025-02-13,"1.10%",-250,1.1,0
2025-12-09,2025-02-13,"1.35%",-225,1.35,0
2025-12-09,2025-02-13,"1.60%",-200,1.6,0
2025-12-09,2025-02-13,"1.85%",-175,1.85,0
2025-12-09,2025-02-13,"2.10%",-150,2.1,0
2025-12-09,2025-02-13,"2.35%",-125,2.35,0
2025-12-09,2025-02-13,"2.60%",-100,2.6,0.0123173684154241
2025-12-09,2025-02-13,"2.85%",-75,2.85,0.0479539801546024
2025-12-09,2025-02-13,"3.10%",-50,3.1,0.124971591177423
2025-12-09,2025-02-13,"3.35%",-25,3.35,0.21812407366022
2025-12-09,2025-02-13,"3.60%",0,3.6,0.255058308909458
2025-12-09,2025-02-13,"3.85%",25,3.85,0.199829031486969
2025-12-09,2025-02-13,"4.10%",50,4.1,0.104881583982615
2025-12-09,2025-02-13,"4.35%",75,4.35,0.0368640622132879
2025-12-09,2025-02-13,"4.60%",100,4.6,0
2025-12-09,2025-02-13,"4.85%",125,4.85,0
2025-12-09,2025-02-13,"5.10%",150,5.1,0
2025-12-09,2025-02-13,"5.35%",175,5.35,0
2025-12-09,2025-02-13,"5.60%",200,5.6,0
2025-12-09,2025-02-13,"5.85%",225,5.85,0
2025-12-09,2025-02-13,"6.10%",250,6.1,0
2025-12-09,2025-02-14,"0.10%",-300,0.1,0
2025-12-09,2025-02-14,"0.35%",-300,0.35,0
2025-12-09,2025-02-14,"0.60%",-300,0.6,0
2025-12-09,2025-02-14,"0.85%",-275,0.85,0
2025-12-09,2025-02-14,"1.10%",-250,1.1,0
2025-12-09,2025-02-14,"1.35%",-225,1.35,0
2025-12-09,2025-02-14,"1.60%",-200,1.6,0
2025-12-09,2025-02-14,"1.85%",-175,1.85,0
2025-12-09,2025-02-14,"2.10%",-150,2.1,0
2025-12-09,2025-02-14,"2.35%",-125,2.35,0
2025-12-09,2025-02-14,"2.60%",-100,2.6,0.0118318302190104
2025-12-09,2025-02-14,"2.85%",-75,2.85,0.0474512734875124
2025-12-09,2025-02-14,"3.10%",-50,3.1,0.125963557465727
2025-12-09,2025-02-14,"3.35%",-25,3.35,0.221458694572142
2025-12-09,2025-02-14,"3.60%",0,3.6,0.257954595403959
2025-12-09,2025-02-14,"3.85%",25,3.85,0.199085031620994
2025-12-09,2025-02-14,"4.10%",50,4.1,0.101790567554599
2025-12-09,2025-02-14,"4.35%",75,4.35,0.0344644496760559
2025-12-09,2025-02-14,"4.60%",100,4.6,0
2025-12-09,2025-02-14,"4.85%",125,4.85,0
2025-12-09,2025-02-14,"5.10%",150,5.1,0
2025-12-09,2025-02-14,"5.35%",175,5.35,0
2025-12-09,2025-02-14,"5.60%",200,5.6,0
2025-12-09,2025-02-14,"5.85%",225,5.85,0
2025-12-09,2025-02-14,"6.10%",250,6.1,0
2025-12-09,2025-02-17,"0.10%",-300,0.1,0
2025-12-09,2025-02-17,"0.35%",-300,0.35,0
2025-12-09,2025-02-17,"0.60%",-300,0.6,0
2025-12-09,2025-02-17,"0.85%",-275,0.85,0
2025-12-09,2025-02-17,"1.10%",-250,1.1,0
2025-12-09,2025-02-17,"1.35%",-225,1.35,0
2025-12-09,2025-02-17,"1.60%",-200,1.6,0
2025-12-09,2025-02-17,"1.85%",-175,1.85,0
2025-12-09,2025-02-17,"2.10%",-150,2.1,0
2025-12-09,2025-02-17,"2.35%",-125,2.35,0
2025-12-09,2025-02-17,"2.60%",-100,2.6,0.0113896966377215
2025-12-09,2025-02-17,"2.85%",-75,2.85,0.0448424772422687
2025-12-09,2025-02-17,"3.10%",-50,3.1,0.118788333298474
2025-12-09,2025-02-17,"3.35%",-25,3.35,0.211828722712625
2025-12-09,2025-02-17,"3.60%",0,3.6,0.254366641279411
2025-12-09,2025-02-17,"3.85%",25,3.85,0.205704724711073
2025-12-09,2025-02-17,"4.10%",50,4.1,0.112017411993909
2025-12-09,2025-02-17,"4.35%",75,4.35,0.0410619921245179
2025-12-09,2025-02-17,"4.60%",100,4.6,0
2025-12-09,2025-02-17,"4.85%",125,4.85,0
2025-12-09,2025-02-17,"5.10%",150,5.1,0
2025-12-09,2025-02-17,"5.35%",175,5.35,0
2025-12-09,2025-02-17,"5.60%",200,5.6,0
2025-12-09,2025-02-17,"5.85%",225,5.85,0
2025-12-09,2025-02-17,"6.10%",250,6.1,0
2025-12-09,2025-02-19,"0.10%",-300,0.1,0
2025-12-09,2025-02-19,"0.35%",-300,0.35,0
2025-12-09,2025-02-19,"0.60%",-300,0.6,0
2025-12-09,2025-02-19,"0.85%",-275,0.85,0
2025-12-09,2025-02-19,"1.10%",-250,1.1,0
2025-12-09,2025-02-19,"1.35%",-225,1.35,0
2025-12-09,2025-02-19,"1.60%",-200,1.6,0
2025-12-09,2025-02-19,"1.85%",-175,1.85,0
2025-12-09,2025-02-19,"2.10%",-150,2.1,0
2025-12-09,2025-02-19,"2.35%",-125,2.35,0
2025-12-09,2025-02-19,"2.60%",-100,2.6,0
2025-12-09,2025-02-19,"2.85%",-75,2.85,0.025575089560202
2025-12-09,2025-02-19,"3.10%",-50,3.1,0.0914867924884097
2025-12-09,2025-02-19,"3.35%",-25,3.35,0.202640890390581
2025-12-09,2025-02-19,"3.60%",0,3.6,0.278134567792118
2025-12-09,2025-02-19,"3.85%",25,3.85,0.236635596811819
2025-12-09,2025-02-19,"4.10%",50,4.1,0.124776139168288
2025-12-09,2025-02-19,"4.35%",75,4.35,0.0407509237885824
2025-12-09,2025-02-19,"4.60%",100,4.6,0
2025-12-09,2025-02-19,"4.85%",125,4.85,0
2025-12-09,2025-02-19,"5.10%",150,5.1,0
2025-12-09,2025-02-19,"5.35%",175,5.35,0
2025-12-09,2025-02-19,"5.60%",200,5.6,0
2025-12-09,2025-02-19,"5.85%",225,5.85,0
2025-12-09,2025-02-19,"6.10%",250,6.1,0
2025-12-09,2025-02-20,"0.10%",-300,0.1,0
2025-12-09,2025-02-20,"0.35%",-300,0.35,0
2025-12-09,2025-02-20,"0.60%",-300,0.6,0
2025-12-09,2025-02-20,"0.85%",-275,0.85,0
2025-12-09,2025-02-20,"1.10%",-250,1.1,0
2025-12-09,2025-02-20,"1.35%",-225,1.35,0
2025-12-09,2025-02-20,"1.60%",-200,1.6,0
2025-12-09,2025-02-20,"1.85%",-175,1.85,0
2025-12-09,2025-02-20,"2.10%",-150,2.1,0
2025-12-09,2025-02-20,"2.35%",-125,2.35,0
2025-12-09,2025-02-20,"2.60%",-100,2.6,0
2025-12-09,2025-02-20,"2.85%",-75,2.85,0.0136652267224223
2025-12-09,2025-02-20,"3.10%",-50,3.1,0.0704841826179751
2025-12-09,2025-02-20,"3.35%",-25,3.35,0.198699467140605
2025-12-09,2025-02-20,"3.60%",0,3.6,0.306746885251551
2025-12-09,2025-02-20,"3.85%",25,3.85,0.25955194942432
2025-12-09,2025-02-20,"4.10%",50,4.1,0.120331698720362
2025-12-09,2025-02-20,"4.35%",75,4.35,0.0305205901227649
2025-12-09,2025-02-20,"4.60%",100,4.6,0
2025-12-09,2025-02-20,"4.85%",125,4.85,0
2025-12-09,2025-02-20,"5.10%",150,5.1,0
2025-12-09,2025-02-20,"5.35%",175,5.35,0
2025-12-09,2025-02-20,"5.60%",200,5.6,0
2025-12-09,2025-02-20,"5.85%",225,5.85,0
2025-12-09,2025-02-20,"6.10%",250,6.1,0
2025-12-09,2025-02-21,"0.10%",-300,0.1,0
2025-12-09,2025-02-21,"0.35%",-300,0.35,0
2025-12-09,2025-02-21,"0.60%",-300,0.6,0
2025-12-09,2025-02-21,"0.85%",-275,0.85,0
2025-12-09,2025-02-21,"1.10%",-250,1.1,0
2025-12-09,2025-02-21,"1.35%",-225,1.35,0
2025-12-09,2025-02-21,"1.60%",-200,1.6,0
2025-12-09,2025-02-21,"1.85%",-175,1.85,0
2025-12-09,2025-02-21,"2.10%",-150,2.1,0
2025-12-09,2025-02-21,"2.35%",-125,2.35,0
2025-12-09,2025-02-21,"2.60%",-100,2.6,0
2025-12-09,2025-02-21,"2.85%",-75,2.85,0.0135148099085337
2025-12-09,2025-02-21,"3.10%",-50,3.1,0.0731160521012184
2025-12-09,2025-02-21,"3.35%",-25,3.35,0.209092717680556
2025-12-09,2025-02-21,"3.60%",0,3.6,0.316811606496331
2025-12-09,2025-02-21,"3.85%",25,3.85,0.254584328993911
2025-12-09,2025-02-21,"4.10%",50,4.1,0.108442797084042
2025-12-09,2025-02-21,"4.35%",75,4.35,0.0244376877354086
2025-12-09,2025-02-21,"4.60%",100,4.6,0
2025-12-09,2025-02-21,"4.85%",125,4.85,0
2025-12-09,2025-02-21,"5.10%",150,5.1,0
2025-12-09,2025-02-21,"5.35%",175,5.35,0
2025-12-09,2025-02-21,"5.60%",200,5.6,0
2025-12-09,2025-02-21,"5.85%",225,5.85,0
2025-12-09,2025-02-21,"6.10%",250,6.1,0
2025-12-09,2025-02-24,"0.10%",-300,0.1,0
2025-12-09,2025-02-24,"0.35%",-300,0.35,0
2025-12-09,2025-02-24,"0.60%",-300,0.6,0
2025-12-09,2025-02-24,"0.85%",-275,0.85,0
2025-12-09,2025-02-24,"1.10%",-250,1.1,0
2025-12-09,2025-02-24,"1.35%",-225,1.35,0
2025-12-09,2025-02-24,"1.60%",-200,1.6,0
2025-12-09,2025-02-24,"1.85%",-175,1.85,0
2025-12-09,2025-02-24,"2.10%",-150,2.1,0
2025-12-09,2025-02-24,"2.35%",-125,2.35,0
2025-12-09,2025-02-24,"2.60%",-100,2.6,0
2025-12-09,2025-02-24,"2.85%",-75,2.85,0.0243353220970702
2025-12-09,2025-02-24,"3.10%",-50,3.1,0.101684617938665
2025-12-09,2025-02-24,"3.35%",-25,3.35,0.236481614181639
2025-12-09,2025-02-24,"3.60%",0,3.6,0.306558383223348
2025-12-09,2025-02-24,"3.85%",25,3.85,0.221622307388901
2025-12-09,2025-02-24,"4.10%",50,4.1,0.0892967342219875
2025-12-09,2025-02-24,"4.35%",75,4.35,0.0200210209483887
2025-12-09,2025-02-24,"4.60%",100,4.6,0
2025-12-09,2025-02-24,"4.85%",125,4.85,0
2025-12-09,2025-02-24,"5.10%",150,5.1,0
2025-12-09,2025-02-24,"5.35%",175,5.35,0
2025-12-09,2025-02-24,"5.60%",200,5.6,0
2025-12-09,2025-02-24,"5.85%",225,5.85,0
2025-12-09,2025-02-24,"6.10%",250,6.1,0
2025-12-09,2025-02-25,"0.10%",-300,0.1,0
2025-12-09,2025-02-25,"0.35%",-300,0.35,0
2025-12-09,2025-02-25,"0.60%",-300,0.6,0
2025-12-09,2025-02-25,"0.85%",-275,0.85,0
2025-12-09,2025-02-25,"1.10%",-250,1.1,0
2025-12-09,2025-02-25,"1.35%",-225,1.35,0
2025-12-09,2025-02-25,"1.60%",-200,1.6,0
2025-12-09,2025-02-25,"1.85%",-175,1.85,0
2025-12-09,2025-02-25,"2.10%",-150,2.1,0
2025-12-09,2025-02-25,"2.35%",-125,2.35,0
2025-12-09,2025-02-25,"2.60%",-100,2.6,0
2025-12-09,2025-02-25,"2.85%",-75,2.85,0.0261065487665274
2025-12-09,2025-02-25,"3.10%",-50,3.1,0.113975481646247
2025-12-09,2025-02-25,"3.35%",-25,3.35,0.261678732943298
2025-12-09,2025-02-25,"3.60%",0,3.6,0.316572828908067
2025-12-09,2025-02-25,"3.85%",25,3.85,0.201898681068102
2025-12-09,2025-02-25,"4.10%",50,4.1,0.0678058484062236
2025-12-09,2025-02-25,"4.35%",75,4.35,0.0119618782615355
2025-12-09,2025-02-25,"4.60%",100,4.6,0
2025-12-09,2025-02-25,"4.85%",125,4.85,0
2025-12-09,2025-02-25,"5.10%",150,5.1,0
2025-12-09,2025-02-25,"5.35%",175,5.35,0
2025-12-09,2025-02-25,"5.60%",200,5.6,0
2025-12-09,2025-02-25,"5.85%",225,5.85,0
2025-12-09,2025-02-25,"6.10%",250,6.1,0
2025-12-09,2025-02-26,"0.10%",-300,0.1,0
2025-12-09,2025-02-26,"0.35%",-300,0.35,0
2025-12-09,2025-02-26,"0.60%",-300,0.6,0
2025-12-09,2025-02-26,"0.85%",-275,0.85,0
2025-12-09,2025-02-26,"1.10%",-250,1.1,0
2025-12-09,2025-02-26,"1.35%",-225,1.35,0
2025-12-09,2025-02-26,"1.60%",-200,1.6,0
2025-12-09,2025-02-26,"1.85%",-175,1.85,0
2025-12-09,2025-02-26,"2.10%",-150,2.1,0
2025-12-09,2025-02-26,"2.35%",-125,2.35,0
2025-12-09,2025-02-26,"2.60%",-100,2.6,0
2025-12-09,2025-02-26,"2.85%",-75,2.85,0.0276202395476024
2025-12-09,2025-02-26,"3.10%",-50,3.1,0.118168127998004
2025-12-09,2025-02-26,"3.35%",-25,3.35,0.26588544186219
2025-12-09,2025-02-26,"3.60%",0,3.6,0.315242595315059
2025-12-09,2025-02-26,"3.85%",25,3.85,0.197031680470266
2025-12-09,2025-02-26,"4.10%",50,4.1,0.0648434923002025
2025-12-09,2025-02-26,"4.35%",75,4.35,0.0112084225066765
2025-12-09,2025-02-26,"4.60%",100,4.6,0
2025-12-09,2025-02-26,"4.85%",125,4.85,0
2025-12-09,2025-02-26,"5.10%",150,5.1,0
2025-12-09,2025-02-26,"5.35%",175,5.35,0
2025-12-09,2025-02-26,"5.60%",200,5.6,0
2025-12-09,2025-02-26,"5.85%",225,5.85,0
2025-12-09,2025-02-26,"6.10%",250,6.1,0
2025-12-09,2025-02-27,"0.10%",-300,0.1,0
2025-12-09,2025-02-27,"0.35%",-300,0.35,0
2025-12-09,2025-02-27,"0.60%",-300,0.6,0
2025-12-09,2025-02-27,"0.85%",-275,0.85,0
2025-12-09,2025-02-27,"1.10%",-250,1.1,0
2025-12-09,2025-02-27,"1.35%",-225,1.35,0
2025-12-09,2025-02-27,"1.60%",-200,1.6,0
2025-12-09,2025-02-27,"1.85%",-175,1.85,0
2025-12-09,2025-02-27,"2.10%",-150,2.1,0
2025-12-09,2025-02-27,"2.35%",-125,2.35,0
2025-12-09,2025-02-27,"2.60%",-100,2.6,0
2025-12-09,2025-02-27,"2.85%",-75,2.85,0.04284199750096
2025-12-09,2025-02-27,"3.10%",-50,3.1,0.131489376632721
2025-12-09,2025-02-27,"3.35%",-25,3.35,0.245929806335476
2025-12-09,2025-02-27,"3.60%",0,3.6,0.280495916584058
2025-12-09,2025-02-27,"3.85%",25,3.85,0.195119547570247
2025-12-09,2025-02-27,"4.10%",50,4.1,0.0827482770702838
2025-12-09,2025-02-27,"4.35%",75,4.35,0.0213750783062554
2025-12-09,2025-02-27,"4.60%",100,4.6,0
2025-12-09,2025-02-27,"4.85%",125,4.85,0
2025-12-09,2025-02-27,"5.10%",150,5.1,0
2025-12-09,2025-02-27,"5.35%",175,5.35,0
2025-12-09,2025-02-27,"5.60%",200,5.6,0
2025-12-09,2025-02-27,"5.85%",225,5.85,0
2025-12-09,2025-02-27,"6.10%",250,6.1,0
2025-12-09,2025-02-28,"0.10%",-300,0.1,0
2025-12-09,2025-02-28,"0.35%",-300,0.35,0
2025-12-09,2025-02-28,"0.60%",-300,0.6,0
2025-12-09,2025-02-28,"0.85%",-275,0.85,0
2025-12-09,2025-02-28,"1.10%",-250,1.1,0
2025-12-09,2025-02-28,"1.35%",-225,1.35,0
2025-12-09,2025-02-28,"1.60%",-200,1.6,0
2025-12-09,2025-02-28,"1.85%",-175,1.85,0
2025-12-09,2025-02-28,"2.10%",-150,2.1,0
2025-12-09,2025-02-28,"2.35%",-125,2.35,0
2025-12-09,2025-02-28,"2.60%",-100,2.6,0
2025-12-09,2025-02-28,"2.85%",-75,2.85,0.0511532116423581
2025-12-09,2025-02-28,"3.10%",-50,3.1,0.154860041521191
2025-12-09,2025-02-28,"3.35%",-25,3.35,0.27320133318722
2025-12-09,2025-02-28,"3.60%",0,3.6,0.281096392695443
2025-12-09,2025-02-28,"3.85%",25,3.85,0.168684388328137
2025-12-09,2025-02-28,"4.10%",50,4.1,0.0589961095671917
2025-12-09,2025-02-28,"4.35%",75,4.35,0.0120085230584596
2025-12-09,2025-02-28,"4.60%",100,4.6,0
2025-12-09,2025-02-28,"4.85%",125,4.85,0
2025-12-09,2025-02-28,"5.10%",150,5.1,0
2025-12-09,2025-02-28,"5.35%",175,5.35,0
2025-12-09,2025-02-28,"5.60%",200,5.6,0
2025-12-09,2025-02-28,"5.85%",225,5.85,0
2025-12-09,2025-02-28,"6.10%",250,6.1,0
2025-12-09,2025-03-03,"0.10%",-300,0.1,0
2025-12-09,2025-03-03,"0.35%",-300,0.35,0
2025-12-09,2025-03-03,"0.60%",-300,0.6,0
2025-12-09,2025-03-03,"0.85%",-275,0.85,0
2025-12-09,2025-03-03,"1.10%",-250,1.1,0
2025-12-09,2025-03-03,"1.35%",-225,1.35,0
2025-12-09,2025-03-03,"1.60%",-200,1.6,0
2025-12-09,2025-03-03,"1.85%",-175,1.85,0
2025-12-09,2025-03-03,"2.10%",-150,2.1,0
2025-12-09,2025-03-03,"2.35%",-125,2.35,0
2025-12-09,2025-03-03,"2.60%",-100,2.6,0.0100738162239399
2025-12-09,2025-03-03,"2.85%",-75,2.85,0.0496225680880237
2025-12-09,2025-03-03,"3.10%",-50,3.1,0.14646441102015
2025-12-09,2025-03-03,"3.35%",-25,3.35,0.259346524347055
2025-12-09,2025-03-03,"3.60%",0,3.6,0.275691085674796
2025-12-09,2025-03-03,"3.85%",25,3.85,0.175951016858166
2025-12-09,2025-03-03,"4.10%",50,4.1,0.0673830319268681
2025-12-09,2025-03-03,"4.35%",75,4.35,0.0154675458610008
2025-12-09,2025-03-03,"4.60%",100,4.6,0
2025-12-09,2025-03-03,"4.85%",125,4.85,0
2025-12-09,2025-03-03,"5.10%",150,5.1,0
2025-12-09,2025-03-03,"5.35%",175,5.35,0
2025-12-09,2025-03-03,"5.60%",200,5.6,0
2025-12-09,2025-03-03,"5.85%",225,5.85,0
2025-12-09,2025-03-03,"6.10%",250,6.1,0
2025-12-09,2025-03-04,"0.10%",-300,0.1,0
2025-12-09,2025-03-04,"0.35%",-300,0.35,0
2025-12-09,2025-03-04,"0.60%",-300,0.6,0
2025-12-09,2025-03-04,"0.85%",-275,0.85,0
2025-12-09,2025-03-04,"1.10%",-250,1.1,0
2025-12-09,2025-03-04,"1.35%",-225,1.35,0
2025-12-09,2025-03-04,"1.60%",-200,1.6,0
2025-12-09,2025-03-04,"1.85%",-175,1.85,0
2025-12-09,2025-03-04,"2.10%",-150,2.1,0
2025-12-09,2025-03-04,"2.35%",-125,2.35,0
2025-12-09,2025-03-04,"2.60%",-100,2.6,0.0121772134219254
2025-12-09,2025-03-04,"2.85%",-75,2.85,0.0611457427955637
2025-12-09,2025-03-04,"3.10%",-50,3.1,0.175488489632455
2025-12-09,2025-03-04,"3.35%",-25,3.35,0.288319067282733
2025-12-09,2025-03-04,"3.60%",0,3.6,0.271383393570546
2025-12-09,2025-03-04,"3.85%",25,3.85,0.146330781478846
2025-12-09,2025-03-04,"4.10%",50,4.1,0.0451553118179325
2025-12-09,2025-03-04,"4.35%",75,4.35,0
2025-12-09,2025-03-04,"4.60%",100,4.6,0
2025-12-09,2025-03-04,"4.85%",125,4.85,0
2025-12-09,2025-03-04,"5.10%",150,5.1,0
2025-12-09,2025-03-04,"5.35%",175,5.35,0
2025-12-09,2025-03-04,"5.60%",200,5.6,0
2025-12-09,2025-03-04,"5.85%",225,5.85,0
2025-12-09,2025-03-04,"6.10%",250,6.1,0
2025-12-09,2025-03-05,"0.10%",-300,0.1,0
2025-12-09,2025-03-05,"0.35%",-300,0.35,0
2025-12-09,2025-03-05,"0.60%",-300,0.6,0
2025-12-09,2025-03-05,"0.85%",-275,0.85,0
2025-12-09,2025-03-05,"1.10%",-250,1.1,0
2025-12-09,2025-03-05,"1.35%",-225,1.35,0
2025-12-09,2025-03-05,"1.60%",-200,1.6,0
2025-12-09,2025-03-05,"1.85%",-175,1.85,0
2025-12-09,2025-03-05,"2.10%",-150,2.1,0
2025-12-09,2025-03-05,"2.35%",-125,2.35,0
2025-12-09,2025-03-05,"2.60%",-100,2.6,0.0114201983928021
2025-12-09,2025-03-05,"2.85%",-75,2.85,0.0571628793456642
2025-12-09,2025-03-05,"3.10%",-50,3.1,0.166062635195673
2025-12-09,2025-03-05,"3.35%",-25,3.35,0.280398336089124
2025-12-09,2025-03-05,"3.60%",0,3.6,0.275394857470983
2025-12-09,2025-03-05,"3.85%",25,3.85,0.157326347765189
2025-12-09,2025-03-05,"4.10%",50,4.1,0.052234745740565
2025-12-09,2025-03-05,"4.35%",75,4.35,0
2025-12-09,2025-03-05,"4.60%",100,4.6,0
2025-12-09,2025-03-05,"4.85%",125,4.85,0
2025-12-09,2025-03-05,"5.10%",150,5.1,0
2025-12-09,2025-03-05,"5.35%",175,5.35,0
2025-12-09,2025-03-05,"5.60%",200,5.6,0
2025-12-09,2025-03-05,"5.85%",225,5.85,0
2025-12-09,2025-03-05,"6.10%",250,6.1,0
2025-12-09,2025-03-06,"0.10%",-300,0.1,0
2025-12-09,2025-03-06,"0.35%",-300,0.35,0
2025-12-09,2025-03-06,"0.60%",-300,0.6,0
2025-12-09,2025-03-06,"0.85%",-275,0.85,0
2025-12-09,2025-03-06,"1.10%",-250,1.1,0
2025-12-09,2025-03-06,"1.35%",-225,1.35,0
2025-12-09,2025-03-06,"1.60%",-200,1.6,0
2025-12-09,2025-03-06,"1.85%",-175,1.85,0
2025-12-09,2025-03-06,"2.10%",-150,2.1,0
2025-12-09,2025-03-06,"2.35%",-125,2.35,0
2025-12-09,2025-03-06,"2.60%",-100,2.6,0.0136001630755788
2025-12-09,2025-03-06,"2.85%",-75,2.85,0.0558761762611097
2025-12-09,2025-03-06,"3.10%",-50,3.1,0.14642040558943
2025-12-09,2025-03-06,"3.35%",-25,3.35,0.244901002425445
2025-12-09,2025-03-06,"3.60%",0,3.6,0.261562127969877
2025-12-09,2025-03-06,"3.85%",25,3.85,0.178393163981155
2025-12-09,2025-03-06,"4.10%",50,4.1,0.0776719820028215
2025-12-09,2025-03-06,"4.35%",75,4.35,0.0215749786945837
2025-12-09,2025-03-06,"4.60%",100,4.6,0
2025-12-09,2025-03-06,"4.85%",125,4.85,0
2025-12-09,2025-03-06,"5.10%",150,5.1,0
2025-12-09,2025-03-06,"5.35%",175,5.35,0
2025-12-09,2025-03-06,"5.60%",200,5.6,0
2025-12-09,2025-03-06,"5.85%",225,5.85,0
2025-12-09,2025-03-06,"6.10%",250,6.1,0
2025-12-09,2025-03-07,"0.10%",-300,0.1,0
2025-12-09,2025-03-07,"0.35%",-300,0.35,0
2025-12-09,2025-03-07,"0.60%",-300,0.6,0
2025-12-09,2025-03-07,"0.85%",-275,0.85,0
2025-12-09,2025-03-07,"1.10%",-250,1.1,0
2025-12-09,2025-03-07,"1.35%",-225,1.35,0
2025-12-09,2025-03-07,"1.60%",-200,1.6,0
2025-12-09,2025-03-07,"1.85%",-175,1.85,0
2025-12-09,2025-03-07,"2.10%",-150,2.1,0
2025-12-09,2025-03-07,"2.35%",-125,2.35,0
2025-12-09,2025-03-07,"2.60%",-100,2.6,0.0198175590251238
2025-12-09,2025-03-07,"2.85%",-75,2.85,0.0746522780763073
2025-12-09,2025-03-07,"3.10%",-50,3.1,0.176997947017271
2025-12-09,2025-03-07,"3.35%",-25,3.35,0.264329730692408
2025-12-09,2025-03-07,"3.60%",0,3.6,0.248732513577835
2025-12-09,2025-03-07,"3.85%",25,3.85,0.147470066411685
2025-12-09,2025-03-07,"4.10%",50,4.1,0.0550628046295231
2025-12-09,2025-03-07,"4.35%",75,4.35,0.0129371005698466
2025-12-09,2025-03-07,"4.60%",100,4.6,0
2025-12-09,2025-03-07,"4.85%",125,4.85,0
2025-12-09,2025-03-07,"5.10%",150,5.1,0
2025-12-09,2025-03-07,"5.35%",175,5.35,0
2025-12-09,2025-03-07,"5.60%",200,5.6,0
2025-12-09,2025-03-07,"5.85%",225,5.85,0
2025-12-09,2025-03-07,"6.10%",250,6.1,0
2025-12-09,2025-03-10,"0.10%",-300,0.1,0
2025-12-09,2025-03-10,"0.35%",-300,0.35,0
2025-12-09,2025-03-10,"0.60%",-300,0.6,0
2025-12-09,2025-03-10,"0.85%",-275,0.85,0
2025-12-09,2025-03-10,"1.10%",-250,1.1,0
2025-12-09,2025-03-10,"1.35%",-225,1.35,0
2025-12-09,2025-03-10,"1.60%",-200,1.6,0
2025-12-09,2025-03-10,"1.85%",-175,1.85,0
2025-12-09,2025-03-10,"2.10%",-150,2.1,0.0180656364233534
2025-12-09,2025-03-10,"2.35%",-125,2.35,0.0369599094416899
2025-12-09,2025-03-10,"2.60%",-100,2.6,0.0654428675438479
2025-12-09,2025-03-10,"2.85%",-75,2.85,0.10028911753041
2025-12-09,2025-03-10,"3.10%",-50,3.1,0.133017907060504
2025-12-09,2025-03-10,"3.35%",-25,3.35,0.152698365016364
2025-12-09,2025-03-10,"3.60%",0,3.6,0.151714885588032
2025-12-09,2025-03-10,"3.85%",25,3.85,0.130464230840138
2025-12-09,2025-03-10,"4.10%",50,4.1,0.097100726868975
2025-12-09,2025-03-10,"4.35%",75,4.35,0.0625486519523067
2025-12-09,2025-03-10,"4.60%",100,4.6,0.0348716899196626
2025-12-09,2025-03-10,"4.85%",125,4.85,0.016826011814716
2025-12-09,2025-03-10,"5.10%",150,5.1,0
2025-12-09,2025-03-10,"5.35%",175,5.35,0
2025-12-09,2025-03-10,"5.60%",200,5.6,0
2025-12-09,2025-03-10,"5.85%",225,5.85,0
2025-12-09,2025-03-10,"6.10%",250,6.1,0
2025-12-09,2025-03-11,"0.10%",-300,0.1,0
2025-12-09,2025-03-11,"0.35%",-300,0.35,0
2025-12-09,2025-03-11,"0.60%",-300,0.6,0
2025-12-09,2025-03-11,"0.85%",-275,0.85,0
2025-12-09,2025-03-11,"1.10%",-250,1.1,0
2025-12-09,2025-03-11,"1.35%",-225,1.35,0
2025-12-09,2025-03-11,"1.60%",-200,1.6,0
2025-12-09,2025-03-11,"1.85%",-175,1.85,0
2025-12-09,2025-03-11,"2.10%",-150,2.1,0
2025-12-09,2025-03-11,"2.35%",-125,2.35,0
2025-12-09,2025-03-11,"2.60%",-100,2.6,0.0145789707269933
2025-12-09,2025-03-11,"2.85%",-75,2.85,0.0718792473017147
2025-12-09,2025-03-11,"3.10%",-50,3.1,0.197319922474014
2025-12-09,2025-03-11,"3.35%",-25,3.35,0.302122739223154
2025-12-09,2025-03-11,"3.60%",0,3.6,0.258215250127437
2025-12-09,2025-03-11,"3.85%",25,3.85,0.123151306319624
2025-12-09,2025-03-11,"4.10%",50,4.1,0.0327325638270631
2025-12-09,2025-03-11,"4.35%",75,4.35,0
2025-12-09,2025-03-11,"4.60%",100,4.6,0
2025-12-09,2025-03-11,"4.85%",125,4.85,0
2025-12-09,2025-03-11,"5.10%",150,5.1,0
2025-12-09,2025-03-11,"5.35%",175,5.35,0
2025-12-09,2025-03-11,"5.60%",200,5.6,0
2025-12-09,2025-03-11,"5.85%",225,5.85,0
2025-12-09,2025-03-11,"6.10%",250,6.1,0
2025-12-09,2025-03-12,"0.10%",-300,0.1,0
2025-12-09,2025-03-12,"0.35%",-300,0.35,0
2025-12-09,2025-03-12,"0.60%",-300,0.6,0
2025-12-09,2025-03-12,"0.85%",-275,0.85,0
2025-12-09,2025-03-12,"1.10%",-250,1.1,0
2025-12-09,2025-03-12,"1.35%",-225,1.35,0
2025-12-09,2025-03-12,"1.60%",-200,1.6,0
2025-12-09,2025-03-12,"1.85%",-175,1.85,0
2025-12-09,2025-03-12,"2.10%",-150,2.1,0
2025-12-09,2025-03-12,"2.35%",-125,2.35,0
2025-12-09,2025-03-12,"2.60%",-100,2.6,0.0184089214262073
2025-12-09,2025-03-12,"2.85%",-75,2.85,0.0760368709423508
2025-12-09,2025-03-12,"3.10%",-50,3.1,0.188745156525354
2025-12-09,2025-03-12,"3.35%",-25,3.35,0.28185916080629
2025-12-09,2025-03-12,"3.60%",0,3.6,0.253339241971292
2025-12-09,2025-03-12,"3.85%",25,3.85,0.137034651735946
2025-12-09,2025-03-12,"4.10%",50,4.1,0.0445759965925605
2025-12-09,2025-03-12,"4.35%",75,4.35,0
2025-12-09,2025-03-12,"4.60%",100,4.6,0
2025-12-09,2025-03-12,"4.85%",125,4.85,0
2025-12-09,2025-03-12,"5.10%",150,5.1,0
2025-12-09,2025-03-12,"5.35%",175,5.35,0
2025-12-09,2025-03-12,"5.60%",200,5.6,0
2025-12-09,2025-03-12,"5.85%",225,5.85,0
2025-12-09,2025-03-12,"6.10%",250,6.1,0
2025-12-09,2025-03-13,"0.10%",-300,0.1,0
2025-12-09,2025-03-13,"0.35%",-300,0.35,0
2025-12-09,2025-03-13,"0.60%",-300,0.6,0
2025-12-09,2025-03-13,"0.85%",-275,0.85,0
2025-12-09,2025-03-13,"1.10%",-250,1.1,0
2025-12-09,2025-03-13,"1.35%",-225,1.35,0
2025-12-09,2025-03-13,"1.60%",-200,1.6,0
2025-12-09,2025-03-13,"1.85%",-175,1.85,0
2025-12-09,2025-03-13,"2.10%",-150,2.1,0
2025-12-09,2025-03-13,"2.35%",-125,2.35,0
2025-12-09,2025-03-13,"2.60%",-100,2.6,0.0151646795127698
2025-12-09,2025-03-13,"2.85%",-75,2.85,0.0682710718254189
2025-12-09,2025-03-13,"3.10%",-50,3.1,0.181161007116904
2025-12-09,2025-03-13,"3.35%",-25,3.35,0.283695302375715
2025-12-09,2025-03-13,"3.60%",0,3.6,0.262337542322468
2025-12-09,2025-03-13,"3.85%",25,3.85,0.143233054828222
2025-12-09,2025-03-13,"4.10%",50,4.1,0.0461373420185019
2025-12-09,2025-03-13,"4.35%",75,4.35,0
2025-12-09,2025-03-13,"4.60%",100,4.6,0
2025-12-09,2025-03-13,"4.85%",125,4.85,0
2025-12-09,2025-03-13,"5.10%",150,5.1,0
2025-12-09,2025-03-13,"5.35%",175,5.35,0
2025-12-09,2025-03-13,"5.60%",200,5.6,0
2025-12-09,2025-03-13,"5.85%",225,5.85,0
2025-12-09,2025-03-13,"6.10%",250,6.1,0
2025-12-09,2025-03-14,"0.10%",-300,0.1,0
2025-12-09,2025-03-14,"0.35%",-300,0.35,0
2025-12-09,2025-03-14,"0.60%",-300,0.6,0
2025-12-09,2025-03-14,"0.85%",-275,0.85,0
2025-12-09,2025-03-14,"1.10%",-250,1.1,0
2025-12-09,2025-03-14,"1.35%",-225,1.35,0
2025-12-09,2025-03-14,"1.60%",-200,1.6,0
2025-12-09,2025-03-14,"1.85%",-175,1.85,0
2025-12-09,2025-03-14,"2.10%",-150,2.1,0
2025-12-09,2025-03-14,"2.35%",-125,2.35,0
2025-12-09,2025-03-14,"2.60%",-100,2.6,0.0137339897900906
2025-12-09,2025-03-14,"2.85%",-75,2.85,0.0683129243514287
2025-12-09,2025-03-14,"3.10%",-50,3.1,0.190524810369472
2025-12-09,2025-03-14,"3.35%",-25,3.35,0.298454869064412
2025-12-09,2025-03-14,"3.60%",0,3.6,0.26280259465683
2025-12-09,2025-03-14,"3.85%",25,3.85,0.130048414118586
2025-12-09,2025-03-14,"4.10%",50,4.1,0.0361223976491804
2025-12-09,2025-03-14,"4.35%",75,4.35,0
2025-12-09,2025-03-14,"4.60%",100,4.6,0
2025-12-09,2025-03-14,"4.85%",125,4.85,0
2025-12-09,2025-03-14,"5.10%",150,5.1,0
2025-12-09,2025-03-14,"5.35%",175,5.35,0
2025-12-09,2025-03-14,"5.60%",200,5.6,0
2025-12-09,2025-03-14,"5.85%",225,5.85,0
2025-12-09,2025-03-14,"6.10%",250,6.1,0
2025-12-09,2025-03-17,"0.10%",-300,0.1,0
2025-12-09,2025-03-17,"0.35%",-300,0.35,0
2025-12-09,2025-03-17,"0.60%",-300,0.6,0
2025-12-09,2025-03-17,"0.85%",-275,0.85,0
2025-12-09,2025-03-17,"1.10%",-250,1.1,0
2025-12-09,2025-03-17,"1.35%",-225,1.35,0
2025-12-09,2025-03-17,"1.60%",-200,1.6,0
2025-12-09,2025-03-17,"1.85%",-175,1.85,0
2025-12-09,2025-03-17,"2.10%",-150,2.1,0
2025-12-09,2025-03-17,"2.35%",-125,2.35,0
2025-12-09,2025-03-17,"2.60%",-100,2.6,0
2025-12-09,2025-03-17,"2.85%",-75,2.85,0.0537302632111076
2025-12-09,2025-03-17,"3.10%",-50,3.1,0.179044867917525
2025-12-09,2025-03-17,"3.35%",-25,3.35,0.312071355634777
2025-12-09,2025-03-17,"3.60%",0,3.6,0.28490637813618
2025-12-09,2025-03-17,"3.85%",25,3.85,0.136208629184444
2025-12-09,2025-03-17,"4.10%",50,4.1,0.0340385059159663
2025-12-09,2025-03-17,"4.35%",75,4.35,0
2025-12-09,2025-03-17,"4.60%",100,4.6,0
2025-12-09,2025-03-17,"4.85%",125,4.85,0
2025-12-09,2025-03-17,"5.10%",150,5.1,0
2025-12-09,2025-03-17,"5.35%",175,5.35,0
2025-12-09,2025-03-17,"5.60%",200,5.6,0
2025-12-09,2025-03-17,"5.85%",225,5.85,0
2025-12-09,2025-03-17,"6.10%",250,6.1,0
2025-12-09,2025-03-18,"0.10%",-300,0.1,0
2025-12-09,2025-03-18,"0.35%",-300,0.35,0
2025-12-09,2025-03-18,"0.60%",-300,0.6,0
2025-12-09,2025-03-18,"0.85%",-275,0.85,0
2025-12-09,2025-03-18,"1.10%",-250,1.1,0
2025-12-09,2025-03-18,"1.35%",-225,1.35,0
2025-12-09,2025-03-18,"1.60%",-200,1.6,0
2025-12-09,2025-03-18,"1.85%",-175,1.85,0
2025-12-09,2025-03-18,"2.10%",-150,2.1,0
2025-12-09,2025-03-18,"2.35%",-125,2.35,0
2025-12-09,2025-03-18,"2.60%",-100,2.6,0
2025-12-09,2025-03-18,"2.85%",-75,2.85,0.0482159725403375
2025-12-09,2025-03-18,"3.10%",-50,3.1,0.170155888660464
2025-12-09,2025-03-18,"3.35%",-25,3.35,0.310210601678861
2025-12-09,2025-03-18,"3.60%",0,3.6,0.292625674707014
2025-12-09,2025-03-18,"3.85%",25,3.85,0.142805528586049
2025-12-09,2025-03-18,"4.10%",50,4.1,0.0359863338272741
2025-12-09,2025-03-18,"4.35%",75,4.35,0
2025-12-09,2025-03-18,"4.60%",100,4.6,0
2025-12-09,2025-03-18,"4.85%",125,4.85,0
2025-12-09,2025-03-18,"5.10%",150,5.1,0
2025-12-09,2025-03-18,"5.35%",175,5.35,0
2025-12-09,2025-03-18,"5.60%",200,5.6,0
2025-12-09,2025-03-18,"5.85%",225,5.85,0
2025-12-09,2025-03-18,"6.10%",250,6.1,0
2025-12-09,2025-03-19,"0.10%",-300,0.1,0
2025-12-09,2025-03-19,"0.35%",-300,0.35,0
2025-12-09,2025-03-19,"0.60%",-300,0.6,0
2025-12-09,2025-03-19,"0.85%",-275,0.85,0
2025-12-09,2025-03-19,"1.10%",-250,1.1,0
2025-12-09,2025-03-19,"1.35%",-225,1.35,0
2025-12-09,2025-03-19,"1.60%",-200,1.6,0
2025-12-09,2025-03-19,"1.85%",-175,1.85,0
2025-12-09,2025-03-19,"2.10%",-150,2.1,0
2025-12-09,2025-03-19,"2.35%",-125,2.35,0
2025-12-09,2025-03-19,"2.60%",-100,2.6,0
2025-12-09,2025-03-19,"2.85%",-75,2.85,0.0399512026848318
2025-12-09,2025-03-19,"3.10%",-50,3.1,0.161468748172389
2025-12-09,2025-03-19,"3.35%",-25,3.35,0.317755527254445
2025-12-09,2025-03-19,"3.60%",0,3.6,0.305177907023055
2025-12-09,2025-03-19,"3.85%",25,3.85,0.143022987798921
2025-12-09,2025-03-19,"4.10%",50,4.1,0.0326236270663577
2025-12-09,2025-03-19,"4.35%",75,4.35,0
2025-12-09,2025-03-19,"4.60%",100,4.6,0
2025-12-09,2025-03-19,"4.85%",125,4.85,0
2025-12-09,2025-03-19,"5.10%",150,5.1,0
2025-12-09,2025-03-19,"5.35%",175,5.35,0
2025-12-09,2025-03-19,"5.60%",200,5.6,0
2025-12-09,2025-03-19,"5.85%",225,5.85,0
2025-12-09,2025-03-19,"6.10%",250,6.1,0
2025-12-09,2025-03-20,"0.10%",-300,0.1,0
2025-12-09,2025-03-20,"0.35%",-300,0.35,0
2025-12-09,2025-03-20,"0.60%",-300,0.6,0
2025-12-09,2025-03-20,"0.85%",-275,0.85,0
2025-12-09,2025-03-20,"1.10%",-250,1.1,0
2025-12-09,2025-03-20,"1.35%",-225,1.35,0
2025-12-09,2025-03-20,"1.60%",-200,1.6,0
2025-12-09,2025-03-20,"1.85%",-175,1.85,0
2025-12-09,2025-03-20,"2.10%",-150,2.1,0
2025-12-09,2025-03-20,"2.35%",-125,2.35,0
2025-12-09,2025-03-20,"2.60%",-100,2.6,0
2025-12-09,2025-03-20,"2.85%",-75,2.85,0.0530951890201462
2025-12-09,2025-03-20,"3.10%",-50,3.1,0.189135605387794
2025-12-09,2025-03-20,"3.35%",-25,3.35,0.330338585430703
2025-12-09,2025-03-20,"3.60%",0,3.6,0.283420834907197
2025-12-09,2025-03-20,"3.85%",25,3.85,0.119387911560201
2025-12-09,2025-03-20,"4.10%",50,4.1,0.0246218736939605
2025-12-09,2025-03-20,"4.35%",75,4.35,0
2025-12-09,2025-03-20,"4.60%",100,4.6,0
2025-12-09,2025-03-20,"4.85%",125,4.85,0
2025-12-09,2025-03-20,"5.10%",150,5.1,0
2025-12-09,2025-03-20,"5.35%",175,5.35,0
2025-12-09,2025-03-20,"5.60%",200,5.6,0
2025-12-09,2025-03-20,"5.85%",225,5.85,0
2025-12-09,2025-03-20,"6.10%",250,6.1,0
2025-12-09,2025-03-21,"0.10%",-300,0.1,0
2025-12-09,2025-03-21,"0.35%",-300,0.35,0
2025-12-09,2025-03-21,"0.60%",-300,0.6,0
2025-12-09,2025-03-21,"0.85%",-275,0.85,0
2025-12-09,2025-03-21,"1.10%",-250,1.1,0
2025-12-09,2025-03-21,"1.35%",-225,1.35,0
2025-12-09,2025-03-21,"1.60%",-200,1.6,0
2025-12-09,2025-03-21,"1.85%",-175,1.85,0
2025-12-09,2025-03-21,"2.10%",-150,2.1,0
2025-12-09,2025-03-21,"2.35%",-125,2.35,0
2025-12-09,2025-03-21,"2.60%",-100,2.6,0
2025-12-09,2025-03-21,"2.85%",-75,2.85,0.0363442542082352
2025-12-09,2025-03-21,"3.10%",-50,3.1,0.181768245822535
2025-12-09,2025-03-21,"3.35%",-25,3.35,0.367218844294601
2025-12-09,2025-03-21,"3.60%",0,3.6,0.301159071709424
2025-12-09,2025-03-21,"3.85%",25,3.85,0.100116152987302
2025-12-09,2025-03-21,"4.10%",50,4.1,0.0133934309779024
2025-12-09,2025-03-21,"4.35%",75,4.35,0
2025-12-09,2025-03-21,"4.60%",100,4.6,0
2025-12-09,2025-03-21,"4.85%",125,4.85,0
2025-12-09,2025-03-21,"5.10%",150,5.1,0
2025-12-09,2025-03-21,"5.35%",175,5.35,0
2025-12-09,2025-03-21,"5.60%",200,5.6,0
2025-12-09,2025-03-21,"5.85%",225,5.85,0
2025-12-09,2025-03-21,"6.10%",250,6.1,0
2025-12-09,2025-03-24,"0.10%",-300,0.1,0
2025-12-09,2025-03-24,"0.35%",-300,0.35,0
2025-12-09,2025-03-24,"0.60%",-300,0.6,0
2025-12-09,2025-03-24,"0.85%",-275,0.85,0
2025-12-09,2025-03-24,"1.10%",-250,1.1,0
2025-12-09,2025-03-24,"1.35%",-225,1.35,0
2025-12-09,2025-03-24,"1.60%",-200,1.6,0
2025-12-09,2025-03-24,"1.85%",-175,1.85,0
2025-12-09,2025-03-24,"2.10%",-150,2.1,0
2025-12-09,2025-03-24,"2.35%",-125,2.35,0
2025-12-09,2025-03-24,"2.60%",-100,2.6,0
2025-12-09,2025-03-24,"2.85%",-75,2.85,0.0451183079468048
2025-12-09,2025-03-24,"3.10%",-50,3.1,0.201016470746558
2025-12-09,2025-03-24,"3.35%",-25,3.35,0.370093394519553
2025-12-09,2025-03-24,"3.60%",0,3.6,0.282702566112203
2025-12-09,2025-03-24,"3.85%",25,3.85,0.0894335297572681
2025-12-09,2025-03-24,"4.10%",50,4.1,0.011635730917613
2025-12-09,2025-03-24,"4.35%",75,4.35,0
2025-12-09,2025-03-24,"4.60%",100,4.6,0
2025-12-09,2025-03-24,"4.85%",125,4.85,0
2025-12-09,2025-03-24,"5.10%",150,5.1,0
2025-12-09,2025-03-24,"5.35%",175,5.35,0
2025-12-09,2025-03-24,"5.60%",200,5.6,0
2025-12-09,2025-03-24,"5.85%",225,5.85,0
2025-12-09,2025-03-24,"6.10%",250,6.1,0
2025-12-09,2025-03-25,"0.10%",-300,0.1,0
2025-12-09,2025-03-25,"0.35%",-300,0.35,0
2025-12-09,2025-03-25,"0.60%",-300,0.6,0
2025-12-09,2025-03-25,"0.85%",-275,0.85,0
2025-12-09,2025-03-25,"1.10%",-250,1.1,0
2025-12-09,2025-03-25,"1.35%",-225,1.35,0
2025-12-09,2025-03-25,"1.60%",-200,1.6,0
2025-12-09,2025-03-25,"1.85%",-175,1.85,0
2025-12-09,2025-03-25,"2.10%",-150,2.1,0
2025-12-09,2025-03-25,"2.35%",-125,2.35,0
2025-12-09,2025-03-25,"2.60%",-100,2.6,0
2025-12-09,2025-03-25,"2.85%",-75,2.85,0.0463648857777852
2025-12-09,2025-03-25,"3.10%",-50,3.1,0.184391315752657
2025-12-09,2025-03-25,"3.35%",-25,3.35,0.340062534820326
2025-12-09,2025-03-25,"3.60%",0,3.6,0.291589741901053
2025-12-09,2025-03-25,"3.85%",25,3.85,0.116168645643321
2025-12-09,2025-03-25,"4.10%",50,4.1,0.0214228761048573
2025-12-09,2025-03-25,"4.35%",75,4.35,0
2025-12-09,2025-03-25,"4.60%",100,4.6,0
2025-12-09,2025-03-25,"4.85%",125,4.85,0
2025-12-09,2025-03-25,"5.10%",150,5.1,0
2025-12-09,2025-03-25,"5.35%",175,5.35,0
2025-12-09,2025-03-25,"5.60%",200,5.6,0
2025-12-09,2025-03-25,"5.85%",225,5.85,0
2025-12-09,2025-03-25,"6.10%",250,6.1,0
2025-12-09,2025-03-26,"0.10%",-300,0.1,0
2025-12-09,2025-03-26,"0.35%",-300,0.35,0
2025-12-09,2025-03-26,"0.60%",-300,0.6,0
2025-12-09,2025-03-26,"0.85%",-275,0.85,0
2025-12-09,2025-03-26,"1.10%",-250,1.1,0
2025-12-09,2025-03-26,"1.35%",-225,1.35,0
2025-12-09,2025-03-26,"1.60%",-200,1.6,0
2025-12-09,2025-03-26,"1.85%",-175,1.85,0
2025-12-09,2025-03-26,"2.10%",-150,2.1,0
2025-12-09,2025-03-26,"2.35%",-125,2.35,0
2025-12-09,2025-03-26,"2.60%",-100,2.6,0
2025-12-09,2025-03-26,"2.85%",-75,2.85,0.0271364052829112
2025-12-09,2025-03-26,"3.10%",-50,3.1,0.150784480247726
2025-12-09,2025-03-26,"3.35%",-25,3.35,0.34523571076063
2025-12-09,2025-03-26,"3.60%",0,3.6,0.327443417373534
2025-12-09,2025-03-26,"3.85%",25,3.85,0.128606310441234
2025-12-09,2025-03-26,"4.10%",50,4.1,0.0207936758939651
2025-12-09,2025-03-26,"4.35%",75,4.35,0
2025-12-09,2025-03-26,"4.60%",100,4.6,0
2025-12-09,2025-03-26,"4.85%",125,4.85,0
2025-12-09,2025-03-26,"5.10%",150,5.1,0
2025-12-09,2025-03-26,"5.35%",175,5.35,0
2025-12-09,2025-03-26,"5.60%",200,5.6,0
2025-12-09,2025-03-26,"5.85%",225,5.85,0
2025-12-09,2025-03-26,"6.10%",250,6.1,0
2025-12-09,2025-03-27,"0.10%",-300,0.1,0
2025-12-09,2025-03-27,"0.35%",-300,0.35,0
2025-12-09,2025-03-27,"0.60%",-300,0.6,0
2025-12-09,2025-03-27,"0.85%",-275,0.85,0
2025-12-09,2025-03-27,"1.10%",-250,1.1,0
2025-12-09,2025-03-27,"1.35%",-225,1.35,0
2025-12-09,2025-03-27,"1.60%",-200,1.6,0
2025-12-09,2025-03-27,"1.85%",-175,1.85,0
2025-12-09,2025-03-27,"2.10%",-150,2.1,0
2025-12-09,2025-03-27,"2.35%",-125,2.35,0
2025-12-09,2025-03-27,"2.60%",-100,2.6,0
2025-12-09,2025-03-27,"2.85%",-75,2.85,0.0253132802522522
2025-12-09,2025-03-27,"3.10%",-50,3.1,0.142205048916863
2025-12-09,2025-03-27,"3.35%",-25,3.35,0.335168108874203
2025-12-09,2025-03-27,"3.60%",0,3.6,0.333135269019417
2025-12-09,2025-03-27,"3.85%",25,3.85,0.139627824052134
2025-12-09,2025-03-27,"4.10%",50,4.1,0.0245504688851299
2025-12-09,2025-03-27,"4.35%",75,4.35,0
2025-12-09,2025-03-27,"4.60%",100,4.6,0
2025-12-09,2025-03-27,"4.85%",125,4.85,0
2025-12-09,2025-03-27,"5.10%",150,5.1,0
2025-12-09,2025-03-27,"5.35%",175,5.35,0
2025-12-09,2025-03-27,"5.60%",200,5.6,0
2025-12-09,2025-03-27,"5.85%",225,5.85,0
2025-12-09,2025-03-27,"6.10%",250,6.1,0
2025-12-09,2025-03-28,"0.10%",-300,0.1,0
2025-12-09,2025-03-28,"0.35%",-300,0.35,0
2025-12-09,2025-03-28,"0.60%",-300,0.6,0
2025-12-09,2025-03-28,"0.85%",-275,0.85,0
2025-12-09,2025-03-28,"1.10%",-250,1.1,0
2025-12-09,2025-03-28,"1.35%",-225,1.35,0
2025-12-09,2025-03-28,"1.60%",-200,1.6,0
2025-12-09,2025-03-28,"1.85%",-175,1.85,0
2025-12-09,2025-03-28,"2.10%",-150,2.1,0
2025-12-09,2025-03-28,"2.35%",-125,2.35,0
2025-12-09,2025-03-28,"2.60%",-100,2.6,0
2025-12-09,2025-03-28,"2.85%",-75,2.85,0.018455787931496
2025-12-09,2025-03-28,"3.10%",-50,3.1,0.14522546020216
2025-12-09,2025-03-28,"3.35%",-25,3.35,0.382399688595389
2025-12-09,2025-03-28,"3.60%",0,3.6,0.340880642287008
2025-12-09,2025-03-28,"3.85%",25,3.85,0.10271887315482
2025-12-09,2025-03-28,"4.10%",50,4.1,0.0103195478291269
2025-12-09,2025-03-28,"4.35%",75,4.35,0
2025-12-09,2025-03-28,"4.60%",100,4.6,0
2025-12-09,2025-03-28,"4.85%",125,4.85,0
2025-12-09,2025-03-28,"5.10%",150,5.1,0
2025-12-09,2025-03-28,"5.35%",175,5.35,0
2025-12-09,2025-03-28,"5.60%",200,5.6,0
2025-12-09,2025-03-28,"5.85%",225,5.85,0
2025-12-09,2025-03-28,"6.10%",250,6.1,0
2025-12-09,2025-03-31,"0.10%",-300,0.1,0
2025-12-09,2025-03-31,"0.35%",-300,0.35,0
2025-12-09,2025-03-31,"0.60%",-300,0.6,0
2025-12-09,2025-03-31,"0.85%",-275,0.85,0
2025-12-09,2025-03-31,"1.10%",-250,1.1,0
2025-12-09,2025-03-31,"1.35%",-225,1.35,0
2025-12-09,2025-03-31,"1.60%",-200,1.6,0
2025-12-09,2025-03-31,"1.85%",-175,1.85,0
2025-12-09,2025-03-31,"2.10%",-150,2.1,0
2025-12-09,2025-03-31,"2.35%",-125,2.35,0
2025-12-09,2025-03-31,"2.60%",-100,2.6,0
2025-12-09,2025-03-31,"2.85%",-75,2.85,0.0370915368439491
2025-12-09,2025-03-31,"3.10%",-50,3.1,0.209421989586528
2025-12-09,2025-03-31,"3.35%",-25,3.35,0.409070316655783
2025-12-09,2025-03-31,"3.60%",0,3.6,0.278575805585819
2025-12-09,2025-03-31,"3.85%",25,3.85,0.065840351327921
2025-12-09,2025-03-31,"4.10%",50,4.1,0
2025-12-09,2025-03-31,"4.35%",75,4.35,0
2025-12-09,2025-03-31,"4.60%",100,4.6,0
2025-12-09,2025-03-31,"4.85%",125,4.85,0
2025-12-09,2025-03-31,"5.10%",150,5.1,0
2025-12-09,2025-03-31,"5.35%",175,5.35,0
2025-12-09,2025-03-31,"5.60%",200,5.6,0
2025-12-09,2025-03-31,"5.85%",225,5.85,0
2025-12-09,2025-03-31,"6.10%",250,6.1,0
2025-12-09,2025-04-01,"0.10%",-300,0.1,0
2025-12-09,2025-04-01,"0.35%",-300,0.35,0
2025-12-09,2025-04-01,"0.60%",-300,0.6,0
2025-12-09,2025-04-01,"0.85%",-275,0.85,0
2025-12-09,2025-04-01,"1.10%",-250,1.1,0
2025-12-09,2025-04-01,"1.35%",-225,1.35,0
2025-12-09,2025-04-01,"1.60%",-200,1.6,0
2025-12-09,2025-04-01,"1.85%",-175,1.85,0
2025-12-09,2025-04-01,"2.10%",-150,2.1,0
2025-12-09,2025-04-01,"2.35%",-125,2.35,0
2025-12-09,2025-04-01,"2.60%",-100,2.6,0
2025-12-09,2025-04-01,"2.85%",-75,2.85,0.0443275412339213
2025-12-09,2025-04-01,"3.10%",-50,3.1,0.214367136043215
2025-12-09,2025-04-01,"3.35%",-25,3.35,0.393197624084335
2025-12-09,2025-04-01,"3.60%",0,3.6,0.275002396106472
2025-12-09,2025-04-01,"3.85%",25,3.85,0.0731053025320566
2025-12-09,2025-04-01,"4.10%",50,4.1,0
2025-12-09,2025-04-01,"4.35%",75,4.35,0
2025-12-09,2025-04-01,"4.60%",100,4.6,0
2025-12-09,2025-04-01,"4.85%",125,4.85,0
2025-12-09,2025-04-01,"5.10%",150,5.1,0
2025-12-09,2025-04-01,"5.35%",175,5.35,0
2025-12-09,2025-04-01,"5.60%",200,5.6,0
2025-12-09,2025-04-01,"5.85%",225,5.85,0
2025-12-09,2025-04-01,"6.10%",250,6.1,0
2025-12-09,2025-04-02,"0.10%",-300,0.1,0
2025-12-09,2025-04-02,"0.35%",-300,0.35,0
2025-12-09,2025-04-02,"0.60%",-300,0.6,0
2025-12-09,2025-04-02,"0.85%",-275,0.85,0
2025-12-09,2025-04-02,"1.10%",-250,1.1,0
2025-12-09,2025-04-02,"1.35%",-225,1.35,0
2025-12-09,2025-04-02,"1.60%",-200,1.6,0
2025-12-09,2025-04-02,"1.85%",-175,1.85,0
2025-12-09,2025-04-02,"2.10%",-150,2.1,0
2025-12-09,2025-04-02,"2.35%",-125,2.35,0
2025-12-09,2025-04-02,"2.60%",-100,2.6,0
2025-12-09,2025-04-02,"2.85%",-75,2.85,0.0311684734248234
2025-12-09,2025-04-02,"3.10%",-50,3.1,0.217819885114477
2025-12-09,2025-04-02,"3.35%",-25,3.35,0.441795503766595
2025-12-09,2025-04-02,"3.60%",0,3.6,0.263465005027766
2025-12-09,2025-04-02,"3.85%",25,3.85,0.0457511326663389
2025-12-09,2025-04-02,"4.10%",50,4.1,0
2025-12-09,2025-04-02,"4.35%",75,4.35,0
2025-12-09,2025-04-02,"4.60%",100,4.6,0
2025-12-09,2025-04-02,"4.85%",125,4.85,0
2025-12-09,2025-04-02,"5.10%",150,5.1,0
2025-12-09,2025-04-02,"5.35%",175,5.35,0
2025-12-09,2025-04-02,"5.60%",200,5.6,0
2025-12-09,2025-04-02,"5.85%",225,5.85,0
2025-12-09,2025-04-02,"6.10%",250,6.1,0
2025-12-09,2025-04-03,"0.10%",-300,0.1,0
2025-12-09,2025-04-03,"0.35%",-300,0.35,0
2025-12-09,2025-04-03,"0.60%",-300,0.6,0
2025-12-09,2025-04-03,"0.85%",-275,0.85,0
2025-12-09,2025-04-03,"1.10%",-250,1.1,0
2025-12-09,2025-04-03,"1.35%",-225,1.35,0
2025-12-09,2025-04-03,"1.60%",-200,1.6,0
2025-12-09,2025-04-03,"1.85%",-175,1.85,0
2025-12-09,2025-04-03,"2.10%",-150,2.1,0
2025-12-09,2025-04-03,"2.35%",-125,2.35,0
2025-12-09,2025-04-03,"2.60%",-100,2.6,0.0112202547019632
2025-12-09,2025-04-03,"2.85%",-75,2.85,0.112261005430422
2025-12-09,2025-04-03,"3.10%",-50,3.1,0.359900593151852
2025-12-09,2025-04-03,"3.35%",-25,3.35,0.375332450667725
2025-12-09,2025-04-03,"3.60%",0,3.6,0.12740714307571
2025-12-09,2025-04-03,"3.85%",25,3.85,0.013878552972327
2025-12-09,2025-04-03,"4.10%",50,4.1,0
2025-12-09,2025-04-03,"4.35%",75,4.35,0
2025-12-09,2025-04-03,"4.60%",100,4.6,0
2025-12-09,2025-04-03,"4.85%",125,4.85,0
2025-12-09,2025-04-03,"5.10%",150,5.1,0
2025-12-09,2025-04-03,"5.35%",175,5.35,0
2025-12-09,2025-04-03,"5.60%",200,5.6,0
2025-12-09,2025-04-03,"5.85%",225,5.85,0
2025-12-09,2025-04-03,"6.10%",250,6.1,0
2025-12-09,2025-04-04,"0.10%",-300,0.1,0
2025-12-09,2025-04-04,"0.35%",-300,0.35,0
2025-12-09,2025-04-04,"0.60%",-300,0.6,0
2025-12-09,2025-04-04,"0.85%",-275,0.85,0
2025-12-09,2025-04-04,"1.10%",-250,1.1,0
2025-12-09,2025-04-04,"1.35%",-225,1.35,0
2025-12-09,2025-04-04,"1.60%",-200,1.6,0
2025-12-09,2025-04-04,"1.85%",-175,1.85,0
2025-12-09,2025-04-04,"2.10%",-150,2.1,0
2025-12-09,2025-04-04,"2.35%",-125,2.35,0
2025-12-09,2025-04-04,"2.60%",-100,2.6,0.0599631177124157
2025-12-09,2025-04-04,"2.85%",-75,2.85,0.276920048944557
2025-12-09,2025-04-04,"3.10%",-50,3.1,0.419403982507979
2025-12-09,2025-04-04,"3.35%",-25,3.35,0.209512681605975
2025-12-09,2025-04-04,"3.60%",0,3.6,0.0342001692290738
2025-12-09,2025-04-04,"3.85%",25,3.85,0
2025-12-09,2025-04-04,"4.10%",50,4.1,0
2025-12-09,2025-04-04,"4.35%",75,4.35,0
2025-12-09,2025-04-04,"4.60%",100,4.6,0
2025-12-09,2025-04-04,"4.85%",125,4.85,0
2025-12-09,2025-04-04,"5.10%",150,5.1,0
2025-12-09,2025-04-04,"5.35%",175,5.35,0
2025-12-09,2025-04-04,"5.60%",200,5.6,0
2025-12-09,2025-04-04,"5.85%",225,5.85,0
2025-12-09,2025-04-04,"6.10%",250,6.1,0
2025-12-09,2025-04-07,"0.10%",-300,0.1,0
2025-12-09,2025-04-07,"0.35%",-300,0.35,0
2025-12-09,2025-04-07,"0.60%",-300,0.6,0
2025-12-09,2025-04-07,"0.85%",-275,0.85,0
2025-12-09,2025-04-07,"1.10%",-250,1.1,0
2025-12-09,2025-04-07,"1.35%",-225,1.35,0
2025-12-09,2025-04-07,"1.60%",-200,1.6,0
2025-12-09,2025-04-07,"1.85%",-175,1.85,0
2025-12-09,2025-04-07,"2.10%",-150,2.1,0
2025-12-09,2025-04-07,"2.35%",-125,2.35,0.0323231930342208
2025-12-09,2025-04-07,"2.60%",-100,2.6,0.214667974324683
2025-12-09,2025-04-07,"2.85%",-75,2.85,0.433282794607124
2025-12-09,2025-04-07,"3.10%",-50,3.1,0.268849386689759
2025-12-09,2025-04-07,"3.35%",-25,3.35,0.0508766513442143
2025-12-09,2025-04-07,"3.60%",0,3.6,0
2025-12-09,2025-04-07,"3.85%",25,3.85,0
2025-12-09,2025-04-07,"4.10%",50,4.1,0
2025-12-09,2025-04-07,"4.35%",75,4.35,0
2025-12-09,2025-04-07,"4.60%",100,4.6,0
2025-12-09,2025-04-07,"4.85%",125,4.85,0
2025-12-09,2025-04-07,"5.10%",150,5.1,0
2025-12-09,2025-04-07,"5.35%",175,5.35,0
2025-12-09,2025-04-07,"5.60%",200,5.6,0
2025-12-09,2025-04-07,"5.85%",225,5.85,0
2025-12-09,2025-04-07,"6.10%",250,6.1,0
2025-12-09,2025-04-08,"0.10%",-300,0.1,0
2025-12-09,2025-04-08,"0.35%",-300,0.35,0
2025-12-09,2025-04-08,"0.60%",-300,0.6,0
2025-12-09,2025-04-08,"0.85%",-275,0.85,0
2025-12-09,2025-04-08,"1.10%",-250,1.1,0
2025-12-09,2025-04-08,"1.35%",-225,1.35,0
2025-12-09,2025-04-08,"1.60%",-200,1.6,0
2025-12-09,2025-04-08,"1.85%",-175,1.85,0
2025-12-09,2025-04-08,"2.10%",-150,2.1,0
2025-12-09,2025-04-08,"2.35%",-125,2.35,0.0128585957143565
2025-12-09,2025-04-08,"2.60%",-100,2.6,0.134695394682073
2025-12-09,2025-04-08,"2.85%",-75,2.85,0.404923785497005
2025-12-09,2025-04-08,"3.10%",-50,3.1,0.356121118621564
2025-12-09,2025-04-08,"3.35%",-25,3.35,0.0914011054850007
2025-12-09,2025-04-08,"3.60%",0,3.6,0
2025-12-09,2025-04-08,"3.85%",25,3.85,0
2025-12-09,2025-04-08,"4.10%",50,4.1,0
2025-12-09,2025-04-08,"4.35%",75,4.35,0
2025-12-09,2025-04-08,"4.60%",100,4.6,0
2025-12-09,2025-04-08,"4.85%",125,4.85,0
2025-12-09,2025-04-08,"5.10%",150,5.1,0
2025-12-09,2025-04-08,"5.35%",175,5.35,0
2025-12-09,2025-04-08,"5.60%",200,5.6,0
2025-12-09,2025-04-08,"5.85%",225,5.85,0
2025-12-09,2025-04-08,"6.10%",250,6.1,0
2025-12-09,2025-04-09,"0.10%",-300,0.1,0
2025-12-09,2025-04-09,"0.35%",-300,0.35,0
2025-12-09,2025-04-09,"0.60%",-300,0.6,0
2025-12-09,2025-04-09,"0.85%",-275,0.85,0
2025-12-09,2025-04-09,"1.10%",-250,1.1,0
2025-12-09,2025-04-09,"1.35%",-225,1.35,0
2025-12-09,2025-04-09,"1.60%",-200,1.6,0
2025-12-09,2025-04-09,"1.85%",-175,1.85,0
2025-12-09,2025-04-09,"2.10%",-150,2.1,0
2025-12-09,2025-04-09,"2.35%",-125,2.35,0.106961390098138
2025-12-09,2025-04-09,"2.60%",-100,2.6,0.37526533012236
2025-12-09,2025-04-09,"2.85%",-75,2.85,0.388502498836188
2025-12-09,2025-04-09,"3.10%",-50,3.1,0.118761655034963
2025-12-09,2025-04-09,"3.35%",-25,3.35,0.0105091259083508
2025-12-09,2025-04-09,"3.60%",0,3.6,0
2025-12-09,2025-04-09,"3.85%",25,3.85,0
2025-12-09,2025-04-09,"4.10%",50,4.1,0
2025-12-09,2025-04-09,"4.35%",75,4.35,0
2025-12-09,2025-04-09,"4.60%",100,4.6,0
2025-12-09,2025-04-09,"4.85%",125,4.85,0
2025-12-09,2025-04-09,"5.10%",150,5.1,0
2025-12-09,2025-04-09,"5.35%",175,5.35,0
2025-12-09,2025-04-09,"5.60%",200,5.6,0
2025-12-09,2025-04-09,"5.85%",225,5.85,0
2025-12-09,2025-04-09,"6.10%",250,6.1,0
2025-12-09,2025-04-10,"0.10%",-300,0.1,0
2025-12-09,2025-04-10,"0.35%",-300,0.35,0
2025-12-09,2025-04-10,"0.60%",-300,0.6,0
2025-12-09,2025-04-10,"0.85%",-275,0.85,0
2025-12-09,2025-04-10,"1.10%",-250,1.1,0
2025-12-09,2025-04-10,"1.35%",-225,1.35,0
2025-12-09,2025-04-10,"1.60%",-200,1.6,0
2025-12-09,2025-04-10,"1.85%",-175,1.85,0
2025-12-09,2025-04-10,"2.10%",-150,2.1,0
2025-12-09,2025-04-10,"2.35%",-125,2.35,0
2025-12-09,2025-04-10,"2.60%",-100,2.6,0.141426201831842
2025-12-09,2025-04-10,"2.85%",-75,2.85,0.476438432209963
2025-12-09,2025-04-10,"3.10%",-50,3.1,0.334082260714242
2025-12-09,2025-04-10,"3.35%",-25,3.35,0.0480531052439537
2025-12-09,2025-04-10,"3.60%",0,3.6,0
2025-12-09,2025-04-10,"3.85%",25,3.85,0
2025-12-09,2025-04-10,"4.10%",50,4.1,0
2025-12-09,2025-04-10,"4.35%",75,4.35,0
2025-12-09,2025-04-10,"4.60%",100,4.6,0
2025-12-09,2025-04-10,"4.85%",125,4.85,0
2025-12-09,2025-04-10,"5.10%",150,5.1,0
2025-12-09,2025-04-10,"5.35%",175,5.35,0
2025-12-09,2025-04-10,"5.60%",200,5.6,0
2025-12-09,2025-04-10,"5.85%",225,5.85,0
2025-12-09,2025-04-10,"6.10%",250,6.1,0
2025-12-09,2025-04-11,"0.10%",-300,0.1,0
2025-12-09,2025-04-11,"0.35%",-300,0.35,0
2025-12-09,2025-04-11,"0.60%",-300,0.6,0
2025-12-09,2025-04-11,"0.85%",-275,0.85,0
2025-12-09,2025-04-11,"1.10%",-250,1.1,0
2025-12-09,2025-04-11,"1.35%",-225,1.35,0
2025-12-09,2025-04-11,"1.60%",-200,1.6,0
2025-12-09,2025-04-11,"1.85%",-175,1.85,0
2025-12-09,2025-04-11,"2.10%",-150,2.1,0
2025-12-09,2025-04-11,"2.35%",-125,2.35,0.0294415273913967
2025-12-09,2025-04-11,"2.60%",-100,2.6,0.245389263636693
2025-12-09,2025-04-11,"2.85%",-75,2.85,0.478398924023781
2025-12-09,2025-04-11,"3.10%",-50,3.1,0.22260676655527
2025-12-09,2025-04-11,"3.35%",-25,3.35,0.0241635183928588
2025-12-09,2025-04-11,"3.60%",0,3.6,0
2025-12-09,2025-04-11,"3.85%",25,3.85,0
2025-12-09,2025-04-11,"4.10%",50,4.1,0
2025-12-09,2025-04-11,"4.35%",75,4.35,0
2025-12-09,2025-04-11,"4.60%",100,4.6,0
2025-12-09,2025-04-11,"4.85%",125,4.85,0
2025-12-09,2025-04-11,"5.10%",150,5.1,0
2025-12-09,2025-04-11,"5.35%",175,5.35,0
2025-12-09,2025-04-11,"5.60%",200,5.6,0
2025-12-09,2025-04-11,"5.85%",225,5.85,0
2025-12-09,2025-04-11,"6.10%",250,6.1,0
2025-12-09,2025-04-14,"0.10%",-300,0.1,0
2025-12-09,2025-04-14,"0.35%",-300,0.35,0
2025-12-09,2025-04-14,"0.60%",-300,0.6,0
2025-12-09,2025-04-14,"0.85%",-275,0.85,0
2025-12-09,2025-04-14,"1.10%",-250,1.1,0
2025-12-09,2025-04-14,"1.35%",-225,1.35,0
2025-12-09,2025-04-14,"1.60%",-200,1.6,0
2025-12-09,2025-04-14,"1.85%",-175,1.85,0
2025-12-09,2025-04-14,"2.10%",-150,2.1,0
2025-12-09,2025-04-14,"2.35%",-125,2.35,0.0364546464614288
2025-12-09,2025-04-14,"2.60%",-100,2.6,0.194523137175367
2025-12-09,2025-04-14,"2.85%",-75,2.85,0.389761760928415
2025-12-09,2025-04-14,"3.10%",-50,3.1,0.295073117059374
2025-12-09,2025-04-14,"3.35%",-25,3.35,0.0841873383754158
2025-12-09,2025-04-14,"3.60%",0,3.6,0
2025-12-09,2025-04-14,"3.85%",25,3.85,0
2025-12-09,2025-04-14,"4.10%",50,4.1,0
2025-12-09,2025-04-14,"4.35%",75,4.35,0
2025-12-09,2025-04-14,"4.60%",100,4.6,0
2025-12-09,2025-04-14,"4.85%",125,4.85,0
2025-12-09,2025-04-14,"5.10%",150,5.1,0
2025-12-09,2025-04-14,"5.35%",175,5.35,0
2025-12-09,2025-04-14,"5.60%",200,5.6,0
2025-12-09,2025-04-14,"5.85%",225,5.85,0
2025-12-09,2025-04-14,"6.10%",250,6.1,0
2025-12-09,2025-04-15,"0.10%",-300,0.1,0
2025-12-09,2025-04-15,"0.35%",-300,0.35,0
2025-12-09,2025-04-15,"0.60%",-300,0.6,0
2025-12-09,2025-04-15,"0.85%",-275,0.85,0
2025-12-09,2025-04-15,"1.10%",-250,1.1,0
2025-12-09,2025-04-15,"1.35%",-225,1.35,0
2025-12-09,2025-04-15,"1.60%",-200,1.6,0
2025-12-09,2025-04-15,"1.85%",-175,1.85,0
2025-12-09,2025-04-15,"2.10%",-150,2.1,0
2025-12-09,2025-04-15,"2.35%",-125,2.35,0.0240064184739797
2025-12-09,2025-04-15,"2.60%",-100,2.6,0.188303811248935
2025-12-09,2025-04-15,"2.85%",-75,2.85,0.432656670479447
2025-12-09,2025-04-15,"3.10%",-50,3.1,0.295474256478822
2025-12-09,2025-04-15,"3.35%",-25,3.35,0.0595588433188162
2025-12-09,2025-04-15,"3.60%",0,3.6,0
2025-12-09,2025-04-15,"3.85%",25,3.85,0
2025-12-09,2025-04-15,"4.10%",50,4.1,0
2025-12-09,2025-04-15,"4.35%",75,4.35,0
2025-12-09,2025-04-15,"4.60%",100,4.6,0
2025-12-09,2025-04-15,"4.85%",125,4.85,0
2025-12-09,2025-04-15,"5.10%",150,5.1,0
2025-12-09,2025-04-15,"5.35%",175,5.35,0
2025-12-09,2025-04-15,"5.60%",200,5.6,0
2025-12-09,2025-04-15,"5.85%",225,5.85,0
2025-12-09,2025-04-15,"6.10%",250,6.1,0
2025-12-09,2025-04-16,"0.10%",-300,0.1,0
2025-12-09,2025-04-16,"0.35%",-300,0.35,0
2025-12-09,2025-04-16,"0.60%",-300,0.6,0
2025-12-09,2025-04-16,"0.85%",-275,0.85,0
2025-12-09,2025-04-16,"1.10%",-250,1.1,0
2025-12-09,2025-04-16,"1.35%",-225,1.35,0
2025-12-09,2025-04-16,"1.60%",-200,1.6,0
2025-12-09,2025-04-16,"1.85%",-175,1.85,0
2025-12-09,2025-04-16,"2.10%",-150,2.1,0
2025-12-09,2025-04-16,"2.35%",-125,2.35,0.0212639245269305
2025-12-09,2025-04-16,"2.60%",-100,2.6,0.158604029823728
2025-12-09,2025-04-16,"2.85%",-75,2.85,0.394776293490119
2025-12-09,2025-04-16,"3.10%",-50,3.1,0.331586422720501
2025-12-09,2025-04-16,"3.35%",-25,3.35,0.093769329438722
2025-12-09,2025-04-16,"3.60%",0,3.6,0
2025-12-09,2025-04-16,"3.85%",25,3.85,0
2025-12-09,2025-04-16,"4.10%",50,4.1,0
2025-12-09,2025-04-16,"4.35%",75,4.35,0
2025-12-09,2025-04-16,"4.60%",100,4.6,0
2025-12-09,2025-04-16,"4.85%",125,4.85,0
2025-12-09,2025-04-16,"5.10%",150,5.1,0
2025-12-09,2025-04-16,"5.35%",175,5.35,0
2025-12-09,2025-04-16,"5.60%",200,5.6,0
2025-12-09,2025-04-16,"5.85%",225,5.85,0
2025-12-09,2025-04-16,"6.10%",250,6.1,0
2025-12-09,2025-04-17,"0.10%",-300,0.1,0
2025-12-09,2025-04-17,"0.35%",-300,0.35,0
2025-12-09,2025-04-17,"0.60%",-300,0.6,0
2025-12-09,2025-04-17,"0.85%",-275,0.85,0
2025-12-09,2025-04-17,"1.10%",-250,1.1,0
2025-12-09,2025-04-17,"1.35%",-225,1.35,0
2025-12-09,2025-04-17,"1.60%",-200,1.6,0
2025-12-09,2025-04-17,"1.85%",-175,1.85,0
2025-12-09,2025-04-17,"2.10%",-150,2.1,0
2025-12-09,2025-04-17,"2.35%",-125,2.35,0.0372198606579918
2025-12-09,2025-04-17,"2.60%",-100,2.6,0.183219074996156
2025-12-09,2025-04-17,"2.85%",-75,2.85,0.366613548205519
2025-12-09,2025-04-17,"3.10%",-50,3.1,0.29961001607843
2025-12-09,2025-04-17,"3.35%",-25,3.35,0.0998595727588778
2025-12-09,2025-04-17,"3.60%",0,3.6,0.013477927303025
2025-12-09,2025-04-17,"3.85%",25,3.85,0
2025-12-09,2025-04-17,"4.10%",50,4.1,0
2025-12-09,2025-04-17,"4.35%",75,4.35,0
2025-12-09,2025-04-17,"4.60%",100,4.6,0
2025-12-09,2025-04-17,"4.85%",125,4.85,0
2025-12-09,2025-04-17,"5.10%",150,5.1,0
2025-12-09,2025-04-17,"5.35%",175,5.35,0
2025-12-09,2025-04-17,"5.60%",200,5.6,0
2025-12-09,2025-04-17,"5.85%",225,5.85,0
2025-12-09,2025-04-17,"6.10%",250,6.1,0
2025-12-09,2025-04-22,"0.10%",-300,0.1,0
2025-12-09,2025-04-22,"0.35%",-300,0.35,0
2025-12-09,2025-04-22,"0.60%",-300,0.6,0
2025-12-09,2025-04-22,"0.85%",-275,0.85,0
2025-12-09,2025-04-22,"1.10%",-250,1.1,0
2025-12-09,2025-04-22,"1.35%",-225,1.35,0
2025-12-09,2025-04-22,"1.60%",-200,1.6,0
2025-12-09,2025-04-22,"1.85%",-175,1.85,0
2025-12-09,2025-04-22,"2.10%",-150,2.1,0
2025-12-09,2025-04-22,"2.35%",-125,2.35,0.0407487684576079
2025-12-09,2025-04-22,"2.60%",-100,2.6,0.224970572923587
2025-12-09,2025-04-22,"2.85%",-75,2.85,0.417156628972317
2025-12-09,2025-04-22,"3.10%",-50,3.1,0.261828287054905
2025-12-09,2025-04-22,"3.35%",-25,3.35,0.0552957425915827
2025-12-09,2025-04-22,"3.60%",0,3.6,0
2025-12-09,2025-04-22,"3.85%",25,3.85,0
2025-12-09,2025-04-22,"4.10%",50,4.1,0
2025-12-09,2025-04-22,"4.35%",75,4.35,0
2025-12-09,2025-04-22,"4.60%",100,4.6,0
2025-12-09,2025-04-22,"4.85%",125,4.85,0
2025-12-09,2025-04-22,"5.10%",150,5.1,0
2025-12-09,2025-04-22,"5.35%",175,5.35,0
2025-12-09,2025-04-22,"5.60%",200,5.6,0
2025-12-09,2025-04-22,"5.85%",225,5.85,0
2025-12-09,2025-04-22,"6.10%",250,6.1,0
2025-12-09,2025-04-23,"0.10%",-300,0.1,0
2025-12-09,2025-04-23,"0.35%",-300,0.35,0
2025-12-09,2025-04-23,"0.60%",-300,0.6,0
2025-12-09,2025-04-23,"0.85%",-275,0.85,0
2025-12-09,2025-04-23,"1.10%",-250,1.1,0
2025-12-09,2025-04-23,"1.35%",-225,1.35,0
2025-12-09,2025-04-23,"1.60%",-200,1.6,0
2025-12-09,2025-04-23,"1.85%",-175,1.85,0
2025-12-09,2025-04-23,"2.10%",-150,2.1,0
2025-12-09,2025-04-23,"2.35%",-125,2.35,0.0248755431498154
2025-12-09,2025-04-23,"2.60%",-100,2.6,0.145417425497091
2025-12-09,2025-04-23,"2.85%",-75,2.85,0.344610643620482
2025-12-09,2025-04-23,"3.10%",-50,3.1,0.332994259861295
2025-12-09,2025-04-23,"3.35%",-25,3.35,0.131169764532217
2025-12-09,2025-04-23,"3.60%",0,3.6,0.0209323633390998
2025-12-09,2025-04-23,"3.85%",25,3.85,0
2025-12-09,2025-04-23,"4.10%",50,4.1,0
2025-12-09,2025-04-23,"4.35%",75,4.35,0
2025-12-09,2025-04-23,"4.60%",100,4.6,0
2025-12-09,2025-04-23,"4.85%",125,4.85,0
2025-12-09,2025-04-23,"5.10%",150,5.1,0
2025-12-09,2025-04-23,"5.35%",175,5.35,0
2025-12-09,2025-04-23,"5.60%",200,5.6,0
2025-12-09,2025-04-23,"5.85%",225,5.85,0
2025-12-09,2025-04-23,"6.10%",250,6.1,0
2025-12-09,2025-04-25,"0.10%",-300,0.1,0
2025-12-09,2025-04-25,"0.35%",-300,0.35,0
2025-12-09,2025-04-25,"0.60%",-300,0.6,0
2025-12-09,2025-04-25,"0.85%",-275,0.85,0
2025-12-09,2025-04-25,"1.10%",-250,1.1,0
2025-12-09,2025-04-25,"1.35%",-225,1.35,0
2025-12-09,2025-04-25,"1.60%",-200,1.6,0
2025-12-09,2025-04-25,"1.85%",-175,1.85,0
2025-12-09,2025-04-25,"2.10%",-150,2.1,0
2025-12-09,2025-04-25,"2.35%",-125,2.35,0.0217524318608129
2025-12-09,2025-04-25,"2.60%",-100,2.6,0.152286709648495
2025-12-09,2025-04-25,"2.85%",-75,2.85,0.376865389955644
2025-12-09,2025-04-25,"3.10%",-50,3.1,0.332781488930348
2025-12-09,2025-04-25,"3.35%",-25,3.35,0.104708457545106
2025-12-09,2025-04-25,"3.60%",0,3.6,0.0116055220595942
2025-12-09,2025-04-25,"3.85%",25,3.85,0
2025-12-09,2025-04-25,"4.10%",50,4.1,0
2025-12-09,2025-04-25,"4.35%",75,4.35,0
2025-12-09,2025-04-25,"4.60%",100,4.6,0
2025-12-09,2025-04-25,"4.85%",125,4.85,0
2025-12-09,2025-04-25,"5.10%",150,5.1,0
2025-12-09,2025-04-25,"5.35%",175,5.35,0
2025-12-09,2025-04-25,"5.60%",200,5.6,0
2025-12-09,2025-04-25,"5.85%",225,5.85,0
2025-12-09,2025-04-25,"6.10%",250,6.1,0
2025-12-09,2025-04-28,"0.10%",-300,0.1,0
2025-12-09,2025-04-28,"0.35%",-300,0.35,0
2025-12-09,2025-04-28,"0.60%",-300,0.6,0
2025-12-09,2025-04-28,"0.85%",-275,0.85,0
2025-12-09,2025-04-28,"1.10%",-250,1.1,0
2025-12-09,2025-04-28,"1.35%",-225,1.35,0
2025-12-09,2025-04-28,"1.60%",-200,1.6,0
2025-12-09,2025-04-28,"1.85%",-175,1.85,0
2025-12-09,2025-04-28,"2.10%",-150,2.1,0
2025-12-09,2025-04-28,"2.35%",-125,2.35,0.0232381331463963
2025-12-09,2025-04-28,"2.60%",-100,2.6,0.169935880739231
2025-12-09,2025-04-28,"2.85%",-75,2.85,0.405332309385404
2025-12-09,2025-04-28,"3.10%",-50,3.1,0.318962185896929
2025-12-09,2025-04-28,"3.35%",-25,3.35,0.0825314908320404
2025-12-09,2025-04-28,"3.60%",0,3.6,0
2025-12-09,2025-04-28,"3.85%",25,3.85,0
2025-12-09,2025-04-28,"4.10%",50,4.1,0
2025-12-09,2025-04-28,"4.35%",75,4.35,0
2025-12-09,2025-04-28,"4.60%",100,4.6,0
2025-12-09,2025-04-28,"4.85%",125,4.85,0
2025-12-09,2025-04-28,"5.10%",150,5.1,0
2025-12-09,2025-04-28,"5.35%",175,5.35,0
2025-12-09,2025-04-28,"5.60%",200,5.6,0
2025-12-09,2025-04-28,"5.85%",225,5.85,0
2025-12-09,2025-04-28,"6.10%",250,6.1,0
2025-12-09,2025-04-29,"0.10%",-300,0.1,0
2025-12-09,2025-04-29,"0.35%",-300,0.35,0
2025-12-09,2025-04-29,"0.60%",-300,0.6,0
2025-12-09,2025-04-29,"0.85%",-275,0.85,0
2025-12-09,2025-04-29,"1.10%",-250,1.1,0
2025-12-09,2025-04-29,"1.35%",-225,1.35,0
2025-12-09,2025-04-29,"1.60%",-200,1.6,0
2025-12-09,2025-04-29,"1.85%",-175,1.85,0
2025-12-09,2025-04-29,"2.10%",-150,2.1,0
2025-12-09,2025-04-29,"2.35%",-125,2.35,0.0181547102452981
2025-12-09,2025-04-29,"2.60%",-100,2.6,0.155936041455123
2025-12-09,2025-04-29,"2.85%",-75,2.85,0.409206370288936
2025-12-09,2025-04-29,"3.10%",-50,3.1,0.332974583373825
2025-12-09,2025-04-29,"3.35%",-25,3.35,0.0837282946368179
2025-12-09,2025-04-29,"3.60%",0,3.6,0
2025-12-09,2025-04-29,"3.85%",25,3.85,0
2025-12-09,2025-04-29,"4.10%",50,4.1,0
2025-12-09,2025-04-29,"4.35%",75,4.35,0
2025-12-09,2025-04-29,"4.60%",100,4.6,0
2025-12-09,2025-04-29,"4.85%",125,4.85,0
2025-12-09,2025-04-29,"5.10%",150,5.1,0
2025-12-09,2025-04-29,"5.35%",175,5.35,0
2025-12-09,2025-04-29,"5.60%",200,5.6,0
2025-12-09,2025-04-29,"5.85%",225,5.85,0
2025-12-09,2025-04-29,"6.10%",250,6.1,0
2025-12-09,2025-04-30,"0.10%",-300,0.1,0
2025-12-09,2025-04-30,"0.35%",-300,0.35,0
2025-12-09,2025-04-30,"0.60%",-300,0.6,0
2025-12-09,2025-04-30,"0.85%",-275,0.85,0
2025-12-09,2025-04-30,"1.10%",-250,1.1,0
2025-12-09,2025-04-30,"1.35%",-225,1.35,0
2025-12-09,2025-04-30,"1.60%",-200,1.6,0
2025-12-09,2025-04-30,"1.85%",-175,1.85,0
2025-12-09,2025-04-30,"2.10%",-150,2.1,0
2025-12-09,2025-04-30,"2.35%",-125,2.35,0.0159705792980346
2025-12-09,2025-04-30,"2.60%",-100,2.6,0.130885274737215
2025-12-09,2025-04-30,"2.85%",-75,2.85,0.36646855147181
2025-12-09,2025-04-30,"3.10%",-50,3.1,0.35461136726298
2025-12-09,2025-04-30,"3.35%",-25,3.35,0.118539847541829
2025-12-09,2025-04-30,"3.60%",0,3.6,0.0135243796881323
2025-12-09,2025-04-30,"3.85%",25,3.85,0
2025-12-09,2025-04-30,"4.10%",50,4.1,0
2025-12-09,2025-04-30,"4.35%",75,4.35,0
2025-12-09,2025-04-30,"4.60%",100,4.6,0
2025-12-09,2025-04-30,"4.85%",125,4.85,0
2025-12-09,2025-04-30,"5.10%",150,5.1,0
2025-12-09,2025-04-30,"5.35%",175,5.35,0
2025-12-09,2025-04-30,"5.60%",200,5.6,0
2025-12-09,2025-04-30,"5.85%",225,5.85,0
2025-12-09,2025-04-30,"6.10%",250,6.1,0
2025-12-09,2025-05-01,"0.10%",-300,0.1,0
2025-12-09,2025-05-01,"0.35%",-300,0.35,0
2025-12-09,2025-05-01,"0.60%",-300,0.6,0
2025-12-09,2025-05-01,"0.85%",-275,0.85,0
2025-12-09,2025-05-01,"1.10%",-250,1.1,0
2025-12-09,2025-05-01,"1.35%",-225,1.35,0
2025-12-09,2025-05-01,"1.60%",-200,1.6,0
2025-12-09,2025-05-01,"1.85%",-175,1.85,0
2025-12-09,2025-05-01,"2.10%",-150,2.1,0
2025-12-09,2025-05-01,"2.35%",-125,2.35,0.018955322032409
2025-12-09,2025-05-01,"2.60%",-100,2.6,0.134462140699507
2025-12-09,2025-05-01,"2.85%",-75,2.85,0.353611597504236
2025-12-09,2025-05-01,"3.10%",-50,3.1,0.347721582005543
2025-12-09,2025-05-01,"3.35%",-25,3.35,0.127833763366297
2025-12-09,2025-05-01,"3.60%",0,3.6,0.0174155943920079
2025-12-09,2025-05-01,"3.85%",25,3.85,0
2025-12-09,2025-05-01,"4.10%",50,4.1,0
2025-12-09,2025-05-01,"4.35%",75,4.35,0
2025-12-09,2025-05-01,"4.60%",100,4.6,0
2025-12-09,2025-05-01,"4.85%",125,4.85,0
2025-12-09,2025-05-01,"5.10%",150,5.1,0
2025-12-09,2025-05-01,"5.35%",175,5.35,0
2025-12-09,2025-05-01,"5.60%",200,5.6,0
2025-12-09,2025-05-01,"5.85%",225,5.85,0
2025-12-09,2025-05-01,"6.10%",250,6.1,0
2025-12-09,2025-05-02,"0.10%",-300,0.1,0
2025-12-09,2025-05-02,"0.35%",-300,0.35,0
2025-12-09,2025-05-02,"0.60%",-300,0.6,0
2025-12-09,2025-05-02,"0.85%",-275,0.85,0
2025-12-09,2025-05-02,"1.10%",-250,1.1,0
2025-12-09,2025-05-02,"1.35%",-225,1.35,0
2025-12-09,2025-05-02,"1.60%",-200,1.6,0
2025-12-09,2025-05-02,"1.85%",-175,1.85,0
2025-12-09,2025-05-02,"2.10%",-150,2.1,0
2025-12-09,2025-05-02,"2.35%",-125,2.35,0
2025-12-09,2025-05-02,"2.60%",-100,2.6,0.0890600664728969
2025-12-09,2025-05-02,"2.85%",-75,2.85,0.360961627700598
2025-12-09,2025-05-02,"3.10%",-50,3.1,0.408886003876791
2025-12-09,2025-05-02,"3.35%",-25,3.35,0.129798115720512
2025-12-09,2025-05-02,"3.60%",0,3.6,0.0112941862292023
2025-12-09,2025-05-02,"3.85%",25,3.85,0
2025-12-09,2025-05-02,"4.10%",50,4.1,0
2025-12-09,2025-05-02,"4.35%",75,4.35,0
2025-12-09,2025-05-02,"4.60%",100,4.6,0
2025-12-09,2025-05-02,"4.85%",125,4.85,0
2025-12-09,2025-05-02,"5.10%",150,5.1,0
2025-12-09,2025-05-02,"5.35%",175,5.35,0
2025-12-09,2025-05-02,"5.60%",200,5.6,0
2025-12-09,2025-05-02,"5.85%",225,5.85,0
2025-12-09,2025-05-02,"6.10%",250,6.1,0
2025-12-09,2025-05-05,"0.10%",-300,0.1,0
2025-12-09,2025-05-05,"0.35%",-300,0.35,0
2025-12-09,2025-05-05,"0.60%",-300,0.6,0
2025-12-09,2025-05-05,"0.85%",-275,0.85,0
2025-12-09,2025-05-05,"1.10%",-250,1.1,0
2025-12-09,2025-05-05,"1.35%",-225,1.35,0
2025-12-09,2025-05-05,"1.60%",-200,1.6,0
2025-12-09,2025-05-05,"1.85%",-175,1.85,0
2025-12-09,2025-05-05,"2.10%",-150,2.1,0
2025-12-09,2025-05-05,"2.35%",-125,2.35,0
2025-12-09,2025-05-05,"2.60%",-100,2.6,0.0514615102310912
2025-12-09,2025-05-05,"2.85%",-75,2.85,0.30149163415848
2025-12-09,2025-05-05,"3.10%",-50,3.1,0.453104210657147
2025-12-09,2025-05-05,"3.35%",-25,3.35,0.176518314104814
2025-12-09,2025-05-05,"3.60%",0,3.6,0.0174243308484674
2025-12-09,2025-05-05,"3.85%",25,3.85,0
2025-12-09,2025-05-05,"4.10%",50,4.1,0
2025-12-09,2025-05-05,"4.35%",75,4.35,0
2025-12-09,2025-05-05,"4.60%",100,4.6,0
2025-12-09,2025-05-05,"4.85%",125,4.85,0
2025-12-09,2025-05-05,"5.10%",150,5.1,0
2025-12-09,2025-05-05,"5.35%",175,5.35,0
2025-12-09,2025-05-05,"5.60%",200,5.6,0
2025-12-09,2025-05-05,"5.85%",225,5.85,0
2025-12-09,2025-05-05,"6.10%",250,6.1,0
2025-12-09,2025-05-06,"0.10%",-300,0.1,0
2025-12-09,2025-05-06,"0.35%",-300,0.35,0
2025-12-09,2025-05-06,"0.60%",-300,0.6,0
2025-12-09,2025-05-06,"0.85%",-275,0.85,0
2025-12-09,2025-05-06,"1.10%",-250,1.1,0
2025-12-09,2025-05-06,"1.35%",-225,1.35,0
2025-12-09,2025-05-06,"1.60%",-200,1.6,0
2025-12-09,2025-05-06,"1.85%",-175,1.85,0
2025-12-09,2025-05-06,"2.10%",-150,2.1,0
2025-12-09,2025-05-06,"2.35%",-125,2.35,0
2025-12-09,2025-05-06,"2.60%",-100,2.6,0.0524777284869008
2025-12-09,2025-05-06,"2.85%",-75,2.85,0.276126392875056
2025-12-09,2025-05-06,"3.10%",-50,3.1,0.435097906920061
2025-12-09,2025-05-06,"3.35%",-25,3.35,0.206956614012045
2025-12-09,2025-05-06,"3.60%",0,3.6,0.029341357705937
2025-12-09,2025-05-06,"3.85%",25,3.85,0
2025-12-09,2025-05-06,"4.10%",50,4.1,0
2025-12-09,2025-05-06,"4.35%",75,4.35,0
2025-12-09,2025-05-06,"4.60%",100,4.6,0
2025-12-09,2025-05-06,"4.85%",125,4.85,0
2025-12-09,2025-05-06,"5.10%",150,5.1,0
2025-12-09,2025-05-06,"5.35%",175,5.35,0
2025-12-09,2025-05-06,"5.60%",200,5.6,0
2025-12-09,2025-05-06,"5.85%",225,5.85,0
2025-12-09,2025-05-06,"6.10%",250,6.1,0
2025-12-09,2025-05-07,"0.10%",-300,0.1,0
2025-12-09,2025-05-07,"0.35%",-300,0.35,0
2025-12-09,2025-05-07,"0.60%",-300,0.6,0
2025-12-09,2025-05-07,"0.85%",-275,0.85,0
2025-12-09,2025-05-07,"1.10%",-250,1.1,0
2025-12-09,2025-05-07,"1.35%",-225,1.35,0
2025-12-09,2025-05-07,"1.60%",-200,1.6,0
2025-12-09,2025-05-07,"1.85%",-175,1.85,0
2025-12-09,2025-05-07,"2.10%",-150,2.1,0
2025-12-09,2025-05-07,"2.35%",-125,2.35,0
2025-12-09,2025-05-07,"2.60%",-100,2.6,0.0596697199463442
2025-12-09,2025-05-07,"2.85%",-75,2.85,0.357531781457497
2025-12-09,2025-05-07,"3.10%",-50,3.1,0.457000823579467
2025-12-09,2025-05-07,"3.35%",-25,3.35,0.125797675016691
2025-12-09,2025-05-07,"3.60%",0,3.6,0
2025-12-09,2025-05-07,"3.85%",25,3.85,0
2025-12-09,2025-05-07,"4.10%",50,4.1,0
2025-12-09,2025-05-07,"4.35%",75,4.35,0
2025-12-09,2025-05-07,"4.60%",100,4.6,0
2025-12-09,2025-05-07,"4.85%",125,4.85,0
2025-12-09,2025-05-07,"5.10%",150,5.1,0
2025-12-09,2025-05-07,"5.35%",175,5.35,0
2025-12-09,2025-05-07,"5.60%",200,5.6,0
2025-12-09,2025-05-07,"5.85%",225,5.85,0
2025-12-09,2025-05-07,"6.10%",250,6.1,0
2025-12-09,2025-05-08,"0.10%",-300,0.1,0
2025-12-09,2025-05-08,"0.35%",-300,0.35,0
2025-12-09,2025-05-08,"0.60%",-300,0.6,0
2025-12-09,2025-05-08,"0.85%",-275,0.85,0
2025-12-09,2025-05-08,"1.10%",-250,1.1,0
2025-12-09,2025-05-08,"1.35%",-225,1.35,0
2025-12-09,2025-05-08,"1.60%",-200,1.6,0
2025-12-09,2025-05-08,"1.85%",-175,1.85,0
2025-12-09,2025-05-08,"2.10%",-150,2.1,0
2025-12-09,2025-05-08,"2.35%",-125,2.35,0
2025-12-09,2025-05-08,"2.60%",-100,2.6,0.0409396134277471
2025-12-09,2025-05-08,"2.85%",-75,2.85,0.30675612470259
2025-12-09,2025-05-08,"3.10%",-50,3.1,0.480852170555991
2025-12-09,2025-05-08,"3.35%",-25,3.35,0.160490103277118
2025-12-09,2025-05-08,"3.60%",0,3.6,0.0109619880365541
2025-12-09,2025-05-08,"3.85%",25,3.85,0
2025-12-09,2025-05-08,"4.10%",50,4.1,0
2025-12-09,2025-05-08,"4.35%",75,4.35,0
2025-12-09,2025-05-08,"4.60%",100,4.6,0
2025-12-09,2025-05-08,"4.85%",125,4.85,0
2025-12-09,2025-05-08,"5.10%",150,5.1,0
2025-12-09,2025-05-08,"5.35%",175,5.35,0
2025-12-09,2025-05-08,"5.60%",200,5.6,0
2025-12-09,2025-05-08,"5.85%",225,5.85,0
2025-12-09,2025-05-08,"6.10%",250,6.1,0
2025-12-09,2025-05-09,"0.10%",-300,0.1,0
2025-12-09,2025-05-09,"0.35%",-300,0.35,0
2025-12-09,2025-05-09,"0.60%",-300,0.6,0
2025-12-09,2025-05-09,"0.85%",-275,0.85,0
2025-12-09,2025-05-09,"1.10%",-250,1.1,0
2025-12-09,2025-05-09,"1.35%",-225,1.35,0
2025-12-09,2025-05-09,"1.60%",-200,1.6,0
2025-12-09,2025-05-09,"1.85%",-175,1.85,0
2025-12-09,2025-05-09,"2.10%",-150,2.1,0
2025-12-09,2025-05-09,"2.35%",-125,2.35,0
2025-12-09,2025-05-09,"2.60%",-100,2.6,0.0211450943846764
2025-12-09,2025-05-09,"2.85%",-75,2.85,0.227202311488885
2025-12-09,2025-05-09,"3.10%",-50,3.1,0.498938933612097
2025-12-09,2025-05-09,"3.35%",-25,3.35,0.230868435454358
2025-12-09,2025-05-09,"3.60%",0,3.6,0.0218452250599835
2025-12-09,2025-05-09,"3.85%",25,3.85,0
2025-12-09,2025-05-09,"4.10%",50,4.1,0
2025-12-09,2025-05-09,"4.35%",75,4.35,0
2025-12-09,2025-05-09,"4.60%",100,4.6,0
2025-12-09,2025-05-09,"4.85%",125,4.85,0
2025-12-09,2025-05-09,"5.10%",150,5.1,0
2025-12-09,2025-05-09,"5.35%",175,5.35,0
2025-12-09,2025-05-09,"5.60%",200,5.6,0
2025-12-09,2025-05-09,"5.85%",225,5.85,0
2025-12-09,2025-05-09,"6.10%",250,6.1,0
2025-12-09,2025-05-12,"0.10%",-300,0.1,0
2025-12-09,2025-05-12,"0.35%",-300,0.35,0
2025-12-09,2025-05-12,"0.60%",-300,0.6,0
2025-12-09,2025-05-12,"0.85%",-275,0.85,0
2025-12-09,2025-05-12,"1.10%",-250,1.1,0
2025-12-09,2025-05-12,"1.35%",-225,1.35,0
2025-12-09,2025-05-12,"1.60%",-200,1.6,0
2025-12-09,2025-05-12,"1.85%",-175,1.85,0
2025-12-09,2025-05-12,"2.10%",-150,2.1,0
2025-12-09,2025-05-12,"2.35%",-125,2.35,0
2025-12-09,2025-05-12,"2.60%",-100,2.6,0.0108787231153947
2025-12-09,2025-05-12,"2.85%",-75,2.85,0.151959829112179
2025-12-09,2025-05-12,"3.10%",-50,3.1,0.464738344875472
2025-12-09,2025-05-12,"3.35%",-25,3.35,0.322350525444888
2025-12-09,2025-05-12,"3.60%",0,3.6,0.0500725774520657
2025-12-09,2025-05-12,"3.85%",25,3.85,0
2025-12-09,2025-05-12,"4.10%",50,4.1,0
2025-12-09,2025-05-12,"4.35%",75,4.35,0
2025-12-09,2025-05-12,"4.60%",100,4.6,0
2025-12-09,2025-05-12,"4.85%",125,4.85,0
2025-12-09,2025-05-12,"5.10%",150,5.1,0
2025-12-09,2025-05-12,"5.35%",175,5.35,0
2025-12-09,2025-05-12,"5.60%",200,5.6,0
2025-12-09,2025-05-12,"5.85%",225,5.85,0
2025-12-09,2025-05-12,"6.10%",250,6.1,0
2025-12-09,2025-05-13,"0.10%",-300,0.1,0
2025-12-09,2025-05-13,"0.35%",-300,0.35,0
2025-12-09,2025-05-13,"0.60%",-300,0.6,0
2025-12-09,2025-05-13,"0.85%",-275,0.85,0
2025-12-09,2025-05-13,"1.10%",-250,1.1,0
2025-12-09,2025-05-13,"1.35%",-225,1.35,0
2025-12-09,2025-05-13,"1.60%",-200,1.6,0
2025-12-09,2025-05-13,"1.85%",-175,1.85,0
2025-12-09,2025-05-13,"2.10%",-150,2.1,0
2025-12-09,2025-05-13,"2.35%",-125,2.35,0
2025-12-09,2025-05-13,"2.60%",-100,2.6,0
2025-12-09,2025-05-13,"2.85%",-75,2.85,0.0633289138296032
2025-12-09,2025-05-13,"3.10%",-50,3.1,0.348908782836438
2025-12-09,2025-05-13,"3.35%",-25,3.35,0.450413511362403
2025-12-09,2025-05-13,"3.60%",0,3.6,0.137348791971556
2025-12-09,2025-05-13,"3.85%",25,3.85,0
2025-12-09,2025-05-13,"4.10%",50,4.1,0
2025-12-09,2025-05-13,"4.35%",75,4.35,0
2025-12-09,2025-05-13,"4.60%",100,4.6,0
2025-12-09,2025-05-13,"4.85%",125,4.85,0
2025-12-09,2025-05-13,"5.10%",150,5.1,0
2025-12-09,2025-05-13,"5.35%",175,5.35,0
2025-12-09,2025-05-13,"5.60%",200,5.6,0
2025-12-09,2025-05-13,"5.85%",225,5.85,0
2025-12-09,2025-05-13,"6.10%",250,6.1,0
2025-12-09,2025-05-14,"0.10%",-300,0.1,0
2025-12-09,2025-05-14,"0.35%",-300,0.35,0
2025-12-09,2025-05-14,"0.60%",-300,0.6,0
2025-12-09,2025-05-14,"0.85%",-275,0.85,0
2025-12-09,2025-05-14,"1.10%",-250,1.1,0
2025-12-09,2025-05-14,"1.35%",-225,1.35,0
2025-12-09,2025-05-14,"1.60%",-200,1.6,0
2025-12-09,2025-05-14,"1.85%",-175,1.85,0
2025-12-09,2025-05-14,"2.10%",-150,2.1,0
2025-12-09,2025-05-14,"2.35%",-125,2.35,0
2025-12-09,2025-05-14,"2.60%",-100,2.6,0
2025-12-09,2025-05-14,"2.85%",-75,2.85,0.0599051645219913
2025-12-09,2025-05-14,"3.10%",-50,3.1,0.301874697882499
2025-12-09,2025-05-14,"3.35%",-25,3.35,0.435562899295052
2025-12-09,2025-05-14,"3.60%",0,3.6,0.181258088911513
2025-12-09,2025-05-14,"3.85%",25,3.85,0.0213991493889444
2025-12-09,2025-05-14,"4.10%",50,4.1,0
2025-12-09,2025-05-14,"4.35%",75,4.35,0
2025-12-09,2025-05-14,"4.60%",100,4.6,0
2025-12-09,2025-05-14,"4.85%",125,4.85,0
2025-12-09,2025-05-14,"5.10%",150,5.1,0
2025-12-09,2025-05-14,"5.35%",175,5.35,0
2025-12-09,2025-05-14,"5.60%",200,5.6,0
2025-12-09,2025-05-14,"5.85%",225,5.85,0
2025-12-09,2025-05-14,"6.10%",250,6.1,0
2025-12-09,2025-05-15,"0.10%",-300,0.1,0
2025-12-09,2025-05-15,"0.35%",-300,0.35,0
2025-12-09,2025-05-15,"0.60%",-300,0.6,0
2025-12-09,2025-05-15,"0.85%",-275,0.85,0
2025-12-09,2025-05-15,"1.10%",-250,1.1,0
2025-12-09,2025-05-15,"1.35%",-225,1.35,0
2025-12-09,2025-05-15,"1.60%",-200,1.6,0
2025-12-09,2025-05-15,"1.85%",-175,1.85,0
2025-12-09,2025-05-15,"2.10%",-150,2.1,0
2025-12-09,2025-05-15,"2.35%",-125,2.35,0
2025-12-09,2025-05-15,"2.60%",-100,2.6,0
2025-12-09,2025-05-15,"2.85%",-75,2.85,0.0343176206448414
2025-12-09,2025-05-15,"3.10%",-50,3.1,0.256917020732356
2025-12-09,2025-05-15,"3.35%",-25,3.35,0.470553061085485
2025-12-09,2025-05-15,"3.60%",0,3.6,0.214418212118904
2025-12-09,2025-05-15,"3.85%",25,3.85,0.0237940854184128
2025-12-09,2025-05-15,"4.10%",50,4.1,0
2025-12-09,2025-05-15,"4.35%",75,4.35,0
2025-12-09,2025-05-15,"4.60%",100,4.6,0
2025-12-09,2025-05-15,"4.85%",125,4.85,0
2025-12-09,2025-05-15,"5.10%",150,5.1,0
2025-12-09,2025-05-15,"5.35%",175,5.35,0
2025-12-09,2025-05-15,"5.60%",200,5.6,0
2025-12-09,2025-05-15,"5.85%",225,5.85,0
2025-12-09,2025-05-15,"6.10%",250,6.1,0
2025-12-09,2025-05-16,"0.10%",-300,0.1,0
2025-12-09,2025-05-16,"0.35%",-300,0.35,0
2025-12-09,2025-05-16,"0.60%",-300,0.6,0
2025-12-09,2025-05-16,"0.85%",-275,0.85,0
2025-12-09,2025-05-16,"1.10%",-250,1.1,0
2025-12-09,2025-05-16,"1.35%",-225,1.35,0
2025-12-09,2025-05-16,"1.60%",-200,1.6,0
2025-12-09,2025-05-16,"1.85%",-175,1.85,0
2025-12-09,2025-05-16,"2.10%",-150,2.1,0
2025-12-09,2025-05-16,"2.35%",-125,2.35,0
2025-12-09,2025-05-16,"2.60%",-100,2.6,0
2025-12-09,2025-05-16,"2.85%",-75,2.85,0.0426953310071448
2025-12-09,2025-05-16,"3.10%",-50,3.1,0.283951607628134
2025-12-09,2025-05-16,"3.35%",-25,3.35,0.464723782472129
2025-12-09,2025-05-16,"3.60%",0,3.6,0.189754255472205
2025-12-09,2025-05-16,"3.85%",25,3.85,0.018875023420387
2025-12-09,2025-05-16,"4.10%",50,4.1,0
2025-12-09,2025-05-16,"4.35%",75,4.35,0
2025-12-09,2025-05-16,"4.60%",100,4.6,0
2025-12-09,2025-05-16,"4.85%",125,4.85,0
2025-12-09,2025-05-16,"5.10%",150,5.1,0
2025-12-09,2025-05-16,"5.35%",175,5.35,0
2025-12-09,2025-05-16,"5.60%",200,5.6,0
2025-12-09,2025-05-16,"5.85%",225,5.85,0
2025-12-09,2025-05-16,"6.10%",250,6.1,0
2025-12-09,2025-05-19,"0.10%",-300,0.1,0
2025-12-09,2025-05-19,"0.35%",-300,0.35,0
2025-12-09,2025-05-19,"0.60%",-300,0.6,0
2025-12-09,2025-05-19,"0.85%",-275,0.85,0
2025-12-09,2025-05-19,"1.10%",-250,1.1,0
2025-12-09,2025-05-19,"1.35%",-225,1.35,0
2025-12-09,2025-05-19,"1.60%",-200,1.6,0
2025-12-09,2025-05-19,"1.85%",-175,1.85,0
2025-12-09,2025-05-19,"2.10%",-150,2.1,0
2025-12-09,2025-05-19,"2.35%",-125,2.35,0
2025-12-09,2025-05-19,"2.60%",-100,2.6,0
2025-12-09,2025-05-19,"2.85%",-75,2.85,0.0317680913007493
2025-12-09,2025-05-19,"3.10%",-50,3.1,0.242451251972822
2025-12-09,2025-05-19,"3.35%",-25,3.35,0.466691806605956
2025-12-09,2025-05-19,"3.60%",0,3.6,0.230428015496539
2025-12-09,2025-05-19,"3.85%",25,3.85,0.0286608346239336
2025-12-09,2025-05-19,"4.10%",50,4.1,0
2025-12-09,2025-05-19,"4.35%",75,4.35,0
2025-12-09,2025-05-19,"4.60%",100,4.6,0
2025-12-09,2025-05-19,"4.85%",125,4.85,0
2025-12-09,2025-05-19,"5.10%",150,5.1,0
2025-12-09,2025-05-19,"5.35%",175,5.35,0
2025-12-09,2025-05-19,"5.60%",200,5.6,0
2025-12-09,2025-05-19,"5.85%",225,5.85,0
2025-12-09,2025-05-19,"6.10%",250,6.1,0
2025-12-09,2025-05-20,"0.10%",-300,0.1,0
2025-12-09,2025-05-20,"0.35%",-300,0.35,0
2025-12-09,2025-05-20,"0.60%",-300,0.6,0
2025-12-09,2025-05-20,"0.85%",-275,0.85,0
2025-12-09,2025-05-20,"1.10%",-250,1.1,0
2025-12-09,2025-05-20,"1.35%",-225,1.35,0
2025-12-09,2025-05-20,"1.60%",-200,1.6,0
2025-12-09,2025-05-20,"1.85%",-175,1.85,0
2025-12-09,2025-05-20,"2.10%",-150,2.1,0
2025-12-09,2025-05-20,"2.35%",-125,2.35,0
2025-12-09,2025-05-20,"2.60%",-100,2.6,0
2025-12-09,2025-05-20,"2.85%",-75,2.85,0.140240935660298
2025-12-09,2025-05-20,"3.10%",-50,3.1,0.472810076161456
2025-12-09,2025-05-20,"3.35%",-25,3.35,0.336896875059285
2025-12-09,2025-05-20,"3.60%",0,3.6,0.050052113118961
2025-12-09,2025-05-20,"3.85%",25,3.85,0
2025-12-09,2025-05-20,"4.10%",50,4.1,0
2025-12-09,2025-05-20,"4.35%",75,4.35,0
2025-12-09,2025-05-20,"4.60%",100,4.6,0
2025-12-09,2025-05-20,"4.85%",125,4.85,0
2025-12-09,2025-05-20,"5.10%",150,5.1,0
2025-12-09,2025-05-20,"5.35%",175,5.35,0
2025-12-09,2025-05-20,"5.60%",200,5.6,0
2025-12-09,2025-05-20,"5.85%",225,5.85,0
2025-12-09,2025-05-20,"6.10%",250,6.1,0
2025-12-09,2025-05-21,"0.10%",-300,0.1,0
2025-12-09,2025-05-21,"0.35%",-300,0.35,0
2025-12-09,2025-05-21,"0.60%",-300,0.6,0
2025-12-09,2025-05-21,"0.85%",-275,0.85,0
2025-12-09,2025-05-21,"1.10%",-250,1.1,0
2025-12-09,2025-05-21,"1.35%",-225,1.35,0
2025-12-09,2025-05-21,"1.60%",-200,1.6,0
2025-12-09,2025-05-21,"1.85%",-175,1.85,0
2025-12-09,2025-05-21,"2.10%",-150,2.1,0
2025-12-09,2025-05-21,"2.35%",-125,2.35,0
2025-12-09,2025-05-21,"2.60%",-100,2.6,0
2025-12-09,2025-05-21,"2.85%",-75,2.85,0.156483155762421
2025-12-09,2025-05-21,"3.10%",-50,3.1,0.515989736476026
2025-12-09,2025-05-21,"3.35%",-25,3.35,0.298231567031263
2025-12-09,2025-05-21,"3.60%",0,3.6,0.0292955407302892
2025-12-09,2025-05-21,"3.85%",25,3.85,0
2025-12-09,2025-05-21,"4.10%",50,4.1,0
2025-12-09,2025-05-21,"4.35%",75,4.35,0
2025-12-09,2025-05-21,"4.60%",100,4.6,0
2025-12-09,2025-05-21,"4.85%",125,4.85,0
2025-12-09,2025-05-21,"5.10%",150,5.1,0
2025-12-09,2025-05-21,"5.35%",175,5.35,0
2025-12-09,2025-05-21,"5.60%",200,5.6,0
2025-12-09,2025-05-21,"5.85%",225,5.85,0
2025-12-09,2025-05-21,"6.10%",250,6.1,0
2025-12-09,2025-05-22,"0.10%",-300,0.1,0
2025-12-09,2025-05-22,"0.35%",-300,0.35,0
2025-12-09,2025-05-22,"0.60%",-300,0.6,0
2025-12-09,2025-05-22,"0.85%",-275,0.85,0
2025-12-09,2025-05-22,"1.10%",-250,1.1,0
2025-12-09,2025-05-22,"1.35%",-225,1.35,0
2025-12-09,2025-05-22,"1.60%",-200,1.6,0
2025-12-09,2025-05-22,"1.85%",-175,1.85,0
2025-12-09,2025-05-22,"2.10%",-150,2.1,0
2025-12-09,2025-05-22,"2.35%",-125,2.35,0
2025-12-09,2025-05-22,"2.60%",-100,2.6,0
2025-12-09,2025-05-22,"2.85%",-75,2.85,0.161721221176326
2025-12-09,2025-05-22,"3.10%",-50,3.1,0.511535334117569
2025-12-09,2025-05-22,"3.35%",-25,3.35,0.296220027592258
2025-12-09,2025-05-22,"3.60%",0,3.6,0.0305234171138474
2025-12-09,2025-05-22,"3.85%",25,3.85,0
2025-12-09,2025-05-22,"4.10%",50,4.1,0
2025-12-09,2025-05-22,"4.35%",75,4.35,0
2025-12-09,2025-05-22,"4.60%",100,4.6,0
2025-12-09,2025-05-22,"4.85%",125,4.85,0
2025-12-09,2025-05-22,"5.10%",150,5.1,0
2025-12-09,2025-05-22,"5.35%",175,5.35,0
2025-12-09,2025-05-22,"5.60%",200,5.6,0
2025-12-09,2025-05-22,"5.85%",225,5.85,0
2025-12-09,2025-05-22,"6.10%",250,6.1,0
2025-12-09,2025-05-23,"0.10%",-300,0.1,0
2025-12-09,2025-05-23,"0.35%",-300,0.35,0
2025-12-09,2025-05-23,"0.60%",-300,0.6,0
2025-12-09,2025-05-23,"0.85%",-275,0.85,0
2025-12-09,2025-05-23,"1.10%",-250,1.1,0
2025-12-09,2025-05-23,"1.35%",-225,1.35,0
2025-12-09,2025-05-23,"1.60%",-200,1.6,0
2025-12-09,2025-05-23,"1.85%",-175,1.85,0
2025-12-09,2025-05-23,"2.10%",-150,2.1,0
2025-12-09,2025-05-23,"2.35%",-125,2.35,0
2025-12-09,2025-05-23,"2.60%",-100,2.6,0.0132423425051455
2025-12-09,2025-05-23,"2.85%",-75,2.85,0.179399951005631
2025-12-09,2025-05-23,"3.10%",-50,3.1,0.491350744553125
2025-12-09,2025-05-23,"3.35%",-25,3.35,0.28261599525175
2025-12-09,2025-05-23,"3.60%",0,3.6,0.0333909666843486
2025-12-09,2025-05-23,"3.85%",25,3.85,0
2025-12-09,2025-05-23,"4.10%",50,4.1,0
2025-12-09,2025-05-23,"4.35%",75,4.35,0
2025-12-09,2025-05-23,"4.60%",100,4.6,0
2025-12-09,2025-05-23,"4.85%",125,4.85,0
2025-12-09,2025-05-23,"5.10%",150,5.1,0
2025-12-09,2025-05-23,"5.35%",175,5.35,0
2025-12-09,2025-05-23,"5.60%",200,5.6,0
2025-12-09,2025-05-23,"5.85%",225,5.85,0
2025-12-09,2025-05-23,"6.10%",250,6.1,0
2025-12-09,2025-05-25,"0.10%",-300,0.1,0
2025-12-09,2025-05-25,"0.35%",-300,0.35,0
2025-12-09,2025-05-25,"0.60%",-300,0.6,0
2025-12-09,2025-05-25,"0.85%",-275,0.85,0
2025-12-09,2025-05-25,"1.10%",-250,1.1,0
2025-12-09,2025-05-25,"1.35%",-225,1.35,0
2025-12-09,2025-05-25,"1.60%",-200,1.6,0
2025-12-09,2025-05-25,"1.85%",-175,1.85,0
2025-12-09,2025-05-25,"2.10%",-150,2.1,0
2025-12-09,2025-05-25,"2.35%",-125,2.35,0
2025-12-09,2025-05-25,"2.60%",-100,2.6,0.0121079471083076
2025-12-09,2025-05-25,"2.85%",-75,2.85,0.155473975424321
2025-12-09,2025-05-25,"3.10%",-50,3.1,0.458784355670771
2025-12-09,2025-05-25,"3.35%",-25,3.35,0.320983113553032
2025-12-09,2025-05-25,"3.60%",0,3.6,0.0526506082435676
2025-12-09,2025-05-25,"3.85%",25,3.85,0
2025-12-09,2025-05-25,"4.10%",50,4.1,0
2025-12-09,2025-05-25,"4.35%",75,4.35,0
2025-12-09,2025-05-25,"4.60%",100,4.6,0
2025-12-09,2025-05-25,"4.85%",125,4.85,0
2025-12-09,2025-05-25,"5.10%",150,5.1,0
2025-12-09,2025-05-25,"5.35%",175,5.35,0
2025-12-09,2025-05-25,"5.60%",200,5.6,0
2025-12-09,2025-05-25,"5.85%",225,5.85,0
2025-12-09,2025-05-25,"6.10%",250,6.1,0
2025-12-09,2025-05-26,"0.10%",-300,0.1,0
2025-12-09,2025-05-26,"0.35%",-300,0.35,0
2025-12-09,2025-05-26,"0.60%",-300,0.6,0
2025-12-09,2025-05-26,"0.85%",-275,0.85,0
2025-12-09,2025-05-26,"1.10%",-250,1.1,0
2025-12-09,2025-05-26,"1.35%",-225,1.35,0
2025-12-09,2025-05-26,"1.60%",-200,1.6,0
2025-12-09,2025-05-26,"1.85%",-175,1.85,0
2025-12-09,2025-05-26,"2.10%",-150,2.1,0
2025-12-09,2025-05-26,"2.35%",-125,2.35,0
2025-12-09,2025-05-26,"2.60%",-100,2.6,0.0439938294379966
2025-12-09,2025-05-26,"2.85%",-75,2.85,0.286739938920077
2025-12-09,2025-05-26,"3.10%",-50,3.1,0.462979277004796
2025-12-09,2025-05-26,"3.35%",-25,3.35,0.187643454015875
2025-12-09,2025-05-26,"3.60%",0,3.6,0.0186435006212556
2025-12-09,2025-05-26,"3.85%",25,3.85,0
2025-12-09,2025-05-26,"4.10%",50,4.1,0
2025-12-09,2025-05-26,"4.35%",75,4.35,0
2025-12-09,2025-05-26,"4.60%",100,4.6,0
2025-12-09,2025-05-26,"4.85%",125,4.85,0
2025-12-09,2025-05-26,"5.10%",150,5.1,0
2025-12-09,2025-05-26,"5.35%",175,5.35,0
2025-12-09,2025-05-26,"5.60%",200,5.6,0
2025-12-09,2025-05-26,"5.85%",225,5.85,0
2025-12-09,2025-05-26,"6.10%",250,6.1,0
2025-12-09,2025-05-27,"0.10%",-300,0.1,0
2025-12-09,2025-05-27,"0.35%",-300,0.35,0
2025-12-09,2025-05-27,"0.60%",-300,0.6,0
2025-12-09,2025-05-27,"0.85%",-275,0.85,0
2025-12-09,2025-05-27,"1.10%",-250,1.1,0
2025-12-09,2025-05-27,"1.35%",-225,1.35,0
2025-12-09,2025-05-27,"1.60%",-200,1.6,0
2025-12-09,2025-05-27,"1.85%",-175,1.85,0
2025-12-09,2025-05-27,"2.10%",-150,2.1,0
2025-12-09,2025-05-27,"2.35%",-125,2.35,0
2025-12-09,2025-05-27,"2.60%",-100,2.6,0.0372683872446023
2025-12-09,2025-05-27,"2.85%",-75,2.85,0.2862019117872
2025-12-09,2025-05-27,"3.10%",-50,3.1,0.481331052684157
2025-12-09,2025-05-27,"3.35%",-25,3.35,0.180575197577143
2025-12-09,2025-05-27,"3.60%",0,3.6,0.0146234507068989
2025-12-09,2025-05-27,"3.85%",25,3.85,0
2025-12-09,2025-05-27,"4.10%",50,4.1,0
2025-12-09,2025-05-27,"4.35%",75,4.35,0
2025-12-09,2025-05-27,"4.60%",100,4.6,0
2025-12-09,2025-05-27,"4.85%",125,4.85,0
2025-12-09,2025-05-27,"5.10%",150,5.1,0
2025-12-09,2025-05-27,"5.35%",175,5.35,0
2025-12-09,2025-05-27,"5.60%",200,5.6,0
2025-12-09,2025-05-27,"5.85%",225,5.85,0
2025-12-09,2025-05-27,"6.10%",250,6.1,0
2025-12-09,2025-05-28,"0.10%",-300,0.1,0
2025-12-09,2025-05-28,"0.35%",-300,0.35,0
2025-12-09,2025-05-28,"0.60%",-300,0.6,0
2025-12-09,2025-05-28,"0.85%",-275,0.85,0
2025-12-09,2025-05-28,"1.10%",-250,1.1,0
2025-12-09,2025-05-28,"1.35%",-225,1.35,0
2025-12-09,2025-05-28,"1.60%",-200,1.6,0
2025-12-09,2025-05-28,"1.85%",-175,1.85,0
2025-12-09,2025-05-28,"2.10%",-150,2.1,0
2025-12-09,2025-05-28,"2.35%",-125,2.35,0
2025-12-09,2025-05-28,"2.60%",-100,2.6,0.0123722285025857
2025-12-09,2025-05-28,"2.85%",-75,2.85,0.169656652908008
2025-12-09,2025-05-28,"3.10%",-50,3.1,0.483065004942523
2025-12-09,2025-05-28,"3.35%",-25,3.35,0.296427464979334
2025-12-09,2025-05-28,"3.60%",0,3.6,0.0384786486675497
2025-12-09,2025-05-28,"3.85%",25,3.85,0
2025-12-09,2025-05-28,"4.10%",50,4.1,0
2025-12-09,2025-05-28,"4.35%",75,4.35,0
2025-12-09,2025-05-28,"4.60%",100,4.6,0
2025-12-09,2025-05-28,"4.85%",125,4.85,0
2025-12-09,2025-05-28,"5.10%",150,5.1,0
2025-12-09,2025-05-28,"5.35%",175,5.35,0
2025-12-09,2025-05-28,"5.60%",200,5.6,0
2025-12-09,2025-05-28,"5.85%",225,5.85,0
2025-12-09,2025-05-28,"6.10%",250,6.1,0
2025-12-09,2025-05-29,"0.10%",-300,0.1,0
2025-12-09,2025-05-29,"0.35%",-300,0.35,0
2025-12-09,2025-05-29,"0.60%",-300,0.6,0
2025-12-09,2025-05-29,"0.85%",-275,0.85,0
2025-12-09,2025-05-29,"1.10%",-250,1.1,0
2025-12-09,2025-05-29,"1.35%",-225,1.35,0
2025-12-09,2025-05-29,"1.60%",-200,1.6,0
2025-12-09,2025-05-29,"1.85%",-175,1.85,0
2025-12-09,2025-05-29,"2.10%",-150,2.1,0
2025-12-09,2025-05-29,"2.35%",-125,2.35,0
2025-12-09,2025-05-29,"2.60%",-100,2.6,0.0228165564482329
2025-12-09,2025-05-29,"2.85%",-75,2.85,0.287463364442823
2025-12-09,2025-05-29,"3.10%",-50,3.1,0.535606392273153
2025-12-09,2025-05-29,"3.35%",-25,3.35,0.15411368683579
2025-12-09,2025-05-29,"3.60%",0,3.6,0
2025-12-09,2025-05-29,"3.85%",25,3.85,0
2025-12-09,2025-05-29,"4.10%",50,4.1,0
2025-12-09,2025-05-29,"4.35%",75,4.35,0
2025-12-09,2025-05-29,"4.60%",100,4.6,0
2025-12-09,2025-05-29,"4.85%",125,4.85,0
2025-12-09,2025-05-29,"5.10%",150,5.1,0
2025-12-09,2025-05-29,"5.35%",175,5.35,0
2025-12-09,2025-05-29,"5.60%",200,5.6,0
2025-12-09,2025-05-29,"5.85%",225,5.85,0
2025-12-09,2025-05-29,"6.10%",250,6.1,0
2025-12-09,2025-06-01,"0.10%",-300,0.1,0
2025-12-09,2025-06-01,"0.35%",-300,0.35,0
2025-12-09,2025-06-01,"0.60%",-300,0.6,0
2025-12-09,2025-06-01,"0.85%",-275,0.85,0
2025-12-09,2025-06-01,"1.10%",-250,1.1,0
2025-12-09,2025-06-01,"1.35%",-225,1.35,0
2025-12-09,2025-06-01,"1.60%",-200,1.6,0
2025-12-09,2025-06-01,"1.85%",-175,1.85,0
2025-12-09,2025-06-01,"2.10%",-150,2.1,0
2025-12-09,2025-06-01,"2.35%",-125,2.35,0
2025-12-09,2025-06-01,"2.60%",-100,2.6,0.0146417314661854
2025-12-09,2025-06-01,"2.85%",-75,2.85,0.279531332276115
2025-12-09,2025-06-01,"3.10%",-50,3.1,0.57104655869562
2025-12-09,2025-06-01,"3.35%",-25,3.35,0.134780377562079
2025-12-09,2025-06-01,"3.60%",0,3.6,0
2025-12-09,2025-06-01,"3.85%",25,3.85,0
2025-12-09,2025-06-01,"4.10%",50,4.1,0
2025-12-09,2025-06-01,"4.35%",75,4.35,0
2025-12-09,2025-06-01,"4.60%",100,4.6,0
2025-12-09,2025-06-01,"4.85%",125,4.85,0
2025-12-09,2025-06-01,"5.10%",150,5.1,0
2025-12-09,2025-06-01,"5.35%",175,5.35,0
2025-12-09,2025-06-01,"5.60%",200,5.6,0
2025-12-09,2025-06-01,"5.85%",225,5.85,0
2025-12-09,2025-06-01,"6.10%",250,6.1,0
2025-12-09,2025-06-02,"0.10%",-300,0.1,0
2025-12-09,2025-06-02,"0.35%",-300,0.35,0
2025-12-09,2025-06-02,"0.60%",-300,0.6,0
2025-12-09,2025-06-02,"0.85%",-275,0.85,0
2025-12-09,2025-06-02,"1.10%",-250,1.1,0
2025-12-09,2025-06-02,"1.35%",-225,1.35,0
2025-12-09,2025-06-02,"1.60%",-200,1.6,0
2025-12-09,2025-06-02,"1.85%",-175,1.85,0
2025-12-09,2025-06-02,"2.10%",-150,2.1,0
2025-12-09,2025-06-02,"2.35%",-125,2.35,0
2025-12-09,2025-06-02,"2.60%",-100,2.6,0
2025-12-09,2025-06-02,"2.85%",-75,2.85,0.214475533880348
2025-12-09,2025-06-02,"3.10%",-50,3.1,0.60716196510659
2025-12-09,2025-06-02,"3.35%",-25,3.35,0.178362501013063
2025-12-09,2025-06-02,"3.60%",0,3.6,0
2025-12-09,2025-06-02,"3.85%",25,3.85,0
2025-12-09,2025-06-02,"4.10%",50,4.1,0
2025-12-09,2025-06-02,"4.35%",75,4.35,0
2025-12-09,2025-06-02,"4.60%",100,4.6,0
2025-12-09,2025-06-02,"4.85%",125,4.85,0
2025-12-09,2025-06-02,"5.10%",150,5.1,0
2025-12-09,2025-06-02,"5.35%",175,5.35,0
2025-12-09,2025-06-02,"5.60%",200,5.6,0
2025-12-09,2025-06-02,"5.85%",225,5.85,0
2025-12-09,2025-06-02,"6.10%",250,6.1,0
2025-12-09,2025-06-03,"0.10%",-300,0.1,0
2025-12-09,2025-06-03,"0.35%",-300,0.35,0
2025-12-09,2025-06-03,"0.60%",-300,0.6,0
2025-12-09,2025-06-03,"0.85%",-275,0.85,0
2025-12-09,2025-06-03,"1.10%",-250,1.1,0
2025-12-09,2025-06-03,"1.35%",-225,1.35,0
2025-12-09,2025-06-03,"1.60%",-200,1.6,0
2025-12-09,2025-06-03,"1.85%",-175,1.85,0
2025-12-09,2025-06-03,"2.10%",-150,2.1,0
2025-12-09,2025-06-03,"2.35%",-125,2.35,0
2025-12-09,2025-06-03,"2.60%",-100,2.6,0.054213028068171
2025-12-09,2025-06-03,"2.85%",-75,2.85,0.324939903151097
2025-12-09,2025-06-03,"3.10%",-50,3.1,0.45687140189815
2025-12-09,2025-06-03,"3.35%",-25,3.35,0.15231048543247
2025-12-09,2025-06-03,"3.60%",0,3.6,0.0116651814501125
2025-12-09,2025-06-03,"3.85%",25,3.85,0
2025-12-09,2025-06-03,"4.10%",50,4.1,0
2025-12-09,2025-06-03,"4.35%",75,4.35,0
2025-12-09,2025-06-03,"4.60%",100,4.6,0
2025-12-09,2025-06-03,"4.85%",125,4.85,0
2025-12-09,2025-06-03,"5.10%",150,5.1,0
2025-12-09,2025-06-03,"5.35%",175,5.35,0
2025-12-09,2025-06-03,"5.60%",200,5.6,0
2025-12-09,2025-06-03,"5.85%",225,5.85,0
2025-12-09,2025-06-03,"6.10%",250,6.1,0
2025-12-09,2025-06-04,"0.10%",-300,0.1,0
2025-12-09,2025-06-04,"0.35%",-300,0.35,0
2025-12-09,2025-06-04,"0.60%",-300,0.6,0
2025-12-09,2025-06-04,"0.85%",-275,0.85,0
2025-12-09,2025-06-04,"1.10%",-250,1.1,0
2025-12-09,2025-06-04,"1.35%",-225,1.35,0
2025-12-09,2025-06-04,"1.60%",-200,1.6,0
2025-12-09,2025-06-04,"1.85%",-175,1.85,0
2025-12-09,2025-06-04,"2.10%",-150,2.1,0
2025-12-09,2025-06-04,"2.35%",-125,2.35,0
2025-12-09,2025-06-04,"2.60%",-100,2.6,0.0851086005860295
2025-12-09,2025-06-04,"2.85%",-75,2.85,0.335782127598613
2025-12-09,2025-06-04,"3.10%",-50,3.1,0.408180051338973
2025-12-09,2025-06-04,"3.35%",-25,3.35,0.153380473038252
2025-12-09,2025-06-04,"3.60%",0,3.6,0.0175487474381329
2025-12-09,2025-06-04,"3.85%",25,3.85,0
2025-12-09,2025-06-04,"4.10%",50,4.1,0
2025-12-09,2025-06-04,"4.35%",75,4.35,0
2025-12-09,2025-06-04,"4.60%",100,4.6,0
2025-12-09,2025-06-04,"4.85%",125,4.85,0
2025-12-09,2025-06-04,"5.10%",150,5.1,0
2025-12-09,2025-06-04,"5.35%",175,5.35,0
2025-12-09,2025-06-04,"5.60%",200,5.6,0
2025-12-09,2025-06-04,"5.85%",225,5.85,0
2025-12-09,2025-06-04,"6.10%",250,6.1,0
2025-12-09,2025-06-05,"0.10%",-300,0.1,0
2025-12-09,2025-06-05,"0.35%",-300,0.35,0
2025-12-09,2025-06-05,"0.60%",-300,0.6,0
2025-12-09,2025-06-05,"0.85%",-275,0.85,0
2025-12-09,2025-06-05,"1.10%",-250,1.1,0
2025-12-09,2025-06-05,"1.35%",-225,1.35,0
2025-12-09,2025-06-05,"1.60%",-200,1.6,0
2025-12-09,2025-06-05,"1.85%",-175,1.85,0
2025-12-09,2025-06-05,"2.10%",-150,2.1,0
2025-12-09,2025-06-05,"2.35%",-125,2.35,0
2025-12-09,2025-06-05,"2.60%",-100,2.6,0.0575190921736473
2025-12-09,2025-06-05,"2.85%",-75,2.85,0.304453416466097
2025-12-09,2025-06-05,"3.10%",-50,3.1,0.441693682901844
2025-12-09,2025-06-05,"3.35%",-25,3.35,0.177083963666819
2025-12-09,2025-06-05,"3.60%",0,3.6,0.0192498447915928
2025-12-09,2025-06-05,"3.85%",25,3.85,0
2025-12-09,2025-06-05,"4.10%",50,4.1,0
2025-12-09,2025-06-05,"4.35%",75,4.35,0
2025-12-09,2025-06-05,"4.60%",100,4.6,0
2025-12-09,2025-06-05,"4.85%",125,4.85,0
2025-12-09,2025-06-05,"5.10%",150,5.1,0
2025-12-09,2025-06-05,"5.35%",175,5.35,0
2025-12-09,2025-06-05,"5.60%",200,5.6,0
2025-12-09,2025-06-05,"5.85%",225,5.85,0
2025-12-09,2025-06-05,"6.10%",250,6.1,0
2025-12-09,2025-06-08,"0.10%",-300,0.1,0
2025-12-09,2025-06-08,"0.35%",-300,0.35,0
2025-12-09,2025-06-08,"0.60%",-300,0.6,0
2025-12-09,2025-06-08,"0.85%",-275,0.85,0
2025-12-09,2025-06-08,"1.10%",-250,1.1,0
2025-12-09,2025-06-08,"1.35%",-225,1.35,0
2025-12-09,2025-06-08,"1.60%",-200,1.6,0
2025-12-09,2025-06-08,"1.85%",-175,1.85,0
2025-12-09,2025-06-08,"2.10%",-150,2.1,0.020130618317277
2025-12-09,2025-06-08,"2.35%",-125,2.35,0.0592655348809814
2025-12-09,2025-06-08,"2.60%",-100,2.6,0.127130595565047
2025-12-09,2025-06-08,"2.85%",-75,2.85,0.198742243991208
2025-12-09,2025-06-08,"3.10%",-50,3.1,0.226452206114189
2025-12-09,2025-06-08,"3.35%",-25,3.35,0.188072458882272
2025-12-09,2025-06-08,"3.60%",0,3.6,0.113844844503786
2025-12-09,2025-06-08,"3.85%",25,3.85,0.0502204514899381
2025-12-09,2025-06-08,"4.10%",50,4.1,0.016141046255301
2025-12-09,2025-06-08,"4.35%",75,4.35,0
2025-12-09,2025-06-08,"4.60%",100,4.6,0
2025-12-09,2025-06-08,"4.85%",125,4.85,0
2025-12-09,2025-06-08,"5.10%",150,5.1,0
2025-12-09,2025-06-08,"5.35%",175,5.35,0
2025-12-09,2025-06-08,"5.60%",200,5.6,0
2025-12-09,2025-06-08,"5.85%",225,5.85,0
2025-12-09,2025-06-08,"6.10%",250,6.1,0
2025-12-09,2025-06-09,"0.10%",-300,0.1,0
2025-12-09,2025-06-09,"0.35%",-300,0.35,0
2025-12-09,2025-06-09,"0.60%",-300,0.6,0
2025-12-09,2025-06-09,"0.85%",-275,0.85,0
2025-12-09,2025-06-09,"1.10%",-250,1.1,0
2025-12-09,2025-06-09,"1.35%",-225,1.35,0
2025-12-09,2025-06-09,"1.60%",-200,1.6,0
2025-12-09,2025-06-09,"1.85%",-175,1.85,0.0155746947652282
2025-12-09,2025-06-09,"2.10%",-150,2.1,0.0376506240840543
2025-12-09,2025-06-09,"2.35%",-125,2.35,0.0747470428544053
2025-12-09,2025-06-09,"2.60%",-100,2.6,0.12187205173991
2025-12-09,2025-06-09,"2.85%",-75,2.85,0.163198570071547
2025-12-09,2025-06-09,"3.10%",-50,3.1,0.179489509631995
2025-12-09,2025-06-09,"3.35%",-25,3.35,0.162134349855559
2025-12-09,2025-06-09,"3.60%",0,3.6,0.120287723172869
2025-12-09,2025-06-09,"3.85%",25,3.85,0.0732941513913172
2025-12-09,2025-06-09,"4.10%",50,4.1,0.0366779501612397
2025-12-09,2025-06-09,"4.35%",75,4.35,0.0150733322718751
2025-12-09,2025-06-09,"4.60%",100,4.6,0
2025-12-09,2025-06-09,"4.85%",125,4.85,0
2025-12-09,2025-06-09,"5.10%",150,5.1,0
2025-12-09,2025-06-09,"5.35%",175,5.35,0
2025-12-09,2025-06-09,"5.60%",200,5.6,0
2025-12-09,2025-06-09,"5.85%",225,5.85,0
2025-12-09,2025-06-09,"6.10%",250,6.1,0
2025-12-09,2025-06-10,"0.10%",-300,0.1,0
2025-12-09,2025-06-10,"0.35%",-300,0.35,0
2025-12-09,2025-06-10,"0.60%",-300,0.6,0
2025-12-09,2025-06-10,"0.85%",-275,0.85,0
2025-12-09,2025-06-10,"1.10%",-250,1.1,0
2025-12-09,2025-06-10,"1.35%",-225,1.35,0
2025-12-09,2025-06-10,"1.60%",-200,1.6,0
2025-12-09,2025-06-10,"1.85%",-175,1.85,0
2025-12-09,2025-06-10,"2.10%",-150,2.1,0
2025-12-09,2025-06-10,"2.35%",-125,2.35,0
2025-12-09,2025-06-10,"2.60%",-100,2.6,0
2025-12-09,2025-06-10,"2.85%",-75,2.85,0.17678174643093
2025-12-09,2025-06-10,"3.10%",-50,3.1,0.554004656443245
2025-12-09,2025-06-10,"3.35%",-25,3.35,0.253285032139429
2025-12-09,2025-06-10,"3.60%",0,3.6,0.0159285649863972
2025-12-09,2025-06-10,"3.85%",25,3.85,0
2025-12-09,2025-06-10,"4.10%",50,4.1,0
2025-12-09,2025-06-10,"4.35%",75,4.35,0
2025-12-09,2025-06-10,"4.60%",100,4.6,0
2025-12-09,2025-06-10,"4.85%",125,4.85,0
2025-12-09,2025-06-10,"5.10%",150,5.1,0
2025-12-09,2025-06-10,"5.35%",175,5.35,0
2025-12-09,2025-06-10,"5.60%",200,5.6,0
2025-12-09,2025-06-10,"5.85%",225,5.85,0
2025-12-09,2025-06-10,"6.10%",250,6.1,0
2025-12-09,2025-06-11,"0.10%",-300,0.1,0
2025-12-09,2025-06-11,"0.35%",-300,0.35,0
2025-12-09,2025-06-11,"0.60%",-300,0.6,0
2025-12-09,2025-06-11,"0.85%",-275,0.85,0
2025-12-09,2025-06-11,"1.10%",-250,1.1,0
2025-12-09,2025-06-11,"1.35%",-225,1.35,0
2025-12-09,2025-06-11,"1.60%",-200,1.6,0
2025-12-09,2025-06-11,"1.85%",-175,1.85,0
2025-12-09,2025-06-11,"2.10%",-150,2.1,0
2025-12-09,2025-06-11,"2.35%",-125,2.35,0
2025-12-09,2025-06-11,"2.60%",-100,2.6,0.0187334932257388
2025-12-09,2025-06-11,"2.85%",-75,2.85,0.231027254212723
2025-12-09,2025-06-11,"3.10%",-50,3.1,0.516324784803453
2025-12-09,2025-06-11,"3.35%",-25,3.35,0.217372878275716
2025-12-09,2025-06-11,"3.60%",0,3.6,0.0165415894823698
2025-12-09,2025-06-11,"3.85%",25,3.85,0
2025-12-09,2025-06-11,"4.10%",50,4.1,0
2025-12-09,2025-06-11,"4.35%",75,4.35,0
2025-12-09,2025-06-11,"4.60%",100,4.6,0
2025-12-09,2025-06-11,"4.85%",125,4.85,0
2025-12-09,2025-06-11,"5.10%",150,5.1,0
2025-12-09,2025-06-11,"5.35%",175,5.35,0
2025-12-09,2025-06-11,"5.60%",200,5.6,0
2025-12-09,2025-06-11,"5.85%",225,5.85,0
2025-12-09,2025-06-11,"6.10%",250,6.1,0
2025-12-09,2025-06-12,"0.10%",-300,0.1,0
2025-12-09,2025-06-12,"0.35%",-300,0.35,0
2025-12-09,2025-06-12,"0.60%",-300,0.6,0
2025-12-09,2025-06-12,"0.85%",-275,0.85,0
2025-12-09,2025-06-12,"1.10%",-250,1.1,0
2025-12-09,2025-06-12,"1.35%",-225,1.35,0
2025-12-09,2025-06-12,"1.60%",-200,1.6,0
2025-12-09,2025-06-12,"1.85%",-175,1.85,0
2025-12-09,2025-06-12,"2.10%",-150,2.1,0
2025-12-09,2025-06-12,"2.35%",-125,2.35,0
2025-12-09,2025-06-12,"2.60%",-100,2.6,0.0260193513964191
2025-12-09,2025-06-12,"2.85%",-75,2.85,0.3069126230598
2025-12-09,2025-06-12,"3.10%",-50,3.1,0.528731060155037
2025-12-09,2025-06-12,"3.35%",-25,3.35,0.138336965388744
2025-12-09,2025-06-12,"3.60%",0,3.6,0
2025-12-09,2025-06-12,"3.85%",25,3.85,0
2025-12-09,2025-06-12,"4.10%",50,4.1,0
2025-12-09,2025-06-12,"4.35%",75,4.35,0
2025-12-09,2025-06-12,"4.60%",100,4.6,0
2025-12-09,2025-06-12,"4.85%",125,4.85,0
2025-12-09,2025-06-12,"5.10%",150,5.1,0
2025-12-09,2025-06-12,"5.35%",175,5.35,0
2025-12-09,2025-06-12,"5.60%",200,5.6,0
2025-12-09,2025-06-12,"5.85%",225,5.85,0
2025-12-09,2025-06-12,"6.10%",250,6.1,0
2025-12-09,2025-06-15,"0.10%",-300,0.1,0
2025-12-09,2025-06-15,"0.35%",-300,0.35,0
2025-12-09,2025-06-15,"0.60%",-300,0.6,0
2025-12-09,2025-06-15,"0.85%",-275,0.85,0
2025-12-09,2025-06-15,"1.10%",-250,1.1,0
2025-12-09,2025-06-15,"1.35%",-225,1.35,0
2025-12-09,2025-06-15,"1.60%",-200,1.6,0
2025-12-09,2025-06-15,"1.85%",-175,1.85,0
2025-12-09,2025-06-15,"2.10%",-150,2.1,0
2025-12-09,2025-06-15,"2.35%",-125,2.35,0
2025-12-09,2025-06-15,"2.60%",-100,2.6,0.0643657050033222
2025-12-09,2025-06-15,"2.85%",-75,2.85,0.320361124343761
2025-12-09,2025-06-15,"3.10%",-50,3.1,0.435738659747944
2025-12-09,2025-06-15,"3.35%",-25,3.35,0.16308006716126
2025-12-09,2025-06-15,"3.60%",0,3.6,0.0164544437437128
2025-12-09,2025-06-15,"3.85%",25,3.85,0
2025-12-09,2025-06-15,"4.10%",50,4.1,0
2025-12-09,2025-06-15,"4.35%",75,4.35,0
2025-12-09,2025-06-15,"4.60%",100,4.6,0
2025-12-09,2025-06-15,"4.85%",125,4.85,0
2025-12-09,2025-06-15,"5.10%",150,5.1,0
2025-12-09,2025-06-15,"5.35%",175,5.35,0
2025-12-09,2025-06-15,"5.60%",200,5.6,0
2025-12-09,2025-06-15,"5.85%",225,5.85,0
2025-12-09,2025-06-15,"6.10%",250,6.1,0
2025-12-09,2025-06-16,"0.10%",-300,0.1,0
2025-12-09,2025-06-16,"0.35%",-300,0.35,0
2025-12-09,2025-06-16,"0.60%",-300,0.6,0
2025-12-09,2025-06-16,"0.85%",-275,0.85,0
2025-12-09,2025-06-16,"1.10%",-250,1.1,0
2025-12-09,2025-06-16,"1.35%",-225,1.35,0
2025-12-09,2025-06-16,"1.60%",-200,1.6,0
2025-12-09,2025-06-16,"1.85%",-175,1.85,0
2025-12-09,2025-06-16,"2.10%",-150,2.1,0
2025-12-09,2025-06-16,"2.35%",-125,2.35,0
2025-12-09,2025-06-16,"2.60%",-100,2.6,0.0424070828716369
2025-12-09,2025-06-16,"2.85%",-75,2.85,0.229932666465969
2025-12-09,2025-06-16,"3.10%",-50,3.1,0.418000730258417
2025-12-09,2025-06-16,"3.35%",-25,3.35,0.256723663396591
2025-12-09,2025-06-16,"3.60%",0,3.6,0.0529358570073858
2025-12-09,2025-06-16,"3.85%",25,3.85,0
2025-12-09,2025-06-16,"4.10%",50,4.1,0
2025-12-09,2025-06-16,"4.35%",75,4.35,0
2025-12-09,2025-06-16,"4.60%",100,4.6,0
2025-12-09,2025-06-16,"4.85%",125,4.85,0
2025-12-09,2025-06-16,"5.10%",150,5.1,0
2025-12-09,2025-06-16,"5.35%",175,5.35,0
2025-12-09,2025-06-16,"5.60%",200,5.6,0
2025-12-09,2025-06-16,"5.85%",225,5.85,0
2025-12-09,2025-06-16,"6.10%",250,6.1,0
2025-12-09,2025-06-17,"0.10%",-300,0.1,0
2025-12-09,2025-06-17,"0.35%",-300,0.35,0
2025-12-09,2025-06-17,"0.60%",-300,0.6,0
2025-12-09,2025-06-17,"0.85%",-275,0.85,0
2025-12-09,2025-06-17,"1.10%",-250,1.1,0
2025-12-09,2025-06-17,"1.35%",-225,1.35,0
2025-12-09,2025-06-17,"1.60%",-200,1.6,0
2025-12-09,2025-06-17,"1.85%",-175,1.85,0
2025-12-09,2025-06-17,"2.10%",-150,2.1,0
2025-12-09,2025-06-17,"2.35%",-125,2.35,0
2025-12-09,2025-06-17,"2.60%",-100,2.6,0.0328049178525486
2025-12-09,2025-06-17,"2.85%",-75,2.85,0.23947963846961
2025-12-09,2025-06-17,"3.10%",-50,3.1,0.459923869183248
2025-12-09,2025-06-17,"3.35%",-25,3.35,0.235955346666845
2025-12-09,2025-06-17,"3.60%",0,3.6,0.0318362278277483
2025-12-09,2025-06-17,"3.85%",25,3.85,0
2025-12-09,2025-06-17,"4.10%",50,4.1,0
2025-12-09,2025-06-17,"4.35%",75,4.35,0
2025-12-09,2025-06-17,"4.60%",100,4.6,0
2025-12-09,2025-06-17,"4.85%",125,4.85,0
2025-12-09,2025-06-17,"5.10%",150,5.1,0
2025-12-09,2025-06-17,"5.35%",175,5.35,0
2025-12-09,2025-06-17,"5.60%",200,5.6,0
2025-12-09,2025-06-17,"5.85%",225,5.85,0
2025-12-09,2025-06-17,"6.10%",250,6.1,0
2025-12-09,2025-06-18,"0.10%",-300,0.1,0
2025-12-09,2025-06-18,"0.35%",-300,0.35,0
2025-12-09,2025-06-18,"0.60%",-300,0.6,0
2025-12-09,2025-06-18,"0.85%",-275,0.85,0
2025-12-09,2025-06-18,"1.10%",-250,1.1,0
2025-12-09,2025-06-18,"1.35%",-225,1.35,0
2025-12-09,2025-06-18,"1.60%",-200,1.6,0
2025-12-09,2025-06-18,"1.85%",-175,1.85,0
2025-12-09,2025-06-18,"2.10%",-150,2.1,0
2025-12-09,2025-06-18,"2.35%",-125,2.35,0
2025-12-09,2025-06-18,"2.60%",-100,2.6,0.063500317341069
2025-12-09,2025-06-18,"2.85%",-75,2.85,0.246030306456842
2025-12-09,2025-06-18,"3.10%",-50,3.1,0.384700106409942
2025-12-09,2025-06-18,"3.35%",-25,3.35,0.243548178332296
2025-12-09,2025-06-18,"3.60%",0,3.6,0.0622210914598513
2025-12-09,2025-06-18,"3.85%",25,3.85,0
2025-12-09,2025-06-18,"4.10%",50,4.1,0
2025-12-09,2025-06-18,"4.35%",75,4.35,0
2025-12-09,2025-06-18,"4.60%",100,4.6,0
2025-12-09,2025-06-18,"4.85%",125,4.85,0
2025-12-09,2025-06-18,"5.10%",150,5.1,0
2025-12-09,2025-06-18,"5.35%",175,5.35,0
2025-12-09,2025-06-18,"5.60%",200,5.6,0
2025-12-09,2025-06-18,"5.85%",225,5.85,0
2025-12-09,2025-06-18,"6.10%",250,6.1,0
2025-12-09,2025-06-19,"0.10%",-300,0.1,0
2025-12-09,2025-06-19,"0.35%",-300,0.35,0
2025-12-09,2025-06-19,"0.60%",-300,0.6,0
2025-12-09,2025-06-19,"0.85%",-275,0.85,0
2025-12-09,2025-06-19,"1.10%",-250,1.1,0
2025-12-09,2025-06-19,"1.35%",-225,1.35,0
2025-12-09,2025-06-19,"1.60%",-200,1.6,0
2025-12-09,2025-06-19,"1.85%",-175,1.85,0
2025-12-09,2025-06-19,"2.10%",-150,2.1,0
2025-12-09,2025-06-19,"2.35%",-125,2.35,0
2025-12-09,2025-06-19,"2.60%",-100,2.6,0.0317864514531676
2025-12-09,2025-06-19,"2.85%",-75,2.85,0.21141959322083
2025-12-09,2025-06-19,"3.10%",-50,3.1,0.431124773145604
2025-12-09,2025-06-19,"3.35%",-25,3.35,0.272613997996761
2025-12-09,2025-06-19,"3.60%",0,3.6,0.0530551841836375
2025-12-09,2025-06-19,"3.85%",25,3.85,0
2025-12-09,2025-06-19,"4.10%",50,4.1,0
2025-12-09,2025-06-19,"4.35%",75,4.35,0
2025-12-09,2025-06-19,"4.60%",100,4.6,0
2025-12-09,2025-06-19,"4.85%",125,4.85,0
2025-12-09,2025-06-19,"5.10%",150,5.1,0
2025-12-09,2025-06-19,"5.35%",175,5.35,0
2025-12-09,2025-06-19,"5.60%",200,5.6,0
2025-12-09,2025-06-19,"5.85%",225,5.85,0
2025-12-09,2025-06-19,"6.10%",250,6.1,0
2025-12-09,2025-06-22,"0.10%",-300,0.1,0
2025-12-09,2025-06-22,"0.35%",-300,0.35,0
2025-12-09,2025-06-22,"0.60%",-300,0.6,0
2025-12-09,2025-06-22,"0.85%",-275,0.85,0
2025-12-09,2025-06-22,"1.10%",-250,1.1,0
2025-12-09,2025-06-22,"1.35%",-225,1.35,0
2025-12-09,2025-06-22,"1.60%",-200,1.6,0
2025-12-09,2025-06-22,"1.85%",-175,1.85,0
2025-12-09,2025-06-22,"2.10%",-150,2.1,0
2025-12-09,2025-06-22,"2.35%",-125,2.35,0
2025-12-09,2025-06-22,"2.60%",-100,2.6,0.0248356736167029
2025-12-09,2025-06-22,"2.85%",-75,2.85,0.205291608654646
2025-12-09,2025-06-22,"3.10%",-50,3.1,0.453476924937315
2025-12-09,2025-06-22,"3.35%",-25,3.35,0.272408051402575
2025-12-09,2025-06-22,"3.60%",0,3.6,0.0439877413887608
2025-12-09,2025-06-22,"3.85%",25,3.85,0
2025-12-09,2025-06-22,"4.10%",50,4.1,0
2025-12-09,2025-06-22,"4.35%",75,4.35,0
2025-12-09,2025-06-22,"4.60%",100,4.6,0
2025-12-09,2025-06-22,"4.85%",125,4.85,0
2025-12-09,2025-06-22,"5.10%",150,5.1,0
2025-12-09,2025-06-22,"5.35%",175,5.35,0
2025-12-09,2025-06-22,"5.60%",200,5.6,0
2025-12-09,2025-06-22,"5.85%",225,5.85,0
2025-12-09,2025-06-22,"6.10%",250,6.1,0
2025-12-09,2025-06-23,"0.10%",-300,0.1,0
2025-12-09,2025-06-23,"0.35%",-300,0.35,0
2025-12-09,2025-06-23,"0.60%",-300,0.6,0
2025-12-09,2025-06-23,"0.85%",-275,0.85,0
2025-12-09,2025-06-23,"1.10%",-250,1.1,0
2025-12-09,2025-06-23,"1.35%",-225,1.35,0
2025-12-09,2025-06-23,"1.60%",-200,1.6,0
2025-12-09,2025-06-23,"1.85%",-175,1.85,0
2025-12-09,2025-06-23,"2.10%",-150,2.1,0
2025-12-09,2025-06-23,"2.35%",-125,2.35,0
2025-12-09,2025-06-23,"2.60%",-100,2.6,0.0403133090623534
2025-12-09,2025-06-23,"2.85%",-75,2.85,0.271556971797605
2025-12-09,2025-06-23,"3.10%",-50,3.1,0.463094351665696
2025-12-09,2025-06-23,"3.35%",-25,3.35,0.202723586762528
2025-12-09,2025-06-23,"3.60%",0,3.6,0.022311780711818
2025-12-09,2025-06-23,"3.85%",25,3.85,0
2025-12-09,2025-06-23,"4.10%",50,4.1,0
2025-12-09,2025-06-23,"4.35%",75,4.35,0
2025-12-09,2025-06-23,"4.60%",100,4.6,0
2025-12-09,2025-06-23,"4.85%",125,4.85,0
2025-12-09,2025-06-23,"5.10%",150,5.1,0
2025-12-09,2025-06-23,"5.35%",175,5.35,0
2025-12-09,2025-06-23,"5.60%",200,5.6,0
2025-12-09,2025-06-23,"5.85%",225,5.85,0
2025-12-09,2025-06-23,"6.10%",250,6.1,0
2025-12-09,2025-06-24,"0.10%",-300,0.1,0
2025-12-09,2025-06-24,"0.35%",-300,0.35,0
2025-12-09,2025-06-24,"0.60%",-300,0.6,0
2025-12-09,2025-06-24,"0.85%",-275,0.85,0
2025-12-09,2025-06-24,"1.10%",-250,1.1,0
2025-12-09,2025-06-24,"1.35%",-225,1.35,0
2025-12-09,2025-06-24,"1.60%",-200,1.6,0
2025-12-09,2025-06-24,"1.85%",-175,1.85,0
2025-12-09,2025-06-24,"2.10%",-150,2.1,0
2025-12-09,2025-06-24,"2.35%",-125,2.35,0
2025-12-09,2025-06-24,"2.60%",-100,2.6,0.0790713068601853
2025-12-09,2025-06-24,"2.85%",-75,2.85,0.356745690968533
2025-12-09,2025-06-24,"3.10%",-50,3.1,0.42212026291451
2025-12-09,2025-06-24,"3.35%",-25,3.35,0.131544070365522
2025-12-09,2025-06-24,"3.60%",0,3.6,0.0105186688912492
2025-12-09,2025-06-24,"3.85%",25,3.85,0
2025-12-09,2025-06-24,"4.10%",50,4.1,0
2025-12-09,2025-06-24,"4.35%",75,4.35,0
2025-12-09,2025-06-24,"4.60%",100,4.6,0
2025-12-09,2025-06-24,"4.85%",125,4.85,0
2025-12-09,2025-06-24,"5.10%",150,5.1,0
2025-12-09,2025-06-24,"5.35%",175,5.35,0
2025-12-09,2025-06-24,"5.60%",200,5.6,0
2025-12-09,2025-06-24,"5.85%",225,5.85,0
2025-12-09,2025-06-24,"6.10%",250,6.1,0
2025-12-09,2025-06-25,"0.10%",-300,0.1,0
2025-12-09,2025-06-25,"0.35%",-300,0.35,0
2025-12-09,2025-06-25,"0.60%",-300,0.6,0
2025-12-09,2025-06-25,"0.85%",-275,0.85,0
2025-12-09,2025-06-25,"1.10%",-250,1.1,0
2025-12-09,2025-06-25,"1.35%",-225,1.35,0
2025-12-09,2025-06-25,"1.60%",-200,1.6,0
2025-12-09,2025-06-25,"1.85%",-175,1.85,0
2025-12-09,2025-06-25,"2.10%",-150,2.1,0
2025-12-09,2025-06-25,"2.35%",-125,2.35,0
2025-12-09,2025-06-25,"2.60%",-100,2.6,0.0686466315284565
2025-12-09,2025-06-25,"2.85%",-75,2.85,0.374219022243438
2025-12-09,2025-06-25,"3.10%",-50,3.1,0.442736787983398
2025-12-09,2025-06-25,"3.35%",-25,3.35,0.114397558244708
2025-12-09,2025-06-25,"3.60%",0,3.6,0
2025-12-09,2025-06-25,"3.85%",25,3.85,0
2025-12-09,2025-06-25,"4.10%",50,4.1,0
2025-12-09,2025-06-25,"4.35%",75,4.35,0
2025-12-09,2025-06-25,"4.60%",100,4.6,0
2025-12-09,2025-06-25,"4.85%",125,4.85,0
2025-12-09,2025-06-25,"5.10%",150,5.1,0
2025-12-09,2025-06-25,"5.35%",175,5.35,0
2025-12-09,2025-06-25,"5.60%",200,5.6,0
2025-12-09,2025-06-25,"5.85%",225,5.85,0
2025-12-09,2025-06-25,"6.10%",250,6.1,0
2025-12-09,2025-06-26,"0.10%",-300,0.1,0
2025-12-09,2025-06-26,"0.35%",-300,0.35,0
2025-12-09,2025-06-26,"0.60%",-300,0.6,0
2025-12-09,2025-06-26,"0.85%",-275,0.85,0
2025-12-09,2025-06-26,"1.10%",-250,1.1,0
2025-12-09,2025-06-26,"1.35%",-225,1.35,0
2025-12-09,2025-06-26,"1.60%",-200,1.6,0
2025-12-09,2025-06-26,"1.85%",-175,1.85,0
2025-12-09,2025-06-26,"2.10%",-150,2.1,0
2025-12-09,2025-06-26,"2.35%",-125,2.35,0
2025-12-09,2025-06-26,"2.60%",-100,2.6,0.0614105631849459
2025-12-09,2025-06-26,"2.85%",-75,2.85,0.378064295822146
2025-12-09,2025-06-26,"3.10%",-50,3.1,0.453580360884078
2025-12-09,2025-06-26,"3.35%",-25,3.35,0.10694478010883
2025-12-09,2025-06-26,"3.60%",0,3.6,0
2025-12-09,2025-06-26,"3.85%",25,3.85,0
2025-12-09,2025-06-26,"4.10%",50,4.1,0
2025-12-09,2025-06-26,"4.35%",75,4.35,0
2025-12-09,2025-06-26,"4.60%",100,4.6,0
2025-12-09,2025-06-26,"4.85%",125,4.85,0
2025-12-09,2025-06-26,"5.10%",150,5.1,0
2025-12-09,2025-06-26,"5.35%",175,5.35,0
2025-12-09,2025-06-26,"5.60%",200,5.6,0
2025-12-09,2025-06-26,"5.85%",225,5.85,0
2025-12-09,2025-06-26,"6.10%",250,6.1,0
2025-12-09,2025-06-29,"0.10%",-300,0.1,0
2025-12-09,2025-06-29,"0.35%",-300,0.35,0
2025-12-09,2025-06-29,"0.60%",-300,0.6,0
2025-12-09,2025-06-29,"0.85%",-275,0.85,0
2025-12-09,2025-06-29,"1.10%",-250,1.1,0
2025-12-09,2025-06-29,"1.35%",-225,1.35,0
2025-12-09,2025-06-29,"1.60%",-200,1.6,0
2025-12-09,2025-06-29,"1.85%",-175,1.85,0
2025-12-09,2025-06-29,"2.10%",-150,2.1,0
2025-12-09,2025-06-29,"2.35%",-125,2.35,0
2025-12-09,2025-06-29,"2.60%",-100,2.6,0.0127127026879412
2025-12-09,2025-06-29,"2.85%",-75,2.85,0.408913120446407
2025-12-09,2025-06-29,"3.10%",-50,3.1,0.545471183916491
2025-12-09,2025-06-29,"3.35%",-25,3.35,0.0329029929491605
2025-12-09,2025-06-29,"3.60%",0,3.6,0
2025-12-09,2025-06-29,"3.85%",25,3.85,0
2025-12-09,2025-06-29,"4.10%",50,4.1,0
2025-12-09,2025-06-29,"4.35%",75,4.35,0
2025-12-09,2025-06-29,"4.60%",100,4.6,0
2025-12-09,2025-06-29,"4.85%",125,4.85,0
2025-12-09,2025-06-29,"5.10%",150,5.1,0
2025-12-09,2025-06-29,"5.35%",175,5.35,0
2025-12-09,2025-06-29,"5.60%",200,5.6,0
2025-12-09,2025-06-29,"5.85%",225,5.85,0
2025-12-09,2025-06-29,"6.10%",250,6.1,0
2025-12-09,2025-06-30,"0.10%",-300,0.1,0
2025-12-09,2025-06-30,"0.35%",-300,0.35,0
2025-12-09,2025-06-30,"0.60%",-300,0.6,0
2025-12-09,2025-06-30,"0.85%",-275,0.85,0
2025-12-09,2025-06-30,"1.10%",-250,1.1,0
2025-12-09,2025-06-30,"1.35%",-225,1.35,0
2025-12-09,2025-06-30,"1.60%",-200,1.6,0
2025-12-09,2025-06-30,"1.85%",-175,1.85,0
2025-12-09,2025-06-30,"2.10%",-150,2.1,0
2025-12-09,2025-06-30,"2.35%",-125,2.35,0
2025-12-09,2025-06-30,"2.60%",-100,2.6,0.014597798288784
2025-12-09,2025-06-30,"2.85%",-75,2.85,0.407817425734964
2025-12-09,2025-06-30,"3.10%",-50,3.1,0.540845281585042
2025-12-09,2025-06-30,"3.35%",-25,3.35,0.0367394943912105
2025-12-09,2025-06-30,"3.60%",0,3.6,0
2025-12-09,2025-06-30,"3.85%",25,3.85,0
2025-12-09,2025-06-30,"4.10%",50,4.1,0
2025-12-09,2025-06-30,"4.35%",75,4.35,0
2025-12-09,2025-06-30,"4.60%",100,4.6,0
2025-12-09,2025-06-30,"4.85%",125,4.85,0
2025-12-09,2025-06-30,"5.10%",150,5.1,0
2025-12-09,2025-06-30,"5.35%",175,5.35,0
2025-12-09,2025-06-30,"5.60%",200,5.6,0
2025-12-09,2025-06-30,"5.85%",225,5.85,0
2025-12-09,2025-06-30,"6.10%",250,6.1,0
2025-12-09,2025-07-01,"0.10%",-300,0.1,0
2025-12-09,2025-07-01,"0.35%",-300,0.35,0
2025-12-09,2025-07-01,"0.60%",-300,0.6,0
2025-12-09,2025-07-01,"0.85%",-275,0.85,0
2025-12-09,2025-07-01,"1.10%",-250,1.1,0
2025-12-09,2025-07-01,"1.35%",-225,1.35,0
2025-12-09,2025-07-01,"1.60%",-200,1.6,0
2025-12-09,2025-07-01,"1.85%",-175,1.85,0
2025-12-09,2025-07-01,"2.10%",-150,2.1,0
2025-12-09,2025-07-01,"2.35%",-125,2.35,0
2025-12-09,2025-07-01,"2.60%",-100,2.6,0.0741873795555188
2025-12-09,2025-07-01,"2.85%",-75,2.85,0.379212294705837
2025-12-09,2025-07-01,"3.10%",-50,3.1,0.43448187889707
2025-12-09,2025-07-01,"3.35%",-25,3.35,0.112118446841574
2025-12-09,2025-07-01,"3.60%",0,3.6,0
2025-12-09,2025-07-01,"3.85%",25,3.85,0
2025-12-09,2025-07-01,"4.10%",50,4.1,0
2025-12-09,2025-07-01,"4.35%",75,4.35,0
2025-12-09,2025-07-01,"4.60%",100,4.6,0
2025-12-09,2025-07-01,"4.85%",125,4.85,0
2025-12-09,2025-07-01,"5.10%",150,5.1,0
2025-12-09,2025-07-01,"5.35%",175,5.35,0
2025-12-09,2025-07-01,"5.60%",200,5.6,0
2025-12-09,2025-07-01,"5.85%",225,5.85,0
2025-12-09,2025-07-01,"6.10%",250,6.1,0
2025-12-09,2025-07-02,"0.10%",-300,0.1,0
2025-12-09,2025-07-02,"0.35%",-300,0.35,0
2025-12-09,2025-07-02,"0.60%",-300,0.6,0
2025-12-09,2025-07-02,"0.85%",-275,0.85,0
2025-12-09,2025-07-02,"1.10%",-250,1.1,0
2025-12-09,2025-07-02,"1.35%",-225,1.35,0
2025-12-09,2025-07-02,"1.60%",-200,1.6,0
2025-12-09,2025-07-02,"1.85%",-175,1.85,0
2025-12-09,2025-07-02,"2.10%",-150,2.1,0
2025-12-09,2025-07-02,"2.35%",-125,2.35,0
2025-12-09,2025-07-02,"2.60%",-100,2.6,0
2025-12-09,2025-07-02,"2.85%",-75,2.85,0.416180868181975
2025-12-09,2025-07-02,"3.10%",-50,3.1,0.558632443900907
2025-12-09,2025-07-02,"3.35%",-25,3.35,0.0251866879171179
2025-12-09,2025-07-02,"3.60%",0,3.6,0
2025-12-09,2025-07-02,"3.85%",25,3.85,0
2025-12-09,2025-07-02,"4.10%",50,4.1,0
2025-12-09,2025-07-02,"4.35%",75,4.35,0
2025-12-09,2025-07-02,"4.60%",100,4.6,0
2025-12-09,2025-07-02,"4.85%",125,4.85,0
2025-12-09,2025-07-02,"5.10%",150,5.1,0
2025-12-09,2025-07-02,"5.35%",175,5.35,0
2025-12-09,2025-07-02,"5.60%",200,5.6,0
2025-12-09,2025-07-02,"5.85%",225,5.85,0
2025-12-09,2025-07-02,"6.10%",250,6.1,0
2025-12-09,2025-07-03,"0.10%",-300,0.1,0
2025-12-09,2025-07-03,"0.35%",-300,0.35,0
2025-12-09,2025-07-03,"0.60%",-300,0.6,0
2025-12-09,2025-07-03,"0.85%",-275,0.85,0
2025-12-09,2025-07-03,"1.10%",-250,1.1,0
2025-12-09,2025-07-03,"1.35%",-225,1.35,0
2025-12-09,2025-07-03,"1.60%",-200,1.6,0
2025-12-09,2025-07-03,"1.85%",-175,1.85,0
2025-12-09,2025-07-03,"2.10%",-150,2.1,0
2025-12-09,2025-07-03,"2.35%",-125,2.35,0
2025-12-09,2025-07-03,"2.60%",-100,2.6,0
2025-12-09,2025-07-03,"2.85%",-75,2.85,0.206081031315919
2025-12-09,2025-07-03,"3.10%",-50,3.1,0.674640151824427
2025-12-09,2025-07-03,"3.35%",-25,3.35,0.119278816859654
2025-12-09,2025-07-03,"3.60%",0,3.6,0
2025-12-09,2025-07-03,"3.85%",25,3.85,0
2025-12-09,2025-07-03,"4.10%",50,4.1,0
2025-12-09,2025-07-03,"4.35%",75,4.35,0
2025-12-09,2025-07-03,"4.60%",100,4.6,0
2025-12-09,2025-07-03,"4.85%",125,4.85,0
2025-12-09,2025-07-03,"5.10%",150,5.1,0
2025-12-09,2025-07-03,"5.35%",175,5.35,0
2025-12-09,2025-07-03,"5.60%",200,5.6,0
2025-12-09,2025-07-03,"5.85%",225,5.85,0
2025-12-09,2025-07-03,"6.10%",250,6.1,0
2025-12-09,2025-07-06,"0.10%",-300,0.1,0
2025-12-09,2025-07-06,"0.35%",-300,0.35,0
2025-12-09,2025-07-06,"0.60%",-300,0.6,0
2025-12-09,2025-07-06,"0.85%",-275,0.85,0
2025-12-09,2025-07-06,"1.10%",-250,1.1,0
2025-12-09,2025-07-06,"1.35%",-225,1.35,0
2025-12-09,2025-07-06,"1.60%",-200,1.6,0
2025-12-09,2025-07-06,"1.85%",-175,1.85,0
2025-12-09,2025-07-06,"2.10%",-150,2.1,0
2025-12-09,2025-07-06,"2.35%",-125,2.35,0
2025-12-09,2025-07-06,"2.60%",-100,2.6,0.0272479301460852
2025-12-09,2025-07-06,"2.85%",-75,2.85,0.293484742138869
2025-12-09,2025-07-06,"3.10%",-50,3.1,0.521303644952791
2025-12-09,2025-07-06,"3.35%",-25,3.35,0.157963682762255
2025-12-09,2025-07-06,"3.60%",0,3.6,0
2025-12-09,2025-07-06,"3.85%",25,3.85,0
2025-12-09,2025-07-06,"4.10%",50,4.1,0
2025-12-09,2025-07-06,"4.35%",75,4.35,0
2025-12-09,2025-07-06,"4.60%",100,4.6,0
2025-12-09,2025-07-06,"4.85%",125,4.85,0
2025-12-09,2025-07-06,"5.10%",150,5.1,0
2025-12-09,2025-07-06,"5.35%",175,5.35,0
2025-12-09,2025-07-06,"5.60%",200,5.6,0
2025-12-09,2025-07-06,"5.85%",225,5.85,0
2025-12-09,2025-07-06,"6.10%",250,6.1,0
2025-12-09,2025-07-07,"0.10%",-300,0.1,0
2025-12-09,2025-07-07,"0.35%",-300,0.35,0
2025-12-09,2025-07-07,"0.60%",-300,0.6,0
2025-12-09,2025-07-07,"0.85%",-275,0.85,0
2025-12-09,2025-07-07,"1.10%",-250,1.1,0
2025-12-09,2025-07-07,"1.35%",-225,1.35,0
2025-12-09,2025-07-07,"1.60%",-200,1.6,0
2025-12-09,2025-07-07,"1.85%",-175,1.85,0
2025-12-09,2025-07-07,"2.10%",-150,2.1,0
2025-12-09,2025-07-07,"2.35%",-125,2.35,0
2025-12-09,2025-07-07,"2.60%",-100,2.6,0
2025-12-09,2025-07-07,"2.85%",-75,2.85,0.1329728659005
2025-12-09,2025-07-07,"3.10%",-50,3.1,0.501569226544135
2025-12-09,2025-07-07,"3.35%",-25,3.35,0.328872526333618
2025-12-09,2025-07-07,"3.60%",0,3.6,0.0365853812217475
2025-12-09,2025-07-07,"3.85%",25,3.85,0
2025-12-09,2025-07-07,"4.10%",50,4.1,0
2025-12-09,2025-07-07,"4.35%",75,4.35,0
2025-12-09,2025-07-07,"4.60%",100,4.6,0
2025-12-09,2025-07-07,"4.85%",125,4.85,0
2025-12-09,2025-07-07,"5.10%",150,5.1,0
2025-12-09,2025-07-07,"5.35%",175,5.35,0
2025-12-09,2025-07-07,"5.60%",200,5.6,0
2025-12-09,2025-07-07,"5.85%",225,5.85,0
2025-12-09,2025-07-07,"6.10%",250,6.1,0
2025-12-09,2025-07-08,"0.10%",-300,0.1,0
2025-12-09,2025-07-08,"0.35%",-300,0.35,0
2025-12-09,2025-07-08,"0.60%",-300,0.6,0
2025-12-09,2025-07-08,"0.85%",-275,0.85,0
2025-12-09,2025-07-08,"1.10%",-250,1.1,0
2025-12-09,2025-07-08,"1.35%",-225,1.35,0
2025-12-09,2025-07-08,"1.60%",-200,1.6,0
2025-12-09,2025-07-08,"1.85%",-175,1.85,0
2025-12-09,2025-07-08,"2.10%",-150,2.1,0
2025-12-09,2025-07-08,"2.35%",-125,2.35,0
2025-12-09,2025-07-08,"2.60%",-100,2.6,0
2025-12-09,2025-07-08,"2.85%",-75,2.85,0.0508463197675469
2025-12-09,2025-07-08,"3.10%",-50,3.1,0.411153407033036
2025-12-09,2025-07-08,"3.35%",-25,3.35,0.464132839562747
2025-12-09,2025-07-08,"3.60%",0,3.6,0.07386743363667
2025-12-09,2025-07-08,"3.85%",25,3.85,0
2025-12-09,2025-07-08,"4.10%",50,4.1,0
2025-12-09,2025-07-08,"4.35%",75,4.35,0
2025-12-09,2025-07-08,"4.60%",100,4.6,0
2025-12-09,2025-07-08,"4.85%",125,4.85,0
2025-12-09,2025-07-08,"5.10%",150,5.1,0
2025-12-09,2025-07-08,"5.35%",175,5.35,0
2025-12-09,2025-07-08,"5.60%",200,5.6,0
2025-12-09,2025-07-08,"5.85%",225,5.85,0
2025-12-09,2025-07-08,"6.10%",250,6.1,0
2025-12-09,2025-07-09,"0.10%",-300,0.1,0
2025-12-09,2025-07-09,"0.35%",-300,0.35,0
2025-12-09,2025-07-09,"0.60%",-300,0.6,0
2025-12-09,2025-07-09,"0.85%",-275,0.85,0
2025-12-09,2025-07-09,"1.10%",-250,1.1,0
2025-12-09,2025-07-09,"1.35%",-225,1.35,0
2025-12-09,2025-07-09,"1.60%",-200,1.6,0
2025-12-09,2025-07-09,"1.85%",-175,1.85,0
2025-12-09,2025-07-09,"2.10%",-150,2.1,0
2025-12-09,2025-07-09,"2.35%",-125,2.35,0
2025-12-09,2025-07-09,"2.60%",-100,2.6,0
2025-12-09,2025-07-09,"2.85%",-75,2.85,0.0490377011158
2025-12-09,2025-07-09,"3.10%",-50,3.1,0.437993343610272
2025-12-09,2025-07-09,"3.35%",-25,3.35,0.457011336920529
2025-12-09,2025-07-09,"3.60%",0,3.6,0.0559576183533986
2025-12-09,2025-07-09,"3.85%",25,3.85,0
2025-12-09,2025-07-09,"4.10%",50,4.1,0
2025-12-09,2025-07-09,"4.35%",75,4.35,0
2025-12-09,2025-07-09,"4.60%",100,4.6,0
2025-12-09,2025-07-09,"4.85%",125,4.85,0
2025-12-09,2025-07-09,"5.10%",150,5.1,0
2025-12-09,2025-07-09,"5.35%",175,5.35,0
2025-12-09,2025-07-09,"5.60%",200,5.6,0
2025-12-09,2025-07-09,"5.85%",225,5.85,0
2025-12-09,2025-07-09,"6.10%",250,6.1,0
2025-12-09,2025-07-10,"0.10%",-300,0.1,0
2025-12-09,2025-07-10,"0.35%",-300,0.35,0
2025-12-09,2025-07-10,"0.60%",-300,0.6,0
2025-12-09,2025-07-10,"0.85%",-275,0.85,0
2025-12-09,2025-07-10,"1.10%",-250,1.1,0
2025-12-09,2025-07-10,"1.35%",-225,1.35,0
2025-12-09,2025-07-10,"1.60%",-200,1.6,0
2025-12-09,2025-07-10,"1.85%",-175,1.85,0
2025-12-09,2025-07-10,"2.10%",-150,2.1,0
2025-12-09,2025-07-10,"2.35%",-125,2.35,0
2025-12-09,2025-07-10,"2.60%",-100,2.6,0
2025-12-09,2025-07-10,"2.85%",-75,2.85,0.0313312396893733
2025-12-09,2025-07-10,"3.10%",-50,3.1,0.38585297055895
2025-12-09,2025-07-10,"3.35%",-25,3.35,0.508691071869549
2025-12-09,2025-07-10,"3.60%",0,3.6,0.0741247178821276
2025-12-09,2025-07-10,"3.85%",25,3.85,0
2025-12-09,2025-07-10,"4.10%",50,4.1,0
2025-12-09,2025-07-10,"4.35%",75,4.35,0
2025-12-09,2025-07-10,"4.60%",100,4.6,0
2025-12-09,2025-07-10,"4.85%",125,4.85,0
2025-12-09,2025-07-10,"5.10%",150,5.1,0
2025-12-09,2025-07-10,"5.35%",175,5.35,0
2025-12-09,2025-07-10,"5.60%",200,5.6,0
2025-12-09,2025-07-10,"5.85%",225,5.85,0
2025-12-09,2025-07-10,"6.10%",250,6.1,0
2025-12-09,2025-07-14,"0.10%",-300,0.1,0
2025-12-09,2025-07-14,"0.35%",-300,0.35,0
2025-12-09,2025-07-14,"0.60%",-300,0.6,0
2025-12-09,2025-07-14,"0.85%",-275,0.85,0
2025-12-09,2025-07-14,"1.10%",-250,1.1,0
2025-12-09,2025-07-14,"1.35%",-225,1.35,0
2025-12-09,2025-07-14,"1.60%",-200,1.6,0
2025-12-09,2025-07-14,"1.85%",-175,1.85,0
2025-12-09,2025-07-14,"2.10%",-150,2.1,0
2025-12-09,2025-07-14,"2.35%",-125,2.35,0
2025-12-09,2025-07-14,"2.60%",-100,2.6,0
2025-12-09,2025-07-14,"2.85%",-75,2.85,0.021744075000968
2025-12-09,2025-07-14,"3.10%",-50,3.1,0.37905914607376
2025-12-09,2025-07-14,"3.35%",-25,3.35,0.534712269359485
2025-12-09,2025-07-14,"3.60%",0,3.6,0.0644845095657873
2025-12-09,2025-07-14,"3.85%",25,3.85,0
2025-12-09,2025-07-14,"4.10%",50,4.1,0
2025-12-09,2025-07-14,"4.35%",75,4.35,0
2025-12-09,2025-07-14,"4.60%",100,4.6,0
2025-12-09,2025-07-14,"4.85%",125,4.85,0
2025-12-09,2025-07-14,"5.10%",150,5.1,0
2025-12-09,2025-07-14,"5.35%",175,5.35,0
2025-12-09,2025-07-14,"5.60%",200,5.6,0
2025-12-09,2025-07-14,"5.85%",225,5.85,0
2025-12-09,2025-07-14,"6.10%",250,6.1,0
2025-12-09,2025-07-15,"0.10%",-300,0.1,0
2025-12-09,2025-07-15,"0.35%",-300,0.35,0
2025-12-09,2025-07-15,"0.60%",-300,0.6,0
2025-12-09,2025-07-15,"0.85%",-275,0.85,0
2025-12-09,2025-07-15,"1.10%",-250,1.1,0
2025-12-09,2025-07-15,"1.35%",-225,1.35,0
2025-12-09,2025-07-15,"1.60%",-200,1.6,0
2025-12-09,2025-07-15,"1.85%",-175,1.85,0
2025-12-09,2025-07-15,"2.10%",-150,2.1,0
2025-12-09,2025-07-15,"2.35%",-125,2.35,0
2025-12-09,2025-07-15,"2.60%",-100,2.6,0
2025-12-09,2025-07-15,"2.85%",-75,2.85,0.0111489838240763
2025-12-09,2025-07-15,"3.10%",-50,3.1,0.285221522326776
2025-12-09,2025-07-15,"3.35%",-25,3.35,0.592357098890238
2025-12-09,2025-07-15,"3.60%",0,3.6,0.11127239495891
2025-12-09,2025-07-15,"3.85%",25,3.85,0
2025-12-09,2025-07-15,"4.10%",50,4.1,0
2025-12-09,2025-07-15,"4.35%",75,4.35,0
2025-12-09,2025-07-15,"4.60%",100,4.6,0
2025-12-09,2025-07-15,"4.85%",125,4.85,0
2025-12-09,2025-07-15,"5.10%",150,5.1,0
2025-12-09,2025-07-15,"5.35%",175,5.35,0
2025-12-09,2025-07-15,"5.60%",200,5.6,0
2025-12-09,2025-07-15,"5.85%",225,5.85,0
2025-12-09,2025-07-15,"6.10%",250,6.1,0
2025-12-09,2025-07-16,"0.10%",-300,0.1,0
2025-12-09,2025-07-16,"0.35%",-300,0.35,0
2025-12-09,2025-07-16,"0.60%",-300,0.6,0
2025-12-09,2025-07-16,"0.85%",-275,0.85,0
2025-12-09,2025-07-16,"1.10%",-250,1.1,0
2025-12-09,2025-07-16,"1.35%",-225,1.35,0
2025-12-09,2025-07-16,"1.60%",-200,1.6,0
2025-12-09,2025-07-16,"1.85%",-175,1.85,0
2025-12-09,2025-07-16,"2.10%",-150,2.1,0
2025-12-09,2025-07-16,"2.35%",-125,2.35,0
2025-12-09,2025-07-16,"2.60%",-100,2.6,0
2025-12-09,2025-07-16,"2.85%",-75,2.85,0
2025-12-09,2025-07-16,"3.10%",-50,3.1,0.219779819871356
2025-12-09,2025-07-16,"3.35%",-25,3.35,0.613904316681375
2025-12-09,2025-07-16,"3.60%",0,3.6,0.166315863447269
2025-12-09,2025-07-16,"3.85%",25,3.85,0
2025-12-09,2025-07-16,"4.10%",50,4.1,0
2025-12-09,2025-07-16,"4.35%",75,4.35,0
2025-12-09,2025-07-16,"4.60%",100,4.6,0
2025-12-09,2025-07-16,"4.85%",125,4.85,0
2025-12-09,2025-07-16,"5.10%",150,5.1,0
2025-12-09,2025-07-16,"5.35%",175,5.35,0
2025-12-09,2025-07-16,"5.60%",200,5.6,0
2025-12-09,2025-07-16,"5.85%",225,5.85,0
2025-12-09,2025-07-16,"6.10%",250,6.1,0
2025-12-09,2025-07-17,"0.10%",-300,0.1,0
2025-12-09,2025-07-17,"0.35%",-300,0.35,0
2025-12-09,2025-07-17,"0.60%",-300,0.6,0
2025-12-09,2025-07-17,"0.85%",-275,0.85,0
2025-12-09,2025-07-17,"1.10%",-250,1.1,0
2025-12-09,2025-07-17,"1.35%",-225,1.35,0
2025-12-09,2025-07-17,"1.60%",-200,1.6,0
2025-12-09,2025-07-17,"1.85%",-175,1.85,0
2025-12-09,2025-07-17,"2.10%",-150,2.1,0
2025-12-09,2025-07-17,"2.35%",-125,2.35,0
2025-12-09,2025-07-17,"2.60%",-100,2.6,0
2025-12-09,2025-07-17,"2.85%",-75,2.85,0.0844606746156705
2025-12-09,2025-07-17,"3.10%",-50,3.1,0.533632195864712
2025-12-09,2025-07-17,"3.35%",-25,3.35,0.357686137180347
2025-12-09,2025-07-17,"3.60%",0,3.6,0.024220992339271
2025-12-09,2025-07-17,"3.85%",25,3.85,0
2025-12-09,2025-07-17,"4.10%",50,4.1,0
2025-12-09,2025-07-17,"4.35%",75,4.35,0
2025-12-09,2025-07-17,"4.60%",100,4.6,0
2025-12-09,2025-07-17,"4.85%",125,4.85,0
2025-12-09,2025-07-17,"5.10%",150,5.1,0
2025-12-09,2025-07-17,"5.35%",175,5.35,0
2025-12-09,2025-07-17,"5.60%",200,5.6,0
2025-12-09,2025-07-17,"5.85%",225,5.85,0
2025-12-09,2025-07-17,"6.10%",250,6.1,0
2025-12-09,2025-07-20,"0.10%",-300,0.1,0
2025-12-09,2025-07-20,"0.35%",-300,0.35,0
2025-12-09,2025-07-20,"0.60%",-300,0.6,0
2025-12-09,2025-07-20,"0.85%",-275,0.85,0
2025-12-09,2025-07-20,"1.10%",-250,1.1,0
2025-12-09,2025-07-20,"1.35%",-225,1.35,0
2025-12-09,2025-07-20,"1.60%",-200,1.6,0
2025-12-09,2025-07-20,"1.85%",-175,1.85,0
2025-12-09,2025-07-20,"2.10%",-150,2.1,0
2025-12-09,2025-07-20,"2.35%",-125,2.35,0
2025-12-09,2025-07-20,"2.60%",-100,2.6,0
2025-12-09,2025-07-20,"2.85%",-75,2.85,0.079861163928661
2025-12-09,2025-07-20,"3.10%",-50,3.1,0.632124873589106
2025-12-09,2025-07-20,"3.35%",-25,3.35,0.288013962482233
2025-12-09,2025-07-20,"3.60%",0,3.6,0
2025-12-09,2025-07-20,"3.85%",25,3.85,0
2025-12-09,2025-07-20,"4.10%",50,4.1,0
2025-12-09,2025-07-20,"4.35%",75,4.35,0
2025-12-09,2025-07-20,"4.60%",100,4.6,0
2025-12-09,2025-07-20,"4.85%",125,4.85,0
2025-12-09,2025-07-20,"5.10%",150,5.1,0
2025-12-09,2025-07-20,"5.35%",175,5.35,0
2025-12-09,2025-07-20,"5.60%",200,5.6,0
2025-12-09,2025-07-20,"5.85%",225,5.85,0
2025-12-09,2025-07-20,"6.10%",250,6.1,0
2025-12-09,2025-07-21,"0.10%",-300,0.1,0
2025-12-09,2025-07-21,"0.35%",-300,0.35,0
2025-12-09,2025-07-21,"0.60%",-300,0.6,0
2025-12-09,2025-07-21,"0.85%",-275,0.85,0
2025-12-09,2025-07-21,"1.10%",-250,1.1,0
2025-12-09,2025-07-21,"1.35%",-225,1.35,0
2025-12-09,2025-07-21,"1.60%",-200,1.6,0
2025-12-09,2025-07-21,"1.85%",-175,1.85,0
2025-12-09,2025-07-21,"2.10%",-150,2.1,0
2025-12-09,2025-07-21,"2.35%",-125,2.35,0
2025-12-09,2025-07-21,"2.60%",-100,2.6,0
2025-12-09,2025-07-21,"2.85%",-75,2.85,0.0443799349964388
2025-12-09,2025-07-21,"3.10%",-50,3.1,0.559627882529465
2025-12-09,2025-07-21,"3.35%",-25,3.35,0.38307740139372
2025-12-09,2025-07-21,"3.60%",0,3.6,0.0129147810803756
2025-12-09,2025-07-21,"3.85%",25,3.85,0
2025-12-09,2025-07-21,"4.10%",50,4.1,0
2025-12-09,2025-07-21,"4.35%",75,4.35,0
2025-12-09,2025-07-21,"4.60%",100,4.6,0
2025-12-09,2025-07-21,"4.85%",125,4.85,0
2025-12-09,2025-07-21,"5.10%",150,5.1,0
2025-12-09,2025-07-21,"5.35%",175,5.35,0
2025-12-09,2025-07-21,"5.60%",200,5.6,0
2025-12-09,2025-07-21,"5.85%",225,5.85,0
2025-12-09,2025-07-21,"6.10%",250,6.1,0
2025-12-09,2025-07-22,"0.10%",-300,0.1,0
2025-12-09,2025-07-22,"0.35%",-300,0.35,0
2025-12-09,2025-07-22,"0.60%",-300,0.6,0
2025-12-09,2025-07-22,"0.85%",-275,0.85,0
2025-12-09,2025-07-22,"1.10%",-250,1.1,0
2025-12-09,2025-07-22,"1.35%",-225,1.35,0
2025-12-09,2025-07-22,"1.60%",-200,1.6,0
2025-12-09,2025-07-22,"1.85%",-175,1.85,0
2025-12-09,2025-07-22,"2.10%",-150,2.1,0
2025-12-09,2025-07-22,"2.35%",-125,2.35,0
2025-12-09,2025-07-22,"2.60%",-100,2.6,0
2025-12-09,2025-07-22,"2.85%",-75,2.85,0.0260507494948356
2025-12-09,2025-07-22,"3.10%",-50,3.1,0.596583172377348
2025-12-09,2025-07-22,"3.35%",-25,3.35,0.377366078127817
2025-12-09,2025-07-22,"3.60%",0,3.6,0
2025-12-09,2025-07-22,"3.85%",25,3.85,0
2025-12-09,2025-07-22,"4.10%",50,4.1,0
2025-12-09,2025-07-22,"4.35%",75,4.35,0
2025-12-09,2025-07-22,"4.60%",100,4.6,0
2025-12-09,2025-07-22,"4.85%",125,4.85,0
2025-12-09,2025-07-22,"5.10%",150,5.1,0
2025-12-09,2025-07-22,"5.35%",175,5.35,0
2025-12-09,2025-07-22,"5.60%",200,5.6,0
2025-12-09,2025-07-22,"5.85%",225,5.85,0
2025-12-09,2025-07-22,"6.10%",250,6.1,0
2025-12-09,2025-07-23,"0.10%",-300,0.1,0
2025-12-09,2025-07-23,"0.35%",-300,0.35,0
2025-12-09,2025-07-23,"0.60%",-300,0.6,0
2025-12-09,2025-07-23,"0.85%",-275,0.85,0
2025-12-09,2025-07-23,"1.10%",-250,1.1,0
2025-12-09,2025-07-23,"1.35%",-225,1.35,0
2025-12-09,2025-07-23,"1.60%",-200,1.6,0
2025-12-09,2025-07-23,"1.85%",-175,1.85,0
2025-12-09,2025-07-23,"2.10%",-150,2.1,0
2025-12-09,2025-07-23,"2.35%",-125,2.35,0
2025-12-09,2025-07-23,"2.60%",-100,2.6,0
2025-12-09,2025-07-23,"2.85%",-75,2.85,0.0118579351725003
2025-12-09,2025-07-23,"3.10%",-50,3.1,0.380994279191011
2025-12-09,2025-07-23,"3.35%",-25,3.35,0.564297870077723
2025-12-09,2025-07-23,"3.60%",0,3.6,0.042849915558765
2025-12-09,2025-07-23,"3.85%",25,3.85,0
2025-12-09,2025-07-23,"4.10%",50,4.1,0
2025-12-09,2025-07-23,"4.35%",75,4.35,0
2025-12-09,2025-07-23,"4.60%",100,4.6,0
2025-12-09,2025-07-23,"4.85%",125,4.85,0
2025-12-09,2025-07-23,"5.10%",150,5.1,0
2025-12-09,2025-07-23,"5.35%",175,5.35,0
2025-12-09,2025-07-23,"5.60%",200,5.6,0
2025-12-09,2025-07-23,"5.85%",225,5.85,0
2025-12-09,2025-07-23,"6.10%",250,6.1,0
2025-12-09,2025-07-24,"0.10%",-300,0.1,0
2025-12-09,2025-07-24,"0.35%",-300,0.35,0
2025-12-09,2025-07-24,"0.60%",-300,0.6,0
2025-12-09,2025-07-24,"0.85%",-275,0.85,0
2025-12-09,2025-07-24,"1.10%",-250,1.1,0
2025-12-09,2025-07-24,"1.35%",-225,1.35,0
2025-12-09,2025-07-24,"1.60%",-200,1.6,0
2025-12-09,2025-07-24,"1.85%",-175,1.85,0
2025-12-09,2025-07-24,"2.10%",-150,2.1,0
2025-12-09,2025-07-24,"2.35%",-125,2.35,0
2025-12-09,2025-07-24,"2.60%",-100,2.6,0
2025-12-09,2025-07-24,"2.85%",-75,2.85,0
2025-12-09,2025-07-24,"3.10%",-50,3.1,0.422977390285501
2025-12-09,2025-07-24,"3.35%",-25,3.35,0.554926919874079
2025-12-09,2025-07-24,"3.60%",0,3.6,0.0220956898404197
2025-12-09,2025-07-24,"3.85%",25,3.85,0
2025-12-09,2025-07-24,"4.10%",50,4.1,0
2025-12-09,2025-07-24,"4.35%",75,4.35,0
2025-12-09,2025-07-24,"4.60%",100,4.6,0
2025-12-09,2025-07-24,"4.85%",125,4.85,0
2025-12-09,2025-07-24,"5.10%",150,5.1,0
2025-12-09,2025-07-24,"5.35%",175,5.35,0
2025-12-09,2025-07-24,"5.60%",200,5.6,0
2025-12-09,2025-07-24,"5.85%",225,5.85,0
2025-12-09,2025-07-24,"6.10%",250,6.1,0
2025-12-09,2025-07-27,"0.10%",-300,0.1,0
2025-12-09,2025-07-27,"0.35%",-300,0.35,0
2025-12-09,2025-07-27,"0.60%",-300,0.6,0
2025-12-09,2025-07-27,"0.85%",-275,0.85,0
2025-12-09,2025-07-27,"1.10%",-250,1.1,0
2025-12-09,2025-07-27,"1.35%",-225,1.35,0
2025-12-09,2025-07-27,"1.60%",-200,1.6,0
2025-12-09,2025-07-27,"1.85%",-175,1.85,0
2025-12-09,2025-07-27,"2.10%",-150,2.1,0
2025-12-09,2025-07-27,"2.35%",-125,2.35,0
2025-12-09,2025-07-27,"2.60%",-100,2.6,0
2025-12-09,2025-07-27,"2.85%",-75,2.85,0
2025-12-09,2025-07-27,"3.10%",-50,3.1,0.454900319868493
2025-12-09,2025-07-27,"3.35%",-25,3.35,0.545099680131507
2025-12-09,2025-07-27,"3.60%",0,3.6,0
2025-12-09,2025-07-27,"3.85%",25,3.85,0
2025-12-09,2025-07-27,"4.10%",50,4.1,0
2025-12-09,2025-07-27,"4.35%",75,4.35,0
2025-12-09,2025-07-27,"4.60%",100,4.6,0
2025-12-09,2025-07-27,"4.85%",125,4.85,0
2025-12-09,2025-07-27,"5.10%",150,5.1,0
2025-12-09,2025-07-27,"5.35%",175,5.35,0
2025-12-09,2025-07-27,"5.60%",200,5.6,0
2025-12-09,2025-07-27,"5.85%",225,5.85,0
2025-12-09,2025-07-27,"6.10%",250,6.1,0
2025-12-09,2025-07-28,"0.10%",-300,0.1,0
2025-12-09,2025-07-28,"0.35%",-300,0.35,0
2025-12-09,2025-07-28,"0.60%",-300,0.6,0
2025-12-09,2025-07-28,"0.85%",-275,0.85,0
2025-12-09,2025-07-28,"1.10%",-250,1.1,0
2025-12-09,2025-07-28,"1.35%",-225,1.35,0
2025-12-09,2025-07-28,"1.60%",-200,1.6,0
2025-12-09,2025-07-28,"1.85%",-175,1.85,0
2025-12-09,2025-07-28,"2.10%",-150,2.1,0
2025-12-09,2025-07-28,"2.35%",-125,2.35,0
2025-12-09,2025-07-28,"2.60%",-100,2.6,0
2025-12-09,2025-07-28,"2.85%",-75,2.85,0
2025-12-09,2025-07-28,"3.10%",-50,3.1,0.452193755005477
2025-12-09,2025-07-28,"3.35%",-25,3.35,0.547806244994523
2025-12-09,2025-07-28,"3.60%",0,3.6,0
2025-12-09,2025-07-28,"3.85%",25,3.85,0
2025-12-09,2025-07-28,"4.10%",50,4.1,0
2025-12-09,2025-07-28,"4.35%",75,4.35,0
2025-12-09,2025-07-28,"4.60%",100,4.6,0
2025-12-09,2025-07-28,"4.85%",125,4.85,0
2025-12-09,2025-07-28,"5.10%",150,5.1,0
2025-12-09,2025-07-28,"5.35%",175,5.35,0
2025-12-09,2025-07-28,"5.60%",200,5.6,0
2025-12-09,2025-07-28,"5.85%",225,5.85,0
2025-12-09,2025-07-28,"6.10%",250,6.1,0
2025-12-09,2025-07-29,"0.10%",-300,0.1,0
2025-12-09,2025-07-29,"0.35%",-300,0.35,0
2025-12-09,2025-07-29,"0.60%",-300,0.6,0
2025-12-09,2025-07-29,"0.85%",-275,0.85,0
2025-12-09,2025-07-29,"1.10%",-250,1.1,0
2025-12-09,2025-07-29,"1.35%",-225,1.35,0
2025-12-09,2025-07-29,"1.60%",-200,1.6,0
2025-12-09,2025-07-29,"1.85%",-175,1.85,0
2025-12-09,2025-07-29,"2.10%",-150,2.1,0
2025-12-09,2025-07-29,"2.35%",-125,2.35,0
2025-12-09,2025-07-29,"2.60%",-100,2.6,0
2025-12-09,2025-07-29,"2.85%",-75,2.85,0
2025-12-09,2025-07-29,"3.10%",-50,3.1,0.381532447730823
2025-12-09,2025-07-29,"3.35%",-25,3.35,0.584962278873048
2025-12-09,2025-07-29,"3.60%",0,3.6,0.0335052733961294
2025-12-09,2025-07-29,"3.85%",25,3.85,0
2025-12-09,2025-07-29,"4.10%",50,4.1,0
2025-12-09,2025-07-29,"4.35%",75,4.35,0
2025-12-09,2025-07-29,"4.60%",100,4.6,0
2025-12-09,2025-07-29,"4.85%",125,4.85,0
2025-12-09,2025-07-29,"5.10%",150,5.1,0
2025-12-09,2025-07-29,"5.35%",175,5.35,0
2025-12-09,2025-07-29,"5.60%",200,5.6,0
2025-12-09,2025-07-29,"5.85%",225,5.85,0
2025-12-09,2025-07-29,"6.10%",250,6.1,0
2025-12-09,2025-07-30,"0.10%",-300,0.1,0
2025-12-09,2025-07-30,"0.35%",-300,0.35,0
2025-12-09,2025-07-30,"0.60%",-300,0.6,0
2025-12-09,2025-07-30,"0.85%",-275,0.85,0
2025-12-09,2025-07-30,"1.10%",-250,1.1,0
2025-12-09,2025-07-30,"1.35%",-225,1.35,0
2025-12-09,2025-07-30,"1.60%",-200,1.6,0
2025-12-09,2025-07-30,"1.85%",-175,1.85,0
2025-12-09,2025-07-30,"2.10%",-150,2.1,0
2025-12-09,2025-07-30,"2.35%",-125,2.35,0
2025-12-09,2025-07-30,"2.60%",-100,2.6,0
2025-12-09,2025-07-30,"2.85%",-75,2.85,0.0134368522054534
2025-12-09,2025-07-30,"3.10%",-50,3.1,0.380653689736803
2025-12-09,2025-07-30,"3.35%",-25,3.35,0.559116142976836
2025-12-09,2025-07-30,"3.60%",0,3.6,0.0467933150809077
2025-12-09,2025-07-30,"3.85%",25,3.85,0
2025-12-09,2025-07-30,"4.10%",50,4.1,0
2025-12-09,2025-07-30,"4.35%",75,4.35,0
2025-12-09,2025-07-30,"4.60%",100,4.6,0
2025-12-09,2025-07-30,"4.85%",125,4.85,0
2025-12-09,2025-07-30,"5.10%",150,5.1,0
2025-12-09,2025-07-30,"5.35%",175,5.35,0
2025-12-09,2025-07-30,"5.60%",200,5.6,0
2025-12-09,2025-07-30,"5.85%",225,5.85,0
2025-12-09,2025-07-30,"6.10%",250,6.1,0
2025-12-09,2025-07-31,"0.10%",-300,0.1,0
2025-12-09,2025-07-31,"0.35%",-300,0.35,0
2025-12-09,2025-07-31,"0.60%",-300,0.6,0
2025-12-09,2025-07-31,"0.85%",-275,0.85,0
2025-12-09,2025-07-31,"1.10%",-250,1.1,0
2025-12-09,2025-07-31,"1.35%",-225,1.35,0
2025-12-09,2025-07-31,"1.60%",-200,1.6,0
2025-12-09,2025-07-31,"1.85%",-175,1.85,0
2025-12-09,2025-07-31,"2.10%",-150,2.1,0
2025-12-09,2025-07-31,"2.35%",-125,2.35,0
2025-12-09,2025-07-31,"2.60%",-100,2.6,0
2025-12-09,2025-07-31,"2.85%",-75,2.85,0.0222154658237741
2025-12-09,2025-07-31,"3.10%",-50,3.1,0.381559816672106
2025-12-09,2025-07-31,"3.35%",-25,3.35,0.532533970893038
2025-12-09,2025-07-31,"3.60%",0,3.6,0.0636907466110814
2025-12-09,2025-07-31,"3.85%",25,3.85,0
2025-12-09,2025-07-31,"4.10%",50,4.1,0
2025-12-09,2025-07-31,"4.35%",75,4.35,0
2025-12-09,2025-07-31,"4.60%",100,4.6,0
2025-12-09,2025-07-31,"4.85%",125,4.85,0
2025-12-09,2025-07-31,"5.10%",150,5.1,0
2025-12-09,2025-07-31,"5.35%",175,5.35,0
2025-12-09,2025-07-31,"5.60%",200,5.6,0
2025-12-09,2025-07-31,"5.85%",225,5.85,0
2025-12-09,2025-07-31,"6.10%",250,6.1,0
2025-12-09,2025-08-01,"0.10%",-300,0.1,0
2025-12-09,2025-08-01,"0.35%",-300,0.35,0
2025-12-09,2025-08-01,"0.60%",-300,0.6,0
2025-12-09,2025-08-01,"0.85%",-275,0.85,0
2025-12-09,2025-08-01,"1.10%",-250,1.1,0
2025-12-09,2025-08-01,"1.35%",-225,1.35,0
2025-12-09,2025-08-01,"1.60%",-200,1.6,0
2025-12-09,2025-08-01,"1.85%",-175,1.85,0
2025-12-09,2025-08-01,"2.10%",-150,2.1,0
2025-12-09,2025-08-01,"2.35%",-125,2.35,0
2025-12-09,2025-08-01,"2.60%",-100,2.6,0
2025-12-09,2025-08-01,"2.85%",-75,2.85,0.0180607909461586
2025-12-09,2025-08-01,"3.10%",-50,3.1,0.381612879566806
2025-12-09,2025-08-01,"3.35%",-25,3.35,0.544228903601571
2025-12-09,2025-08-01,"3.60%",0,3.6,0.0560974258854652
2025-12-09,2025-08-01,"3.85%",25,3.85,0
2025-12-09,2025-08-01,"4.10%",50,4.1,0
2025-12-09,2025-08-01,"4.35%",75,4.35,0
2025-12-09,2025-08-01,"4.60%",100,4.6,0
2025-12-09,2025-08-01,"4.85%",125,4.85,0
2025-12-09,2025-08-01,"5.10%",150,5.1,0
2025-12-09,2025-08-01,"5.35%",175,5.35,0
2025-12-09,2025-08-01,"5.60%",200,5.6,0
2025-12-09,2025-08-01,"5.85%",225,5.85,0
2025-12-09,2025-08-01,"6.10%",250,6.1,0
2025-12-09,2025-08-03,"0.10%",-300,0.1,0
2025-12-09,2025-08-03,"0.35%",-300,0.35,0
2025-12-09,2025-08-03,"0.60%",-300,0.6,0
2025-12-09,2025-08-03,"0.85%",-275,0.85,0
2025-12-09,2025-08-03,"1.10%",-250,1.1,0
2025-12-09,2025-08-03,"1.35%",-225,1.35,0
2025-12-09,2025-08-03,"1.60%",-200,1.6,0
2025-12-09,2025-08-03,"1.85%",-175,1.85,0
2025-12-09,2025-08-03,"2.10%",-150,2.1,0
2025-12-09,2025-08-03,"2.35%",-125,2.35,0
2025-12-09,2025-08-03,"2.60%",-100,2.6,0
2025-12-09,2025-08-03,"2.85%",-75,2.85,0.0510135304823673
2025-12-09,2025-08-03,"3.10%",-50,3.1,0.372767719760624
2025-12-09,2025-08-03,"3.35%",-25,3.35,0.471558984980281
2025-12-09,2025-08-03,"3.60%",0,3.6,0.104659764776728
2025-12-09,2025-08-03,"3.85%",25,3.85,0
2025-12-09,2025-08-03,"4.10%",50,4.1,0
2025-12-09,2025-08-03,"4.35%",75,4.35,0
2025-12-09,2025-08-03,"4.60%",100,4.6,0
2025-12-09,2025-08-03,"4.85%",125,4.85,0
2025-12-09,2025-08-03,"5.10%",150,5.1,0
2025-12-09,2025-08-03,"5.35%",175,5.35,0
2025-12-09,2025-08-03,"5.60%",200,5.6,0
2025-12-09,2025-08-03,"5.85%",225,5.85,0
2025-12-09,2025-08-03,"6.10%",250,6.1,0
2025-12-09,2025-08-04,"0.10%",-300,0.1,0
2025-12-09,2025-08-04,"0.35%",-300,0.35,0
2025-12-09,2025-08-04,"0.60%",-300,0.6,0
2025-12-09,2025-08-04,"0.85%",-275,0.85,0
2025-12-09,2025-08-04,"1.10%",-250,1.1,0
2025-12-09,2025-08-04,"1.35%",-225,1.35,0
2025-12-09,2025-08-04,"1.60%",-200,1.6,0
2025-12-09,2025-08-04,"1.85%",-175,1.85,0
2025-12-09,2025-08-04,"2.10%",-150,2.1,0
2025-12-09,2025-08-04,"2.35%",-125,2.35,0
2025-12-09,2025-08-04,"2.60%",-100,2.6,0.0116112699356492
2025-12-09,2025-08-04,"2.85%",-75,2.85,0.153320255670226
2025-12-09,2025-08-04,"3.10%",-50,3.1,0.459539709215569
2025-12-09,2025-08-04,"3.35%",-25,3.35,0.32292627292672
2025-12-09,2025-08-04,"3.60%",0,3.6,0.0526024922518354
2025-12-09,2025-08-04,"3.85%",25,3.85,0
2025-12-09,2025-08-04,"4.10%",50,4.1,0
2025-12-09,2025-08-04,"4.35%",75,4.35,0
2025-12-09,2025-08-04,"4.60%",100,4.6,0
2025-12-09,2025-08-04,"4.85%",125,4.85,0
2025-12-09,2025-08-04,"5.10%",150,5.1,0
2025-12-09,2025-08-04,"5.35%",175,5.35,0
2025-12-09,2025-08-04,"5.60%",200,5.6,0
2025-12-09,2025-08-04,"5.85%",225,5.85,0
2025-12-09,2025-08-04,"6.10%",250,6.1,0
2025-12-09,2025-08-05,"0.10%",-300,0.1,0
2025-12-09,2025-08-05,"0.35%",-300,0.35,0
2025-12-09,2025-08-05,"0.60%",-300,0.6,0
2025-12-09,2025-08-05,"0.85%",-275,0.85,0
2025-12-09,2025-08-05,"1.10%",-250,1.1,0
2025-12-09,2025-08-05,"1.35%",-225,1.35,0
2025-12-09,2025-08-05,"1.60%",-200,1.6,0
2025-12-09,2025-08-05,"1.85%",-175,1.85,0
2025-12-09,2025-08-05,"2.10%",-150,2.1,0
2025-12-09,2025-08-05,"2.35%",-125,2.35,0
2025-12-09,2025-08-05,"2.60%",-100,2.6,0
2025-12-09,2025-08-05,"2.85%",-75,2.85,0.119827078615986
2025-12-09,2025-08-05,"3.10%",-50,3.1,0.534645422645581
2025-12-09,2025-08-05,"3.35%",-25,3.35,0.320775272617065
2025-12-09,2025-08-05,"3.60%",0,3.6,0.0247522261213671
2025-12-09,2025-08-05,"3.85%",25,3.85,0
2025-12-09,2025-08-05,"4.10%",50,4.1,0
2025-12-09,2025-08-05,"4.35%",75,4.35,0
2025-12-09,2025-08-05,"4.60%",100,4.6,0
2025-12-09,2025-08-05,"4.85%",125,4.85,0
2025-12-09,2025-08-05,"5.10%",150,5.1,0
2025-12-09,2025-08-05,"5.35%",175,5.35,0
2025-12-09,2025-08-05,"5.60%",200,5.6,0
2025-12-09,2025-08-05,"5.85%",225,5.85,0
2025-12-09,2025-08-05,"6.10%",250,6.1,0
2025-12-09,2025-08-06,"0.10%",-300,0.1,0
2025-12-09,2025-08-06,"0.35%",-300,0.35,0
2025-12-09,2025-08-06,"0.60%",-300,0.6,0
2025-12-09,2025-08-06,"0.85%",-275,0.85,0
2025-12-09,2025-08-06,"1.10%",-250,1.1,0
2025-12-09,2025-08-06,"1.35%",-225,1.35,0
2025-12-09,2025-08-06,"1.60%",-200,1.6,0
2025-12-09,2025-08-06,"1.85%",-175,1.85,0
2025-12-09,2025-08-06,"2.10%",-150,2.1,0
2025-12-09,2025-08-06,"2.35%",-125,2.35,0
2025-12-09,2025-08-06,"2.60%",-100,2.6,0
2025-12-09,2025-08-06,"2.85%",-75,2.85,0.139136456914234
2025-12-09,2025-08-06,"3.10%",-50,3.1,0.501356931587102
2025-12-09,2025-08-06,"3.35%",-25,3.35,0.323137072499528
2025-12-09,2025-08-06,"3.60%",0,3.6,0.0363695389991363
2025-12-09,2025-08-06,"3.85%",25,3.85,0
2025-12-09,2025-08-06,"4.10%",50,4.1,0
2025-12-09,2025-08-06,"4.35%",75,4.35,0
2025-12-09,2025-08-06,"4.60%",100,4.6,0
2025-12-09,2025-08-06,"4.85%",125,4.85,0
2025-12-09,2025-08-06,"5.10%",150,5.1,0
2025-12-09,2025-08-06,"5.35%",175,5.35,0
2025-12-09,2025-08-06,"5.60%",200,5.6,0
2025-12-09,2025-08-06,"5.85%",225,5.85,0
2025-12-09,2025-08-06,"6.10%",250,6.1,0
2025-12-09,2025-08-07,"0.10%",-300,0.1,0
2025-12-09,2025-08-07,"0.35%",-300,0.35,0
2025-12-09,2025-08-07,"0.60%",-300,0.6,0
2025-12-09,2025-08-07,"0.85%",-275,0.85,0
2025-12-09,2025-08-07,"1.10%",-250,1.1,0
2025-12-09,2025-08-07,"1.35%",-225,1.35,0
2025-12-09,2025-08-07,"1.60%",-200,1.6,0
2025-12-09,2025-08-07,"1.85%",-175,1.85,0
2025-12-09,2025-08-07,"2.10%",-150,2.1,0
2025-12-09,2025-08-07,"2.35%",-125,2.35,0
2025-12-09,2025-08-07,"2.60%",-100,2.6,0
2025-12-09,2025-08-07,"2.85%",-75,2.85,0.0416760639688675
2025-12-09,2025-08-07,"3.10%",-50,3.1,0.414183565152275
2025-12-09,2025-08-07,"3.35%",-25,3.35,0.478776817522757
2025-12-09,2025-08-07,"3.60%",0,3.6,0.0653635533561003
2025-12-09,2025-08-07,"3.85%",25,3.85,0
2025-12-09,2025-08-07,"4.10%",50,4.1,0
2025-12-09,2025-08-07,"4.35%",75,4.35,0
2025-12-09,2025-08-07,"4.60%",100,4.6,0
2025-12-09,2025-08-07,"4.85%",125,4.85,0
2025-12-09,2025-08-07,"5.10%",150,5.1,0
2025-12-09,2025-08-07,"5.35%",175,5.35,0
2025-12-09,2025-08-07,"5.60%",200,5.6,0
2025-12-09,2025-08-07,"5.85%",225,5.85,0
2025-12-09,2025-08-07,"6.10%",250,6.1,0
2025-12-09,2025-08-10,"0.10%",-300,0.1,0
2025-12-09,2025-08-10,"0.35%",-300,0.35,0
2025-12-09,2025-08-10,"0.60%",-300,0.6,0
2025-12-09,2025-08-10,"0.85%",-275,0.85,0
2025-12-09,2025-08-10,"1.10%",-250,1.1,0
2025-12-09,2025-08-10,"1.35%",-225,1.35,0
2025-12-09,2025-08-10,"1.60%",-200,1.6,0
2025-12-09,2025-08-10,"1.85%",-175,1.85,0
2025-12-09,2025-08-10,"2.10%",-150,2.1,0
2025-12-09,2025-08-10,"2.35%",-125,2.35,0
2025-12-09,2025-08-10,"2.60%",-100,2.6,0
2025-12-09,2025-08-10,"2.85%",-75,2.85,0.0458388249506807
2025-12-09,2025-08-10,"3.10%",-50,3.1,0.410799882327642
2025-12-09,2025-08-10,"3.35%",-25,3.35,0.472642854223988
2025-12-09,2025-08-10,"3.60%",0,3.6,0.0707184384976889
2025-12-09,2025-08-10,"3.85%",25,3.85,0
2025-12-09,2025-08-10,"4.10%",50,4.1,0
2025-12-09,2025-08-10,"4.35%",75,4.35,0
2025-12-09,2025-08-10,"4.60%",100,4.6,0
2025-12-09,2025-08-10,"4.85%",125,4.85,0
2025-12-09,2025-08-10,"5.10%",150,5.1,0
2025-12-09,2025-08-10,"5.35%",175,5.35,0
2025-12-09,2025-08-10,"5.60%",200,5.6,0
2025-12-09,2025-08-10,"5.85%",225,5.85,0
2025-12-09,2025-08-10,"6.10%",250,6.1,0
2025-12-09,2025-08-11,"0.10%",-300,0.1,0
2025-12-09,2025-08-11,"0.35%",-300,0.35,0
2025-12-09,2025-08-11,"0.60%",-300,0.6,0
2025-12-09,2025-08-11,"0.85%",-275,0.85,0
2025-12-09,2025-08-11,"1.10%",-250,1.1,0
2025-12-09,2025-08-11,"1.35%",-225,1.35,0
2025-12-09,2025-08-11,"1.60%",-200,1.6,0
2025-12-09,2025-08-11,"1.85%",-175,1.85,0
2025-12-09,2025-08-11,"2.10%",-150,2.1,0
2025-12-09,2025-08-11,"2.35%",-125,2.35,0
2025-12-09,2025-08-11,"2.60%",-100,2.6,0
2025-12-09,2025-08-11,"2.85%",-75,2.85,0.0273731550100413
2025-12-09,2025-08-11,"3.10%",-50,3.1,0.323085098507928
2025-12-09,2025-08-11,"3.35%",-25,3.35,0.526456408050731
2025-12-09,2025-08-11,"3.60%",0,3.6,0.1230853384313
2025-12-09,2025-08-11,"3.85%",25,3.85,0
2025-12-09,2025-08-11,"4.10%",50,4.1,0
2025-12-09,2025-08-11,"4.35%",75,4.35,0
2025-12-09,2025-08-11,"4.60%",100,4.6,0
2025-12-09,2025-08-11,"4.85%",125,4.85,0
2025-12-09,2025-08-11,"5.10%",150,5.1,0
2025-12-09,2025-08-11,"5.35%",175,5.35,0
2025-12-09,2025-08-11,"5.60%",200,5.6,0
2025-12-09,2025-08-11,"5.85%",225,5.85,0
2025-12-09,2025-08-11,"6.10%",250,6.1,0
2025-12-09,2025-08-12,"0.10%",-300,0.1,0
2025-12-09,2025-08-12,"0.35%",-300,0.35,0
2025-12-09,2025-08-12,"0.60%",-300,0.6,0
2025-12-09,2025-08-12,"0.85%",-275,0.85,0
2025-12-09,2025-08-12,"1.10%",-250,1.1,0
2025-12-09,2025-08-12,"1.35%",-225,1.35,0
2025-12-09,2025-08-12,"1.60%",-200,1.6,0
2025-12-09,2025-08-12,"1.85%",-175,1.85,0
2025-12-09,2025-08-12,"2.10%",-150,2.1,0
2025-12-09,2025-08-12,"2.35%",-125,2.35,0
2025-12-09,2025-08-12,"2.60%",-100,2.6,0
2025-12-09,2025-08-12,"2.85%",-75,2.85,0.0745493674507599
2025-12-09,2025-08-12,"3.10%",-50,3.1,0.44267490587916
2025-12-09,2025-08-12,"3.35%",-25,3.35,0.419540400968345
2025-12-09,2025-08-12,"3.60%",0,3.6,0.0632353257017359
2025-12-09,2025-08-12,"3.85%",25,3.85,0
2025-12-09,2025-08-12,"4.10%",50,4.1,0
2025-12-09,2025-08-12,"4.35%",75,4.35,0
2025-12-09,2025-08-12,"4.60%",100,4.6,0
2025-12-09,2025-08-12,"4.85%",125,4.85,0
2025-12-09,2025-08-12,"5.10%",150,5.1,0
2025-12-09,2025-08-12,"5.35%",175,5.35,0
2025-12-09,2025-08-12,"5.60%",200,5.6,0
2025-12-09,2025-08-12,"5.85%",225,5.85,0
2025-12-09,2025-08-12,"6.10%",250,6.1,0
2025-12-09,2025-08-13,"0.10%",-300,0.1,0
2025-12-09,2025-08-13,"0.35%",-300,0.35,0
2025-12-09,2025-08-13,"0.60%",-300,0.6,0
2025-12-09,2025-08-13,"0.85%",-275,0.85,0
2025-12-09,2025-08-13,"1.10%",-250,1.1,0
2025-12-09,2025-08-13,"1.35%",-225,1.35,0
2025-12-09,2025-08-13,"1.60%",-200,1.6,0
2025-12-09,2025-08-13,"1.85%",-175,1.85,0
2025-12-09,2025-08-13,"2.10%",-150,2.1,0
2025-12-09,2025-08-13,"2.35%",-125,2.35,0
2025-12-09,2025-08-13,"2.60%",-100,2.6,0
2025-12-09,2025-08-13,"2.85%",-75,2.85,0.0913941028595116
2025-12-09,2025-08-13,"3.10%",-50,3.1,0.478217451887539
2025-12-09,2025-08-13,"3.35%",-25,3.35,0.383857202462445
2025-12-09,2025-08-13,"3.60%",0,3.6,0.0465312427905046
2025-12-09,2025-08-13,"3.85%",25,3.85,0
2025-12-09,2025-08-13,"4.10%",50,4.1,0
2025-12-09,2025-08-13,"4.35%",75,4.35,0
2025-12-09,2025-08-13,"4.60%",100,4.6,0
2025-12-09,2025-08-13,"4.85%",125,4.85,0
2025-12-09,2025-08-13,"5.10%",150,5.1,0
2025-12-09,2025-08-13,"5.35%",175,5.35,0
2025-12-09,2025-08-13,"5.60%",200,5.6,0
2025-12-09,2025-08-13,"5.85%",225,5.85,0
2025-12-09,2025-08-13,"6.10%",250,6.1,0
2025-12-09,2025-08-14,"0.10%",-300,0.1,0
2025-12-09,2025-08-14,"0.35%",-300,0.35,0
2025-12-09,2025-08-14,"0.60%",-300,0.6,0
2025-12-09,2025-08-14,"0.85%",-275,0.85,0
2025-12-09,2025-08-14,"1.10%",-250,1.1,0
2025-12-09,2025-08-14,"1.35%",-225,1.35,0
2025-12-09,2025-08-14,"1.60%",-200,1.6,0
2025-12-09,2025-08-14,"1.85%",-175,1.85,0
2025-12-09,2025-08-14,"2.10%",-150,2.1,0
2025-12-09,2025-08-14,"2.35%",-125,2.35,0
2025-12-09,2025-08-14,"2.60%",-100,2.6,0
2025-12-09,2025-08-14,"2.85%",-75,2.85,0.0881862664118669
2025-12-09,2025-08-14,"3.10%",-50,3.1,0.496780891903342
2025-12-09,2025-08-14,"3.35%",-25,3.35,0.377311868540484
2025-12-09,2025-08-14,"3.60%",0,3.6,0.0377209731443075
2025-12-09,2025-08-14,"3.85%",25,3.85,0
2025-12-09,2025-08-14,"4.10%",50,4.1,0
2025-12-09,2025-08-14,"4.35%",75,4.35,0
2025-12-09,2025-08-14,"4.60%",100,4.6,0
2025-12-09,2025-08-14,"4.85%",125,4.85,0
2025-12-09,2025-08-14,"5.10%",150,5.1,0
2025-12-09,2025-08-14,"5.35%",175,5.35,0
2025-12-09,2025-08-14,"5.60%",200,5.6,0
2025-12-09,2025-08-14,"5.85%",225,5.85,0
2025-12-09,2025-08-14,"6.10%",250,6.1,0
2025-12-09,2025-08-17,"0.10%",-300,0.1,0
2025-12-09,2025-08-17,"0.35%",-300,0.35,0
2025-12-09,2025-08-17,"0.60%",-300,0.6,0
2025-12-09,2025-08-17,"0.85%",-275,0.85,0
2025-12-09,2025-08-17,"1.10%",-250,1.1,0
2025-12-09,2025-08-17,"1.35%",-225,1.35,0
2025-12-09,2025-08-17,"1.60%",-200,1.6,0
2025-12-09,2025-08-17,"1.85%",-175,1.85,0
2025-12-09,2025-08-17,"2.10%",-150,2.1,0
2025-12-09,2025-08-17,"2.35%",-125,2.35,0
2025-12-09,2025-08-17,"2.60%",-100,2.6,0
2025-12-09,2025-08-17,"2.85%",-75,2.85,0.0340915130176559
2025-12-09,2025-08-17,"3.10%",-50,3.1,0.531575861896284
2025-12-09,2025-08-17,"3.35%",-25,3.35,0.418717892393586
2025-12-09,2025-08-17,"3.60%",0,3.6,0.0156147326924737
2025-12-09,2025-08-17,"3.85%",25,3.85,0
2025-12-09,2025-08-17,"4.10%",50,4.1,0
2025-12-09,2025-08-17,"4.35%",75,4.35,0
2025-12-09,2025-08-17,"4.60%",100,4.6,0
2025-12-09,2025-08-17,"4.85%",125,4.85,0
2025-12-09,2025-08-17,"5.10%",150,5.1,0
2025-12-09,2025-08-17,"5.35%",175,5.35,0
2025-12-09,2025-08-17,"5.60%",200,5.6,0
2025-12-09,2025-08-17,"5.85%",225,5.85,0
2025-12-09,2025-08-17,"6.10%",250,6.1,0
2025-12-09,2025-08-18,"0.10%",-300,0.1,0
2025-12-09,2025-08-18,"0.35%",-300,0.35,0
2025-12-09,2025-08-18,"0.60%",-300,0.6,0
2025-12-09,2025-08-18,"0.85%",-275,0.85,0
2025-12-09,2025-08-18,"1.10%",-250,1.1,0
2025-12-09,2025-08-18,"1.35%",-225,1.35,0
2025-12-09,2025-08-18,"1.60%",-200,1.6,0
2025-12-09,2025-08-18,"1.85%",-175,1.85,0
2025-12-09,2025-08-18,"2.10%",-150,2.1,0
2025-12-09,2025-08-18,"2.35%",-125,2.35,0
2025-12-09,2025-08-18,"2.60%",-100,2.6,0
2025-12-09,2025-08-18,"2.85%",-75,2.85,0.0214025653481122
2025-12-09,2025-08-18,"3.10%",-50,3.1,0.427868142895003
2025-12-09,2025-08-18,"3.35%",-25,3.35,0.512453419804148
2025-12-09,2025-08-18,"3.60%",0,3.6,0.038275871952737
2025-12-09,2025-08-18,"3.85%",25,3.85,0
2025-12-09,2025-08-18,"4.10%",50,4.1,0
2025-12-09,2025-08-18,"4.35%",75,4.35,0
2025-12-09,2025-08-18,"4.60%",100,4.6,0
2025-12-09,2025-08-18,"4.85%",125,4.85,0
2025-12-09,2025-08-18,"5.10%",150,5.1,0
2025-12-09,2025-08-18,"5.35%",175,5.35,0
2025-12-09,2025-08-18,"5.60%",200,5.6,0
2025-12-09,2025-08-18,"5.85%",225,5.85,0
2025-12-09,2025-08-18,"6.10%",250,6.1,0
2025-12-09,2025-08-19,"0.10%",-300,0.1,0
2025-12-09,2025-08-19,"0.35%",-300,0.35,0
2025-12-09,2025-08-19,"0.60%",-300,0.6,0
2025-12-09,2025-08-19,"0.85%",-275,0.85,0
2025-12-09,2025-08-19,"1.10%",-250,1.1,0
2025-12-09,2025-08-19,"1.35%",-225,1.35,0
2025-12-09,2025-08-19,"1.60%",-200,1.6,0
2025-12-09,2025-08-19,"1.85%",-175,1.85,0
2025-12-09,2025-08-19,"2.10%",-150,2.1,0
2025-12-09,2025-08-19,"2.35%",-125,2.35,0
2025-12-09,2025-08-19,"2.60%",-100,2.6,0
2025-12-09,2025-08-19,"2.85%",-75,2.85,0.0446010520796514
2025-12-09,2025-08-19,"3.10%",-50,3.1,0.523075303351669
2025-12-09,2025-08-19,"3.35%",-25,3.35,0.411640294787846
2025-12-09,2025-08-19,"3.60%",0,3.6,0.0206833497808341
2025-12-09,2025-08-19,"3.85%",25,3.85,0
2025-12-09,2025-08-19,"4.10%",50,4.1,0
2025-12-09,2025-08-19,"4.35%",75,4.35,0
2025-12-09,2025-08-19,"4.60%",100,4.6,0
2025-12-09,2025-08-19,"4.85%",125,4.85,0
2025-12-09,2025-08-19,"5.10%",150,5.1,0
2025-12-09,2025-08-19,"5.35%",175,5.35,0
2025-12-09,2025-08-19,"5.60%",200,5.6,0
2025-12-09,2025-08-19,"5.85%",225,5.85,0
2025-12-09,2025-08-19,"6.10%",250,6.1,0
2025-12-09,2025-08-20,"0.10%",-300,0.1,0
2025-12-09,2025-08-20,"0.35%",-300,0.35,0
2025-12-09,2025-08-20,"0.60%",-300,0.6,0
2025-12-09,2025-08-20,"0.85%",-275,0.85,0
2025-12-09,2025-08-20,"1.10%",-250,1.1,0
2025-12-09,2025-08-20,"1.35%",-225,1.35,0
2025-12-09,2025-08-20,"1.60%",-200,1.6,0
2025-12-09,2025-08-20,"1.85%",-175,1.85,0
2025-12-09,2025-08-20,"2.10%",-150,2.1,0
2025-12-09,2025-08-20,"2.35%",-125,2.35,0
2025-12-09,2025-08-20,"2.60%",-100,2.6,0
2025-12-09,2025-08-20,"2.85%",-75,2.85,0.0248709252771487
2025-12-09,2025-08-20,"3.10%",-50,3.1,0.461835341307011
2025-12-09,2025-08-20,"3.35%",-25,3.35,0.48428863237895
2025-12-09,2025-08-20,"3.60%",0,3.6,0.0290051010368907
2025-12-09,2025-08-20,"3.85%",25,3.85,0
2025-12-09,2025-08-20,"4.10%",50,4.1,0
2025-12-09,2025-08-20,"4.35%",75,4.35,0
2025-12-09,2025-08-20,"4.60%",100,4.6,0
2025-12-09,2025-08-20,"4.85%",125,4.85,0
2025-12-09,2025-08-20,"5.10%",150,5.1,0
2025-12-09,2025-08-20,"5.35%",175,5.35,0
2025-12-09,2025-08-20,"5.60%",200,5.6,0
2025-12-09,2025-08-20,"5.85%",225,5.85,0
2025-12-09,2025-08-20,"6.10%",250,6.1,0
2025-12-09,2025-08-21,"0.10%",-300,0.1,0
2025-12-09,2025-08-21,"0.35%",-300,0.35,0
2025-12-09,2025-08-21,"0.60%",-300,0.6,0
2025-12-09,2025-08-21,"0.85%",-275,0.85,0
2025-12-09,2025-08-21,"1.10%",-250,1.1,0
2025-12-09,2025-08-21,"1.35%",-225,1.35,0
2025-12-09,2025-08-21,"1.60%",-200,1.6,0
2025-12-09,2025-08-21,"1.85%",-175,1.85,0
2025-12-09,2025-08-21,"2.10%",-150,2.1,0
2025-12-09,2025-08-21,"2.35%",-125,2.35,0
2025-12-09,2025-08-21,"2.60%",-100,2.6,0
2025-12-09,2025-08-21,"2.85%",-75,2.85,0.0205516130262118
2025-12-09,2025-08-21,"3.10%",-50,3.1,0.483640778611434
2025-12-09,2025-08-21,"3.35%",-25,3.35,0.476274517981701
2025-12-09,2025-08-21,"3.60%",0,3.6,0.0195330903806529
2025-12-09,2025-08-21,"3.85%",25,3.85,0
2025-12-09,2025-08-21,"4.10%",50,4.1,0
2025-12-09,2025-08-21,"4.35%",75,4.35,0
2025-12-09,2025-08-21,"4.60%",100,4.6,0
2025-12-09,2025-08-21,"4.85%",125,4.85,0
2025-12-09,2025-08-21,"5.10%",150,5.1,0
2025-12-09,2025-08-21,"5.35%",175,5.35,0
2025-12-09,2025-08-21,"5.60%",200,5.6,0
2025-12-09,2025-08-21,"5.85%",225,5.85,0
2025-12-09,2025-08-21,"6.10%",250,6.1,0
2025-12-09,2025-08-24,"0.10%",-300,0.1,0
2025-12-09,2025-08-24,"0.35%",-300,0.35,0
2025-12-09,2025-08-24,"0.60%",-300,0.6,0
2025-12-09,2025-08-24,"0.85%",-275,0.85,0
2025-12-09,2025-08-24,"1.10%",-250,1.1,0
2025-12-09,2025-08-24,"1.35%",-225,1.35,0
2025-12-09,2025-08-24,"1.60%",-200,1.6,0
2025-12-09,2025-08-24,"1.85%",-175,1.85,0
2025-12-09,2025-08-24,"2.10%",-150,2.1,0
2025-12-09,2025-08-24,"2.35%",-125,2.35,0
2025-12-09,2025-08-24,"2.60%",-100,2.6,0
2025-12-09,2025-08-24,"2.85%",-75,2.85,0.0280772134232477
2025-12-09,2025-08-24,"3.10%",-50,3.1,0.497764823917292
2025-12-09,2025-08-24,"3.35%",-25,3.35,0.453449165885987
2025-12-09,2025-08-24,"3.60%",0,3.6,0.0207087967734733
2025-12-09,2025-08-24,"3.85%",25,3.85,0
2025-12-09,2025-08-24,"4.10%",50,4.1,0
2025-12-09,2025-08-24,"4.35%",75,4.35,0
2025-12-09,2025-08-24,"4.60%",100,4.6,0
2025-12-09,2025-08-24,"4.85%",125,4.85,0
2025-12-09,2025-08-24,"5.10%",150,5.1,0
2025-12-09,2025-08-24,"5.35%",175,5.35,0
2025-12-09,2025-08-24,"5.60%",200,5.6,0
2025-12-09,2025-08-24,"5.85%",225,5.85,0
2025-12-09,2025-08-24,"6.10%",250,6.1,0
2025-12-09,2025-08-25,"0.10%",-300,0.1,0
2025-12-09,2025-08-25,"0.35%",-300,0.35,0
2025-12-09,2025-08-25,"0.60%",-300,0.6,0
2025-12-09,2025-08-25,"0.85%",-275,0.85,0
2025-12-09,2025-08-25,"1.10%",-250,1.1,0
2025-12-09,2025-08-25,"1.35%",-225,1.35,0
2025-12-09,2025-08-25,"1.60%",-200,1.6,0
2025-12-09,2025-08-25,"1.85%",-175,1.85,0
2025-12-09,2025-08-25,"2.10%",-150,2.1,0
2025-12-09,2025-08-25,"2.35%",-125,2.35,0
2025-12-09,2025-08-25,"2.60%",-100,2.6,0
2025-12-09,2025-08-25,"2.85%",-75,2.85,0.031830960195627
2025-12-09,2025-08-25,"3.10%",-50,3.1,0.469599269382725
2025-12-09,2025-08-25,"3.35%",-25,3.35,0.467246701199222
2025-12-09,2025-08-25,"3.60%",0,3.6,0.0313230692224261
2025-12-09,2025-08-25,"3.85%",25,3.85,0
2025-12-09,2025-08-25,"4.10%",50,4.1,0
2025-12-09,2025-08-25,"4.35%",75,4.35,0
2025-12-09,2025-08-25,"4.60%",100,4.6,0
2025-12-09,2025-08-25,"4.85%",125,4.85,0
2025-12-09,2025-08-25,"5.10%",150,5.1,0
2025-12-09,2025-08-25,"5.35%",175,5.35,0
2025-12-09,2025-08-25,"5.60%",200,5.6,0
2025-12-09,2025-08-25,"5.85%",225,5.85,0
2025-12-09,2025-08-25,"6.10%",250,6.1,0
2025-12-09,2025-08-26,"0.10%",-300,0.1,0
2025-12-09,2025-08-26,"0.35%",-300,0.35,0
2025-12-09,2025-08-26,"0.60%",-300,0.6,0
2025-12-09,2025-08-26,"0.85%",-275,0.85,0
2025-12-09,2025-08-26,"1.10%",-250,1.1,0
2025-12-09,2025-08-26,"1.35%",-225,1.35,0
2025-12-09,2025-08-26,"1.60%",-200,1.6,0
2025-12-09,2025-08-26,"1.85%",-175,1.85,0
2025-12-09,2025-08-26,"2.10%",-150,2.1,0
2025-12-09,2025-08-26,"2.35%",-125,2.35,0
2025-12-09,2025-08-26,"2.60%",-100,2.6,0
2025-12-09,2025-08-26,"2.85%",-75,2.85,0.020345733166211
2025-12-09,2025-08-26,"3.10%",-50,3.1,0.39032011933865
2025-12-09,2025-08-26,"3.35%",-25,3.35,0.534111867809125
2025-12-09,2025-08-26,"3.60%",0,3.6,0.0552222796860132
2025-12-09,2025-08-26,"3.85%",25,3.85,0
2025-12-09,2025-08-26,"4.10%",50,4.1,0
2025-12-09,2025-08-26,"4.35%",75,4.35,0
2025-12-09,2025-08-26,"4.60%",100,4.6,0
2025-12-09,2025-08-26,"4.85%",125,4.85,0
2025-12-09,2025-08-26,"5.10%",150,5.1,0
2025-12-09,2025-08-26,"5.35%",175,5.35,0
2025-12-09,2025-08-26,"5.60%",200,5.6,0
2025-12-09,2025-08-26,"5.85%",225,5.85,0
2025-12-09,2025-08-26,"6.10%",250,6.1,0
2025-12-09,2025-08-27,"0.10%",-300,0.1,0
2025-12-09,2025-08-27,"0.35%",-300,0.35,0
2025-12-09,2025-08-27,"0.60%",-300,0.6,0
2025-12-09,2025-08-27,"0.85%",-275,0.85,0
2025-12-09,2025-08-27,"1.10%",-250,1.1,0
2025-12-09,2025-08-27,"1.35%",-225,1.35,0
2025-12-09,2025-08-27,"1.60%",-200,1.6,0
2025-12-09,2025-08-27,"1.85%",-175,1.85,0
2025-12-09,2025-08-27,"2.10%",-150,2.1,0
2025-12-09,2025-08-27,"2.35%",-125,2.35,0
2025-12-09,2025-08-27,"2.60%",-100,2.6,0
2025-12-09,2025-08-27,"2.85%",-75,2.85,0.0105737268561234
2025-12-09,2025-08-27,"3.10%",-50,3.1,0.372485374436004
2025-12-09,2025-08-27,"3.35%",-25,3.35,0.573404373187846
2025-12-09,2025-08-27,"3.60%",0,3.6,0.0435365255200259
2025-12-09,2025-08-27,"3.85%",25,3.85,0
2025-12-09,2025-08-27,"4.10%",50,4.1,0
2025-12-09,2025-08-27,"4.35%",75,4.35,0
2025-12-09,2025-08-27,"4.60%",100,4.6,0
2025-12-09,2025-08-27,"4.85%",125,4.85,0
2025-12-09,2025-08-27,"5.10%",150,5.1,0
2025-12-09,2025-08-27,"5.35%",175,5.35,0
2025-12-09,2025-08-27,"5.60%",200,5.6,0
2025-12-09,2025-08-27,"5.85%",225,5.85,0
2025-12-09,2025-08-27,"6.10%",250,6.1,0
2025-12-09,2025-08-28,"0.10%",-300,0.1,0
2025-12-09,2025-08-28,"0.35%",-300,0.35,0
2025-12-09,2025-08-28,"0.60%",-300,0.6,0
2025-12-09,2025-08-28,"0.85%",-275,0.85,0
2025-12-09,2025-08-28,"1.10%",-250,1.1,0
2025-12-09,2025-08-28,"1.35%",-225,1.35,0
2025-12-09,2025-08-28,"1.60%",-200,1.6,0
2025-12-09,2025-08-28,"1.85%",-175,1.85,0
2025-12-09,2025-08-28,"2.10%",-150,2.1,0
2025-12-09,2025-08-28,"2.35%",-125,2.35,0
2025-12-09,2025-08-28,"2.60%",-100,2.6,0
2025-12-09,2025-08-28,"2.85%",-75,2.85,0
2025-12-09,2025-08-28,"3.10%",-50,3.1,0.366764912826961
2025-12-09,2025-08-28,"3.35%",-25,3.35,0.604895508597813
2025-12-09,2025-08-28,"3.60%",0,3.6,0.0283395785752254
2025-12-09,2025-08-28,"3.85%",25,3.85,0
2025-12-09,2025-08-28,"4.10%",50,4.1,0
2025-12-09,2025-08-28,"4.35%",75,4.35,0
2025-12-09,2025-08-28,"4.60%",100,4.6,0
2025-12-09,2025-08-28,"4.85%",125,4.85,0
2025-12-09,2025-08-28,"5.10%",150,5.1,0
2025-12-09,2025-08-28,"5.35%",175,5.35,0
2025-12-09,2025-08-28,"5.60%",200,5.6,0
2025-12-09,2025-08-28,"5.85%",225,5.85,0
2025-12-09,2025-08-28,"6.10%",250,6.1,0
2025-12-09,2025-08-31,"0.10%",-300,0.1,0
2025-12-09,2025-08-31,"0.35%",-300,0.35,0
2025-12-09,2025-08-31,"0.60%",-300,0.6,0
2025-12-09,2025-08-31,"0.85%",-275,0.85,0
2025-12-09,2025-08-31,"1.10%",-250,1.1,0
2025-12-09,2025-08-31,"1.35%",-225,1.35,0
2025-12-09,2025-08-31,"1.60%",-200,1.6,0
2025-12-09,2025-08-31,"1.85%",-175,1.85,0
2025-12-09,2025-08-31,"2.10%",-150,2.1,0
2025-12-09,2025-08-31,"2.35%",-125,2.35,0
2025-12-09,2025-08-31,"2.60%",-100,2.6,0
2025-12-09,2025-08-31,"2.85%",-75,2.85,0
2025-12-09,2025-08-31,"3.10%",-50,3.1,0.37466802562428
2025-12-09,2025-08-31,"3.35%",-25,3.35,0.611156560715306
2025-12-09,2025-08-31,"3.60%",0,3.6,0.0141754136604137
2025-12-09,2025-08-31,"3.85%",25,3.85,0
2025-12-09,2025-08-31,"4.10%",50,4.1,0
2025-12-09,2025-08-31,"4.35%",75,4.35,0
2025-12-09,2025-08-31,"4.60%",100,4.6,0
2025-12-09,2025-08-31,"4.85%",125,4.85,0
2025-12-09,2025-08-31,"5.10%",150,5.1,0
2025-12-09,2025-08-31,"5.35%",175,5.35,0
2025-12-09,2025-08-31,"5.60%",200,5.6,0
2025-12-09,2025-08-31,"5.85%",225,5.85,0
2025-12-09,2025-08-31,"6.10%",250,6.1,0
2025-12-09,2025-09-01,"0.10%",-300,0.1,0
2025-12-09,2025-09-01,"0.35%",-300,0.35,0
2025-12-09,2025-09-01,"0.60%",-300,0.6,0
2025-12-09,2025-09-01,"0.85%",-275,0.85,0
2025-12-09,2025-09-01,"1.10%",-250,1.1,0
2025-12-09,2025-09-01,"1.35%",-225,1.35,0
2025-12-09,2025-09-01,"1.60%",-200,1.6,0
2025-12-09,2025-09-01,"1.85%",-175,1.85,0
2025-12-09,2025-09-01,"2.10%",-150,2.1,0
2025-12-09,2025-09-01,"2.35%",-125,2.35,0
2025-12-09,2025-09-01,"2.60%",-100,2.6,0
2025-12-09,2025-09-01,"2.85%",-75,2.85,0
2025-12-09,2025-09-01,"3.10%",-50,3.1,0.321782534256
2025-12-09,2025-09-01,"3.35%",-25,3.35,0.652614083949961
2025-12-09,2025-09-01,"3.60%",0,3.6,0.025603381794039
2025-12-09,2025-09-01,"3.85%",25,3.85,0
2025-12-09,2025-09-01,"4.10%",50,4.1,0
2025-12-09,2025-09-01,"4.35%",75,4.35,0
2025-12-09,2025-09-01,"4.60%",100,4.6,0
2025-12-09,2025-09-01,"4.85%",125,4.85,0
2025-12-09,2025-09-01,"5.10%",150,5.1,0
2025-12-09,2025-09-01,"5.35%",175,5.35,0
2025-12-09,2025-09-01,"5.60%",200,5.6,0
2025-12-09,2025-09-01,"5.85%",225,5.85,0
2025-12-09,2025-09-01,"6.10%",250,6.1,0
2025-12-09,2025-09-02,"0.10%",-300,0.1,0
2025-12-09,2025-09-02,"0.35%",-300,0.35,0
2025-12-09,2025-09-02,"0.60%",-300,0.6,0
2025-12-09,2025-09-02,"0.85%",-275,0.85,0
2025-12-09,2025-09-02,"1.10%",-250,1.1,0
2025-12-09,2025-09-02,"1.35%",-225,1.35,0
2025-12-09,2025-09-02,"1.60%",-200,1.6,0
2025-12-09,2025-09-02,"1.85%",-175,1.85,0
2025-12-09,2025-09-02,"2.10%",-150,2.1,0
2025-12-09,2025-09-02,"2.35%",-125,2.35,0
2025-12-09,2025-09-02,"2.60%",-100,2.6,0
2025-12-09,2025-09-02,"2.85%",-75,2.85,0
2025-12-09,2025-09-02,"3.10%",-50,3.1,0.22914557113723
2025-12-09,2025-09-02,"3.35%",-25,3.35,0.641335712713601
2025-12-09,2025-09-02,"3.60%",0,3.6,0.129518716149168
2025-12-09,2025-09-02,"3.85%",25,3.85,0
2025-12-09,2025-09-02,"4.10%",50,4.1,0
2025-12-09,2025-09-02,"4.35%",75,4.35,0
2025-12-09,2025-09-02,"4.60%",100,4.6,0
2025-12-09,2025-09-02,"4.85%",125,4.85,0
2025-12-09,2025-09-02,"5.10%",150,5.1,0
2025-12-09,2025-09-02,"5.35%",175,5.35,0
2025-12-09,2025-09-02,"5.60%",200,5.6,0
2025-12-09,2025-09-02,"5.85%",225,5.85,0
2025-12-09,2025-09-02,"6.10%",250,6.1,0
2025-12-09,2025-09-03,"0.10%",-300,0.1,0
2025-12-09,2025-09-03,"0.35%",-300,0.35,0
2025-12-09,2025-09-03,"0.60%",-300,0.6,0
2025-12-09,2025-09-03,"0.85%",-275,0.85,0
2025-12-09,2025-09-03,"1.10%",-250,1.1,0
2025-12-09,2025-09-03,"1.35%",-225,1.35,0
2025-12-09,2025-09-03,"1.60%",-200,1.6,0
2025-12-09,2025-09-03,"1.85%",-175,1.85,0
2025-12-09,2025-09-03,"2.10%",-150,2.1,0
2025-12-09,2025-09-03,"2.35%",-125,2.35,0
2025-12-09,2025-09-03,"2.60%",-100,2.6,0
2025-12-09,2025-09-03,"2.85%",-75,2.85,0
2025-12-09,2025-09-03,"3.10%",-50,3.1,0.27018592703384
2025-12-09,2025-09-03,"3.35%",-25,3.35,0.606497604115117
2025-12-09,2025-09-03,"3.60%",0,3.6,0.123316468851043
2025-12-09,2025-09-03,"3.85%",25,3.85,0
2025-12-09,2025-09-03,"4.10%",50,4.1,0
2025-12-09,2025-09-03,"4.35%",75,4.35,0
2025-12-09,2025-09-03,"4.60%",100,4.6,0
2025-12-09,2025-09-03,"4.85%",125,4.85,0
2025-12-09,2025-09-03,"5.10%",150,5.1,0
2025-12-09,2025-09-03,"5.35%",175,5.35,0
2025-12-09,2025-09-03,"5.60%",200,5.6,0
2025-12-09,2025-09-03,"5.85%",225,5.85,0
2025-12-09,2025-09-03,"6.10%",250,6.1,0
2025-12-09,2025-09-04,"0.10%",-300,0.1,0
2025-12-09,2025-09-04,"0.35%",-300,0.35,0
2025-12-09,2025-09-04,"0.60%",-300,0.6,0
2025-12-09,2025-09-04,"0.85%",-275,0.85,0
2025-12-09,2025-09-04,"1.10%",-250,1.1,0
2025-12-09,2025-09-04,"1.35%",-225,1.35,0
2025-12-09,2025-09-04,"1.60%",-200,1.6,0
2025-12-09,2025-09-04,"1.85%",-175,1.85,0
2025-12-09,2025-09-04,"2.10%",-150,2.1,0
2025-12-09,2025-09-04,"2.35%",-125,2.35,0
2025-12-09,2025-09-04,"2.60%",-100,2.6,0
2025-12-09,2025-09-04,"2.85%",-75,2.85,0
2025-12-09,2025-09-04,"3.10%",-50,3.1,0.258613317721676
2025-12-09,2025-09-04,"3.35%",-25,3.35,0.608239973904428
2025-12-09,2025-09-04,"3.60%",0,3.6,0.133146708373895
2025-12-09,2025-09-04,"3.85%",25,3.85,0
2025-12-09,2025-09-04,"4.10%",50,4.1,0
2025-12-09,2025-09-04,"4.35%",75,4.35,0
2025-12-09,2025-09-04,"4.60%",100,4.6,0
2025-12-09,2025-09-04,"4.85%",125,4.85,0
2025-12-09,2025-09-04,"5.10%",150,5.1,0
2025-12-09,2025-09-04,"5.35%",175,5.35,0
2025-12-09,2025-09-04,"5.60%",200,5.6,0
2025-12-09,2025-09-04,"5.85%",225,5.85,0
2025-12-09,2025-09-04,"6.10%",250,6.1,0
2025-12-09,2025-09-07,"0.10%",-300,0.1,0
2025-12-09,2025-09-07,"0.35%",-300,0.35,0
2025-12-09,2025-09-07,"0.60%",-300,0.6,0
2025-12-09,2025-09-07,"0.85%",-275,0.85,0
2025-12-09,2025-09-07,"1.10%",-250,1.1,0
2025-12-09,2025-09-07,"1.35%",-225,1.35,0
2025-12-09,2025-09-07,"1.60%",-200,1.6,0
2025-12-09,2025-09-07,"1.85%",-175,1.85,0
2025-12-09,2025-09-07,"2.10%",-150,2.1,0
2025-12-09,2025-09-07,"2.35%",-125,2.35,0
2025-12-09,2025-09-07,"2.60%",-100,2.6,0
2025-12-09,2025-09-07,"2.85%",-75,2.85,0.0297051649351839
2025-12-09,2025-09-07,"3.10%",-50,3.1,0.328412965161196
2025-12-09,2025-09-07,"3.35%",-25,3.35,0.519897190089998
2025-12-09,2025-09-07,"3.60%",0,3.6,0.121984679813622
2025-12-09,2025-09-07,"3.85%",25,3.85,0
2025-12-09,2025-09-07,"4.10%",50,4.1,0
2025-12-09,2025-09-07,"4.35%",75,4.35,0
2025-12-09,2025-09-07,"4.60%",100,4.6,0
2025-12-09,2025-09-07,"4.85%",125,4.85,0
2025-12-09,2025-09-07,"5.10%",150,5.1,0
2025-12-09,2025-09-07,"5.35%",175,5.35,0
2025-12-09,2025-09-07,"5.60%",200,5.6,0
2025-12-09,2025-09-07,"5.85%",225,5.85,0
2025-12-09,2025-09-07,"6.10%",250,6.1,0
2025-12-09,2025-09-08,"0.10%",-300,0.1,0
2025-12-09,2025-09-08,"0.35%",-300,0.35,0
2025-12-09,2025-09-08,"0.60%",-300,0.6,0
2025-12-09,2025-09-08,"0.85%",-275,0.85,0
2025-12-09,2025-09-08,"1.10%",-250,1.1,0
2025-12-09,2025-09-08,"1.35%",-225,1.35,0
2025-12-09,2025-09-08,"1.60%",-200,1.6,0
2025-12-09,2025-09-08,"1.85%",-175,1.85,0
2025-12-09,2025-09-08,"2.10%",-150,2.1,0
2025-12-09,2025-09-08,"2.35%",-125,2.35,0
2025-12-09,2025-09-08,"2.60%",-100,2.6,0
2025-12-09,2025-09-08,"2.85%",-75,2.85,0.0365460203511546
2025-12-09,2025-09-08,"3.10%",-50,3.1,0.294194828197343
2025-12-09,2025-09-08,"3.35%",-25,3.35,0.487564070677693
2025-12-09,2025-09-08,"3.60%",0,3.6,0.169758240484255
2025-12-09,2025-09-08,"3.85%",25,3.85,0.0119368402895544
2025-12-09,2025-09-08,"4.10%",50,4.1,0
2025-12-09,2025-09-08,"4.35%",75,4.35,0
2025-12-09,2025-09-08,"4.60%",100,4.6,0
2025-12-09,2025-09-08,"4.85%",125,4.85,0
2025-12-09,2025-09-08,"5.10%",150,5.1,0
2025-12-09,2025-09-08,"5.35%",175,5.35,0
2025-12-09,2025-09-08,"5.60%",200,5.6,0
2025-12-09,2025-09-08,"5.85%",225,5.85,0
2025-12-09,2025-09-08,"6.10%",250,6.1,0
2025-12-09,2025-09-09,"0.10%",-300,0.1,0
2025-12-09,2025-09-09,"0.35%",-300,0.35,0
2025-12-09,2025-09-09,"0.60%",-300,0.6,0
2025-12-09,2025-09-09,"0.85%",-275,0.85,0
2025-12-09,2025-09-09,"1.10%",-250,1.1,0
2025-12-09,2025-09-09,"1.35%",-225,1.35,0
2025-12-09,2025-09-09,"1.60%",-200,1.6,0
2025-12-09,2025-09-09,"1.85%",-175,1.85,0
2025-12-09,2025-09-09,"2.10%",-150,2.1,0
2025-12-09,2025-09-09,"2.35%",-125,2.35,0.0112257571393815
2025-12-09,2025-09-09,"2.60%",-100,2.6,0.0483054177165306
2025-12-09,2025-09-09,"2.85%",-75,2.85,0.133029013845248
2025-12-09,2025-09-09,"3.10%",-50,3.1,0.234636108468303
2025-12-09,2025-09-09,"3.35%",-25,3.35,0.265176859344206
2025-12-09,2025-09-09,"3.60%",0,3.6,0.192048837754465
2025-12-09,2025-09-09,"3.85%",25,3.85,0.0891067325467498
2025-12-09,2025-09-09,"4.10%",50,4.1,0.0264712731851156
2025-12-09,2025-09-09,"4.35%",75,4.35,0
2025-12-09,2025-09-09,"4.60%",100,4.6,0
2025-12-09,2025-09-09,"4.85%",125,4.85,0
2025-12-09,2025-09-09,"5.10%",150,5.1,0
2025-12-09,2025-09-09,"5.35%",175,5.35,0
2025-12-09,2025-09-09,"5.60%",200,5.6,0
2025-12-09,2025-09-09,"5.85%",225,5.85,0
2025-12-09,2025-09-09,"6.10%",250,6.1,0
2025-12-09,2025-09-10,"0.10%",-300,0.1,0
2025-12-09,2025-09-10,"0.35%",-300,0.35,0
2025-12-09,2025-09-10,"0.60%",-300,0.6,0
2025-12-09,2025-09-10,"0.85%",-275,0.85,0
2025-12-09,2025-09-10,"1.10%",-250,1.1,0
2025-12-09,2025-09-10,"1.35%",-225,1.35,0
2025-12-09,2025-09-10,"1.60%",-200,1.6,0
2025-12-09,2025-09-10,"1.85%",-175,1.85,0
2025-12-09,2025-09-10,"2.10%",-150,2.1,0
2025-12-09,2025-09-10,"2.35%",-125,2.35,0
2025-12-09,2025-09-10,"2.60%",-100,2.6,0
2025-12-09,2025-09-10,"2.85%",-75,2.85,0.0437969928914864
2025-12-09,2025-09-10,"3.10%",-50,3.1,0.302281004790951
2025-12-09,2025-09-10,"3.35%",-25,3.35,0.471634320439298
2025-12-09,2025-09-10,"3.60%",0,3.6,0.168854660512926
2025-12-09,2025-09-10,"3.85%",25,3.85,0.013433021365339
2025-12-09,2025-09-10,"4.10%",50,4.1,0
2025-12-09,2025-09-10,"4.35%",75,4.35,0
2025-12-09,2025-09-10,"4.60%",100,4.6,0
2025-12-09,2025-09-10,"4.85%",125,4.85,0
2025-12-09,2025-09-10,"5.10%",150,5.1,0
2025-12-09,2025-09-10,"5.35%",175,5.35,0
2025-12-09,2025-09-10,"5.60%",200,5.6,0
2025-12-09,2025-09-10,"5.85%",225,5.85,0
2025-12-09,2025-09-10,"6.10%",250,6.1,0
2025-12-09,2025-09-11,"0.10%",-300,0.1,0
2025-12-09,2025-09-11,"0.35%",-300,0.35,0
2025-12-09,2025-09-11,"0.60%",-300,0.6,0
2025-12-09,2025-09-11,"0.85%",-275,0.85,0
2025-12-09,2025-09-11,"1.10%",-250,1.1,0
2025-12-09,2025-09-11,"1.35%",-225,1.35,0
2025-12-09,2025-09-11,"1.60%",-200,1.6,0
2025-12-09,2025-09-11,"1.85%",-175,1.85,0
2025-12-09,2025-09-11,"2.10%",-150,2.1,0
2025-12-09,2025-09-11,"2.35%",-125,2.35,0
2025-12-09,2025-09-11,"2.60%",-100,2.6,0
2025-12-09,2025-09-11,"2.85%",-75,2.85,0.0136435807838282
2025-12-09,2025-09-11,"3.10%",-50,3.1,0.271349528839503
2025-12-09,2025-09-11,"3.35%",-25,3.35,0.574602183063765
2025-12-09,2025-09-11,"3.60%",0,3.6,0.140404707312904
2025-12-09,2025-09-11,"3.85%",25,3.85,0
2025-12-09,2025-09-11,"4.10%",50,4.1,0
2025-12-09,2025-09-11,"4.35%",75,4.35,0
2025-12-09,2025-09-11,"4.60%",100,4.6,0
2025-12-09,2025-09-11,"4.85%",125,4.85,0
2025-12-09,2025-09-11,"5.10%",150,5.1,0
2025-12-09,2025-09-11,"5.35%",175,5.35,0
2025-12-09,2025-09-11,"5.60%",200,5.6,0
2025-12-09,2025-09-11,"5.85%",225,5.85,0
2025-12-09,2025-09-11,"6.10%",250,6.1,0
2025-12-09,2025-09-12,"0.10%",-300,0.1,0
2025-12-09,2025-09-12,"0.35%",-300,0.35,0
2025-12-09,2025-09-12,"0.60%",-300,0.6,0
2025-12-09,2025-09-12,"0.85%",-275,0.85,0
2025-12-09,2025-09-12,"1.10%",-250,1.1,0
2025-12-09,2025-09-12,"1.35%",-225,1.35,0
2025-12-09,2025-09-12,"1.60%",-200,1.6,0
2025-12-09,2025-09-12,"1.85%",-175,1.85,0
2025-12-09,2025-09-12,"2.10%",-150,2.1,0
2025-12-09,2025-09-12,"2.35%",-125,2.35,0
2025-12-09,2025-09-12,"2.60%",-100,2.6,0
2025-12-09,2025-09-12,"2.85%",-75,2.85,0
2025-12-09,2025-09-12,"3.10%",-50,3.1,0.256396343372959
2025-12-09,2025-09-12,"3.35%",-25,3.35,0.62780959485417
2025-12-09,2025-09-12,"3.60%",0,3.6,0.115794061772872
2025-12-09,2025-09-12,"3.85%",25,3.85,0
2025-12-09,2025-09-12,"4.10%",50,4.1,0
2025-12-09,2025-09-12,"4.35%",75,4.35,0
2025-12-09,2025-09-12,"4.60%",100,4.6,0
2025-12-09,2025-09-12,"4.85%",125,4.85,0
2025-12-09,2025-09-12,"5.10%",150,5.1,0
2025-12-09,2025-09-12,"5.35%",175,5.35,0
2025-12-09,2025-09-12,"5.60%",200,5.6,0
2025-12-09,2025-09-12,"5.85%",225,5.85,0
2025-12-09,2025-09-12,"6.10%",250,6.1,0
2025-12-09,2025-09-14,"0.10%",-300,0.1,0
2025-12-09,2025-09-14,"0.35%",-300,0.35,0
2025-12-09,2025-09-14,"0.60%",-300,0.6,0
2025-12-09,2025-09-14,"0.85%",-275,0.85,0
2025-12-09,2025-09-14,"1.10%",-250,1.1,0
2025-12-09,2025-09-14,"1.35%",-225,1.35,0
2025-12-09,2025-09-14,"1.60%",-200,1.6,0
2025-12-09,2025-09-14,"1.85%",-175,1.85,0
2025-12-09,2025-09-14,"2.10%",-150,2.1,0
2025-12-09,2025-09-14,"2.35%",-125,2.35,0
2025-12-09,2025-09-14,"2.60%",-100,2.6,0
2025-12-09,2025-09-14,"2.85%",-75,2.85,0.0115184373929304
2025-12-09,2025-09-14,"3.10%",-50,3.1,0.252093728694853
2025-12-09,2025-09-14,"3.35%",-25,3.35,0.581695567532051
2025-12-09,2025-09-14,"3.60%",0,3.6,0.154692266380166
2025-12-09,2025-09-14,"3.85%",25,3.85,0
2025-12-09,2025-09-14,"4.10%",50,4.1,0
2025-12-09,2025-09-14,"4.35%",75,4.35,0
2025-12-09,2025-09-14,"4.60%",100,4.6,0
2025-12-09,2025-09-14,"4.85%",125,4.85,0
2025-12-09,2025-09-14,"5.10%",150,5.1,0
2025-12-09,2025-09-14,"5.35%",175,5.35,0
2025-12-09,2025-09-14,"5.60%",200,5.6,0
2025-12-09,2025-09-14,"5.85%",225,5.85,0
2025-12-09,2025-09-14,"6.10%",250,6.1,0
2025-12-09,2025-09-15,"0.10%",-300,0.1,0
2025-12-09,2025-09-15,"0.35%",-300,0.35,0
2025-12-09,2025-09-15,"0.60%",-300,0.6,0
2025-12-09,2025-09-15,"0.85%",-275,0.85,0
2025-12-09,2025-09-15,"1.10%",-250,1.1,0
2025-12-09,2025-09-15,"1.35%",-225,1.35,0
2025-12-09,2025-09-15,"1.60%",-200,1.6,0
2025-12-09,2025-09-15,"1.85%",-175,1.85,0
2025-12-09,2025-09-15,"2.10%",-150,2.1,0
2025-12-09,2025-09-15,"2.35%",-125,2.35,0
2025-12-09,2025-09-15,"2.60%",-100,2.6,0
2025-12-09,2025-09-15,"2.85%",-75,2.85,0.0155481507262855
2025-12-09,2025-09-15,"3.10%",-50,3.1,0.259694111620664
2025-12-09,2025-09-15,"3.35%",-25,3.35,0.55927703431729
2025-12-09,2025-09-15,"3.60%",0,3.6,0.165480703335761
2025-12-09,2025-09-15,"3.85%",25,3.85,0
2025-12-09,2025-09-15,"4.10%",50,4.1,0
2025-12-09,2025-09-15,"4.35%",75,4.35,0
2025-12-09,2025-09-15,"4.60%",100,4.6,0
2025-12-09,2025-09-15,"4.85%",125,4.85,0
2025-12-09,2025-09-15,"5.10%",150,5.1,0
2025-12-09,2025-09-15,"5.35%",175,5.35,0
2025-12-09,2025-09-15,"5.60%",200,5.6,0
2025-12-09,2025-09-15,"5.85%",225,5.85,0
2025-12-09,2025-09-15,"6.10%",250,6.1,0
2025-12-09,2025-09-16,"0.10%",-300,0.1,0
2025-12-09,2025-09-16,"0.35%",-300,0.35,0
2025-12-09,2025-09-16,"0.60%",-300,0.6,0
2025-12-09,2025-09-16,"0.85%",-275,0.85,0
2025-12-09,2025-09-16,"1.10%",-250,1.1,0
2025-12-09,2025-09-16,"1.35%",-225,1.35,0
2025-12-09,2025-09-16,"1.60%",-200,1.6,0
2025-12-09,2025-09-16,"1.85%",-175,1.85,0
2025-12-09,2025-09-16,"2.10%",-150,2.1,0
2025-12-09,2025-09-16,"2.35%",-125,2.35,0
2025-12-09,2025-09-16,"2.60%",-100,2.6,0
2025-12-09,2025-09-16,"2.85%",-75,2.85,0
2025-12-09,2025-09-16,"3.10%",-50,3.1,0.248035399798615
2025-12-09,2025-09-16,"3.35%",-25,3.35,0.626098584065141
2025-12-09,2025-09-16,"3.60%",0,3.6,0.125866016136244
2025-12-09,2025-09-16,"3.85%",25,3.85,0
2025-12-09,2025-09-16,"4.10%",50,4.1,0
2025-12-09,2025-09-16,"4.35%",75,4.35,0
2025-12-09,2025-09-16,"4.60%",100,4.6,0
2025-12-09,2025-09-16,"4.85%",125,4.85,0
2025-12-09,2025-09-16,"5.10%",150,5.1,0
2025-12-09,2025-09-16,"5.35%",175,5.35,0
2025-12-09,2025-09-16,"5.60%",200,5.6,0
2025-12-09,2025-09-16,"5.85%",225,5.85,0
2025-12-09,2025-09-16,"6.10%",250,6.1,0
2025-12-09,2025-09-17,"0.10%",-300,0.1,0
2025-12-09,2025-09-17,"0.35%",-300,0.35,0
2025-12-09,2025-09-17,"0.60%",-300,0.6,0
2025-12-09,2025-09-17,"0.85%",-275,0.85,0
2025-12-09,2025-09-17,"1.10%",-250,1.1,0
2025-12-09,2025-09-17,"1.35%",-225,1.35,0
2025-12-09,2025-09-17,"1.60%",-200,1.6,0
2025-12-09,2025-09-17,"1.85%",-175,1.85,0
2025-12-09,2025-09-17,"2.10%",-150,2.1,0
2025-12-09,2025-09-17,"2.35%",-125,2.35,0
2025-12-09,2025-09-17,"2.60%",-100,2.6,0
2025-12-09,2025-09-17,"2.85%",-75,2.85,0
2025-12-09,2025-09-17,"3.10%",-50,3.1,0.273770848096544
2025-12-09,2025-09-17,"3.35%",-25,3.35,0.63815677100956
2025-12-09,2025-09-17,"3.60%",0,3.6,0.0880723808938966
2025-12-09,2025-09-17,"3.85%",25,3.85,0
2025-12-09,2025-09-17,"4.10%",50,4.1,0
2025-12-09,2025-09-17,"4.35%",75,4.35,0
2025-12-09,2025-09-17,"4.60%",100,4.6,0
2025-12-09,2025-09-17,"4.85%",125,4.85,0
2025-12-09,2025-09-17,"5.10%",150,5.1,0
2025-12-09,2025-09-17,"5.35%",175,5.35,0
2025-12-09,2025-09-17,"5.60%",200,5.6,0
2025-12-09,2025-09-17,"5.85%",225,5.85,0
2025-12-09,2025-09-17,"6.10%",250,6.1,0
2025-12-09,2025-09-18,"0.10%",-300,0.1,0
2025-12-09,2025-09-18,"0.35%",-300,0.35,0
2025-12-09,2025-09-18,"0.60%",-300,0.6,0
2025-12-09,2025-09-18,"0.85%",-275,0.85,0
2025-12-09,2025-09-18,"1.10%",-250,1.1,0
2025-12-09,2025-09-18,"1.35%",-225,1.35,0
2025-12-09,2025-09-18,"1.60%",-200,1.6,0
2025-12-09,2025-09-18,"1.85%",-175,1.85,0
2025-12-09,2025-09-18,"2.10%",-150,2.1,0
2025-12-09,2025-09-18,"2.35%",-125,2.35,0
2025-12-09,2025-09-18,"2.60%",-100,2.6,0
2025-12-09,2025-09-18,"2.85%",-75,2.85,0
2025-12-09,2025-09-18,"3.10%",-50,3.1,0.251039708800342
2025-12-09,2025-09-18,"3.35%",-25,3.35,0.65538866786512
2025-12-09,2025-09-18,"3.60%",0,3.6,0.0935716233345378
2025-12-09,2025-09-18,"3.85%",25,3.85,0
2025-12-09,2025-09-18,"4.10%",50,4.1,0
2025-12-09,2025-09-18,"4.35%",75,4.35,0
2025-12-09,2025-09-18,"4.60%",100,4.6,0
2025-12-09,2025-09-18,"4.85%",125,4.85,0
2025-12-09,2025-09-18,"5.10%",150,5.1,0
2025-12-09,2025-09-18,"5.35%",175,5.35,0
2025-12-09,2025-09-18,"5.60%",200,5.6,0
2025-12-09,2025-09-18,"5.85%",225,5.85,0
2025-12-09,2025-09-18,"6.10%",250,6.1,0
2025-12-09,2025-09-21,"0.10%",-300,0.1,0
2025-12-09,2025-09-21,"0.35%",-300,0.35,0
2025-12-09,2025-09-21,"0.60%",-300,0.6,0
2025-12-09,2025-09-21,"0.85%",-275,0.85,0
2025-12-09,2025-09-21,"1.10%",-250,1.1,0
2025-12-09,2025-09-21,"1.35%",-225,1.35,0
2025-12-09,2025-09-21,"1.60%",-200,1.6,0
2025-12-09,2025-09-21,"1.85%",-175,1.85,0
2025-12-09,2025-09-21,"2.10%",-150,2.1,0
2025-12-09,2025-09-21,"2.35%",-125,2.35,0
2025-12-09,2025-09-21,"2.60%",-100,2.6,0
2025-12-09,2025-09-21,"2.85%",-75,2.85,0
2025-12-09,2025-09-21,"3.10%",-50,3.1,0.170684357651749
2025-12-09,2025-09-21,"3.35%",-25,3.35,0.751951413424626
2025-12-09,2025-09-21,"3.60%",0,3.6,0.0773642289236245
2025-12-09,2025-09-21,"3.85%",25,3.85,0
2025-12-09,2025-09-21,"4.10%",50,4.1,0
2025-12-09,2025-09-21,"4.35%",75,4.35,0
2025-12-09,2025-09-21,"4.60%",100,4.6,0
2025-12-09,2025-09-21,"4.85%",125,4.85,0
2025-12-09,2025-09-21,"5.10%",150,5.1,0
2025-12-09,2025-09-21,"5.35%",175,5.35,0
2025-12-09,2025-09-21,"5.60%",200,5.6,0
2025-12-09,2025-09-21,"5.85%",225,5.85,0
2025-12-09,2025-09-21,"6.10%",250,6.1,0
2025-12-09,2025-09-22,"0.10%",-300,0.1,0
2025-12-09,2025-09-22,"0.35%",-300,0.35,0
2025-12-09,2025-09-22,"0.60%",-300,0.6,0
2025-12-09,2025-09-22,"0.85%",-275,0.85,0
2025-12-09,2025-09-22,"1.10%",-250,1.1,0
2025-12-09,2025-09-22,"1.35%",-225,1.35,0
2025-12-09,2025-09-22,"1.60%",-200,1.6,0
2025-12-09,2025-09-22,"1.85%",-175,1.85,0
2025-12-09,2025-09-22,"2.10%",-150,2.1,0
2025-12-09,2025-09-22,"2.35%",-125,2.35,0
2025-12-09,2025-09-22,"2.60%",-100,2.6,0
2025-12-09,2025-09-22,"2.85%",-75,2.85,0
2025-12-09,2025-09-22,"3.10%",-50,3.1,0.114453887158434
2025-12-09,2025-09-22,"3.35%",-25,3.35,0.76992461373901
2025-12-09,2025-09-22,"3.60%",0,3.6,0.115621499102556
2025-12-09,2025-09-22,"3.85%",25,3.85,0
2025-12-09,2025-09-22,"4.10%",50,4.1,0
2025-12-09,2025-09-22,"4.35%",75,4.35,0
2025-12-09,2025-09-22,"4.60%",100,4.6,0
2025-12-09,2025-09-22,"4.85%",125,4.85,0
2025-12-09,2025-09-22,"5.10%",150,5.1,0
2025-12-09,2025-09-22,"5.35%",175,5.35,0
2025-12-09,2025-09-22,"5.60%",200,5.6,0
2025-12-09,2025-09-22,"5.85%",225,5.85,0
2025-12-09,2025-09-22,"6.10%",250,6.1,0
2025-12-09,2025-09-23,"0.10%",-300,0.1,0
2025-12-09,2025-09-23,"0.35%",-300,0.35,0
2025-12-09,2025-09-23,"0.60%",-300,0.6,0
2025-12-09,2025-09-23,"0.85%",-275,0.85,0
2025-12-09,2025-09-23,"1.10%",-250,1.1,0
2025-12-09,2025-09-23,"1.35%",-225,1.35,0
2025-12-09,2025-09-23,"1.60%",-200,1.6,0
2025-12-09,2025-09-23,"1.85%",-175,1.85,0
2025-12-09,2025-09-23,"2.10%",-150,2.1,0
2025-12-09,2025-09-23,"2.35%",-125,2.35,0
2025-12-09,2025-09-23,"2.60%",-100,2.6,0
2025-12-09,2025-09-23,"2.85%",-75,2.85,0
2025-12-09,2025-09-23,"3.10%",-50,3.1,0.0394577885073256
2025-12-09,2025-09-23,"3.35%",-25,3.35,0.612602906312382
2025-12-09,2025-09-23,"3.60%",0,3.6,0.347939305180293
2025-12-09,2025-09-23,"3.85%",25,3.85,0
2025-12-09,2025-09-23,"4.10%",50,4.1,0
2025-12-09,2025-09-23,"4.35%",75,4.35,0
2025-12-09,2025-09-23,"4.60%",100,4.6,0
2025-12-09,2025-09-23,"4.85%",125,4.85,0
2025-12-09,2025-09-23,"5.10%",150,5.1,0
2025-12-09,2025-09-23,"5.35%",175,5.35,0
2025-12-09,2025-09-23,"5.60%",200,5.6,0
2025-12-09,2025-09-23,"5.85%",225,5.85,0
2025-12-09,2025-09-23,"6.10%",250,6.1,0
2025-12-09,2025-09-24,"0.10%",-300,0.1,0
2025-12-09,2025-09-24,"0.35%",-300,0.35,0
2025-12-09,2025-09-24,"0.60%",-300,0.6,0
2025-12-09,2025-09-24,"0.85%",-275,0.85,0
2025-12-09,2025-09-24,"1.10%",-250,1.1,0
2025-12-09,2025-09-24,"1.35%",-225,1.35,0
2025-12-09,2025-09-24,"1.60%",-200,1.6,0
2025-12-09,2025-09-24,"1.85%",-175,1.85,0
2025-12-09,2025-09-24,"2.10%",-150,2.1,0
2025-12-09,2025-09-24,"2.35%",-125,2.35,0
2025-12-09,2025-09-24,"2.60%",-100,2.6,0
2025-12-09,2025-09-24,"2.85%",-75,2.85,0
2025-12-09,2025-09-24,"3.10%",-50,3.1,0.0238359906964923
2025-12-09,2025-09-24,"3.35%",-25,3.35,0.543175878575213
2025-12-09,2025-09-24,"3.60%",0,3.6,0.422754647970175
2025-12-09,2025-09-24,"3.85%",25,3.85,0.0102334827581198
2025-12-09,2025-09-24,"4.10%",50,4.1,0
2025-12-09,2025-09-24,"4.35%",75,4.35,0
2025-12-09,2025-09-24,"4.60%",100,4.6,0
2025-12-09,2025-09-24,"4.85%",125,4.85,0
2025-12-09,2025-09-24,"5.10%",150,5.1,0
2025-12-09,2025-09-24,"5.35%",175,5.35,0
2025-12-09,2025-09-24,"5.60%",200,5.6,0
2025-12-09,2025-09-24,"5.85%",225,5.85,0
2025-12-09,2025-09-24,"6.10%",250,6.1,0
2025-12-09,2025-09-25,"0.10%",-300,0.1,0
2025-12-09,2025-09-25,"0.35%",-300,0.35,0
2025-12-09,2025-09-25,"0.60%",-300,0.6,0
2025-12-09,2025-09-25,"0.85%",-275,0.85,0
2025-12-09,2025-09-25,"1.10%",-250,1.1,0
2025-12-09,2025-09-25,"1.35%",-225,1.35,0
2025-12-09,2025-09-25,"1.60%",-200,1.6,0
2025-12-09,2025-09-25,"1.85%",-175,1.85,0
2025-12-09,2025-09-25,"2.10%",-150,2.1,0
2025-12-09,2025-09-25,"2.35%",-125,2.35,0
2025-12-09,2025-09-25,"2.60%",-100,2.6,0
2025-12-09,2025-09-25,"2.85%",-75,2.85,0
2025-12-09,2025-09-25,"3.10%",-50,3.1,0.0105675121381449
2025-12-09,2025-09-25,"3.35%",-25,3.35,0.549903152462052
2025-12-09,2025-09-25,"3.60%",0,3.6,0.439529335399803
2025-12-09,2025-09-25,"3.85%",25,3.85,0
2025-12-09,2025-09-25,"4.10%",50,4.1,0
2025-12-09,2025-09-25,"4.35%",75,4.35,0
2025-12-09,2025-09-25,"4.60%",100,4.6,0
2025-12-09,2025-09-25,"4.85%",125,4.85,0
2025-12-09,2025-09-25,"5.10%",150,5.1,0
2025-12-09,2025-09-25,"5.35%",175,5.35,0
2025-12-09,2025-09-25,"5.60%",200,5.6,0
2025-12-09,2025-09-25,"5.85%",225,5.85,0
2025-12-09,2025-09-25,"6.10%",250,6.1,0
2025-12-09,2025-09-28,"0.10%",-300,0.1,0
2025-12-09,2025-09-28,"0.35%",-300,0.35,0
2025-12-09,2025-09-28,"0.60%",-300,0.6,0
2025-12-09,2025-09-28,"0.85%",-275,0.85,0
2025-12-09,2025-09-28,"1.10%",-250,1.1,0
2025-12-09,2025-09-28,"1.35%",-225,1.35,0
2025-12-09,2025-09-28,"1.60%",-200,1.6,0
2025-12-09,2025-09-28,"1.85%",-175,1.85,0
2025-12-09,2025-09-28,"2.10%",-150,2.1,0
2025-12-09,2025-09-28,"2.35%",-125,2.35,0
2025-12-09,2025-09-28,"2.60%",-100,2.6,0
2025-12-09,2025-09-28,"2.85%",-75,2.85,0
2025-12-09,2025-09-28,"3.10%",-50,3.1,0.0489023495981041
2025-12-09,2025-09-28,"3.35%",-25,3.35,0.664453137710185
2025-12-09,2025-09-28,"3.60%",0,3.6,0.286644512691711
2025-12-09,2025-09-28,"3.85%",25,3.85,0
2025-12-09,2025-09-28,"4.10%",50,4.1,0
2025-12-09,2025-09-28,"4.35%",75,4.35,0
2025-12-09,2025-09-28,"4.60%",100,4.6,0
2025-12-09,2025-09-28,"4.85%",125,4.85,0
2025-12-09,2025-09-28,"5.10%",150,5.1,0
2025-12-09,2025-09-28,"5.35%",175,5.35,0
2025-12-09,2025-09-28,"5.60%",200,5.6,0
2025-12-09,2025-09-28,"5.85%",225,5.85,0
2025-12-09,2025-09-28,"6.10%",250,6.1,0
2025-12-09,2025-09-29,"0.10%",-300,0.1,0
2025-12-09,2025-09-29,"0.35%",-300,0.35,0
2025-12-09,2025-09-29,"0.60%",-300,0.6,0
2025-12-09,2025-09-29,"0.85%",-275,0.85,0
2025-12-09,2025-09-29,"1.10%",-250,1.1,0
2025-12-09,2025-09-29,"1.35%",-225,1.35,0
2025-12-09,2025-09-29,"1.60%",-200,1.6,0
2025-12-09,2025-09-29,"1.85%",-175,1.85,0
2025-12-09,2025-09-29,"2.10%",-150,2.1,0
2025-12-09,2025-09-29,"2.35%",-125,2.35,0
2025-12-09,2025-09-29,"2.60%",-100,2.6,0
2025-12-09,2025-09-29,"2.85%",-75,2.85,0
2025-12-09,2025-09-29,"3.10%",-50,3.1,0.0229975830791881
2025-12-09,2025-09-29,"3.35%",-25,3.35,0.566641045383088
2025-12-09,2025-09-29,"3.60%",0,3.6,0.410361371537724
2025-12-09,2025-09-29,"3.85%",25,3.85,0
2025-12-09,2025-09-29,"4.10%",50,4.1,0
2025-12-09,2025-09-29,"4.35%",75,4.35,0
2025-12-09,2025-09-29,"4.60%",100,4.6,0
2025-12-09,2025-09-29,"4.85%",125,4.85,0
2025-12-09,2025-09-29,"5.10%",150,5.1,0
2025-12-09,2025-09-29,"5.35%",175,5.35,0
2025-12-09,2025-09-29,"5.60%",200,5.6,0
2025-12-09,2025-09-29,"5.85%",225,5.85,0
2025-12-09,2025-09-29,"6.10%",250,6.1,0
2025-12-09,2025-09-30,"0.10%",-300,0.1,0
2025-12-09,2025-09-30,"0.35%",-300,0.35,0
2025-12-09,2025-09-30,"0.60%",-300,0.6,0
2025-12-09,2025-09-30,"0.85%",-275,0.85,0
2025-12-09,2025-09-30,"1.10%",-250,1.1,0
2025-12-09,2025-09-30,"1.35%",-225,1.35,0
2025-12-09,2025-09-30,"1.60%",-200,1.6,0
2025-12-09,2025-09-30,"1.85%",-175,1.85,0
2025-12-09,2025-09-30,"2.10%",-150,2.1,0
2025-12-09,2025-09-30,"2.35%",-125,2.35,0
2025-12-09,2025-09-30,"2.60%",-100,2.6,0
2025-12-09,2025-09-30,"2.85%",-75,2.85,0
2025-12-09,2025-09-30,"3.10%",-50,3.1,0.0143164719401125
2025-12-09,2025-09-30,"3.35%",-25,3.35,0.507193562713123
2025-12-09,2025-09-30,"3.60%",0,3.6,0.467662460378755
2025-12-09,2025-09-30,"3.85%",25,3.85,0.0108275049680096
2025-12-09,2025-09-30,"4.10%",50,4.1,0
2025-12-09,2025-09-30,"4.35%",75,4.35,0
2025-12-09,2025-09-30,"4.60%",100,4.6,0
2025-12-09,2025-09-30,"4.85%",125,4.85,0
2025-12-09,2025-09-30,"5.10%",150,5.1,0
2025-12-09,2025-09-30,"5.35%",175,5.35,0
2025-12-09,2025-09-30,"5.60%",200,5.6,0
2025-12-09,2025-09-30,"5.85%",225,5.85,0
2025-12-09,2025-09-30,"6.10%",250,6.1,0
2025-12-09,2025-10-01,"0.10%",-300,0.1,0
2025-12-09,2025-10-01,"0.35%",-300,0.35,0
2025-12-09,2025-10-01,"0.60%",-300,0.6,0
2025-12-09,2025-10-01,"0.85%",-275,0.85,0
2025-12-09,2025-10-01,"1.10%",-250,1.1,0
2025-12-09,2025-10-01,"1.35%",-225,1.35,0
2025-12-09,2025-10-01,"1.60%",-200,1.6,0
2025-12-09,2025-10-01,"1.85%",-175,1.85,0
2025-12-09,2025-10-01,"2.10%",-150,2.1,0
2025-12-09,2025-10-01,"2.35%",-125,2.35,0
2025-12-09,2025-10-01,"2.60%",-100,2.6,0
2025-12-09,2025-10-01,"2.85%",-75,2.85,0
2025-12-09,2025-10-01,"3.10%",-50,3.1,0.0104017944324244
2025-12-09,2025-10-01,"3.35%",-25,3.35,0.601852312438622
2025-12-09,2025-10-01,"3.60%",0,3.6,0.387745893128953
2025-12-09,2025-10-01,"3.85%",25,3.85,0
2025-12-09,2025-10-01,"4.10%",50,4.1,0
2025-12-09,2025-10-01,"4.35%",75,4.35,0
2025-12-09,2025-10-01,"4.60%",100,4.6,0
2025-12-09,2025-10-01,"4.85%",125,4.85,0
2025-12-09,2025-10-01,"5.10%",150,5.1,0
2025-12-09,2025-10-01,"5.35%",175,5.35,0
2025-12-09,2025-10-01,"5.60%",200,5.6,0
2025-12-09,2025-10-01,"5.85%",225,5.85,0
2025-12-09,2025-10-01,"6.10%",250,6.1,0
2025-12-09,2025-10-02,"0.10%",-300,0.1,0
2025-12-09,2025-10-02,"0.35%",-300,0.35,0
2025-12-09,2025-10-02,"0.60%",-300,0.6,0
2025-12-09,2025-10-02,"0.85%",-275,0.85,0
2025-12-09,2025-10-02,"1.10%",-250,1.1,0
2025-12-09,2025-10-02,"1.35%",-225,1.35,0
2025-12-09,2025-10-02,"1.60%",-200,1.6,0
2025-12-09,2025-10-02,"1.85%",-175,1.85,0
2025-12-09,2025-10-02,"2.10%",-150,2.1,0
2025-12-09,2025-10-02,"2.35%",-125,2.35,0
2025-12-09,2025-10-02,"2.60%",-100,2.6,0
2025-12-09,2025-10-02,"2.85%",-75,2.85,0
2025-12-09,2025-10-02,"3.10%",-50,3.1,0.0131805183418991
2025-12-09,2025-10-02,"3.35%",-25,3.35,0.603505407974397
2025-12-09,2025-10-02,"3.60%",0,3.6,0.383314073683704
2025-12-09,2025-10-02,"3.85%",25,3.85,0
2025-12-09,2025-10-02,"4.10%",50,4.1,0
2025-12-09,2025-10-02,"4.35%",75,4.35,0
2025-12-09,2025-10-02,"4.60%",100,4.6,0
2025-12-09,2025-10-02,"4.85%",125,4.85,0
2025-12-09,2025-10-02,"5.10%",150,5.1,0
2025-12-09,2025-10-02,"5.35%",175,5.35,0
2025-12-09,2025-10-02,"5.60%",200,5.6,0
2025-12-09,2025-10-02,"5.85%",225,5.85,0
2025-12-09,2025-10-02,"6.10%",250,6.1,0
2025-12-09,2025-10-05,"0.10%",-300,0.1,0
2025-12-09,2025-10-05,"0.35%",-300,0.35,0
2025-12-09,2025-10-05,"0.60%",-300,0.6,0
2025-12-09,2025-10-05,"0.85%",-275,0.85,0
2025-12-09,2025-10-05,"1.10%",-250,1.1,0
2025-12-09,2025-10-05,"1.35%",-225,1.35,0
2025-12-09,2025-10-05,"1.60%",-200,1.6,0
2025-12-09,2025-10-05,"1.85%",-175,1.85,0
2025-12-09,2025-10-05,"2.10%",-150,2.1,0
2025-12-09,2025-10-05,"2.35%",-125,2.35,0
2025-12-09,2025-10-05,"2.60%",-100,2.6,0
2025-12-09,2025-10-05,"2.85%",-75,2.85,0
2025-12-09,2025-10-05,"3.10%",-50,3.1,0
2025-12-09,2025-10-05,"3.35%",-25,3.35,0.517118549768657
2025-12-09,2025-10-05,"3.60%",0,3.6,0.482881450231343
2025-12-09,2025-10-05,"3.85%",25,3.85,0
2025-12-09,2025-10-05,"4.10%",50,4.1,0
2025-12-09,2025-10-05,"4.35%",75,4.35,0
2025-12-09,2025-10-05,"4.60%",100,4.6,0
2025-12-09,2025-10-05,"4.85%",125,4.85,0
2025-12-09,2025-10-05,"5.10%",150,5.1,0
2025-12-09,2025-10-05,"5.35%",175,5.35,0
2025-12-09,2025-10-05,"5.60%",200,5.6,0
2025-12-09,2025-10-05,"5.85%",225,5.85,0
2025-12-09,2025-10-05,"6.10%",250,6.1,0
2025-12-09,2025-10-06,"0.10%",-300,0.1,0
2025-12-09,2025-10-06,"0.35%",-300,0.35,0
2025-12-09,2025-10-06,"0.60%",-300,0.6,0
2025-12-09,2025-10-06,"0.85%",-275,0.85,0
2025-12-09,2025-10-06,"1.10%",-250,1.1,0
2025-12-09,2025-10-06,"1.35%",-225,1.35,0
2025-12-09,2025-10-06,"1.60%",-200,1.6,0
2025-12-09,2025-10-06,"1.85%",-175,1.85,0
2025-12-09,2025-10-06,"2.10%",-150,2.1,0
2025-12-09,2025-10-06,"2.35%",-125,2.35,0
2025-12-09,2025-10-06,"2.60%",-100,2.6,0
2025-12-09,2025-10-06,"2.85%",-75,2.85,0
2025-12-09,2025-10-06,"3.10%",-50,3.1,0
2025-12-09,2025-10-06,"3.35%",-25,3.35,0.53771407849399
2025-12-09,2025-10-06,"3.60%",0,3.6,0.46228592150601
2025-12-09,2025-10-06,"3.85%",25,3.85,0
2025-12-09,2025-10-06,"4.10%",50,4.1,0
2025-12-09,2025-10-06,"4.35%",75,4.35,0
2025-12-09,2025-10-06,"4.60%",100,4.6,0
2025-12-09,2025-10-06,"4.85%",125,4.85,0
2025-12-09,2025-10-06,"5.10%",150,5.1,0
2025-12-09,2025-10-06,"5.35%",175,5.35,0
2025-12-09,2025-10-06,"5.60%",200,5.6,0
2025-12-09,2025-10-06,"5.85%",225,5.85,0
2025-12-09,2025-10-06,"6.10%",250,6.1,0
2025-12-09,2025-10-07,"0.10%",-300,0.1,0
2025-12-09,2025-10-07,"0.35%",-300,0.35,0
2025-12-09,2025-10-07,"0.60%",-300,0.6,0
2025-12-09,2025-10-07,"0.85%",-275,0.85,0
2025-12-09,2025-10-07,"1.10%",-250,1.1,0
2025-12-09,2025-10-07,"1.35%",-225,1.35,0
2025-12-09,2025-10-07,"1.60%",-200,1.6,0
2025-12-09,2025-10-07,"1.85%",-175,1.85,0
2025-12-09,2025-10-07,"2.10%",-150,2.1,0
2025-12-09,2025-10-07,"2.35%",-125,2.35,0
2025-12-09,2025-10-07,"2.60%",-100,2.6,0
2025-12-09,2025-10-07,"2.85%",-75,2.85,0
2025-12-09,2025-10-07,"3.10%",-50,3.1,0
2025-12-09,2025-10-07,"3.35%",-25,3.35,0.580502308584832
2025-12-09,2025-10-07,"3.60%",0,3.6,0.419497691415168
2025-12-09,2025-10-07,"3.85%",25,3.85,0
2025-12-09,2025-10-07,"4.10%",50,4.1,0
2025-12-09,2025-10-07,"4.35%",75,4.35,0
2025-12-09,2025-10-07,"4.60%",100,4.6,0
2025-12-09,2025-10-07,"4.85%",125,4.85,0
2025-12-09,2025-10-07,"5.10%",150,5.1,0
2025-12-09,2025-10-07,"5.35%",175,5.35,0
2025-12-09,2025-10-07,"5.60%",200,5.6,0
2025-12-09,2025-10-07,"5.85%",225,5.85,0
2025-12-09,2025-10-07,"6.10%",250,6.1,0
2025-12-09,2025-10-08,"0.10%",-300,0.1,0
2025-12-09,2025-10-08,"0.35%",-300,0.35,0
2025-12-09,2025-10-08,"0.60%",-300,0.6,0
2025-12-09,2025-10-08,"0.85%",-275,0.85,0
2025-12-09,2025-10-08,"1.10%",-250,1.1,0
2025-12-09,2025-10-08,"1.35%",-225,1.35,0
2025-12-09,2025-10-08,"1.60%",-200,1.6,0
2025-12-09,2025-10-08,"1.85%",-175,1.85,0
2025-12-09,2025-10-08,"2.10%",-150,2.1,0
2025-12-09,2025-10-08,"2.35%",-125,2.35,0
2025-12-09,2025-10-08,"2.60%",-100,2.6,0
2025-12-09,2025-10-08,"2.85%",-75,2.85,0
2025-12-09,2025-10-08,"3.10%",-50,3.1,0
2025-12-09,2025-10-08,"3.35%",-25,3.35,0.56071374294296
2025-12-09,2025-10-08,"3.60%",0,3.6,0.43928625705704
2025-12-09,2025-10-08,"3.85%",25,3.85,0
2025-12-09,2025-10-08,"4.10%",50,4.1,0
2025-12-09,2025-10-08,"4.35%",75,4.35,0
2025-12-09,2025-10-08,"4.60%",100,4.6,0
2025-12-09,2025-10-08,"4.85%",125,4.85,0
2025-12-09,2025-10-08,"5.10%",150,5.1,0
2025-12-09,2025-10-08,"5.35%",175,5.35,0
2025-12-09,2025-10-08,"5.60%",200,5.6,0
2025-12-09,2025-10-08,"5.85%",225,5.85,0
2025-12-09,2025-10-08,"6.10%",250,6.1,0
2025-12-09,2025-10-09,"0.10%",-300,0.1,0
2025-12-09,2025-10-09,"0.35%",-300,0.35,0
2025-12-09,2025-10-09,"0.60%",-300,0.6,0
2025-12-09,2025-10-09,"0.85%",-275,0.85,0
2025-12-09,2025-10-09,"1.10%",-250,1.1,0
2025-12-09,2025-10-09,"1.35%",-225,1.35,0
2025-12-09,2025-10-09,"1.60%",-200,1.6,0
2025-12-09,2025-10-09,"1.85%",-175,1.85,0
2025-12-09,2025-10-09,"2.10%",-150,2.1,0
2025-12-09,2025-10-09,"2.35%",-125,2.35,0
2025-12-09,2025-10-09,"2.60%",-100,2.6,0
2025-12-09,2025-10-09,"2.85%",-75,2.85,0
2025-12-09,2025-10-09,"3.10%",-50,3.1,0
2025-12-09,2025-10-09,"3.35%",-25,3.35,0.515724906209029
2025-12-09,2025-10-09,"3.60%",0,3.6,0.484275093790971
2025-12-09,2025-10-09,"3.85%",25,3.85,0
2025-12-09,2025-10-09,"4.10%",50,4.1,0
2025-12-09,2025-10-09,"4.35%",75,4.35,0
2025-12-09,2025-10-09,"4.60%",100,4.6,0
2025-12-09,2025-10-09,"4.85%",125,4.85,0
2025-12-09,2025-10-09,"5.10%",150,5.1,0
2025-12-09,2025-10-09,"5.35%",175,5.35,0
2025-12-09,2025-10-09,"5.60%",200,5.6,0
2025-12-09,2025-10-09,"5.85%",225,5.85,0
2025-12-09,2025-10-09,"6.10%",250,6.1,0
2025-12-09,2025-10-10,"0.10%",-300,0.1,0
2025-12-09,2025-10-10,"0.35%",-300,0.35,0
2025-12-09,2025-10-10,"0.60%",-300,0.6,0
2025-12-09,2025-10-10,"0.85%",-275,0.85,0
2025-12-09,2025-10-10,"1.10%",-250,1.1,0
2025-12-09,2025-10-10,"1.35%",-225,1.35,0
2025-12-09,2025-10-10,"1.60%",-200,1.6,0
2025-12-09,2025-10-10,"1.85%",-175,1.85,0
2025-12-09,2025-10-10,"2.10%",-150,2.1,0
2025-12-09,2025-10-10,"2.35%",-125,2.35,0
2025-12-09,2025-10-10,"2.60%",-100,2.6,0
2025-12-09,2025-10-10,"2.85%",-75,2.85,0
2025-12-09,2025-10-10,"3.10%",-50,3.1,0
2025-12-09,2025-10-10,"3.35%",-25,3.35,0.50087717691926
2025-12-09,2025-10-10,"3.60%",0,3.6,0.49912282308074
2025-12-09,2025-10-10,"3.85%",25,3.85,0
2025-12-09,2025-10-10,"4.10%",50,4.1,0
2025-12-09,2025-10-10,"4.35%",75,4.35,0
2025-12-09,2025-10-10,"4.60%",100,4.6,0
2025-12-09,2025-10-10,"4.85%",125,4.85,0
2025-12-09,2025-10-10,"5.10%",150,5.1,0
2025-12-09,2025-10-10,"5.35%",175,5.35,0
2025-12-09,2025-10-10,"5.60%",200,5.6,0
2025-12-09,2025-10-10,"5.85%",225,5.85,0
2025-12-09,2025-10-10,"6.10%",250,6.1,0
2025-12-09,2025-10-11,"0.10%",-300,0.1,0
2025-12-09,2025-10-11,"0.35%",-300,0.35,0
2025-12-09,2025-10-11,"0.60%",-300,0.6,0
2025-12-09,2025-10-11,"0.85%",-275,0.85,0
2025-12-09,2025-10-11,"1.10%",-250,1.1,0
2025-12-09,2025-10-11,"1.35%",-225,1.35,0
2025-12-09,2025-10-11,"1.60%",-200,1.6,0
2025-12-09,2025-10-11,"1.85%",-175,1.85,0
2025-12-09,2025-10-11,"2.10%",-150,2.1,0
2025-12-09,2025-10-11,"2.35%",-125,2.35,0
2025-12-09,2025-10-11,"2.60%",-100,2.6,0
2025-12-09,2025-10-11,"2.85%",-75,2.85,0
2025-12-09,2025-10-11,"3.10%",-50,3.1,0
2025-12-09,2025-10-11,"3.35%",-25,3.35,0.500864911230546
2025-12-09,2025-10-11,"3.60%",0,3.6,0.499135088769454
2025-12-09,2025-10-11,"3.85%",25,3.85,0
2025-12-09,2025-10-11,"4.10%",50,4.1,0
2025-12-09,2025-10-11,"4.35%",75,4.35,0
2025-12-09,2025-10-11,"4.60%",100,4.6,0
2025-12-09,2025-10-11,"4.85%",125,4.85,0
2025-12-09,2025-10-11,"5.10%",150,5.1,0
2025-12-09,2025-10-11,"5.35%",175,5.35,0
2025-12-09,2025-10-11,"5.60%",200,5.6,0
2025-12-09,2025-10-11,"5.85%",225,5.85,0
2025-12-09,2025-10-11,"6.10%",250,6.1,0
2025-12-09,2025-10-12,"0.10%",-300,0.1,0
2025-12-09,2025-10-12,"0.35%",-300,0.35,0
2025-12-09,2025-10-12,"0.60%",-300,0.6,0
2025-12-09,2025-10-12,"0.85%",-275,0.85,0
2025-12-09,2025-10-12,"1.10%",-250,1.1,0
2025-12-09,2025-10-12,"1.35%",-225,1.35,0
2025-12-09,2025-10-12,"1.60%",-200,1.6,0
2025-12-09,2025-10-12,"1.85%",-175,1.85,0
2025-12-09,2025-10-12,"2.10%",-150,2.1,0
2025-12-09,2025-10-12,"2.35%",-125,2.35,0
2025-12-09,2025-10-12,"2.60%",-100,2.6,0
2025-12-09,2025-10-12,"2.85%",-75,2.85,0
2025-12-09,2025-10-12,"3.10%",-50,3.1,0.0204351536919386
2025-12-09,2025-10-12,"3.35%",-25,3.35,0.667575974432255
2025-12-09,2025-10-12,"3.60%",0,3.6,0.311988871875806
2025-12-09,2025-10-12,"3.85%",25,3.85,0
2025-12-09,2025-10-12,"4.10%",50,4.1,0
2025-12-09,2025-10-12,"4.35%",75,4.35,0
2025-12-09,2025-10-12,"4.60%",100,4.6,0
2025-12-09,2025-10-12,"4.85%",125,4.85,0
2025-12-09,2025-10-12,"5.10%",150,5.1,0
2025-12-09,2025-10-12,"5.35%",175,5.35,0
2025-12-09,2025-10-12,"5.60%",200,5.6,0
2025-12-09,2025-10-12,"5.85%",225,5.85,0
2025-12-09,2025-10-12,"6.10%",250,6.1,0
2025-12-09,2025-10-13,"0.10%",-300,0.1,0
2025-12-09,2025-10-13,"0.35%",-300,0.35,0
2025-12-09,2025-10-13,"0.60%",-300,0.6,0
2025-12-09,2025-10-13,"0.85%",-275,0.85,0
2025-12-09,2025-10-13,"1.10%",-250,1.1,0
2025-12-09,2025-10-13,"1.35%",-225,1.35,0
2025-12-09,2025-10-13,"1.60%",-200,1.6,0
2025-12-09,2025-10-13,"1.85%",-175,1.85,0
2025-12-09,2025-10-13,"2.10%",-150,2.1,0
2025-12-09,2025-10-13,"2.35%",-125,2.35,0
2025-12-09,2025-10-13,"2.60%",-100,2.6,0
2025-12-09,2025-10-13,"2.85%",-75,2.85,0
2025-12-09,2025-10-13,"3.10%",-50,3.1,0.0115757876881383
2025-12-09,2025-10-13,"3.35%",-25,3.35,0.581807289809951
2025-12-09,2025-10-13,"3.60%",0,3.6,0.406616922501911
2025-12-09,2025-10-13,"3.85%",25,3.85,0
2025-12-09,2025-10-13,"4.10%",50,4.1,0
2025-12-09,2025-10-13,"4.35%",75,4.35,0
2025-12-09,2025-10-13,"4.60%",100,4.6,0
2025-12-09,2025-10-13,"4.85%",125,4.85,0
2025-12-09,2025-10-13,"5.10%",150,5.1,0
2025-12-09,2025-10-13,"5.35%",175,5.35,0
2025-12-09,2025-10-13,"5.60%",200,5.6,0
2025-12-09,2025-10-13,"5.85%",225,5.85,0
2025-12-09,2025-10-13,"6.10%",250,6.1,0
2025-12-09,2025-10-14,"0.10%",-300,0.1,0
2025-12-09,2025-10-14,"0.35%",-300,0.35,0
2025-12-09,2025-10-14,"0.60%",-300,0.6,0
2025-12-09,2025-10-14,"0.85%",-275,0.85,0
2025-12-09,2025-10-14,"1.10%",-250,1.1,0
2025-12-09,2025-10-14,"1.35%",-225,1.35,0
2025-12-09,2025-10-14,"1.60%",-200,1.6,0
2025-12-09,2025-10-14,"1.85%",-175,1.85,0
2025-12-09,2025-10-14,"2.10%",-150,2.1,0
2025-12-09,2025-10-14,"2.35%",-125,2.35,0
2025-12-09,2025-10-14,"2.60%",-100,2.6,0
2025-12-09,2025-10-14,"2.85%",-75,2.85,0
2025-12-09,2025-10-14,"3.10%",-50,3.1,0
2025-12-09,2025-10-14,"3.35%",-25,3.35,0.581119951367439
2025-12-09,2025-10-14,"3.60%",0,3.6,0.418880048632561
2025-12-09,2025-10-14,"3.85%",25,3.85,0
2025-12-09,2025-10-14,"4.10%",50,4.1,0
2025-12-09,2025-10-14,"4.35%",75,4.35,0
2025-12-09,2025-10-14,"4.60%",100,4.6,0
2025-12-09,2025-10-14,"4.85%",125,4.85,0
2025-12-09,2025-10-14,"5.10%",150,5.1,0
2025-12-09,2025-10-14,"5.35%",175,5.35,0
2025-12-09,2025-10-14,"5.60%",200,5.6,0
2025-12-09,2025-10-14,"5.85%",225,5.85,0
2025-12-09,2025-10-14,"6.10%",250,6.1,0
2025-12-09,2025-10-15,"0.10%",-300,0.1,0
2025-12-09,2025-10-15,"0.35%",-300,0.35,0
2025-12-09,2025-10-15,"0.60%",-300,0.6,0
2025-12-09,2025-10-15,"0.85%",-275,0.85,0
2025-12-09,2025-10-15,"1.10%",-250,1.1,0
2025-12-09,2025-10-15,"1.35%",-225,1.35,0
2025-12-09,2025-10-15,"1.60%",-200,1.6,0
2025-12-09,2025-10-15,"1.85%",-175,1.85,0
2025-12-09,2025-10-15,"2.10%",-150,2.1,0
2025-12-09,2025-10-15,"2.35%",-125,2.35,0
2025-12-09,2025-10-15,"2.60%",-100,2.6,0
2025-12-09,2025-10-15,"2.85%",-75,2.85,0
2025-12-09,2025-10-15,"3.10%",-50,3.1,0.059698640913233
2025-12-09,2025-10-15,"3.35%",-25,3.35,0.869617520401429
2025-12-09,2025-10-15,"3.60%",0,3.6,0.0706838386853376
2025-12-09,2025-10-15,"3.85%",25,3.85,0
2025-12-09,2025-10-15,"4.10%",50,4.1,0
2025-12-09,2025-10-15,"4.35%",75,4.35,0
2025-12-09,2025-10-15,"4.60%",100,4.6,0
2025-12-09,2025-10-15,"4.85%",125,4.85,0
2025-12-09,2025-10-15,"5.10%",150,5.1,0
2025-12-09,2025-10-15,"5.35%",175,5.35,0
2025-12-09,2025-10-15,"5.60%",200,5.6,0
2025-12-09,2025-10-15,"5.85%",225,5.85,0
2025-12-09,2025-10-15,"6.10%",250,6.1,0
2025-12-09,2025-10-16,"0.10%",-300,0.1,0
2025-12-09,2025-10-16,"0.35%",-300,0.35,0
2025-12-09,2025-10-16,"0.60%",-300,0.6,0
2025-12-09,2025-10-16,"0.85%",-275,0.85,0
2025-12-09,2025-10-16,"1.10%",-250,1.1,0
2025-12-09,2025-10-16,"1.35%",-225,1.35,0
2025-12-09,2025-10-16,"1.60%",-200,1.6,0
2025-12-09,2025-10-16,"1.85%",-175,1.85,0
2025-12-09,2025-10-16,"2.10%",-150,2.1,0
2025-12-09,2025-10-16,"2.35%",-125,2.35,0
2025-12-09,2025-10-16,"2.60%",-100,2.6,0
2025-12-09,2025-10-16,"2.85%",-75,2.85,0
2025-12-09,2025-10-16,"3.10%",-50,3.1,0.0912411726842845
2025-12-09,2025-10-16,"3.35%",-25,3.35,0.879072465665296
2025-12-09,2025-10-16,"3.60%",0,3.6,0.0296863616504196
2025-12-09,2025-10-16,"3.85%",25,3.85,0
2025-12-09,2025-10-16,"4.10%",50,4.1,0
2025-12-09,2025-10-16,"4.35%",75,4.35,0
2025-12-09,2025-10-16,"4.60%",100,4.6,0
2025-12-09,2025-10-16,"4.85%",125,4.85,0
2025-12-09,2025-10-16,"5.10%",150,5.1,0
2025-12-09,2025-10-16,"5.35%",175,5.35,0
2025-12-09,2025-10-16,"5.60%",200,5.6,0
2025-12-09,2025-10-16,"5.85%",225,5.85,0
2025-12-09,2025-10-16,"6.10%",250,6.1,0
2025-12-09,2025-10-17,"0.10%",-300,0.1,0
2025-12-09,2025-10-17,"0.35%",-300,0.35,0
2025-12-09,2025-10-17,"0.60%",-300,0.6,0
2025-12-09,2025-10-17,"0.85%",-275,0.85,0
2025-12-09,2025-10-17,"1.10%",-250,1.1,0
2025-12-09,2025-10-17,"1.35%",-225,1.35,0
2025-12-09,2025-10-17,"1.60%",-200,1.6,0
2025-12-09,2025-10-17,"1.85%",-175,1.85,0
2025-12-09,2025-10-17,"2.10%",-150,2.1,0
2025-12-09,2025-10-17,"2.35%",-125,2.35,0
2025-12-09,2025-10-17,"2.60%",-100,2.6,0
2025-12-09,2025-10-17,"2.85%",-75,2.85,0
2025-12-09,2025-10-17,"3.10%",-50,3.1,0.0552561236188812
2025-12-09,2025-10-17,"3.35%",-25,3.35,0.863287821606175
2025-12-09,2025-10-17,"3.60%",0,3.6,0.081456054774944
2025-12-09,2025-10-17,"3.85%",25,3.85,0
2025-12-09,2025-10-17,"4.10%",50,4.1,0
2025-12-09,2025-10-17,"4.35%",75,4.35,0
2025-12-09,2025-10-17,"4.60%",100,4.6,0
2025-12-09,2025-10-17,"4.85%",125,4.85,0
2025-12-09,2025-10-17,"5.10%",150,5.1,0
2025-12-09,2025-10-17,"5.35%",175,5.35,0
2025-12-09,2025-10-17,"5.60%",200,5.6,0
2025-12-09,2025-10-17,"5.85%",225,5.85,0
2025-12-09,2025-10-17,"6.10%",250,6.1,0
2025-12-09,2025-10-18,"0.10%",-300,0.1,0
2025-12-09,2025-10-18,"0.35%",-300,0.35,0
2025-12-09,2025-10-18,"0.60%",-300,0.6,0
2025-12-09,2025-10-18,"0.85%",-275,0.85,0
2025-12-09,2025-10-18,"1.10%",-250,1.1,0
2025-12-09,2025-10-18,"1.35%",-225,1.35,0
2025-12-09,2025-10-18,"1.60%",-200,1.6,0
2025-12-09,2025-10-18,"1.85%",-175,1.85,0
2025-12-09,2025-10-18,"2.10%",-150,2.1,0
2025-12-09,2025-10-18,"2.35%",-125,2.35,0
2025-12-09,2025-10-18,"2.60%",-100,2.6,0
2025-12-09,2025-10-18,"2.85%",-75,2.85,0
2025-12-09,2025-10-18,"3.10%",-50,3.1,0.0631406781220501
2025-12-09,2025-10-18,"3.35%",-25,3.35,0.846218082150164
2025-12-09,2025-10-18,"3.60%",0,3.6,0.0906412397277855
2025-12-09,2025-10-18,"3.85%",25,3.85,0
2025-12-09,2025-10-18,"4.10%",50,4.1,0
2025-12-09,2025-10-18,"4.35%",75,4.35,0
2025-12-09,2025-10-18,"4.60%",100,4.6,0
2025-12-09,2025-10-18,"4.85%",125,4.85,0
2025-12-09,2025-10-18,"5.10%",150,5.1,0
2025-12-09,2025-10-18,"5.35%",175,5.35,0
2025-12-09,2025-10-18,"5.60%",200,5.6,0
2025-12-09,2025-10-18,"5.85%",225,5.85,0
2025-12-09,2025-10-18,"6.10%",250,6.1,0
2025-12-09,2025-10-19,"0.10%",-300,0.1,0
2025-12-09,2025-10-19,"0.35%",-300,0.35,0
2025-12-09,2025-10-19,"0.60%",-300,0.6,0
2025-12-09,2025-10-19,"0.85%",-275,0.85,0
2025-12-09,2025-10-19,"1.10%",-250,1.1,0
2025-12-09,2025-10-19,"1.35%",-225,1.35,0
2025-12-09,2025-10-19,"1.60%",-200,1.6,0
2025-12-09,2025-10-19,"1.85%",-175,1.85,0
2025-12-09,2025-10-19,"2.10%",-150,2.1,0
2025-12-09,2025-10-19,"2.35%",-125,2.35,0
2025-12-09,2025-10-19,"2.60%",-100,2.6,0
2025-12-09,2025-10-19,"2.85%",-75,2.85,0
2025-12-09,2025-10-19,"3.10%",-50,3.1,0.0935581238773193
2025-12-09,2025-10-19,"3.35%",-25,3.35,0.830263080411864
2025-12-09,2025-10-19,"3.60%",0,3.6,0.0761787957108168
2025-12-09,2025-10-19,"3.85%",25,3.85,0
2025-12-09,2025-10-19,"4.10%",50,4.1,0
2025-12-09,2025-10-19,"4.35%",75,4.35,0
2025-12-09,2025-10-19,"4.60%",100,4.6,0
2025-12-09,2025-10-19,"4.85%",125,4.85,0
2025-12-09,2025-10-19,"5.10%",150,5.1,0
2025-12-09,2025-10-19,"5.35%",175,5.35,0
2025-12-09,2025-10-19,"5.60%",200,5.6,0
2025-12-09,2025-10-19,"5.85%",225,5.85,0
2025-12-09,2025-10-19,"6.10%",250,6.1,0
2025-12-09,2025-10-20,"0.10%",-300,0.1,0
2025-12-09,2025-10-20,"0.35%",-300,0.35,0
2025-12-09,2025-10-20,"0.60%",-300,0.6,0
2025-12-09,2025-10-20,"0.85%",-275,0.85,0
2025-12-09,2025-10-20,"1.10%",-250,1.1,0
2025-12-09,2025-10-20,"1.35%",-225,1.35,0
2025-12-09,2025-10-20,"1.60%",-200,1.6,0
2025-12-09,2025-10-20,"1.85%",-175,1.85,0
2025-12-09,2025-10-20,"2.10%",-150,2.1,0
2025-12-09,2025-10-20,"2.35%",-125,2.35,0
2025-12-09,2025-10-20,"2.60%",-100,2.6,0
2025-12-09,2025-10-20,"2.85%",-75,2.85,0
2025-12-09,2025-10-20,"3.10%",-50,3.1,0.0747918767821356
2025-12-09,2025-10-20,"3.35%",-25,3.35,0.810737201647586
2025-12-09,2025-10-20,"3.60%",0,3.6,0.114470921570279
2025-12-09,2025-10-20,"3.85%",25,3.85,0
2025-12-09,2025-10-20,"4.10%",50,4.1,0
2025-12-09,2025-10-20,"4.35%",75,4.35,0
2025-12-09,2025-10-20,"4.60%",100,4.6,0
2025-12-09,2025-10-20,"4.85%",125,4.85,0
2025-12-09,2025-10-20,"5.10%",150,5.1,0
2025-12-09,2025-10-20,"5.35%",175,5.35,0
2025-12-09,2025-10-20,"5.60%",200,5.6,0
2025-12-09,2025-10-20,"5.85%",225,5.85,0
2025-12-09,2025-10-20,"6.10%",250,6.1,0
2025-12-09,2025-10-21,"0.10%",-300,0.1,0
2025-12-09,2025-10-21,"0.35%",-300,0.35,0
2025-12-09,2025-10-21,"0.60%",-300,0.6,0
2025-12-09,2025-10-21,"0.85%",-275,0.85,0
2025-12-09,2025-10-21,"1.10%",-250,1.1,0
2025-12-09,2025-10-21,"1.35%",-225,1.35,0
2025-12-09,2025-10-21,"1.60%",-200,1.6,0
2025-12-09,2025-10-21,"1.85%",-175,1.85,0
2025-12-09,2025-10-21,"2.10%",-150,2.1,0
2025-12-09,2025-10-21,"2.35%",-125,2.35,0
2025-12-09,2025-10-21,"2.60%",-100,2.6,0
2025-12-09,2025-10-21,"2.85%",-75,2.85,0
2025-12-09,2025-10-21,"3.10%",-50,3.1,0.085487830705024
2025-12-09,2025-10-21,"3.35%",-25,3.35,0.769469870533304
2025-12-09,2025-10-21,"3.60%",0,3.6,0.145042298761673
2025-12-09,2025-10-21,"3.85%",25,3.85,0
2025-12-09,2025-10-21,"4.10%",50,4.1,0
2025-12-09,2025-10-21,"4.35%",75,4.35,0
2025-12-09,2025-10-21,"4.60%",100,4.6,0
2025-12-09,2025-10-21,"4.85%",125,4.85,0
2025-12-09,2025-10-21,"5.10%",150,5.1,0
2025-12-09,2025-10-21,"5.35%",175,5.35,0
2025-12-09,2025-10-21,"5.60%",200,5.6,0
2025-12-09,2025-10-21,"5.85%",225,5.85,0
2025-12-09,2025-10-21,"6.10%",250,6.1,0
2025-12-09,2025-10-22,"0.10%",-300,0.1,0
2025-12-09,2025-10-22,"0.35%",-300,0.35,0
2025-12-09,2025-10-22,"0.60%",-300,0.6,0
2025-12-09,2025-10-22,"0.85%",-275,0.85,0
2025-12-09,2025-10-22,"1.10%",-250,1.1,0
2025-12-09,2025-10-22,"1.35%",-225,1.35,0
2025-12-09,2025-10-22,"1.60%",-200,1.6,0
2025-12-09,2025-10-22,"1.85%",-175,1.85,0
2025-12-09,2025-10-22,"2.10%",-150,2.1,0
2025-12-09,2025-10-22,"2.35%",-125,2.35,0
2025-12-09,2025-10-22,"2.60%",-100,2.6,0
2025-12-09,2025-10-22,"2.85%",-75,2.85,0
2025-12-09,2025-10-22,"3.10%",-50,3.1,0.0493911484438633
2025-12-09,2025-10-22,"3.35%",-25,3.35,0.831319950864543
2025-12-09,2025-10-22,"3.60%",0,3.6,0.119288900691593
2025-12-09,2025-10-22,"3.85%",25,3.85,0
2025-12-09,2025-10-22,"4.10%",50,4.1,0
2025-12-09,2025-10-22,"4.35%",75,4.35,0
2025-12-09,2025-10-22,"4.60%",100,4.6,0
2025-12-09,2025-10-22,"4.85%",125,4.85,0
2025-12-09,2025-10-22,"5.10%",150,5.1,0
2025-12-09,2025-10-22,"5.35%",175,5.35,0
2025-12-09,2025-10-22,"5.60%",200,5.6,0
2025-12-09,2025-10-22,"5.85%",225,5.85,0
2025-12-09,2025-10-22,"6.10%",250,6.1,0
2025-12-09,2025-10-23,"0.10%",-300,0.1,0
2025-12-09,2025-10-23,"0.35%",-300,0.35,0
2025-12-09,2025-10-23,"0.60%",-300,0.6,0
2025-12-09,2025-10-23,"0.85%",-275,0.85,0
2025-12-09,2025-10-23,"1.10%",-250,1.1,0
2025-12-09,2025-10-23,"1.35%",-225,1.35,0
2025-12-09,2025-10-23,"1.60%",-200,1.6,0
2025-12-09,2025-10-23,"1.85%",-175,1.85,0
2025-12-09,2025-10-23,"2.10%",-150,2.1,0
2025-12-09,2025-10-23,"2.35%",-125,2.35,0
2025-12-09,2025-10-23,"2.60%",-100,2.6,0
2025-12-09,2025-10-23,"2.85%",-75,2.85,0
2025-12-09,2025-10-23,"3.10%",-50,3.1,0.0626867473427403
2025-12-09,2025-10-23,"3.35%",-25,3.35,0.800422388225137
2025-12-09,2025-10-23,"3.60%",0,3.6,0.136890864432123
2025-12-09,2025-10-23,"3.85%",25,3.85,0
2025-12-09,2025-10-23,"4.10%",50,4.1,0
2025-12-09,2025-10-23,"4.35%",75,4.35,0
2025-12-09,2025-10-23,"4.60%",100,4.6,0
2025-12-09,2025-10-23,"4.85%",125,4.85,0
2025-12-09,2025-10-23,"5.10%",150,5.1,0
2025-12-09,2025-10-23,"5.35%",175,5.35,0
2025-12-09,2025-10-23,"5.60%",200,5.6,0
2025-12-09,2025-10-23,"5.85%",225,5.85,0
2025-12-09,2025-10-23,"6.10%",250,6.1,0
2025-12-09,2025-10-24,"0.10%",-300,0.1,0
2025-12-09,2025-10-24,"0.35%",-300,0.35,0
2025-12-09,2025-10-24,"0.60%",-300,0.6,0
2025-12-09,2025-10-24,"0.85%",-275,0.85,0
2025-12-09,2025-10-24,"1.10%",-250,1.1,0
2025-12-09,2025-10-24,"1.35%",-225,1.35,0
2025-12-09,2025-10-24,"1.60%",-200,1.6,0
2025-12-09,2025-10-24,"1.85%",-175,1.85,0
2025-12-09,2025-10-24,"2.10%",-150,2.1,0
2025-12-09,2025-10-24,"2.35%",-125,2.35,0
2025-12-09,2025-10-24,"2.60%",-100,2.6,0
2025-12-09,2025-10-24,"2.85%",-75,2.85,0
2025-12-09,2025-10-24,"3.10%",-50,3.1,0.0407824691062405
2025-12-09,2025-10-24,"3.35%",-25,3.35,0.837673167520018
2025-12-09,2025-10-24,"3.60%",0,3.6,0.121544363373742
2025-12-09,2025-10-24,"3.85%",25,3.85,0
2025-12-09,2025-10-24,"4.10%",50,4.1,0
2025-12-09,2025-10-24,"4.35%",75,4.35,0
2025-12-09,2025-10-24,"4.60%",100,4.6,0
2025-12-09,2025-10-24,"4.85%",125,4.85,0
2025-12-09,2025-10-24,"5.10%",150,5.1,0
2025-12-09,2025-10-24,"5.35%",175,5.35,0
2025-12-09,2025-10-24,"5.60%",200,5.6,0
2025-12-09,2025-10-24,"5.85%",225,5.85,0
2025-12-09,2025-10-24,"6.10%",250,6.1,0
2025-12-09,2025-10-25,"0.10%",-300,0.1,0
2025-12-09,2025-10-25,"0.35%",-300,0.35,0
2025-12-09,2025-10-25,"0.60%",-300,0.6,0
2025-12-09,2025-10-25,"0.85%",-275,0.85,0
2025-12-09,2025-10-25,"1.10%",-250,1.1,0
2025-12-09,2025-10-25,"1.35%",-225,1.35,0
2025-12-09,2025-10-25,"1.60%",-200,1.6,0
2025-12-09,2025-10-25,"1.85%",-175,1.85,0
2025-12-09,2025-10-25,"2.10%",-150,2.1,0
2025-12-09,2025-10-25,"2.35%",-125,2.35,0
2025-12-09,2025-10-25,"2.60%",-100,2.6,0
2025-12-09,2025-10-25,"2.85%",-75,2.85,0
2025-12-09,2025-10-25,"3.10%",-50,3.1,0.045700077163509
2025-12-09,2025-10-25,"3.35%",-25,3.35,0.82536153286269
2025-12-09,2025-10-25,"3.60%",0,3.6,0.128938389973801
2025-12-09,2025-10-25,"3.85%",25,3.85,0
2025-12-09,2025-10-25,"4.10%",50,4.1,0
2025-12-09,2025-10-25,"4.35%",75,4.35,0
2025-12-09,2025-10-25,"4.60%",100,4.6,0
2025-12-09,2025-10-25,"4.85%",125,4.85,0
2025-12-09,2025-10-25,"5.10%",150,5.1,0
2025-12-09,2025-10-25,"5.35%",175,5.35,0
2025-12-09,2025-10-25,"5.60%",200,5.6,0
2025-12-09,2025-10-25,"5.85%",225,5.85,0
2025-12-09,2025-10-25,"6.10%",250,6.1,0
2025-12-09,2025-10-26,"0.10%",-300,0.1,0
2025-12-09,2025-10-26,"0.35%",-300,0.35,0
2025-12-09,2025-10-26,"0.60%",-300,0.6,0
2025-12-09,2025-10-26,"0.85%",-275,0.85,0
2025-12-09,2025-10-26,"1.10%",-250,1.1,0
2025-12-09,2025-10-26,"1.35%",-225,1.35,0
2025-12-09,2025-10-26,"1.60%",-200,1.6,0
2025-12-09,2025-10-26,"1.85%",-175,1.85,0
2025-12-09,2025-10-26,"2.10%",-150,2.1,0
2025-12-09,2025-10-26,"2.35%",-125,2.35,0
2025-12-09,2025-10-26,"2.60%",-100,2.6,0
2025-12-09,2025-10-26,"2.85%",-75,2.85,0
2025-12-09,2025-10-26,"3.10%",-50,3.1,0.0377945654733744
2025-12-09,2025-10-26,"3.35%",-25,3.35,0.793317909153058
2025-12-09,2025-10-26,"3.60%",0,3.6,0.168887525373568
2025-12-09,2025-10-26,"3.85%",25,3.85,0
2025-12-09,2025-10-26,"4.10%",50,4.1,0
2025-12-09,2025-10-26,"4.35%",75,4.35,0
2025-12-09,2025-10-26,"4.60%",100,4.6,0
2025-12-09,2025-10-26,"4.85%",125,4.85,0
2025-12-09,2025-10-26,"5.10%",150,5.1,0
2025-12-09,2025-10-26,"5.35%",175,5.35,0
2025-12-09,2025-10-26,"5.60%",200,5.6,0
2025-12-09,2025-10-26,"5.85%",225,5.85,0
2025-12-09,2025-10-26,"6.10%",250,6.1,0
2025-12-09,2025-10-27,"0.10%",-300,0.1,0
2025-12-09,2025-10-27,"0.35%",-300,0.35,0
2025-12-09,2025-10-27,"0.60%",-300,0.6,0
2025-12-09,2025-10-27,"0.85%",-275,0.85,0
2025-12-09,2025-10-27,"1.10%",-250,1.1,0
2025-12-09,2025-10-27,"1.35%",-225,1.35,0
2025-12-09,2025-10-27,"1.60%",-200,1.6,0
2025-12-09,2025-10-27,"1.85%",-175,1.85,0
2025-12-09,2025-10-27,"2.10%",-150,2.1,0
2025-12-09,2025-10-27,"2.35%",-125,2.35,0
2025-12-09,2025-10-27,"2.60%",-100,2.6,0
2025-12-09,2025-10-27,"2.85%",-75,2.85,0
2025-12-09,2025-10-27,"3.10%",-50,3.1,0.0120326803100673
2025-12-09,2025-10-27,"3.35%",-25,3.35,0.643855422266415
2025-12-09,2025-10-27,"3.60%",0,3.6,0.344111897423518
2025-12-09,2025-10-27,"3.85%",25,3.85,0
2025-12-09,2025-10-27,"4.10%",50,4.1,0
2025-12-09,2025-10-27,"4.35%",75,4.35,0
2025-12-09,2025-10-27,"4.60%",100,4.6,0
2025-12-09,2025-10-27,"4.85%",125,4.85,0
2025-12-09,2025-10-27,"5.10%",150,5.1,0
2025-12-09,2025-10-27,"5.35%",175,5.35,0
2025-12-09,2025-10-27,"5.60%",200,5.6,0
2025-12-09,2025-10-27,"5.85%",225,5.85,0
2025-12-09,2025-10-27,"6.10%",250,6.1,0
2025-12-09,2025-10-28,"0.10%",-300,0.1,0
2025-12-09,2025-10-28,"0.35%",-300,0.35,0
2025-12-09,2025-10-28,"0.60%",-300,0.6,0
2025-12-09,2025-10-28,"0.85%",-275,0.85,0
2025-12-09,2025-10-28,"1.10%",-250,1.1,0
2025-12-09,2025-10-28,"1.35%",-225,1.35,0
2025-12-09,2025-10-28,"1.60%",-200,1.6,0
2025-12-09,2025-10-28,"1.85%",-175,1.85,0
2025-12-09,2025-10-28,"2.10%",-150,2.1,0
2025-12-09,2025-10-28,"2.35%",-125,2.35,0
2025-12-09,2025-10-28,"2.60%",-100,2.6,0
2025-12-09,2025-10-28,"2.85%",-75,2.85,0
2025-12-09,2025-10-28,"3.10%",-50,3.1,0
2025-12-09,2025-10-28,"3.35%",-25,3.35,0.196265126985838
2025-12-09,2025-10-28,"3.60%",0,3.6,0.780777602503837
2025-12-09,2025-10-28,"3.85%",25,3.85,0.0229572705103256
2025-12-09,2025-10-28,"4.10%",50,4.1,0
2025-12-09,2025-10-28,"4.35%",75,4.35,0
2025-12-09,2025-10-28,"4.60%",100,4.6,0
2025-12-09,2025-10-28,"4.85%",125,4.85,0
2025-12-09,2025-10-28,"5.10%",150,5.1,0
2025-12-09,2025-10-28,"5.35%",175,5.35,0
2025-12-09,2025-10-28,"5.60%",200,5.6,0
2025-12-09,2025-10-28,"5.85%",225,5.85,0
2025-12-09,2025-10-28,"6.10%",250,6.1,0
2025-12-09,2025-10-29,"0.10%",-300,0.1,0
2025-12-09,2025-10-29,"0.35%",-300,0.35,0
2025-12-09,2025-10-29,"0.60%",-300,0.6,0
2025-12-09,2025-10-29,"0.85%",-275,0.85,0
2025-12-09,2025-10-29,"1.10%",-250,1.1,0
2025-12-09,2025-10-29,"1.35%",-225,1.35,0
2025-12-09,2025-10-29,"1.60%",-200,1.6,0
2025-12-09,2025-10-29,"1.85%",-175,1.85,0
2025-12-09,2025-10-29,"2.10%",-150,2.1,0
2025-12-09,2025-10-29,"2.35%",-125,2.35,0
2025-12-09,2025-10-29,"2.60%",-100,2.6,0
2025-12-09,2025-10-29,"2.85%",-75,2.85,0
2025-12-09,2025-10-29,"3.10%",-50,3.1,0
2025-12-09,2025-10-29,"3.35%",-25,3.35,0.161238363505506
2025-12-09,2025-10-29,"3.60%",0,3.6,0.818354381240782
2025-12-09,2025-10-29,"3.85%",25,3.85,0.0204072552537119
2025-12-09,2025-10-29,"4.10%",50,4.1,0
2025-12-09,2025-10-29,"4.35%",75,4.35,0
2025-12-09,2025-10-29,"4.60%",100,4.6,0
2025-12-09,2025-10-29,"4.85%",125,4.85,0
2025-12-09,2025-10-29,"5.10%",150,5.1,0
2025-12-09,2025-10-29,"5.35%",175,5.35,0
2025-12-09,2025-10-29,"5.60%",200,5.6,0
2025-12-09,2025-10-29,"5.85%",225,5.85,0
2025-12-09,2025-10-29,"6.10%",250,6.1,0
2025-12-09,2025-10-30,"0.10%",-300,0.1,0
2025-12-09,2025-10-30,"0.35%",-300,0.35,0
2025-12-09,2025-10-30,"0.60%",-300,0.6,0
2025-12-09,2025-10-30,"0.85%",-275,0.85,0
2025-12-09,2025-10-30,"1.10%",-250,1.1,0
2025-12-09,2025-10-30,"1.35%",-225,1.35,0
2025-12-09,2025-10-30,"1.60%",-200,1.6,0
2025-12-09,2025-10-30,"1.85%",-175,1.85,0
2025-12-09,2025-10-30,"2.10%",-150,2.1,0
2025-12-09,2025-10-30,"2.35%",-125,2.35,0
2025-12-09,2025-10-30,"2.60%",-100,2.6,0
2025-12-09,2025-10-30,"2.85%",-75,2.85,0
2025-12-09,2025-10-30,"3.10%",-50,3.1,0
2025-12-09,2025-10-30,"3.35%",-25,3.35,0.141625561344716
2025-12-09,2025-10-30,"3.60%",0,3.6,0.829361423952156
2025-12-09,2025-10-30,"3.85%",25,3.85,0.0290130147031284
2025-12-09,2025-10-30,"4.10%",50,4.1,0
2025-12-09,2025-10-30,"4.35%",75,4.35,0
2025-12-09,2025-10-30,"4.60%",100,4.6,0
2025-12-09,2025-10-30,"4.85%",125,4.85,0
2025-12-09,2025-10-30,"5.10%",150,5.1,0
2025-12-09,2025-10-30,"5.35%",175,5.35,0
2025-12-09,2025-10-30,"5.60%",200,5.6,0
2025-12-09,2025-10-30,"5.85%",225,5.85,0
2025-12-09,2025-10-30,"6.10%",250,6.1,0
2025-12-09,2025-10-31,"0.10%",-300,0.1,0
2025-12-09,2025-10-31,"0.35%",-300,0.35,0
2025-12-09,2025-10-31,"0.60%",-300,0.6,0
2025-12-09,2025-10-31,"0.85%",-275,0.85,0
2025-12-09,2025-10-31,"1.10%",-250,1.1,0
2025-12-09,2025-10-31,"1.35%",-225,1.35,0
2025-12-09,2025-10-31,"1.60%",-200,1.6,0
2025-12-09,2025-10-31,"1.85%",-175,1.85,0
2025-12-09,2025-10-31,"2.10%",-150,2.1,0
2025-12-09,2025-10-31,"2.35%",-125,2.35,0
2025-12-09,2025-10-31,"2.60%",-100,2.6,0
2025-12-09,2025-10-31,"2.85%",-75,2.85,0
2025-12-09,2025-10-31,"3.10%",-50,3.1,0
2025-12-09,2025-10-31,"3.35%",-25,3.35,0.110262775045042
2025-12-09,2025-10-31,"3.60%",0,3.6,0.877140443769955
2025-12-09,2025-10-31,"3.85%",25,3.85,0.0125967811850038
2025-12-09,2025-10-31,"4.10%",50,4.1,0
2025-12-09,2025-10-31,"4.35%",75,4.35,0
2025-12-09,2025-10-31,"4.60%",100,4.6,0
2025-12-09,2025-10-31,"4.85%",125,4.85,0
2025-12-09,2025-10-31,"5.10%",150,5.1,0
2025-12-09,2025-10-31,"5.35%",175,5.35,0
2025-12-09,2025-10-31,"5.60%",200,5.6,0
2025-12-09,2025-10-31,"5.85%",225,5.85,0
2025-12-09,2025-10-31,"6.10%",250,6.1,0
2025-12-09,2025-11-01,"0.10%",-300,0.1,0
2025-12-09,2025-11-01,"0.35%",-300,0.35,0
2025-12-09,2025-11-01,"0.60%",-300,0.6,0
2025-12-09,2025-11-01,"0.85%",-275,0.85,0
2025-12-09,2025-11-01,"1.10%",-250,1.1,0
2025-12-09,2025-11-01,"1.35%",-225,1.35,0
2025-12-09,2025-11-01,"1.60%",-200,1.6,0
2025-12-09,2025-11-01,"1.85%",-175,1.85,0
2025-12-09,2025-11-01,"2.10%",-150,2.1,0
2025-12-09,2025-11-01,"2.35%",-125,2.35,0
2025-12-09,2025-11-01,"2.60%",-100,2.6,0
2025-12-09,2025-11-01,"2.85%",-75,2.85,0
2025-12-09,2025-11-01,"3.10%",-50,3.1,0
2025-12-09,2025-11-01,"3.35%",-25,3.35,0.131852119929007
2025-12-09,2025-11-01,"3.60%",0,3.6,0.847573834325035
2025-12-09,2025-11-01,"3.85%",25,3.85,0.0205740457459581
2025-12-09,2025-11-01,"4.10%",50,4.1,0
2025-12-09,2025-11-01,"4.35%",75,4.35,0
2025-12-09,2025-11-01,"4.60%",100,4.6,0
2025-12-09,2025-11-01,"4.85%",125,4.85,0
2025-12-09,2025-11-01,"5.10%",150,5.1,0
2025-12-09,2025-11-01,"5.35%",175,5.35,0
2025-12-09,2025-11-01,"5.60%",200,5.6,0
2025-12-09,2025-11-01,"5.85%",225,5.85,0
2025-12-09,2025-11-01,"6.10%",250,6.1,0
2025-12-09,2025-11-02,"0.10%",-300,0.1,0
2025-12-09,2025-11-02,"0.35%",-300,0.35,0
2025-12-09,2025-11-02,"0.60%",-300,0.6,0
2025-12-09,2025-11-02,"0.85%",-275,0.85,0
2025-12-09,2025-11-02,"1.10%",-250,1.1,0
2025-12-09,2025-11-02,"1.35%",-225,1.35,0
2025-12-09,2025-11-02,"1.60%",-200,1.6,0
2025-12-09,2025-11-02,"1.85%",-175,1.85,0
2025-12-09,2025-11-02,"2.10%",-150,2.1,0
2025-12-09,2025-11-02,"2.35%",-125,2.35,0
2025-12-09,2025-11-02,"2.60%",-100,2.6,0
2025-12-09,2025-11-02,"2.85%",-75,2.85,0
2025-12-09,2025-11-02,"3.10%",-50,3.1,0
2025-12-09,2025-11-02,"3.35%",-25,3.35,0.1520583563886
2025-12-09,2025-11-02,"3.60%",0,3.6,0.817704847602079
2025-12-09,2025-11-02,"3.85%",25,3.85,0.0302367960093209
2025-12-09,2025-11-02,"4.10%",50,4.1,0
2025-12-09,2025-11-02,"4.35%",75,4.35,0
2025-12-09,2025-11-02,"4.60%",100,4.6,0
2025-12-09,2025-11-02,"4.85%",125,4.85,0
2025-12-09,2025-11-02,"5.10%",150,5.1,0
2025-12-09,2025-11-02,"5.35%",175,5.35,0
2025-12-09,2025-11-02,"5.60%",200,5.6,0
2025-12-09,2025-11-02,"5.85%",225,5.85,0
2025-12-09,2025-11-02,"6.10%",250,6.1,0
2025-12-09,2025-11-03,"0.10%",-300,0.1,0
2025-12-09,2025-11-03,"0.35%",-300,0.35,0
2025-12-09,2025-11-03,"0.60%",-300,0.6,0
2025-12-09,2025-11-03,"0.85%",-275,0.85,0
2025-12-09,2025-11-03,"1.10%",-250,1.1,0
2025-12-09,2025-11-03,"1.35%",-225,1.35,0
2025-12-09,2025-11-03,"1.60%",-200,1.6,0
2025-12-09,2025-11-03,"1.85%",-175,1.85,0
2025-12-09,2025-11-03,"2.10%",-150,2.1,0
2025-12-09,2025-11-03,"2.35%",-125,2.35,0
2025-12-09,2025-11-03,"2.60%",-100,2.6,0
2025-12-09,2025-11-03,"2.85%",-75,2.85,0
2025-12-09,2025-11-03,"3.10%",-50,3.1,0
2025-12-09,2025-11-03,"3.35%",-25,3.35,0.141128332266711
2025-12-09,2025-11-03,"3.60%",0,3.6,0.805510549877583
2025-12-09,2025-11-03,"3.85%",25,3.85,0.0533611178557054
2025-12-09,2025-11-03,"4.10%",50,4.1,0
2025-12-09,2025-11-03,"4.35%",75,4.35,0
2025-12-09,2025-11-03,"4.60%",100,4.6,0
2025-12-09,2025-11-03,"4.85%",125,4.85,0
2025-12-09,2025-11-03,"5.10%",150,5.1,0
2025-12-09,2025-11-03,"5.35%",175,5.35,0
2025-12-09,2025-11-03,"5.60%",200,5.6,0
2025-12-09,2025-11-03,"5.85%",225,5.85,0
2025-12-09,2025-11-03,"6.10%",250,6.1,0
2025-12-09,2025-11-04,"0.10%",-300,0.1,0
2025-12-09,2025-11-04,"0.35%",-300,0.35,0
2025-12-09,2025-11-04,"0.60%",-300,0.6,0
2025-12-09,2025-11-04,"0.85%",-275,0.85,0
2025-12-09,2025-11-04,"1.10%",-250,1.1,0
2025-12-09,2025-11-04,"1.35%",-225,1.35,0
2025-12-09,2025-11-04,"1.60%",-200,1.6,0
2025-12-09,2025-11-04,"1.85%",-175,1.85,0
2025-12-09,2025-11-04,"2.10%",-150,2.1,0
2025-12-09,2025-11-04,"2.35%",-125,2.35,0
2025-12-09,2025-11-04,"2.60%",-100,2.6,0
2025-12-09,2025-11-04,"2.85%",-75,2.85,0
2025-12-09,2025-11-04,"3.10%",-50,3.1,0
2025-12-09,2025-11-04,"3.35%",-25,3.35,0.160010478085137
2025-12-09,2025-11-04,"3.60%",0,3.6,0.81410687491915
2025-12-09,2025-11-04,"3.85%",25,3.85,0.0258826469957123
2025-12-09,2025-11-04,"4.10%",50,4.1,0
2025-12-09,2025-11-04,"4.35%",75,4.35,0
2025-12-09,2025-11-04,"4.60%",100,4.6,0
2025-12-09,2025-11-04,"4.85%",125,4.85,0
2025-12-09,2025-11-04,"5.10%",150,5.1,0
2025-12-09,2025-11-04,"5.35%",175,5.35,0
2025-12-09,2025-11-04,"5.60%",200,5.6,0
2025-12-09,2025-11-04,"5.85%",225,5.85,0
2025-12-09,2025-11-04,"6.10%",250,6.1,0
2025-12-09,2025-11-05,"0.10%",-300,0.1,0
2025-12-09,2025-11-05,"0.35%",-300,0.35,0
2025-12-09,2025-11-05,"0.60%",-300,0.6,0
2025-12-09,2025-11-05,"0.85%",-275,0.85,0
2025-12-09,2025-11-05,"1.10%",-250,1.1,0
2025-12-09,2025-11-05,"1.35%",-225,1.35,0
2025-12-09,2025-11-05,"1.60%",-200,1.6,0
2025-12-09,2025-11-05,"1.85%",-175,1.85,0
2025-12-09,2025-11-05,"2.10%",-150,2.1,0
2025-12-09,2025-11-05,"2.35%",-125,2.35,0
2025-12-09,2025-11-05,"2.60%",-100,2.6,0
2025-12-09,2025-11-05,"2.85%",-75,2.85,0
2025-12-09,2025-11-05,"3.10%",-50,3.1,0
2025-12-09,2025-11-05,"3.35%",-25,3.35,0.164306099024542
2025-12-09,2025-11-05,"3.60%",0,3.6,0.807675809237149
2025-12-09,2025-11-05,"3.85%",25,3.85,0.0280180917383084
2025-12-09,2025-11-05,"4.10%",50,4.1,0
2025-12-09,2025-11-05,"4.35%",75,4.35,0
2025-12-09,2025-11-05,"4.60%",100,4.6,0
2025-12-09,2025-11-05,"4.85%",125,4.85,0
2025-12-09,2025-11-05,"5.10%",150,5.1,0
2025-12-09,2025-11-05,"5.35%",175,5.35,0
2025-12-09,2025-11-05,"5.60%",200,5.6,0
2025-12-09,2025-11-05,"5.85%",225,5.85,0
2025-12-09,2025-11-05,"6.10%",250,6.1,0
2025-12-09,2025-11-06,"0.10%",-300,0.1,0
2025-12-09,2025-11-06,"0.35%",-300,0.35,0
2025-12-09,2025-11-06,"0.60%",-300,0.6,0
2025-12-09,2025-11-06,"0.85%",-275,0.85,0
2025-12-09,2025-11-06,"1.10%",-250,1.1,0
2025-12-09,2025-11-06,"1.35%",-225,1.35,0
2025-12-09,2025-11-06,"1.60%",-200,1.6,0
2025-12-09,2025-11-06,"1.85%",-175,1.85,0
2025-12-09,2025-11-06,"2.10%",-150,2.1,0
2025-12-09,2025-11-06,"2.35%",-125,2.35,0
2025-12-09,2025-11-06,"2.60%",-100,2.6,0
2025-12-09,2025-11-06,"2.85%",-75,2.85,0
2025-12-09,2025-11-06,"3.10%",-50,3.1,0
2025-12-09,2025-11-06,"3.35%",-25,3.35,0.157291432483545
2025-12-09,2025-11-06,"3.60%",0,3.6,0.802424585797378
2025-12-09,2025-11-06,"3.85%",25,3.85,0.0402839817190768
2025-12-09,2025-11-06,"4.10%",50,4.1,0
2025-12-09,2025-11-06,"4.35%",75,4.35,0
2025-12-09,2025-11-06,"4.60%",100,4.6,0
2025-12-09,2025-11-06,"4.85%",125,4.85,0
2025-12-09,2025-11-06,"5.10%",150,5.1,0
2025-12-09,2025-11-06,"5.35%",175,5.35,0
2025-12-09,2025-11-06,"5.60%",200,5.6,0
2025-12-09,2025-11-06,"5.85%",225,5.85,0
2025-12-09,2025-11-06,"6.10%",250,6.1,0
2025-12-09,2025-11-07,"0.10%",-300,0.1,0
2025-12-09,2025-11-07,"0.35%",-300,0.35,0
2025-12-09,2025-11-07,"0.60%",-300,0.6,0
2025-12-09,2025-11-07,"0.85%",-275,0.85,0
2025-12-09,2025-11-07,"1.10%",-250,1.1,0
2025-12-09,2025-11-07,"1.35%",-225,1.35,0
2025-12-09,2025-11-07,"1.60%",-200,1.6,0
2025-12-09,2025-11-07,"1.85%",-175,1.85,0
2025-12-09,2025-11-07,"2.10%",-150,2.1,0
2025-12-09,2025-11-07,"2.35%",-125,2.35,0
2025-12-09,2025-11-07,"2.60%",-100,2.6,0
2025-12-09,2025-11-07,"2.85%",-75,2.85,0
2025-12-09,2025-11-07,"3.10%",-50,3.1,0
2025-12-09,2025-11-07,"3.35%",-25,3.35,0.111027110412427
2025-12-09,2025-11-07,"3.60%",0,3.6,0.888972889587573
2025-12-09,2025-11-07,"3.85%",25,3.85,0
2025-12-09,2025-11-07,"4.10%",50,4.1,0
2025-12-09,2025-11-07,"4.35%",75,4.35,0
2025-12-09,2025-11-07,"4.60%",100,4.6,0
2025-12-09,2025-11-07,"4.85%",125,4.85,0
2025-12-09,2025-11-07,"5.10%",150,5.1,0
2025-12-09,2025-11-07,"5.35%",175,5.35,0
2025-12-09,2025-11-07,"5.60%",200,5.6,0
2025-12-09,2025-11-07,"5.85%",225,5.85,0
2025-12-09,2025-11-07,"6.10%",250,6.1,0
2025-12-09,2025-11-08,"0.10%",-300,0.1,0
2025-12-09,2025-11-08,"0.35%",-300,0.35,0
2025-12-09,2025-11-08,"0.60%",-300,0.6,0
2025-12-09,2025-11-08,"0.85%",-275,0.85,0
2025-12-09,2025-11-08,"1.10%",-250,1.1,0
2025-12-09,2025-11-08,"1.35%",-225,1.35,0
2025-12-09,2025-11-08,"1.60%",-200,1.6,0
2025-12-09,2025-11-08,"1.85%",-175,1.85,0
2025-12-09,2025-11-08,"2.10%",-150,2.1,0
2025-12-09,2025-11-08,"2.35%",-125,2.35,0
2025-12-09,2025-11-08,"2.60%",-100,2.6,0
2025-12-09,2025-11-08,"2.85%",-75,2.85,0
2025-12-09,2025-11-08,"3.10%",-50,3.1,0
2025-12-09,2025-11-08,"3.35%",-25,3.35,0.126391321969367
2025-12-09,2025-11-08,"3.60%",0,3.6,0.860973003559188
2025-12-09,2025-11-08,"3.85%",25,3.85,0.0126356744714443
2025-12-09,2025-11-08,"4.10%",50,4.1,0
2025-12-09,2025-11-08,"4.35%",75,4.35,0
2025-12-09,2025-11-08,"4.60%",100,4.6,0
2025-12-09,2025-11-08,"4.85%",125,4.85,0
2025-12-09,2025-11-08,"5.10%",150,5.1,0
2025-12-09,2025-11-08,"5.35%",175,5.35,0
2025-12-09,2025-11-08,"5.60%",200,5.6,0
2025-12-09,2025-11-08,"5.85%",225,5.85,0
2025-12-09,2025-11-08,"6.10%",250,6.1,0
2025-12-09,2025-11-09,"0.10%",-300,0.1,0
2025-12-09,2025-11-09,"0.35%",-300,0.35,0
2025-12-09,2025-11-09,"0.60%",-300,0.6,0
2025-12-09,2025-11-09,"0.85%",-275,0.85,0
2025-12-09,2025-11-09,"1.10%",-250,1.1,0
2025-12-09,2025-11-09,"1.35%",-225,1.35,0
2025-12-09,2025-11-09,"1.60%",-200,1.6,0
2025-12-09,2025-11-09,"1.85%",-175,1.85,0
2025-12-09,2025-11-09,"2.10%",-150,2.1,0
2025-12-09,2025-11-09,"2.35%",-125,2.35,0
2025-12-09,2025-11-09,"2.60%",-100,2.6,0
2025-12-09,2025-11-09,"2.85%",-75,2.85,0
2025-12-09,2025-11-09,"3.10%",-50,3.1,0
2025-12-09,2025-11-09,"3.35%",-25,3.35,0.102585833705855
2025-12-09,2025-11-09,"3.60%",0,3.6,0.868773833583817
2025-12-09,2025-11-09,"3.85%",25,3.85,0.028640332710328
2025-12-09,2025-11-09,"4.10%",50,4.1,0
2025-12-09,2025-11-09,"4.35%",75,4.35,0
2025-12-09,2025-11-09,"4.60%",100,4.6,0
2025-12-09,2025-11-09,"4.85%",125,4.85,0
2025-12-09,2025-11-09,"5.10%",150,5.1,0
2025-12-09,2025-11-09,"5.35%",175,5.35,0
2025-12-09,2025-11-09,"5.60%",200,5.6,0
2025-12-09,2025-11-09,"5.85%",225,5.85,0
2025-12-09,2025-11-09,"6.10%",250,6.1,0
2025-12-09,2025-11-10,"0.10%",-300,0.1,0
2025-12-09,2025-11-10,"0.35%",-300,0.35,0
2025-12-09,2025-11-10,"0.60%",-300,0.6,0
2025-12-09,2025-11-10,"0.85%",-275,0.85,0
2025-12-09,2025-11-10,"1.10%",-250,1.1,0
2025-12-09,2025-11-10,"1.35%",-225,1.35,0
2025-12-09,2025-11-10,"1.60%",-200,1.6,0
2025-12-09,2025-11-10,"1.85%",-175,1.85,0
2025-12-09,2025-11-10,"2.10%",-150,2.1,0
2025-12-09,2025-11-10,"2.35%",-125,2.35,0
2025-12-09,2025-11-10,"2.60%",-100,2.6,0
2025-12-09,2025-11-10,"2.85%",-75,2.85,0
2025-12-09,2025-11-10,"3.10%",-50,3.1,0
2025-12-09,2025-11-10,"3.35%",-25,3.35,0.120763238421114
2025-12-09,2025-11-10,"3.60%",0,3.6,0.845384199913507
2025-12-09,2025-11-10,"3.85%",25,3.85,0.0338525616653788
2025-12-09,2025-11-10,"4.10%",50,4.1,0
2025-12-09,2025-11-10,"4.35%",75,4.35,0
2025-12-09,2025-11-10,"4.60%",100,4.6,0
2025-12-09,2025-11-10,"4.85%",125,4.85,0
2025-12-09,2025-11-10,"5.10%",150,5.1,0
2025-12-09,2025-11-10,"5.35%",175,5.35,0
2025-12-09,2025-11-10,"5.60%",200,5.6,0
2025-12-09,2025-11-10,"5.85%",225,5.85,0
2025-12-09,2025-11-10,"6.10%",250,6.1,0
2025-12-09,2025-11-11,"0.10%",-300,0.1,0
2025-12-09,2025-11-11,"0.35%",-300,0.35,0
2025-12-09,2025-11-11,"0.60%",-300,0.6,0
2025-12-09,2025-11-11,"0.85%",-275,0.85,0
2025-12-09,2025-11-11,"1.10%",-250,1.1,0
2025-12-09,2025-11-11,"1.35%",-225,1.35,0
2025-12-09,2025-11-11,"1.60%",-200,1.6,0
2025-12-09,2025-11-11,"1.85%",-175,1.85,0
2025-12-09,2025-11-11,"2.10%",-150,2.1,0
2025-12-09,2025-11-11,"2.35%",-125,2.35,0
2025-12-09,2025-11-11,"2.60%",-100,2.6,0
2025-12-09,2025-11-11,"2.85%",-75,2.85,0
2025-12-09,2025-11-11,"3.10%",-50,3.1,0
2025-12-09,2025-11-11,"3.35%",-25,3.35,0.138050269879631
2025-12-09,2025-11-11,"3.60%",0,3.6,0.83459130184323
2025-12-09,2025-11-11,"3.85%",25,3.85,0.0273584282771386
2025-12-09,2025-11-11,"4.10%",50,4.1,0
2025-12-09,2025-11-11,"4.35%",75,4.35,0
2025-12-09,2025-11-11,"4.60%",100,4.6,0
2025-12-09,2025-11-11,"4.85%",125,4.85,0
2025-12-09,2025-11-11,"5.10%",150,5.1,0
2025-12-09,2025-11-11,"5.35%",175,5.35,0
2025-12-09,2025-11-11,"5.60%",200,5.6,0
2025-12-09,2025-11-11,"5.85%",225,5.85,0
2025-12-09,2025-11-11,"6.10%",250,6.1,0
2025-12-09,2025-11-12,"0.10%",-300,0.1,0
2025-12-09,2025-11-12,"0.35%",-300,0.35,0
2025-12-09,2025-11-12,"0.60%",-300,0.6,0
2025-12-09,2025-11-12,"0.85%",-275,0.85,0
2025-12-09,2025-11-12,"1.10%",-250,1.1,0
2025-12-09,2025-11-12,"1.35%",-225,1.35,0
2025-12-09,2025-11-12,"1.60%",-200,1.6,0
2025-12-09,2025-11-12,"1.85%",-175,1.85,0
2025-12-09,2025-11-12,"2.10%",-150,2.1,0
2025-12-09,2025-11-12,"2.35%",-125,2.35,0
2025-12-09,2025-11-12,"2.60%",-100,2.6,0
2025-12-09,2025-11-12,"2.85%",-75,2.85,0
2025-12-09,2025-11-12,"3.10%",-50,3.1,0
2025-12-09,2025-11-12,"3.35%",-25,3.35,0.0659862282512768
2025-12-09,2025-11-12,"3.60%",0,3.6,0.883115290707925
2025-12-09,2025-11-12,"3.85%",25,3.85,0.0508984810407979
2025-12-09,2025-11-12,"4.10%",50,4.1,0
2025-12-09,2025-11-12,"4.35%",75,4.35,0
2025-12-09,2025-11-12,"4.60%",100,4.6,0
2025-12-09,2025-11-12,"4.85%",125,4.85,0
2025-12-09,2025-11-12,"5.10%",150,5.1,0
2025-12-09,2025-11-12,"5.35%",175,5.35,0
2025-12-09,2025-11-12,"5.60%",200,5.6,0
2025-12-09,2025-11-12,"5.85%",225,5.85,0
2025-12-09,2025-11-12,"6.10%",250,6.1,0
2025-12-09,2025-11-13,"0.10%",-300,0.1,0
2025-12-09,2025-11-13,"0.35%",-300,0.35,0
2025-12-09,2025-11-13,"0.60%",-300,0.6,0
2025-12-09,2025-11-13,"0.85%",-275,0.85,0
2025-12-09,2025-11-13,"1.10%",-250,1.1,0
2025-12-09,2025-11-13,"1.35%",-225,1.35,0
2025-12-09,2025-11-13,"1.60%",-200,1.6,0
2025-12-09,2025-11-13,"1.85%",-175,1.85,0
2025-12-09,2025-11-13,"2.10%",-150,2.1,0
2025-12-09,2025-11-13,"2.35%",-125,2.35,0
2025-12-09,2025-11-13,"2.60%",-100,2.6,0
2025-12-09,2025-11-13,"2.85%",-75,2.85,0
2025-12-09,2025-11-13,"3.10%",-50,3.1,0
2025-12-09,2025-11-13,"3.35%",-25,3.35,0.0643346241120474
2025-12-09,2025-11-13,"3.60%",0,3.6,0.892190629434494
2025-12-09,2025-11-13,"3.85%",25,3.85,0.0434747464534589
2025-12-09,2025-11-13,"4.10%",50,4.1,0
2025-12-09,2025-11-13,"4.35%",75,4.35,0
2025-12-09,2025-11-13,"4.60%",100,4.6,0
2025-12-09,2025-11-13,"4.85%",125,4.85,0
2025-12-09,2025-11-13,"5.10%",150,5.1,0
2025-12-09,2025-11-13,"5.35%",175,5.35,0
2025-12-09,2025-11-13,"5.60%",200,5.6,0
2025-12-09,2025-11-13,"5.85%",225,5.85,0
2025-12-09,2025-11-13,"6.10%",250,6.1,0
2025-12-09,2025-11-14,"0.10%",-300,0.1,0
2025-12-09,2025-11-14,"0.35%",-300,0.35,0
2025-12-09,2025-11-14,"0.60%",-300,0.6,0
2025-12-09,2025-11-14,"0.85%",-275,0.85,0
2025-12-09,2025-11-14,"1.10%",-250,1.1,0
2025-12-09,2025-11-14,"1.35%",-225,1.35,0
2025-12-09,2025-11-14,"1.60%",-200,1.6,0
2025-12-09,2025-11-14,"1.85%",-175,1.85,0
2025-12-09,2025-11-14,"2.10%",-150,2.1,0
2025-12-09,2025-11-14,"2.35%",-125,2.35,0
2025-12-09,2025-11-14,"2.60%",-100,2.6,0
2025-12-09,2025-11-14,"2.85%",-75,2.85,0
2025-12-09,2025-11-14,"3.10%",-50,3.1,0
2025-12-09,2025-11-14,"3.35%",-25,3.35,0.0435590189732814
2025-12-09,2025-11-14,"3.60%",0,3.6,0.930642578113819
2025-12-09,2025-11-14,"3.85%",25,3.85,0.0257984029128992
2025-12-09,2025-11-14,"4.10%",50,4.1,0
2025-12-09,2025-11-14,"4.35%",75,4.35,0
2025-12-09,2025-11-14,"4.60%",100,4.6,0
2025-12-09,2025-11-14,"4.85%",125,4.85,0
2025-12-09,2025-11-14,"5.10%",150,5.1,0
2025-12-09,2025-11-14,"5.35%",175,5.35,0
2025-12-09,2025-11-14,"5.60%",200,5.6,0
2025-12-09,2025-11-14,"5.85%",225,5.85,0
2025-12-09,2025-11-14,"6.10%",250,6.1,0
2025-12-09,2025-11-15,"0.10%",-300,0.1,0
2025-12-09,2025-11-15,"0.35%",-300,0.35,0
2025-12-09,2025-11-15,"0.60%",-300,0.6,0
2025-12-09,2025-11-15,"0.85%",-275,0.85,0
2025-12-09,2025-11-15,"1.10%",-250,1.1,0
2025-12-09,2025-11-15,"1.35%",-225,1.35,0
2025-12-09,2025-11-15,"1.60%",-200,1.6,0
2025-12-09,2025-11-15,"1.85%",-175,1.85,0
2025-12-09,2025-11-15,"2.10%",-150,2.1,0
2025-12-09,2025-11-15,"2.35%",-125,2.35,0
2025-12-09,2025-11-15,"2.60%",-100,2.6,0
2025-12-09,2025-11-15,"2.85%",-75,2.85,0
2025-12-09,2025-11-15,"3.10%",-50,3.1,0
2025-12-09,2025-11-15,"3.35%",-25,3.35,0.0516171967136331
2025-12-09,2025-11-15,"3.60%",0,3.6,0.916543035898301
2025-12-09,2025-11-15,"3.85%",25,3.85,0.031839767388066
2025-12-09,2025-11-15,"4.10%",50,4.1,0
2025-12-09,2025-11-15,"4.35%",75,4.35,0
2025-12-09,2025-11-15,"4.60%",100,4.6,0
2025-12-09,2025-11-15,"4.85%",125,4.85,0
2025-12-09,2025-11-15,"5.10%",150,5.1,0
2025-12-09,2025-11-15,"5.35%",175,5.35,0
2025-12-09,2025-11-15,"5.60%",200,5.6,0
2025-12-09,2025-11-15,"5.85%",225,5.85,0
2025-12-09,2025-11-15,"6.10%",250,6.1,0
2025-12-09,2025-11-16,"0.10%",-300,0.1,0
2025-12-09,2025-11-16,"0.35%",-300,0.35,0
2025-12-09,2025-11-16,"0.60%",-300,0.6,0
2025-12-09,2025-11-16,"0.85%",-275,0.85,0
2025-12-09,2025-11-16,"1.10%",-250,1.1,0
2025-12-09,2025-11-16,"1.35%",-225,1.35,0
2025-12-09,2025-11-16,"1.60%",-200,1.6,0
2025-12-09,2025-11-16,"1.85%",-175,1.85,0
2025-12-09,2025-11-16,"2.10%",-150,2.1,0
2025-12-09,2025-11-16,"2.35%",-125,2.35,0
2025-12-09,2025-11-16,"2.60%",-100,2.6,0
2025-12-09,2025-11-16,"2.85%",-75,2.85,0
2025-12-09,2025-11-16,"3.10%",-50,3.1,0
2025-12-09,2025-11-16,"3.35%",-25,3.35,0.0591980531144737
2025-12-09,2025-11-16,"3.60%",0,3.6,0.903048579484589
2025-12-09,2025-11-16,"3.85%",25,3.85,0.0377533674009378
2025-12-09,2025-11-16,"4.10%",50,4.1,0
2025-12-09,2025-11-16,"4.35%",75,4.35,0
2025-12-09,2025-11-16,"4.60%",100,4.6,0
2025-12-09,2025-11-16,"4.85%",125,4.85,0
2025-12-09,2025-11-16,"5.10%",150,5.1,0
2025-12-09,2025-11-16,"5.35%",175,5.35,0
2025-12-09,2025-11-16,"5.60%",200,5.6,0
2025-12-09,2025-11-16,"5.85%",225,5.85,0
2025-12-09,2025-11-16,"6.10%",250,6.1,0
2025-12-09,2025-11-17,"0.10%",-300,0.1,0
2025-12-09,2025-11-17,"0.35%",-300,0.35,0
2025-12-09,2025-11-17,"0.60%",-300,0.6,0
2025-12-09,2025-11-17,"0.85%",-275,0.85,0
2025-12-09,2025-11-17,"1.10%",-250,1.1,0
2025-12-09,2025-11-17,"1.35%",-225,1.35,0
2025-12-09,2025-11-17,"1.60%",-200,1.6,0
2025-12-09,2025-11-17,"1.85%",-175,1.85,0
2025-12-09,2025-11-17,"2.10%",-150,2.1,0
2025-12-09,2025-11-17,"2.35%",-125,2.35,0
2025-12-09,2025-11-17,"2.60%",-100,2.6,0
2025-12-09,2025-11-17,"2.85%",-75,2.85,0
2025-12-09,2025-11-17,"3.10%",-50,3.1,0
2025-12-09,2025-11-17,"3.35%",-25,3.35,0.0825564109594639
2025-12-09,2025-11-17,"3.60%",0,3.6,0.880586205156224
2025-12-09,2025-11-17,"3.85%",25,3.85,0.0368573838843118
2025-12-09,2025-11-17,"4.10%",50,4.1,0
2025-12-09,2025-11-17,"4.35%",75,4.35,0
2025-12-09,2025-11-17,"4.60%",100,4.6,0
2025-12-09,2025-11-17,"4.85%",125,4.85,0
2025-12-09,2025-11-17,"5.10%",150,5.1,0
2025-12-09,2025-11-17,"5.35%",175,5.35,0
2025-12-09,2025-11-17,"5.60%",200,5.6,0
2025-12-09,2025-11-17,"5.85%",225,5.85,0
2025-12-09,2025-11-17,"6.10%",250,6.1,0
2025-12-09,2025-11-18,"0.10%",-300,0.1,0
2025-12-09,2025-11-18,"0.35%",-300,0.35,0
2025-12-09,2025-11-18,"0.60%",-300,0.6,0
2025-12-09,2025-11-18,"0.85%",-275,0.85,0
2025-12-09,2025-11-18,"1.10%",-250,1.1,0
2025-12-09,2025-11-18,"1.35%",-225,1.35,0
2025-12-09,2025-11-18,"1.60%",-200,1.6,0
2025-12-09,2025-11-18,"1.85%",-175,1.85,0
2025-12-09,2025-11-18,"2.10%",-150,2.1,0
2025-12-09,2025-11-18,"2.35%",-125,2.35,0
2025-12-09,2025-11-18,"2.60%",-100,2.6,0
2025-12-09,2025-11-18,"2.85%",-75,2.85,0
2025-12-09,2025-11-18,"3.10%",-50,3.1,0
2025-12-09,2025-11-18,"3.35%",-25,3.35,0.0899184251287844
2025-12-09,2025-11-18,"3.60%",0,3.6,0.886344952606437
2025-12-09,2025-11-18,"3.85%",25,3.85,0.0237366222647782
2025-12-09,2025-11-18,"4.10%",50,4.1,0
2025-12-09,2025-11-18,"4.35%",75,4.35,0
2025-12-09,2025-11-18,"4.60%",100,4.6,0
2025-12-09,2025-11-18,"4.85%",125,4.85,0
2025-12-09,2025-11-18,"5.10%",150,5.1,0
2025-12-09,2025-11-18,"5.35%",175,5.35,0
2025-12-09,2025-11-18,"5.60%",200,5.6,0
2025-12-09,2025-11-18,"5.85%",225,5.85,0
2025-12-09,2025-11-18,"6.10%",250,6.1,0
2025-12-09,2025-11-19,"0.10%",-300,0.1,0
2025-12-09,2025-11-19,"0.35%",-300,0.35,0
2025-12-09,2025-11-19,"0.60%",-300,0.6,0
2025-12-09,2025-11-19,"0.85%",-275,0.85,0
2025-12-09,2025-11-19,"1.10%",-250,1.1,0
2025-12-09,2025-11-19,"1.35%",-225,1.35,0
2025-12-09,2025-11-19,"1.60%",-200,1.6,0
2025-12-09,2025-11-19,"1.85%",-175,1.85,0
2025-12-09,2025-11-19,"2.10%",-150,2.1,0
2025-12-09,2025-11-19,"2.35%",-125,2.35,0
2025-12-09,2025-11-19,"2.60%",-100,2.6,0
2025-12-09,2025-11-19,"2.85%",-75,2.85,0
2025-12-09,2025-11-19,"3.10%",-50,3.1,0
2025-12-09,2025-11-19,"3.35%",-25,3.35,0.0532645681155978
2025-12-09,2025-11-19,"3.60%",0,3.6,0.915378206449306
2025-12-09,2025-11-19,"3.85%",25,3.85,0.0313572254350959
2025-12-09,2025-11-19,"4.10%",50,4.1,0
2025-12-09,2025-11-19,"4.35%",75,4.35,0
2025-12-09,2025-11-19,"4.60%",100,4.6,0
2025-12-09,2025-11-19,"4.85%",125,4.85,0
2025-12-09,2025-11-19,"5.10%",150,5.1,0
2025-12-09,2025-11-19,"5.35%",175,5.35,0
2025-12-09,2025-11-19,"5.60%",200,5.6,0
2025-12-09,2025-11-19,"5.85%",225,5.85,0
2025-12-09,2025-11-19,"6.10%",250,6.1,0
2025-12-09,2025-11-20,"0.10%",-300,0.1,0
2025-12-09,2025-11-20,"0.35%",-300,0.35,0
2025-12-09,2025-11-20,"0.60%",-300,0.6,0
2025-12-09,2025-11-20,"0.85%",-275,0.85,0
2025-12-09,2025-11-20,"1.10%",-250,1.1,0
2025-12-09,2025-11-20,"1.35%",-225,1.35,0
2025-12-09,2025-11-20,"1.60%",-200,1.6,0
2025-12-09,2025-11-20,"1.85%",-175,1.85,0
2025-12-09,2025-11-20,"2.10%",-150,2.1,0
2025-12-09,2025-11-20,"2.35%",-125,2.35,0
2025-12-09,2025-11-20,"2.60%",-100,2.6,0
2025-12-09,2025-11-20,"2.85%",-75,2.85,0
2025-12-09,2025-11-20,"3.10%",-50,3.1,0
2025-12-09,2025-11-20,"3.35%",-25,3.35,0.0549817138073213
2025-12-09,2025-11-20,"3.60%",0,3.6,0.912638412081195
2025-12-09,2025-11-20,"3.85%",25,3.85,0.0323798741114832
2025-12-09,2025-11-20,"4.10%",50,4.1,0
2025-12-09,2025-11-20,"4.35%",75,4.35,0
2025-12-09,2025-11-20,"4.60%",100,4.6,0
2025-12-09,2025-11-20,"4.85%",125,4.85,0
2025-12-09,2025-11-20,"5.10%",150,5.1,0
2025-12-09,2025-11-20,"5.35%",175,5.35,0
2025-12-09,2025-11-20,"5.60%",200,5.6,0
2025-12-09,2025-11-20,"5.85%",225,5.85,0
2025-12-09,2025-11-20,"6.10%",250,6.1,0
2025-12-09,2025-11-21,"0.10%",-300,0.1,0
2025-12-09,2025-11-21,"0.35%",-300,0.35,0
2025-12-09,2025-11-21,"0.60%",-300,0.6,0
2025-12-09,2025-11-21,"0.85%",-275,0.85,0
2025-12-09,2025-11-21,"1.10%",-250,1.1,0
2025-12-09,2025-11-21,"1.35%",-225,1.35,0
2025-12-09,2025-11-21,"1.60%",-200,1.6,0
2025-12-09,2025-11-21,"1.85%",-175,1.85,0
2025-12-09,2025-11-21,"2.10%",-150,2.1,0
2025-12-09,2025-11-21,"2.35%",-125,2.35,0
2025-12-09,2025-11-21,"2.60%",-100,2.6,0
2025-12-09,2025-11-21,"2.85%",-75,2.85,0
2025-12-09,2025-11-21,"3.10%",-50,3.1,0
2025-12-09,2025-11-21,"3.35%",-25,3.35,0.0387529543673107
2025-12-09,2025-11-21,"3.60%",0,3.6,0.942797109683301
2025-12-09,2025-11-21,"3.85%",25,3.85,0.0184499359493879
2025-12-09,2025-11-21,"4.10%",50,4.1,0
2025-12-09,2025-11-21,"4.35%",75,4.35,0
2025-12-09,2025-11-21,"4.60%",100,4.6,0
2025-12-09,2025-11-21,"4.85%",125,4.85,0
2025-12-09,2025-11-21,"5.10%",150,5.1,0
2025-12-09,2025-11-21,"5.35%",175,5.35,0
2025-12-09,2025-11-21,"5.60%",200,5.6,0
2025-12-09,2025-11-21,"5.85%",225,5.85,0
2025-12-09,2025-11-21,"6.10%",250,6.1,0
2025-12-09,2025-11-22,"0.10%",-300,0.1,0
2025-12-09,2025-11-22,"0.35%",-300,0.35,0
2025-12-09,2025-11-22,"0.60%",-300,0.6,0
2025-12-09,2025-11-22,"0.85%",-275,0.85,0
2025-12-09,2025-11-22,"1.10%",-250,1.1,0
2025-12-09,2025-11-22,"1.35%",-225,1.35,0
2025-12-09,2025-11-22,"1.60%",-200,1.6,0
2025-12-09,2025-11-22,"1.85%",-175,1.85,0
2025-12-09,2025-11-22,"2.10%",-150,2.1,0
2025-12-09,2025-11-22,"2.35%",-125,2.35,0
2025-12-09,2025-11-22,"2.60%",-100,2.6,0
2025-12-09,2025-11-22,"2.85%",-75,2.85,0
2025-12-09,2025-11-22,"3.10%",-50,3.1,0
2025-12-09,2025-11-22,"3.35%",-25,3.35,0.0429935734760199
2025-12-09,2025-11-22,"3.60%",0,3.6,0.935631182400524
2025-12-09,2025-11-22,"3.85%",25,3.85,0.0213752441234563
2025-12-09,2025-11-22,"4.10%",50,4.1,0
2025-12-09,2025-11-22,"4.35%",75,4.35,0
2025-12-09,2025-11-22,"4.60%",100,4.6,0
2025-12-09,2025-11-22,"4.85%",125,4.85,0
2025-12-09,2025-11-22,"5.10%",150,5.1,0
2025-12-09,2025-11-22,"5.35%",175,5.35,0
2025-12-09,2025-11-22,"5.60%",200,5.6,0
2025-12-09,2025-11-22,"5.85%",225,5.85,0
2025-12-09,2025-11-22,"6.10%",250,6.1,0
2025-12-09,2025-11-23,"0.10%",-300,0.1,0
2025-12-09,2025-11-23,"0.35%",-300,0.35,0
2025-12-09,2025-11-23,"0.60%",-300,0.6,0
2025-12-09,2025-11-23,"0.85%",-275,0.85,0
2025-12-09,2025-11-23,"1.10%",-250,1.1,0
2025-12-09,2025-11-23,"1.35%",-225,1.35,0
2025-12-09,2025-11-23,"1.60%",-200,1.6,0
2025-12-09,2025-11-23,"1.85%",-175,1.85,0
2025-12-09,2025-11-23,"2.10%",-150,2.1,0
2025-12-09,2025-11-23,"2.35%",-125,2.35,0
2025-12-09,2025-11-23,"2.60%",-100,2.6,0
2025-12-09,2025-11-23,"2.85%",-75,2.85,0
2025-12-09,2025-11-23,"3.10%",-50,3.1,0
2025-12-09,2025-11-23,"3.35%",-25,3.35,0.0600924734888917
2025-12-09,2025-11-23,"3.60%",0,3.6,0.918822783465598
2025-12-09,2025-11-23,"3.85%",25,3.85,0.0210847430455098
2025-12-09,2025-11-23,"4.10%",50,4.1,0
2025-12-09,2025-11-23,"4.35%",75,4.35,0
2025-12-09,2025-11-23,"4.60%",100,4.6,0
2025-12-09,2025-11-23,"4.85%",125,4.85,0
2025-12-09,2025-11-23,"5.10%",150,5.1,0
2025-12-09,2025-11-23,"5.35%",175,5.35,0
2025-12-09,2025-11-23,"5.60%",200,5.6,0
2025-12-09,2025-11-23,"5.85%",225,5.85,0
2025-12-09,2025-11-23,"6.10%",250,6.1,0
2025-12-09,2025-11-24,"0.10%",-300,0.1,0
2025-12-09,2025-11-24,"0.35%",-300,0.35,0
2025-12-09,2025-11-24,"0.60%",-300,0.6,0
2025-12-09,2025-11-24,"0.85%",-275,0.85,0
2025-12-09,2025-11-24,"1.10%",-250,1.1,0
2025-12-09,2025-11-24,"1.35%",-225,1.35,0
2025-12-09,2025-11-24,"1.60%",-200,1.6,0
2025-12-09,2025-11-24,"1.85%",-175,1.85,0
2025-12-09,2025-11-24,"2.10%",-150,2.1,0
2025-12-09,2025-11-24,"2.35%",-125,2.35,0
2025-12-09,2025-11-24,"2.60%",-100,2.6,0
2025-12-09,2025-11-24,"2.85%",-75,2.85,0
2025-12-09,2025-11-24,"3.10%",-50,3.1,0
2025-12-09,2025-11-24,"3.35%",-25,3.35,0.063942175141478
2025-12-09,2025-11-24,"3.60%",0,3.6,0.912690362743463
2025-12-09,2025-11-24,"3.85%",25,3.85,0.0233674621150587
2025-12-09,2025-11-24,"4.10%",50,4.1,0
2025-12-09,2025-11-24,"4.35%",75,4.35,0
2025-12-09,2025-11-24,"4.60%",100,4.6,0
2025-12-09,2025-11-24,"4.85%",125,4.85,0
2025-12-09,2025-11-24,"5.10%",150,5.1,0
2025-12-09,2025-11-24,"5.35%",175,5.35,0
2025-12-09,2025-11-24,"5.60%",200,5.6,0
2025-12-09,2025-11-24,"5.85%",225,5.85,0
2025-12-09,2025-11-24,"6.10%",250,6.1,0
2025-12-09,2025-11-25,"0.10%",-300,0.1,0
2025-12-09,2025-11-25,"0.35%",-300,0.35,0
2025-12-09,2025-11-25,"0.60%",-300,0.6,0
2025-12-09,2025-11-25,"0.85%",-275,0.85,0
2025-12-09,2025-11-25,"1.10%",-250,1.1,0
2025-12-09,2025-11-25,"1.35%",-225,1.35,0
2025-12-09,2025-11-25,"1.60%",-200,1.6,0
2025-12-09,2025-11-25,"1.85%",-175,1.85,0
2025-12-09,2025-11-25,"2.10%",-150,2.1,0
2025-12-09,2025-11-25,"2.35%",-125,2.35,0
2025-12-09,2025-11-25,"2.60%",-100,2.6,0
2025-12-09,2025-11-25,"2.85%",-75,2.85,0
2025-12-09,2025-11-25,"3.10%",-50,3.1,0
2025-12-09,2025-11-25,"3.35%",-25,3.35,0.0526191588588438
2025-12-09,2025-11-25,"3.60%",0,3.6,0.919154878692626
2025-12-09,2025-11-25,"3.85%",25,3.85,0.0282259624485306
2025-12-09,2025-11-25,"4.10%",50,4.1,0
2025-12-09,2025-11-25,"4.35%",75,4.35,0
2025-12-09,2025-11-25,"4.60%",100,4.6,0
2025-12-09,2025-11-25,"4.85%",125,4.85,0
2025-12-09,2025-11-25,"5.10%",150,5.1,0
2025-12-09,2025-11-25,"5.35%",175,5.35,0
2025-12-09,2025-11-25,"5.60%",200,5.6,0
2025-12-09,2025-11-25,"5.85%",225,5.85,0
2025-12-09,2025-11-25,"6.10%",250,6.1,0
2025-12-09,2025-11-26,"0.10%",-300,0.1,0
2025-12-09,2025-11-26,"0.35%",-300,0.35,0
2025-12-09,2025-11-26,"0.60%",-300,0.6,0
2025-12-09,2025-11-26,"0.85%",-275,0.85,0
2025-12-09,2025-11-26,"1.10%",-250,1.1,0
2025-12-09,2025-11-26,"1.35%",-225,1.35,0
2025-12-09,2025-11-26,"1.60%",-200,1.6,0
2025-12-09,2025-11-26,"1.85%",-175,1.85,0
2025-12-09,2025-11-26,"2.10%",-150,2.1,0
2025-12-09,2025-11-26,"2.35%",-125,2.35,0
2025-12-09,2025-11-26,"2.60%",-100,2.6,0
2025-12-09,2025-11-26,"2.85%",-75,2.85,0
2025-12-09,2025-11-26,"3.10%",-50,3.1,0
2025-12-09,2025-11-26,"3.35%",-25,3.35,0.0708386697171422
2025-12-09,2025-11-26,"3.60%",0,3.6,0.907381967078492
2025-12-09,2025-11-26,"3.85%",25,3.85,0.0217793632043658
2025-12-09,2025-11-26,"4.10%",50,4.1,0
2025-12-09,2025-11-26,"4.35%",75,4.35,0
2025-12-09,2025-11-26,"4.60%",100,4.6,0
2025-12-09,2025-11-26,"4.85%",125,4.85,0
2025-12-09,2025-11-26,"5.10%",150,5.1,0
2025-12-09,2025-11-26,"5.35%",175,5.35,0
2025-12-09,2025-11-26,"5.60%",200,5.6,0
2025-12-09,2025-11-26,"5.85%",225,5.85,0
2025-12-09,2025-11-26,"6.10%",250,6.1,0
2025-12-09,2025-11-27,"0.10%",-300,0.1,0
2025-12-09,2025-11-27,"0.35%",-300,0.35,0
2025-12-09,2025-11-27,"0.60%",-300,0.6,0
2025-12-09,2025-11-27,"0.85%",-275,0.85,0
2025-12-09,2025-11-27,"1.10%",-250,1.1,0
2025-12-09,2025-11-27,"1.35%",-225,1.35,0
2025-12-09,2025-11-27,"1.60%",-200,1.6,0
2025-12-09,2025-11-27,"1.85%",-175,1.85,0
2025-12-09,2025-11-27,"2.10%",-150,2.1,0
2025-12-09,2025-11-27,"2.35%",-125,2.35,0
2025-12-09,2025-11-27,"2.60%",-100,2.6,0
2025-12-09,2025-11-27,"2.85%",-75,2.85,0
2025-12-09,2025-11-27,"3.10%",-50,3.1,0
2025-12-09,2025-11-27,"3.35%",-25,3.35,0.0484463364612739
2025-12-09,2025-11-27,"3.60%",0,3.6,0.927806428867988
2025-12-09,2025-11-27,"3.85%",25,3.85,0.0237472346707376
2025-12-09,2025-11-27,"4.10%",50,4.1,0
2025-12-09,2025-11-27,"4.35%",75,4.35,0
2025-12-09,2025-11-27,"4.60%",100,4.6,0
2025-12-09,2025-11-27,"4.85%",125,4.85,0
2025-12-09,2025-11-27,"5.10%",150,5.1,0
2025-12-09,2025-11-27,"5.35%",175,5.35,0
2025-12-09,2025-11-27,"5.60%",200,5.6,0
2025-12-09,2025-11-27,"5.85%",225,5.85,0
2025-12-09,2025-11-27,"6.10%",250,6.1,0
2025-12-09,2025-11-28,"0.10%",-300,0.1,0
2025-12-09,2025-11-28,"0.35%",-300,0.35,0
2025-12-09,2025-11-28,"0.60%",-300,0.6,0
2025-12-09,2025-11-28,"0.85%",-275,0.85,0
2025-12-09,2025-11-28,"1.10%",-250,1.1,0
2025-12-09,2025-11-28,"1.35%",-225,1.35,0
2025-12-09,2025-11-28,"1.60%",-200,1.6,0
2025-12-09,2025-11-28,"1.85%",-175,1.85,0
2025-12-09,2025-11-28,"2.10%",-150,2.1,0
2025-12-09,2025-11-28,"2.35%",-125,2.35,0
2025-12-09,2025-11-28,"2.60%",-100,2.6,0
2025-12-09,2025-11-28,"2.85%",-75,2.85,0
2025-12-09,2025-11-28,"3.10%",-50,3.1,0
2025-12-09,2025-11-28,"3.35%",-25,3.35,0.055267273142376
2025-12-09,2025-11-28,"3.60%",0,3.6,0.935479382837239
2025-12-09,2025-11-28,"3.85%",25,3.85,0.00925334402038531
2025-12-09,2025-11-28,"4.10%",50,4.1,0
2025-12-09,2025-11-28,"4.35%",75,4.35,0
2025-12-09,2025-11-28,"4.60%",100,4.6,0
2025-12-09,2025-11-28,"4.85%",125,4.85,0
2025-12-09,2025-11-28,"5.10%",150,5.1,0
2025-12-09,2025-11-28,"5.35%",175,5.35,0
2025-12-09,2025-11-28,"5.60%",200,5.6,0
2025-12-09,2025-11-28,"5.85%",225,5.85,0
2025-12-09,2025-11-28,"6.10%",250,6.1,0
2025-12-09,2025-11-29,"0.10%",-300,0.1,0
2025-12-09,2025-11-29,"0.35%",-300,0.35,0
2025-12-09,2025-11-29,"0.60%",-300,0.6,0
2025-12-09,2025-11-29,"0.85%",-275,0.85,0
2025-12-09,2025-11-29,"1.10%",-250,1.1,0
2025-12-09,2025-11-29,"1.35%",-225,1.35,0
2025-12-09,2025-11-29,"1.60%",-200,1.6,0
2025-12-09,2025-11-29,"1.85%",-175,1.85,0
2025-12-09,2025-11-29,"2.10%",-150,2.1,0
2025-12-09,2025-11-29,"2.35%",-125,2.35,0
2025-12-09,2025-11-29,"2.60%",-100,2.6,0
2025-12-09,2025-11-29,"2.85%",-75,2.85,0
2025-12-09,2025-11-29,"3.10%",-50,3.1,0
2025-12-09,2025-11-29,"3.35%",-25,3.35,0.0593466798767808
2025-12-09,2025-11-29,"3.60%",0,3.6,0.929458201357705
2025-12-09,2025-11-29,"3.85%",25,3.85,0.0111951187655138
2025-12-09,2025-11-29,"4.10%",50,4.1,0
2025-12-09,2025-11-29,"4.35%",75,4.35,0
2025-12-09,2025-11-29,"4.60%",100,4.6,0
2025-12-09,2025-11-29,"4.85%",125,4.85,0
2025-12-09,2025-11-29,"5.10%",150,5.1,0
2025-12-09,2025-11-29,"5.35%",175,5.35,0
2025-12-09,2025-11-29,"5.60%",200,5.6,0
2025-12-09,2025-11-29,"5.85%",225,5.85,0
2025-12-09,2025-11-29,"6.10%",250,6.1,0
2025-12-09,2025-11-30,"0.10%",-300,0.1,0
2025-12-09,2025-11-30,"0.35%",-300,0.35,0
2025-12-09,2025-11-30,"0.60%",-300,0.6,0
2025-12-09,2025-11-30,"0.85%",-275,0.85,0
2025-12-09,2025-11-30,"1.10%",-250,1.1,0
2025-12-09,2025-11-30,"1.35%",-225,1.35,0
2025-12-09,2025-11-30,"1.60%",-200,1.6,0
2025-12-09,2025-11-30,"1.85%",-175,1.85,0
2025-12-09,2025-11-30,"2.10%",-150,2.1,0
2025-12-09,2025-11-30,"2.35%",-125,2.35,0
2025-12-09,2025-11-30,"2.60%",-100,2.6,0
2025-12-09,2025-11-30,"2.85%",-75,2.85,0
2025-12-09,2025-11-30,"3.10%",-50,3.1,0
2025-12-09,2025-11-30,"3.35%",-25,3.35,0.0401403570982937
2025-12-09,2025-11-30,"3.60%",0,3.6,0.944600230703304
2025-12-09,2025-11-30,"3.85%",25,3.85,0.015259412198402
2025-12-09,2025-11-30,"4.10%",50,4.1,0
2025-12-09,2025-11-30,"4.35%",75,4.35,0
2025-12-09,2025-11-30,"4.60%",100,4.6,0
2025-12-09,2025-11-30,"4.85%",125,4.85,0
2025-12-09,2025-11-30,"5.10%",150,5.1,0
2025-12-09,2025-11-30,"5.35%",175,5.35,0
2025-12-09,2025-11-30,"5.60%",200,5.6,0
2025-12-09,2025-11-30,"5.85%",225,5.85,0
2025-12-09,2025-11-30,"6.10%",250,6.1,0
2025-12-09,2025-12-01,"0.10%",-300,0.1,0
2025-12-09,2025-12-01,"0.35%",-300,0.35,0
2025-12-09,2025-12-01,"0.60%",-300,0.6,0
2025-12-09,2025-12-01,"0.85%",-275,0.85,0
2025-12-09,2025-12-01,"1.10%",-250,1.1,0
2025-12-09,2025-12-01,"1.35%",-225,1.35,0
2025-12-09,2025-12-01,"1.60%",-200,1.6,0
2025-12-09,2025-12-01,"1.85%",-175,1.85,0
2025-12-09,2025-12-01,"2.10%",-150,2.1,0
2025-12-09,2025-12-01,"2.35%",-125,2.35,0
2025-12-09,2025-12-01,"2.60%",-100,2.6,0
2025-12-09,2025-12-01,"2.85%",-75,2.85,0
2025-12-09,2025-12-01,"3.10%",-50,3.1,0
2025-12-09,2025-12-01,"3.35%",-25,3.35,0.0650448502605462
2025-12-09,2025-12-01,"3.60%",0,3.6,0.920995468395252
2025-12-09,2025-12-01,"3.85%",25,3.85,0.0139596813442015
2025-12-09,2025-12-01,"4.10%",50,4.1,0
2025-12-09,2025-12-01,"4.35%",75,4.35,0
2025-12-09,2025-12-01,"4.60%",100,4.6,0
2025-12-09,2025-12-01,"4.85%",125,4.85,0
2025-12-09,2025-12-01,"5.10%",150,5.1,0
2025-12-09,2025-12-01,"5.35%",175,5.35,0
2025-12-09,2025-12-01,"5.60%",200,5.6,0
2025-12-09,2025-12-01,"5.85%",225,5.85,0
2025-12-09,2025-12-01,"6.10%",250,6.1,0
2025-12-09,2025-12-02,"0.10%",-300,0.1,0
2025-12-09,2025-12-02,"0.35%",-300,0.35,0
2025-12-09,2025-12-02,"0.60%",-300,0.6,0
2025-12-09,2025-12-02,"0.85%",-275,0.85,0
2025-12-09,2025-12-02,"1.10%",-250,1.1,0
2025-12-09,2025-12-02,"1.35%",-225,1.35,0
2025-12-09,2025-12-02,"1.60%",-200,1.6,0
2025-12-09,2025-12-02,"1.85%",-175,1.85,0
2025-12-09,2025-12-02,"2.10%",-150,2.1,0
2025-12-09,2025-12-02,"2.35%",-125,2.35,0
2025-12-09,2025-12-02,"2.60%",-100,2.6,0
2025-12-09,2025-12-02,"2.85%",-75,2.85,0
2025-12-09,2025-12-02,"3.10%",-50,3.1,0
2025-12-09,2025-12-02,"3.35%",-25,3.35,0.0423079665624222
2025-12-09,2025-12-02,"3.60%",0,3.6,0.941329718535784
2025-12-09,2025-12-02,"3.85%",25,3.85,0.0163623149017934
2025-12-09,2025-12-02,"4.10%",50,4.1,0
2025-12-09,2025-12-02,"4.35%",75,4.35,0
2025-12-09,2025-12-02,"4.60%",100,4.6,0
2025-12-09,2025-12-02,"4.85%",125,4.85,0
2025-12-09,2025-12-02,"5.10%",150,5.1,0
2025-12-09,2025-12-02,"5.35%",175,5.35,0
2025-12-09,2025-12-02,"5.60%",200,5.6,0
2025-12-09,2025-12-02,"5.85%",225,5.85,0
2025-12-09,2025-12-02,"6.10%",250,6.1,0
2025-12-09,2025-12-03,"0.10%",-300,0.1,0
2025-12-09,2025-12-03,"0.35%",-300,0.35,0
2025-12-09,2025-12-03,"0.60%",-300,0.6,0
2025-12-09,2025-12-03,"0.85%",-275,0.85,0
2025-12-09,2025-12-03,"1.10%",-250,1.1,0
2025-12-09,2025-12-03,"1.35%",-225,1.35,0
2025-12-09,2025-12-03,"1.60%",-200,1.6,0
2025-12-09,2025-12-03,"1.85%",-175,1.85,0
2025-12-09,2025-12-03,"2.10%",-150,2.1,0
2025-12-09,2025-12-03,"2.35%",-125,2.35,0
2025-12-09,2025-12-03,"2.60%",-100,2.6,0
2025-12-09,2025-12-03,"2.85%",-75,2.85,0
2025-12-09,2025-12-03,"3.10%",-50,3.1,0
2025-12-09,2025-12-03,"3.35%",-25,3.35,0.0147337160133893
2025-12-09,2025-12-03,"3.60%",0,3.6,0.970532567973252
2025-12-09,2025-12-03,"3.85%",25,3.85,0.0147337160133586
2025-12-09,2025-12-03,"4.10%",50,4.1,0
2025-12-09,2025-12-03,"4.35%",75,4.35,0
2025-12-09,2025-12-03,"4.60%",100,4.6,0
2025-12-09,2025-12-03,"4.85%",125,4.85,0
2025-12-09,2025-12-03,"5.10%",150,5.1,0
2025-12-09,2025-12-03,"5.35%",175,5.35,0
2025-12-09,2025-12-03,"5.60%",200,5.6,0
2025-12-09,2025-12-03,"5.85%",225,5.85,0
2025-12-09,2025-12-03,"6.10%",250,6.1,0
2025-12-09,2025-12-04,"0.10%",-300,0.1,0
2025-12-09,2025-12-04,"0.35%",-300,0.35,0
2025-12-09,2025-12-04,"0.60%",-300,0.6,0
2025-12-09,2025-12-04,"0.85%",-275,0.85,0
2025-12-09,2025-12-04,"1.10%",-250,1.1,0
2025-12-09,2025-12-04,"1.35%",-225,1.35,0
2025-12-09,2025-12-04,"1.60%",-200,1.6,0
2025-12-09,2025-12-04,"1.85%",-175,1.85,0
2025-12-09,2025-12-04,"2.10%",-150,2.1,0
2025-12-09,2025-12-04,"2.35%",-125,2.35,0
2025-12-09,2025-12-04,"2.60%",-100,2.6,0
2025-12-09,2025-12-04,"2.85%",-75,2.85,0
2025-12-09,2025-12-04,"3.10%",-50,3.1,0
2025-12-09,2025-12-04,"3.35%",-25,3.35,0.0365722637543574
2025-12-09,2025-12-04,"3.60%",0,3.6,0.952948361667063
2025-12-09,2025-12-04,"3.85%",25,3.85,0.0104793745785798
2025-12-09,2025-12-04,"4.10%",50,4.1,0
2025-12-09,2025-12-04,"4.35%",75,4.35,0
2025-12-09,2025-12-04,"4.60%",100,4.6,0
2025-12-09,2025-12-04,"4.85%",125,4.85,0
2025-12-09,2025-12-04,"5.10%",150,5.1,0
2025-12-09,2025-12-04,"5.35%",175,5.35,0
2025-12-09,2025-12-04,"5.60%",200,5.6,0
2025-12-09,2025-12-04,"5.85%",225,5.85,0
2025-12-09,2025-12-04,"6.10%",250,6.1,0
2025-12-09,2025-12-05,"0.10%",-300,0.1,0
2025-12-09,2025-12-05,"0.35%",-300,0.35,0
2025-12-09,2025-12-05,"0.60%",-300,0.6,0
2025-12-09,2025-12-05,"0.85%",-275,0.85,0
2025-12-09,2025-12-05,"1.10%",-250,1.1,0
2025-12-09,2025-12-05,"1.35%",-225,1.35,0
2025-12-09,2025-12-05,"1.60%",-200,1.6,0
2025-12-09,2025-12-05,"1.85%",-175,1.85,0
2025-12-09,2025-12-05,"2.10%",-150,2.1,0
2025-12-09,2025-12-05,"2.35%",-125,2.35,0
2025-12-09,2025-12-05,"2.60%",-100,2.6,0
2025-12-09,2025-12-05,"2.85%",-75,2.85,0
2025-12-09,2025-12-05,"3.10%",-50,3.1,0
2025-12-09,2025-12-05,"3.35%",-25,3.35,0.0310128118654674
2025-12-09,2025-12-05,"3.60%",0,3.6,0.963725023592734
2025-12-09,2025-12-05,"3.85%",25,3.85,0.00526216454179896
2025-12-09,2025-12-05,"4.10%",50,4.1,0
2025-12-09,2025-12-05,"4.35%",75,4.35,0
2025-12-09,2025-12-05,"4.60%",100,4.6,0
2025-12-09,2025-12-05,"4.85%",125,4.85,0
2025-12-09,2025-12-05,"5.10%",150,5.1,0
2025-12-09,2025-12-05,"5.35%",175,5.35,0
2025-12-09,2025-12-05,"5.60%",200,5.6,0
2025-12-09,2025-12-05,"5.85%",225,5.85,0
2025-12-09,2025-12-05,"6.10%",250,6.1,0
2025-12-09,2025-12-06,"0.10%",-300,0.1,0
2025-12-09,2025-12-06,"0.35%",-300,0.35,0
2025-12-09,2025-12-06,"0.60%",-300,0.6,0
2025-12-09,2025-12-06,"0.85%",-275,0.85,0
2025-12-09,2025-12-06,"1.10%",-250,1.1,0
2025-12-09,2025-12-06,"1.35%",-225,1.35,0
2025-12-09,2025-12-06,"1.60%",-200,1.6,0
2025-12-09,2025-12-06,"1.85%",-175,1.85,0
2025-12-09,2025-12-06,"2.10%",-150,2.1,0
2025-12-09,2025-12-06,"2.35%",-125,2.35,0
2025-12-09,2025-12-06,"2.60%",-100,2.6,0
2025-12-09,2025-12-06,"2.85%",-75,2.85,0
2025-12-09,2025-12-06,"3.10%",-50,3.1,0
2025-12-09,2025-12-06,"3.35%",-25,3.35,0.0297794386695824
2025-12-09,2025-12-06,"3.60%",0,3.6,0.966454320192826
2025-12-09,2025-12-06,"3.85%",25,3.85,0.00376624113759175
2025-12-09,2025-12-06,"4.10%",50,4.1,0
2025-12-09,2025-12-06,"4.35%",75,4.35,0
2025-12-09,2025-12-06,"4.60%",100,4.6,0
2025-12-09,2025-12-06,"4.85%",125,4.85,0
2025-12-09,2025-12-06,"5.10%",150,5.1,0
2025-12-09,2025-12-06,"5.35%",175,5.35,0
2025-12-09,2025-12-06,"5.60%",200,5.6,0
2025-12-09,2025-12-06,"5.85%",225,5.85,0
2025-12-09,2025-12-06,"6.10%",250,6.1,0
2025-12-09,2025-12-07,"0.10%",-300,0.1,0
2025-12-09,2025-12-07,"0.35%",-300,0.35,0
2025-12-09,2025-12-07,"0.60%",-300,0.6,0
2025-12-09,2025-12-07,"0.85%",-275,0.85,0
2025-12-09,2025-12-07,"1.10%",-250,1.1,0
2025-12-09,2025-12-07,"1.35%",-225,1.35,0
2025-12-09,2025-12-07,"1.60%",-200,1.6,0
2025-12-09,2025-12-07,"1.85%",-175,1.85,0
2025-12-09,2025-12-07,"2.10%",-150,2.1,0
2025-12-09,2025-12-07,"2.35%",-125,2.35,0
2025-12-09,2025-12-07,"2.60%",-100,2.6,0
2025-12-09,2025-12-07,"2.85%",-75,2.85,0
2025-12-09,2025-12-07,"3.10%",-50,3.1,0
2025-12-09,2025-12-07,"3.35%",-25,3.35,0.00291826601199977
2025-12-09,2025-12-07,"3.60%",0,3.6,0.994163467976032
2025-12-09,2025-12-07,"3.85%",25,3.85,0.00291826601196857
2025-12-09,2025-12-07,"4.10%",50,4.1,0
2025-12-09,2025-12-07,"4.35%",75,4.35,0
2025-12-09,2025-12-07,"4.60%",100,4.6,0
2025-12-09,2025-12-07,"4.85%",125,4.85,0
2025-12-09,2025-12-07,"5.10%",150,5.1,0
2025-12-09,2025-12-07,"5.35%",175,5.35,0
2025-12-09,2025-12-07,"5.60%",200,5.6,0
2025-12-09,2025-12-07,"5.85%",225,5.85,0
2025-12-09,2025-12-07,"6.10%",250,6.1,0
2025-12-09,2025-12-08,"0.10%",-300,0.1,0
2025-12-09,2025-12-08,"0.35%",-300,0.35,0
2025-12-09,2025-12-08,"0.60%",-300,0.6,0
2025-12-09,2025-12-08,"0.85%",-275,0.85,0
2025-12-09,2025-12-08,"1.10%",-250,1.1,0
2025-12-09,2025-12-08,"1.35%",-225,1.35,0
2025-12-09,2025-12-08,"1.60%",-200,1.6,0
2025-12-09,2025-12-08,"1.85%",-175,1.85,0
2025-12-09,2025-12-08,"2.10%",-150,2.1,0
2025-12-09,2025-12-08,"2.35%",-125,2.35,0
2025-12-09,2025-12-08,"2.60%",-100,2.6,0
2025-12-09,2025-12-08,"2.85%",-75,2.85,0
2025-12-09,2025-12-08,"3.10%",-50,3.1,0
2025-12-09,2025-12-08,"3.35%",-25,3.35,0.00139390593574716
2025-12-09,2025-12-08,"3.60%",0,3.6,0.997212188128537
2025-12-09,2025-12-08,"3.85%",25,3.85,0.0013939059357156
2025-12-09,2025-12-08,"4.10%",50,4.1,0
2025-12-09,2025-12-08,"4.35%",75,4.35,0
2025-12-09,2025-12-08,"4.60%",100,4.6,0
2025-12-09,2025-12-08,"4.85%",125,4.85,0
2025-12-09,2025-12-08,"5.10%",150,5.1,0
2025-12-09,2025-12-08,"5.35%",175,5.35,0
2025-12-09,2025-12-08,"5.60%",200,5.6,0
2025-12-09,2025-12-08,"5.85%",225,5.85,0
2025-12-09,2025-12-08,"6.10%",250,6.1,0
2025-12-09,2025-12-09,"0.10%",-300,0.1,0
2025-12-09,2025-12-09,"0.35%",-300,0.35,0
2025-12-09,2025-12-09,"0.60%",-300,0.6,0
2025-12-09,2025-12-09,"0.85%",-275,0.85,0
2025-12-09,2025-12-09,"1.10%",-250,1.1,0
2025-12-09,2025-12-09,"1.35%",-225,1.35,0
2025-12-09,2025-12-09,"1.60%",-200,1.6,0
2025-12-09,2025-12-09,"1.85%",-175,1.85,0
2025-12-09,2025-12-09,"2.10%",-150,2.1,0
2025-12-09,2025-12-09,"2.35%",-125,2.35,0
2025-12-09,2025-12-09,"2.60%",-100,2.6,0
2025-12-09,2025-12-09,"2.85%",-75,2.85,0
2025-12-09,2025-12-09,"3.10%",-50,3.1,0
2025-12-09,2025-12-09,"3.35%",-25,3.35,3.19744231092045e-14
2025-12-09,2025-12-09,"3.60%",0,3.6,0.999999999999968
2025-12-09,2025-12-09,"3.85%",25,3.85,0
2025-12-09,2025-12-09,"4.10%",50,4.1,0
2025-12-09,2025-12-09,"4.35%",75,4.35,0
2025-12-09,2025-12-09,"4.60%",100,4.6,0
2025-12-09,2025-12-09,"4.85%",125,4.85,0
2025-12-09,2025-12-09,"5.10%",150,5.1,0
2025-12-09,2025-12-09,"5.35%",175,5.35,0
2025-12-09,2025-12-09,"5.60%",200,5.6,0
2025-12-09,2025-12-09,"5.85%",225,5.85,0
2025-12-09,2025-12-09,"6.10%",250,6.1,0
